county_index,ethn,mean,median,q025,q975
1,1,0.0049808508509279195,0.004095455826457692,0.001173345587624485,0.014036162443656798
1,2,0.017336663785302322,0.016553435641690886,0.00956769699776859,0.02963438631114872
2,1,0.00514402693383464,0.004261995034552773,0.0012396611891667567,0.014155001858497869
2,2,0.017944021277342417,0.0172660237381307,0.01015618143400748,0.02959745501228324
3,1,0.0020508005613805794,0.0019002456384091368,0.00098508018985493,0.003976103572652989
3,2,0.02950700232648433,0.027972746852449805,0.018097117372535877,0.04994432684253863
4,1,0.022340474204061496,0.019155412284797266,0.00721643035879875,0.056511535245146
4,2,0.02321862547119375,0.021008260023909306,0.013205672359682997,0.04657461261585643
5,1,0.014287894813057965,0.013250653805687507,0.005739036023719086,0.02869333451240718
5,2,0.015091216992116362,0.014841174971450134,0.010636158233289105,0.020992027243660553
6,1,0.0019893101861073997,0.0017079121895753955,0.0008287339272886901,0.0048621194919884324
6,2,0.028631105831439154,0.024821547273948565,0.015049052732940176,0.06525371269849943
7,1,0.0024772784040210027,0.0021907692423615384,0.0010205706882949791,0.005627350618752688
7,2,0.03564281081253817,0.03209944137766238,0.018236146232101916,0.07382037072942982
8,1,0.00465457665756034,0.003834683872062908,0.001104921313712701,0.01302308950511887
8,2,0.016211786039242244,0.015502682926694222,0.009054237597402927,0.02752600546578971
9,1,0.0013448668629911767,0.0012464288045831926,0.0006810172526100163,0.002589971940620137
9,2,0.019351460289681804,0.018256660489704354,0.012975271994170956,0.03277639383045615
10,1,0.0019551684292507684,0.0018130982728462772,0.0009332352971541721,0.0037955013655030347
10,2,0.028128287966893168,0.02666427126103375,0.01726453422702387,0.04747305559735661
11,1,0.01544513479759885,0.013991573810459337,0.005885594622854875,0.033474111196571926
11,2,0.016301225629145412,0.015475654653124882,0.010670220989595308,0.027233877102423292
12,1,0.0010728487977391798,0.0010270208293605225,0.0005845936775856,0.0018240728542643287
12,2,0.015437054346966309,0.015266908601784453,0.01124794584819465,0.02057102624250718
13,1,0.0024014889973028313,0.002151488228883147,0.0010186077381679828,0.005244415223825422
13,2,0.03454630023356818,0.0315074970213,0.018267331041346997,0.06849839981902449
14,1,0.0027906423496827245,0.002500049654462584,0.0011636167260440687,0.00611296585606032
14,2,0.04015524879372055,0.03674139860569702,0.020862740405472143,0.07940418386040617
15,1,0.0020219509524610616,0.0017149223769122625,0.000816353625431494,0.005110848302575334
15,2,0.029080591324054175,0.024925130798064,0.014777396588458704,0.06859071492651478
16,1,0.001970886676363413,0.0018098291176188875,0.0009283251783246727,0.003939189040757514
16,2,0.02837284861214889,0.026551653027919356,0.017014237833178857,0.0504565118282937
17,1,0.004224164524919834,0.003482255736314096,0.0010063869227148004,0.011797280215169058
17,2,0.014689201012285168,0.014086446556290686,0.008296244653849207,0.024709307349853073
18,1,0.00257380032861774,0.002285924101023672,0.0010657951323249728,0.005806955498074148
18,2,0.03704027833196205,0.033540771094164326,0.018994819684492088,0.07567364031795622
19,1,0.005272225295902814,0.004449826043944309,0.0017253210589875207,0.013586951743822745
19,2,0.07583648741623615,0.06571638725873793,0.02948944596904206,0.18070758904461795
20,1,0.0024507975926322386,0.0022938395808778673,0.0011823196668236538,0.004609537160468067
20,2,0.035261802744532535,0.03391101871490301,0.02165430261515205,0.05657204339784397
21,1,0.0010856247645969332,0.0010239252682242264,0.0005797866394935875,0.0018941055368254423
21,2,0.015620175603256728,0.015153306333625424,0.011230483991262738,0.021583904244229745
22,1,0.0016934753317065013,0.0016032055367097028,0.0008731850256591845,0.003034469270812931
22,2,0.02437151133045264,0.023674045433339015,0.01638335023409122,0.03630142995437285
23,1,0.002219882748053982,0.0020944853303763358,0.0011087875784576845,0.004063222419052887
23,2,0.03195327045772345,0.03096458095459411,0.020532032081454783,0.049118130126967696
24,1,0.0012773052357740245,0.0012090063854160108,0.0006674758313950236,0.002281854636429217
24,2,0.018376771355577585,0.01784203398595013,0.012714689170780995,0.027261358766896365
25,1,0.0021638051992697947,0.0020320183153529903,0.0010771473061264819,0.004015778336889875
25,2,0.031162300613661324,0.029968280355397378,0.019876806473086865,0.04938002070288656
26,1,0.005584884154617745,0.0045940503863957025,0.0013056479883521786,0.015679401710076733
26,2,0.01942931841912701,0.018561378204412532,0.010668436746294948,0.03317337984618573
27,1,0.0017275742262863284,0.0015859887018507086,0.0008197371034841198,0.0034886842280906377
27,2,0.024866549132466404,0.023190354169906287,0.015188665006067052,0.044558593329052036
28,1,0.004659582649410164,0.003861383059205801,0.0011231933536162348,0.012831209275453791
28,2,0.01623143559213643,0.01566136507161682,0.00930940777104309,0.026509348737840166
29,1,0.0010688973337961004,0.00102346788849886,0.0005834407837243569,0.0018143613841502537
29,2,0.015380254333315545,0.015207475042060686,0.011293073839679476,0.020397372040566842
30,1,0.0017423657440527563,0.0016037094310258025,0.0008548743474870042,0.0034788752158065235
30,2,0.025094219116711638,0.02345035673378959,0.0158884615615865,0.044339331521432525
31,1,0.004020382370423189,0.0033040231565872316,0.0009470806142600371,0.011287168599179258
31,2,0.014001133233907384,0.013283766919180658,0.007756913342788647,0.02450791809102913
32,1,0.0031341906496758125,0.0025911349446423914,0.0007514004814827458,0.008699742236175523
32,2,0.010880893854747225,0.01052888685509961,0.006299979313133288,0.017469806112707993
33,1,0.006228832157779682,0.004872127161313907,0.0012908867799101163,0.019161547933434463
33,2,0.021525127272871713,0.01952362846168608,0.00996202732518248,0.04486431474089851
34,1,0.004632967923378842,0.0037923304916260845,0.001082977894890413,0.013128663761257481
34,2,0.016099322394788146,0.015268597445501696,0.008797312942035859,0.02808540200293343
35,1,0.0047842863689236915,0.0039791360024016365,0.001162375432503318,0.013100869599280215
35,2,0.01666049278951057,0.016137352748462803,0.009749556342858748,0.026656472641791315
36,1,0.0014940921751217836,0.001414196387900275,0.0007766056791744717,0.002679502944391956
36,2,0.021494376650768445,0.020877632458769578,0.014708567005205708,0.03189764927178843
37,1,0.02507995414779694,0.022978874285987005,0.00967392879378224,0.05274937458742877
37,2,0.026227284730580287,0.025814261292432868,0.018442188541463046,0.03633545371470631
38,1,0.0012796016822619696,0.0011522865525088089,0.0006295136170584943,0.0026506510477666686
38,2,0.018398501336379852,0.016848647613663725,0.011958411403433313,0.03491800051534348
39,1,0.0049242440502515585,0.004073253207076671,0.0011781236147296132,0.01365590982350797
39,2,0.01713061881977172,0.0164698165850373,0.009681380597728809,0.028360223378607736
40,1,0.005749171945331675,0.00465914134917233,0.0012976951575153425,0.016643146515103985
40,2,0.019970661294432247,0.01875420186307191,0.010355376636563508,0.036768059269666926
41,1,0.005550302607444995,0.004596917649570756,0.001334888314594114,0.015362282108627176
41,2,0.01934578659921006,0.018599972228884522,0.010877971637311492,0.032163762553086415
42,1,0.0054194388652954355,0.004486943809795788,0.0013003226799555554,0.014953605757088075
42,2,0.018941550692173525,0.018164192690149333,0.010538255461846413,0.03168955471874754
43,1,0.003069899594002344,0.002540400596189479,0.0007418252240094574,0.008463136213499216
43,2,0.010656893056052724,0.010332015624439736,0.006307947061793531,0.016842495388171223
44,1,0.004817908564603801,0.0038755090908241746,0.001089746599776288,0.014013635576026919
44,2,0.016726759238137455,0.015561242686805653,0.008794145031632875,0.0315281725537862
45,1,0.0067867893216718754,0.00565835878441707,0.001651071580381767,0.018612408855497208
45,2,0.02369538813009553,0.022896800029850225,0.013648588571896964,0.03822572853303815
46,1,0.0013394075338834899,0.0012502625248712504,0.000675137528569445,0.0025197830280010956
46,2,0.019267804288514344,0.018371264981676426,0.01267575034648996,0.03134032447690641
47,1,0.0011816263772180735,0.001106512316988641,0.0006195515618706044,0.0021639981973439384
47,2,0.01699972769103071,0.016270521886367805,0.011928712613106067,0.026300072424417658
48,1,0.002598435996338148,0.002449517622383074,0.0012937822741930403,0.004759003246564497
48,2,0.03741423506093535,0.036209107220222615,0.0238201325564349,0.057781197648774034
49,1,0.0059050949851175115,0.0048991461692120385,0.0014284462413890774,0.016243860198052615
49,2,0.020537768035667092,0.019864629787276253,0.011899370479985504,0.03309574587729708
50,1,0.0018683475069949957,0.0017499811569230304,0.0009167269949322818,0.0034907642130384696
50,2,0.0268602158612688,0.025852224676883882,0.01706148193090531,0.04267310671563315
51,1,0.004658893232137592,0.0038789346863335166,0.0011373333649033783,0.012699565668420737
51,2,0.01623367539308229,0.015720585514113344,0.009503965027176048,0.02590303891336436
52,1,0.004859393811818745,0.0040728985387640075,0.0011962120637235723,0.01310267944839735
52,2,0.017051518253090477,0.0164532533968558,0.009795129022656925,0.027797039437321706
53,1,0.001071134829042802,0.00102309339709735,0.0005667788412882942,0.0018505403792103998
53,2,0.015409324154389004,0.015189383982762952,0.010698653604510578,0.02134404916922077
54,1,0.0037006318284614945,0.003018283566069483,0.0008698743678954005,0.010550380475995717
54,2,0.012879100534467525,0.01212715831847856,0.00720762357647192,0.02299353779390032
55,1,0.0019774312361625977,0.001840879383629476,0.000959497992169618,0.00377647591647963
55,2,0.028450228695252527,0.027140082242653435,0.017631206709058184,0.047003588918599556
56,1,0.002652839546290422,0.002406497188224075,0.0011540744669701866,0.005586084744564556
56,2,0.038163136916556116,0.035477371941928175,0.020712508261262037,0.07143190445441717
57,1,0.006541531657165711,0.005239805411475429,0.0014343144951810226,0.019274928115066484
57,2,0.022817789731145576,0.021017844428977403,0.011097226576499704,0.04517593600401735
58,1,0.019270434864404173,0.017259255339145567,0.0068824100146320484,0.04325466953186429
58,2,0.02004693719859347,0.01922776955236448,0.013015497873797393,0.03182435251472223
59,1,0.018751821278532053,0.017230755571582733,0.007319741155069799,0.03897670147195458
59,2,0.01967651842939401,0.019362807163443504,0.013828226627010692,0.027306259096223834
60,1,0.0011115866295803587,0.0010642461989977799,0.0005999986974348295,0.0018975285622929339
60,2,0.015990953547755586,0.015796500676911008,0.011539085617035432,0.021490562224514474
61,1,0.0020064568622701834,0.0018867282727536832,0.0009972704450436779,0.003704972350271641
61,2,0.02887385042373724,0.027848304094908148,0.01848311852104786,0.045261548410185516
62,1,0.0020114522681837035,0.0018754182357781238,0.0009732295004104728,0.0038504295126044366
62,2,0.02894426115549038,0.027592561083443753,0.017957350989703625,0.04792253390497004
63,1,0.006636837130921932,0.005502542722333158,0.0015920427486744019,0.018285494086105306
63,2,0.023141442101094603,0.022286593043021594,0.013071171747060795,0.03810993615932824
64,1,0.020900184913919914,0.018937097916536867,0.007710619583759154,0.045477441877314284
64,2,0.02180677336162479,0.021215203754803392,0.014532763996755708,0.03253182221385459
65,1,0.0018510867672439373,0.0016157925769444293,0.0007918788252154539,0.004317866270559243
65,2,0.026626982967653815,0.023551923132943117,0.014465922237646622,0.057388406761689
66,1,0.0017877724697935072,0.001518861165609938,0.0007321118875903937,0.004437161918836655
66,2,0.02577011137695576,0.022081487424762646,0.013427498210301217,0.060688910793011475
67,1,0.002878832747061278,0.002585260675683774,0.001206260341955759,0.0063037586301876985
67,2,0.04142209874150244,0.0380388637434555,0.021459332812491162,0.08116236130443578
68,1,0.002232669241988013,0.001986087406151917,0.0009280766111155191,0.004993963729516816
68,2,0.03213125147817527,0.029162746510391024,0.01639632005675465,0.06556005380627807
69,1,0.001447038432466147,0.0013398462098272832,0.000740225423428519,0.0027331448450401055
69,2,0.02083088985225455,0.01973023185702412,0.014072334250764137,0.03397385043924145
70,1,0.006124386292489758,0.005103656411285187,0.0014869559932181365,0.016640713613788702
70,2,0.02144490663482338,0.020645069620698626,0.012027313572868572,0.035494998329234084
71,1,0.0009438390651414802,0.0008938316377528899,0.0005024250831385058,0.0016637001238186946
71,2,0.013577513314437573,0.013230833554723001,0.009638025730983749,0.019278072528041798
72,1,0.0018546676540855392,0.0013310844625126226,0.0006316785542203414,0.006375694516454969
72,2,0.026633997721180663,0.019236614885738065,0.011335812594840735,0.08935935318619828
73,1,0.0017437004591611507,0.001543759890969794,0.0007538912945019691,0.003909868624702836
73,2,0.02510123747067996,0.022609470573063208,0.01362578827159324,0.05153406076936303
74,1,0.0013951159778403503,0.0012215974128262533,0.0006460107206971362,0.003102011817896279
74,2,0.02006157439843867,0.017874617850323668,0.012058643800761945,0.04201376978209413
75,1,0.002817378508256674,0.002132054522744611,0.0006678133489383299,0.009336675535703725
75,2,0.04046042789148691,0.03141394428489546,0.011075007429868135,0.12676328820247373
76,1,0.0013366580909574283,0.0011694097622419798,0.0005726937922525893,0.0031046479544012033
76,2,0.01923740812167982,0.017107817504218793,0.010304345083441392,0.04173634682379205
77,1,0.005392253161751016,0.004480412242784915,0.0013045003401617758,0.014861473242754853
77,2,0.018849096236020022,0.018099132574191573,0.010583878068183079,0.0313906808699247
78,1,0.0009437651177841268,0.0008969766747600539,0.00047711804843268317,0.0016758316748527943
78,2,0.013581008055071302,0.013352665676705682,0.008762767196300177,0.019695869857213867
79,1,0.0018736110999137603,0.0015750019343410042,0.0008064391911808469,0.004806938715279965
79,2,0.027001041811426603,0.022872107716093555,0.014836997264559294,0.06615015910366755
80,1,0.00236060269051494,0.0021359323781125926,0.0008961479220556058,0.005137597686579923
80,2,0.03398937965634929,0.03174932097431753,0.01531855968065708,0.06644095147611113
81,1,0.001665433615695673,0.0015457754470896696,0.0007783915154994133,0.003240204387874129
81,2,0.02396186084134557,0.022894810459685375,0.0140273406977778,0.04026351959215863
82,1,0.0023879061543217502,0.0021557276910308897,0.0008929844000710598,0.005252074154210357
82,2,0.034350971282119905,0.032091686480232154,0.015093574701206855,0.06705547217022735
83,1,0.0016311808835827865,0.0014823021033230073,0.0007555722018928382,0.003382203224073567
83,2,0.023474774043976104,0.021672687600344055,0.013883807348007756,0.043813680896285845
84,1,0.0010432647120387727,0.0009373261186773805,0.0005008338685012628,0.0022177052702997474
84,2,0.01503463224683831,0.013695492482546277,0.009412150418362296,0.029538036576436822
85,1,0.000944063656762723,0.0008922664052946563,0.0004440422039907289,0.0017380851880104378
85,2,0.013582340788249677,0.013329489091334763,0.007920542923658791,0.02076141029580082
86,1,0.004084254638913612,0.0033949808965567574,0.000992019707511597,0.011152788032946172
86,2,0.014232809034684758,0.013745626556986593,0.008244895478959433,0.0229684542967048
87,1,0.00127435829091684,0.0011357041106112033,0.0005907429768637399,0.0028015769657087756
87,2,0.018332525262911428,0.0165011512063752,0.011035327064174153,0.03733687883323117
88,1,0.0011500313545255068,0.001099972770525736,0.0006234025377151231,0.0019580770170229563
88,2,0.016547486349077954,0.01635727425734649,0.012001879702383943,0.022163580285496597
89,1,0.000993115836440909,0.0009133622123769904,0.000505554720107123,0.001896361386238927
89,2,0.014281330845578106,0.013451661491493898,0.009629321322014363,0.0237022120982936
90,1,0.0014859589519625209,0.0013065674140028613,0.0006886057015219769,0.00335250415472201
90,2,0.02139517837360026,0.019052517694799317,0.012846115078289195,0.045523704490385904
91,1,0.001153783308029286,0.0010858901642184886,0.0006161577267369541,0.0020281198454702447
91,2,0.016609444105904612,0.016046597348167584,0.011922761823500317,0.023329408625718372
92,1,0.0012569891003434584,0.0011913599720998701,0.0006674674026515213,0.0022250864305752775
92,2,0.0180902196726062,0.017597857906949572,0.012775658557603304,0.026369657190696647
93,1,0.0017390184893258838,0.0013636937254351057,0.0006031473521275131,0.0051375306404730006
93,2,0.025062680546710413,0.019988924743235097,0.0105335457279597,0.07190672710948175
94,1,0.0010670047304593934,0.0010232831693488226,0.0005844276907599693,0.0018032672136463702
94,2,0.015355898643719244,0.015197867532572854,0.011284629114140736,0.02036900596973617
95,1,0.0011671056772597289,0.001114153433971113,0.0006202982913032312,0.0020163335902997144
95,2,0.01679768047405295,0.016546741455991696,0.01172294432966536,0.023277940770594648
96,1,0.0012290214953535284,0.0011571149710202274,0.000548510250948802,0.002320301428672423
96,2,0.017700339313207487,0.01723659683580821,0.009588434840715445,0.02846959321578378
97,1,0.002034274009223462,0.0017358003293357091,0.0007574836742617168,0.005148312328138663
97,2,0.029279624683955334,0.025424126643221807,0.013250487603474864,0.06870041224924335
98,1,0.0011536129630464243,0.0010985557594382178,0.0006153746478538436,0.0020028536808016917
98,2,0.016605834724916915,0.016240605599768348,0.011771676459102329,0.023489523129860534
99,1,0.00789958884280793,0.00682364885105813,0.0020973094366427574,0.019894093569858332
99,2,0.028591115154991544,0.02736891959359275,0.01535637350326841,0.04876944188898764
100,1,0.00632512488368711,0.005327132130204002,0.0015774971465440438,0.016821259309471776
100,2,0.022321915518320887,0.021523176462731015,0.012544575825743646,0.03673242760253208
101,1,0.0016151694990704842,0.0015034778840362193,0.0007933391291143754,0.003071655643143944
101,2,0.023261680908927742,0.022043825074003737,0.014779541102477612,0.0385527172269264
102,1,0.0017087371241300837,0.0016022643823429168,0.0008677517836939626,0.0031639102703433773
102,2,0.024628921379874807,0.023533373555036992,0.016202176670515163,0.039233883961516225
103,1,0.0017542910206354665,0.0016873333768845807,0.0009680336718352539,0.0029259860447373937
103,2,0.025332748379875984,0.025031673484479395,0.018230114816824027,0.03419853731719055
104,1,0.0014569609554799467,0.0013979567242581419,0.0008028271051673527,0.0024473388265764187
104,2,0.020993001059806237,0.02075040886357457,0.01541775997457017,0.027882895378337512
105,1,0.032327568084144866,0.031682799253576324,0.01882320485498421,0.04955579485731817
105,2,0.0191923280805447,0.018875899208839482,0.01218578606438815,0.028010571186995677
106,1,0.006207375505123658,0.0052314705293168475,0.0015618174733078034,0.016472634234856516
106,2,0.021949641430111237,0.02113344457765745,0.012350289887142445,0.036244516191368086
107,1,0.001355147746538401,0.0012683675895253026,0.0006751173222613129,0.0025312058038916446
107,2,0.01950727125013618,0.018624438227915298,0.012653856406778057,0.031120645004752867
108,1,0.03275568920154807,0.03215573145816909,0.019613765814628193,0.04939353993065228
108,2,0.019558449180274384,0.019181352019596937,0.012016269526262705,0.02920408312625099
109,1,0.01870840493122445,0.017792388639346984,0.008382316933068332,0.03410468794902624
109,2,0.020386137402663918,0.019941568110313227,0.012580409813255543,0.03078150237805297
110,1,0.0050874847385247056,0.004799892813697394,0.002774000763223374,0.00905360538334185
110,2,0.07431959215960095,0.07058014280457325,0.04692056759690064,0.12331010063092289
111,1,0.006800057295725698,0.00573993482317617,0.001698060462094178,0.018046696856630066
111,2,0.024001265478086516,0.023161934560025008,0.013547781558098451,0.039388446305926805
112,1,0.007154496472842611,0.006579800267514466,0.0023764375899979003,0.015183530344552198
112,2,0.027493794908976164,0.0264349971668047,0.013535965859593125,0.0476170774756843
113,1,0.0021145185504291273,0.0018978577337314386,0.0009205747169089045,0.0045890299544095875
113,2,0.03042029325599233,0.02777736556697855,0.01661343641452086,0.059651704622290434
114,1,0.001496441139827051,0.0013792406639133985,0.0007369011972815629,0.002950387833473321
114,2,0.021530917204900312,0.020200470834688723,0.013832318329041084,0.037430469362709363
115,1,0.0019092214137397022,0.0017787764290827547,0.000922467759433046,0.003646119631063426
115,2,0.027470936641158784,0.0262127680128764,0.017006766410111892,0.04528435453763365
116,1,0.005421320845673083,0.004598955500842763,0.0013826021060595218,0.014228673367671082
116,2,0.01920258054513593,0.01853772908421959,0.010991537775654928,0.031091073511373808
117,1,0.0011361515365003667,0.0010841453092478347,0.0006134585469742519,0.0019536676048322638
117,2,0.016347233517758596,0.016056943221969263,0.011845057273288249,0.02253167791772837
118,1,0.0013222989217882286,0.0012163833462641663,0.0006733458577568993,0.0025436592121915805
118,2,0.019039775762933378,0.017884277715279596,0.012817443695671405,0.032217182896053374
119,1,0.0020857264634699495,0.001877974209912416,0.0009406404655529607,0.0044883310176937995
119,2,0.030025761115757506,0.02749701055589477,0.017161215409301954,0.05785610704842303
120,1,0.002382745571877826,0.0022224542204927217,0.0011254435212414693,0.004570038469911138
120,2,0.034300588557427444,0.032829664121802035,0.02045466571471128,0.05661384120382948
121,1,0.0011306035147302274,0.0010838033652664446,0.0006163690365634575,0.0019151682996639999
121,2,0.01627101865473317,0.01609210380888295,0.011883013370821748,0.02167834200992671
122,1,0.0012741263663729359,0.0011879147282825172,0.0006611405224727732,0.0023767930402981596
122,2,0.018336968683677846,0.01747158681509854,0.012631616524386824,0.0294672017459303
123,1,0.0015417827551745399,0.0013974510936636871,0.0007299603730966566,0.003218273782858079
123,2,0.022176892747622422,0.02038075863034322,0.013610937798284286,0.041725341472823016
124,1,0.0017038400066985838,0.0015716400997166948,0.000819398109394553,0.0033650471291532275
124,2,0.02451508354362816,0.022990832046997593,0.015185577667546565,0.04288611600563429
125,1,0.002594267090516269,0.0021884072967797994,0.0009509645592444457,0.006657039293460596
125,2,0.037265089588240936,0.03196831128911,0.01682401812398808,0.0894199018902163
126,1,0.0012722169147301337,0.0011864729336588838,0.0006517935075367443,0.0023868436654611064
126,2,0.018308008687707517,0.017440806721455107,0.01248254274012474,0.029624908639210953
127,1,0.0019201247154791803,0.0017447001228280605,0.0008763714466949279,0.003984539438619118
127,2,0.027637696824404537,0.025601136646629045,0.015960236518767466,0.05118461106518156
128,1,0.0065788202654512235,0.005434263850548177,0.0015480134024977684,0.018405814738131354
128,2,0.022959939332472378,0.02193276060145311,0.012410662053484414,0.03943443240104524
129,1,0.007337338771289994,0.005984942353815002,0.0016557736772076215,0.021093930421617245
129,2,0.02564300226257983,0.024059778677903973,0.012911553720645104,0.04743420284972758
130,1,0.013718693243368473,0.012416589851378654,0.005118138386501503,0.02958155662552016
130,2,0.014290499942644462,0.01394239639291014,0.009920224009644162,0.020715615794834864
131,1,0.0018259013463175367,0.0016463341757654761,0.0008233846994563885,0.003866927307415012
131,2,0.026267368563573743,0.024100640569026513,0.014998601039316087,0.05016073787745687
132,1,0.0031117058057965304,0.002647166851144274,0.001111952994740798,0.007874107400436446
132,2,0.04477008886082923,0.03888245032264623,0.019327343354560628,0.10498287383200613
133,1,0.001047496088344223,0.0010038142231162971,0.0005704940022207218,0.0017758692751565172
133,2,0.01507396905979438,0.014900394615774713,0.01100717647235203,0.020167352829419265
134,1,0.0028652933063472055,0.0025416030598080785,0.0011335354082393193,0.0065494012238359834
134,2,0.04121777945776132,0.037373812049888246,0.019925692418144108,0.08511809166263648
135,1,0.0064242876808765425,0.005317371390416921,0.0015382044296816829,0.017784275991373
135,2,0.02240520778529586,0.021538581985095707,0.012571215884644731,0.0372848359232176
136,1,0.0022487153921202,0.002008632586007962,0.0009497070908468174,0.004979563495579728
136,2,0.032339777236373934,0.029472685105596225,0.017014746118076667,0.06422204505646167
137,1,0.001250209774327665,0.0011448891214441862,0.0006309743634734913,0.0024545549754776816
137,2,0.017985162531142795,0.01680318621215831,0.01201891673512212,0.0315547643081605
138,1,0.005784249297103297,0.0048057749495220405,0.0013959766561883358,0.01588337329990394
138,2,0.020209025420248095,0.019448972587407277,0.011448987018117725,0.033390311318102626
139,1,0.004619286072409129,0.0037618271818060586,0.001060820574749913,0.013256782388870014
139,2,0.016069411953757093,0.01511005977121904,0.008573023102430844,0.029138765764609796
140,1,0.002065883480615094,0.0019313005568201414,0.0009849167647661649,0.003921177955339939
140,2,0.02973203069940069,0.028536152799558012,0.01797686693631168,0.048397603992063436
141,1,0.0015175984730092036,0.0013803481266979564,0.0007446237950229892,0.003127818236918961
141,2,0.021856489672511303,0.020123555385673245,0.013950208554203555,0.04123197849673388
142,1,0.0034206765088425186,0.0031010785953392637,0.0014070903147578378,0.007315437239134753
142,2,0.049226612555343684,0.04581570390176937,0.024588271712974175,0.09352007467707604
143,1,0.0011476094158512577,0.0010816142231536564,0.0006115279728928864,0.0020209136449934073
143,2,0.016517899893024626,0.01596788753413583,0.011728054946372071,0.023664007110197567
144,1,0.001680531382049545,0.0015555987180915797,0.0008128680137190303,0.0032924230962743835
144,2,0.02418851487117958,0.022845990935425137,0.01509115697741663,0.0415138833758134
145,1,0.0018954360185175702,0.0017422783973009288,0.000893229285028882,0.0037916912019470253
145,2,0.027272493760023254,0.025507711254623103,0.016446787411726237,0.04837359512792509
146,1,0.0015116931557055198,0.001430871492236111,0.0007797891706380876,0.002714622689709554
146,2,0.021749074854915725,0.02111056600074599,0.014720907016607061,0.03252094739450058
147,1,0.001497872111959745,0.0014169405389603059,0.0007752875654914921,0.002693920966477999
147,2,0.021548301923565227,0.020910879073334922,0.014646875434648328,0.03221325295526916
148,1,0.0017968580398023152,0.0016605664194263652,0.0008705517820628544,0.003518940392119386
148,2,0.02587283146251297,0.024378770442457738,0.016096470684922128,0.044659318068481876
149,1,0.0010832394879670194,0.0010117337060287404,0.0005675223970844779,0.0019158384367933385
149,2,0.015560042136564053,0.014961629975425071,0.010926897704020763,0.02220896716304981
150,1,0.0013747305727320994,0.0013021455846703351,0.0007162091278619585,0.002463723301052424
150,2,0.01978440854599786,0.019216347834895165,0.013532710782639764,0.029329057851259707
151,1,0.0011868965905232297,0.0011366039919026784,0.0006468915819043349,0.0020152519273515133
151,2,0.01707845465425405,0.01688434186038506,0.012474568910118033,0.022804776111506015
152,1,0.0017646430448037308,0.001586352225074801,0.0008348794088934339,0.0038013885419246538
152,2,0.02539874039805197,0.023079571815383414,0.015593811825525248,0.04977174121950126
153,1,0.0033257374257119887,0.002741905387048567,0.0008037767961853924,0.009174386805659183
153,2,0.011563757626939198,0.011093135470706107,0.006730200322413042,0.0186300337443198
154,1,0.0018447260422793797,0.0016981487617120762,0.0008732104245888653,0.0036913380423058326
154,2,0.02654477944225406,0.024905366674824382,0.016004931066528755,0.0465630808819989
155,1,0.004134745371649006,0.0034176117776998655,0.0009919358178876484,0.011436142762650823
155,2,0.014417297235231604,0.01382382852556,0.008146543086348133,0.024161551278258465
156,1,0.006681523026251217,0.005323891862712055,0.0014518382793397924,0.019872905519732424
156,2,0.023298370420990186,0.02133759338212763,0.011114174936678935,0.047141857146905525
157,1,0.0014055851590218946,0.001297957827407307,0.0007021541961417957,0.002738590665442745
157,2,0.020222008422424033,0.018986280870427343,0.013274391398906375,0.03504838353508251
158,1,0.005748625077586015,0.0047098727819295545,0.0013396412894021103,0.016123718131868945
158,2,0.020020085222563006,0.01904119096486421,0.010795848392206214,0.03493145762928012
159,1,0.002085437935009358,0.0018837006027629488,0.0009199070130535563,0.004417875308550874
159,2,0.030014138767202648,0.02766913390261622,0.01657659162549389,0.0572551447298773
160,1,0.0010523809367868704,0.0010069449452869035,0.0005685626892164012,0.0017970698471423637
160,2,0.015142617376158324,0.014961301488495228,0.010931385364196232,0.020385889328313898
161,1,0.0012881278299574448,0.0011730466630197507,0.0006471191555920293,0.002532350433885628
161,2,0.018532310081111524,0.01718771645879794,0.012352310168209662,0.03296141046344545
162,1,0.0010815322641413896,0.0010359033744152817,0.000582932585053671,0.0018448032159347739
162,2,0.0155610651216598,0.015380336864521938,0.011195330677898798,0.021023883930960018
163,1,0.0015284726865242514,0.0013347790444781832,0.0007001831099507743,0.0035675319421930403
163,2,0.021978531224427937,0.01936607730577781,0.013145276673735535,0.04750919137601707
164,1,0.001543728783785197,0.001439270679181118,0.0007639986695367096,0.0029363775401596817
164,2,0.02220612995003653,0.021165326566484583,0.014276568861855002,0.03630367250275321
165,1,0.005217886592699936,0.004041150390147819,0.0010876448799717973,0.01636299089844407
165,2,0.018141356910421697,0.015974990684729358,0.00850248656545175,0.04111166560042386
166,1,0.002119497058843443,0.00188003111370882,0.0008916096019776685,0.004762099889989739
166,2,0.030481627863883677,0.02761827043594154,0.015963577534040933,0.062028435366044556
167,1,0.0017234268056982032,0.0015834466920049395,0.0008253650020729941,0.0034657414287791724
167,2,0.02479769389806575,0.023207827166319202,0.01527319747805637,0.043712548461061256
168,1,0.003440573619138852,0.0028549302299317953,0.0008366082042157213,0.009452302947990121
168,2,0.01197164330193881,0.011574209464690675,0.007018065475153732,0.01920672839789841
169,1,0.0013446684718779528,0.001270573964954747,0.0007016381230914226,0.0024159469146643434
169,2,0.019353885885234467,0.018723209016525202,0.013354477789608273,0.029210779467293307
170,1,0.002638617449235706,0.002453818029402076,0.0012146793692924464,0.005148979848425156
170,2,0.03798340797040779,0.03623337754343585,0.021766282825292672,0.06412348194778278
171,1,0.0010722787006181304,0.001027609725222251,0.0005839341368164068,0.0018187843058905405
171,2,0.015429406061984756,0.01525861753091383,0.011288824708749546,0.0205412183066854
172,1,0.007477814754369398,0.006253804490985381,0.0018373405475413402,0.020183594111628664
172,2,0.026172102408584783,0.025308194445322695,0.015165430961295958,0.04213255480440209
173,1,0.0015054732764109902,0.0013990409168205327,0.0007402370735004341,0.0028979302576828715
173,2,0.02165839383916662,0.02054907256789257,0.01381385482816292,0.03625143782560103
174,1,0.0015473998283697988,0.001436983722070381,0.0007697055927413837,0.002984063755423853
174,2,0.022273696643356655,0.02104613898259794,0.01440039823093599,0.03747732749450673
175,1,0.006139478729133026,0.005096113185115971,0.0014736941968208892,0.01692455407972952
175,2,0.021433559208688717,0.020607811430542723,0.011971604580591717,0.0356400946070668
176,1,0.002047353823877473,0.0017445995847794546,0.0008272311731604884,0.005111326882595539
176,2,0.029486408029106004,0.02536009478622845,0.014940645927629632,0.06878214357315009
177,1,0.001586360263819386,0.0013822125667199941,0.00071220098747106,0.0037002843750861608
177,2,0.022838667005731644,0.02003670242343116,0.013213998684005714,0.04991074696854855
178,1,0.007403941740660627,0.006230146536550331,0.0018394769070736428,0.01982065491383582
178,2,0.026151161124261958,0.025099398072994602,0.014472587763122425,0.043837167418636094
179,1,0.0023972460477618258,0.002227970583592374,0.0011593660409671476,0.004627210092357476
179,2,0.03457219244874944,0.03274389408129437,0.02108457275684986,0.05880866297240362
180,1,0.0011436246515234912,0.0010711609186252688,0.0006001125890815084,0.0020880461374481484
180,2,0.016458167803164975,0.01578238767079675,0.011550487643908189,0.02524700356435784
181,1,0.0022335448187871783,0.00194737252081459,0.0009118139910205882,0.005240109103146428
181,2,0.032127810072526936,0.028502394047864373,0.01640443076861754,0.06934902534568657
182,1,0.0019980220224007834,0.0018482127536727094,0.0009412716528285662,0.0039284465078451986
182,2,0.028752425999447766,0.02723472191387849,0.01710026016826525,0.0492565435595409
183,1,0.0014230517506328584,0.0013259872404096783,0.0007146265399558227,0.0027053043887434987
183,2,0.020473582580132633,0.01949285050213776,0.013436200257711223,0.03359715061971824
184,1,0.007254419555281172,0.0061492841618274365,0.0018363245764804915,0.019099491848635613
184,2,0.02569280997774951,0.02478949997425618,0.01459169304608148,0.04191907874496981
185,1,0.0017926251696472081,0.00168479989548803,0.0008895577643422492,0.003297561806620459
185,2,0.02579629910279927,0.02493563121972471,0.01647473154349889,0.04004646398476001
186,1,0.0013808823104359603,0.0011943897836586038,0.000626755146744292,0.003294288679312107
186,2,0.019871552863373512,0.017336910674099874,0.011708881417918815,0.04429032508773341
187,1,0.003493715399051876,0.0031316216518726407,0.0014217631212683662,0.007729343197778149
187,2,0.05030606366521295,0.046167481159749196,0.024878572329116586,0.09993104707691279
188,1,0.044019007089255456,0.042926458626900275,0.024358236365426892,0.07019603170015613
188,2,0.025882245285974135,0.025510838264697355,0.017171542349071978,0.03670944401871883
189,1,0.0012142338954378173,0.0011450258010615492,0.0005887133276635633,0.0022409668173855434
189,2,0.01748426502666478,0.01699497469400625,0.010679783786821188,0.02710958555523745
190,1,0.00295663585929225,0.0027632401628602007,0.0014174036122704837,0.005619320977086962
190,2,0.04258825660031695,0.04071969620235669,0.02583900569396783,0.06983065028327336
191,1,0.008158251763315966,0.0069268657169198194,0.002076580668696899,0.02132994074290432
191,2,0.028940802105792512,0.02791561585379678,0.016413919567233762,0.04718343388678457
192,1,0.0036495267930614335,0.0033743264241548106,0.001666045489765303,0.007218678788660104
192,2,0.05254086202783601,0.04983245181879077,0.029779943606660673,0.09086518937555084
193,1,0.0033171463077326523,0.0027184635222676605,0.0014777937072711904,0.008999178962569906
193,2,0.048058124241685894,0.03918433634533739,0.026857688483409907,0.12627530327959283
194,1,0.02792982918734332,0.026677901193294152,0.012715836579703174,0.05020543461167003
194,2,0.030310036874608696,0.029887901344788137,0.020048040890633473,0.04309023559666185
195,1,0.00322307877198098,0.0029350289494025038,0.0014271623838417833,0.006706690691921134
195,2,0.04642822562651242,0.043189044286575426,0.02545036549500763,0.08607142458499739
196,1,0.02775213719118065,0.025755275764624122,0.011179963968757027,0.055630619775994865
196,2,0.029439648279072507,0.028890637077867612,0.01982211967531593,0.04218492267137711
197,1,0.022701146943614317,0.022391870777350786,0.015005759012186213,0.03220734656914787
197,2,0.013833920496046329,0.013422277235403318,0.007643196830770702,0.022364777294264282
198,1,0.0041348103268273075,0.003838049140666596,0.0019421137445186445,0.008048399794373499
198,2,0.05968392002232451,0.056662040561739284,0.03469171774134961,0.10219049402521899
199,1,0.003573941982646051,0.0033793320902710455,0.0017851759445326517,0.006478539131654859
199,2,0.051448094512632506,0.0500854676103817,0.03279177151259989,0.0780660972257899
200,1,0.01079824729261216,0.010273952694885236,0.004581922266320738,0.0200890844601913
200,2,0.04463594750770254,0.04200124313731032,0.01713202452943816,0.08726655766170283
201,1,0.0026518963708537205,0.002412880761619898,0.001198462113140376,0.005538597200863978
201,2,0.038198821520943546,0.03535870052980873,0.021584021455455456,0.07155247256863809
202,1,0.00782779580505038,0.007111251168225925,0.002460897957317515,0.017197037890430446
202,2,0.02953902605254791,0.028543845297348082,0.01547244068167777,0.04938218511798259
203,1,0.006829642991863672,0.006204098997174936,0.0021267068674061646,0.015097002282720474
203,2,0.025793975153931246,0.024847036434174713,0.013315600095992816,0.04378469089905352
204,1,0.0029811094486516866,0.002771047118926287,0.0014227845021975761,0.005762237254933919
204,2,0.04295254329500505,0.04093263965995901,0.025730649528422037,0.07202096959736212
205,1,0.0035571144424114748,0.003302767711712928,0.0016774963624252765,0.006917575470764899
205,2,0.051277076447405506,0.048668452908749285,0.030220649832209512,0.08750230464102458
206,1,0.03430953548900596,0.033812694143737186,0.022202971953504874,0.04913476968221178
206,2,0.02078113044121131,0.02025882010528029,0.01191311357071797,0.03262903808047368
207,1,0.017399765787339955,0.01704159811247711,0.010049281136032396,0.026831810850079168
207,2,0.019976780892631003,0.01931321850243494,0.01017769265485444,0.03358685980020619
208,1,0.041442187026323844,0.03892500913928349,0.01750667779367178,0.07945817786622467
208,2,0.04439610675261853,0.0436328863699561,0.02955449836448149,0.06365829935081907
209,1,0.0027048322229895542,0.002464382172691678,0.001213220903616091,0.005599595267581683
209,2,0.03895801279134748,0.03622606773196041,0.02177887732442626,0.07220894820416492
210,1,0.002901424346279112,0.002747497047741851,0.0014818090705333833,0.005209837130322563
210,2,0.04180764231495049,0.04066455231979617,0.027321111872107142,0.06285170425335646
211,1,0.008955547421529535,0.008227711534652214,0.0029565260615913394,0.019099122627234552
211,2,0.03436944448066162,0.033051332697914104,0.01694657400943351,0.05924422158236411
212,1,0.0018287105650193916,0.0015814587482921472,0.0008183753190634831,0.004368495299465653
212,2,0.02632425554278659,0.022917126690635437,0.015147791023910086,0.059579404384325234
213,1,0.0025313494734793916,0.002166294118636409,0.0010564603886561695,0.00620266395643623
213,2,0.03647375193370103,0.03150788758509489,0.0190278866978116,0.08457207631209229
214,1,0.009369576994266136,0.008597310360575313,0.0030574440468547058,0.02002774842056797
214,2,0.0358321383550864,0.034510151610289114,0.017998828916700866,0.06125151366146042
215,1,0.009576321305265324,0.008374010430168105,0.002636319358865945,0.023364320369511152
215,2,0.03483979635368694,0.03363753504608623,0.019334102777538838,0.05722123785852016
216,1,0.002454705601113725,0.0023237518799747343,0.0012455612803375046,0.004419004913629217
216,2,0.035335665727910054,0.034365299559110656,0.02314494138848354,0.05314191329732987
217,1,0.031058101257766813,0.030471518260651333,0.01849112303851155,0.046869344911558315
217,2,0.01851370667117311,0.01818895955136867,0.011509526928347209,0.027389504941348567
218,1,0.022161174189504782,0.02070826724370855,0.009191322145643105,0.043347229303515276
218,2,0.02357117813308351,0.023232785478558143,0.016422293239559876,0.032659221372117304
219,1,0.0016480474839787108,0.001488624273391333,0.0007920652252062915,0.003464242580685534
219,2,0.023725530668894042,0.021719334062934574,0.014774251141714115,0.0454375760638089
220,1,0.0347615175080941,0.034263827149830395,0.022680365906081135,0.04954736196870301
220,2,0.021102936059468665,0.02053183887414785,0.011940439638381836,0.033443704927307284
221,1,0.039540221295745824,0.03854934307430427,0.0219471316224315,0.06283450775579717
221,2,0.023269427340256006,0.022922719632677245,0.015356709221502028,0.033074367356514915
222,1,0.0197856109764598,0.019261691321972058,0.011134020492423286,0.031595826079470285
222,2,0.022724197555728045,0.02184997012948935,0.011269944159446052,0.039253948503050945
223,1,0.02112229095570901,0.020713031255144274,0.011839225320487968,0.032673063453150526
223,2,0.02396068997611963,0.023415078089121723,0.013159909913742341,0.03794558946434472
224,1,0.03931318978413848,0.03858213866061369,0.02330155448731177,0.05954382672481616
224,2,0.023416386211903322,0.02300460902812964,0.014620456902363663,0.034575497160291874
225,1,0.09282486589739503,0.08971278378939126,0.04823961826957425,0.1554386842795029
225,2,0.053981706776980484,0.05328861136667906,0.037359489744795395,0.07458329767632954
226,1,0.0072624403618352755,0.006443812742383509,0.0020946570754136894,0.017078547468309793
226,2,0.02668995138448232,0.025856988898567124,0.0148689656735495,0.04340738744614347
227,1,0.007676474879909531,0.006582853708705682,0.0019967068563507945,0.01969532860831551
227,2,0.027422192696537687,0.026444529506459397,0.01549622617169052,0.0449642345950677
228,1,0.031701639582259106,0.030142754930836728,0.014143700989316608,0.057985870181753704
228,2,0.03425663038102336,0.03376793067986328,0.022890295537876547,0.048363487559406906
229,1,0.008596917051455865,0.0077109285233923144,0.002555353788756643,0.01969907236078979
229,2,0.031906490144912265,0.030876511510036467,0.01745032310561382,0.05228431962034477
230,1,0.03281490234882678,0.03201129460669404,0.0182793314511618,0.051969285011736165
230,2,0.019322913757354187,0.019054647477125333,0.01274061759286847,0.027486658448018866
231,1,0.011667555672179883,0.01017060108369178,0.0032014810061718178,0.028536983153282923
231,2,0.04233744286120269,0.040909332560497294,0.02375404244388728,0.0690863956199313
232,1,0.007132909014418276,0.005991305891926875,0.0017729724451860996,0.01913132032468891
232,2,0.02504026136431129,0.024215111916528913,0.014495001243867092,0.040339570710934754
233,1,0.0025663320092279714,0.001972138585438164,0.0008684874106381042,0.007999899821069495
233,2,0.03690788496283557,0.028639546655762654,0.015391171636454613,0.10977745304034428
234,1,0.00265297236771396,0.002511097246256453,0.0013374110515690172,0.0047991922771316725
234,2,0.03819155607808164,0.037148849198165225,0.02482082840582152,0.057500063926677
235,1,0.007345891993551966,0.006361873798575156,0.001976470638283707,0.01827401272420167
235,2,0.026427664954986017,0.025577513944715427,0.01517410577002122,0.04249515108457865
236,1,0.013593375834260898,0.011799283451145219,0.003664914189250763,0.03385547629097891
236,2,0.048968000347680354,0.04744277454242361,0.028035432962859902,0.0789231730957556
237,1,0.007323378377301392,0.006593264873244077,0.002201944888893322,0.016608356844300468
237,2,0.02727394965872768,0.02640318332113368,0.01484273945276135,0.04472677030778783
238,1,0.0065022326536779956,0.00561995695677101,0.0017252517922970387,0.016343455092497468
238,2,0.023505622588270502,0.02254480991654386,0.012811325183219537,0.03971173559098934
239,1,0.0023050967068964706,0.0021683623875702503,0.001168625368619814,0.004233125134148293
239,2,0.03321763146563564,0.031983531108797425,0.021523860873183993,0.05222526421197879
240,1,0.002485258384606248,0.002246673912275758,0.0011005001285561207,0.005268036312149624
240,2,0.03576662677328598,0.03296918666757058,0.019979861086632234,0.06799735538553325
241,1,0.007435913703139802,0.006909845414030285,0.002568285895086638,0.015279441033238635
241,2,0.028832984008790866,0.02778708596639497,0.014002204861923582,0.04967665935986136
242,1,0.00417173304592329,0.003817329981966314,0.001810644035225247,0.008555724363842077
242,2,0.06007818854499732,0.05636306709479415,0.03202432235087318,0.10927506914066831
243,1,0.007308175876935612,0.00651080905458272,0.0021271267598211565,0.017000094781062288
243,2,0.02692226476694019,0.026078681677595958,0.014992203772871431,0.04367908709550206
244,1,0.02691663526389099,0.025804599848409843,0.012636602107677706,0.04730170420949108
244,2,0.029493896911161322,0.02894385900152745,0.018435430532601726,0.043572861437655735
245,1,0.00716326555652071,0.006119321177849456,0.0018415401812575806,0.01861816504114031
245,2,0.025782176130308525,0.024552803334911017,0.01364413909689258,0.044955695623830796
246,1,0.02784281652602937,0.026983706461843563,0.013949184784844264,0.046703971545953654
246,2,0.03094583050870603,0.030324420964502857,0.018262099881628975,0.04715591029598729
247,1,0.002830292473571321,0.002558765972982887,0.001333471427454287,0.005968419745936985
247,2,0.040869559225753804,0.037378896462023706,0.024154052257473142,0.07856110086309463
248,1,0.03732670664769954,0.03622465550484886,0.02004241957171297,0.060863807957493465
248,2,0.021873085324429,0.021539769843489202,0.014550747575941719,0.031136870850671464
249,1,0.0025494520980747773,0.0022066045889578036,0.001044090039634405,0.006099843701513583
249,2,0.03670070598731172,0.032254506493146,0.018658015141536262,0.08155483174260425
250,1,0.0015066302425796533,0.001268319260902531,0.0006753757373945178,0.0037986447268863943
250,2,0.021676536975837313,0.018387592215806905,0.012697516394648532,0.05197875759782539
251,1,0.0016528752262906681,0.001588171469815658,0.000912146578020622,0.002768408484823312
251,2,0.02382998519527881,0.023553261782894505,0.01744501273444406,0.03176046863373012
252,1,0.007395888079629251,0.006236506561326665,0.0018591759549515584,0.019612299442063875
252,2,0.026057582664113024,0.025224517352668646,0.015075174902920574,0.041860810845657084
253,1,0.03195961428786125,0.02957509280178286,0.012651190058383794,0.06486803258091993
253,2,0.03388941703622573,0.033144810263523186,0.022213781015280636,0.04984183073179302
254,1,0.0029510957963426263,0.002730363616468474,0.0013237835563636813,0.005868816758382958
254,2,0.04248563323851802,0.04030511953075917,0.023658201348776428,0.07404811145387118
255,1,0.0039825796333048166,0.0028666700972644838,0.0010694372118651258,0.013774501380809972
255,2,0.05738954967112258,0.041896594187122764,0.01840543629328066,0.19014385853219049
256,1,0.022275455286579475,0.019632482102500286,0.00776439670237481,0.0519137503852484
256,2,0.02333888175254259,0.021704406834553533,0.013890681864722502,0.042438994018353195
257,1,0.0029553457562669296,0.0025463791090491192,0.0013199314823736181,0.0071483635728412116
257,2,0.042708560369404285,0.036859094818432844,0.023842037522424628,0.0978420556410174
258,1,0.006223960283670245,0.004861041495794912,0.0020402786180286417,0.01885132909482289
258,2,0.0899973991803205,0.0709715831303881,0.034923346671628594,0.25990639893279077
259,1,0.006827850587736813,0.0059085306874650315,0.0023488357530102987,0.01657100234138725
259,2,0.09836127585037809,0.08735477178681883,0.03975404226869678,0.22092070156959429
260,1,0.0010071070395356553,0.0009624676415143564,0.0005368275610401192,0.001734569092760989
260,2,0.014489281508998484,0.014285312692707849,0.010210119396626811,0.019889213895739125
261,1,0.0028241320097608736,0.002555759295448863,0.0012224332061791245,0.0060177181852983175
261,2,0.04065724326476127,0.03755426812388714,0.021762639972243036,0.07762645047841818
262,1,0.05603969367896925,0.054681093810388694,0.031711303342992776,0.08808247793630192
262,2,0.03314177234959627,0.032569290728693565,0.02118704448769935,0.048253766206165706
263,1,0.004701449070862348,0.0034332777235318132,0.0011600154428344112,0.015786051348518498
263,2,0.06779146075675302,0.050465062895918324,0.019556260017377033,0.22031393214562678
264,1,0.02037258271030771,0.018823668861765265,0.008100799748707557,0.041494682691377606
264,2,0.02145048898776447,0.021145629281307088,0.015173246785273965,0.029470549680677027
265,1,0.0026332111304403936,0.002475027441469371,0.0013010226575916079,0.004875819789207386
265,2,0.03794312428039155,0.036566933404978644,0.023869369128605704,0.05980455195491803
266,1,0.023391684579134795,0.021290322488230144,0.00882338050776281,0.050029151903430026
266,2,0.02458799395593536,0.023850316854488723,0.015880867911742588,0.03761549158421864
267,1,0.006467282289374956,0.005484972452091091,0.0016477355097827958,0.016944108901696796
267,2,0.022892061977888283,0.02215543560779639,0.013306380722058022,0.036720625495634325
268,1,0.0026964524377046956,0.002506986054991203,0.0012636657086893244,0.005240013622072311
268,2,0.03882861320611367,0.03696115716268963,0.022871552105256928,0.0657599801487542
269,1,0.00260312511358271,0.0024120105612353846,0.0012410317149351678,0.005088907499675547
269,2,0.037524361764545544,0.035474402935072105,0.02255246053468301,0.06447284326362554
270,1,0.020684499752557234,0.016951860871834458,0.00643579765744307,0.057235496220052584
270,2,0.021709636011867237,0.01847020862463663,0.011099433592930667,0.05259570894886526
271,1,0.0020534257730633492,0.0018078548403840152,0.0009068462575084373,0.004669103453508848
271,2,0.029555088024287548,0.026297204348087213,0.016648849761678373,0.06233696255502761
272,1,0.00410303301449835,0.0034373986826479004,0.0013746769403892652,0.010769411584650654
272,2,0.05909826776737221,0.05060675602650044,0.023649937764321092,0.1442226384398096
273,1,0.009947185261499111,0.007530504554095737,0.002047406132085833,0.0323525931874032
273,2,0.142940894829792,0.11123198354424937,0.03388983079211548,0.44230705796290715
274,1,0.0014786726337541216,0.0014173241252370158,0.0008034180657456939,0.0024992644415184734
274,2,0.021314708786118717,0.02103768705958626,0.015270157871378271,0.02890317696838447
275,1,0.0012059721308165417,0.0011431892280818182,0.0005959464096156035,0.002183729566279814
275,2,0.01736427056144473,0.016978701551300365,0.010931470490159783,0.02602174932600649
276,1,0.0293030219835501,0.027343788997367183,0.012127996838860471,0.0573582965195477
276,2,0.03116637324632222,0.030682070456575852,0.02153247958375967,0.043570591111893965
277,1,0.0009968803983584275,0.0009452848104129521,0.0005010700932489295,0.0017870819351326558
277,2,0.014350255339007094,0.014057746970412444,0.00921679431046563,0.021202596025458275
278,1,0.0029949520052628895,0.0026129245247962143,0.001177674896480223,0.007070695669845672
278,2,0.043156129308942776,0.038337843075870674,0.020626113060378096,0.09420030332469372
279,1,0.0036052977924514356,0.0030556281555501,0.0013944511381184614,0.00916335285757878
279,2,0.052008709387149736,0.044582258931672766,0.02451726418294376,0.12428358567578499
280,1,0.0024989410194678893,0.002327563696241405,0.0011857116090750219,0.004787914881847443
280,2,0.03597044132070256,0.034410021759797044,0.02154513888314731,0.05953465735967052
281,1,0.00668924150839476,0.005635231691010772,0.001671253519770703,0.017808312660489208
281,2,0.023521613063022404,0.022785957288655508,0.013659623337012186,0.03765947896338159
282,1,0.004355161815372944,0.003934178679401258,0.0018420145890547836,0.009330855719361885
282,2,0.06282876302128487,0.05801397276225263,0.03207238348159226,0.12165875093748532
283,1,0.0014398704128280025,0.001379573006231016,0.0007855422929572518,0.002439863263251587
283,2,0.020738149036092553,0.020488036977277475,0.014998502216721823,0.027885848709584125
284,1,0.002869705700627586,0.002576674231370927,0.0012345797934167617,0.0062398388972341136
284,2,0.0413443879798387,0.037764712708599574,0.022083850601831292,0.08198555282197745
285,1,0.0052286846615201546,0.004411769012792497,0.0013157784970731369,0.013955401068832836
285,2,0.01845114705378715,0.01778440629639627,0.010523502610339519,0.03026307527629887
286,1,0.0018937353276458815,0.001360215466109188,0.0006712143588576345,0.005719923573682241
286,2,0.027247875755642685,0.01982785574044462,0.012146042376325232,0.08193642000181994
287,1,0.0016430891576406,0.0014533086331125415,0.000754814880592378,0.0036842698845445006
287,2,0.023667052588811358,0.02109432415943263,0.014072212912018881,0.04983612133970718
288,1,0.003168957376795046,0.0029017738524066312,0.0013661133528950777,0.006504668274342775
288,2,0.04560759210133223,0.04296758688966491,0.024238849967050693,0.08250593226066055
289,1,0.003054394593759159,0.002849734906452321,0.001424239311706686,0.0058656276207378665
289,2,0.043998858579537156,0.04214862768774338,0.02540951518100427,0.07321224924186528
290,1,0.0033815311686756725,0.0030140951179515032,0.001427310571185916,0.007543013142604357
290,2,0.04874503519032659,0.04420258644103489,0.02535412455148296,0.09840144242460348
291,1,0.003352434165560508,0.0030973818485414677,0.0015527661564403987,0.00663884508716733
291,2,0.04835674203009141,0.04563737406035936,0.027860826560674068,0.08492660422032783
292,1,0.0020777433510415183,0.0017426451084260274,0.0008359465616893792,0.0053797097343265335
292,2,0.029911760396592553,0.025260096732576447,0.015208976159374958,0.07309744339849912
293,1,0.03492594384095045,0.031158421403078458,0.012068644089881921,0.07974685475403184
293,2,0.03657883916532822,0.034762931480674095,0.021228340130713466,0.06240991095894845
294,1,0.00193681126825225,0.0016415867911423769,0.0008370043391418807,0.004823313507797947
294,2,0.02788456790255278,0.023909311375957663,0.015297340379263474,0.06664977418799264
295,1,0.010486441514867896,0.00906388203348131,0.0031577455167845956,0.026052312671728226
295,2,0.15088377722920426,0.13405687446652859,0.053066254172194224,0.3460330338172046
296,1,0.0032871570020824277,0.003043600282728432,0.001524799902269915,0.00650224844874609
296,2,0.04743823774364742,0.04474576877273624,0.027223231195968655,0.08319806947689819
297,1,0.005796883861992218,0.005137308619151576,0.0016576877117249022,0.013682784262205216
297,2,0.02126773826155699,0.020591135032665457,0.011918748934463638,0.0346174700426181
298,1,0.0011064875250089731,0.0010599679278277749,0.0005997732753380381,0.0018784707213647372
298,2,0.015926981672263137,0.0157396161072261,0.011523947780933632,0.02142326935299257
299,1,0.002143833163329466,0.0020247098518823463,0.0011118490929339583,0.003859710595577564
299,2,0.030926920307528877,0.029834901355955276,0.020626977363932635,0.0476602874337065
300,1,0.0025888378033017754,0.0023959313404747474,0.0011884643849963872,0.005116744585831331
300,2,0.03725788388017366,0.03534296674477802,0.02136652966865215,0.06395935806625305
301,1,0.010378340601039383,0.008779936004298546,0.0030723694718347806,0.027011183885855775
301,2,0.1496552210335797,0.12999297904449778,0.05117384830879262,0.36385618463646474
302,1,0.007578455940085202,0.004696937504016058,0.0012741696434838744,0.03168353123995212
302,2,0.10907499497117493,0.06905292224943295,0.02102990552293685,0.44358523744915895
303,1,0.0023493982679735357,0.0019662728551568787,0.0009376626863112967,0.006058800090857993
303,2,0.0338266010085189,0.02859811771722776,0.016871797718214485,0.08339417788245926
304,1,0.002123019912110548,0.001651849184288563,0.0007988583829241358,0.0065186446476263316
304,2,0.030590577622043355,0.023843616291706025,0.014503045469951546,0.08987710323258338
305,1,0.0036476205558467574,0.0032607929528956905,0.0014646358075934885,0.00810473022819711
305,2,0.05251377825888938,0.04795367800841714,0.025683695626501055,0.1059901720876277
306,1,0.0047312873760985375,0.0039079906762453515,0.0011336028652591565,0.013090178440114862
306,2,0.0165220648596847,0.01581221385096594,0.009243307450614179,0.02804257389631026
307,1,0.0014542013172076775,0.001274812919046596,0.000693148696535754,0.0032334228853096677
307,2,0.020923159641008823,0.018580875719551714,0.013176034153400335,0.043941038844133924
308,1,0.00564374605061961,0.004899485603040821,0.0015238500094727863,0.014026218588797908
308,2,0.020341104933068933,0.019669120987063693,0.011620908153642414,0.03283640241815372
309,1,0.006802931246157455,0.005953171451369277,0.002328573165093779,0.016234025667251878
309,2,0.09810226889050919,0.08805743787202344,0.039158330518427126,0.21599128131247136
310,1,0.020919010076472337,0.020256239341712147,0.011014420977428805,0.03464165400601294
310,2,0.012185517219392266,0.012039990380188482,0.008428609866277408,0.016816323284258052
311,1,0.0036829069402472873,0.003183810309984903,0.0009839185415060046,0.009254044273917404
311,2,0.01318884195487792,0.012804639034582177,0.0077554897853955185,0.020850895333533175
312,1,0.01358983230530312,0.012524981602494243,0.005373857268398023,0.027905966114973313
312,2,0.01425109100239858,0.014087361067085271,0.010386925259510866,0.01902539392084665
313,1,0.003535944275813294,0.0030201910916245363,0.0009166437626797418,0.009157743511530168
313,2,0.01253840364868682,0.012174347358108352,0.0074294958504383555,0.0197590528201016
314,1,0.0011080416711197133,0.0010625527434126516,0.000609360542200806,0.001865451651219123
314,2,0.015944751651692568,0.01578609676622291,0.0118727434483259,0.02091799473813084
315,1,0.001143518863315848,0.0010969929606126964,0.0006299061092686734,0.0019241496094101417
315,2,0.016458043020733514,0.016289932044072607,0.01225247979395015,0.021585192355777452
316,1,0.003608330970945139,0.003081525545668721,0.0009353907176173642,0.009345657726663065
316,2,0.012793962029483949,0.012421940230003477,0.007578621653727079,0.020165825133223396
317,1,0.003530849839997912,0.0029923635599707443,0.0008992609083282231,0.009293858055690786
317,2,0.012445969984989499,0.012085631748413837,0.007400862674320429,0.019574860456251935
318,1,0.003504887308895371,0.0029975968311193057,0.0009119288917441098,0.009048951099941858
318,2,0.0124420595477126,0.012079244429018022,0.007370449819788308,0.019615737278279564
319,1,0.006545694928457739,0.00538689614704152,0.0015024122726460909,0.018424107619171532
319,2,0.022877349984787246,0.02191917422098196,0.011498010330628292,0.03976020912585814
320,1,0.027940092860186783,0.025892272427734314,0.011153594541408391,0.056530650134754556
320,2,0.0295282623461817,0.029015682822814012,0.020290382853587922,0.04165842783608227
321,1,0.009385684173789242,0.008970147315092982,0.00495041198017637,0.016175076523471537
321,2,0.13510973656262734,0.13307561990883637,0.09377677175781121,0.18815759275124666
322,1,0.10842996766692893,0.1041241668615456,0.0543575551472348,0.18694357686510568
322,2,0.06265353829203843,0.06183041113940643,0.043949258028203354,0.0859409657923659
323,1,0.008971652953179733,0.007509678322669024,0.0022119869698480578,0.02423421042917212
323,2,0.03150924294260307,0.030388454200236236,0.017809572728841105,0.051546583981006915
324,1,0.03671599458496952,0.030547500148559316,0.0104927293089693,0.09962750313046817
324,2,0.038232767462414496,0.03383731679458235,0.017644942614706293,0.08435841246153226
325,1,0.00780379842003685,0.0065196468763288025,0.0019076887260991277,0.021148864502853932
325,2,0.027309152226206633,0.026406298656313762,0.015675304632130963,0.044362549118930415
326,1,0.0044501006164581235,0.003913995751882813,0.0016815244993401925,0.010367154208265528
326,2,0.06405853142021072,0.057693614722731185,0.029071751668916176,0.13562050643397022
327,1,0.00907504231700575,0.007628246716720081,0.0022649589945163114,0.024223838597516693
327,2,0.03186944081701546,0.03087960348238008,0.01852338114338849,0.05099177878090592
328,1,0.045966013377509114,0.04415358039141479,0.021654293202244684,0.08037743675876784
328,2,0.050219839702721716,0.04954916356211203,0.032458680114711105,0.07182062909321783
329,1,0.0016131082035295782,0.0013899530698674423,0.0007332314358285741,0.003878788196616143
329,2,0.02322700461559343,0.020108610322204026,0.013721264190058088,0.05267714739743376
330,1,0.007361612071567787,0.006129612431235649,0.0017981351058919575,0.02010568859453317
330,2,0.0257311698804354,0.024825100885221885,0.014656147411364069,0.04193659552834778
331,1,0.009572171349151767,0.007951743040964295,0.0023021125765802014,0.026389709816270868
331,2,0.03341986965752178,0.032168269011313075,0.018704315070751192,0.05562887775034511
332,1,0.024030684796436573,0.022177723694705758,0.009417183102121066,0.049326186799248835
332,2,0.025360844927036517,0.02484345803172655,0.017084937137691304,0.03659769855052151
333,1,0.008711376558136481,0.0075230837268435,0.002309390237449623,0.021985311129702652
333,2,0.03127586791873745,0.03021762882420175,0.0178016759896304,0.05054614095718354
334,1,0.0044362076264314754,0.004076844675445238,0.0019212365236003096,0.009009444368936416
334,2,0.06384846487606108,0.06026178698474495,0.03405283467335487,0.11381643191837053
335,1,0.003196612908414379,0.002940462897797064,0.00150099308314209,0.00641545364339817
335,2,0.04607100431458338,0.04321808132390485,0.02696676453056931,0.08149154958819983
336,1,0.0017716023128249963,0.0015109105486962927,0.0007663439732499591,0.004402210841903688
336,2,0.025505558526977876,0.02182867916664004,0.014197567837065786,0.06018227415289522
337,1,0.04011120065591842,0.038488499943874925,0.020109834876456602,0.06926860269957426
337,2,0.02317285354109644,0.0228770090544563,0.016297032740609566,0.03177668118820245
338,1,0.009137875097310177,0.007631724048345438,0.002232827348424731,0.024916467225991525
338,2,0.03191775768549036,0.030845145897949323,0.018492636500669655,0.05141849525002775
339,1,0.008187659001993391,0.00680746872559949,0.001971166700853605,0.022455832912470237
339,2,0.028726587991998835,0.027455670021335553,0.01568689502465239,0.04883907648608372
340,1,0.00215904622991991,0.001958247774364174,0.0009774098009593237,0.004566815813862555
340,2,0.031077701947397847,0.028600736178342787,0.01780990971336397,0.05874401654731618
341,1,0.006665781261033179,0.005467666462484619,0.0015454716974145132,0.01877487831683859
341,2,0.023441866695342838,0.02202011278066527,0.011929730330233274,0.04332415078100926
342,1,0.008998895757942174,0.007294177228281878,0.002013341995374981,0.026027386069787377
342,2,0.03142519174848028,0.02948587189848557,0.015583254065620946,0.058656820823272435
343,1,0.005158752873340913,0.004283452987059744,0.001733481118108297,0.013765144732860734
343,2,0.07427601838103036,0.06297532010693893,0.029668933937095424,0.18515525950432976
344,1,0.002844514475328708,0.00249247164670379,0.0011589090244133,0.006616180263261168
344,2,0.04093193678451171,0.036434376708691776,0.020641456735793217,0.08738355615369328
345,1,0.004245442231485292,0.0035948493853481265,0.00148838515109242,0.010771737344513307
345,2,0.06113686443613766,0.05272371211756828,0.025602830729271178,0.14453146722927765
346,1,0.0018711311836362968,0.0017345236615487819,0.0009871214158379648,0.003429241825447628
346,2,0.027009197960284094,0.02550937673063544,0.018685396377153586,0.042989097078100454
347,1,0.008576780609210093,0.007870592994389811,0.003766925549243883,0.017555093036689312
347,2,0.12407738152951345,0.11632991122672205,0.06459381646010404,0.2288036176931465
348,1,0.03538821674680465,0.03303192098550736,0.014575286803447425,0.06958758851963391
348,2,0.037698332810391415,0.03700703681103694,0.025313449344007415,0.0539263450057239
349,1,0.0093944320044899,0.00790426914600834,0.002338441784931587,0.02498460513982221
349,2,0.03345619468413835,0.0318539366848138,0.017712069656920893,0.0584160509274465
350,1,0.03499270684544612,0.03425624384190742,0.02021722701688684,0.05400997723257901
350,2,0.020748174450487926,0.020407629538945996,0.013220646591003445,0.030208646984496122
351,1,0.002798400435253073,0.0025054759430855915,0.0011740396084973788,0.006114079798634048
351,2,0.04028236262215263,0.0368195428063021,0.02089337535840967,0.07966922257930807
352,1,0.008373375099567718,0.007042580935528624,0.0020854263523817584,0.022364409411038053
352,2,0.029482071836816084,0.028419178261044363,0.01672224384065136,0.048350770058510954
353,1,0.002777721914553244,0.0026019452661982176,0.0013447814436270717,0.005243876752835919
353,2,0.039976112879696046,0.03845101239266992,0.024539285193593104,0.06409575521014743
354,1,0.006859203731202498,0.005402222811771003,0.0014423363751186894,0.020770221578265212
354,2,0.02389451343813173,0.021628929152252088,0.011098795071035422,0.05031090429407257
355,1,0.0034189649372876954,0.002460073107943464,0.0010391003061306508,0.011591993692351152
355,2,0.049121762194754684,0.03573450339295679,0.01833260593352662,0.1601985380144256
356,1,0.03033589129395753,0.028459049566019717,0.012726906676263057,0.05843814561863121
356,2,0.03241544539307899,0.03188371119798228,0.021937920309884455,0.045980672049470823
357,1,0.009936101815398139,0.008529924202703586,0.002614450283139271,0.02540408310921518
357,2,0.03546217637679764,0.03436671979813795,0.020630447703749628,0.05663328203006329
358,1,0.009341680863058586,0.00779770485309749,0.0022825598520376054,0.025377862960479513
358,2,0.032660107887325436,0.03158753011229795,0.018823013042042886,0.05276751023383247
359,1,0.005208310252886183,0.0043014592627881165,0.001239074923780813,0.014454983043354496
359,2,0.01824869613285234,0.017284992691782533,0.009906921384799436,0.03213006046195584
360,1,0.0033059712695552037,0.0025920288163975547,0.0010755524369373604,0.009931754372063315
360,2,0.047597321803489155,0.037807049939805826,0.01884764386688548,0.13555569220699418
361,1,0.001437184288235326,0.0012781269370749277,0.0006910957755794845,0.003110872788992305
361,2,0.020682541038227083,0.01864151288200122,0.013094604765906502,0.04152022241045293
362,1,0.010166457473189255,0.008657429735951683,0.002599596747577235,0.026605157506417485
362,2,0.036004622297795164,0.034847032744786316,0.020796210475114752,0.057963027476406456
363,1,0.009210883789590724,0.007791044077451744,0.0023154461083480585,0.02434704231681584
363,2,0.03253704505108024,0.031401130024726,0.0185608969701268,0.053004630119988655
364,1,0.007442563616509364,0.006280937278224938,0.0018727715474423081,0.019776867053965152
364,2,0.026283291819251885,0.025338502285924512,0.014931391884043922,0.043091651855200946
365,1,0.02832253576176384,0.02797652221690352,0.019814965548309957,0.03881907627125828
365,2,0.01748750299433837,0.016772368973204804,0.009060356611520675,0.029888075537554997
366,1,0.007673280007986539,0.007290906630111761,0.0038637061066191104,0.013684197636857999
366,2,0.11056148306342697,0.10807130627877613,0.07059717315797379,0.16427154838111405
367,1,0.027362691149540777,0.02481341427054312,0.010058764822472996,0.05939260103304607
367,2,0.028605941285075924,0.027801002888444108,0.018575926611524612,0.043120345177088404
368,1,0.005899445547532067,0.0049475125968443875,0.001459678235836983,0.01581348972853967
368,2,0.02068944344822857,0.019990920434585703,0.011913568770634275,0.03338381335884559
369,1,0.008152497419386938,0.007480312114976047,0.0034421836237719353,0.01675352641372445
369,2,0.11747578729254032,0.11056102309530133,0.060269953154933956,0.21508618504971488
370,1,0.03899724884807246,0.038231720126515226,0.022988024144369592,0.059590574375035794
370,2,0.023212091327397412,0.02280926720248277,0.014462987971007738,0.03429208176066166
371,1,0.03241817340393081,0.03159307010488715,0.017661309976685604,0.05195030508331983
371,2,0.03679634445428581,0.035779201183648995,0.01956257740721561,0.06018237740409047
372,1,0.03319511997465669,0.031532095037397,0.014775383613494144,0.06105552945687103
372,2,0.03583060093171545,0.03536051853301585,0.02413575204850427,0.05024862581541381
373,1,0.027612468045497073,0.0259038830857881,0.01164613414750034,0.053165874250749694
373,2,0.02948341217835848,0.029046543042097694,0.02026252421491894,0.041126924874069104
374,1,0.06232955610458711,0.05973633831642679,0.03097089513757299,0.10835491700562716
374,2,0.03595101179547405,0.035482487233093746,0.025441741594464478,0.04914702941784769
375,1,0.008822691340338494,0.007636482447419653,0.002361164244542002,0.0221463604135367
375,2,0.03167962338973672,0.030651101111816813,0.018249165871356478,0.05087141438129956
376,1,0.003107283526867327,0.0028723054190650022,0.001419557792790558,0.00621776702467111
376,2,0.04472905433274195,0.04238848230057449,0.025551195418153254,0.07759607586912087
377,1,0.024862721619818565,0.022829958707836093,0.009603902663391414,0.051783060958949426
377,2,0.026138480346905194,0.025607471046200724,0.01772718721601142,0.0375311446951164
378,1,0.008933756952935678,0.00758424272314594,0.002258386032894334,0.02349391876815574
378,2,0.03176604398495173,0.03050491178763954,0.01749498180910858,0.05334083988523795
379,1,0.006136035853215125,0.005091859512574746,0.0014830216651486989,0.016803803778880914
379,2,0.02141604404138406,0.020650644805944467,0.012189772042150125,0.035011401445174235
380,1,0.011168811328167133,0.00937939769248259,0.002781083839331459,0.030046792092035618
380,2,0.03915575490608426,0.037910139025370174,0.02274746146940369,0.06283332092397761
381,1,0.03484430720888631,0.03299285617765492,0.015199888613068709,0.06504324732000105
381,2,0.037524710369330354,0.036921387577551305,0.025007220192579793,0.053360047202814107
382,1,0.007237813333589035,0.006017870694876396,0.0017534439766783698,0.01986487432599587
382,2,0.025276044820273735,0.024325504604176824,0.014301679290961933,0.041516929004243835
383,1,0.002854897018671528,0.0026096025147812124,0.0012694034107990696,0.005863795611900789
383,2,0.04110742753004555,0.038424466899691506,0.022795837440922232,0.0749667629710247
384,1,0.004332713967372222,0.0037789644480657135,0.0016088181580750903,0.010265166039932825
384,2,0.06233991291381234,0.05571754037820949,0.02778174574794387,0.134914118957439
385,1,0.0034221576057109453,0.0028066205914688168,0.0011821889457055085,0.00930804864754838
385,2,0.049249282783815344,0.04114392275555088,0.020489388824668404,0.12583450525208206
386,1,0.009198807185873062,0.0077537482491678335,0.0022953212338043217,0.024472013241518466
386,2,0.03246768720384408,0.03130063324026029,0.018427288250654816,0.053063555650331815
387,1,0.006562806519944976,0.005259796241518119,0.001427841154537856,0.019298515619109006
387,2,0.02290115766039613,0.02108053756712463,0.01116979901584534,0.04550702087808059
388,1,0.009614022041447338,0.007951587848257651,0.002280194498491374,0.026749704792034923
388,2,0.03366483029520485,0.03215657052818052,0.018030710396250295,0.0579389038387778
389,1,0.006090185054035276,0.004964553359071544,0.0013969044000143825,0.017269469806302735
389,2,0.021205281963445,0.02004017872412534,0.01115088606243218,0.03815758956130258
390,1,0.0020748222348289367,0.0018702451012690517,0.0009233265120773806,0.004464388427784317
390,2,0.02987427886487324,0.027357712818591416,0.016773049286548408,0.05798522898904323
391,1,0.0035830720599655946,0.003006777293888759,0.0013187721815483898,0.009295944186982272
391,2,0.05163132064326353,0.044081397141630445,0.02300667989436197,0.12492808981916871
392,1,0.0017710959206622705,0.0015521448666695956,0.0007816225315681681,0.004061337866477212
392,2,0.025490231214683575,0.022605658615446,0.01426797917739371,0.05430237894474871
393,1,0.0011120006140278183,0.0010581708842847702,0.0005747558187781981,0.0019567205652909103
393,2,0.01600013533611486,0.015730529460300964,0.010717215368245245,0.02274400350275091
394,1,0.0016368667268186032,0.0015158995877056318,0.0008048277706419687,0.003183891364112431
394,2,0.023551565487097824,0.0222296796243368,0.015023754935125871,0.0401117131676056
395,1,0.0016955469521436099,0.0015536392778410129,0.0008093700469802668,0.003427504848977613
395,2,0.02440053688036752,0.022719333920007755,0.014950933474037172,0.043886495296657425
396,1,0.02218462532614267,0.02056813548104481,0.008899368222956245,0.044663126253637234
396,2,0.023560422658872343,0.023042696368841403,0.015638874144436203,0.034401419021049054
397,1,0.023819623404536756,0.02183108483896706,0.009161955760386928,0.04964505412271058
397,2,0.025127902714572495,0.024447087908849537,0.016402812715488994,0.03784814556717293
398,1,0.0011442829328256804,0.0010737812754687188,0.0006033276190220203,0.0020597255508660486
398,2,0.01646712218300639,0.01584395916018122,0.011559695683193866,0.024319789547205827
399,1,0.0019305458646599893,0.001762685432041707,0.000892001141298415,0.00395795886040939
399,2,0.027783797252182996,0.025888774341223005,0.016274512386161056,0.05047106047158316
400,1,0.005160047545714209,0.004267682884881819,0.0012343957537514084,0.01433220084939928
400,2,0.017974876792405243,0.01730265762296042,0.010221842864588274,0.02953613631991437
401,1,0.001091176639398927,0.0010462496490047774,0.0005937184860335763,0.0018516046043382695
401,2,0.015701666355317806,0.01552173388816671,0.011473598439413021,0.020911346275144176
402,1,0.003147958468435715,0.0026152154671730465,0.0007689891665366744,0.00862417024913334
402,2,0.010943948743164551,0.010614418512962048,0.0064797133153176355,0.017320941444238715
403,1,0.004947863386515702,0.003995993846729059,0.0011189376590633703,0.014338115142995137
403,2,0.017229731804092287,0.016018420176316855,0.008904984602088196,0.032964696920824633
404,1,0.00308981288838094,0.002563444695831302,0.0007495491400113307,0.008523052330579982
404,2,0.01080258630672585,0.010335375618100726,0.0062043891486009755,0.018114148366417435
405,1,0.0026028065895727856,0.0024314582592690776,0.0012515553355842582,0.004945713734816022
405,2,0.03745574587752116,0.0359480444694053,0.02279551156496077,0.06056415329998057
406,1,0.0050544435068798,0.0040646404095991085,0.001116759834766801,0.014900148533406427
406,2,0.01758026984358586,0.01628095296670436,0.008814577583825381,0.0340073804761733
407,1,0.05376893776870244,0.047459969128884526,0.017834528061657452,0.1262060242160968
407,2,0.055942945014395125,0.05339876169963952,0.03123961094604323,0.09541857721398288
408,1,0.0012288018741561406,0.0011770518338273164,0.0006687227775868574,0.0020808336747372607
408,2,0.01768322667827004,0.017477295430123045,0.012888722790662917,0.023640567972124275
409,1,0.003684926753352908,0.0034260645126052845,0.0016842456630857096,0.007209142058544706
409,2,0.053039297222921805,0.05073803959914497,0.03001621375586427,0.08931264838910961
410,1,0.0012482990369463768,0.0011648154685834499,0.0006467647862094727,0.002257354435712997
410,2,0.01798029577698872,0.01722205380461889,0.01228629570712529,0.02690365074212856
411,1,0.0178639201775976,0.016367384253560286,0.006864041023207611,0.03746708378857468
411,2,0.0187749955563069,0.018308047233653653,0.012691115602030713,0.027545000898177765
412,1,0.006230814308962731,0.0050564083165058876,0.0014070900563518476,0.01803802630892836
412,2,0.021653534831695662,0.020377691245767153,0.011192307150662372,0.03945184877839954
413,1,0.0016464987048872746,0.0014884921537562236,0.0008063429720249611,0.0034192984469364235
413,2,0.02370743745657832,0.021762665766139437,0.015164036055636557,0.045271324158914855
414,1,0.008261728448215207,0.006888291965373984,0.0020086870802223543,0.022451959652929177
414,2,0.028915033119117174,0.027892581173372406,0.01641554031112371,0.04721366582343277
415,1,0.0037594287661795876,0.0031613718969386966,0.0009493599467021659,0.009918689649248236
415,2,0.01331019698908502,0.012729242529182722,0.007609956280708418,0.02177397758060895
416,1,0.0011152349285457096,0.0010594766521536524,0.0006025521404372678,0.0019279687827120477
416,2,0.01605164541312804,0.01567721740830858,0.011657801223711246,0.021951558280663766
417,1,0.02660300481281161,0.024596810515264037,0.010618131110978746,0.05395747942826229
417,2,0.028155495562177085,0.02759966074513344,0.01899569074434442,0.04049152648449874
418,1,0.0073631387954008936,0.0061494163246935026,0.0018139052239945187,0.019923165478625743
418,2,0.02586494772682121,0.02492987573944455,0.01463052742136154,0.04266932643560216
419,1,0.0011257232970184215,0.001069130999847966,0.0005679115859550377,0.00201196591888494
419,2,0.016208284800258398,0.01591719875045846,0.010500759884244175,0.023600197657870994
420,1,0.02277016455887182,0.021182367862887262,0.009267590084629117,0.0451055731430971
420,2,0.02422039141493975,0.02374049800773902,0.016142573040763584,0.03504646644059704
421,1,0.0016228570457092778,0.0014436751392537027,0.0007227526023232776,0.0036048192097731615
421,2,0.02336324309033649,0.021084904017810758,0.013124952040906803,0.047913508193707495
422,1,0.029038150063261513,0.027133439943981683,0.012059871588101857,0.056738595352070875
422,2,0.030876689544202026,0.030442247243950567,0.021458077969466652,0.04283848339065223
423,1,0.0015888675055616298,0.0014564940596374994,0.0007745281255058488,0.0032168894548962033
423,2,0.022873951925774683,0.02124876734374226,0.014482104672023377,0.04121780196835729
424,1,0.0019211513735902797,0.0018063354652630955,0.0009695719148690598,0.0035367745106455774
424,2,0.02766872447142679,0.02662912458105081,0.018050969529064095,0.04344535156194628
425,1,0.004726756344794912,0.003932753531776617,0.0011478008393419339,0.012940057468798304
425,2,0.016524452781185167,0.015926472416541236,0.009391985701361266,0.02707244671937717
426,1,0.001846884090297752,0.0016261401288331213,0.000800583749038508,0.004213658351999351
426,2,0.026563073083681853,0.02373064843799694,0.014569834951068157,0.055410265835769044
427,1,0.024130735801092904,0.022057300792630748,0.00916173644009174,0.05107755813126503
427,2,0.025330403256519377,0.02473732977113341,0.016849957043681606,0.03721360411500488
428,1,0.005958963975114526,0.0046948597255724745,0.0012615903525963292,0.018186459601110032
428,2,0.02077439577480576,0.018688630997677334,0.009723725127111062,0.044443922652180355
429,1,0.001276958095755486,0.001202731792006822,0.0006584522355187701,0.0023214470795660516
429,2,0.018373812679633332,0.017738513730385177,0.012422813998017099,0.028090489345221563
430,1,0.005017457687710239,0.004015463574516912,0.0011030341024809043,0.0148587890810194
430,2,0.017429235296087538,0.016018061784965565,0.00880894025806766,0.03457959950193284
431,1,0.015271653238254313,0.013691021832919828,0.005625538166526413,0.034352177555073186
431,2,0.016022255903771935,0.015096806587081402,0.010490675001200201,0.027484257569699723
432,1,0.0019347941152644864,0.0017189254481440174,0.0008432955346496274,0.004321728397313588
432,2,0.02782714424111391,0.025123910266735633,0.015380112440336501,0.05637589672241588
433,1,0.04038936651711699,0.03743095791548033,0.01622491764986644,0.08161719959725436
433,2,0.042642458872726836,0.04202742379319295,0.03001500275082996,0.05871651164777079
434,1,0.0020872840118176237,0.0019218128208459656,0.000979514022280041,0.0041505832333890175
434,2,0.030044850225657515,0.028286168684877787,0.01790028563376638,0.052711130541012875
435,1,0.001663239698770793,0.0014795187715344882,0.0007878651055319883,0.003648547674004003
435,2,0.023930181500081006,0.02153464247592149,0.014816463249516012,0.048556322059370396
436,1,0.005610177366549067,0.0046272347713747705,0.0013240279189417193,0.015611717574007141
436,2,0.019524466054400023,0.018716990637416428,0.01080641033523613,0.03281656697426951
437,1,0.024210216325984753,0.022309088166033893,0.009544296497570723,0.04943806904559553
437,2,0.025605840549880313,0.025047945199492876,0.01703776897434432,0.03731959303867139
438,1,0.0013317189100884952,0.0011828299024290846,0.0006269836126747046,0.0029577329016707826
438,2,0.019145719788660042,0.017225021463046098,0.01180636081500361,0.038750178907612155
439,1,0.0040454761610453395,0.003483679988627815,0.0010574852152466208,0.010321353067138701
439,2,0.014611359221932187,0.014000070180931632,0.007734154137232975,0.02488179757179639
440,1,0.004222355708246155,0.0034948573226665017,0.0010116855860047742,0.01173367307717428
440,2,0.014726293824481275,0.014104036778728162,0.008232128300602382,0.02475196173458631
441,1,0.0012193479920912388,0.0011312225227721267,0.0006268705353218776,0.0023103211742815035
441,2,0.017540839382995648,0.016628329778945242,0.011951268398028125,0.028920278170494806
442,1,0.0019245783703374507,0.0017671972110138011,0.000897748209988123,0.0038724818750520943
442,2,0.027691383374404684,0.02595286979819107,0.016355080489609212,0.049142622060810735
443,1,0.0011028347732073701,0.0010570822845430306,0.0005998499326565092,0.0018751414533193266
443,2,0.015875973522703167,0.01569114330661129,0.011485934749310183,0.02131521946590217
444,1,0.002933780237018717,0.002688269625964675,0.0013168124370838913,0.00599118229681076
444,2,0.04219717362453019,0.03964395980302002,0.023590877863339542,0.07533557104142756
445,1,0.022417291925314938,0.020345900879039577,0.008310611663380344,0.048465716122429996
445,2,0.023552306699894547,0.022702432058148918,0.014957681632044044,0.03703624205686288
446,1,0.006732186510591477,0.00559633637901729,0.0016125724990141465,0.018462556718770114
446,2,0.023689534284719024,0.022514376712282264,0.012686906544860108,0.04142164595600981
447,1,0.023159761504669918,0.02137624194427591,0.009109029829433365,0.04729723870988002
447,2,0.02441385528052293,0.023965836210283597,0.01678081743955053,0.03460235656581724
448,1,0.0023159918121509215,0.002086816607257439,0.0010132304818170014,0.004970216216222447
448,2,0.03332768060365003,0.03067614757949275,0.01821619525748733,0.06422165319263964
449,1,0.06435194670702618,0.06138334328381779,0.031135026070083213,0.11482321961674936
449,2,0.036953023684390816,0.03646664898101279,0.026307542855333262,0.050435817971881354
450,1,0.003027142092889835,0.0026897513213678427,0.0012475205154072761,0.006747386520615165
450,2,0.04359247634456392,0.0395381866189555,0.022232915166872775,0.08870126198000575
451,1,0.0010861751233927984,0.00103804270098474,0.0005776116299590063,0.0018700150320145456
451,2,0.015644116803768413,0.015431641428756908,0.010970015159359822,0.02153191094792608
452,1,0.006412297159481433,0.0053172432364141185,0.0015260398504509947,0.017689507183434167
452,2,0.02242389342952155,0.021468710001143414,0.012381765190280631,0.038042801937451014
453,1,0.0017768076328932003,0.0016694590577757125,0.000893383990963512,0.003296111687596058
453,2,0.025582098440130988,0.024554402221678588,0.01671286771429315,0.04066045929435582
454,1,0.0013689549489584987,0.0012676900491316156,0.0006935238226259901,0.00264403231718552
454,2,0.019714395238016904,0.018567016737355002,0.01313049948220172,0.03356197358412499
455,1,0.0020995284007544112,0.0019507192406387104,0.00100305979769865,0.004063716642318443
455,2,0.030208182391695787,0.028736661288074367,0.018339959788278758,0.05051372455340698
456,1,0.021604980839161382,0.020492346471864504,0.009572019651198355,0.039885590101226207
456,2,0.02331164136883741,0.022968026415800237,0.015615969539275904,0.03291823461052234
457,1,0.002765315807955616,0.002600510303305696,0.0013554130305712478,0.005116374977323353
457,2,0.039830547395029926,0.03847711014955995,0.0248067199947017,0.06262002400742656
458,1,0.006163289165135942,0.005315691552080676,0.0016409859794525702,0.015489810248658685
458,2,0.022173831682528015,0.0213806522282464,0.012485963932490554,0.036270744759441746
459,1,0.0026152759268478426,0.002177239145436196,0.0009984251263398037,0.006986037830441857
459,2,0.03761048979790741,0.031642994682211725,0.0178196249432307,0.09409304281426309
460,1,0.015038836733200008,0.013525423401313425,0.0054766432486898515,0.033300445698469766
460,2,0.015613511096705586,0.015138914018492582,0.010664244227252963,0.023503989419371842
461,1,0.003718963449854156,0.0030683379720884353,0.0008920100987395286,0.010376788192950183
461,2,0.012966145088319241,0.012387581198480664,0.0073449723245300694,0.02195950136924004
462,1,0.0020302753333140784,0.0018733783452370442,0.0009448953565325408,0.00403446884087522
462,2,0.029216709175976283,0.027512913868822868,0.01731798197265032,0.05112979310494459
463,1,0.013036779943403267,0.01174420774290623,0.0048556217158953,0.02823734248196912
463,2,0.01355246227166425,0.013194902792667357,0.009647816243397316,0.018717001922035216
464,1,0.023763348293370377,0.021767033806221768,0.009130431924228964,0.04989542270043072
464,2,0.02495392079468294,0.024447699438307564,0.016839665336553657,0.03597669532754699
465,1,0.005590983181753893,0.0046393535642244976,0.001339558371881603,0.015383529967597703
465,2,0.019539834949042805,0.018754189405581517,0.010907491069639695,0.032596046706023625
466,1,0.00182680728309964,0.0015842269672988088,0.0007881356309279876,0.004353449149435335
466,2,0.026284339925520917,0.023015623665930747,0.014370784482730692,0.058433589191767395
467,1,0.0018047959234902364,0.0017039295233040347,0.0009155123318001016,0.003263498909857017
467,2,0.025981292896433864,0.025186673882913443,0.01709817027551862,0.03950680304818472
468,1,0.0122545514824806,0.011214162249961981,0.004737584552428406,0.025712186064944458
468,2,0.012789852011437432,0.01263502032677513,0.009247198477925302,0.01720889616133012
469,1,0.002883094903754046,0.0025733708646376017,0.0011877372286717967,0.006435336269370847
469,2,0.04153100166167283,0.03783231693351966,0.020903395549601498,0.08373648575217613
470,1,0.0014997510330072262,0.0014035835334378567,0.0007542241499556599,0.0028176319038070666
470,2,0.02158040040140154,0.02065350302894316,0.014142942797760684,0.034705314121501116
471,1,0.0010361578621518135,0.0009883790176848292,0.0005458263418292864,0.0017979680684797994
471,2,0.014909129054613711,0.014694866063687681,0.010310147653765683,0.020724874742940942
472,1,0.0012152998897688376,0.0011128951179158629,0.0006181854996506453,0.002326573183421887
472,2,0.017481728395974925,0.0163628878091746,0.011803406334639019,0.029235926842141515
473,1,0.006888632901931986,0.005559483783906772,0.0015476413936260005,0.019957325212645954
473,2,0.023924148077458244,0.022516401271644504,0.01222690316156504,0.04384258844190594
474,1,0.0011238471078526336,0.001048004346121853,0.0005815609564232388,0.0020885198900643803
474,2,0.016181996925459213,0.015434816368995104,0.011118277467359735,0.025425609723380756
475,1,0.004017184895110163,0.0032044347695200865,0.0009051440834489506,0.011889151380664473
475,2,0.014020495719820471,0.012755215502776258,0.0072835943864750195,0.02850272854015998
476,1,0.0019177315636397564,0.0017808903722094436,0.0009195607827848115,0.0036977633315010464
476,2,0.027588534541450035,0.026270524883335727,0.016926875117177522,0.046128952693081565
477,1,0.003912829239171363,0.0031836574394233912,0.0009015013483681739,0.011230878395917602
477,2,0.013607073507073438,0.012802475089314685,0.007389881100735375,0.024668773021459395
478,1,0.004733467051343695,0.003971978610250693,0.0011649222975579948,0.012813072260189984
478,2,0.016644375564219983,0.01598714135315563,0.009401835983538945,0.02768293683967465
479,1,0.004484509944185446,0.003500408644666021,0.0009545431249510807,0.013865523867817364
479,2,0.015577072991415617,0.013833376044640518,0.007695133871503311,0.0344561654544184
480,1,0.0035879724984412137,0.0029411597529648338,0.0008515711168029752,0.01009902678051919
480,2,0.01262184497006873,0.01172850857375657,0.006774231092137143,0.02380908305266555
481,1,0.005225765008726896,0.004349711210743141,0.0012671525293006234,0.014327414413633884
481,2,0.018252761785887302,0.017590657733307084,0.010387838871929954,0.029922713523426268
482,1,0.03417588542331234,0.03057655230194875,0.0120663319237001,0.07658193228453458
482,2,0.03572900494687923,0.03429517622004634,0.021485903613913088,0.05815610393086614
483,1,0.004792202556223258,0.0039010807461245522,0.0010927558411675212,0.01369502245728505
483,2,0.016688905355423417,0.015696689118903234,0.008763372261031048,0.0303426909322991
484,1,0.0038816951114631995,0.003097760594295018,0.0008782712345041996,0.011388060424621262
484,2,0.013484532190786054,0.01239609437394798,0.007258955523599607,0.02587169114775531
485,1,0.00170653452095747,0.0015086537593000605,0.0007796482287470324,0.003825461272865156
485,2,0.02455668113505319,0.021943132885625154,0.014481668424361018,0.05087841337941463
486,1,0.005294268734251121,0.004309832396321553,0.0012134239547500376,0.015108269577851772
486,2,0.01845780746087392,0.017361269759833806,0.009673668247468832,0.033698221821201677
487,1,0.004295122586663954,0.003400342053083433,0.0009636715199840763,0.012860075417894823
487,2,0.014981434143665394,0.013503233255261517,0.007779976874605733,0.03127130753006182
488,1,0.014469453317878977,0.012875358094227504,0.005245172576801974,0.032660198887559985
488,2,0.015037997502963812,0.01434301052843141,0.010308253282255615,0.02367007055289345
489,1,0.0014696621913949251,0.0012464934617351605,0.0006472295214296722,0.003642103958961103
489,2,0.021153562286721453,0.01806933184542097,0.012073307404786423,0.04998618288901756
490,1,0.001689577979249502,0.0015131714029756793,0.0007735372081703297,0.003680319173767957
490,2,0.02431753292000476,0.022001959097034472,0.014450904368797077,0.04837697408310285
491,1,0.00439117663385019,0.0035680831467620683,0.0010005420565832493,0.012648270427752588
491,2,0.015260309805653622,0.014257331319737061,0.008126577985784072,0.028390506615046038
492,1,0.0012255577582587652,0.0011340700611292159,0.0006345892274666055,0.002259901917269663
492,2,0.01763836714408116,0.01671854513072414,0.01214974899962216,0.027175171855610084
493,1,0.0284174237464826,0.02437066925643656,0.008920954246118792,0.0718280656865885
493,2,0.029630589012265517,0.02696861909216222,0.015481622550820126,0.059372606655691204
494,1,0.005227357297151562,0.004373992351941514,0.0012755773017219384,0.014132708684248957
494,2,0.01846620066047835,0.017563154222445018,0.010030790912676607,0.032206816348518796
495,1,0.005576630342944015,0.004648783173474974,0.001368686327588987,0.015201619891302585
495,2,0.019515640922201958,0.018850094339274523,0.011153226128939923,0.03166530103541088
496,1,0.025422600908247415,0.022919144792256298,0.009199004626600046,0.05631833805776716
496,2,0.02658973033277137,0.02566487757065336,0.016682108192656392,0.04182243268660685
497,1,0.004168189854600334,0.0034330733065150313,0.0009890529028528101,0.011663066969212788
497,2,0.01453512112345339,0.0138531014251007,0.008054570595554788,0.02493307762514944
498,1,0.012161534979923304,0.009538033595735093,0.002447553311954596,0.03733050803122455
498,2,0.04248593452253701,0.038363250055673044,0.01781447915128525,0.09127922125519777
499,1,0.017076902620835468,0.015638544576387317,0.006578451970736851,0.03566359180337566
499,2,0.017940754836618764,0.017521668992975078,0.012220219726736804,0.02606927124868981
500,1,0.009172478751956295,0.007387461715851929,0.001997553329399739,0.027025442184430724
500,2,0.03214301273785781,0.029653293938815203,0.014886476083464857,0.06395260552069171
501,1,0.026506700593796704,0.023337900442153434,0.008856306817275032,0.06253394105181644
501,2,0.02762418079945523,0.025922529872875688,0.01594356431670684,0.049283709032235466
502,1,0.001483295622856196,0.0013289571955428208,0.0006922084323786968,0.0032237219996638722
502,2,0.02134863400523002,0.019346123954998823,0.012879813041104611,0.04227489302982368
503,1,0.013612484770571934,0.012130157632406102,0.004975662898916973,0.030603212347116198
503,2,0.014129950759414327,0.013545422643687383,0.00979899155251945,0.021699649841976868
504,1,0.002661621762025949,0.0023702389235451043,0.0011141452194796155,0.005916281108021638
504,2,0.038312536159441184,0.03476214799400772,0.01986524444807263,0.07762510966035005
505,1,0.001906997092458492,0.0016100204721529485,0.0007807543469460872,0.004880764161665907
505,2,0.027444746460548054,0.023352756030948975,0.014147910127246989,0.0659815285133049
506,1,0.005367763797277137,0.004769520789644317,0.002029680394893589,0.012185516624727387
506,2,0.07722727029562239,0.07061388475115725,0.03482256243766207,0.15843690669275992
507,1,0.0012205677947340746,0.0011527755218178003,0.0005830203971618565,0.0022461820998558603
507,2,0.017557438534865907,0.017169569537124743,0.010437078910322806,0.02690784728699259
508,1,0.001973470772614246,0.0018432906291058046,0.0009732447091554528,0.003727940203941078
508,2,0.02840810943731934,0.027142809055472866,0.017989646137941722,0.04642369618659095
509,1,0.0012897427795714146,0.0011465290370377356,0.0006053711587445202,0.002703435466006299
509,2,0.018562393826975155,0.016844616176656203,0.011273343939457002,0.03580022755799711
510,1,0.006104560697350973,0.005064195334542183,0.0014695175476243728,0.016788021935308307
510,2,0.021299193720876724,0.020508644195256102,0.012104097976591233,0.03497636801420906
511,1,0.023365806779634228,0.021314987681727265,0.008837117587575192,0.049512255348911426
511,2,0.02468635763446526,0.023824616299274976,0.015585496382664222,0.03887575877541743
512,1,0.0010293159083708367,0.0009834854400952032,0.0005442361172754464,0.0017853521427505215
512,2,0.01481425273789966,0.014601349359108798,0.0102501522124584,0.020554998879260707
513,1,0.0016275842151018776,0.0015153891829022092,0.0008044089700424448,0.0031029129572133856
513,2,0.023415749676362656,0.022291781901338334,0.014976722447178932,0.03843622011019938
514,1,0.0017891323586252139,0.001654647755965018,0.0008492208010033343,0.0035186298898405148
514,2,0.02574222734477155,0.024286315249843392,0.015658299894902354,0.04428335410478177
515,1,0.018667389734780843,0.017001569213948187,0.007013649572848085,0.04014293885602898
515,2,0.019539796567000996,0.01903073680764765,0.013151871938063128,0.028813340565921434
516,1,0.0014709625060467337,0.0013314477832650018,0.0007060279706683427,0.0030819187076044996
516,2,0.02116033440502352,0.01940928817972804,0.013226744402392493,0.040131649650705974
517,1,0.006444179799372443,0.0048957853924996905,0.001348812940696285,0.02062046581494276
517,2,0.02268283372002871,0.01921196566280481,0.010227801592702932,0.0577454331809683
518,1,0.003139209145913633,0.0028107337173417417,0.0012842216742969884,0.006956262324916194
518,2,0.04520660754963336,0.04132345275737969,0.022647947913614127,0.090641676065393
519,1,0.004236502126067044,0.0034218475785559,0.0009703966962377014,0.012322211892488898
519,2,0.014692015425207651,0.013794007483010667,0.007969131123187395,0.026730868866233482
520,1,0.0010850451152074453,0.0010230495588520732,0.000522500818105399,0.0020021711591011976
520,2,0.015622494159731017,0.015217811441310954,0.009468687660134695,0.0240641154304047
521,1,0.001605881758873881,0.0014980706817672475,0.0008076578734742008,0.0030386040455004926
521,2,0.023110259406854333,0.022009999295897874,0.015226749103265698,0.03763667446492297
522,1,0.002318910184633472,0.0019916678926925344,0.000910675624186452,0.005693056851361053
522,2,0.03336150132758869,0.02904314497511124,0.016225661225927036,0.07615270871372085
523,1,0.002146944410191428,0.0018684129008893307,0.0009327983216167369,0.005068446057317106
523,2,0.030918888081993456,0.027133223890765307,0.016917487087163022,0.06774467293192148
524,1,0.0037737889937276207,0.0030063498257497075,0.0008463778237827864,0.011185893638148418
524,2,0.01312003844082145,0.012003945031824233,0.006911251368061078,0.02615232962617624
525,1,0.0022032632949378437,0.0020472043602118963,0.001042875574124327,0.004273352711915236
525,2,0.03170187112713532,0.03015941619984691,0.019048156984098938,0.05348614798798857
526,1,0.0023149588999552646,0.0021446566777168865,0.0010948701379065542,0.004512133451230851
526,2,0.033321732815246925,0.03161347930657642,0.01995425635025024,0.05660993253962893
527,1,0.002573895166370941,0.002370181581399446,0.0011682721870609008,0.005162311126719469
527,2,0.03703562343697427,0.034911811516321,0.02097317058058357,0.06510765544113224
528,1,0.0023769139822309568,0.0021241605177622636,0.0010307982576951173,0.005230282068759506
528,2,0.03420727285040932,0.03111351319567575,0.018545627998619228,0.06810205351903993
529,1,0.0010509972366807836,0.0010041258273241174,0.0005599002944899966,0.0018098998033687257
529,2,0.015120548945519287,0.014927637023957148,0.010659424759212123,0.02068804525215249
530,1,0.001293083645292333,0.0012180573212310047,0.000669922004872096,0.0023619187549953967
530,2,0.018606814496412327,0.017904140833318653,0.012731463346035372,0.0287560177906748
531,1,0.001609220188651935,0.0013849232996865197,0.000707975073974049,0.003909112407439423
531,2,0.023170721182109246,0.020102202480996215,0.01310658047383375,0.05287915150909973
532,1,0.003815887792078197,0.003017265214087684,0.0008628042817970579,0.011400855002308542
532,2,0.013253916646463896,0.01208698589505739,0.007047687479343626,0.026217335046781934
533,1,0.001996908057386552,0.0018581346978843475,0.0009621105717634229,0.0038206540053938483
533,2,0.028733984857487276,0.027336972565592824,0.017751413074578653,0.04798801689369997
534,1,0.0018616925666795482,0.0017137120145014162,0.000878011217910466,0.003710976839415633
534,2,0.026790174311610643,0.025173774846482075,0.016079569538274906,0.04690713429913858
535,1,0.005828993839704184,0.004782688243199676,0.0013702669319288039,0.016429639851135023
535,2,0.020259629959339394,0.019375094574558074,0.011131175890853775,0.03445605708892307
536,1,0.02297362948973678,0.02080255852040036,0.008483037762083877,0.049756016559834755
536,2,0.024039791595286932,0.023341363782372733,0.01566491250281552,0.03649580108250725
537,1,0.0018142338757640274,0.0016198496762842886,0.0008092762966761088,0.003983139822423975
537,2,0.026115094000523004,0.02364459938422954,0.014795455126242583,0.052586654169266105
538,1,0.0020755567822077475,0.0017046573677386202,0.0008022247652225004,0.005649392971052647
538,2,0.029850538026211938,0.024694117886821135,0.01442399018252824,0.07641015853531472
539,1,0.00116583590500293,0.0010900797273715014,0.0006121641902022127,0.002127958997576009
539,2,0.016775503471763816,0.01605913028143461,0.011758707460923811,0.02576300940083639
540,1,0.0028295654858934527,0.0025545608536652062,0.001210352901572238,0.006014461937818121
540,2,0.04072493763668122,0.03764104876395317,0.021589657696106872,0.07765563108449278
541,1,0.0011897256562273114,0.00113055369823058,0.0005984144164896487,0.0021232601264570793
541,2,0.017121899202075054,0.01680381235016712,0.0109553423955254,0.024997495241617845
542,1,0.001217447707579025,0.0011608513569887262,0.0006303771324903582,0.0021340564394482643
542,2,0.017516451514791434,0.017262922655747897,0.011690929375201406,0.024763531212624774
543,1,0.001682701900113336,0.0015722708894906168,0.0008332785243447086,0.0031705800289139868
543,2,0.024218384936073895,0.02310720544888878,0.015535363046963567,0.039401569374992534
544,1,0.00913515102842095,0.007885490992131414,0.0024215877144832328,0.023012799501002268
544,2,0.033289732150353635,0.03160251695193225,0.017069427342880375,0.059161043096339724
545,1,0.0018141942320555934,0.0015855978585151112,0.0008141713958551683,0.004220225367567221
545,2,0.026114182459189318,0.022967599955310128,0.015062036802244532,0.05703017563631267
546,1,0.001073527679937853,0.00102849625419344,0.0005812734844021312,0.0018288239731202136
546,2,0.015447786029329048,0.015266464918155418,0.011202006771460455,0.020711228240326094
547,1,0.0016973696519578516,0.0014561412384293446,0.0007319431077076373,0.004159517361431474
547,2,0.024425056819350734,0.02108361992675743,0.01348640998888953,0.05607338799840851
548,1,0.0056833574976148825,0.004587102178921686,0.0012764071935138462,0.016578980461561234
548,2,0.019714307873631813,0.0184485258011682,0.010153271115811097,0.03672062866511519
549,1,0.004592106944865184,0.004359800616534149,0.0023136592175041584,0.008221905963338974
549,2,0.0661005908633156,0.06476321669472074,0.04241664994229098,0.0975036236685522
550,1,0.007681750643276761,0.00644690866255964,0.0018988222693282501,0.020726935839914175
550,2,0.02690853959998219,0.026074223059917197,0.01576007571698512,0.04288776755110499
551,1,0.009402255423522183,0.003956160183685593,8.396995682194536e-11,0.03799732938163147
551,2,0.027464463059123347,0.016812261772833934,3.8588200234151917e-10,0.10061502380727778
552,1,0.0025315294987466636,0.002390407676425045,0.0012714343775923277,0.004589196743957886
552,2,0.03644485344143723,0.03541689812224605,0.023419239594398025,0.05525274294767483
553,1,0.008155497754666454,0.006810624201335434,0.001972747673529683,0.022207164670916487
553,2,0.02859570052766332,0.027484264280887346,0.015929375675885704,0.047543997561520106
554,1,0.006172938747630047,0.0051645217302750054,0.001519521869613125,0.016757278687862028
554,2,0.02162629555331784,0.020871399648868423,0.0123925325368182,0.03515143964628822
555,1,0.0011356768338516361,0.001086716892447916,0.0006157971361620539,0.0019330425512483775
555,2,0.016341278133028134,0.016146846231410935,0.01183789338331975,0.021929533085698075
556,1,0.0057515656934000415,0.004799260264017383,0.001388355945460948,0.015714992000635624
556,2,0.020161384239383025,0.01934288047049286,0.011218604988962405,0.03368063748517091
557,1,0.00098714584873659,0.000946553382172084,0.0005395335778238943,0.0016683096314537196
557,2,0.01420492872699722,0.014051767855444654,0.010429770213044821,0.018867763530762208
558,1,0.0023050884710788715,0.0020538634306529915,0.0009198882436333892,0.005144441875708375
558,2,0.033177690441886835,0.030244176128509395,0.016075081775955968,0.06723416131448144
559,1,0.0016430050302878934,0.0015252327115897802,0.0007998336606256852,0.0031694680629593963
559,2,0.023660250054083773,0.02240449676941817,0.014776831653246102,0.03993381474556801
560,1,0.00213070091006465,0.0018782710831520902,0.0009340254453716787,0.004851872355067792
560,2,0.030700780754593458,0.027349944627368353,0.016938626680088345,0.06496662994154162
561,1,0.006165437411720942,0.004856059935698426,0.0013103451325423377,0.01883531102800395
561,2,0.021439729218248597,0.01931751088326513,0.010175794484606735,0.04545456669737172
562,1,0.002917545168084954,0.0026585273774917782,0.0011233968659463904,0.006227897079434857
562,2,0.0419822675252978,0.0394154766994535,0.018996581699358514,0.0794481602918434
563,1,0.00432478478016805,0.0036478687149497637,0.0010818160791900909,0.011533273954385108
563,2,0.015238167016379341,0.014720623933604553,0.008780569312000776,0.024715496491973805
564,1,0.0014621704418794968,0.0012744072497514753,0.000662481536494995,0.0034373467076216973
564,2,0.021026308442301175,0.018445166695246394,0.012369791966088551,0.04585882468203503
565,1,0.005466812267259172,0.003979143241508173,0.0010342804313200858,0.01888949731888554
565,2,0.01913932302064297,0.015602863056777494,0.007758247748766348,0.05273597790896154
566,1,0.0011613854084720117,0.0010877053164730951,0.0005297549388659241,0.0022132933769046736
566,2,0.01672751211196457,0.01614588167425631,0.009357916399706597,0.027401356103772402
567,1,0.005163667471636803,0.004434350570697694,0.0013524708835223013,0.01319905265495918
567,2,0.018485977953081992,0.017818277793755916,0.010463064002591201,0.030294250279119375
568,1,0.0010386746522077534,0.0009943405068174504,0.0005660126736677139,0.001759511839738721
568,2,0.014946785403442854,0.0147758126194746,0.010899840271668692,0.019955540072240086
569,1,0.002172132283254018,0.0019762033773729325,0.000981073232906208,0.00453510532234175
569,2,0.0312988421019703,0.028953913947440058,0.017653230010508673,0.05891756435856289
570,1,0.00155265410974869,0.0013213333303293466,0.0005678817542781159,0.0036743487411541936
570,2,0.022037221616927432,0.01943491394308243,0.009703844256621748,0.04898597089129501
571,1,0.0020650466166395477,0.001785926154847959,0.0008686881268355871,0.004963617617300805
571,2,0.029718662289578594,0.025943161644267573,0.015801024261765613,0.06674060503582231
572,1,0.002508986542246985,0.001971212249630802,0.0008759442504475838,0.007422084494369646
572,2,0.03606718591004122,0.028543726070540332,0.015651695278295855,0.10181206832703409
573,1,0.0027291285842570723,0.0024127785186073723,0.0010720464089211826,0.006276485207559167
573,2,0.03929238912376451,0.03552951481167896,0.018720204619709642,0.08210717264283489
574,1,0.004203713078287492,0.0033560866789720395,0.0009361426262192593,0.012484741111070152
574,2,0.014706996319682277,0.013366038554421684,0.007356266002509352,0.030372011301643072
575,1,0.0015296305501644486,0.0013718032084275716,0.0007265529939291974,0.003303193998541191
575,2,0.022022503509531513,0.0199448172949091,0.013627930129264072,0.04352034148579554
576,1,0.003128709504709208,0.0026293065667601988,0.0007793475303883942,0.008428466860486265
576,2,0.010958126952459096,0.010633715731390506,0.006485008702322304,0.01729466681234946
577,1,0.0014094213441364408,0.0013543546129231102,0.0007812449587756631,0.0023583585986646336
577,2,0.020318401000659327,0.020092002003808687,0.014952027082626213,0.026935026562086586
578,1,0.0011821013145830066,0.0011038484977885323,0.0006186504076118388,0.0021409784412517296
578,2,0.016999491007710317,0.016274913489796018,0.011989147450722895,0.02522473386361654
579,1,0.003044665374116964,0.0025349362838532003,0.000746893858175785,0.008266562155714634
579,2,0.010687824807164556,0.010201768152682943,0.006128576775295538,0.017980585035316517
580,1,0.0042525894751406345,0.003685668544453141,0.0011607099379408673,0.010615953834997078
580,2,0.015543007214955969,0.01465358971760342,0.008334204116686292,0.028011928721323107
581,1,0.0048279476349527796,0.004005099436080821,0.001164986817482223,0.013327396674495286
581,2,0.016826588899324153,0.01623601395983516,0.00959786099372337,0.02750290777713946
582,1,0.0016996809999228865,0.0015845015980751767,0.0008282657790533388,0.0032418225153563926
582,2,0.02445832737085316,0.023303507300954596,0.01531812201799498,0.04048849588352437
583,1,0.0011368875149878133,0.0010895115127073972,0.0006172674658482321,0.001929731610296172
583,2,0.01635845324342693,0.01616730800811378,0.01189217233235021,0.021888827526705953
584,1,0.0018564640377266139,0.0016226687995505827,0.0007908312971633807,0.004374312783372907
584,2,0.026719090547342613,0.023592400534088384,0.014374965219932926,0.05800532758462821
585,1,0.0013848361512627553,0.0013299539348297106,0.0007636686923312287,0.002322317543889179
585,2,0.01996225519545269,0.019743156448783918,0.014559097758483847,0.02662479481705749
586,1,0.0011382273841856905,0.0010811296385214498,0.0006154865368356851,0.001976320879233971
586,2,0.016381775674938412,0.016005564128571487,0.01187864373466154,0.0226409955756053
587,1,0.002198595686301034,0.001956179339783099,0.0010087652745422874,0.0048744926960650435
587,2,0.031738691629062225,0.028491845765657973,0.01829823991966978,0.06486386799989913
588,1,0.005229039904939576,0.004285142478424788,0.0012215183758435757,0.01478691527403462
588,2,0.018205869930676293,0.017284505620474497,0.009841327510250585,0.03180142139037996
589,1,0.0009883276771095108,0.000946455935465522,0.0005347650987973199,0.0016818142952657
589,2,0.014219923825033226,0.014045873633924918,0.010289300654300837,0.019104914938052157
590,1,0.003464252686608731,0.002988192824142427,0.0009226456163768982,0.008737638836537687
590,2,0.012399209750615666,0.012034216632300386,0.007258515675601996,0.019685424432977636
591,1,0.001290510442875514,0.0012190476705244758,0.000679752414785961,0.0023190357772175313
591,2,0.018581787143324445,0.01795417435322238,0.012942704486246199,0.027938981990297873
592,1,0.0016184855501042402,0.001426648298391989,0.0007755268804552175,0.003498764783231851
592,2,0.023338622169564137,0.020853778238109716,0.01445678863060414,0.04773439775304228
593,1,0.0017724103740211893,0.0016198508186307259,0.0008189912699788935,0.0036214503148580676
593,2,0.02550468045309412,0.02380426821762469,0.014899104135940814,0.04630933399406996
594,1,0.00456276393518907,0.003813592231689325,0.0013285103364588306,0.01223226604291486
594,2,0.06567851531262231,0.05633821379112444,0.021986648200416938,0.16419613927207646
595,1,0.005410256777707439,0.00450050097853757,0.0013137460517585442,0.01472984313352892
595,2,0.019147072528972933,0.018124728037713908,0.010184296812670093,0.033946422957759424
596,1,0.0011212405049166594,0.001074081161545015,0.0006075423136091553,0.001908811279418301
596,2,0.01613556352892501,0.015944797480817646,0.011690183118726084,0.02166499442239146
597,1,0.0025339256518173473,0.0021655334799446134,0.0009654258079092405,0.00627553005401239
597,2,0.036475303249289485,0.03160019305039984,0.017096215966703868,0.08523720153995737
598,1,0.0029615673664489684,0.00276827697362546,0.001411651393437747,0.005621944237428436
598,2,0.04261142115051349,0.04097173848924676,0.025702509905915383,0.06911572006396709
599,1,0.0038387647510566905,0.003025912827837427,0.0008563225739793502,0.011466205597025332
599,2,0.013326833329375636,0.012081199795070614,0.00704288977324393,0.026458300450157644
600,1,0.015764699091662535,0.01414441112916609,0.00581131054895246,0.03510395973040048
600,2,0.01647048839145468,0.015703739216333765,0.011067737144787803,0.026608941338754067
601,1,0.006575219379267286,0.0055267350489222825,0.0016218458040260556,0.017646265163418957
601,2,0.023518491157632326,0.022122979785277594,0.01212504457688978,0.04294612426779712
602,1,0.005530773974430386,0.004574743585590127,0.0017281692672894118,0.015038344375275703
602,2,0.07957803307874596,0.06723165463873652,0.029456050347727903,0.202637941492552
603,1,0.002166225861377591,0.0020287804898225124,0.0010660926028161174,0.004080481789755079
603,2,0.031179248966743702,0.02989515773895294,0.019641334829148052,0.05022487919245191
604,1,0.013401254941604572,0.012161476749076399,0.005032942321110314,0.02881946894312397
604,2,0.013947408961144183,0.013770912164126146,0.00996081481082126,0.018960357626394267
605,1,0.0015257407082496764,0.001405910769328526,0.0007574472545751889,0.003011065679099975
605,2,0.02195794842496971,0.020555021640692138,0.014246590233691134,0.038398634156326376
606,1,0.0029718714441035804,0.0027305580833002405,0.001349728876525743,0.0060180218005626614
606,2,0.04279451565426614,0.040219930616103405,0.02420405050642812,0.07651585077515438
607,1,0.007501466648927362,0.006237767387270872,0.0018166149753631013,0.020534233952387477
607,2,0.026227536591806478,0.025299275298265464,0.014823862077706558,0.04305538818318686
608,1,0.0017314443426623219,0.0016305362701917658,0.0008767216760364482,0.003152692021321827
608,2,0.02491353173159109,0.024062394298234806,0.016451107386285073,0.03829058614214838
609,1,0.0021385758347677876,0.0018989720508675047,0.000910173450051341,0.004778235693320194
609,2,0.030761000492195312,0.0277786159931274,0.016507458083013543,0.06271222906400614
610,1,0.00262677747755302,0.00240745553383365,0.0011789933164309484,0.005346732148104403
610,2,0.03776185137659534,0.03551533578276693,0.02116552578307101,0.06761061452505436
611,1,0.020200780798656923,0.018180654216203254,0.007319941332300119,0.044637605639315535
611,2,0.021059624325712848,0.020291453701067833,0.013753408942613192,0.032776957977265986
612,1,0.002895907790482669,0.0027263915295722583,0.0014258461413010582,0.005365083813797037
612,2,0.041671135626987515,0.040331400332217465,0.026139612935918332,0.06506130967673297
613,1,0.0393555405799739,0.038469777477202,0.02233388932701144,0.061385463773992725
613,2,0.023256001067440628,0.02290437077851584,0.015077580929922996,0.03344737051340701
614,1,0.0019224171845460018,0.0017941630620773637,0.0009466814826695262,0.0036333165310014695
614,2,0.027663074072631556,0.026419553781087506,0.017577259618063633,0.04490498623857788
615,1,0.0011136368252429307,0.0010385807978404464,0.0005868819184145597,0.0020222034450151495
615,2,0.01601150641051735,0.015331028034117292,0.011288470367586349,0.02387443612868099
616,1,0.03408582486974421,0.03129276328897013,0.013110790321825567,0.07114547753170256
616,2,0.036180326152512855,0.03498411805464054,0.022277059555885527,0.05674721385224951
617,1,0.0015044082996106196,0.001418980034438002,0.0007727839697387682,0.002736102507318605
617,2,0.02164839418400495,0.020916163376162495,0.014523798378112017,0.03317863692710734
618,1,0.0013770705730953366,0.0012807971811928751,0.0007002814080964953,0.0026307659277831625
618,2,0.019824738399932762,0.018729135160497026,0.01320144533860409,0.033304579415615196
619,1,0.02019937647307149,0.018936611941777513,0.008454644367508713,0.03911946204425186
619,2,0.021503235102820845,0.021229195293486117,0.015104056365290877,0.029517753425551154
620,1,0.0016034717561574892,0.0015082575068347762,0.0008119620897889862,0.0029570148547381336
620,2,0.02307062782752772,0.02221230658419132,0.015271186782014253,0.035842735317259365
621,1,0.0013213073727913408,0.0011633667936889701,0.0006341759700491533,0.002928400428429281
621,2,0.019009412640387798,0.016958255178026294,0.012017230109200661,0.03944304963492037
622,1,0.0017145160305109557,0.0016116710975279086,0.0008644159094242084,0.003150568122066203
622,2,0.024671184988706827,0.02378534443305074,0.016121504646359357,0.03832842924273452
623,1,0.0012798414424009833,0.0012181795313843556,0.0006824912425651125,0.0022278933541044375
623,2,0.018415673882214538,0.018008628111664864,0.013105690555200293,0.026098596186673685
624,1,0.004542380358703528,0.0037310837599586815,0.0010671659031020937,0.012798107647231076
624,2,0.015837352954606282,0.015065709998212749,0.008663126485280486,0.027545780331815577
625,1,0.0028117294185502173,0.0026348197857217035,0.0013552669799204642,0.005294459928210363
625,2,0.04044814384056433,0.03896722570907654,0.024761992461199162,0.06455951403685933
626,1,0.0017722030148195499,0.0016738348177874989,0.0009079012201204452,0.0032069040246237514
626,2,0.02550609152249984,0.024755093817362378,0.017063943405442976,0.03841940551181168
627,1,0.0015759908488673926,0.0014463519212571654,0.0007635332099150496,0.003174537875564791
627,2,0.022670442840659576,0.021147293200254616,0.01424825452270264,0.04035922994121103
628,1,0.001912695310739532,0.0017800765459003915,0.0009252577360588257,0.003669247330755499
628,2,0.02751918878879231,0.026189422904653068,0.01711739782527788,0.04566434296860935
629,1,0.015592059511886315,0.014420745597889625,0.006213582195933637,0.031590691994358926
629,2,0.016474337092416455,0.016143346189242586,0.011400742886426344,0.023430268642945687
630,1,0.0010399824771370287,0.0009964410198054414,0.0005664324408184355,0.001766483628441869
630,2,0.014964274877046452,0.014789956203513895,0.01091041249702142,0.01998401296159425
631,1,0.0015818425711166969,0.001488370889916697,0.0008043020860484533,0.002892607163703321
631,2,0.02276186703494612,0.02193796974056592,0.01510508733124711,0.03518825777440363
632,1,0.0011530436723389743,0.0011035443478039477,0.0006203978006554849,0.001977224090181952
632,2,0.016589677109406693,0.016376303006956437,0.011835067349135982,0.022502927168781085
633,1,0.0036130007106707955,0.003188653760631676,0.0014038403997174397,0.008325148920645236
633,2,0.05200457327104653,0.04693404870799174,0.02453961863694981,0.10901863243730894
634,1,0.005469690538302247,0.004521889097218679,0.0013084487241728237,0.015159909272247753
634,2,0.019105426219357728,0.01827272706364095,0.010503204917800012,0.0325869212501809
635,1,0.0015967254545533067,0.001497223024764622,0.0008102737848490679,0.002974270045728554
635,2,0.02298188160412375,0.022008792632867168,0.015226198736851493,0.036582748490497155
636,1,0.002303876562756768,0.002176793543078925,0.0011664449769392333,0.004170328275951645
636,2,0.033148964953226494,0.03216580485611833,0.02167467435903326,0.05011195259270587
637,1,0.001655034264316954,0.001522263591747917,0.0007924835441718603,0.0033114300474364512
637,2,0.023811433517886258,0.022294541110897723,0.014655173227855115,0.041903887456755384
638,1,0.0016195762905984136,0.0015405204122110347,0.0008524063794060518,0.0028378450646539995
638,2,0.023303129656793885,0.022822642959176,0.01612011539504384,0.033279564198623234
639,1,0.015859688259245743,0.01410917716563059,0.00569642480358416,0.03601391134486065
639,2,0.01644943363295112,0.015719723700566346,0.011125891827016019,0.026246885553663325
640,1,0.0018964796634753102,0.0017657029813204375,0.0009287989896189175,0.0036229000000594916
640,2,0.027294950995182844,0.026009996101253013,0.017201604326583717,0.044974513401467256
641,1,0.0013563335394993303,0.0012466059309732323,0.0006871511534641526,0.002651941958427268
641,2,0.019518135282960255,0.018274196408648618,0.013091703152021478,0.03402829095780286
642,1,0.023102523433560358,0.022196094393174097,0.010870590822595342,0.04042412460323249
642,2,0.025327014705406995,0.02487456333237605,0.0158262908360639,0.037366495713687
643,1,0.00497852035879728,0.004190693807112997,0.0012415327347184263,0.013305191793443406
643,2,0.017504987353893105,0.016916871886358684,0.010116502346046502,0.02828065023090487
644,1,0.018837771398977028,0.017681628546406564,0.007977497133090226,0.03626956533676834
644,2,0.02027230247143274,0.01975443782435503,0.012933215899038881,0.03058564514847237
645,1,0.002092649285791212,0.001980094989120494,0.0010642018205924157,0.0037739619923437473
645,2,0.030111657569696887,0.029254686167655388,0.019918802765162676,0.04517847028206418
646,1,0.020084266980908306,0.019078718438059996,0.00897898578231292,0.03676491886927827
646,2,0.021696515467196482,0.02139569360477818,0.014563215476752888,0.030549062530911105
647,1,0.0021918078552305787,0.002085217356043596,0.001142433177687659,0.0038603163566241277
647,2,0.031551199160973945,0.030888073522040222,0.021459412481581768,0.04548539162922973
648,1,0.0016056368244043518,0.0014894311272028744,0.0007960463477476088,0.0030908256104625765
648,2,0.023102910181923512,0.021857137015146536,0.014897919656483264,0.03876503153843861
649,1,0.0020941016628246278,0.0019700679159914522,0.001050647759055013,0.003850177755453661
649,2,0.03014283795123849,0.029106030314307918,0.01955155575268409,0.046877070177865646
650,1,0.0013851254024638117,0.0013201510856937718,0.0007372535280482986,0.002415613809608701
650,2,0.019933650299081434,0.01951814094067613,0.014092427457006422,0.02815125204901814
651,1,0.0020714399216601944,0.0019330005578864374,0.0010013703014921816,0.003937530356626305
651,2,0.029812017900458895,0.028504874191644936,0.018416936764821017,0.048704723122574935
652,1,0.0021072133395077576,0.001969513389624958,0.0010317964230296265,0.003956829337492745
652,2,0.030320210915464794,0.029052320079363248,0.019032103050493198,0.048886948908932096
653,1,0.019468996577681124,0.0182063636549515,0.008101565697396987,0.037996548743694084
653,2,0.020720553635825822,0.020399707803855964,0.014329364840107862,0.02885861770480495
654,1,0.006975255042804576,0.005779486296269487,0.0016648905742958874,0.0193985359065725
654,2,0.024339666036451095,0.023349893061798955,0.013524207466405746,0.04062315115201531
655,1,0.006721237145845492,0.005500812772023787,0.0015511562344738843,0.019080293135877887
655,2,0.023359945914264404,0.022216658770558582,0.012423799823155194,0.04107477904784424
656,1,0.016774389226846872,0.015098950723447926,0.006088556525788498,0.0371451767393284
656,2,0.01739928884928621,0.016891045143550353,0.011915590735893183,0.025872679506306492
657,1,0.023394103214926236,0.02133255578094673,0.008915297663678833,0.04951561467587618
657,2,0.02440096464110497,0.024046981232825372,0.017318911618306846,0.03351210434087285
658,1,0.0019825534563422042,0.0018756743531911243,0.0010114272104539985,0.003561187655512113
658,2,0.028527242546673964,0.027746966980718206,0.018871399387157085,0.04270405440065746
659,1,0.004144541333251082,0.0034132629535593697,0.0009813356908240914,0.011598981388997183
659,2,0.01441295047284449,0.013790332700061136,0.008108286745217613,0.024361929346306075
660,1,0.0016286995553902285,0.0014411422531559082,0.0007426160983310667,0.003640432276966896
660,2,0.023424957774432577,0.020959769513424212,0.013826949424046985,0.04863391039085173
661,1,0.005129169393649212,0.004090997702437871,0.0011255496516433218,0.015247302578890783
661,2,0.017818305210635925,0.016378068127999836,0.008984171498918754,0.0352613894906734
662,1,0.005718725012105243,0.004645072602350043,0.0013044375402496845,0.01641031078310814
662,2,0.019854765225384787,0.01872529817566154,0.010446142067834702,0.035852652399480676
663,1,0.0045297221451531975,0.003727648511731238,0.0010721664320205346,0.01265536116886292
663,2,0.015740367581350733,0.015057773380474614,0.008819596418539546,0.026652330237785425
664,1,0.01514776512120739,0.013560803712661267,0.005505517364348822,0.03403006775859004
664,2,0.015727377087458146,0.015150088394188107,0.010750249566377783,0.02436548682413076
665,1,0.001358913077283912,0.001290840338103739,0.0007161937725834328,0.0024058183434032434
665,2,0.019552986118070066,0.019040964620814744,0.013718932997322948,0.028463889356657873
666,1,0.0024819991409493515,0.002337091722416821,0.0012228825362641702,0.004591296663859499
666,2,0.03569476273204939,0.034502596540150005,0.02257977826852804,0.05565231263964935
667,1,0.0015115768221937828,0.001415069324908157,0.0007535867804878652,0.0028481512648762847
667,2,0.021751353339239176,0.020782972531431035,0.014050284027932496,0.03514543427426206
668,1,0.001978516308675576,0.0018631698730593913,0.0010015714919761871,0.003622157014397034
668,2,0.0284753519104972,0.02753871238978695,0.018642981698590782,0.043582595521883746
669,1,0.006813829843399724,0.005657420027074954,0.001647526767080348,0.018724124201234087
669,2,0.02376747695828941,0.02295333312976209,0.013550372106706279,0.038707411360955624
670,1,0.0012099473443562424,0.0011480954106664618,0.0006523225903538693,0.002095173394668524
670,2,0.0174122280384612,0.01698761094128347,0.012637082966753423,0.023950407778014094
671,1,0.005137260121648043,0.004184098863145542,0.0011832408318058181,0.01469503097414815
671,2,0.017826830112727145,0.01690142713618656,0.009595354281276646,0.03146182519334041
672,1,0.0018174817575022171,0.0016231779295761105,0.0008151658617520325,0.003984838859495341
672,2,0.026149650211125218,0.023650935573274905,0.014898400968488325,0.052411366121673526
673,1,0.0012217813906815545,0.0011678190326891748,0.000653056235840649,0.0020968255488579926
673,2,0.017581213296188673,0.017356216941951493,0.012456641936705379,0.023957623223753024
674,1,0.0015547627942633375,0.0013144261886832295,0.0006753461782446553,0.004000013862900901
674,2,0.022384016930381393,0.018966589470595603,0.012619560538181217,0.05420626462573894
675,1,0.0011237932705608431,0.001078463443222483,0.0006158083298927051,0.00189468523941717
675,2,0.016173672760210974,0.016007685887305646,0.011949555114227803,0.021346831226554782
676,1,0.0013387961141881144,0.001250284221557309,0.0006901958619901886,0.0025097876572658323
676,2,0.01926419701847959,0.01835694360498326,0.013191566928671456,0.031041650083042487
677,1,0.0013840790384765773,0.0013054820234636342,0.0007102135799168532,0.002509368744563102
677,2,0.019915283054131268,0.019219978421880717,0.013475838246106313,0.030497327060393136
678,1,0.006110670202325479,0.005143583034854825,0.0015275263411338843,0.016281925689640177
678,2,0.0215248792338278,0.020791135996908204,0.01234579302157204,0.03501911226931882
679,1,0.019995003073946787,0.01829085361839915,0.00763406960866378,0.04212855993314879
679,2,0.020885551903104944,0.020556638319767673,0.014751406466631634,0.02886828170340282
680,1,0.0014098242324269423,0.0013341350368078183,0.0007360027499127098,0.002525893110627451
680,2,0.020286662043437813,0.01967076524436276,0.013943873822555717,0.030148860018891662
681,1,0.006540406271607735,0.005419211239582174,0.0015725225046223376,0.018132647005671635
681,2,0.02272544902521346,0.0219451556491354,0.013072853990026731,0.036740275156713215
682,1,0.003823826044478326,0.0034162905939279877,0.001541104266612676,0.008472066852482873
682,2,0.05504002149485657,0.05044734209960541,0.026985533474885633,0.11052895264555065
683,1,0.0012196240644694756,0.0011052762587286354,0.00061268584407116,0.00243865743902296
683,2,0.017545341778552066,0.016185415492754873,0.011678160395444972,0.03152203671785289
684,1,0.003381886327668186,0.0031084585975934987,0.001489236444024414,0.006880905074602619
684,2,0.048665744156565695,0.04588816325908882,0.026585961679353225,0.08691656999418929
685,1,0.005307391052796225,0.004261989861345078,0.0011810087675693296,0.015569351358112242
685,2,0.018433451585526936,0.01712930562740147,0.009458912043954364,0.035009019176971336
686,1,0.0020521060889066517,0.0019444299596854506,0.00104152171372206,0.0036963843492129342
686,2,0.029525854255322958,0.028718315171238643,0.019500691883270523,0.04422914383483328
687,1,0.005943501130719482,0.004901020705786467,0.0014080334324989867,0.01651764748868557
687,2,0.020652216612923574,0.019870626797004725,0.011644300351887077,0.034167510561330265
688,1,0.0018704382832158899,0.0017045111568805892,0.0008715973016882526,0.0038358268399564356
688,2,0.02691947249933981,0.024981018875382635,0.0160514357739048,0.04917885885837859
689,1,0.0021565797448825866,0.0020461317929253153,0.0011034779023793326,0.0038584663085006487
689,2,0.031036009118227664,0.030261794502965407,0.020611893199430832,0.04594209835835904
690,1,0.0017315505253223216,0.0015772666808719846,0.000806859367662104,0.003566676517806015
690,2,0.02492101151876149,0.023061794633738433,0.01489007885153739,0.04600926183262753
691,1,0.0038050040968703497,0.0033592738595413308,0.001493368165821012,0.008696313743898811
691,2,0.05479897894140946,0.04952606030975587,0.02599373077220904,0.11407592628982298
692,1,0.001430549482823316,0.0013115288225083728,0.0007015540575653143,0.00285510675682827
692,2,0.020581270531072674,0.01916424536857836,0.013232926033622501,0.0366234521340091
693,1,0.0012537460736716337,0.0011554879280671387,0.0006351471237457033,0.0024492779068999103
693,2,0.01804162286827322,0.016934655041074144,0.012112625764037228,0.031223097660423887
694,1,0.0018459155561228056,0.0016922800544517328,0.0008653449630063177,0.003741619555994165
694,2,0.026564004901334735,0.02485951239112846,0.01587631295152219,0.047426284190620574
695,1,0.002304432162531131,0.002170816111431797,0.0011600929593733082,0.004197182962423494
695,2,0.03317518530989246,0.032115366308664975,0.02146200767198849,0.051146761776684764
696,1,0.019859104295640397,0.01871890263184443,0.008529273312987171,0.037631011958543
696,2,0.02126962078479432,0.02096846496876294,0.014637624609023812,0.02959746309780097
697,1,0.002297034626849107,0.0021733025331200826,0.0011714303025945347,0.004125151489450136
697,2,0.03305287537472303,0.03219952571249855,0.02176212992806832,0.04908440869997116
698,1,0.00667663721643771,0.005640590281329008,0.0016798623814595027,0.01766972091200123
698,2,0.02355134829350784,0.022789923816214135,0.013630460626534923,0.037963376475557704
699,1,0.0038521422921100556,0.0031830056960003928,0.0009210852712152839,0.010707730694651007
699,2,0.013381276957376436,0.01288209692175403,0.007668744878927973,0.022024842873871162
700,1,0.0012777477714151918,0.001194211601803909,0.0006453601938632191,0.002402499117806182
700,2,0.018390173374253024,0.01753705572276392,0.012141760419621795,0.029751223134460464
701,1,0.007004264070464765,0.005862856782034575,0.001727534151678088,0.01901630373828206
701,2,0.024520586480618296,0.02373338344075555,0.01417897278050901,0.03938801573760753
702,1,0.005671060275601144,0.004706661283439367,0.0013729837553469102,0.015557187842183823
702,2,0.019867526341418515,0.019056628284888154,0.011047616934155482,0.033328030349078074
703,1,0.006314487472272898,0.005089379244729489,0.0013976071701031856,0.018494740781580005
703,2,0.022058028881859315,0.020451007666065578,0.010833033636459443,0.042709458089813176
704,1,0.002216103467187591,0.001954211481675458,0.0009323432259597833,0.0050426254789352675
704,2,0.031882025727331446,0.028569750207929998,0.01686114705247937,0.06641423223696778
705,1,0.02185280096132951,0.019474310217167577,0.007612497161404065,0.04985646222384148
705,2,0.022776907155572276,0.021683891707146827,0.01398459536468531,0.03783590675871011
706,1,0.0476734885499806,0.04158437488316473,0.015080073627623836,0.11533478921231077
706,2,0.049508254746771944,0.04656675831007885,0.0263850771032353,0.08961218780691796
707,1,0.005895153958781227,0.004775351323773134,0.0013282896123161102,0.01709003845026294
707,2,0.0205578339732824,0.0191849994401075,0.010477232784004576,0.03878407956374564
708,1,0.0028773253210772664,0.002668060494657682,0.0013483769761216758,0.005602460838430272
708,2,0.041439534112316614,0.03930169140728307,0.024359851053995227,0.07070626302170659
709,1,0.025831023601774455,0.02350657849552282,0.009641128219103286,0.055513208067676095
709,2,0.027078922147016512,0.02635489523600664,0.017694454664142586,0.04070733040278935
710,1,0.0036820041308895093,0.003031939994672907,0.0008758025408474873,0.010252350263456953
710,2,0.012783361668617502,0.012273384077240967,0.007324292194225983,0.02127241149463521
711,1,0.0020851383130075824,0.0019510717227868546,0.0010313370084629335,0.003914930359458855
711,2,0.030035068432114422,0.028733412943961312,0.018995747746570247,0.048614733668030055
712,1,0.001200004338923863,0.0011400663344809784,0.0006383171411540348,0.0020974259693148875
712,2,0.01725779233396675,0.0168525255806926,0.01225502047019684,0.024657421813603458
713,1,0.0017754864442393915,0.0016669669434259717,0.0008844089556557187,0.0032949668120394113
713,2,0.02554873129152177,0.024609504195825038,0.01642683830727359,0.04010362292565016
714,1,0.020143931664146953,0.018003248029000607,0.007102547140471255,0.04578871536924416
714,2,0.020896888507611785,0.020095598393671806,0.013489286853396574,0.03291307707500307
715,1,0.001939538874494528,0.0017591592873866487,0.0008809750646993086,0.004067778479556299
715,2,0.027901266600431168,0.025763814824846954,0.016067157832488275,0.05222289335706242
716,1,0.0026427026492827597,0.0024475556059942996,0.0012231580935312435,0.005207480020855591
716,2,0.03802290562840415,0.03607346079882787,0.02208829362354866,0.06504371257534462
717,1,0.007043638058615935,0.0057717791907223644,0.0016394901793023054,0.01978067627507718
717,2,0.02447709900509507,0.023404335799533566,0.013369988295434995,0.04160274187439297
718,1,0.001510820645393693,0.001409732915096466,0.0007630637941078298,0.00284710424814216
718,2,0.02174015805419205,0.02070463621144779,0.01431925884413417,0.03549113950850098
719,1,0.0042687486052048265,0.0036403359571925004,0.0010987942882598341,0.011054622700267563
719,2,0.015154828376446364,0.014655810970065651,0.008796937783271449,0.024388187217660763
720,1,0.0023094696118400996,0.002083514415382663,0.0010148830128330687,0.004928537920925602
720,2,0.033242980965260537,0.03058307510553404,0.018201871216606668,0.06384961419318745
721,1,0.027004606223702512,0.0244887354994078,0.009887797256099987,0.05895663244998214
721,2,0.02816334682941578,0.027422768611182972,0.01848114945118803,0.042044647489069685
722,1,0.0014249806128653214,0.0012881931102460098,0.0006852306248043406,0.0029781031921835193
722,2,0.020501258346736096,0.01876088567306669,0.012869546956308618,0.039051408450048564
723,1,0.022270727136689223,0.01962100930571585,0.007557675814542329,0.052580120821768564
723,2,0.023079945555415447,0.02182620544722703,0.01410300306836728,0.039481730305480536
724,1,0.0024596805409902696,0.0021854128201499665,0.0010300037466555137,0.005488086734438256
724,2,0.03539310007988303,0.03206898084167866,0.01836726226656735,0.07199426690659015
725,1,0.0016523886045204403,0.0015454542172607913,0.000817183719894164,0.0031237171353571264
725,2,0.02377516715248965,0.02271346149506749,0.015190126000304114,0.03849132594319848
726,1,0.002360390682998837,0.002212514568206366,0.0011514021843376883,0.004415949487782433
726,2,0.0339557622214331,0.03271380179408383,0.02123422702256437,0.053675162330205695
727,1,0.001809054257426393,0.001696345935776396,0.0008976075628096652,0.0033836938037250038
727,2,0.026025524624231074,0.024987324882143433,0.016687073159054967,0.04144866716754588
728,1,0.018348480716543956,0.016777570241354664,0.007016303743256308,0.0389361502342271
728,2,0.01916813323561899,0.018853059483783234,0.013496515354493288,0.026616004061815718
729,1,0.024683148027818305,0.022191161925913173,0.008893109170870639,0.054744311179234555
729,2,0.025674347140215423,0.024969856132766442,0.016693008056885554,0.03894304677218615
730,1,0.019180865085711922,0.017176323539049392,0.006881969208857652,0.0429729152568305
730,2,0.019920037173293693,0.019215692867735286,0.01308737522808957,0.030769989310651464
731,1,0.022145763553220895,0.020177139592826677,0.008360074574118161,0.04733207898043015
731,2,0.02312418539651086,0.022693625454953455,0.01586744588843062,0.032846049260842856
732,1,0.0019289844271400073,0.001820339773597105,0.0009760389200676267,0.003528270701758302
732,2,0.027752553261794034,0.026879936619883443,0.01824214689633758,0.04252551920651298
733,1,0.005047675834238373,0.004172552462980584,0.0012051258728303356,0.014103510687572395
733,2,0.017569284729586732,0.01689053566855306,0.009870880464158776,0.029234259541016838
734,1,0.002033649992577932,0.0019118647131560586,0.0010157988787231223,0.0037584534386251164
734,2,0.029261904803410083,0.02825211477767993,0.018824022811132747,0.04551240757057061
735,1,0.001993541718004242,0.0018584164805902402,0.0009686450166042508,0.003818813072898575
735,2,0.02870461347367242,0.027292911348133386,0.01785944987400185,0.04764709104099902
736,1,0.019370088730586002,0.017531543581413678,0.007144889643269105,0.042434359702687045
736,2,0.020308235188846724,0.019551519471924905,0.013093727419609985,0.03195843679430062
737,1,0.0012900622005631319,0.0012216534375249825,0.0006759704828425009,0.002301695884123069
737,2,0.018560721476654416,0.018023107877005666,0.012863703365150336,0.0273982288455825
738,1,0.0015315876901922246,0.0013895799060976155,0.0007339972139208385,0.003190526822418579
738,2,0.02203343572012743,0.020260546868445056,0.01376542039048819,0.04146965873025149
739,1,0.0022747360800351507,0.002092775676782701,0.0010415843077610008,0.004593412377191453
739,2,0.03273528304283986,0.030773199561266017,0.0188504853898622,0.058112025696263
740,1,0.020857334546097492,0.018883445096028142,0.0077475534957137954,0.04535358775687346
740,2,0.021748639286238713,0.02121376018834859,0.014568437529305922,0.0319448854797073
741,1,0.0024679391052210174,0.0023088899274920456,0.001183050433983373,0.004680914436286467
741,2,0.03551707355819555,0.03405529177387588,0.021621273675561752,0.05783079140562092
742,1,0.0022730336989756363,0.002156437367747283,0.0011710900780692308,0.004064544236950524
742,2,0.03271457808435094,0.031908208559102993,0.021771216567526504,0.04828441178557001
743,1,0.0017323968223561215,0.0016023950277736733,0.0008241407105845063,0.0033951847531383987
743,2,0.02493597869275613,0.02359273048844554,0.015132546976420424,0.04259698879553704
744,1,0.021736323103789333,0.02050567444364133,0.009374314658983411,0.04105561052448333
744,2,0.023330230243714178,0.022976016210525675,0.01576166081709451,0.0329509938510551
745,1,0.005764753663327183,0.004812335147960797,0.0014066665289471506,0.015763168277297887
745,2,0.020152024249324458,0.019441227897172064,0.011508672684983168,0.032883974726712506
746,1,0.001401547226826962,0.0013271974310134708,0.0007316807204644796,0.0025073677906847754
746,2,0.020167087852173998,0.019587719722869622,0.01386940228187582,0.02988152840970947
747,1,0.02161585857207407,0.019697489294474853,0.008226614058712486,0.045920283772771964
747,2,0.022581416714876314,0.022209982238531996,0.01574266897060026,0.031556510905741915
748,1,0.03846451740464435,0.03698693726963331,0.019528114688440734,0.06566302046354447
748,2,0.022296023367350547,0.021974492546272262,0.015381811064330323,0.030991325553289966
749,1,0.001390394230942428,0.0013210040118238576,0.0007348435908489411,0.0024498266816899822
749,2,0.020018187056827872,0.019489715511658744,0.013992820482317292,0.029119909656899288
750,1,0.001597776118907008,0.0014683538647386962,0.0007674398807446652,0.003201857342550161
750,2,0.02298921987266286,0.021504561542505265,0.014267727916576153,0.04063734159921856
751,1,0.0013166460826338744,0.0012590166777859389,0.0007100219739122613,0.002256965311796411
751,2,0.01894659004466876,0.01865096020771417,0.01368146581400376,0.02595073525841969
752,1,0.009629570784507378,0.007994841730996256,0.0023213853900506806,0.02657123937645765
752,2,0.033542259944314166,0.03236536165334612,0.019163034788109302,0.05473343904084956
753,1,0.001986119796518531,0.0018552766342935097,0.0009695457596882325,0.0037727911001589013
753,2,0.028582055595204024,0.027351937584755823,0.01792506719065622,0.04651228246754621
754,1,0.026972299421679585,0.024259785709779283,0.009716842712934508,0.059820690172491454
754,2,0.02801247690564306,0.027288449408042363,0.01839529836357315,0.04172027182006394
755,1,0.025082823151231864,0.022094831534823587,0.008505347233114212,0.05934019313687964
755,2,0.02628907921436827,0.02443223277073656,0.01501305567425704,0.04829752094002276
756,1,0.0026638222382760887,0.0024620074790687963,0.0012290847554090314,0.005266072195604297
756,2,0.0383554519036225,0.036237297891161306,0.022179262810957102,0.0666509378944264
757,1,0.013136931750117537,0.011905407009869935,0.00492571909644465,0.028389466741744567
757,2,0.013605234164011833,0.013437654273222579,0.00983794310573335,0.01828620413756326
758,1,0.001500427707885331,0.0013774500328103162,0.0007262049903627449,0.0030062651413042237
758,2,0.021594392357869075,0.02015826505035849,0.013549190039932385,0.03829473600480791
759,1,0.005370361045698476,0.0043711207980349515,0.0012341227313525224,0.015403462420811115
759,2,0.018637400209969852,0.01765011759847352,0.009940595954783634,0.03302923365915365
760,1,0.0010725004750346573,0.001010950831339679,0.0005731794431390433,0.0018807793085848631
760,2,0.015430401960446339,0.014956030022984911,0.011084341491635214,0.0217010553737074
761,1,0.0015371159909247669,0.0014351849218891275,0.0007696894615510205,0.002888906123245909
761,2,0.02211394328568269,0.021115116936892508,0.014458360623262424,0.0357026890302255
762,1,0.0015969807701129142,0.001425018095921408,0.0007327384689265193,0.003488693089262924
762,2,0.02298587331086881,0.020688904609934947,0.01362176896701126,0.04642053263921714
763,1,0.02534682369051182,0.02343170621241729,0.010016948289971767,0.051603499438972064
763,2,0.02677510365686944,0.026264503281597622,0.0181876919869831,0.03820837324967485
764,1,0.004511408334691913,0.0036540405113709095,0.001023398141516961,0.013105748342683894
764,2,0.015658208038733315,0.014674498500293991,0.00834479521059762,0.028904272071313148
765,1,0.0022676731374460966,0.0020442084125469255,0.0009916541210805041,0.004860549661453361
765,2,0.03263037032929055,0.0299583142421562,0.017972920863269994,0.06303619081292398
766,1,0.0016020085400074682,0.0014960263812916937,0.000798532931146358,0.003021319916449105
766,2,0.023047896546471706,0.022006258525512065,0.01495264472216641,0.03730279753177946
767,1,0.0026567498248526744,0.0024924496614605832,0.0012924426301124897,0.0049543930491503805
767,2,0.038228114294601004,0.03683959921786628,0.023710686223499686,0.060568336516148215
768,1,0.0032180704374059595,0.0029638113770017395,0.0014401746114200867,0.00647944717993513
768,2,0.046308742215646945,0.043784228063005116,0.025758925827598325,0.08127965163337142
769,1,0.0013011391656718048,0.0011855915202852304,0.000643648725398419,0.0026505972387540827
769,2,0.018708541922501584,0.017309418021586198,0.012214410923597721,0.034442162506922155
770,1,0.007581007971224563,0.006352716728984281,0.0018783190331279494,0.020406257616048286
770,2,0.026591111840985206,0.025717649540877588,0.015373706457107884,0.042826110884391234
771,1,0.0020069796084688355,0.001746531318662072,0.0008477878068937564,0.00470853890996322
771,2,0.028873694888530598,0.025501399690165898,0.015407364080768328,0.06260357421882785
772,1,0.031971637536319375,0.028457512207599386,0.010970712296918175,0.07356597598332575
772,2,0.033389954468265995,0.031731466740088046,0.01942068452637417,0.056909170510130905
773,1,0.0015275308745976658,0.0014432345516790233,0.0007887254892514127,0.0027466159967309144
773,2,0.021975344815618,0.021319843573000173,0.014923158657932555,0.032904173044146626
774,1,0.0017163993628712955,0.0015982360628235153,0.0008409241819647422,0.003278591179569104
774,2,0.024702730017382577,0.023475994497156663,0.015542197904924523,0.041128729874585476
775,1,0.002030080399932458,0.0018996098383030724,0.0009985588050777493,0.003821527693679825
775,2,0.029204101612929634,0.028023259316432184,0.01848523892361718,0.046641642614257975
776,1,0.006326585842485125,0.005162084550276266,0.0014546656655631985,0.01801382755069353
776,2,0.021965459097461608,0.020857444047663765,0.011668445068569299,0.038605508817291745
777,1,0.0034756627995008228,0.003111543518712946,0.0014005949790354946,0.007688618192223209
777,2,0.0499873266419717,0.04585142232619433,0.02432563653452755,0.09962406353021047
778,1,0.006346452059225676,0.005301141830694651,0.0015498694105866156,0.017178690098011987
778,2,0.022255084693845534,0.021407837587578984,0.012501807488667924,0.036787168340045244
779,1,0.033417698520364615,0.028583009577734755,0.010345089322024157,0.08482564266590636
779,2,0.0347848400696407,0.03172691238826379,0.01787397359404407,0.06966033845057976
780,1,0.0015719663870495458,0.0013318723382304306,0.0006891517066618901,0.003960805055114086
780,2,0.02259625058785337,0.019255320716233277,0.012832393959339258,0.05379857600285382
781,1,0.009044013475908915,0.007503142746335469,0.002184621303302199,0.0249849342619505
781,2,0.03147172575007333,0.030356149833636353,0.018022577393153855,0.05113241177679302
782,1,0.0033254420325013246,0.0027226043883459127,0.0007895965168882245,0.009389939665026601
782,2,0.011542901136412306,0.010986781903019088,0.0066639353215690094,0.019307200339060353
783,1,0.005983874394660797,0.004940726624967692,0.0014186511970822476,0.016662148228480146
783,2,0.020824736453923128,0.019990216069161015,0.011651883856473887,0.03466820811109945
784,1,0.0014982919569435157,0.0014121836822776818,0.0007675335996449033,0.002720093982941779
784,2,0.02155564718442025,0.02084594983734257,0.01452927292843929,0.03269464923050395
785,1,0.003142879930586542,0.0026050650926222993,0.0007614437884942352,0.008696981329185288
785,2,0.01090124374998339,0.010582229571321159,0.006479770633808475,0.017171550400211257
786,1,0.007201015072168425,0.005795380435656524,0.0015779617022560655,0.02116002566397581
786,2,0.024994895756130946,0.02334898058612806,0.012437213895882746,0.047073463102887646
787,1,0.02446179524798074,0.02172744877963307,0.008424599735762213,0.05637814023456567
787,2,0.025387415282940834,0.024298199074029303,0.01564649981714573,0.041369196875546764
788,1,0.0019195313149752342,0.0018133397359555274,0.0009817648690012657,0.0034621679215948386
788,2,0.02761881082616464,0.026844030594388106,0.0183563838945537,0.041329476936774384
789,1,0.004330964361010739,0.00354745625135928,0.0010144485828550067,0.012194423051346433
789,2,0.015057132020003978,0.014335424580453292,0.008276536800947787,0.026009183130281863
790,1,0.001690133460669677,0.0015877456678596645,0.0008534828124809488,0.0031147561953335633
790,2,0.02432933600654359,0.02340178973418592,0.016035164357469444,0.038125414566839246
791,1,0.00556057791673649,0.004559974208814387,0.0012973372269538875,0.0157200700168348
791,2,0.019327059676111254,0.018430861888974862,0.010537481659946057,0.03336601076446363
792,1,0.0010780219176163045,0.0010340824523935226,0.0005917372841866983,0.0018193394875906882
792,2,0.015512149638953128,0.015350458886864819,0.011474988959832573,0.020450580971357445
793,1,0.0014653781452140966,0.0012681910916314543,0.0006725747447382024,0.0034783279871492484
793,2,0.02110997221768115,0.01836567443489486,0.01272912912441027,0.04763753216509654
794,1,0.0013977458429697887,0.001281944939616832,0.0006957568631498126,0.002798098353844103
794,2,0.020124635147485918,0.018714152965113428,0.013117300842264317,0.03611739168566429
795,1,0.002070439715683879,0.0018746848853128748,0.0009243220832239363,0.004367741860418413
795,2,0.02977110441742001,0.027526375845469547,0.016808171795542046,0.05603678140163157
796,1,0.001188123290061959,0.0010750610454974682,0.0005967437599146211,0.002367863025959273
796,2,0.017098952501210327,0.01576796619506019,0.011420614884641647,0.030348012661086436
797,1,0.0052263288516053216,0.0042687788423963376,0.0012079640089023458,0.014880365426996174
797,2,0.018141220863938105,0.017254239654054225,0.009840622927722894,0.03161415246959942
798,1,0.0053287656814049005,0.004424514456415813,0.0012898286291660296,0.01466502050655046
798,2,0.018575575968303233,0.01792711294345804,0.010632167740040383,0.030147138171731654
799,1,0.004660369468074382,0.0038065202976825608,0.0010759469542822079,0.013274223212688561
799,2,0.0162014389568591,0.015296779862196061,0.008736916298235869,0.028836934161288446
800,1,0.004113165289611182,0.0033560315223693277,0.0009518850007154563,0.011640683466480282
800,2,0.014269104957884214,0.013544888301477603,0.007870063294911387,0.025066980504164556
801,1,0.0012227011964867003,0.0011635441106974298,0.0006502025117137254,0.0021315644662081657
801,2,0.01759379264858836,0.01721641964059431,0.012413274796533322,0.02498155279480727
802,1,0.0025699888923097314,0.0023163667099395406,0.0011470857323412171,0.0054819433103042055
802,2,0.037031295660038356,0.033968350580372154,0.020643839321821053,0.07133338007273368
803,1,0.0016168703734566977,0.0015140414573350434,0.0008064327771369577,0.0030217791698075665
803,2,0.023267530807685788,0.022297821950455085,0.015066436113197537,0.03709571660996663
804,1,0.0014789804925373186,0.0013888506265532755,0.0007522155327430668,0.0027312452872518445
804,2,0.02127694557836379,0.020470824829265374,0.014154371261678013,0.033291010357426355
805,1,0.001736034905272265,0.0015519077177996294,0.0007816555205219422,0.0037994560149879016
805,2,0.024973144250345667,0.022636363535824447,0.01428471138379801,0.04977978323634508
806,1,0.001721797642832679,0.0015886887418810167,0.0008249439363234575,0.00338877673205738
806,2,0.02477548059409899,0.02336412133445389,0.01521046158186113,0.0427063061139674
807,1,0.002018497337986576,0.0018717561521623689,0.0009599504099138407,0.003957912284319975
807,2,0.029033852201238733,0.02755388802713669,0.017596890177174123,0.04919941766594563
808,1,0.002125076284220142,0.001992227129045179,0.0010399318296120115,0.003987056393441088
808,2,0.030575734553528564,0.029407124914659896,0.01921151543515771,0.048773384960903006
809,1,0.0012523103144690332,0.0011530889189576463,0.0006398189042061086,0.0024076228364225257
809,2,0.018017340410728406,0.016933843957547115,0.012233721612778114,0.030559186820232294
810,1,0.0011887675070517546,0.0011036246999426287,0.0006169470134970226,0.0022078640040349286
810,2,0.017096495853501467,0.016245020599604768,0.011896474642419675,0.026984605506377483
811,1,0.0019077791407928237,0.0016088954243262627,0.0007983343137783834,0.004882196811251062
811,2,0.027464557510536034,0.023256567415539095,0.014612465679935592,0.06643724894055412
812,1,0.001653494228181119,0.0014695466713911289,0.0007488174596186117,0.0036824421275930136
812,2,0.023793841374889945,0.021317755964321835,0.013843032707927257,0.049044731601197954
813,1,0.0017857473679893788,0.0016567069509376726,0.0008658462932988577,0.0034558257598233623
813,2,0.0256970567561297,0.02437539551812227,0.016031262605444938,0.043252247406116336
814,1,0.0034039494647780015,0.003162469197681539,0.0015481585199551076,0.006660209476883697
814,2,0.04899027128737351,0.04684979645141441,0.027710029949293342,0.08287780505429332
815,1,0.0016003511705335856,0.001532402797970716,0.0008667728906578434,0.0027389350781935862
815,2,0.023070759705980378,0.022677219144408713,0.016386670325895886,0.03202515501610816
816,1,0.006966460566668461,0.005721124665849519,0.0016242077572634693,0.019519962518039082
816,2,0.024329762695376504,0.02315741145305182,0.012925143198591406,0.042399394125923626
817,1,0.001930971975016631,0.0017062190801877433,0.0008217752787390904,0.00437850962534238
817,2,0.02778381072914862,0.024960079820625328,0.014783692208073098,0.057588503862023764
818,1,0.001502955491015446,0.0013278063038865665,0.0007007738103095916,0.0033487410762528245
818,2,0.021621879503114918,0.019265796582104963,0.013113454790219983,0.045029017555984784
819,1,0.0012659416015532883,0.001171236575102699,0.0006388279538804239,0.002448490654337303
819,2,0.01821130056676322,0.017160490799501008,0.012115747358356495,0.030956311936038046
820,1,0.002235554455663995,0.002077935974042281,0.0010555561303144522,0.004327553929893908
820,2,0.03216577456929644,0.030655521158413815,0.019270480584113483,0.053679528276840874
821,1,0.0027093458882096496,0.0025258573533846447,0.0012686657362742447,0.0052232693700721994
821,2,0.038990223637068895,0.037282587658950955,0.022999144443915574,0.06484621535639361
822,1,0.006313663604129692,0.005219373965504439,0.0014996738033262263,0.01750168425137996
822,2,0.021953334568708238,0.02112918565031211,0.012409354554237199,0.03622353190462648
823,1,0.002179048418978891,0.001988456425709733,0.000993255364774684,0.00446154931090828
823,2,0.031356926177824575,0.029176426584288553,0.01816548530568522,0.057364502327773466
824,1,0.0016675642737281479,0.0015667791744035078,0.0008387956182191592,0.0030855182440845557
824,2,0.023993300037946957,0.023077931969264266,0.015699125805583195,0.0375730258206324
825,1,0.00256080626216643,0.0021854101075402385,0.0009827520521847291,0.006329018466966759
825,2,0.036854385847003616,0.032031243005245964,0.01743403360340992,0.08488511167105861
826,1,0.0015417829676093748,0.0013833199302494383,0.0007410170672168258,0.00331212096715476
826,2,0.022194734956024736,0.020148108963479787,0.013991176495282436,0.043858068341148
827,1,0.002276134912636789,0.002076863940399193,0.0010231638049635115,0.004657838430359147
827,2,0.03275432716102296,0.030621207038308187,0.01852339328464095,0.059779769708535976
828,1,0.0015101132843074398,0.0013333454792420108,0.0006976720544596259,0.003399637996410677
828,2,0.021729689243908498,0.01934906873344776,0.013008174590917618,0.04517375830498957
829,1,0.004259965565508688,0.003498499618675022,0.0010012641079333933,0.012007716915420432
829,2,0.014787237543942877,0.014110828408364685,0.0082319096195613,0.02514840006597239
830,1,0.0050645726850820855,0.00406947388762696,0.00112748723082682,0.014873471888270807
830,2,0.01759460675551427,0.016348861503461345,0.0090416210364423,0.03374757131135092
831,1,0.0013345135028670818,0.001269841133006076,0.0007088908832390379,0.0023397515270373996
831,2,0.01921148924180036,0.01874694487895729,0.013540453223386232,0.027631699176649496
832,1,0.0023643503314764234,0.0020799433558049275,0.0009806207406390338,0.005410971852223598
832,2,0.03401877061603377,0.030421440559176505,0.017631100756652193,0.07163457729129837
833,1,0.0028954395588291965,0.0026835970097308145,0.0013257956319622881,0.005693089699910357
833,2,0.041663962436652616,0.039623136438987405,0.023878126864060132,0.07123343195442779
834,1,0.003921781814328337,0.0032339603196817656,0.0009351157884697946,0.010965402542890551
834,2,0.013627193935491791,0.01308598428906518,0.007760371605076226,0.02264705200639121
835,1,0.001180464499843218,0.0011172145817175071,0.0006361802997030414,0.002058614796927271
835,2,0.016987781052447866,0.016539176629323884,0.012309404972151342,0.023616466588478418
836,1,0.0010062501524499756,0.0009649510196287445,0.000551191153042882,0.0017000913725608432
836,2,0.014478886164884068,0.014315164541428263,0.010697238386235612,0.019153489196141703
837,1,0.0012998676900627256,0.0012339661959382816,0.0006846149997277387,0.002293033645275633
837,2,0.018705804670620163,0.01822662860442796,0.01304580390648149,0.027155946590266607
838,1,0.001558462588282632,0.001455692184351075,0.0007739510805490564,0.0029491806342647215
838,2,0.022424116108495755,0.02136891729960162,0.014412249272956968,0.03644926746211205
839,1,0.0012254689004122781,0.0011398737426626766,0.0006275689886112149,0.002327206720061928
839,2,0.01763738088110592,0.01668145481972758,0.011998190211664662,0.02923034219359953
840,1,0.0021260794328239125,0.0019639781224967123,0.0009953253777560986,0.004177614715510671
840,2,0.03058942905586208,0.02889661272823382,0.018194628320705498,0.052629595558980884
841,1,0.0041960523259779465,0.0034771596564128595,0.0010158498983714153,0.011575947755039777
841,2,0.014592726250665086,0.01407364693613029,0.008430246561798839,0.023727905476554373
842,1,0.0017925326106972353,0.0015828473953057509,0.0008140889873787301,0.004050931266387901
842,2,0.02580004639957668,0.02297780206906106,0.015098364283938626,0.05381802554126495
843,1,0.005880133436098132,0.00487436378698806,0.0014263418043883502,0.01628797047654646
843,2,0.020520841317811792,0.019746525587456685,0.011626112683717823,0.033806363453457985
844,1,0.003879507838806843,0.0031993057749350818,0.0009226943477719171,0.010820062838487106
844,2,0.013477987131597,0.01295047930604136,0.007705814643039731,0.022349665691246547
845,1,0.0025963489866700036,0.002387655828759397,0.0011558677744162441,0.005274884296550347
845,2,0.03735602029588397,0.035136042106384456,0.02083774567685623,0.06683332679543089
846,1,0.002017003293229262,0.0018759407940393124,0.0009638890384610207,0.003895735745612424
846,2,0.029023376484126496,0.027618425996323068,0.017763005280443545,0.04845338091918641
847,1,0.0018773657281834892,0.0017637709515218836,0.0009313509005125977,0.0034868273333269273
847,2,0.027014629804467637,0.02602613637422435,0.01732069934163947,0.04252721857232083
848,1,0.0064475573026088724,0.00531451888867567,0.0015298198545103693,0.01801463544181927
848,2,0.02242873038558364,0.02153054612292913,0.012458498197118502,0.037549331035739895
849,1,0.0019968913160397566,0.0018546276303762332,0.000975094426294377,0.0038418964826795778
849,2,0.028743729991831342,0.027294582565038847,0.01805309965620389,0.047991767334152606
850,1,0.0012506260886871383,0.0011361431343102951,0.0006222346144070025,0.002538993559585981
850,2,0.017996640964437684,0.016599823687846557,0.011882978608932034,0.033025489116401366
851,1,0.0010464130023383857,0.0009806441479515158,0.0005530191200748602,0.0018760510035066337
851,2,0.015059912915706613,0.014467901547463177,0.010687797118576448,0.022085169353028705
852,1,0.0049636394896157955,0.003979414754917922,0.001093832267523044,0.014683291700134606
852,2,0.0172841956600098,0.015878579631164694,0.008632857475829443,0.034027271634520954
853,1,0.0016207354520587386,0.0015160846510057966,0.0008063860712087499,0.00303793316534217
853,2,0.023315856698033727,0.0223634487216839,0.01501035875345443,0.03728994411596595
854,1,0.0026057431156264947,0.002405560875832255,0.0011807456836060472,0.005198520020949931
854,2,0.0374918325832884,0.035463166062930915,0.0212685876302469,0.06539107764282753
855,1,0.0019642321188180476,0.0018476091646585098,0.0009998506562237898,0.0036007395783973577
855,2,0.028301681667045265,0.027252431568785578,0.018525687679168335,0.04420381733068236
856,1,0.0073126076190645805,0.005626780342517328,0.0014644444748812028,0.023288712079739496
856,2,0.025405945354309206,0.02241393353090597,0.010984986118303005,0.05737829414805072
857,1,0.0011196044065944794,0.001039538624162487,0.0005855049869963511,0.0020243476282398275
857,2,0.01609838675142782,0.015323056599703313,0.01127996107072785,0.02417942849897792
858,1,0.0012678508796087876,0.0011459881797880244,0.0006290134948975108,0.0025701081279391872
858,2,0.018241652026241745,0.016758261365031932,0.012027959675224124,0.03358054698822859
859,1,0.0012938330653428651,0.0011506925856339964,0.0006180174141498879,0.0027899491284447296
859,2,0.018593256820326816,0.016730034263282047,0.011693746808712987,0.03735730667081103
860,1,0.0012199185774459523,0.001115448251765368,0.0006130686638147597,0.0024125017692731357
860,2,0.017552523883495423,0.01632975304301606,0.01173521580295259,0.031197863636448008
861,1,0.001551201527408823,0.001469237980998588,0.0008137739567411538,0.002768531323091903
861,2,0.02233605791285784,0.021668377439429586,0.015441697884369849,0.0331138408006341
862,1,0.001507564185314996,0.0013838961194571587,0.0007334747197126548,0.0030128111862750113
862,2,0.021693381495284943,0.02024831739911374,0.01376566522763439,0.038398799494687205
863,1,0.001247402122768538,0.0011607372948144452,0.0006553540182910274,0.0022373016572309764
863,2,0.017956462271527758,0.017135899074212493,0.012541922884493501,0.026461812474001978
864,1,0.0027365867728148634,0.0025109716193705395,0.0012176621956065303,0.005571400912086549
864,2,0.0393853793310525,0.03696955386845192,0.021819983115752298,0.0709633519857897
865,1,0.0022520501718596713,0.0019149807849527748,0.0008883108921348727,0.00562236865580641
865,2,0.03240435687266006,0.027955856801065316,0.015907934822614513,0.07507031571849898
866,1,0.0013670817613138041,0.001260609930751428,0.0006839269725052567,0.0026795802473662264
866,2,0.01967209458186484,0.018473980303252667,0.012893280595912068,0.034180446683047185
867,1,0.001814048902241694,0.001586008932640545,0.0007959657813016067,0.004201953745329776
867,2,0.026116911751333828,0.023051107637925762,0.014645481315089928,0.056743788120479054
868,1,0.007549285868830558,0.006334696637906985,0.001869674245149769,0.020294994329916632
868,2,0.026472212215677082,0.025613404364428556,0.015358949220048499,0.042413024396343056
869,1,0.006751262264470975,0.005594520154232301,0.001602093959855,0.018765294279657833
869,2,0.02363574945388367,0.022537377355870258,0.012818473307921626,0.040573725858717324
870,1,0.0014689857385277165,0.0013826868762417126,0.000752267587199152,0.0026916927470446747
870,2,0.021132184343313123,0.020353881820825405,0.014219511437777095,0.03267550879311651
871,1,0.001007249017611653,0.0009650163372490654,0.0005516256884091778,0.0017084991948905835
871,2,0.01449202073371924,0.01433317359421887,0.010676464553717312,0.0191783358417146
872,1,0.0014769767271220408,0.0013206842188199482,0.0006994143820261768,0.0032145730147252827
872,2,0.02126114980205476,0.019178097665583586,0.013052553425077794,0.042607591994480415
873,1,0.00628834273070845,0.005226483337745409,0.0015017520730958263,0.017345240789080504
873,2,0.02197363045024157,0.02110313265522853,0.012300849599370256,0.03659372079709159
874,1,0.0010754804143212672,0.0010194827217461396,0.000578211886915224,0.0018684706792160746
874,2,0.015479030313186792,0.015086965670283918,0.011175055017883139,0.021276897441518016
875,1,0.0018633711209452347,0.0017295730590228219,0.0009070808702543662,0.0035677198187203845
875,2,0.026832181966069953,0.025485993799150293,0.016716477291782786,0.044795668034703966
876,1,0.006255770350190991,0.00516386452007106,0.001484291609435928,0.01729374833466536
876,2,0.02179398927392752,0.02087739174336692,0.012087318753280844,0.036814086842660576
877,1,0.0016355729609429108,0.0014990023584408791,0.0007921602015299959,0.0032954970556960026
877,2,0.023555079697118664,0.021895158527683863,0.014776235015311513,0.04234664229374044
878,1,0.0015186083007979459,0.0013201484365574748,0.0007012078902810663,0.0035788342167217984
878,2,0.021848628596034005,0.01914077188351697,0.013171371871708469,0.048670837331975594
879,1,0.0020172218109366404,0.0018395314462465624,0.0009201145942771118,0.004168936543584017
879,2,0.029029864924328266,0.026956754274016052,0.016786530677356443,0.05341275620069412
880,1,0.001626673999113036,0.0014331616046068894,0.0007308091969931094,0.0036899182925836157
880,2,0.02340150997978878,0.020852092226694555,0.013451789846281694,0.048673283453847874
881,1,0.0014498250758736115,0.0013773195983467945,0.0007681913486430185,0.00255493333364116
881,2,0.020875358453812536,0.02037583560264023,0.014518695009488282,0.030186524060320945
882,1,0.004565777621462365,0.0037751965856919665,0.0010869872727907323,0.012809272083168698
882,2,0.01588484471889128,0.015289545437644169,0.008990302771216386,0.02626930902384574
883,1,0.0060283894441286,0.004909166615864663,0.001385118066294373,0.01722736572104505
883,2,0.02106097087770673,0.01980117270720408,0.010901296561938929,0.038793529955808904
884,1,0.000980603878914554,0.0009405265192934035,0.0005366613880530444,0.0016567348718971885
884,2,0.014108369351951916,0.013958773114007204,0.01043890501956157,0.018613709185942934
885,1,0.0014090944377679075,0.001329342382225521,0.0007323851910082835,0.0025564786693805294
885,2,0.020278687496507422,0.019544770913334383,0.013901104564341028,0.030955198680915116
886,1,0.0019438921033543806,0.0017530487698736792,0.0008795414383989591,0.004161041951016518
886,2,0.02797559497678018,0.02563865815649407,0.016065769858489377,0.053794703400130636
887,1,0.0021121332354239,0.0019481885577989394,0.0009960736851330966,0.0041977247120560685
887,2,0.030393950076770915,0.028702725877694416,0.018166511395904302,0.052622351226780294
888,1,0.005589751929439473,0.004740354574707279,0.001406444842528422,0.014703239960718949
888,2,0.019817187743418122,0.019085748242983158,0.01110970579353718,0.03282171575378523
889,1,0.001084516016694859,0.001039862380117759,0.0005944281676485827,0.0018324299867100698
889,2,0.015605330683006794,0.01543561067846987,0.011566067161220812,0.020572152749571658
890,1,0.0020998826970281257,0.001949876891820905,0.0010111918002968293,0.004080569984900069
890,2,0.03023828157942589,0.028632551370052037,0.01853170566343544,0.05147454193014908
891,1,0.0013786645211233241,0.0012578179699379928,0.0006760861856234086,0.002790401503701796
891,2,0.019841035454568237,0.018359879620687525,0.012759342865826378,0.03634685832072179
892,1,0.0011869998702170048,0.001124891811202802,0.0006233483879779634,0.002108096877843283
892,2,0.017079449776768254,0.016648161926886097,0.01188292585605877,0.024879689192900567
893,1,0.0019943943107676243,0.0017854320214587241,0.0008506523158185587,0.004382581663710572
893,2,0.028702822703520155,0.026122784481446924,0.015298919604843005,0.05718899828959521
894,1,0.0011540004075482274,0.0010557473215097187,0.0005821991504528186,0.002221962521383861
894,2,0.016608053232182694,0.01550371693896365,0.011085195470448235,0.02816518938273687
895,1,0.001996061984692636,0.0018528240182919692,0.0009379788142911312,0.0038885848314074586
895,2,0.028740511534779585,0.027255418074650067,0.01709685026773896,0.04898886129992246
896,1,0.0018634194776317818,0.0016966997656624025,0.0008267938766258372,0.0039032301122161883
896,2,0.026809716446758607,0.024928155300189204,0.014860484032358397,0.04969109478715049
897,1,0.0012651825508600216,0.0011992698047602166,0.0006640125928266295,0.0022575466081363998
897,2,0.018206403050840186,0.01771249235773969,0.01260975937553118,0.026794843031793695
898,1,0.005120490000105407,0.004220363551448041,0.0012025129162637177,0.014337886443796933
898,2,0.017865689881805598,0.017035264879415445,0.009765128569023156,0.03073022964626138
899,1,0.0019281483562329262,0.0016062370487581932,0.0007788256749593456,0.005068787002585914
899,2,0.027747293773166107,0.02324771101104646,0.014213892763119062,0.06894210725986832
900,1,0.0010400902836767397,0.0009973615152483921,0.0005686277601448399,0.0017576753023274792
900,2,0.014967108959728387,0.014799938690064712,0.011017111816464168,0.019860419523815502
901,1,0.004573001914647776,0.003697388488171009,0.001036336586700207,0.01326119306477546
901,2,0.015884935604237375,0.01487462237691261,0.008396322796152302,0.029302702409123402
902,1,0.0010937291473722649,0.0010470843946021764,0.0005933442264078397,0.0018621465594563882
902,2,0.015742842288510007,0.015555982388270927,0.011357745665659112,0.021216749251382783
903,1,0.0010650844643101938,0.001014135207991543,0.0005561625341672732,0.0018659261867044366
903,2,0.015329021676330224,0.015081732352256306,0.010481256033415568,0.021682071614780418
904,1,0.0010533265618731253,0.001008995725626055,0.0005740915490454344,0.001785675074512019
904,2,0.015156502022833883,0.014990757040827432,0.011116174931814759,0.020135989794244594
905,1,0.0013556267919814157,0.001234761652810534,0.0006617563088289181,0.0027908439449260162
905,2,0.019507234504776417,0.018021492528745645,0.012451238952416264,0.03596196094249254
906,1,0.001205719158133251,0.0011507982523679937,0.0006453714140758769,0.002080989880428362
906,2,0.01734762411383422,0.017035503429280674,0.012420697246631364,0.024103828595247293
907,1,0.001467218783113827,0.001250024058524188,0.0006484252575003894,0.003507072883016082
907,2,0.021103928459932086,0.018267491058413403,0.01199426157480746,0.04858804550685093
908,1,0.0017835200825612647,0.0016721370579720575,0.0008815594751816858,0.003334881371115623
908,2,0.02567824229054006,0.02471277425057593,0.01620693785510353,0.04083774052024523
909,1,0.0019388107326175153,0.001783238646032176,0.0008952304364836036,0.003903786584776605
909,2,0.02790382540988911,0.026246678110660074,0.01618725811128123,0.049183234765465066
910,1,0.0010651376246391588,0.00101899585157958,0.0005739731218266081,0.0018177889536167152
910,2,0.01532497446769151,0.015141010254388236,0.011011116315442188,0.02072982960364244
911,1,0.0012816591112495782,0.0012020968242988038,0.0006648225352394043,0.0023555098272280027
911,2,0.018440476120783804,0.017697642498674997,0.012759748137228867,0.028854417552308574
912,1,0.008697097165620225,0.006643600458612968,0.0016786490506820722,0.028120909685437307
912,2,0.030224610223622293,0.02640943475495804,0.012528910918190172,0.07075037376712254
913,1,0.00884620856552142,0.007323804381684604,0.0021104005438237813,0.024430911111622773
913,2,0.030909392455088475,0.029693876463303077,0.01704795342906358,0.051723595911274296
914,1,0.0026999823687409645,0.0024478673060794797,0.0011355904696353474,0.005746360654034726
914,2,0.03889486041487737,0.03605527857864474,0.019823340326466703,0.0743464464223849
915,1,0.0010462623488046233,0.0010024477131422662,0.0005700496730574286,0.001771226755373153
915,2,0.015055126792451658,0.014882816425344732,0.01101581855160879,0.020051557584017915
916,1,0.001901881671972306,0.0016922028067366118,0.000835323145410322,0.004203135983499423
916,2,0.027364508564901534,0.024706241677959553,0.015214986076288428,0.05542910050268507
917,1,0.0012611146744648048,0.0011868320515043952,0.0006721916902726947,0.0021959826403683065
917,2,0.01814638097235942,0.017570352055036334,0.012992156401288013,0.02517560772524807
918,1,0.0021917035197876176,0.0020723709769290208,0.0011751589030165326,0.0038930539402229083
918,2,0.031672961839740235,0.030495055000777142,0.021840950278556693,0.04863655409702814
919,1,0.0027802397124596498,0.002585801397730686,0.00142142292486452,0.005325539436491455
919,2,0.040212898660509734,0.037914716304084065,0.025789856133009048,0.06889390918187557
920,1,0.0013410089633144346,0.0012655048099845427,0.0006941002914271152,0.00242536344948457
920,2,0.01930145102265079,0.018618508480057486,0.013129459892521787,0.02947198926159344
921,1,0.005642594156175839,0.00469669367174075,0.001358218788702674,0.015396261724191564
921,2,0.019931163288071176,0.01887986773814413,0.010566621161603248,0.03551961617394738
922,1,0.0012558482960707495,0.0010952140575874534,0.0005805634781971456,0.0029093365094610703
922,2,0.01805746489408799,0.0159363227251437,0.010947519683129818,0.03947628369390705
923,1,0.0010559996622168135,0.001010926185328681,0.0005660403681548793,0.001807751396091987
923,2,0.015196992223239588,0.015018058714547602,0.010864701915027994,0.020589020106018686
924,1,0.003238682094305598,0.0027730889659703627,0.0013072372425029807,0.00805330548835299
924,2,0.04688337661743163,0.04051351104343191,0.02253830602040074,0.110403056128208
925,1,0.0019257872131136923,0.00166169017146042,0.0008108410235314387,0.004655402027138166
925,2,0.027741964289498697,0.02413334362809454,0.01467714115215764,0.06262092723098954
926,1,0.003992513823881665,0.0029399825834547175,0.0010228010097168882,0.013280231399636307
926,2,0.0574349437996932,0.04317492974588967,0.01725102395448614,0.18337979754609382
927,1,0.001455399141140897,0.0012964571561011498,0.0006868119121337439,0.0031962782510847874
927,2,0.020944662115737808,0.018831973647205045,0.012895119116077837,0.04229302816237324
928,1,0.0023771714081169426,0.0019843323512375687,0.0009563552919640405,0.00621737181241743
928,2,0.03429291672771931,0.028906338841922875,0.01700594596613015,0.08563353249516494
929,1,0.0010679600289248588,0.0010238832788657724,0.0005838524881927553,0.0018102158314100966
929,2,0.015368709811524812,0.015199126213371827,0.01125996331140868,0.020461792390229848
930,1,0.004136929485985281,0.003473899171097603,0.0010270260191053923,0.011090290025873622
930,2,0.01454407352239634,0.014047024606754728,0.008376116226352212,0.023702271418575376
931,1,0.0013613818870949217,0.0013047143397519802,0.0007375879933957692,0.0023066297409819574
931,2,0.019622573931732758,0.019366846870853868,0.013925052204167506,0.026736232560960655
932,1,0.002246187852379401,0.0019468932851378412,0.0008939049336814022,0.005412212501899696
932,2,0.03232821049092551,0.028411214315819666,0.015866369356099197,0.0717504809454603
933,1,0.005293552941925705,0.004272363259606288,0.0011945772049688635,0.015472366472611642
933,2,0.01845231215843769,0.017194444622682173,0.009408392425251773,0.03481479761625783
934,1,0.005091224439270797,0.004133004219862826,0.001166274126552604,0.014611963302076283
934,2,0.017697446666140208,0.016682237315693835,0.00938086323196378,0.03210279262397027
935,1,0.0017579816095619183,0.001501382502564709,0.0007459675195809944,0.004367039154088691
935,2,0.025286102837378793,0.021729169925707843,0.013680436738697841,0.05879048725520317
936,1,0.0211580453828808,0.019528248652148167,0.0083375365984811,0.0432504996624556
936,2,0.02225788573866254,0.02191502614291581,0.015627855810588495,0.030770324386092486
937,1,0.006046623095387795,0.005178124928195731,0.001750636149663857,0.015432917146112458
937,2,0.08714778018545048,0.07665871246677763,0.028975596450168773,0.2052736505809046
938,1,0.0016464661016906202,0.0014666571280114713,0.0007464656815544909,0.003627867918512534
938,2,0.023690099649815662,0.02139970122555534,0.013767314884632322,0.047807175529503934
939,1,0.0014867358672107907,0.0012649246124013193,0.000654309956644714,0.0037148291206739767
939,2,0.02140579939839451,0.018289925097194418,0.012179741688289428,0.05139921966267186
940,1,0.0013203750803069843,0.0012460258567877627,0.0006824435874392921,0.002399542847854922
940,2,0.019004869015010546,0.018370260318484776,0.012897830593339378,0.028915152062805302
941,1,0.002095269155267874,0.0016384923903164277,0.0007708469931731809,0.006316929052760299
941,2,0.03015451201737448,0.023655517884472246,0.013834472395774289,0.08709843907244831
942,1,0.01882538921789266,0.017105775229527012,0.007035509024548531,0.040461569314296605
942,2,0.019755806619489554,0.01908846394939448,0.012953663235060678,0.030558400077463584
943,1,0.0014194038656993486,0.001229193882788245,0.0006462731271933389,0.0033544595776501206
943,2,0.02041639261870413,0.017837960399821193,0.012138317250650675,0.04567951670037457
944,1,0.019483902847606746,0.016628777434118933,0.006411711854165397,0.049491308127294506
944,2,0.02029211340579089,0.018195453284447313,0.011848489160364946,0.04185741088921666
945,1,0.0010246526276605115,0.000981691693412528,0.0005561180227959209,0.0017400354863417223
945,2,0.01474663970121253,0.014574613135366527,0.01070177530139534,0.019772897907910262
946,1,0.00259902484970092,0.002404298840378043,0.0011706307350497925,0.0051548140778720965
946,2,0.03744147590691045,0.03557111336697197,0.020656846902719184,0.06523299135118782
947,1,0.002243124748515484,0.002036829806832425,0.0009581275480604121,0.004740544147351284
947,2,0.0322642446344393,0.02999513794351458,0.016997831768357438,0.060453550361286745
948,1,0.00135196221283464,0.0012502823311235536,0.0006797744066830905,0.0026368077207270775
948,2,0.01944878862380832,0.018302635576962323,0.012901546200129633,0.03329999065320655
949,1,0.0017756451477242922,0.0015856379486247913,0.0007837236492677128,0.003913586827651892
949,2,0.025543188424391242,0.02319690711236988,0.014212546710069038,0.05089905906739601
950,1,0.001281698699875716,0.0012286911531006065,0.0006933481788631024,0.0021814512095095643
950,2,0.01846267901983615,0.018223700511758305,0.013151867385888735,0.025113489682741057
951,1,0.01822621522475378,0.01627985404310138,0.006483168035583095,0.041200568433207393
951,2,0.018983692781916764,0.01809373525886586,0.012206607323263707,0.030991021317181323
952,1,0.0011436123808795879,0.0010588745858006506,0.0005869843540611809,0.0021103640627016165
952,2,0.016447825543978792,0.015615592510211034,0.011214453952632372,0.025518571513065427
953,1,0.0021476652850522474,0.0020023963291472963,0.000978157813626388,0.0041585929817213345
953,2,0.03090785684421867,0.029692492714009686,0.017349864908825046,0.05139076515009429
954,1,0.0010663110625228134,0.0010216832016302268,0.0005816625740768427,0.0018079413401447194
954,2,0.015343620903116795,0.015170951284122366,0.011219109681943834,0.020456271413410047
955,1,0.0023080665119990353,0.0018925131818680028,0.0009079372412358348,0.006290880039852032
955,2,0.03324231019114102,0.027458323392005178,0.01621044285889385,0.08649697640012781
956,1,0.0012017144519039845,0.0011313597541961638,0.0006220535604817516,0.002192173328426049
956,2,0.017290495145635833,0.016671667914425172,0.011821316578876468,0.02652442409247079
957,1,0.0022494107124423615,0.0020154160909165598,0.0009254605771655013,0.00496235003394564
957,2,0.03236671524199186,0.029647338358009055,0.016386924903960716,0.06421489169295823
958,1,0.0012346191525938954,0.001182294008377837,0.0006690598028022688,0.002100876059324897
958,2,0.017776090848463575,0.017553042917892586,0.012758080918408018,0.024035849611991948
959,1,0.0011845568707086044,0.0011349667821557005,0.0006432400900050173,0.002017803757130691
959,2,0.01704781407895683,0.016840545323984726,0.012309623319922958,0.022924733706821233
960,1,0.006154957744051505,0.004973856151409669,0.0013746214219095957,0.01785907413342759
960,2,0.02141551193963298,0.02000427661155066,0.010809599370351263,0.04017222357778083
961,1,0.0015465842982722935,0.0013406141554888613,0.0006923436409322286,0.0036966714089965483
961,2,0.022262983228415228,0.019395986693634702,0.012901131620997706,0.05024983625718443
962,1,0.0010390224796231265,0.0009958012536715436,0.0005682219366157635,0.00175671342376895
962,2,0.014950127254459763,0.014793040743651991,0.011016906495995326,0.019788805556657314
963,1,0.0020773729378566665,0.0017920959003836173,0.0008910744398073839,0.005021389093825031
963,2,0.02989181471605417,0.02600109233159853,0.01631396771017723,0.06750444410793435
964,1,0.0013198684342133604,0.0011953125865228438,0.0006426113972895196,0.0027346568345976664
964,2,0.019001557015401172,0.017417135082245693,0.012153313012757771,0.036007172285846455
965,1,0.008176666310913482,0.006621416297562679,0.0018080114812417973,0.023630806211354796
965,2,0.028513552519764163,0.026713176480919216,0.014006754737547877,0.05326665124974471
966,1,0.0014323789572602981,0.0012897870334246764,0.0006852618286618946,0.003034686640612624
966,2,0.02061084483873964,0.01881586606670406,0.012817253387949453,0.03979857221101862
967,1,0.0017576762883984537,0.0014705922665543734,0.0007293212518840905,0.004598211994539884
967,2,0.025302820372304705,0.02127983727207982,0.01327365645383074,0.0627681347006473
968,1,0.0019838261495432577,0.0018559548843851044,0.000946609451084753,0.0037648305770338897
968,2,0.028555967060656367,0.027469806855998258,0.017061086820000414,0.04634581560150911
969,1,0.0018957853220483265,0.0016392100029452988,0.0007783968711175146,0.0045706847102754905
969,2,0.027281609999433017,0.02385303375457719,0.014098958901813969,0.06121866917679757
970,1,0.0013829196836588308,0.001276124441703639,0.0007034581074695564,0.002671323721365267
970,2,0.01991005264257381,0.018731479295785204,0.0133502025173756,0.03397942630308077
971,1,0.005217671605466622,0.004349633983522776,0.0012764325132567792,0.014222345755403005
971,2,0.01828323526358367,0.01758091960190855,0.01032555910719838,0.030291853464688063
972,1,0.0020559206579207822,0.0017810035979828314,0.0008444924264338763,0.004903247740955956
972,2,0.029593413845010803,0.025993762412367484,0.015288804954027782,0.06566768321541681
973,1,0.0016033150167583052,0.0013618820750236713,0.0006844117423501132,0.004024287828224544
973,2,0.023073463133875826,0.019764677412020246,0.012614426371325548,0.05458076627475272
974,1,0.0015508793676499895,0.001367070662717913,0.000701371794190997,0.003527983690145016
974,2,0.02231150146464214,0.019893745816838004,0.012991738580736795,0.04677742576399663
975,1,0.002025665950744784,0.0018863398624429546,0.0009561446941648064,0.003910036505789584
975,2,0.0291626699994266,0.027837661230926534,0.01721291209763265,0.048748061788765874
976,1,0.0012304006280884551,0.001173985151318431,0.0006472667740038647,0.0021294853433749387
976,2,0.017722800063977383,0.017442640954575046,0.012053885132872597,0.024935432690868804
977,1,0.005966617204240992,0.005047362108098526,0.0015085655180332143,0.01577269243237342
977,2,0.021071485004501234,0.020380567967658754,0.012174797296048557,0.03394096610349426
978,1,0.002684480358699179,0.002580948782819923,0.001505200058874087,0.004473510148990815
978,2,0.03890850375095773,0.03811464152108884,0.02756427446417809,0.05487076622057061
979,1,0.005371362444316936,0.004521654974498414,0.0013448797504095266,0.01436103131155889
979,2,0.01891410340122203,0.01826279266607201,0.010874584204847125,0.030633351837309492
980,1,0.0012842799002493372,0.00113281119678476,0.0006141314178441615,0.0027535951905583392
980,2,0.018503606553591404,0.016563877570240755,0.011586526266089954,0.037093497747584796
981,1,0.0011042490895510513,0.001055291032521191,0.0005871912082233492,0.001901860392255374
981,2,0.015895494162033282,0.015683411716476373,0.011074472853611496,0.02194696562641641
982,1,0.0010779341096591789,0.0010333724743654105,0.0005878608654385593,0.0018238329910001867
982,2,0.015505362663497715,0.015346426678510963,0.011363471443302142,0.02059770671601463
983,1,0.0013238249255198367,0.0012113167759613243,0.0006727793100419576,0.0025241399097211186
983,2,0.019063875983297094,0.017769263758184835,0.012863646566754153,0.03229982311489636
984,1,0.0017509205998129385,0.0016270763784014047,0.0008030785816468293,0.003420440335124606
984,2,0.02527310424824036,0.024003074826194532,0.014194018696383355,0.043810336412701364
985,1,0.0014776626304285963,0.0014158128178138828,0.0007943615282039487,0.0025169103491479335
985,2,0.02131744528730803,0.021013822362241787,0.014857333114843293,0.02959908699201912
986,1,0.005175851584802902,0.004237462442587653,0.0011993113783408753,0.014741883364762036
986,2,0.01805194252546396,0.017082619640512678,0.00963213176428305,0.03218267517970934
987,1,0.0011444095756745372,0.0010712611792315762,0.0006016320987213256,0.002055191455327076
987,2,0.016466651602507338,0.015838988670271437,0.011476529941972752,0.024179604392341923
988,1,0.001092888515931118,0.0010459572226591556,0.0005889257183923123,0.0018637888819684756
988,2,0.015724456695195226,0.01553556342352555,0.011274685696862956,0.021264048061033783
989,1,0.0051079739363450805,0.004138956941097593,0.001159408659578003,0.01479629736909359
989,2,0.01777691227653309,0.016606790863269952,0.00923733499244958,0.033127342248284924
990,1,0.001979985852320019,0.0015552150800415088,0.0007478099365116003,0.005935486376711596
990,2,0.02847352683472041,0.02243799461430915,0.013558586026369399,0.08216353919802488
991,1,0.0011205613243513554,0.00105438206166511,0.0005994736409074296,0.0019771993539585177
991,2,0.016125430310736186,0.01560044185424955,0.011543526739523507,0.022587433878461082
992,1,0.0015320021154870886,0.001450965727493285,0.0007611696630373181,0.002771728938160839
992,2,0.022102762811958058,0.02149116760650024,0.01377201406254082,0.03390280039573512
993,1,0.0010425625979394388,0.0009995781252302538,0.0005712370958966125,0.0017638049581938365
993,2,0.015002002209709752,0.014844249670532418,0.011078839399394323,0.01983023183632529
994,1,0.0020670889982862474,0.0018660794205893768,0.0008931847162327036,0.0043937426055699865
994,2,0.029754538128684175,0.027487638638735545,0.01589262312412735,0.05703153884756509
995,1,0.01889525255417265,0.01809699118678674,0.008819504395448962,0.03362020140884164
995,2,0.020740365340001073,0.020256958692927585,0.01260396379517759,0.031596795502245936
996,1,0.0018564147565580437,0.0016814001026063791,0.0008500907998921016,0.003923460015997481
996,2,0.026707410527713974,0.024575916446956808,0.015633700557537673,0.05034764176929037
997,1,0.004366675220439674,0.0035545374176455457,0.0010106121385923062,0.01249490047999377
997,2,0.015158067069026308,0.014341221030049586,0.008213141208368312,0.026906328536039494
998,1,0.0015739227889295228,0.0014200287339533662,0.0007335287916503635,0.003343631229130973
998,2,0.022644003501873955,0.02069905511775879,0.013620996054136202,0.04368342055381584
999,1,0.0038776342463742583,0.0030536308427371855,0.0008681454773254338,0.011597760134086522
999,2,0.013468338107725198,0.012196138254679528,0.00715078827233137,0.027031565777831466
1000,1,0.0023926674770043026,0.0022150569192845634,0.001119351083145436,0.004690045631599323
1000,2,0.034430491002518646,0.03271604178274,0.02035276305753136,0.058791709681004306
1001,1,0.0011569642588143457,0.00110195250490706,0.000616515834700106,0.002020473212485202
1001,2,0.01664827315267134,0.016289853402365516,0.011730433554795527,0.023663140989802735
1002,1,0.0022905978623387747,0.0020816996483538114,0.001014286641793162,0.004807298785392204
1002,2,0.03296201406405696,0.03053294002705709,0.01833449972175378,0.06154248519320938
1003,1,0.021327155028555086,0.01936478695085978,0.007926910783897779,0.04613804829922013
1003,2,0.02230217106301067,0.021704897821317563,0.01476857051862515,0.0333303892065015
1004,1,0.0036669300600351007,0.0029967885848645502,0.0008719028403194804,0.010390798936733343
1004,2,0.012830472801016644,0.011994944859388698,0.007084608466930729,0.023313758992416445
1005,1,0.006395596722430399,0.005229194164484377,0.0014696165324011646,0.018146187041625114
1005,2,0.022212142646303293,0.021139050356054657,0.01186291442304969,0.038772874735100826
1006,1,0.0013844669826566566,0.0012891811333362443,0.0007070422743333108,0.0026176938831856634
1006,2,0.019923267511363522,0.018926372363413328,0.013323123174792326,0.032688388841722815
1007,1,0.03836839438718247,0.03242180203057256,0.01122529202461485,0.10065856197067763
1007,2,0.039801795855224455,0.036071312791114106,0.019299181972865277,0.08230747172599408
1008,1,0.003051110548585263,0.0026595196365231874,0.0011767369967702315,0.0072603443661401704
1008,2,0.04391518037003245,0.03905533825890647,0.020766702982449682,0.09548129782329612
1009,1,0.0014191908484865211,0.001298755284277924,0.0006913669457736124,0.0028464178674763143
1009,2,0.020418133647536647,0.018999801853251015,0.012996483673521011,0.03653848344899465
1010,1,0.01937714811618948,0.017584700929205076,0.007208723458766937,0.04179393737673951
1010,2,0.02016989738320799,0.019768091054920636,0.013960444555017638,0.028688429107446796
1011,1,0.00575534594451393,0.0043987927784978325,0.0011623422541817096,0.018522489707424497
1011,2,0.020049671025123804,0.017330179585997023,0.008924088749450053,0.047452244958206366
1012,1,0.0012740856192419113,0.0011548153892183986,0.0006288753059460406,0.0026241312398354462
1012,2,0.01833990367941574,0.016902444267091546,0.01191763958963058,0.03425453585259563
1013,1,0.001662092175948286,0.0015483166669371074,0.0008203012065107641,0.0031788873635377967
1013,2,0.023911109170177566,0.022735363482826704,0.015354698457346282,0.03939036224514575
1014,1,0.02560103763009434,0.02316161994227757,0.009375788815240453,0.05591658450972256
1014,2,0.026635089412588808,0.02600959648373066,0.017861810385908176,0.0388746787976827
1015,1,0.011294814119089764,0.008644433377402262,0.002142733272622264,0.036153327735360855
1015,2,0.03931900326530872,0.034585479742218934,0.015480374528345248,0.09065642408887956
1016,1,0.0017241173791954349,0.001522963655585723,0.000763447418435153,0.003920106209511341
1016,2,0.024804879957774098,0.02214422634363785,0.013993279128627802,0.05183686296744507
1017,1,0.006478507488603482,0.005139989766614443,0.0013902157236320297,0.01944407190515766
1017,2,0.02246250283470134,0.020639248818012254,0.01084995794954473,0.04495118844187578
1018,1,0.002597573426658692,0.0023268499438178812,0.0010928075462936372,0.00571351096092051
1018,2,0.03737537728622434,0.03419648799852377,0.019439858351581716,0.07406408596140537
1019,1,0.006503576369157368,0.005392518378322487,0.0015536757446906442,0.01791427081216969
1019,2,0.022770268816694608,0.021757935798211763,0.012503272521192219,0.038941991103796605
1020,1,0.006039967201121764,0.0049414074699023515,0.0014035866525102278,0.017110882389943703
1020,2,0.021041104815674005,0.019989853225136307,0.011245593588361988,0.036966362904122696
1021,1,0.0021529339164798795,0.0019355399497866335,0.0009522872659544086,0.004633554186384245
1021,2,0.030973332364145654,0.028372694847693832,0.01734474719467917,0.05992182982771096
1022,1,0.005220566466616989,0.004683883203421859,0.0020543163065830225,0.011496632797766195
1022,2,0.07510787881060643,0.06941714621551275,0.03565134584649643,0.148397041007763
1023,1,0.001756411328358496,0.0015835812762920172,0.0008012061739285819,0.0037372494335526515
1023,2,0.025255640264276066,0.02312310246004256,0.014805164075232868,0.04833811884372188
1024,1,0.001637795702687004,0.0013641513001011346,0.000685247930861037,0.004317834594272336
1024,2,0.0235605809186531,0.01970228895844991,0.012654885193587715,0.05908358009946536
1025,1,0.008076320358187495,0.006618513853710676,0.0018781143894361532,0.0228241995512007
1025,2,0.028096755526388323,0.026808047093043616,0.01505766710584055,0.04853583734443529
1026,1,0.005206454846029732,0.0040891629237314285,0.001110478847698155,0.015916917150932602
1026,2,0.01806547149604042,0.016279021378712448,0.008780716973063362,0.03837278332559245
1027,1,0.001616920583378344,0.0014127588602246052,0.0007374739224522493,0.003755877104592196
1027,2,0.02327630856771621,0.020482194233756898,0.013707710300856534,0.05068831451364624
1028,1,0.0018844062510265662,0.0016813751787237042,0.0008325419845209136,0.004147861956846898
1028,2,0.027124132150468203,0.024614653240036578,0.015183782089349418,0.05412619964248016
1029,1,0.009413701037918299,0.007886510886496202,0.002324715033477749,0.025477931877525364
1029,2,0.03299368299091312,0.031872275095606556,0.019009473961555376,0.053403405696005636
1030,1,0.0016246507591202494,0.0014281190214484993,0.000721606537894664,0.003742132768437017
1030,2,0.02338179514884884,0.020785705203457207,0.01337638532082384,0.04961772474634596
1031,1,0.0012109887627079002,0.0011546146891719868,0.0006476287419919072,0.002101020751159463
1031,2,0.01742343097508045,0.01708248616284843,0.012458208479821894,0.024374077790687208
1032,1,0.0026821846836285043,0.002507924950187066,0.001290840218636619,0.0051081685964794715
1032,2,0.03858700051856689,0.037035927943651584,0.023552724648734997,0.062473664184400764
1033,1,0.001163709523122622,0.0010563062130946861,0.0005822141028632486,0.0022490988801023696
1033,2,0.016766172292688307,0.0155343770627943,0.01104998186218437,0.028928094875036687
1034,1,0.016036855703335663,0.01452580352859746,0.006003079698748237,0.03475182648362138
1034,2,0.016815220090036487,0.01618589259007143,0.011218852828444016,0.02636253538506448
1035,1,0.001269440688147707,0.0011639734137011935,0.0006346063247749769,0.0025304167432295857
1035,2,0.018271924135754153,0.017017975860500256,0.012071331943580512,0.032570578876719956
1036,1,0.018105369036923415,0.01610405571387794,0.006410186542497359,0.04157117985954677
1036,2,0.01889738843116692,0.017819848176463877,0.011832780071684347,0.03235204059595267
1037,1,0.0019510909889044015,0.001741613185155184,0.0008667590100616241,0.004302880774117941
1037,2,0.02808628905974302,0.025412794191053776,0.015869558276305814,0.05655520662956974
1038,1,0.0018744468771105486,0.0016970254020793197,0.0008457457058237216,0.003947364560087738
1038,2,0.026976706413876363,0.024853829716058956,0.015381006982336059,0.05125113209141002
1039,1,0.002277825651905187,0.0020341516098436375,0.0009731848005444195,0.004999018306585406
1039,2,0.03277918991636935,0.029841135594839238,0.017488340176703823,0.06548525582971865
1040,1,0.00845454711241028,0.006802056015330972,0.0018670364407602593,0.025032090918398312
1040,2,0.02936081542603342,0.02744480829194691,0.014501038007156412,0.055287520828421116
1041,1,0.0015417686346904436,0.0013391257594548953,0.0006875105557344576,0.0036555610795632764
1041,2,0.022161781249317527,0.019383244257851293,0.012739711344753936,0.048810897538947934
1042,1,0.009360096712328042,0.00770835628463312,0.0021949944593584775,0.026008418040867138
1042,2,0.03266733688073619,0.03122830576739844,0.017530525203383256,0.0561663799407968
1043,1,0.004676245115089009,0.004304607176035356,0.002035037960874815,0.009472415200677344
1043,2,0.06729157238418096,0.0636766331261146,0.035901873168918665,0.11975055360038467
1044,1,0.0012727394454847664,0.0011987215397108255,0.0006578672763380563,0.002320816093156831
1044,2,0.01831053139003836,0.01765881949348516,0.012510291295523718,0.028133532037096627
1045,1,0.0010009181126639627,0.0009597837294189001,0.0005481085564337151,0.00169275385643091
1045,2,0.014400013537803426,0.014249099296299254,0.010667592747995454,0.01901433591932617
1046,1,0.001805814950155722,0.0016753680904974572,0.0008691312637601005,0.003512906168040279
1046,2,0.025989739365870217,0.024586689336084933,0.016054211539278156,0.0441737873074013
1047,1,0.02163288623097326,0.01865301291527651,0.007083076105427511,0.0538251781772695
1047,2,0.02251793177012374,0.020526971450454845,0.0127720359712965,0.044273613516606705
1048,1,0.0014544942485016845,0.0012458203120724028,0.0006399619216019534,0.003554476059655826
1048,2,0.020938995173094346,0.018104478296505525,0.011866456606139998,0.048351338944847506
1049,1,0.002323767348975421,0.002154535198062914,0.0010932017500852552,0.004543114038311995
1049,2,0.03343578906606297,0.031766384703661055,0.019905029508485637,0.05656122661069261
1050,1,0.0011302923412330166,0.0010511551588923075,0.0005849529565657094,0.0020953482036090406
1050,2,0.016257159030459448,0.0154743562065238,0.011230400038312672,0.025560305075526625
1051,1,0.03903823735300709,0.037246869126635884,0.018868286070250637,0.06962242138517875
1051,2,0.02240619375638153,0.022119200773731855,0.01594667093408511,0.030538856405859696
1052,1,0.011623182296757418,0.009294997437794942,0.0024681173427025045,0.03470902734807315
1052,2,0.040511140964811856,0.03744826612549173,0.01846179098745461,0.08005683499827157
1053,1,0.0028379447008042382,0.002567239232823296,0.0012138699955960275,0.006024790006206862
1053,2,0.04084456752499878,0.03780691549215557,0.021464922093977625,0.07770405670269846
1054,1,0.028886772437854865,0.02619461724287178,0.01068302058426379,0.06279122555085435
1054,2,0.030152209220253752,0.029420319778129797,0.01993385145529035,0.04451925779785108
1055,1,0.0017204529343253366,0.0015414763728012861,0.0007860941100416606,0.0037268764339395185
1055,2,0.024756230453644903,0.022457012497041677,0.014526541908135814,0.04904074751749789
1056,1,0.0019794824984955954,0.0018310731501320725,0.0009379191698354347,0.0038975450634934476
1056,2,0.028476337842958034,0.026966941780684844,0.017214391255749924,0.048536130589358135
1057,1,0.005916897440300507,0.004675615030742378,0.0012628166871160643,0.017952947818864074
1057,2,0.02055649618172801,0.01872502800438281,0.009837371476335531,0.04202602011282734
1058,1,0.002120008543236173,0.0020009381214769273,0.001056455835710386,0.003876414916477846
1058,2,0.03050036226134353,0.029553977543581876,0.019648271840278602,0.046631789361687735
1059,1,0.004823515975595013,0.003829915739290199,0.0010442210807959308,0.014460234632180324
1059,2,0.016696685812300292,0.015227621399618686,0.008337388777732735,0.033973320252220926
1060,1,0.0013167897244901318,0.001167902158916298,0.0006339191814951136,0.002837025053427511
1060,2,0.018946726146411432,0.01706149852856382,0.0120203740693307,0.03806847675540472
1061,1,0.0010546894160299537,0.0010092145724651682,0.0005698921659173609,0.0018040605597082287
1061,2,0.015179173506259996,0.014991977342307207,0.010914620621488208,0.02050257793865472
1062,1,0.004303503588395739,0.0039246463930637165,0.0018158196935789508,0.00896691086786614
1062,2,0.061915871186297794,0.05799168342678934,0.03205371351642485,0.11384050393331557
1063,1,0.001850839896519264,0.0016909949270221044,0.0008532386567065497,0.0037756969830482555
1063,2,0.026616773178301564,0.024786048220625963,0.015691568834674437,0.04820439782667405
1064,1,0.001209237412569518,0.001122982106494648,0.0006192405474763534,0.0022981394023606763
1064,2,0.01740162556190284,0.016459865853990865,0.01176937874595304,0.02911509436893947
1065,1,0.004407121966406949,0.003605512402087115,0.00102890770316657,0.012448298377299645
1065,2,0.015309529680369353,0.014583907983976546,0.008371670165503524,0.026573767306720474
1066,1,0.0011806462964108198,0.0011181002546144531,0.0006233469322718034,0.0020951026682348435
1066,2,0.01698370916609254,0.016514052566808032,0.011966714397477375,0.024796999081570893
1067,1,0.002941520812897817,0.0026794182236679924,0.001289905684550446,0.006099987299858534
1067,2,0.042326226268652484,0.039511110275884005,0.023108561622414436,0.07780077430342837
1068,1,0.010505044988658419,0.008561657015904382,0.0023789075369648827,0.03013712182495504
1068,2,0.03653986831970776,0.03463204213179731,0.018772193892479902,0.06528428648046902
1069,1,0.00140981258552361,0.0013265250162204929,0.0007237261121826308,0.0025752092586894784
1069,2,0.02028729058081951,0.01954876185288012,0.013654994588394968,0.03134381427989745
1070,1,0.0054968305029575604,0.004321663340969057,0.0011737457217237712,0.016697347701126464
1070,2,0.019093068010101272,0.017309198924449133,0.009169702667224272,0.039687822163891905
1071,1,0.003026849476402518,0.0028528720563067316,0.0014982701484408298,0.005556914183478433
1071,2,0.04354945720461213,0.042310303488404005,0.02748866675596338,0.06670850500032675
1072,1,0.0016251078334323951,0.0014218830652624696,0.0007276846293425264,0.003769818449268051
1072,2,0.023379436913730473,0.02067055041650147,0.013417545674830417,0.05015579259192037
1073,1,0.0032553351772133415,0.0030396687558825646,0.0015225458198411012,0.0062468274438100884
1073,2,0.04685424486740767,0.04497870787160658,0.027574259907606268,0.07707679220332944
1074,1,0.0016421213187765699,0.0015265492167106961,0.0008056610454994991,0.0031689371374170943
1074,2,0.02362208485754108,0.022418404179948583,0.014968809170055882,0.03940650412444231
1075,1,0.0016827561737862836,0.001458820261640512,0.0007496712979379514,0.0039837503127964176
1075,2,0.024215304789418284,0.021095467920095888,0.013999126112782001,0.05369569431332268
1076,1,0.0021208579538374117,0.0019629705447381405,0.0009990002685427895,0.004169493548813623
1076,2,0.030511681389552705,0.02890584974487594,0.018260587130542055,0.05187007211033915
1077,1,0.03627450117867204,0.030898596087674014,0.01096759722720205,0.09375540708917093
1077,2,0.037772717990572795,0.034271512409844995,0.018651784037689575,0.07761363998813518
1078,1,0.0010349657242486572,0.000990624384638354,0.0005563891297005936,0.0017706545606454764
1078,2,0.014896461234074256,0.014705252126204415,0.010634395949139409,0.02021981202351875
1079,1,0.0017180363506324558,0.0015864791974582256,0.0008240889092083879,0.0033773690039930666
1079,2,0.024724688461278694,0.02326824295308883,0.015211447665655568,0.043173807915563654
1080,1,0.0030149437275089523,0.002715639554696306,0.0012546942647271048,0.00652799379591529
1080,2,0.043390650691957224,0.039954205509869015,0.02217381162122687,0.0841290707160893
1081,1,0.0010462291420260683,0.001003591479697933,0.0005733548608370069,0.0017642903211400754
1081,2,0.015055381637040476,0.014895829145287606,0.011119595403284752,0.019916656095319552
1082,1,0.0029407198259509154,0.002699651265245147,0.0013028360905430417,0.005992920417534718
1082,2,0.04231791296921745,0.039823006150531755,0.02322962174235391,0.07576821150725231
1083,1,0.0012591474685398653,0.0011657573247989893,0.0006512252493637862,0.002372694635282601
1083,2,0.018121489387942554,0.01713126330171903,0.01250169227156076,0.02960256889284351
1084,1,0.0019333323624850366,0.001781543964080691,0.0009137005526347935,0.0038472926111697736
1084,2,0.027816518973668544,0.026170178178532743,0.016722498857751955,0.04871559674179697
1085,1,0.01347831595548327,0.012194946974008544,0.005053655515695765,0.029208316633266833
1085,2,0.014040549973180454,0.013655174580439546,0.009912834556129941,0.02039290949720984
1086,1,0.0018261316700992382,0.0015525774516309103,0.0007541077029816063,0.004592596032023663
1086,2,0.02624041749072164,0.022460751581380597,0.013762960837484803,0.06185226808909164
1087,1,0.0027317323249932256,0.0024680370053650307,0.0011760792319544465,0.005815686319635158
1087,2,0.039280256851711534,0.03636960241957968,0.021047186795256932,0.07469726474026464
1088,1,0.017454282052545865,0.015769847173985548,0.006460199788555375,0.038118686222263685
1088,2,0.01822626256756777,0.017631909586537146,0.01217233238351774,0.027720688377586032
1089,1,0.0015400663369426106,0.0013696018644979398,0.000709582015195666,0.003438503739771042
1089,2,0.022160968772874472,0.019906630005718122,0.01320390568716537,0.04567180930930289
1090,1,0.0015198149035449584,0.0012717570287505873,0.0006265245480598461,0.003963983592022687
1090,2,0.021826358170692107,0.018406894707914186,0.011506523124893685,0.05382309892989855
1091,1,0.027667425524763697,0.0241096531452661,0.00900320040996065,0.06711354013616969
1091,2,0.02870385990106125,0.026857007513982865,0.016224125597994226,0.05196431994259952
1092,1,0.001993703202885728,0.0018569857069096884,0.0009647031394996418,0.0038218115262047842
1092,2,0.028688880709027684,0.027401548731873213,0.01765996102213765,0.0471319185386462
1093,1,0.0013965794531343935,0.0013190172401781697,0.0007222039776820778,0.002522549991627854
1093,2,0.020090699115142437,0.019430293855683605,0.013752500217419196,0.030395862207881413
1094,1,0.0014302535708730448,0.0012870338667640945,0.0006744764209870664,0.0030453965942143675
1094,2,0.02057767903827263,0.01872302063979927,0.012643842164367439,0.04032415048651673
1095,1,0.0022502976763600414,0.0020807573765160214,0.001046076731338237,0.004443056398296876
1095,2,0.0323834316116376,0.03058836093095598,0.019056745705998947,0.056069132477700054
1096,1,0.0011295389267992504,0.001075224502504649,0.0005833309513198848,0.001999261810518039
1096,2,0.016243833555955083,0.015955021956679232,0.010881691152282205,0.023222836682595883
1097,1,0.0010575459631248108,0.0010140992311018532,0.000580657902493739,0.0017864713634118837
1097,2,0.015215796547341095,0.015058040011901336,0.01126855719140272,0.020049829330125574
1098,1,0.0025221645866383927,0.002311993893474267,0.0011511091311255683,0.005092663637585091
1098,2,0.036297162252604764,0.03409934708591934,0.02065992083818753,0.0646874585311348
1099,1,0.0014305600076241348,0.0013387969836344924,0.0007252603411754021,0.0026700173268090774
1099,2,0.020585092942986976,0.01968264810817956,0.01365084767550497,0.0328482370686324
1100,1,0.006142678536010716,0.005014911382397084,0.0014083184358359333,0.017501293912376446
1100,2,0.021440056540657542,0.020214725002957692,0.011143813843393208,0.038828435745205024
1101,1,0.02440792938605661,0.022321302694867776,0.009301937547647427,0.051344437203892215
1101,2,0.025827443944907005,0.024958152265682165,0.016181842847227543,0.04057106029625168
1102,1,0.003117284190319049,0.002797765524720175,0.0012930929671421993,0.006767530192572732
1102,2,0.0448505379220548,0.041330829888875216,0.022860308550875754,0.08754776450706717
1103,1,0.0329880892890763,0.02849551190802534,0.01044851432808344,0.08186328264199291
1103,2,0.034261252269555176,0.03182938063266802,0.018297901668286473,0.06448281144802438
1104,1,0.001729479874916636,0.0015926888896391853,0.0008164826719037875,0.003436086729797823
1104,2,0.024879459424646165,0.023388797353915282,0.015107686919492764,0.043452277688593104
1105,1,0.0011273154082758281,0.0010446327258423682,0.0005842980927435608,0.0021019063012895235
1105,2,0.01621763754183119,0.015380370359835511,0.011228986551302016,0.02582395005461523
1106,1,0.0041086547796144995,0.00327245167063347,0.0009206355206226952,0.012279365986464884
1106,2,0.014281950078305676,0.013046500538968612,0.0074565003716145,0.02856277828224323
1107,1,0.001322040546714945,0.0012398537239327633,0.000673639657290783,0.0024557255702206283
1107,2,0.019008241167014855,0.018249901298881654,0.012699212429593588,0.029971252047863554
1108,1,0.0016928398048692028,0.0015634150597697853,0.0008180370946153844,0.0033255790154420486
1108,2,0.024355422847580275,0.02292104763095025,0.015207723688024886,0.04201338123979334
1109,1,0.007843720253718767,0.006493610535378853,0.0018774237062817222,0.021665838512708317
1109,2,0.02739624104510151,0.026277293303119145,0.015154917756639331,0.045893296983861895
1110,1,0.0012409610265135768,0.001125850919650936,0.0006141342216477039,0.0025477417654349126
1110,2,0.017870248736599273,0.01646784487070206,0.011692271314493389,0.03340769646211923
1111,1,0.002555472732695108,0.002335809721240565,0.0011401798060754152,0.005253631624878264
1111,2,0.03678326461573336,0.03437028596452149,0.020584643374254707,0.06692949947571931
1112,1,0.0021549662500061086,0.001832646844521004,0.0008653980256062878,0.005390004235801431
1112,2,0.03102265261933182,0.026610632327740764,0.01572060970613996,0.07286666580677714
1113,1,0.0035424833797782487,0.003219104032935873,0.0014968348418732476,0.007455989191361904
1113,2,0.050960984760095064,0.04757256466885042,0.02643378939173343,0.09548141604178623
1114,1,0.00148693891109748,0.0012446467288891845,0.0006363155751136185,0.003822340375544877
1114,2,0.021401970397491504,0.0180177304158973,0.011756899359212454,0.05286416717786069
1115,1,0.005220873236210444,0.004301715180471296,0.0012339262631395247,0.014591896750999835
1115,2,0.018232681742241626,0.01739053156602493,0.009967317056068906,0.031377222935010045
1116,1,0.006134291905408445,0.005037649179938884,0.0014334311048758946,0.01731008892023981
1116,2,0.02134444231677862,0.020358357136327693,0.011555321737385098,0.03662830017413966
1117,1,0.0012414636495831082,0.0011580212066344788,0.000650269185389477,0.002262740488606431
1117,2,0.017869076775931827,0.01705175586302394,0.012542275757223081,0.027357687715651162
1118,1,0.007557094823276513,0.00625241560589366,0.0017932400290821635,0.0210723496986075
1118,2,0.026425454373692533,0.02523937784034107,0.01422908321259425,0.04544431416612821
1119,1,0.004366115316346472,0.003514917002790531,0.0009864259506543057,0.012752307409051887
1119,2,0.015177111641775255,0.01404608878628805,0.008000254216949517,0.029330296555699947
1120,1,0.0017886342440788855,0.0016643489892533303,0.0008644309433510383,0.003417521280770039
1120,2,0.025734980154441565,0.02454378858308833,0.015965195970702614,0.04241692289194887
1121,1,0.002284525401277033,0.0020743972756623553,0.0009988605028335609,0.004808371974713976
1121,2,0.03287101450022396,0.03053329357945589,0.01792980763871843,0.06166472329823817
1122,1,0.0025261472766754754,0.002207438170880375,0.0010087164806819534,0.005950786094674588
1122,2,0.03635408497121674,0.032304046120475154,0.01791208595658481,0.07862562864066515
1123,1,0.004949013131121862,0.004124881870193596,0.0012071943705672617,0.013482377571006593
1123,2,0.017314840392085928,0.01667522534790712,0.009888358819296702,0.028320307338843293
1124,1,0.005610093421741568,0.004657716611980415,0.0013541679610972223,0.015385992950510028
1124,2,0.019524616555513644,0.018862221879223887,0.011317764337446086,0.03139466743679642
1125,1,0.004866229967577627,0.004048353425870446,0.0011825995319390214,0.01337507153891851
1125,2,0.01695942209218663,0.016385708737399855,0.009838248577518827,0.027210764964666834
1126,1,0.005634415430501534,0.0050402649531006,0.0020211657798749633,0.01267530160026473
1126,2,0.08109812408547373,0.07455861384654114,0.03451919933275609,0.16574284868301853
1127,1,0.003451157582141301,0.0028428297847136303,0.0008242299489874049,0.009686675830973043
1127,2,0.011982527889267692,0.011579117775132045,0.006808082749421941,0.019448372201419505
1128,1,0.004466449006122309,0.003617526002709325,0.0013224929207033523,0.012699819610176195
1128,2,0.06428570198198176,0.05329291137568573,0.02252598281387939,0.17070885082209622
1129,1,0.0030534920016442616,0.002655405803483964,0.0011728070861930918,0.007275841188583109
1129,2,0.0439628074482952,0.03893099593786832,0.02055571965700329,0.09685060358211411
1130,1,0.004084314856438591,0.003651455100178385,0.0015610648161848855,0.009135724236723443
1130,2,0.058768611502281194,0.05395648577681035,0.027000744324611883,0.11896890174122214
1131,1,0.006356775035007828,0.005181147210640126,0.0014502659643073324,0.018147822175675243
1131,2,0.02211199787566196,0.020950598976953744,0.011631404433751992,0.03926768896441872
1132,1,0.00691509982951465,0.005762773584296527,0.0016944468992627112,0.018794418533893704
1132,2,0.024157862794386514,0.02335452440847134,0.014018649716290873,0.03884865670375736
1133,1,0.003055371551641375,0.002562600402434084,0.0010774678913661802,0.008009759218646871
1133,2,0.04393842688281875,0.037564510641227615,0.018825508718282404,0.10692005397492188
1134,1,0.005995405753890775,0.004809155289830884,0.001329288822652024,0.017601530409275652
1134,2,0.020827706850519493,0.019346007311936978,0.010563065455466588,0.039972374246574724
1135,1,0.0011917064511356463,0.001102369291956683,0.0006125974039706968,0.002264464346113965
1135,2,0.017147397010854975,0.016195441016667023,0.011718765675399609,0.028311827679609523
1136,1,0.0009928012522792075,0.0009523752452649293,0.0005437636234585408,0.0016818288733748306
1136,2,0.01428824656483122,0.01413702226202842,0.010551738643197193,0.018885471197606515
1137,1,0.006944013326227736,0.005639242436265908,0.0015700072281942764,0.01991440461288414
1137,2,0.0243088823027565,0.022662935896580153,0.012215914777505006,0.04581630796649244
1138,1,0.002802716740343273,0.0025688865280891846,0.001216853727828428,0.005723278396520239
1138,2,0.04031712438566489,0.0380169810248153,0.021711527513264377,0.07249220552690996
1139,1,0.0036975672422623687,0.003036955564086457,0.0008784684700806943,0.01037963884611695
1139,2,0.012883311186472103,0.01220572336066635,0.007304032630643653,0.02238179994200587
1140,1,0.0013173165756565305,0.0011927381225741588,0.0006535181700250307,0.002682916127636086
1140,2,0.018950435826181566,0.017412244778252865,0.012438190143783319,0.035226215663192874
1141,1,0.006738589559598357,0.005730398585005702,0.0017327708837796456,0.017561210577684817
1141,2,0.023891770282396807,0.02314425089660628,0.013899277947606993,0.038267117659386146
1142,1,0.005469389190417201,0.004345590369913803,0.0011953428124748878,0.0162395077347666
1142,2,0.01899363904563911,0.0174640798990629,0.009366409632401249,0.03757643070060785
1143,1,0.007215308971222668,0.005979800834423953,0.0017335134597341703,0.019932320356365427
1143,2,0.025187458287132796,0.024194022713196282,0.014102048149767865,0.04190807462015609
1144,1,0.007390443377626677,0.00611352695511783,0.00175274576733114,0.0206270343712268
1144,2,0.025783357788207326,0.024736139242609638,0.014245590722091358,0.043300693153382405
1145,1,0.00173297040469276,0.001487439548817338,0.0007588161944676543,0.004241653081291539
1145,2,0.024947436525055464,0.021518371560967343,0.014064375734266134,0.057598767780052455
1146,1,0.0017351348275141403,0.0016260730871613773,0.0008602479695368978,0.0032432251414352877
1146,2,0.024965874738839034,0.023967155489878815,0.01602046902269959,0.03995871474060644
1147,1,0.004636605419079505,0.0038468214548069146,0.0011185251376446587,0.01277947367722359
1147,2,0.01618191899137723,0.015565699576231214,0.009166400223577374,0.026858165678948772
1148,1,0.001365800284454002,0.001180094955714937,0.0006227199061151856,0.003261544058357809
1148,2,0.019655950817488117,0.0171324239372383,0.011717748097683328,0.04456548743834538
1149,1,0.004324759503909588,0.0035123768120705148,0.0009908110436646377,0.012408111257966807
1149,2,0.015007334969153612,0.014162442014453892,0.00813623833458521,0.026901489946736967
1150,1,0.0015262692561163018,0.0014517719414469275,0.0007968435281244242,0.0026869857299830786
1150,2,0.021958871775373468,0.021495311882884817,0.015107697171288523,0.03143508693540433
1151,1,0.009042342196898534,0.0075669044531093115,0.0022415742107416764,0.024436210585045998
1151,2,0.031638593735659186,0.030669445590021955,0.018624432891012618,0.05026208537631677
1152,1,0.004834899463686582,0.0040051832514239145,0.0011668273990220815,0.013289918221510159
1152,2,0.016826434911740292,0.016248114250341318,0.009676698247060909,0.027373542221869107
1153,1,0.003136592981733549,0.002633194137430181,0.0007819434043404717,0.008421099766773183
1153,2,0.010982171603398304,0.010653547084502949,0.006503825636796805,0.017356334838183742
1154,1,0.0032597286461617868,0.0026883206386795937,0.000788126514933501,0.009045090979538824
1154,2,0.011345230180618488,0.01088149964435714,0.006597005012894344,0.018483770626516283
1155,1,0.005172385037663874,0.004282491536647128,0.0012360281204329402,0.014390121657154151
1155,2,0.01801326253720329,0.0173141014894765,0.010119372961710964,0.029840495777694487
1156,1,0.0009964165021682397,0.000954640610814569,0.0005366894441021536,0.001701007978689162
1156,2,0.014338399752775875,0.01416312098452164,0.010322567740072758,0.01929157962444401
1157,1,0.005020270082538659,0.003963258159701883,0.001082809049202458,0.015220698907337682
1157,2,0.017464461056438122,0.01577011445785742,0.008489853541279839,0.036556840695247624
1158,1,0.0014127170421894342,0.0013231198910331654,0.0007145228016014197,0.0026450500008950565
1158,2,0.02032740375714152,0.01943364294992625,0.013463769245024683,0.0326905371249279
1159,1,0.009131766223157164,0.007589626269244331,0.002182811134514204,0.025214108994840518
1159,2,0.03216819188263033,0.030585063818366655,0.01686307229511036,0.056662557245310774
1160,1,0.006119443132710586,0.005058481177801495,0.0014501299262066507,0.016968796515988465
1160,2,0.02139850645560423,0.020409730407915487,0.01155021833153771,0.03707671249248223
1161,1,0.003204690060935996,0.002653398655766838,0.0007722004169687793,0.008872717085006495
1161,2,0.011137536124615958,0.01077866573267041,0.00638735321639131,0.01799220598175659
1162,1,0.0037490686806522905,0.003026883581070298,0.0008622399841648712,0.010882309213327643
1162,2,0.01301532383829561,0.012133117903824792,0.007136600161789727,0.02396432331672567
1163,1,0.004966103275147465,0.0040920794248522786,0.0011863480108441384,0.013831221263321487
1163,2,0.017392039755046683,0.016537319988284407,0.009466269134972989,0.03037161563889159
1164,1,0.0022265959405456046,0.0020490647087856324,0.0010070323266214095,0.004462394528500744
1164,2,0.03203851254274476,0.030239958342963662,0.01815279490763689,0.056302986081806596
1165,1,0.006200764919856831,0.0051068854555765715,0.0014564104545636619,0.017357833721655395
1165,2,0.021555891370865853,0.02065621776488879,0.01192175900488755,0.036302560020848806
1166,1,0.0017782221382668946,0.0016508918045753135,0.0008698066663568657,0.003423341468426803
1166,2,0.02559136000969456,0.02429675000579622,0.016113353446489183,0.042701984310069996
1167,1,0.006223141258528515,0.005176268648225813,0.0015159908826472238,0.017045910593278552
1167,2,0.021762107640836862,0.020982217904610113,0.012343145290141052,0.03575526920672845
1168,1,0.004893098046170247,0.004058886102382956,0.0011757682885737556,0.01349569035992668
1168,2,0.017073101712058565,0.016408684384546506,0.009609008360406507,0.028367954255161875
1169,1,0.0011055029865626898,0.0010581789196310355,0.0005974895054934626,0.001885948122289608
1169,2,0.015913640617416305,0.015712670603357855,0.011435365393383478,0.021510327564981415
1170,1,0.007454399859144074,0.006067874479218726,0.0016996292306573025,0.02130096919301
1170,2,0.026083128564483127,0.02449107443402086,0.013113058211731733,0.04839353324419329
1171,1,0.005064926946922834,0.004108810348242435,0.0011509311934699096,0.014647416931066186
1171,2,0.017645480437938704,0.016503965195083653,0.009222700741294183,0.0328332290728024
1172,1,0.004108545421237114,0.00339231626363881,0.0009799836210846737,0.011418803402515873
1172,2,0.014311955802813756,0.013697192233624866,0.00805444539922205,0.02406291991148932
1173,1,0.0020062220839628217,0.0018839126347534301,0.0009843626977074447,0.003741086140182524
1173,2,0.028880405999575,0.027805135515944254,0.018065678277476332,0.04599842878066126
1174,1,0.002824519776034676,0.0024579845354309186,0.0010882606616083477,0.006720566804938454
1174,2,0.04063900241196573,0.036126333113908185,0.019182610394123674,0.08799250310189866
1175,1,0.0016382097957479956,0.001537855876505239,0.0008192207057532541,0.0030369445664512416
1175,2,0.023568186751426155,0.02267652637176718,0.015231406699100824,0.0370216561819408
1176,1,0.004545275482321797,0.0036743151413831518,0.0010371521164806558,0.013128593569268097
1176,2,0.01586334440717983,0.014726278211454747,0.008275947814531701,0.030347785535391626
1177,1,0.002397754573423772,0.0020630302238859163,0.0009397414622196015,0.005850865710407427
1177,2,0.03449723917419839,0.030170561880320614,0.016737175177044455,0.07788691318754881
1178,1,0.003928111205572144,0.0031822667742880464,0.0009129458829066213,0.01131778989344066
1178,2,0.013624979385394274,0.012764678363495641,0.0075713054695187255,0.024514234153844173
1179,1,0.002285718721938775,0.0019644628830288746,0.0009357523193947591,0.005578351736744004
1179,2,0.032913157531239155,0.02865911627216907,0.016821803643816226,0.07501149638162286
1180,1,0.008727976133140027,0.007202188464573279,0.0020760966930945765,0.024421853078290298
1180,2,0.03030700524809462,0.02919661025517302,0.017205906864622807,0.04980171273680917
1181,1,0.0022216785751511935,0.0020995636536576146,0.0011260103904693604,0.004019748247044565
1181,2,0.03196505612826364,0.031068899515094128,0.02101934958383789,0.04801561528931011
1182,1,0.011307910909037874,0.009352573705476706,0.0026944182604887465,0.031357927874133676
1182,2,0.03929716116854534,0.03794937401334647,0.02236368698614781,0.06405694299586373
1183,1,0.0019571450054075012,0.001821372121053389,0.0009442941975976783,0.0037752013474662486
1183,2,0.028155288817213988,0.02679611221679827,0.01751469592895987,0.04681336588807578
1184,1,0.003341625150639598,0.003145689312752899,0.0016334065090132606,0.006201284070744547
1184,2,0.04807810908692019,0.04656126593215827,0.029968502991177075,0.07497660512906963
1185,1,0.003251429720404278,0.003080848542063036,0.0016484026065957983,0.005833548667010967
1185,2,0.04678778649237953,0.04564513067873228,0.030527008773367635,0.06967570757088458
1186,1,0.0031131360469079427,0.0028796325804465164,0.0014256668504379602,0.006158723251899916
1186,2,0.04477861517257665,0.04250656038550598,0.025674757279015355,0.07710915647017798
1187,1,0.0020949497861258294,0.001940792093143029,0.001002336407756786,0.004078000292717615
1187,2,0.030140217503055747,0.02858214765852226,0.0183587486995183,0.05094144304052666
1188,1,0.002472364110470369,0.002337253422105821,0.0012446886148291092,0.004488280025210408
1188,2,0.03557322322357134,0.03457075573820591,0.023173519947280254,0.05370896835051144
1189,1,0.006716822569924173,0.005546614880316599,0.001608622612017705,0.018600847146522256
1189,2,0.023316551887742572,0.02252471771803568,0.01335556067241139,0.03789162033756379
1190,1,0.0026512564521535263,0.0023674128026388457,0.0011142033399473322,0.005856965077838435
1190,2,0.03812164888122375,0.034774493114578905,0.019986624722167837,0.07549767585722944
1191,1,0.008682533392121251,0.007076068380753994,0.001987283835834723,0.024763736665522854
1191,2,0.030178302571057893,0.02869574179608677,0.01581282609913362,0.05313071144504459
1192,1,0.003127370650713467,0.002942750294823641,0.0015362768935096738,0.005792725049022444
1192,2,0.04499291146019423,0.04355784109253868,0.028143837882277607,0.06999356932887844
1193,1,0.0031221809974984454,0.0029449928271123,0.0015487902267727566,0.005724738105305079
1193,2,0.04491342132620105,0.043621029207005266,0.02861485529940486,0.06873735808057842
1194,1,0.0024782774601798657,0.002353357741797581,0.0012779176186347053,0.0044029589737188315
1194,2,0.03565941631200217,0.03488324046499296,0.023935042954517757,0.051946572467355054
1195,1,0.009587999431330861,0.00792411054109358,0.002299211006511377,0.026533500404743313
1195,2,0.03330006931217717,0.032169298457922865,0.019080134390705952,0.05399681105274296
1196,1,0.003133484775356238,0.002923355375696705,0.0013595064141144067,0.0061116008124493275
1196,2,0.04508199801197526,0.04339166141525912,0.02398987173168404,0.07570314032501721
1197,1,0.028000632843293977,0.025925743533690822,0.011209016515394332,0.05662961146269972
1197,2,0.02951870835776278,0.029112846187951645,0.020874283551671924,0.04045719982050613
1198,1,0.028230592282133815,0.02600630144011486,0.011109966534646906,0.05795755582988887
1198,2,0.029637526699477952,0.02924441982426606,0.021193971535434324,0.040293108133511425
1199,1,0.0058338526134469795,0.004800219630294932,0.0013734767879538382,0.01631524205996473
1199,2,0.020325122183648403,0.01945769782551338,0.01109012808545973,0.03464208041842495
1200,1,0.0018285378825148976,0.0017174005643684777,0.0008969868327138389,0.0034128749904182992
1200,2,0.02632357719387599,0.02533509566575559,0.01652453238714317,0.04201703457403256
1201,1,0.020511658741317496,0.01873278071189059,0.007831291095835202,0.043375789686056876
1201,2,0.021414168733049247,0.021091025493926087,0.015127346122505372,0.029641624455978094
1202,1,0.022736408146143177,0.020742893115969475,0.008642567128512389,0.04833638203967823
1202,2,0.02376770932548438,0.023322818042129594,0.016276055201943862,0.03382784323703323
1203,1,0.020849238875199554,0.019060535639520072,0.00792517374750724,0.04404406170818617
1203,2,0.0218704901902446,0.0213897477644711,0.014824124170753189,0.031684123448189425
1204,1,0.002519166892030634,0.002321784909816043,0.001106064418797897,0.00507487977963481
1204,2,0.03626154329291664,0.0342586085709574,0.019633201625583508,0.06434804230453818
1205,1,0.0232014199200863,0.0215347265245879,0.009332054964434471,0.046530495444415544
1205,2,0.024551656603949406,0.02413426923149932,0.016955315582624322,0.03448946922830819
1206,1,0.004041916724095423,0.003729907533528508,0.001617892882822511,0.008250145746995195
1206,2,0.058147635694895713,0.05533667675575683,0.02793684662617289,0.10391548425906658
1207,1,0.024645046651380263,0.022560120922933163,0.00948382566359985,0.051808107584701495
1207,2,0.025768925036163,0.02538230379898246,0.018184006168452522,0.035569968363970146
1208,1,0.02112075963404326,0.019447243375714525,0.008268286341079584,0.04366209984550055
1208,2,0.022192302437852376,0.021843477094607197,0.015560226649479971,0.030863831678547705
1209,1,0.00402682688910038,0.0035990441857848936,0.0014874645172884414,0.009057696901113318
1209,2,0.05795246248440289,0.053194890844971955,0.02564009252662706,0.11754401100678286
1210,1,0.02344322265965394,0.022180601943564054,0.010208203208242358,0.04385782491012311
1210,2,0.025171697584117133,0.024840354373582008,0.017306047723106587,0.034974930449992975
1211,1,0.025806066255961522,0.024487231296217354,0.011413139847270277,0.04768991466412098
1211,2,0.0278345359527578,0.02742821354329604,0.01872240971853836,0.039245916083171684
1212,1,0.021908446486581575,0.01980378231277636,0.008051063474612506,0.04764122099975065
1212,2,0.022877060850146416,0.022208342715960054,0.015046343025595004,0.034660184843545216
1213,1,0.005267577688296468,0.0043388383211678885,0.0012430228534920302,0.014768108065455378
1213,2,0.01837153898022864,0.017519812872515035,0.009996288017215926,0.031554371239238564
1214,1,0.004129728580497636,0.0034202136611435584,0.000991529820642501,0.011411116823888552
1214,2,0.014380968239665767,0.01385088393318322,0.008251487402671514,0.02366326216031071
1215,1,0.0029897530155015635,0.002761289045483544,0.0012859864071392297,0.006041783100944937
1215,2,0.04303500508255573,0.04084324980623193,0.02266074968787475,0.07594428177999459
1216,1,0.0061340329259280575,0.005087753369769953,0.0014780962987798,0.016935774589704612
1216,2,0.02142796438014489,0.020590855713428384,0.011900103538729495,0.03572710273107374
1217,1,0.006447953617126051,0.005322606758464125,0.0015073732319937938,0.01792697579249979
1217,2,0.022534271996158376,0.021510979135867525,0.012073337886072325,0.03896374734658372
1218,1,0.0029196008024515523,0.002713698727797139,0.0012803301041560409,0.00575128979149202
1218,2,0.04200290116504604,0.04023257219571034,0.022606373160317533,0.07144103533603419
1219,1,0.05074399592054635,0.04832771151325947,0.02450644275099203,0.09073154330625453
1219,2,0.029137577700702327,0.02874974690378287,0.020588492774367913,0.039942755764071684
1220,1,0.012167408842989218,0.01007632145680959,0.0029532280179133735,0.033499702651001405
1220,2,0.04234257115373974,0.04097132998014112,0.024434430306018922,0.0682524754706534
1221,1,0.009138525622287213,0.007594244112044518,0.0022052393518725835,0.02502832207360752
1221,2,0.03187730343030942,0.030732066050483106,0.018126454632847313,0.052166985727268425
1222,1,0.031017925448000198,0.028673356290610026,0.012348478331493044,0.06284828961866973
1222,2,0.03267986841252,0.03223604023369433,0.02301521514797974,0.04491547361957443
1223,1,0.002429170585365393,0.002221222092918878,0.001076943682310012,0.004967336938416046
1223,2,0.034937688022592575,0.03277493201765238,0.01930891762065938,0.06292669910725784
1224,1,0.03248684403826372,0.030803379937311123,0.014298491603844388,0.060276532129541024
1224,2,0.035009070082364764,0.03452373281505852,0.02357489247091748,0.04934270280095857
1225,1,0.0032052515709082435,0.003012915756263238,0.0014640067479413136,0.00604414762933379
1225,2,0.04612750461512208,0.04477599543407116,0.026041813995527283,0.07371462543919169
1226,1,0.008537777586894203,0.007346687361749104,0.002256934377618434,0.02170484494725587
1226,2,0.03055988946941848,0.029557666201361736,0.017556713945489206,0.0494403714988922
1227,1,0.012733865155109268,0.010618676630039434,0.0030956567402044923,0.034938173795501466
1227,2,0.044488833508711266,0.04299664893524173,0.025471674155508314,0.07220532494210558
1228,1,0.03296852576306111,0.030481774648618648,0.013105845047697599,0.06696248801109521
1228,2,0.03467787168840185,0.034227130495734816,0.024905323978441543,0.0468794629660814
1229,1,0.008223078907789267,0.007402938544395705,0.0028739880138280265,0.01831214982718543
1229,2,0.1183066648868016,0.11000661580329774,0.04843285320404493,0.23517898147452143
1230,1,0.027378587294448867,0.025087231215563353,0.010571234803469227,0.05724696290378982
1230,2,0.02861571200108986,0.028232023561795532,0.0205267886018518,0.03888652369237998
1231,1,0.026045791952644868,0.02384342366573885,0.01004557655911088,0.05491382585618633
1231,2,0.0271885707344921,0.026829334585790877,0.019428449085737775,0.037024717218432514
1232,1,0.054602016510220786,0.05309467597039397,0.0297897010005897,0.08799022641653041
1232,2,0.03208239145803645,0.03159376267483574,0.021129981289003105,0.045834120325578695
1233,1,0.006964031161362922,0.00587897993223661,0.0017559958100269728,0.018470862904332055
1233,2,0.02450343118561977,0.023758064132831887,0.014411818396800157,0.03892405553302229
1234,1,0.0026388635988338306,0.0024489134874336065,0.0012398357035709013,0.005127312096031272
1234,2,0.03795422945488546,0.03609723858348311,0.022692865681999075,0.06382785551659681
1235,1,0.0020043689522463116,0.0017757014334622565,0.0008789778967151534,0.004504445621850896
1235,2,0.028853235163536016,0.02587543967547188,0.01610045698473089,0.059851193597191384
1236,1,0.0024860355467630126,0.0023688302600412318,0.0012994189699947918,0.004352162213128027
1236,2,0.035779705152197215,0.0350647423014253,0.024546143928175036,0.050806956390184135
1237,1,0.0024378822154473255,0.0022835519344086143,0.0011808681698817914,0.0046039575454126375
1237,2,0.03506471156640035,0.03366590907343352,0.02167168167753673,0.05632818455366452
1238,1,0.0029574744101955462,0.002793009215403158,0.0014772779745768825,0.005366642907019053
1238,2,0.042551144071546684,0.04138706657835778,0.02739520709416742,0.06448003666663074
1239,1,0.001960585461859511,0.0018549623081619779,0.0010068411121460703,0.00351748037697362
1239,2,0.028208161239697507,0.027463315323522298,0.01885373577278428,0.04188090674407265
1240,1,0.0012809427477504147,0.001177943690106432,0.0006596892204034262,0.002412774136932984
1240,2,0.01841613966831947,0.01733475148262744,0.012688384907813127,0.029765586027412153
1241,1,0.018195973476763435,0.016500257431569187,0.006760484538958834,0.03942950843045005
1241,2,0.018945600091736466,0.018509222735481945,0.013004965849444694,0.027388701469362644
1242,1,0.006867872327939192,0.00569332921009542,0.0016476562933018496,0.01886681301423808
1242,2,0.023956760093037516,0.02306899733023815,0.013519248282040777,0.039529753975425796
1243,1,0.00881843401746477,0.007206199046294564,0.002030947991946484,0.02493961348461173
1243,2,0.030650415699499594,0.029180379892268044,0.016273408153527742,0.05339345764738961
1244,1,0.006490713137610735,0.0054072291638409525,0.0015830643191367675,0.017687838854167453
1244,2,0.022649900622774936,0.021929585592045678,0.013137439290221521,0.0364725122618594
1245,1,0.0015310282045778976,0.0014559902530679489,0.0008085781090180636,0.0026851458810433905
1245,2,0.02203336287907719,0.021563944493542875,0.015357432043095434,0.031435747231041616
1246,1,0.004993181953357377,0.004159204964599561,0.001220505292948468,0.013640436610660486
1246,2,0.01741429568724048,0.016848191230321618,0.010155492064819876,0.027900834219747
1247,1,0.006256278100639077,0.005146555341497728,0.0014858691160373578,0.017454714922802532
1247,2,0.02178966409088747,0.02086775876606053,0.012005761704389658,0.03692833806488428
1248,1,0.0032694923832832837,0.003058301725598253,0.0015609776608248086,0.006208547769706369
1248,2,0.047038067742542516,0.04525992462176279,0.02841228390768439,0.07596823764693567
1249,1,0.003140368621962374,0.002963171100511824,0.0015717410614959218,0.0057296986273376845
1249,2,0.04518506057464918,0.043926876508907725,0.028966361450655453,0.06863228463402915
1250,1,0.002141023270263789,0.0020122728725993286,0.0010597367189669254,0.003988705059071894
1250,2,0.0308058502937202,0.029645589916330352,0.019629771374834702,0.04863819853452807
1251,1,0.0019381110389836557,0.0018298842364480815,0.0009803054643749756,0.0035219008858026076
1251,2,0.027886594374681276,0.027020924661056392,0.0183415886928391,0.04247174633065164
1252,1,0.004718574792645313,0.003924833267721907,0.0011479189098618195,0.012927522637597439
1252,2,0.016449587914265158,0.015900306191485535,0.009500498155694098,0.026546896048461246
1253,1,0.0013900294092070772,0.0013254565341503594,0.0007379419188554611,0.002416399465137568
1253,2,0.01999803834894246,0.01961662844089182,0.014116877320307357,0.02809984933072736
1254,1,0.001386540550778891,0.0013165435322432108,0.0007310401736175651,0.002448515123689148
1254,2,0.019948637350985485,0.019454512576427642,0.013954950894878856,0.028806536561882628
1255,1,0.0024002380487089378,0.0022189530971821,0.0011162121843438498,0.00472794591693325
1255,2,0.03453282316739872,0.03268442118809913,0.020336560228957037,0.05927977135524464
1256,1,0.006545958736751601,0.005453144326290169,0.0015986611115619302,0.017960621541719724
1256,2,0.02284629455826082,0.022090187230467788,0.013124618207528842,0.03707089695763103
1257,1,0.002048933733545082,0.0019152006878593911,0.0010009548062853083,0.0038605664232221498
1257,2,0.02948328384520791,0.028189722860771215,0.01850383230990627,0.0478453165548679
1258,1,0.006750016684616501,0.0055924141917168355,0.0016370430304389482,0.01856922494831817
1258,2,0.023501247504618406,0.022699586692556582,0.013587895285254946,0.037999975895210265
1259,1,0.002235393051780571,0.002108613862242637,0.0011276674738928557,0.004080349637885761
1259,2,0.03216539129806072,0.03119437702790479,0.020924897839476802,0.048824890313879106
1260,1,0.0021692866972117066,0.002007743460163647,0.0010296242241312728,0.004242921202854851
1260,2,0.031216850670346463,0.029552498444921263,0.018900492528634117,0.053294846883079616
1261,1,0.0064104768084725875,0.005296558300251528,0.0015349259360225634,0.017791342973238772
1261,2,0.022294206809224292,0.021463795134262824,0.012625850757434493,0.03678067257378471
1262,1,0.0016099282213351506,0.001528259086105865,0.0008446027336316669,0.0028567162075259847
1262,2,0.02316793223836962,0.022558438567242503,0.016014604704708134,0.033840035016917486
1263,1,0.001533999424822799,0.0014582313730761927,0.000804451822326449,0.0027113573288278328
1263,2,0.022070020784169104,0.02155056733024019,0.015236855122249444,0.03186113808009639
1264,1,0.0019386823838081293,0.001836593379124369,0.0009999467984732017,0.0034569959145910696
1264,2,0.02789577775577311,0.027196242866864173,0.018741398549409812,0.04101150874138906
1265,1,0.0017344230367205594,0.0016455864655105998,0.0009022665421085932,0.003083381474232405
1265,2,0.024956701297807887,0.024323845274580543,0.01700735423932333,0.03656605652613926
1266,1,0.0067765731358198685,0.005675565034032193,0.001678341684599308,0.018282331483027166
1266,2,0.02371140333305576,0.022973696689346672,0.01388144615130414,0.03782936512067123
1267,1,0.019364652645310374,0.017608294529797994,0.007249909689357376,0.04136555546716
1267,2,0.020239643775998645,0.019745275492978588,0.013729261238315926,0.029716748855473853
1268,1,0.002140093362606543,0.0020014195611207006,0.0010508700989458916,0.004019384525008695
1268,2,0.030802087287680437,0.029538791595742728,0.01944236427735872,0.04959498567641071
1269,1,0.0024432594176714713,0.002289533856322806,0.0011864386906038915,0.004601365784819825
1269,2,0.03515196229686374,0.03378666124439253,0.02186430089147934,0.056204535002881986
1270,1,0.0019866722394284962,0.001889737306293676,0.001045599978075795,0.0034836433542674294
1270,2,0.02858744649073219,0.028011195697887008,0.019763714143053012,0.04067389454510821
1271,1,0.005047908938946055,0.004196989102898129,0.0012248217413968756,0.013892492919218673
1271,2,0.017570425117386115,0.017008320525950478,0.010247877593947102,0.028126080219980525
1272,1,0.00655173033862291,0.0054590317467969485,0.001601609821167464,0.01785836863413108
1272,2,0.022849645066703814,0.02210648969298528,0.013376518615899885,0.03651383082896361
1273,1,0.00515550376540074,0.004224126231681233,0.0012105120916656917,0.014554182632201627
1273,2,0.017891198509542457,0.01710131560489856,0.009864723849563942,0.030444824276107035
1274,1,0.03360186357163289,0.03222277986939151,0.01669350242620783,0.0584207634731617
1274,2,0.0194006181729483,0.01913138958243835,0.01358227588358295,0.02678135372417681
1275,1,0.00193465989589777,0.0015122925990871871,0.0007593678537375979,0.005769645592986296
1275,2,0.0278436927077357,0.021678581160200616,0.01411068496896241,0.08047904462258036
1276,1,0.001654025193715563,0.0015754960712844094,0.0008760622392960916,0.0028887899912672516
1276,2,0.023807117151731776,0.023303109045207753,0.016665322163007305,0.03383263776521048
1277,1,0.024465017777461948,0.02227475618869123,0.009202577142305728,0.052212937903317866
1277,2,0.025546501092992883,0.02503473233094831,0.01747177396708956,0.036474870541665476
1278,1,0.004351385449899463,0.0036033483849201263,0.0010484102077593128,0.011999454963340934
1278,2,0.015152605929458846,0.014581770656467003,0.008647984718905533,0.025012817065192806
1279,1,0.0017391737278364616,0.0016543783036588196,0.0009133245043635475,0.0030542375607443433
1279,2,0.02503303608013674,0.02448449827902277,0.017279619416051637,0.03587888152772641
1280,1,0.020869040309185842,0.01900637856781503,0.007864568249084273,0.04461427508076965
1280,2,0.021714805289325994,0.021388244407554213,0.015441972387277873,0.029797096544591926
1281,1,0.0009710649591315101,0.0008694134431645232,0.00047976772066879924,0.0019840660518741942
1281,2,0.013974042300308829,0.012740910162815245,0.009153192169222876,0.025926229664281767
1282,1,0.003706265570960873,0.0034296790071641683,0.0016843959813587312,0.007283112742932893
1282,2,0.053334752560433664,0.05065217077912365,0.030283088920547093,0.09162748043948579
1283,1,0.022780997485060475,0.020765735683095414,0.008662029307992624,0.048585067716048196
1283,2,0.023710226940467483,0.02340894394909976,0.017094893898302006,0.032008668593574416
1284,1,0.002696501942696968,0.002553992871997472,0.0013760343596593073,0.004830976750711844
1284,2,0.038800733177479466,0.037841029101253865,0.025651612567313735,0.057384658255141295
1285,1,0.003094278630825246,0.002929958406589658,0.001563316705232564,0.005577156142707356
1285,2,0.044521258402446855,0.04335804209494786,0.029105840676981295,0.06621571518579172
1286,1,0.0014854346778823441,0.001410881995817489,0.0007787115410149836,0.00263122696512345
1286,2,0.021370528556132043,0.020826233913263055,0.014761622358087341,0.03114158427001326
1287,1,0.0020194050416194346,0.0019123057142105267,0.0010321443275960243,0.003635451821881945
1287,2,0.029056761333555364,0.02825004737803909,0.019358218415930648,0.04330005958407259
1288,1,0.0018032439102174803,0.0016791356965728495,0.0008871876768719589,0.003438319147815707
1288,2,0.025940097312745658,0.02471563539704595,0.016441275956182253,0.042559156574794824
1289,1,0.005664052096766882,0.004674529351492476,0.0013494161815321983,0.015790491763463626
1289,2,0.01970789391042556,0.018938901462062473,0.011079168706671041,0.03267609694660242
1290,1,0.001774440990477054,0.0016571370510704002,0.0008773158627611389,0.0033437202429543833
1290,2,0.025526583447585984,0.02443624207876781,0.016308152160491647,0.04102607336669808
1291,1,0.00667373718132971,0.00547130263769652,0.0015580459477619129,0.01885060424397201
1291,2,0.02323840209930045,0.02213961783495471,0.01252799735580569,0.0403998083948129
1292,1,0.02721932647654363,0.024559797693925543,0.009871160732861636,0.0598109733025238
1292,2,0.028391599749998005,0.027533878773625203,0.01831934774955452,0.043407250044750226
1293,1,0.0017678225187514717,0.0015984584165950942,0.0008185963436531553,0.0037621332603324587
1293,2,0.025437037872334863,0.02327938422977331,0.015133942679330981,0.04874451884858019
1294,1,0.005091637817838143,0.004242399522843035,0.001243693712913947,0.013890626453057602
1294,2,0.017758613997616152,0.017190028778757215,0.010394354419775279,0.02833263862176876
1295,1,0.0016755091924205397,0.0015833701225118658,0.0008600863120873171,0.003029322422352797
1295,2,0.0241112463131885,0.02333218109663557,0.016125668261573193,0.03655716087042816
1296,1,0.02675144143982568,0.024483256003692708,0.010313934004503426,0.05606293755766553
1296,2,0.027930395820705594,0.02758067434263365,0.020188584689065744,0.037608437262715615
1297,1,0.0018687861953629234,0.001763884641625199,0.0009609575680989244,0.003391818861617825
1297,2,0.026907081358685577,0.02605793030633798,0.01798294564233192,0.04079539095007459
1298,1,0.002452635228978123,0.0023072896641476905,0.0012168756197181066,0.004517713833488158
1298,2,0.035300611297476796,0.03412342516676353,0.022462886711939443,0.05485713222388245
1299,1,0.0012909043126466827,0.0011943016370782266,0.0006738937457129968,0.002343166225676381
1299,2,0.018579896094165813,0.01761485683941716,0.013018075554744627,0.027648061589575255
1300,1,0.0015595782748961903,0.0014856799108716864,0.0008240466121570515,0.0027291465618868704
1300,2,0.022437583140794082,0.021994455468609102,0.015658048772928816,0.03179317363675472
1301,1,0.0013649431063621111,0.0012173775392527357,0.0006568094682036119,0.00294585677208908
1301,2,0.01964199183424902,0.01772226623267919,0.012460726809345611,0.03967141177760533
1302,1,0.002439962200951938,0.0022563033757024634,0.0011295258469245502,0.004805414465179224
1302,2,0.03510626124842881,0.03326019433652471,0.020471424118653422,0.06042406007911137
1303,1,0.02465487303029018,0.022756710214592926,0.009743211683792457,0.05027391504517501
1303,2,0.025991182854789276,0.025533427266039598,0.017987818797022895,0.03649822731282891
1304,1,0.002273054478583204,0.0021297029577028058,0.0011119149982955216,0.004258611944746424
1304,2,0.03270477283562264,0.03142264766899598,0.020549432972192177,0.05233357330801175
1305,1,0.003965539657226312,0.003664514377752763,0.0017767451479869963,0.007891028927398255
1305,2,0.05706212082261145,0.05408604735518788,0.031892168899642276,0.09925760050928382
1306,1,0.005354352484257815,0.004479428375108766,0.0013281903395777716,0.014407331438069703
1306,2,0.018742790240860414,0.018147436904622727,0.010986197508423085,0.02989337027296067
1307,1,0.024352792066469592,0.022157218931752404,0.009162858606771743,0.05229867950981677
1307,2,0.025365871154640073,0.024935127753160223,0.01768727574516598,0.035501339767557594
1308,1,0.0022070965818902985,0.002072351826515142,0.0010885114916072286,0.004125381999120414
1308,2,0.03176129384758575,0.03055821708235884,0.020069431824111788,0.0506262028465964
1309,1,0.0016329100538308731,0.0015559556537980226,0.0008650972896268755,0.002851492412491493
1309,2,0.02349967431939629,0.023029776053366452,0.01641665777839152,0.03329760607807222
1310,1,0.002537322248574089,0.0022123358376905542,0.0010271088439551513,0.00596507692155677
1310,2,0.03651146372436945,0.03233562370414036,0.01839300397289672,0.07880382539515514
1311,1,0.002484505029722734,0.0023453452518202083,0.0012603695841968872,0.004491184427519918
1311,2,0.035741127375741914,0.03476986616167339,0.02338312068322999,0.05375125725284334
1312,1,0.0017817699681084876,0.0016880762876926058,0.0009237518227320833,0.0031908503449064526
1312,2,0.02563721903640649,0.0249733111415891,0.017359189137519295,0.03774573506661359
1313,1,0.002382701628057149,0.0022601373897485053,0.0012233982292907861,0.004269494119679537
1313,2,0.03430424218863084,0.03342098810061244,0.02272671560316646,0.05094301137321099
1314,1,0.007942788596612953,0.006629476321741963,0.001937435845035961,0.021764936868230503
1314,2,0.027698548652949836,0.02681071493674568,0.016208505301431444,0.044100878194650465
1315,1,0.031861714120557924,0.030336511730680596,0.015298476335360484,0.05726004934933434
1315,2,0.01824521405563103,0.01802753211262644,0.013167637094796975,0.0245665371437069
1316,1,0.0019125545403359833,0.0017883512434494838,0.0009343066928428528,0.0036230922560291034
1316,2,0.027525028556497227,0.026288891988404346,0.017258480779325094,0.044828539907639686
1317,1,0.0024019867717740193,0.0022633057968435427,0.001204236912435713,0.004389331504194266
1317,2,0.034561103852013005,0.03349468506046796,0.022271368205168913,0.05303504743008786
1318,1,0.018694976614893027,0.017131565317127097,0.007231658527109958,0.03905722443047258
1318,2,0.0195510092042735,0.019279969377363034,0.013985750339408614,0.026637740304623035
1319,1,0.0017803698155485236,0.0016599946499981223,0.0008720178637247371,0.0033910737580038043
1319,2,0.025609074295918823,0.024438652212064794,0.016195282225337938,0.04176610475146247
1320,1,0.001684557250348576,0.00158961069084627,0.0008562923398844838,0.003072575598609222
1320,2,0.024231687078148576,0.023482112600736443,0.016021309999580704,0.036850702803891036
1321,1,0.004748748700600763,0.003909328959253821,0.0011178275866775458,0.013242001013408493
1321,2,0.016510671363985315,0.01581100514677006,0.009192461180981822,0.0278094181415013
1322,1,0.003425375525880539,0.002940331116657458,0.0012578158338242375,0.008402768234490801
1322,2,0.0492747592746656,0.04329687517243111,0.02188149241943597,0.11121917852617325
1323,1,0.004904472280902482,0.004070631793550323,0.0011877343193046458,0.013534737177086434
1323,2,0.01709969841496129,0.016498460995121256,0.009783515910330587,0.027934099775808498
1324,1,0.0014172684723394889,0.0013319243941335296,0.0007303823582339985,0.002604032709028175
1324,2,0.020392488531796323,0.019611842284289333,0.013828793241411856,0.031695266899391734
1325,1,0.0069719309925433655,0.005601704102700732,0.0015283723327948397,0.020507673086138545
1325,2,0.02419189165537974,0.022570445172352415,0.012077731618915151,0.0457852171720647
1326,1,0.022778298510948057,0.02071430503651032,0.008527303863367268,0.048855372787602894
1326,2,0.023781004134312275,0.023307077649861858,0.016087056389821122,0.034203780593823875
1327,1,0.0019449055341725482,0.0018487079018180636,0.0010138414598976045,0.0034245289998133662
1327,2,0.027980155340893813,0.02739150541345416,0.01910263340500036,0.04020391322379207
1328,1,0.0014048301166212993,0.0013363121895311114,0.0007447338503248576,0.0024634557261994285
1328,2,0.02022104420115461,0.019784247685447332,0.014182344658423345,0.02894435363773654
1329,1,0.021677396072488773,0.0195666083849265,0.00795365058848657,0.0473673881567211
1329,2,0.022555622464056242,0.02200756582421185,0.015186991874015367,0.03302850088907294
1330,1,0.0044228125145908655,0.003676265559821765,0.0010716601149857211,0.012170937975102818
1330,2,0.015410830347594051,0.014880624075407528,0.008892611407940216,0.024982806273108994
1331,1,0.0011004926904974017,0.0010221532278332683,0.0005742925650116382,0.0020440965252946502
1331,2,0.015836774071316548,0.015052196296775422,0.011075626123661801,0.024998809101248846
1332,1,0.006468480325804314,0.005893271948246534,0.002638845158420911,0.013717290814914393
1332,2,0.093020099189982,0.08712045796320005,0.04608846475971016,0.17410743709933027
1333,1,0.0011806619873546904,0.0011067016129922608,0.0006267298426556212,0.002121806635347486
1333,2,0.01698958680096463,0.01632576041239929,0.012049454009744139,0.02516925793156131
1334,1,0.0029804996229549274,0.002805816840745572,0.0014602555273748802,0.005522655937138198
1334,2,0.04288048242566662,0.04151471982263662,0.026817747224385517,0.06699580600727498
1335,1,0.02704135139230919,0.024893768104978734,0.010574749162529809,0.0557534428340334
1335,2,0.028423804770546627,0.02797926127975308,0.019737404288129354,0.03973086795069719
1336,1,0.004259177565183955,0.00348703802179578,0.0009935832599780158,0.012153477506912187
1336,2,0.014854414351851274,0.01401703609331847,0.008044172944488536,0.02663396390218044
1337,1,0.0018420577173955909,0.0017129984802918864,0.0008925072903355545,0.0035438831431318317
1337,2,0.026501902374733023,0.025225689553948445,0.016517891240112607,0.04397790060034039
1338,1,0.0019639122035953593,0.001848205592787598,0.0009855915424780573,0.0035981448663966265
1338,2,0.02827218054967912,0.027278192535605962,0.018357433331549246,0.04392953614101022
1339,1,0.005200793969849381,0.004279710897743396,0.001228348589473473,0.014569048560194668
1339,2,0.018066381296777338,0.017342586226572164,0.010116884061699465,0.03024860903924422
1340,1,0.0016712703359773055,0.0015585273734032025,0.0008343195718091208,0.0031679639950873374
1340,2,0.024060107492217053,0.022868505242993567,0.015544680043724071,0.03962075707668836
1341,1,0.0018347775408573965,0.0017295049508272034,0.000926335045267471,0.003354579432970687
1341,2,0.026398607470802377,0.02554080785817439,0.01730153859422691,0.040575985460825886
1342,1,0.001273500998298831,0.0011455654159540233,0.0006274492949586118,0.0026638897075280067
1342,2,0.018323533306033552,0.01670635208324557,0.01199257219265268,0.035223366050099666
1343,1,0.05061632506246312,0.04828950279762473,0.02447023604890327,0.09017027691722462
1343,2,0.029038895304935808,0.02866470775220197,0.020862715850540618,0.039275730304914866
1344,1,0.004043974109117652,0.003344045302718546,0.0009682398834228868,0.011231452162660995
1344,2,0.014034654977569342,0.013555849416675586,0.008136271142357149,0.02263844616547683
1345,1,0.0017836266172083387,0.0016643480677951818,0.0008786317294999965,0.003378477918293283
1345,2,0.025660161896915015,0.024490499859106514,0.01629005787455997,0.04175108539745029
1346,1,0.021566138276527064,0.01944180501089683,0.007829079371942252,0.04753409834713887
1346,2,0.022403451030419016,0.021848726256070646,0.014983102070590693,0.03307203592664555
1347,1,0.0021345485502308357,0.002024077795548102,0.0010890062263356887,0.0038262086089626765
1347,2,0.030716947102742066,0.029918249665963795,0.020348563458287117,0.04563854148099116
1348,1,0.0021373357806097077,0.0019922741966011503,0.0010258891689579788,0.004093877883778954
1348,2,0.030757419970738994,0.029333117775199112,0.01890763094570104,0.05094550587565897
1349,1,0.0012268302348695218,0.0011736436451755925,0.0006626906377075003,0.0021048982518920077
1349,2,0.01765034239767188,0.01738617433174912,0.012793433729816351,0.024010746653690296
1350,1,0.001411965232326739,0.0013518409307669544,0.0007677077537387584,0.0024106217204844763
1350,2,0.020330386447219122,0.020026999137717556,0.01470295390977722,0.02770940785577642
1351,1,0.0014995559363117086,0.001307912199548062,0.0006858006830456332,0.0034895990458034677
1351,2,0.021571467288237445,0.01896223587193349,0.01285695896332913,0.04743912202250937
1352,1,0.0012353295892744297,0.001148074501093639,0.0006421287221873871,0.002284945951053558
1352,2,0.017775103750436852,0.01691024176608277,0.01236165927575062,0.027866865493216042
1353,1,0.0012626152972196759,0.0011450082868094754,0.0006309888444481882,0.0025510672738130037
1353,2,0.01817545149491106,0.016741445306737875,0.012080032810704895,0.03339435601821892
1354,1,0.0016193409027642576,0.0015308968133628618,0.000833743461473039,0.0029218721141248327
1354,2,0.02329520520239119,0.02262558424853686,0.015719565569114212,0.034742004752438445
1355,1,0.0034683404917768427,0.0029199261953715685,0.0012027296580538647,0.008950088811476724
1355,2,0.0498941121388998,0.04281830526797287,0.020884090829315225,0.12075377201927462
1356,1,0.020275307897670576,0.018359670310088054,0.007487666766631446,0.044147869237496445
1356,2,0.021209866564357832,0.02049020438610505,0.013834563286360629,0.03283600376650018
1357,1,0.0010401446814233212,0.0009975100744775696,0.0005706702321177865,0.0017558991093850744
1357,2,0.014964851020625954,0.014808047351401725,0.011099964394679366,0.019699010457061156
1358,1,0.0011309641841406063,0.0010831816722468553,0.0006171432328004195,0.0019199380944930808
1358,2,0.01627570832123943,0.016069472892719584,0.011927816812106466,0.02177599595889483
1359,1,0.0015247920209370506,0.0014520810649571586,0.0008055755912888252,0.0026690838638642224
1359,2,0.02194365108433729,0.021473073156715067,0.015358345733100721,0.03126577816158041
1360,1,0.0012294215062513944,0.0011527020060842258,0.000626596018035224,0.0022832779862398097
1360,2,0.017692990603546076,0.016940665543281167,0.01188911573187348,0.02814316478838033
1361,1,0.0013779345636765583,0.0012858710032355597,0.000700168881762584,0.002594278165620799
1361,2,0.019826834370478122,0.01886748634121531,0.013265299799527385,0.03237820860695349
1362,1,0.0025269223765411347,0.0023448559893868154,0.0011758056634765253,0.004954936172112652
1362,2,0.03637389462934185,0.03447914214957989,0.02145555539642411,0.062111140989702995
1363,1,0.0016334448287519663,0.0015283328908501184,0.0008158624236020334,0.0030614805151082418
1363,2,0.023498619506346508,0.022495931827925548,0.015166662551836043,0.03765117061294637
1364,1,0.016537663427353244,0.014961532862171119,0.0061130723463557555,0.03605928968744654
1364,2,0.01717947019582659,0.016799850748678864,0.011934815483706587,0.024574811005905868
1365,1,0.0014380466213560277,0.001363765829826158,0.0007510671606779156,0.0025498185288417106
1365,2,0.020691330584350454,0.02014822369971739,0.014225935041971957,0.030314129767986805
1366,1,0.002399904855593783,0.00224730394891552,0.00116939284896756,0.004519431118002997
1366,2,0.03454436826976887,0.033157323358933066,0.021461918646561415,0.05559036141815555
1367,1,0.001497361899522492,0.0014260759234011279,0.0007974775469712865,0.002603855588683118
1367,2,0.021547738542117063,0.02111994379287134,0.015188140316885026,0.030234915061534227
1368,1,0.005303471260302722,0.00434658146359224,0.0012325431738501858,0.014984992924575979
1368,2,0.018490507642500424,0.017522568431787136,0.009915289131780941,0.03280400220081422
1369,1,0.0017633530913081631,0.0016764588635056273,0.0009405562097867311,0.0030880349662132105
1369,2,0.02542222497617772,0.024741857800822744,0.017770356814207362,0.03716434520071357
1370,1,0.0011473295167488836,0.0010715140073092812,0.0006066580924593856,0.0020494914068692714
1370,2,0.01651659863186422,0.01582201257358701,0.01172296318332624,0.02386392533971502
1371,1,0.00517179635243344,0.004302018264441,0.0012485956896712586,0.014216935050017112
1371,2,0.01804465440578654,0.01739036045353421,0.010273826327387792,0.029563277821103125
1372,1,0.002063228379931373,0.0019528950668119482,0.0010551896375918732,0.003709176318877017
1372,2,0.029690533591684005,0.02891231614711101,0.01980320234813037,0.043980121950157575
1373,1,0.0019495790146481912,0.0018028213215288778,0.0009272652722281795,0.0038442882527414224
1373,2,0.028048998928264828,0.026495790932903163,0.01712330148323212,0.04804946497137185
1374,1,0.0016461450685106638,0.0015596085112271115,0.0008538457572645144,0.002938775356091624
1374,2,0.023684911643931328,0.02303142970110817,0.01613967512132723,0.03498959402957296
1375,1,0.0010753028303848926,0.0010127625119709868,0.000576785108057869,0.0018722329740897268
1375,2,0.015472501081005655,0.014983156696497912,0.011148677660108304,0.02151550887269956
1376,1,0.005489821223169337,0.004468576810272299,0.0012495276339800675,0.015770982561831466
1376,2,0.019156117383994222,0.017928428754889543,0.009887032591688041,0.03559743885424729
1377,1,0.002145546611485284,0.0019896179219438164,0.0010176718881495014,0.0041718302593480045
1377,2,0.030864345239504445,0.02935404328631461,0.018666119618176047,0.0518445274974409
1378,1,0.03977621909550277,0.037938081409457515,0.019211024515434556,0.07073231464916444
1378,2,0.022842383963224678,0.022529913120480603,0.016213349202811717,0.031226056922241154
1379,1,0.0011320849298414827,0.0010382811644600422,0.0005810342611499993,0.002125407594738587
1379,2,0.016301224080880923,0.015268081619503089,0.011180997223019136,0.02655386068170796
1380,1,0.00126757413853749,0.0012079906261632028,0.0006769410540767906,0.0021971633235111027
1380,2,0.018241310092553187,0.01787130185851119,0.012974616233098963,0.025639689594488462
1381,1,0.001533641022182108,0.0014564961177610343,0.0008082982324825022,0.0027015048415012922
1381,2,0.02207336699097092,0.02154222563095708,0.015325756369833961,0.03189828090529072
1382,1,0.0024439635945040818,0.002297468110328449,0.0012045988796291767,0.004562463681401976
1382,2,0.03517566964053772,0.033890964032598656,0.0221009854481737,0.05571777413674896
1383,1,0.0032256939449475316,0.0026616026156771667,0.0007782770397394755,0.00898438955270909
1383,2,0.011216391362585391,0.010735280434815416,0.006511827859811256,0.01848763615560336
1384,1,0.0013732941679699558,0.0012973717465688379,0.0007097545295236831,0.0024684374686020313
1384,2,0.01976298048694936,0.019133174254884526,0.013461271446231054,0.029777391126624222
1385,1,0.005755449597648145,0.004763779026083243,0.001389130662360931,0.01591029355866941
1385,2,0.01998243616755106,0.019326910873222213,0.011571831470624336,0.03209675397841019
1386,1,0.021087258683643865,0.019254484056542807,0.008010085375450851,0.04458511884259367
1386,2,0.02207059210424944,0.021624709666192704,0.015031721426073234,0.03171051063679417
1387,1,0.015216296526970196,0.013699227640380465,0.00555962305235257,0.033716828221615924
1387,2,0.01583319409066813,0.015272018222202283,0.010783190288627488,0.024258927153742785
1388,1,0.002000417861713408,0.0018661007936537435,0.000974242046607864,0.0038150899763208955
1388,2,0.028794722859924876,0.027431206016314727,0.01800757208461489,0.0476436702693578
1389,1,0.005118054066745244,0.004237615861933473,0.001225890684215893,0.014145622013174918
1389,2,0.017822818710182865,0.017150583458428244,0.01013281659439399,0.02927700617314686
1390,1,0.0026170641601368934,0.0024191749650592127,0.001207361324983343,0.005165004919656725
1390,2,0.03767443270823387,0.03566468013605724,0.0219212094395994,0.06511282003425767
1391,1,0.001588591039321296,0.001510924847294849,0.0008388663274810148,0.0027807654162661263
1391,2,0.022865487281299876,0.022361193596531367,0.015864365038628644,0.03272599552016058
1392,1,0.002469178490060476,0.002133330975636117,0.0009832414521757475,0.005934416929600034
1392,2,0.035529886641908724,0.031196057959985916,0.017523550796203057,0.0794616518611349
1393,1,0.0016234894409033265,0.0015343584406196757,0.0008359276248625918,0.0029321630757370796
1393,2,0.023361599874793734,0.022616383147158144,0.015691582417898055,0.035252666915491115
1394,1,0.0011401780052509164,0.0010925082042542416,0.0006244211029914693,0.0019262677883269998
1394,2,0.016409087245777512,0.01623043491257928,0.012046004018902191,0.021782714536532147
1395,1,0.003913315472914631,0.003250560338385223,0.0009497277038274694,0.01073982477319868
1395,2,0.013612952013588222,0.013165196531169309,0.007925331199835522,0.021893776157329424
1396,1,0.0010783214603007631,0.0010316893832003002,0.0005851084926093357,0.0018422636429764737
1396,2,0.015515091053577243,0.015287203834403627,0.011288605232894886,0.021017947850383047
1397,1,0.0023832427703817877,0.002073682333783408,0.0009685580669335803,0.005606292182725487
1397,2,0.03430097887468177,0.030346752522268712,0.01730464786335576,0.07466207413810336
1398,1,0.024387207759434988,0.022184614155578375,0.00916966720562369,0.052246847079770835
1398,2,0.025467104262702628,0.02496119992768471,0.017393303033720324,0.036351820807528294
1399,1,0.0014784050553832834,0.0013878467853365062,0.0007887672610650538,0.002637704802864895
1399,2,0.02131019859678202,0.020484787992462658,0.015040057725360424,0.03177973687523036
1400,1,0.0017209718887453579,0.0014953446408781934,0.0007543722274535197,0.004099072466066517
1400,2,0.02475156112028792,0.021649211631617187,0.013996883285024013,0.05438632274701342
1401,1,0.001936515251227708,0.0018281418124882955,0.0009909245187810106,0.0035040746438653775
1401,2,0.027865250283042733,0.027024255324700423,0.018484548631220107,0.042103579294182326
1402,1,0.01893366062687806,0.01718797062168033,0.00707463563582288,0.040783617521090616
1402,2,0.01971426901712562,0.019334155044257485,0.013581923875277905,0.02801825451068069
1403,1,0.002000614086874624,0.001896694697505019,0.0010275994810552617,0.0035785944009913214
1403,2,0.02878512028726806,0.02803175646277456,0.019271162375062063,0.0425489380430342
1404,1,0.001121013404701847,0.001061447974012003,0.0006013504856703112,0.0019559874870449766
1404,2,0.01613205747162901,0.015721045919181602,0.01160555079070149,0.022486850354785374
1405,1,0.001802572337375528,0.0016815458092363181,0.0008758033076663708,0.0034476174279606323
1405,2,0.02593401513266273,0.02475898096432017,0.016212328809226306,0.04246926572401677
1406,1,0.0010776694485898474,0.001031356279682197,0.0005826666589245099,0.0018361771211343957
1406,2,0.01549608567826345,0.015313158523239355,0.011215072533760258,0.02084004542338603
1407,1,0.0022734332822983505,0.0019980817114419007,0.000921674839752708,0.005261706802934009
1407,2,0.03272247894651059,0.029216027838588912,0.01648860271949205,0.06957993913012275
1408,1,0.08118159183015684,0.0645218356549494,0.015824413242712883,0.2440326768635252
1408,2,0.08418188427329444,0.072905263681788,0.02349797974012012,0.21023240013639458
1409,1,0.0011766523966196384,0.0011195220291257595,0.0006302288968686029,0.002049619212900932
1409,2,0.016930334480147566,0.016567183650803584,0.012074658938772983,0.023905249204533702
1410,1,0.001062892953457865,0.0010192110978463928,0.0005828734697570258,0.0017919994838061898
1410,2,0.015297011503653526,0.015139017481705139,0.01130939504213844,0.02020172762866976
1411,1,0.001182437044675479,0.0010950835170453344,0.000607907355165801,0.002188956146431063
1411,2,0.017007103945595573,0.016180646683786454,0.011569730860804074,0.026305165778365378
1412,1,0.0018308595795326814,0.001631779632945046,0.0008135320758214775,0.004031909515991255
1412,2,0.02634358503460204,0.023853501158139473,0.014801298653960262,0.05264637485945873
1413,1,0.0029130099514800556,0.0025330199983293455,0.0011110959595129943,0.006918838668134912
1413,2,0.041904895800402873,0.03717222024674423,0.019535007493281704,0.09185029274150833
1414,1,0.0010420054776850895,0.000996500833177766,0.0005597475683729594,0.0017795937760074305
1414,2,0.014987548959126948,0.014813729963810689,0.010739257410473909,0.02027023464514444
1415,1,0.0022527596890570315,0.0020712328225776467,0.001018701549972521,0.004557230554244609
1415,2,0.03241088407192437,0.030511558943541836,0.01840446639464399,0.057468199414011635
1416,1,0.0011377265702458372,0.0010580298201981397,0.0005894861234480858,0.0021118446689811416
1416,2,0.01637095791947068,0.0155850387510116,0.011318025400941092,0.02592451306192504
1417,1,0.0010150645173478984,0.0009728496204241875,0.0005562526242127906,0.0017136274316566409
1417,2,0.014605683282547176,0.014447700733010273,0.010798961535144914,0.019318605525094193
1418,1,0.0054055344659922995,0.004337271584308517,0.0011924309695794276,0.015912087681236288
1418,2,0.018822018701877087,0.0173667199035083,0.009465566528745565,0.03682263369038254
1419,1,0.001524850855704747,0.0013862350042195238,0.0007125400252554818,0.0031576749423039927
1419,2,0.021949589538887707,0.02026157677087682,0.013201838915897273,0.04074482596525192
1420,1,0.019167784550431735,0.017348596359943902,0.006964891042832111,0.04200289479805445
1420,2,0.020046048162482705,0.019449120990323518,0.012526542709595554,0.031027522315358956
1421,1,0.0043065268720437234,0.0035434612327177074,0.0010192607055745802,0.012075114431304492
1421,2,0.014998918457071124,0.014314281313154546,0.008327037965308965,0.025688991215954846
1422,1,0.002606793156087161,0.002210819369417539,0.0009565876777924862,0.006624000509937601
1422,2,0.037521491592645576,0.0323783786182265,0.01690501177805256,0.0887520647504313
1423,1,0.0023166251092060375,0.002076519219343109,0.0009792823981229488,0.005064497640667508
1423,2,0.03332763799357466,0.03050802117720204,0.01754565132960041,0.06601992672519001
1424,1,0.0011350617682167941,0.0010876516587803803,0.0006207340353263552,0.0019226058210454298
1424,2,0.016330965682556875,0.016149759575185017,0.012017854303940223,0.021663103920212808
1425,1,0.0011085955129509838,0.0010296441846764203,0.0005736959238377435,0.0020778999476931386
1425,2,0.015956549974844737,0.015159113763047655,0.010973505540324216,0.02558293378626645
1426,1,0.006972725814467315,0.005630624425160534,0.0015492950435071515,0.020323886817828332
1426,2,0.024254466349001882,0.02271878285993894,0.01222763375596811,0.0453158373879399
1427,1,0.006847189105056545,0.005680685506764765,0.0016376012782656235,0.018930605219428416
1427,2,0.0239157046953352,0.022988361470297022,0.013275568123020096,0.03994789961026454
1428,1,0.004770009782285327,0.003938182981438604,0.0011413738144255734,0.013256079020831807
1428,2,0.01656645983884676,0.01597334868693806,0.009514055734599531,0.027009995587485243
1429,1,0.004522950937330619,0.003592293344972331,0.0009819500960893963,0.013543247522516117
1429,2,0.015695924063648215,0.014315055859242644,0.007911346701841807,0.031853554665835095
1430,1,0.0010702400464118395,0.0009814388399250636,0.0005468979436265236,0.0020191746900361605
1430,2,0.01537839685774092,0.014443381345155569,0.010482709321222772,0.02476409269044746
1431,1,0.0013397209923055264,0.0012717009241434514,0.0006746040788214729,0.002392557767558588
1431,2,0.0192800382547143,0.018909795801269946,0.012437030993145125,0.02823131089297796
1432,1,0.0017064437693674825,0.0015551333637499154,0.0008015290688588633,0.003506548407511956
1432,2,0.024542955582598232,0.02273382329987323,0.01481835533888576,0.04514735613703099
1433,1,0.007596370169805897,0.006284521080843184,0.0018052512452012737,0.021020852639362056
1433,2,0.02655537538221265,0.02540769288479137,0.01445981761832565,0.045092931051997395
1434,1,0.0017048218039954503,0.0015024094337591691,0.0007451764952388844,0.003892823402243284
1434,2,0.02451887131588069,0.021855270350809253,0.013608444759218803,0.051536703345952464
1435,1,0.005290008902515041,0.004561079092722472,0.0017476494671674375,0.013172920413124825
1435,2,0.0761087096213014,0.06731666847883105,0.029725045421184183,0.17358308359159358
1436,1,0.0010700135563413266,0.0010249980773106388,0.0005805477442892246,0.001815263388389667
1436,2,0.01538602589023853,0.015207145257517388,0.01123005351764904,0.02055166261549572
1437,1,0.0013950300035098053,0.001317136371925709,0.0007233215461227766,0.0025177410410303766
1437,2,0.02007696107389519,0.019426563511333827,0.0136571930492589,0.0302958920001521
1438,1,0.0012375470111083344,0.001126747740631128,0.0006171290078227757,0.0024269588721384737
1438,2,0.017799241754044914,0.016539820120905824,0.01173263090110784,0.03137847276222992
1439,1,0.0023261537361566873,0.002162554331111774,0.0010978350135498584,0.00450164576965685
1439,2,0.03346599739466831,0.031932333475654606,0.019994466986382083,0.05589968178133993
1440,1,0.0041096570475675845,0.0033794889954681445,0.0009717883114054698,0.011535210250732526
1440,2,0.014301686066699602,0.013595851091621966,0.007900706479458838,0.02474356381104043
1441,1,0.002084028378906674,0.0019568245956714985,0.0010141909315965782,0.003890424889241474
1441,2,0.029987351237381332,0.028894188676500038,0.0186020771855436,0.047589053943456285
1442,1,0.0015769672040737118,0.0014286120185606648,0.0007327734830101639,0.003289266327893546
1442,2,0.022685917486617822,0.020915623280348662,0.013474899320679115,0.04257723737397617
1443,1,0.0026248544043781944,0.002327912135979282,0.001079535390840761,0.005911790859152743
1443,2,0.03777046402671834,0.03413075155921774,0.019120634833370394,0.07720635362753843
1444,1,0.0015006981716984952,0.001426516809506034,0.0007857098823827591,0.002648365690863716
1444,2,0.021596604432991016,0.02112533414724457,0.014857204284745164,0.03114709434168774
1445,1,0.0011804969665599426,0.0011228516479759088,0.0006251811684443814,0.0020688723843988077
1445,2,0.01698565472914008,0.0165935327156196,0.011923490148589184,0.02432337018645064
1446,1,0.0011315720937698697,0.00105601094524347,0.0005890741576923806,0.0020929443835998153
1446,2,0.016279308638057755,0.015567815506555257,0.011301111146099193,0.025616189823209595
1447,1,0.0015152467716015355,0.0014358497862792335,0.0007838545149080006,0.002709109438626067
1447,2,0.02180110112792937,0.021235692729514262,0.01473777131246274,0.03214714745751732
1448,1,0.004072343455191223,0.003362575285117718,0.0009767086870709598,0.011313996453809518
1448,2,0.01416741866565116,0.013614907963648105,0.008035940575445055,0.023533626911774665
1449,1,0.0011400917421057102,0.00106299302920166,0.0005959436042094066,0.002094084679991784
1449,2,0.01639725675546562,0.015668037228786805,0.011433271981677179,0.02540899493703237
1450,1,0.016511048227150733,0.014693559840891946,0.00594386881814317,0.0374492252388568
1450,2,0.01723208030623637,0.01625865786401652,0.011258978560638521,0.029344763191174357
1451,1,0.00225070854364216,0.0020666528223464383,0.0010239390422255436,0.00453025288650478
1451,2,0.032383055542011756,0.030451415311682193,0.018495443033793735,0.05758534552984988
1452,1,0.0010120201234135766,0.0009694609724181583,0.0005489604266417475,0.0017226482669976321
1452,2,0.014562401887871352,0.014402587626016424,0.01056270764994082,0.01950763879765259
1453,1,0.001174774778641952,0.0011080848129383417,0.0006100073032777907,0.002119449753527422
1453,2,0.016903176554327506,0.01634293731012272,0.011616330058595567,0.025557124418355996
1454,1,0.0014975056136944432,0.0013186155636822083,0.0006873556820496256,0.003405418571410453
1454,2,0.021544878549673078,0.019160110858931836,0.012826139524767334,0.04510896235038269
1455,1,0.001813696022840734,0.0015745168892753207,0.0007617242628333153,0.00434763737323717
1455,2,0.026086664380384924,0.022886678115488206,0.013813741134034748,0.057806950188882024
1456,1,0.001555432426741984,0.0014561151898367722,0.0007840396892376055,0.0029068909401414
1456,2,0.0223845333827083,0.021396365351459425,0.014692007943091324,0.03606357214348305
1457,1,0.0014909962846063327,0.0013876640977367215,0.0007357049050377086,0.0028480382412309204
1457,2,0.021449413141569597,0.0203850424166893,0.01377354221535313,0.035399259409359146
1458,1,0.001684173739143896,0.001571592529986278,0.0008337522912381045,0.00318259280426915
1458,2,0.02423071025859598,0.023172123919760493,0.015477113040340627,0.03913774727117237
1459,1,0.003054975763220263,0.002535514009262679,0.0007435141217976436,0.008387278504592066
1459,2,0.010605283702981283,0.010288660347359268,0.00624436914215359,0.01678530389319485
1460,1,0.0017412116902092312,0.0015941014526808302,0.0008093112173751231,0.0035583191779322574
1460,2,0.02504819957992447,0.0233826096626436,0.014800074042402744,0.04539806777172239
1461,1,0.002307761161505499,0.002134090313951417,0.001054211333181826,0.004579960723644766
1461,2,0.033210259912016295,0.031438095535754954,0.019080594506241676,0.05755855721940048
1462,1,0.0012867696587493536,0.0012109135137622561,0.0006637442977626064,0.0023716595718913367
1462,2,0.018515281194566486,0.017809364857045915,0.01255890697998283,0.02881296149104512
1463,1,0.001464313120487104,0.001243536964715641,0.0006522968853066105,0.003664580931891841
1463,2,0.021088776607012617,0.01801043443870033,0.01230383400305715,0.05018018968864109
1464,1,0.00454344644831089,0.003758362466041907,0.00109381945392501,0.012566895603676855
1464,2,0.01579824119252542,0.015216189844890147,0.009054612730598892,0.025816017285457585
1465,1,0.0049461193133717215,0.004032219624447553,0.0011490027986933112,0.014004024869085852
1465,2,0.017574847262904283,0.016012516851172283,0.008700305247856843,0.036081251888621865
1466,1,0.0020738384838525667,0.001775107503460229,0.0008056183791119492,0.005125708900238244
1466,2,0.029818937226834805,0.025909111395350622,0.014338510724185013,0.06834438601037819
1467,1,0.00410431955020281,0.0033371539175840784,0.0009415600829999869,0.01180377430503347
1467,2,0.014243194991794307,0.01342422007796415,0.007717648183039939,0.025609148281226714
1468,1,0.0011055823055173266,0.0010387018715895622,0.0005821175079165047,0.0019619101645444717
1468,2,0.01590477182981043,0.015341296952137599,0.011211958738479792,0.022876369338422888
1469,1,0.0034938248336463446,0.0028330396729688407,0.0008192637478027415,0.009995870814257525
1469,2,0.01213672316143603,0.011399404260941328,0.006765457871336598,0.021401860129640522
1470,1,0.0016007318976713346,0.0014945976736614253,0.0008015330423804764,0.003017644637665939
1470,2,0.02303370781989351,0.021965049884861337,0.015007268727472574,0.03735181317097095
1471,1,0.0015882800838872683,0.0013887104392342996,0.0007225986705840495,0.0036664514373408942
1471,2,0.02283710730346283,0.02018274825378996,0.013463526726484532,0.04884870421795577
1472,1,0.012512728532707488,0.011419920189697825,0.004795021616803555,0.026511207525132804
1472,2,0.013031320362386243,0.012866836809119358,0.009480244760059863,0.017450505846145263
1473,1,0.0017891539146427052,0.0016405090069793477,0.000840131136798929,0.0036025699674460112
1473,2,0.025748502334245967,0.02405574585642438,0.015473873240771574,0.04630600902280138
1474,1,0.001363550883745616,0.0012348190371890611,0.0006615926586285532,0.0028430954495618646
1474,2,0.01961815762290799,0.018009024537164547,0.012473314896505562,0.03702680114325885
1475,1,0.011729241176702765,0.010627396523092135,0.004371268983422077,0.025359574682195955
1475,2,0.012178481192282643,0.012010011751210015,0.008530135580727714,0.016795522982876974
1476,1,0.0020577231747813873,0.0018633233542951688,0.0009166327591790972,0.004347372110315609
1476,2,0.029609640076591035,0.027347337849757042,0.016645719889274293,0.05585247989801385
1477,1,0.0033569069844216867,0.00282077886273004,0.001150812236225869,0.008763284215953545
1477,2,0.04829896257480319,0.04149048346017134,0.019885817370546833,0.11622506808419561
1478,1,0.0014734097242489685,0.0013770472411517155,0.0007409991924379266,0.00275739103038384
1478,2,0.02119798316660584,0.020269207198213214,0.013898061960960667,0.034010168463746895
1479,1,0.0019515225270290955,0.0018139886695039817,0.0009276463341393033,0.003778201111648442
1479,2,0.028075662663976934,0.026800843397142945,0.017028485099149445,0.046770053316536456
1480,1,0.0014389911485473972,0.0013071224341739923,0.0006833427869558492,0.0029719202068625647
1480,2,0.020714063031473953,0.0190814511492121,0.012700785695199321,0.038887737138076736
1481,1,0.0016699643967001134,0.0014156513758449532,0.0007068692021747877,0.004221994896529505
1481,2,0.024028919675513984,0.02046681629303706,0.013049860160383328,0.057391154238928356
1482,1,0.004296573968988232,0.0031394685197117856,0.0010992504350698729,0.014372783001860607
1482,2,0.0619746173771407,0.04603192103157848,0.018850172648649115,0.1996380848645687
1483,1,0.0024007745726617505,0.0021158227185554277,0.0009815360205475232,0.005496145982489235
1483,2,0.03457382752991503,0.03105739935715244,0.017568199187416214,0.07217675013987648
1484,1,0.0012765679464116877,0.0011539131067782834,0.0006301397403307761,0.002615243597967433
1484,2,0.018362537981962006,0.016919619787723793,0.011999630861216769,0.034269341357825646
1485,1,0.0066816070881316105,0.005396515822748383,0.0015117834230209749,0.01923072698137589
1485,2,0.02335386249018679,0.021743190114276528,0.01176737959926041,0.044409700215400326
1486,1,0.0017969918565344054,0.0016738472995238484,0.0008753828650740808,0.0034446556809140695
1486,2,0.025860993663967075,0.02457565989982148,0.01619152229504656,0.04291609560811299
1487,1,0.0041180527729732744,0.0033879388702955965,0.000976906531609997,0.011520788507333672
1487,2,0.014301252547617644,0.013713458102789195,0.008067591899330923,0.023874621098536962
1488,1,0.002587381896931486,0.002191278788299244,0.0009751734439289059,0.00656897656182962
1488,2,0.03722231565238076,0.03201523125992167,0.017407074069600792,0.08754927098700961
1489,1,0.0013561907542750317,0.0012644419598268522,0.000684691973233612,0.0025687428087506287
1489,2,0.019513793394226896,0.01856758593903892,0.012908553782966521,0.03187236905086196
1490,1,0.0037425124642710052,0.0033886973842557483,0.001563668270067196,0.007937031161405756
1490,2,0.05386618662603181,0.05003150805158365,0.02771184260655306,0.10220607973374678
1491,1,0.0014449646877190898,0.0013329343753646673,0.000707407874651869,0.0028402768631778383
1491,2,0.020795683997404505,0.019547677262128877,0.013212548016969037,0.03602622082804235
1492,1,0.023009417154758193,0.02025701949684346,0.007700433796625853,0.054702402838859535
1492,2,0.02390571509132546,0.02246666048580672,0.014187798301661954,0.04214037459512288
1493,1,0.0016535334882269612,0.0015412272377674512,0.0008159845539946501,0.0031330570387262725
1493,2,0.02379380934106561,0.022642606311438867,0.01526539067839129,0.038993786279505845
1494,1,0.004055009359430394,0.0033252452107090224,0.0009536847581937943,0.011427537606571078
1494,2,0.014071125854246646,0.013432439552297396,0.007827163684853115,0.024070545082294545
1495,1,0.008193653461314074,0.00674918775199783,0.001919957994640335,0.02297178232480004
1495,2,0.028517074198626972,0.027335390684766002,0.0155881013067837,0.04844759916300427
1496,1,0.00550784076503188,0.004586819575128153,0.0013425959722527584,0.015116200138338734
1496,2,0.019246412856777136,0.01855480867607261,0.010970821280512263,0.03157643765595572
1497,1,0.002333337942152872,0.0021556829248211493,0.0010894042183469776,0.004600903668695038
1497,2,0.033579863924280466,0.03179253129212545,0.01963132755625405,0.057743837537532795
1498,1,0.013381450957696155,0.01196168917748456,0.004963485971326094,0.029477939157129977
1498,2,0.013905674346100398,0.013389587357847002,0.009760591958254449,0.020288414731335743
1499,1,0.004956547255795277,0.004035092327053675,0.001140034779104222,0.01412611188602632
1499,2,0.017213787250725445,0.016301602941564984,0.009274476452430123,0.030421309012865296
1500,1,0.0036711034047990027,0.0034498624849554427,0.0017844076041252403,0.0067865676035715194
1500,2,0.052819991989537046,0.051125638211948626,0.03257017960174163,0.08250272141387432
1501,1,0.0077293306209386126,0.00632727906996871,0.0018028283722678667,0.021789445232671626
1501,2,0.026860824610891905,0.025698708305488496,0.014617700712489945,0.04585993530947769
1502,1,0.0021617011527171725,0.0019228969845901645,0.0009263247363234572,0.0047994647766343825
1502,2,0.03109307187003826,0.028177427381807348,0.016771740407238556,0.06261537958302191
1503,1,0.0018401697322608305,0.0015456872804761818,0.0007529143768019849,0.00476959127369041
1503,2,0.02646997923092578,0.022407624523819666,0.013662803827381395,0.06441541084748705
1504,1,0.019284769714234495,0.017614682143929812,0.007337073813207826,0.040879633522853606
1504,2,0.020156217668892737,0.019802008852269064,0.014070286294350648,0.02838858976352457
1505,1,0.0024106224138397895,0.0020461748679095307,0.0009168733719748965,0.006096725850720874
1505,2,0.03468499359682861,0.029831817146046484,0.01629272638705961,0.08153248379638373
1506,1,0.002258348813263638,0.0020391845680568896,0.0009916956613142134,0.004781314193378704
1506,2,0.03249691088559907,0.03001103759808529,0.0178313760925669,0.061560569619055344
1507,1,0.004363926363223182,0.0035738922308575557,0.0010224486409465834,0.012323160378508332
1507,2,0.015157680771606669,0.014433837506807953,0.00835869024631231,0.026071112434337674
1508,1,0.0023104381330319008,0.002062165906551311,0.0009797962252704275,0.0050821871300847365
1508,2,0.03324654003530479,0.030303134671507994,0.017519277524225538,0.06604211680990107
1509,1,0.023794135578607996,0.021835604638118226,0.00920809906631831,0.04942519256634944
1509,2,0.024976208140144646,0.024552192189111786,0.017383158069872368,0.03499037578462758
1510,1,0.013706311619993897,0.012299650386238656,0.005061761110261468,0.03035893231822843
1510,2,0.014232346834073305,0.013768837930637757,0.009984897673345318,0.021052353122934863
1511,1,0.0060783916046906385,0.004989069434672021,0.0014152948479177958,0.017125197505427046
1511,2,0.02113365297926367,0.020163429682739174,0.011436488933484359,0.036549443624786015
1512,1,0.006344985302374543,0.005145318153048319,0.0014305775253056943,0.018407738816641504
1512,2,0.022004062807056586,0.02076497325720148,0.011390303550975313,0.039897541186739605
1513,1,0.0016959292120999746,0.0015827568214140098,0.0008328887604700361,0.00321924651965689
1513,2,0.024397483581365585,0.023243437569126314,0.015522478789517442,0.03995431702166555
1514,1,0.002172082263745257,0.0018563647512744549,0.0008686360946144713,0.005377540212322325
1514,2,0.031242345090508092,0.02701100858015021,0.015617857458894723,0.07201563039152013
1515,1,0.006561554812229509,0.0052165909149765755,0.0014092106503940925,0.019615762734602304
1515,2,0.022740351809240472,0.02103043079424153,0.011028218475582555,0.04451949690686863
1516,1,0.0018547505529322218,0.0017095677454625807,0.0008755264604455113,0.0036859979457641487
1516,2,0.026698435518678214,0.025101297679901255,0.016030871787140695,0.04663091637691436
1517,1,0.011092934615138945,0.008664406988276738,0.0022367361783595364,0.03427090963841223
1517,2,0.03856653962532171,0.03472887427335229,0.016842887972686862,0.08249887120059025
1518,1,0.0011781732286620132,0.0010857847393797347,0.0006018621124670236,0.002267365901155327
1518,2,0.01695411181044452,0.015908536136709988,0.01154130661375292,0.02869893794912499
1519,1,0.001022787739059255,0.0009798007865876928,0.0005593188288519854,0.0017309884455333937
1519,2,0.014714180046752035,0.014557925397914142,0.010794832277217739,0.01954147847729804
1520,1,0.0021421002923124066,0.0019687017184321105,0.000992040615082595,0.004296943148540485
1520,2,0.030830563545360845,0.02892971616737178,0.018051702978126413,0.05470901273717703
1521,1,0.020730120731754717,0.018764906087450486,0.007674094668948272,0.045280655483936484
1521,2,0.021532653776800775,0.021119825995991097,0.01486919937469206,0.030537130227277852
1522,1,0.003521400933056938,0.0031759132704682986,0.001457024327508137,0.007591645675981279
1522,2,0.05066050173387234,0.04676092961996889,0.02572862751484694,0.09754755111607978
1523,1,0.0014489876761429813,0.0013493795753216392,0.0007248555455610475,0.002755249518448318
1523,2,0.020849351609726785,0.01983101600805471,0.013563453082263182,0.03433336472957662
1524,1,0.008620791550253465,0.00714300139328602,0.0020735731074003816,0.023751266983567335
1524,2,0.030038986177415385,0.028961586622681057,0.01702683378901051,0.04913958170707551
1525,1,0.0016350739805833072,0.0014200434015866105,0.0007158194246372768,0.003912386922194403
1525,2,0.023533025037892917,0.02055837333070256,0.013201149989250519,0.05190644958853189
1526,1,0.0010280309206966165,0.0009851864526372923,0.0005613741407408984,0.0017395338526535102
1526,2,0.014791577050279796,0.01462939106135945,0.010860312243502902,0.019632973627805077
1527,1,0.0026328972546502192,0.0024120320459808386,0.0011846959378676624,0.005361894373286845
1527,2,0.037880958905469324,0.03557435338095091,0.021381259519064718,0.06767820460324987
1528,1,0.0015141079304510324,0.001319302919313827,0.0006947085262137853,0.0035348319751569604
1528,2,0.02179828048849575,0.019124019718948043,0.013018755483887997,0.04784018323799526
1529,1,0.0013386289960146795,0.0011690364494996658,0.0006398686420575549,0.002999894712721452
1529,2,0.019269275855411928,0.017030799827878564,0.012172256876184348,0.040573094961160176
1530,1,0.005365983652916614,0.004370565523172084,0.0012429821560950801,0.015316359683959948
1530,2,0.018615701942718135,0.017679348211057603,0.010031564887254287,0.03273447191913724
1531,1,0.0017868092968716148,0.0016642056592622025,0.0008660060968483867,0.003413544494667379
1531,2,0.025700183087571923,0.02452606929970637,0.016117715573801837,0.04215719728614444
1532,1,0.0010620522385278882,0.0010183172934399112,0.000582114709801049,0.0017916990634113024
1532,2,0.015279502256295709,0.01511391266014166,0.011311639320140645,0.020162643744933127
1533,1,0.04102799372192981,0.03935067090840979,0.02038757249881005,0.0713110710868356
1533,2,0.023677288452034467,0.02337436922921718,0.01666354226537045,0.032540695936089575
1534,1,0.005547585544962605,0.004615642370223858,0.001342125783564083,0.01522896129689695
1534,2,0.019445347894377747,0.01865309311588219,0.01083807651597242,0.032551520634023286
1535,1,0.021215377292366312,0.019284707113412274,0.00793124636349412,0.04572829596767847
1535,2,0.02205653612372133,0.021694352874464605,0.015459635077136068,0.03070988621592807
1536,1,0.0023295815156064163,0.0021810698170801985,0.0011387924858416456,0.004369117016016198
1536,2,0.03352037927618131,0.032258512431841066,0.02092990049037311,0.053390048890228727
1537,1,0.0016431836977981787,0.0013363429249385913,0.000663027766140782,0.004533686037133482
1537,2,0.023691921770844383,0.019298622282020013,0.012180522310075503,0.06246572248013912
1538,1,0.0019932319912463314,0.001785902201494639,0.000880549567565411,0.004301453840709995
1538,2,0.028673139179251787,0.026190146174539252,0.01592700125347948,0.05627985967237121
1539,1,0.015553576234554856,0.013992359118276732,0.005720749448146632,0.03455393499968052
1539,2,0.01619626172395746,0.015598346763879278,0.010982265455046944,0.025068904060642456
1540,1,0.003009837927813954,0.0026809813985572205,0.0012293701405408975,0.006701160152041032
1540,2,0.04333003245601151,0.03945950095900576,0.021745109094509763,0.08754386908945888
1541,1,0.0012967014082469284,0.001158078100998442,0.0006295792722208398,0.002767765951170267
1541,2,0.018657047505268875,0.016856282053172668,0.011893755852345306,0.03656673582689682
1542,1,0.018879583405603025,0.01678254546437461,0.006608916849975461,0.043359179760417
1542,2,0.019637189975137852,0.018630255874861265,0.012354061752552107,0.032784532155811515
1543,1,0.001755959250305498,0.0016052116175667226,0.0008160210514888466,0.00359254158412225
1543,2,0.025271388746552274,0.023494355643498527,0.015050953968456793,0.045950190431154184
1544,1,0.0027518062233997356,0.00250923684483578,0.0011961614041866504,0.005739425012308255
1544,2,0.039581304692722745,0.0368756088355966,0.021328504715565768,0.07378319640965063
1545,1,0.0020069975600631846,0.001868393565207045,0.0009728486457107784,0.003842290124748693
1545,2,0.028890100061730276,0.027564945834069064,0.017900104325624416,0.04766910292383098
1546,1,0.0019596702265865153,0.0017922191302603896,0.0009043273788953004,0.003988234952338914
1546,2,0.028197652717790452,0.026363157828481705,0.01647863787384482,0.050886210457246187
1547,1,0.0016199903311948992,0.0014081104499437786,0.0007164376996840317,0.0038117335285112867
1547,2,0.023319415075167316,0.020409623573336616,0.013220662983436519,0.051784202666371494
1548,1,0.0017311979215012593,0.0014699101360354568,0.0007385379431146781,0.004349161691114184
1548,2,0.024917102475388374,0.021249745853623547,0.01362363787836331,0.05958447731877963
1549,1,0.0033935705713330033,0.0030924456468053203,0.0014641786811105655,0.007070994450791509
1549,2,0.04881740716479044,0.045684693962446885,0.026003418603780415,0.08979122668444264
1550,1,0.00103674011272307,0.0009926352225647517,0.0005628188117571713,0.0017601763658411163
1550,2,0.01491774191390019,0.014751224529144596,0.010846880101046924,0.019969158823310122
1551,1,0.0012116607848245945,0.0011456780609763418,0.0006332690061016583,0.002181226739547288
1551,2,0.017433725309769086,0.01686574551429084,0.012128744644856774,0.026182256938732478
1552,1,0.0010702915103221306,0.001025685886536539,0.000584538120532303,0.0018144460655986352
1552,2,0.015398248145280343,0.015233443736861717,0.011315335776628063,0.020439368590026152
1553,1,0.008475792055750542,0.00682214494736855,0.0018477131221024147,0.024825167926168096
1553,2,0.029568930736894476,0.027469260416992016,0.014250364724541147,0.0572831814987217
1554,1,0.0019409270248288524,0.001660334605310806,0.0007984760825615298,0.0048062387978116015
1554,2,0.02792212552866438,0.024140037470467866,0.014536845495089872,0.06420228367097493
1555,1,0.0029032557410381397,0.002695007052382463,0.0013376712877033504,0.005687671975765139
1555,2,0.041782769421978234,0.0397913051274753,0.024157577404202615,0.07064415185115502
1556,1,0.0013180259785325848,0.0012426682186903021,0.0006788185225599363,0.0024014050865616707
1556,2,0.0189613014880926,0.018310629379944536,0.012918580686062558,0.02888155060978292
1557,1,0.0014581475098608902,0.0013508640552555677,0.0007214249133198932,0.0028181451730046833
1557,2,0.020980745850839106,0.01979534299501293,0.013524331702368782,0.0355623597109126
1558,1,0.007783491495395806,0.0063163670337301634,0.0017550614586847209,0.022360463684052003
1558,2,0.027164977495214647,0.025492502025808224,0.013646166257032358,0.050315977127622494
1559,1,0.0017684114056428447,0.001660988686004533,0.0008914589875001396,0.0032610130947574056
1559,2,0.025440893510732462,0.02450082773978004,0.016729644171956062,0.03960203563728424
1560,1,0.0017424145025938954,0.0014503686955330709,0.0007171408162761029,0.004609189100822098
1560,2,0.025081303224187126,0.020943872068436384,0.013118485458322499,0.06282264146852579
1561,1,0.004635466982793483,0.003712081713239764,0.0010352854654876577,0.013620822071084792
1561,2,0.016081413478840508,0.014898948162103878,0.008324156237267443,0.030920924315260525
1562,1,0.0013688128226707363,0.001205161517512848,0.0006481936619855528,0.003090499963764391
1562,2,0.01969491484299449,0.017546826402541266,0.012245118036132301,0.04153381483718273
1563,1,0.0018380423948662753,0.0016654300692697716,0.0008371272779984358,0.00387062495168422
1563,2,0.02646344802154962,0.02437196712793422,0.015293845783476888,0.050025265501829376
1564,1,0.002816767770966219,0.002519505304739527,0.001165996707515811,0.006225453931833751
1564,2,0.040526267096983586,0.0370004818204111,0.020659866889245215,0.08056065123372809
1565,1,0.001439307015368338,0.0013524815930754238,0.000738107141029771,0.002647758874846465
1565,2,0.020714190379196844,0.019894945075313027,0.0139140043742007,0.032478051419275664
1566,1,0.004035752239693395,0.0035826391201746874,0.0015772583077231035,0.009128963147949335
1566,2,0.05808782403726296,0.052877751830417805,0.027483308504644123,0.11911829486973492
1567,1,0.0011377620077242176,0.0010703933413242703,0.0006054118297305316,0.002011915496962501
1567,2,0.01637365186419486,0.015819278939678275,0.011712966206420596,0.02336055278816965
1568,1,0.026356740658518233,0.023993564728867642,0.009955020200792248,0.05600703353303361
1568,2,0.02761349717641482,0.02699784702359813,0.01847537953242759,0.04027939865676034
1569,1,0.007974885871193486,0.006432705106980069,0.0017575455823371552,0.023344649557890593
1569,2,0.02770264549441967,0.025952082624313862,0.013838309055459524,0.05167784062083099
1570,1,0.0018023027944648938,0.0016803516221349302,0.000894964585236744,0.003416981794569492
1570,2,0.025945967698197098,0.024725198787503212,0.01663703563821983,0.04242159494037414
1571,1,0.0010447189155002499,0.0009992462067100845,0.0005589382504981733,0.0017895618640036994
1571,2,0.015032585039431903,0.014843863131548389,0.010647062571177543,0.02051808850582
1572,1,0.0011049373218060027,0.0010360626069910095,0.0005868494432855012,0.0019418057579100412
1572,2,0.015902485402604576,0.015317052363088019,0.011357910499604286,0.0222246207731123
1573,1,0.0019825257639896087,0.0017889643744332002,0.0008971612896111273,0.004225874243411947
1573,2,0.028521425817295873,0.02618052724103037,0.016346972971206575,0.054514436441031655
1574,1,0.023420997828945668,0.020896304302782033,0.00828362987735685,0.05326491931300812
1574,2,0.02439828177796586,0.023359934011328493,0.015159099915533745,0.0397134357160025
1575,1,0.0034022963479000043,0.003039675329294609,0.0013742692958260692,0.007594805431567025
1575,2,0.04895290302114283,0.04469771237792142,0.02409086580562828,0.09826393815740957
1576,1,0.0010263449006105564,0.0009841661007972797,0.0005636839242069877,0.0017341587414312913
1576,2,0.01476709613384111,0.014610229196450733,0.010910464974567722,0.019530992365068882
1577,1,0.02077579750288509,0.018942623797924135,0.007912778557555893,0.0441104436834423
1577,2,0.021657701871276917,0.021341253276831326,0.01541128576522274,0.029640677077188687
1578,1,0.0012192968961491396,0.0011497284787374811,0.0006389938342165795,0.002213119816807596
1578,2,0.017543613044399994,0.01692836786589518,0.012204897498225684,0.0266344919644189
1579,1,0.0015091616175941583,0.0013498236347524806,0.0007029452271607689,0.003274599820180003
1579,2,0.021708888424649436,0.019634361807969174,0.013172877111968299,0.04337754248914573
1580,1,0.001953856684299469,0.0018347490102165291,0.000970587577979858,0.0036286463057971716
1580,2,0.028109147696912952,0.027078955543095636,0.018073245154716713,0.04404865366447265
1581,1,0.02315246063551962,0.0211353229980398,0.008842811098734452,0.04901925462664388
1581,2,0.024126068978408514,0.023815844259893762,0.01731713731592147,0.03273342897587699
1582,1,0.0014820744453573752,0.0014005136772263062,0.000775648550099601,0.0026649842382976824
1582,2,0.02133725750267131,0.02062308758905578,0.014681622943998197,0.03215783577233083
1583,1,0.00110129619498123,0.0009959914855133382,0.0005566098195539985,0.0020995127387116053
1583,2,0.015842911892586926,0.014661197296169487,0.010659842315429055,0.026595576634050815
1584,1,0.0009489913586317809,0.0009092450909518806,0.0005118140103798107,0.0016230258242851913
1584,2,0.013647573764122267,0.013489427067916664,0.009811598743092766,0.01838949693769279
1585,1,0.0022392276817896355,0.002021842886849192,0.0009821751065009546,0.004764648086433203
1585,2,0.0322187810903127,0.029704301376309285,0.01774211633780405,0.06152080383784579
1586,1,0.0014641565647115283,0.001248017706015307,0.0006496571870728638,0.003652879833931188
1586,2,0.021083226718996328,0.018036589282195856,0.012155366069678894,0.050233634648231384
1587,1,0.002178273464542015,0.0019699583138350226,0.0009617198413823268,0.004609828667182987
1587,2,0.03134412133716765,0.028940148866995676,0.017293382042461482,0.059269414052067405
1588,1,0.0018334621826235824,0.0016944567678444096,0.0008721218742241294,0.0035958539410996765
1588,2,0.02637780651559543,0.024901960279763276,0.01608346358011256,0.04535354919058158
1589,1,0.0020802826743999193,0.0019307220983773923,0.0009932326523791107,0.004048560671394812
1589,2,0.0299331144511217,0.028385119930611855,0.01822939971476334,0.05045009947455102
1590,1,0.0012227408897636162,0.0011725994411382066,0.0006713472801065083,0.002063404788029082
1590,2,0.017607469099492325,0.017413592220636653,0.01291879699955158,0.023409839872012544
1591,1,0.0019755506196403637,0.0018538544770170082,0.000989608481946037,0.0036703639511435366
1591,2,0.02842988700435204,0.02739644087128053,0.018279428726901286,0.044742222373828716
1592,1,0.002808571446721296,0.0025741282633775743,0.0012610223581385408,0.005692616951416826
1592,2,0.04041182375868517,0.03801380703501858,0.022665558539753702,0.07220946614640558
1593,1,0.0012552761080971246,0.0011803671332703523,0.0006482425187162851,0.002305042404404073
1593,2,0.01806050899677558,0.01736436403281885,0.01229461805698037,0.028012956669886974
1594,1,0.016243264903772828,0.014534315654897462,0.0058548993829960864,0.03646333891808355
1594,2,0.01689934643232688,0.016167943603030088,0.011165807759284762,0.027110516384182853
1595,1,0.003532436334301601,0.0031482990845142986,0.0014018412803892563,0.007894866421928957
1595,2,0.05080648077330442,0.04637256784657645,0.024533507799353056,0.10276383379149391
1596,1,0.0015131536112858977,0.0013991792741330268,0.0007420589122481521,0.0029642436403746314
1596,2,0.021758059667087624,0.02048576985576986,0.013869685519406247,0.037209475574049855
1597,1,0.004509951640908682,0.0036921816184579534,0.0010459865253815387,0.012760215503895923
1597,2,0.015672442865412986,0.014916316539171994,0.00854526122509326,0.027283476116808484
1598,1,0.0010721449016856,0.0010260210375568385,0.0005787227575065276,0.0018293209866619004
1598,2,0.015427256549645451,0.015236895379995223,0.011083013708340883,0.020829437085601598
1599,1,0.0029445033264845237,0.0026225120939348716,0.0011906974781108611,0.006580445919698693
1599,2,0.042391050512481286,0.03861151107382918,0.020963946010261327,0.0856225489574451
1600,1,0.06314388312087157,0.059785791041108025,0.029459513379605434,0.11614553675813896
1600,2,0.036068982423789364,0.03555451420248995,0.025407223176431848,0.04963212937737205
1601,1,0.001522824183422906,0.0013511321227617648,0.0007145684949563549,0.0033778838732417982
1601,2,0.021911945826120112,0.019628954388924626,0.013414819132442149,0.04500699037225726
1602,1,0.001273113195833363,0.0011812118032465148,0.0006320215822895161,0.00245083071175148
1602,2,0.01831709891869427,0.017337315115071077,0.01186399783055686,0.030763709624503012
1603,1,0.001955102579083215,0.0016999650129469767,0.0008011589929515169,0.004635228914414712
1603,2,0.028140354883789236,0.024872417633640252,0.014330746422943593,0.06146016542077272
1604,1,0.003179975852970206,0.0026376115270056273,0.0007665417865714673,0.008784521615757497
1604,2,0.011040120336819031,0.010703836113457476,0.006475815782306291,0.017554388817025746
1605,1,0.0054472363853162896,0.004357572825919148,0.0012058695610992775,0.01613805777749545
1605,2,0.01891734626122189,0.01746772803696652,0.009554128679724255,0.03680734379760872
1606,1,0.0010349247625384022,0.0009867695345734896,0.0005412681955252182,0.0018082848412998534
1606,2,0.014887322818479225,0.014644859611330076,0.010216392950891301,0.020899317454771436
1607,1,0.005892933832107904,0.0048554601179376655,0.0013826764254190873,0.016386138759367373
1607,2,0.02054268286792812,0.019656015273864454,0.011215902418276578,0.035018442863189905
1608,1,0.0010676449742578018,0.001023582102159252,0.000583686585420159,0.0018104085345247685
1608,2,0.015361117504289661,0.015197670418446153,0.011288929246958615,0.02033938520264933
1609,1,0.0011060406783945432,0.00106076916645424,0.0006064846350381426,0.0018669848080738395
1609,2,0.015915002525539512,0.015746296926821494,0.01178301938974408,0.020960184057839462
1610,1,0.001075984126327279,0.0010240664089256005,0.0005581477935320993,0.0018926121138809573
1610,2,0.015489714080530903,0.015208594440110652,0.010462288040117158,0.022128075636192415
1611,1,0.001083882441789889,0.0010386312733933493,0.0005906035701815126,0.001839313731223375
1611,2,0.015595851439785535,0.015423217594755172,0.01141662795736416,0.020755661294550403
1612,1,0.004880709719215982,0.004276535851483733,0.0016972062868722128,0.011536152199695894
1612,2,0.07026526595111207,0.06330905224760525,0.028962358195861865,0.1520472569702246
1613,1,0.0010386272013059592,0.0009908358594914604,0.0005424187869612321,0.0018087242897346682
1613,2,0.014945164326569978,0.01472928151809751,0.010273446661768106,0.020899165809453932
1614,1,0.0010932181965650528,0.0010485996387224372,0.0005981076109413234,0.001850878522829223
1614,2,0.01573049711234932,0.015562970031547694,0.011607252155623178,0.02080975744553728
1615,1,0.00174038493075593,0.0016427075059719878,0.0008691869376118346,0.003179213237648686
1615,2,0.025043510799471747,0.024269305582098912,0.01614269553976883,0.03832718901683446
1616,1,0.0045820080415985166,0.003783031114707695,0.0011068658154368683,0.01268857458481429
1616,2,0.015968584994112186,0.01535504849474865,0.009060743399677624,0.026460329233192855
1617,1,0.0010059532456280361,0.0009566193404025894,0.0005199155360771651,0.0017728542974513241
1617,2,0.014478799456425592,0.014218067823158383,0.009650707988847654,0.02078220686622945
1618,1,0.002563384041836099,0.0021961758140378084,0.0009425256838052809,0.006380807959432044
1618,2,0.03687402174214419,0.03220291059670012,0.016489138374982375,0.08496136970880713
1619,1,0.0011542655157444786,0.0010961747965400012,0.0005939780056475379,0.002041801290094082
1619,2,0.01661326420440926,0.016285450062886595,0.011046576166535928,0.024024284704153638
1620,1,0.0011107593860756727,0.0010633173786985968,0.0005987064925027288,0.0018988919295371913
1620,2,0.015977274423240945,0.015794302021683283,0.011481922577294123,0.021529565779362485
1621,1,0.0011535896064096634,0.0010911232558350188,0.0006069113351129434,0.0020662917496575782
1621,2,0.0166001685828848,0.01608135074768817,0.011607122372873502,0.02472125493719616
1622,1,0.004008068400852842,0.0032180809390925306,0.0009099681703938697,0.01182531737608367
1622,2,0.013921964976981945,0.012849251843065892,0.0074402377230262185,0.02708869210247876
1623,1,0.0010564867575772986,0.0010114393073364814,0.0005691929591524239,0.0018066598960444844
1623,2,0.015203213590515227,0.015003087648191867,0.010886975245980994,0.02064655731021204
1624,1,0.002768589850783684,0.002490931368111582,0.0011305544162064942,0.006045990611656412
1624,2,0.03984460914176745,0.03672532236090533,0.019850791221485455,0.07803120946477012
1625,1,0.004810073638242589,0.003969025580438701,0.0011343868060777788,0.013432303449284073
1625,2,0.01673928612679086,0.01603670329502426,0.009347109888034019,0.028143659583677035
1626,1,0.0010072287801614426,0.0009602218445919102,0.0005299767721162351,0.0017513826814983238
1626,2,0.014478134211352963,0.01426351048234142,0.010011923783638984,0.020108862553790068
1627,1,0.0016187309801199712,0.0014572256832994204,0.0007577533877667304,0.0034448189104334687
1627,2,0.02329152986537998,0.021297736536296782,0.01403153155054028,0.04489449026301165
1628,1,0.0010895659215772835,0.0010384304987100489,0.0005801505399601368,0.001886946406304417
1628,2,0.015685980346213272,0.015464774556525736,0.010955337221611124,0.02168110767495415
1629,1,0.0014786360770981475,0.0013068185610420405,0.0006987295869679923,0.003304402421848443
1629,2,0.021267517151929795,0.019008979552331943,0.013185795375810652,0.04414618565638451
1630,1,0.0011558381546601171,0.0011032475500127707,0.0006053191223990143,0.0020117512384009617
1630,2,0.01663072317323431,0.01638594077303231,0.01136528460654358,0.02327340868474274
1631,1,0.007143706493201985,0.005740344651416538,0.0015549820632893062,0.02095881736000791
1631,2,0.024906102557407238,0.023124926687549643,0.011974967471352202,0.04815529291470601
1632,1,0.006206515169348,0.005111847603471194,0.001462612098145047,0.01724194399967764
1632,2,0.02162726353248905,0.020715181209057132,0.011836070425149225,0.036569666212718885
1633,1,0.0010612964567266612,0.0010167034223751762,0.0005763500345466941,0.0018039878105506634
1633,2,0.015271428583324791,0.015091538866113335,0.011074757342407178,0.020498019038110687
1634,1,0.0017624592751230815,0.0015573623448743993,0.000786586096166817,0.003977100337717358
1634,2,0.02535759664359111,0.022634245833322547,0.014557434236780529,0.05279297895850645
1635,1,0.0037681036330873205,0.0018083806368546867,0.0006433332211109232,0.018768950753763197
1635,2,0.055152015924414856,0.026111098264411756,0.011107589697088955,0.2765317304030773
1636,1,0.0009641602959132633,0.0009230230488793958,0.0005193228471134926,0.0016504122058319897
1636,2,0.013882542709422635,0.013707478864814802,0.009932072600566217,0.01881479957446371
1637,1,0.002123082127285305,0.001926194222570854,0.0009302467700261632,0.004463562284703239
1637,2,0.030554006466015134,0.02833653542207921,0.01672129219766046,0.057463851879674226
1638,1,0.0031680202449258623,0.00221436791294906,0.0008948287055670712,0.011327671176432689
1638,2,0.04546096098341297,0.03217820114706101,0.015606578853124385,0.15619159899117446
1639,1,0.0014883598563388146,0.001314915885526476,0.0007193225432843451,0.0032516751147750713
1639,2,0.021424218551726236,0.019180941421867687,0.01358623361412926,0.043456002937982297
1640,1,0.0011198331255096545,0.0010650321239116345,0.0005711707518050736,0.001990235904260971
1640,2,0.016105135187981363,0.01579046277231511,0.01063990804493538,0.02331755955175583
1641,1,0.0022705773434306136,0.002067298112873077,0.0010014584824755862,0.004733277184811536
1641,2,0.0326620873204218,0.030385463369218692,0.017973934695302084,0.06038920040832157
1642,1,0.0010304135366988945,0.0009886345796069904,0.0005648147926974663,0.001737073176286846
1642,2,0.014827892847275734,0.014671755976675967,0.010950097257896411,0.019626963216422592
1643,1,0.0011208286095576504,0.0009989895875179924,0.0005423027974316799,0.0024219808235035668
1643,2,0.016127563212299963,0.014532721113312073,0.01031801641684227,0.03227611731777924
1644,1,0.0016638767651381665,0.0014137174628605278,0.0006986289616132286,0.004182835587586279
1644,2,0.023938342244345337,0.020489823819331315,0.012770437454593877,0.056337564685680484
1645,1,0.001510454119576275,0.0013374427702517527,0.000703702895475991,0.0033928332527228618
1645,2,0.021730160208012383,0.019427409393226666,0.01321278026048985,0.044948771616403316
1646,1,0.001551584481975253,0.0012800832373063191,0.0006658462875621322,0.004105985176310588
1646,2,0.022354244123848743,0.018510276857681956,0.012389973348718102,0.056868906818486144
1647,1,0.0021581084403403746,0.001968026764899797,0.0009619311632766049,0.004448877523916087
1647,2,0.0310440348170675,0.028915732838275525,0.017343047493743057,0.05696967000419951
1648,1,0.004402112223406304,0.0035959502206966195,0.0010263858592439526,0.012446571569199896
1648,2,0.01530500100209012,0.014506219521824683,0.008409492079641872,0.026946691198739218
1649,1,0.0010946974440597186,0.001047618218666066,0.0005938131133729427,0.0018663616415084661
1649,2,0.015739303730378636,0.015549354640874955,0.011411903498620306,0.021147898528646774
1650,1,0.0013740823630420723,0.0011794767997936795,0.0006282676321990672,0.0032995958013573774
1650,2,0.019793833336314744,0.01708732690474226,0.011873542636446766,0.04510439625216668
1651,1,0.0011073732035149454,0.0010611130413295529,0.000603922847575261,0.0018796642443250106
1651,2,0.015934968676696516,0.015747426090258705,0.011643666773721438,0.02127051618687938
1652,1,0.004357633710591039,0.0025611528872506333,0.0008256429408515331,0.019043697906418324
1652,2,0.06284216569436331,0.037325592991826514,0.014010674265307292,0.2706585685693184
1653,1,0.003908571480934074,0.003429526555569761,0.0013876352681142362,0.009193552714150592
1653,2,0.056227479691839014,0.050718370298639806,0.023939744514284572,0.12071198714511165
1654,1,0.0020363022285200447,0.001490973812766739,0.0006746676002024085,0.0068515188320959425
1654,2,0.029393015755975072,0.021452437181997703,0.012061381403827573,0.09579918834707714
1655,1,0.0010586631664976853,0.001002284642799217,0.0005268428701181519,0.001906462506466815
1655,2,0.015234137703602726,0.0149078901874082,0.009614230029620908,0.022720245857759672
1656,1,0.005636108109303611,0.004675948675309639,0.001349489913109091,0.015560410849825852
1656,2,0.019668661593030334,0.018923695120758206,0.010988027432523657,0.03273515483498752
1657,1,0.0019232893463252449,0.001784560074466827,0.0009211587070471259,0.0037401965922954114
1657,2,0.027691412355604048,0.026216447456981005,0.016855607977013288,0.04723011840339177
1658,1,0.0010934357965267198,0.0010221218022073183,0.0005781623465877511,0.0019414269651624341
1658,2,0.01572925279524915,0.015095328089917672,0.011174146997328107,0.02231686133423547
1659,1,0.0007342441648030526,0.0006921518092057911,0.000349060123772866,0.0013583137592484947
1659,2,0.010568586926244563,0.010263826768304441,0.006311026396441078,0.016510221418239525
1660,1,0.0012315767537521105,0.001166287014605324,0.0006090870470054318,0.0022319165036780867
1660,2,0.01773321740219652,0.017288743906231495,0.011170635929188622,0.026735265398404085
1661,1,0.0011668858077952067,0.0010991784585417913,0.0005563588629049266,0.002170581551717295
1661,2,0.016777609022307682,0.01634917440499385,0.01000183940069787,0.026059128833603853
1662,1,0.0016456516442861582,0.0014186601637034984,0.0007239915106906456,0.0039697927933695235
1662,2,0.02366936782384033,0.020548073742290566,0.013397889000793329,0.05379689702374753
1663,1,0.0011163409711098516,0.001070425897854198,0.0006101993475602012,0.0018860995323294464
1663,2,0.016071841897935164,0.01589316631108607,0.011732160548839283,0.021420826842295834
1664,1,0.001457147457803169,0.001258087127469647,0.0006801782116364204,0.003162682601501562
1664,2,0.020960603235683484,0.018426499190899552,0.01280741295482975,0.04284422755790362
1665,1,0.0018668467871112058,0.001536349461214882,0.0007462254233768836,0.00505600881581087
1665,2,0.026867471853660518,0.022226975525660962,0.013556464183016415,0.06900678691663287
1666,1,0.001531905890456493,0.001452543473513604,0.00079720188863466,0.0027310308636215768
1666,2,0.0220546117810549,0.021440403551104627,0.015021448794292328,0.03263518578498016
1667,1,0.0010848349694505862,0.001016406226052226,0.0005751301410685825,0.0019154742659593933
1667,2,0.015614590611123752,0.015016929255270654,0.011102554380917075,0.022159198678697672
1668,1,0.0010809925723857326,0.0010368439679023776,0.0005933986556225904,0.0018258501336187167
1668,2,0.015555584379719411,0.015388383142519248,0.011486581851194874,0.020568763655775597
1669,1,0.005970872928530132,0.0048527671473507054,0.0013512779627076633,0.01707752678606411
1669,2,0.020788256523373527,0.019512697719968004,0.01080492372277125,0.038083341455853015
1670,1,0.0030341505701187064,0.0026832075386008136,0.0011630993268806867,0.006947451119466106
1670,2,0.043673179044931947,0.03955848056304528,0.020221858524398027,0.0908931773775956
1671,1,0.001243362013787436,0.0011887855803050127,0.0006677164849319091,0.0021291976937246743
1671,2,0.0179057724216704,0.01766817739625362,0.012639595814573142,0.024548698782521063
1672,1,0.0019450791489133768,0.0017227837839346723,0.0008305242400919797,0.004361359809309911
1672,2,0.02798803545282879,0.02519178949035659,0.015011205763805343,0.057593075411920214
1673,1,0.001590049920870366,0.001403209203132881,0.0007322049819162169,0.003570839976437789
1673,2,0.022874076931579185,0.02037463035110836,0.01368578876268559,0.04777543513895282
1674,1,0.0021613767639840453,0.0018601863979598719,0.0008771450945058923,0.005278011145616186
1674,2,0.03113085119108345,0.02713901848208562,0.015869822097400576,0.07076935392358125
1675,1,0.004886834115719462,0.004044732362180714,0.0016747376312950704,0.013102874664999339
1675,2,0.07061388610343206,0.05937628801521355,0.028502734753657333,0.17855505573080693
1676,1,0.0016075225854680496,0.0014251821144469444,0.0007447163117666768,0.003594173112946778
1676,2,0.02313259314625789,0.020679755482928372,0.013935372634723834,0.048077170320363204
1677,1,0.0014041055924003405,0.0012764161062942623,0.0006788837617680096,0.002891826563814749
1677,2,0.02019939024705044,0.01862473043599995,0.012815515105210949,0.03748798066866807
1678,1,0.006708797646938116,0.0056941674034276715,0.0017380103452131427,0.017615310110293814
1678,2,0.024689823675609065,0.02266152574736105,0.011650761040183366,0.04998672662462994
1679,1,0.0012140638173714466,0.0011264712859377862,0.0006238172138142296,0.0022425084447173995
1679,2,0.017466530393825893,0.01659302487680818,0.01192326679456278,0.02711764659630937
1680,1,0.003730878386487763,0.0033693633121722488,0.001556360759506039,0.00802746288742661
1680,2,0.05381049929699786,0.049663353662210086,0.027246447203633055,0.10479205890707549
1681,1,0.0016739062420255157,0.0013766683473026382,0.0007166476638552852,0.0044364748284848295
1681,2,0.024088480836607588,0.019973036767071156,0.013295143005715954,0.0614410699582007
1682,1,0.002056379673783016,0.0017696453373062162,0.0008571479589734159,0.005027714613915062
1682,2,0.029617728014437093,0.025665251043449445,0.015653486401620127,0.06731687879693642
1683,1,0.002345667780989637,0.0021875118932536885,0.0011087160016443546,0.004506810202077042
1683,2,0.033783157061227614,0.03225778577156661,0.020026227228453587,0.05634447888392478
1684,1,0.0072066041579074295,0.0060885789546081355,0.0018226661144198008,0.01911394011432278
1684,2,0.025399762356823497,0.024620533260809284,0.014816642192689605,0.04057005475305321
1685,1,0.0010527313841198398,0.0010041360910010993,0.0005512921039762943,0.0018366768772896352
1685,2,0.015156024342335981,0.014913503745261405,0.010377399007027582,0.021380071221271654
1686,1,0.0012643864273817543,0.0011520559880197222,0.0006419743526492108,0.0024399682413215325
1686,2,0.018193183069509525,0.01691477090862873,0.012315269195763293,0.031044171759094595
1687,1,0.0017900199560693258,0.0014766649106760332,0.0007375435105389695,0.004803021686768372
1687,2,0.025762924658505517,0.02122684561094037,0.013612030564124454,0.06585309474109347
1688,1,0.0010582519716351494,0.0010131470098877354,0.0005767565078518532,0.0017952795038073351
1688,2,0.015228549178685864,0.01506089289434179,0.011108633325881918,0.020296726679021923
1689,1,0.0015995828019811148,0.001402601122811373,0.0007232709272285143,0.0036828739029081273
1689,2,0.023021505752672873,0.020326215199459204,0.013471552355851228,0.04964106450662949
1690,1,0.0014201553794108398,0.0013123097107626644,0.0007030023166105535,0.0027779804661181504
1690,2,0.020429277096620752,0.019229217008955156,0.01318817126024705,0.03504797506366088
1691,1,0.0011594393447747753,0.001105179560717469,0.0006062504569449179,0.0020248846231026023
1691,2,0.016682862366390393,0.01640988603477217,0.011422430352190838,0.02358658389892221
1692,1,0.0011102514447618838,0.0010612889658312584,0.000588450749999112,0.0019151459203963124
1692,2,0.015974591938975186,0.01575714329009658,0.011202359230813547,0.022006985875243995
1693,1,0.0010908805345070409,0.0010422723898465907,0.0005804894485796375,0.0018787828647697591
1693,2,0.015698464058234735,0.015486627634543776,0.011024923801216583,0.021606648526960388
1694,1,0.000977922160062751,0.0009297584503027779,0.0005011720193235419,0.0017362336834443653
1694,2,0.01408303484394743,0.013809553785950626,0.009328163584281967,0.020416907938764498
1695,1,0.0010188378781140436,0.0009759824029816749,0.0005553434032879805,0.0017271610116940813
1695,2,0.014662382745016035,0.014493572463281906,0.010703571158846589,0.01953836788922541
1696,1,0.005893455115791402,0.005086215736221271,0.001563974344655168,0.014845221108840134
1696,2,0.02129377025927209,0.020407590999374746,0.011588085001367186,0.03599355992191994
1697,1,0.0011159020345166935,0.001041950525481812,0.000586869335269975,0.0020189962935195983
1697,2,0.016051211424716293,0.015373119679713682,0.011258615998314538,0.024027505067897362
1698,1,0.0010509259886669758,0.0010057173326335157,0.0005695079888502318,0.001798056885755667
1698,2,0.01511661906080893,0.014934507492989777,0.010946184741232774,0.020353915094358965
1699,1,0.0012215960573430155,0.0011653078971796908,0.0006460920702265402,0.0021197411849548085
1699,2,0.017581696128789816,0.017325041310525723,0.01217174935948047,0.024504519381952413
1700,1,0.0014665669817977946,0.00123829073019188,0.0006476765029986102,0.0036950830589392194
1700,2,0.02109455358745185,0.017883499128491208,0.01215128209435226,0.0506224739005892
1701,1,0.0015014681819693306,0.0013944924866004008,0.0007404349797483847,0.0028847767190211264
1701,2,0.021605484024282945,0.020467067608734353,0.013804922168722663,0.03613999712676525
1702,1,0.0011886175224829988,0.001126775631664816,0.0005928078985760205,0.0021527562306720375
1702,2,0.017093123259611515,0.016718864019278558,0.01089240151623553,0.02538253687754069
1703,1,0.005045184896833754,0.0040549063965640165,0.0011234601714480267,0.014792839051515745
1703,2,0.017533006439838978,0.016293943634809814,0.008913717799046768,0.03353263621046233
1704,1,0.0013118100464786363,0.001179976573071973,0.0006430202513257636,0.0027421675006669972
1704,2,0.018861952939334084,0.01724278223415222,0.012230208835767472,0.03608623371240166
1705,1,0.001239736852992051,0.0011886152357656501,0.0006782220646054446,0.002098933792160085
1705,2,0.01784735009048889,0.01764715999262096,0.013033968540538034,0.0238810834394998
1706,1,0.0010277905307174797,0.0009851163440386668,0.0005622403234923043,0.0017355737831801783
1706,2,0.014790269328311664,0.014630070946676753,0.01088446133734573,0.01960733770725397
1707,1,0.003189121581202274,0.002886243627928651,0.0013081553704593117,0.00686480958686517
1707,2,0.04587776345194784,0.04264551563941307,0.022867791747901628,0.0877797947739492
1708,1,0.0011920383339834334,0.0011243819471525884,0.0005844343883598959,0.0021850960026259915
1708,2,0.017159975297870406,0.016696810309647578,0.010690110066460744,0.026350767561965457
1709,1,0.0012011715402811295,0.0011500778380246336,0.0006469822832823887,0.0020472201431348384
1709,2,0.01728900542544861,0.01708991001484763,0.012333117095047672,0.023481713927905812
1710,1,0.0012317737858670787,0.0011253388887483594,0.0006215492733202203,0.0024403005603912545
1710,2,0.01772015141011036,0.01648871178830243,0.011869814316005152,0.03138413778175423
1711,1,0.005822504126784643,0.00486675729053578,0.001433191373616831,0.015783493002976965
1711,2,0.02036985756776807,0.01970406068489178,0.01181707574548045,0.032697356413185
1712,1,0.001679974020882204,0.001576858891281725,0.0008431176642683907,0.0031147087286448093
1712,2,0.024174919320237017,0.02326025959775878,0.015735743093681132,0.03804786466934266
1713,1,0.000997751129628554,0.0009489164982248753,0.0005104711274746697,0.0017643649993193257
1713,2,0.014350457691086537,0.01408154633004623,0.00954148900030481,0.020670623453468775
1714,1,0.0012261877379298551,0.0011584318396447822,0.0006034551991075837,0.002233459002887552
1714,2,0.0176525344495496,0.01719063505315152,0.010995851534229724,0.026962923428586204
1715,1,0.0016833381530156357,0.0010969770498943615,0.0005093638330166186,0.0061857868258549395
1715,2,0.024293028732595562,0.01587522558409206,0.00913082881359384,0.08799273114982306
1716,1,0.0017381583887100289,0.0016291449010109311,0.0008737403541829072,0.003237168656490097
1716,2,0.02503122497648697,0.023947401320524565,0.016272957474345054,0.04018109186646404
1717,1,0.0044416451047567555,0.0036381731227734877,0.0010433328604422542,0.012579820448475821
1717,2,0.015500868625996124,0.014644775941513498,0.008386128965301345,0.02764283283528867
1718,1,0.002149407713596452,0.0019729568204987094,0.0009931791390817995,0.004331129805377097
1718,2,0.03095707077609757,0.029037371883112173,0.017939740761776426,0.055385490027472485
1719,1,0.001056626472332226,0.0010121937909773756,0.0005757262307762365,0.0017917952942900419
1719,2,0.01520429136817078,0.015032651950579169,0.011131943117858523,0.020227052503007506
1720,1,0.0017494868657003772,0.0015932663866626475,0.0008133419525869559,0.0035999120272792867
1720,2,0.02517731196891575,0.02332598080521025,0.014934207274623362,0.04631091463612803
1721,1,0.001906324519373314,0.001709686229143494,0.0008511170024778944,0.0041294113239442355
1721,2,0.027423267969095076,0.025032346281674042,0.01558386507323222,0.05410027148454544
1722,1,0.0026656366633062197,0.002404143244729452,0.001121543735914114,0.005737939196015523
1722,2,0.038367882549144555,0.035453000632413606,0.01971302267900039,0.07376378231479985
1723,1,0.0010202211039366236,0.0009764865140511075,0.0005522539849485689,0.001738689190227592
1723,2,0.014678556977238709,0.014501473140795142,0.010644490071571203,0.019692661132749624
1724,1,0.0010686250472233616,0.0010240471846954657,0.0005807365549300816,0.0018119682308724615
1724,2,0.015377342680286479,0.015210442186554582,0.011204598799027625,0.020528038369659364
1725,1,0.0011882506343937633,0.0010986941509450862,0.0006108037295042734,0.002245491933480383
1725,2,0.017099243384227972,0.016136574236911436,0.01172385711289982,0.028144628812244915
1726,1,0.0014795080388533455,0.0012825316010540585,0.0006649816856843304,0.0035296225392429997
1726,2,0.021282369623793974,0.01854939127085181,0.012415804437618009,0.04742702538039708
1727,1,0.001635487837043658,0.0015351356450877514,0.000839664890594058,0.003019615581119928
1727,2,0.02355825521155995,0.02257630831813642,0.01572333671732511,0.037346073172521733
1728,1,0.0016150239921933788,0.001384405036496948,0.0007146552361825423,0.003979214204287954
1728,2,0.023242846027736477,0.020046809618854414,0.013275129353888505,0.053440265197100614
1729,1,0.0019318552663152018,0.001682190982439194,0.0008223275077247137,0.004555784370379079
1729,2,0.027796403079450797,0.024466516833436168,0.014939938570108951,0.060595227730219546
1730,1,0.001065548309924588,0.0010211779201018839,0.0005828586150136867,0.0018027849933783806
1730,2,0.015332004294840492,0.015167123960814585,0.011260710642357294,0.020332899501881403
1731,1,0.0010101177504374605,0.0009629544002818368,0.0005278827117941322,0.0017593493977240428
1731,2,0.014550668103985868,0.014314056558334867,0.010022499512919628,0.020433627128792712
1732,1,0.003980478975570765,0.003561543381684487,0.0015467748577609884,0.008836330093850266
1732,2,0.057358116043632716,0.052489587238474966,0.02674419275486643,0.11538263259865462
1733,1,0.005202692040821504,0.0043595125126522655,0.0012900558415142956,0.014075770505369487
1733,2,0.018261289628702878,0.017644253895121108,0.010495704711346183,0.02961335087945194
1734,1,0.004768802993413205,0.003867602758324479,0.0010862809530181275,0.01372637820680188
1734,2,0.016574950352114006,0.015580265159713837,0.00874196819370576,0.03026352237613833
1735,1,0.002476869367867664,0.002266495046860666,0.0011306314270336868,0.005057876788667682
1735,2,0.03570904328765688,0.03330620494013463,0.02030198577202646,0.06509328762289
1736,1,0.00348015552530722,0.0028872612278694034,0.0008425136852297385,0.009585895895049788
1736,2,0.012095433283765047,0.011715499586562896,0.007097394388885231,0.019324536317897816
1737,1,0.0010773237527929005,0.0010319607187572798,0.0005883728555727487,0.0018248232650163012
1737,2,0.015502095188376322,0.015327189090567296,0.011367971433283637,0.020629321259627093
1738,1,0.0010664759417162723,0.0010218963304366177,0.0005809751387886854,0.0018115407792428377
1738,2,0.015345524151631557,0.015181562172162006,0.01118203161141685,0.020456500640888914
1739,1,0.000989000350916508,0.0009412163807793214,0.0005050867610397697,0.0017548490806225494
1739,2,0.014239653419739345,0.013963208575057399,0.009391391065693743,0.020657108763686996
1740,1,0.0010977942190292102,0.001053339086856569,0.000601677899409964,0.001854840632286695
1740,2,0.01579940581831349,0.015628100417289237,0.011645858593670417,0.020940702908101252
1741,1,0.0012165485605318853,0.001102066743676462,0.0006116965310052554,0.002391598115833322
1741,2,0.017504866901684756,0.016141780286585618,0.011737950780527749,0.031014564475477513
1742,1,0.0011219718561812626,0.0010619664344775005,0.0005499711390721659,0.0020419516975289133
1742,2,0.01615295543396723,0.01578717448726686,0.01006212134583314,0.024290545348006926
1743,1,0.001220906649547801,0.0010843855752675784,0.0005721535650647436,0.002725266630966967
1743,2,0.017568676349173112,0.015721805870754797,0.010760243700903293,0.03625664085891562
1744,1,0.0010427763446489544,0.0009994256658470238,0.0005675271438835679,0.0017681870911247454
1744,2,0.015003574941129985,0.014834155589381838,0.010979420414582377,0.019983451416082793
1745,1,0.003040036054460665,0.002529597575184479,0.0007438418537753661,0.008313754803616295
1745,2,0.010569840453145875,0.010264677330952411,0.006298220502029784,0.016615144117415208
1746,1,0.0015496110485409438,0.0014378388395889464,0.0007717735197576133,0.002974463930079642
1746,2,0.022304156493168466,0.021082730133497093,0.014442569443728457,0.03768678006911799
1747,1,0.00154603543206813,0.0013255391467600838,0.0006942113265862634,0.0037913553313687173
1747,2,0.022254394957901377,0.019165460741623223,0.012924263064654676,0.05148451988011897
1748,1,0.0011052363986726477,0.0010486410834014803,0.0005625044903661198,0.0019786031572286786
1748,2,0.01591848000201647,0.015566615393094257,0.010469128104199225,0.023335898845321702
1749,1,0.0015397776731741041,0.0014370609583167645,0.0007656545060736735,0.00290460819225371
1749,2,0.022154614152575483,0.021132525262177786,0.014287539244605373,0.03614013765814095
1750,1,0.0021870608329953916,0.0019308535308046521,0.0008069131841237762,0.0050513021234994855
1750,2,0.031484072555621835,0.02883654420432417,0.014207698700568507,0.0664637403159987
1751,1,0.033468244881926124,0.032776560993867415,0.019456289943307753,0.051365547109369504
1751,2,0.01988275118888566,0.019546576411366832,0.012522806314662703,0.029161930321243992
1752,1,0.00243655085759178,0.0021505633836111353,0.0008745767076455721,0.0056821353870488795
1752,2,0.035072558096868454,0.03214259698243435,0.015443882255177134,0.07446086551176895
1753,1,0.0024569402640778606,0.002159601791689055,0.0008928873471246426,0.0057689158801762395
1753,2,0.03540529270493627,0.032259495370193854,0.015737293915171594,0.07593947148267449
1754,1,0.002347778403150564,0.0019197720785180793,0.0008000838267319683,0.005928267162585746
1754,2,0.03293145596999854,0.028165794764014283,0.013725937173425027,0.07880973108918195
1755,1,0.0008520056085675562,0.0008027523035781757,0.0003989607235988107,0.0015877623701470063
1755,2,0.012252494273068994,0.011925460393137174,0.007157607372930629,0.01919625828739009
1756,1,0.0027669285462928344,0.0023610366737585133,0.0009061324625608064,0.007053971038341103
1756,2,0.039873086738894316,0.035321437103476544,0.015851789618080325,0.09353715595216096
1757,1,0.0017129745908686037,0.001407262286214374,0.0007224024336864426,0.004540329592036784
1757,2,0.024678931358488723,0.02046778379614627,0.013239054999455671,0.0635235074238854
1758,1,0.005112785268747176,0.0037236556678999695,0.0007978586331385768,0.017982126749494065
1758,2,0.07353293517693664,0.055865110224135574,0.013571751808053218,0.24686161614059812
1759,1,0.00882648640941652,0.0073468668865902115,0.002115380923920158,0.02408895533412212
1759,2,0.03129881133196926,0.029545607759465443,0.015943211501939135,0.05671920775497723
1760,1,0.001356750178489433,0.0012880522439156412,0.0006902180822814287,0.0024182204891264247
1760,2,0.019541598175260994,0.019110114914997735,0.012639267817911908,0.028855956529242124
1761,1,0.003913691888643489,0.003312249374171154,0.0009033519681519871,0.010819999604066984
1761,2,0.056348208651061285,0.04991253851152129,0.01559652577360412,0.14384056482701107
1762,1,0.00151675088621479,0.0014538682038883611,0.0008297592560155952,0.002561085834143914
1762,2,0.02185140316737919,0.021605740705615807,0.015841427192085773,0.029226447567866416
1763,1,0.0033990466738787763,0.00282111145978959,0.0008185409539061557,0.009366599004585113
1763,2,0.011864992094064919,0.011450566653288356,0.006707286848005172,0.019367285708126594
1764,1,0.00934478777936459,0.00801197740178636,0.002433864360698431,0.023928443375745734
1764,2,0.03341353243885374,0.03225611390318331,0.018731739692517024,0.05463401654832297
1765,1,0.0017471850372591643,0.0014978575400474746,0.0007903435570570642,0.004255134917066501
1765,2,0.02514860081169734,0.021676434405192617,0.014799583171410958,0.05793571430047262
1766,1,0.007578127366117423,0.006408313430813763,0.0019043462581624655,0.020023610618949316
1766,2,0.02712279741116201,0.025721185220900812,0.014252593260169031,0.047942308987108335
1767,1,0.0029475736444840688,0.002771245844326772,0.0014438341666039769,0.005480962819565636
1767,2,0.042415183093673134,0.04100486335216756,0.026359673590059106,0.06669624931888067
1768,1,0.0026148331586057128,0.0024314560186669233,0.001237639573653671,0.005036701982378218
1768,2,0.0376250162263835,0.03595008125047168,0.022602288325762842,0.062464010536604546
1769,1,0.0023383842903053854,0.0022110246306343475,0.0011775153286273834,0.004251467781852652
1769,2,0.033638262137298605,0.03270168713546444,0.02191206185543349,0.05070685462774205
1770,1,0.002713167444170546,0.00254072818251827,0.0013164132446371543,0.005107501978266098
1770,2,0.0390213529020982,0.037572576507624536,0.024161960902491997,0.06224515697367764
1771,1,0.0026689288930027704,0.0025277175885693916,0.0013545620531286275,0.004801324326553096
1771,2,0.0383985422782603,0.03744892965236676,0.025103219187982723,0.05728371815597345
1772,1,0.008618481911053183,0.007196531605005554,0.0021130485631708977,0.02344258598103652
1772,2,0.030160620041216016,0.029122613620138883,0.017117326576826592,0.049171584976896276
1773,1,0.002544196955538747,0.002417682651844342,0.0013178531875814039,0.004490773722717165
1773,2,0.03661854521088264,0.0358654728089475,0.024592864746477688,0.05285230470421916
1774,1,0.029145187417250182,0.02639300029496644,0.01074351388431056,0.06316744310421683
1774,2,0.030354559917296766,0.02976970475881726,0.02027404919288821,0.04385535263681201
1775,1,0.026477728868683072,0.023904498415450604,0.009644627175474037,0.057933896862167454
1775,2,0.02756866479402905,0.026895066154430266,0.018103413658751392,0.0409215059347588
1776,1,0.002433317669744151,0.00229653559798865,0.001216354091400967,0.004447726000433772
1776,2,0.03501584405548179,0.033985660862457016,0.02244985135572296,0.0536661475597765
1777,1,0.007598554627227077,0.006462057361653291,0.0019421313798143442,0.019891626165114373
1777,2,0.026975991103307347,0.026044211164489645,0.015271330205125827,0.04400515365182673
1778,1,0.022740108118576123,0.02154492938886819,0.00993282229156462,0.04237281653317839
1778,2,0.024454195459532552,0.02412452963658465,0.016675569864544406,0.034117326006995415
1779,1,0.022045213307958784,0.020384298064682307,0.008784002928566863,0.04480545506042109
1779,2,0.0232103376513633,0.022894572202949985,0.01650599337476907,0.03172129017651627
1780,1,0.027830142988426797,0.026162337071615603,0.011832061286739198,0.053113110459224726
1780,2,0.029765230817113856,0.029340854021058654,0.020356799397791833,0.0416989911942725
1781,1,0.00651824069145238,0.005437598771135704,0.0015867125008691202,0.01785650372366798
1781,2,0.02279997325526213,0.021963553275590974,0.012932756124080076,0.03741944286087269
1782,1,0.00652182078291701,0.005662409785527511,0.0017705446531109624,0.016122253329915393
1782,2,0.02366753525565511,0.022743369869800398,0.01295426146655272,0.039711053495682005
1783,1,0.03334094094830771,0.0325047372930048,0.018563134583093218,0.05284951273604684
1783,2,0.01965125687717403,0.019348077628360286,0.012784917123881934,0.02828769948437753
1784,1,0.024545370802362892,0.022612119326255266,0.009642457185450945,0.050595819473951566
1784,2,0.025769837270486345,0.025411458724946486,0.018288509094766002,0.03532500515124349
1785,1,0.039273566745188046,0.03858060601166503,0.023939570018710273,0.05869094574301159
1785,2,0.02356821032225346,0.023050391158753354,0.014015753394371364,0.03612536014072168
1786,1,0.030067038629825342,0.027663458241245872,0.011665885845201313,0.06252814902154416
1786,2,0.03161383195761147,0.031025615315028135,0.021581645887963692,0.044968701930068376
1787,1,0.007348780178703163,0.00627772133760769,0.0019058685021094526,0.01895861751383062
1787,2,0.026192437675969342,0.025296187605003843,0.014891534170475427,0.04264775905062479
1788,1,0.022217779222742602,0.021058071415799122,0.009748465137508306,0.04125335820846037
1788,2,0.02392877747335595,0.023574175331643632,0.016132407138212207,0.03369352745585648
1789,1,0.027760541169196972,0.025822358487465925,0.011339886322942925,0.055118422549506836
1789,2,0.02939500419994937,0.029000956545138734,0.020708687283122685,0.04029285925541479
1790,1,0.022155616734747755,0.0207425725946039,0.00923474164778998,0.04311187633347595
1790,2,0.023569375651230663,0.023244239773826846,0.016462026576423445,0.032535340623270244
1791,1,0.02240809269779772,0.020766038145050816,0.008988308942347553,0.04515102321680287
1791,2,0.023647565871753564,0.023326389476265565,0.016697761734315475,0.03244470465219049
1792,1,0.019335552353411962,0.018804202937754068,0.009895093486638976,0.03174194842596818
1792,2,0.021542806485956585,0.021171096480566105,0.012748593293691334,0.03251847382625158
1793,1,0.023586736876292425,0.021720358554849585,0.009185729294889788,0.0487663181546592
1793,2,0.0249228304395128,0.02430919462171751,0.016454934601549367,0.03699448932134538
1794,1,0.023616989836268993,0.022152762674203012,0.009908842335747979,0.045734295444779346
1794,2,0.025201474836465114,0.024818215287955497,0.017307111463154348,0.03533219035960063
1795,1,0.026554124948532626,0.024460255667811882,0.010456982602913405,0.05431436655223448
1795,2,0.02802350760791326,0.027471130209201063,0.01896691148130331,0.040183094483160896
1796,1,0.023550104320639198,0.022679196027490106,0.011346404117488256,0.04063102991216639
1796,2,0.02587764890058371,0.025453484906713886,0.016225303439996248,0.037891224484936877
1797,1,0.007268996179321639,0.006080111416361124,0.0017795391093901288,0.01965067842256228
1797,2,0.025543404067566854,0.024557245037252245,0.014299599118090832,0.042433838620045614
1798,1,0.01224698705881496,0.01096225314804698,0.0036350121204188485,0.028104260770870786
1798,2,0.04549881315085413,0.04397429680080875,0.02463775920735186,0.07516648090238645
1799,1,0.004921857715315307,0.004221431535466401,0.0016936282045488628,0.0122678180422523
1799,2,0.07082399011419198,0.062154624511479656,0.028985780145644617,0.1625917557950841
1800,1,0.0048735252066774625,0.004552875610949622,0.002346752531296871,0.00922816094387179
1800,2,0.07048175540180493,0.06727469724198955,0.04156908559278627,0.11862678588903577
1801,1,0.0017743053942089629,0.001660628947914149,0.0009316277365219784,0.0032740354781740574
1801,2,0.025578827525436245,0.024422537391932165,0.017556090686086052,0.04057865479534165
1802,1,0.0028913163090862047,0.002558161499554844,0.0013470606458804769,0.006469471697113029
1802,2,0.041742413475048534,0.0371719456277046,0.02459752591101721,0.08740527960213754
1803,1,0.002962706998367828,0.0027913405008868136,0.0015030985535899144,0.00541157109385158
1803,2,0.042757302327421684,0.041197762769621574,0.027439871020031655,0.06735517373279436
1804,1,0.003189900130785409,0.0026676051193187467,0.0011335741461358042,0.008292787147998065
1804,2,0.0453532763875718,0.038988815967453384,0.018968743530449462,0.11074979697331076
1805,1,0.013704935173616643,0.012537871904879937,0.004493541737907266,0.02959617038002701
1805,2,0.05313714957333682,0.05044057286972885,0.024178126906177155,0.09752103001929854
1806,1,0.002976913458559166,0.0027927004595108534,0.0014943295782075352,0.005518957494303956
1806,2,0.04299780497439253,0.04108600613736957,0.027318405553926433,0.06999670957159117
1807,1,0.0027032709335948887,0.0025335175274438662,0.0013770854635073164,0.005004879485426914
1807,2,0.039027475885439256,0.03724503774365063,0.025332769487727367,0.0631882750188936
1808,1,0.00552982539977377,0.00468074207617364,0.0022149725575600827,0.014111793568719713
1808,2,0.08042935369059083,0.06844899839103252,0.03735902562214702,0.19898582147520047
1809,1,0.012860093894994271,0.009290859885945756,0.0024855320799908433,0.044800103990953064
1809,2,0.18520140086839887,0.13710606336987735,0.04007169505144742,0.6187946089792359
1810,1,0.004058595773842092,0.003474908185468182,0.0017304111354052236,0.010037994373023952
1810,2,0.05868865693031157,0.05049217706140219,0.03053268542787981,0.13815837272437745
1811,1,0.0036863274079852646,0.0034441311759734437,0.0018478683788328146,0.006967636072894676
1811,2,0.05336327576388946,0.050551248834532735,0.03315687891704128,0.08989444045839444
1812,1,0.0016968109167040711,0.0015981974110906823,0.0009069890767745506,0.003011605123845914
1812,2,0.024457838088419684,0.023602544791655,0.01721166291276548,0.035685632462155135
1813,1,0.001806855704989715,0.001679876704686629,0.0008952037606176286,0.0034657838893257203
1813,2,0.026010914646768434,0.0247016110995843,0.016647909660768324,0.0433753020297384
1814,1,0.005077912571523664,0.004646707699928884,0.002377527292642042,0.01031194841291576
1814,2,0.07357747779843345,0.06831330314650441,0.04138332986191692,0.1368972005949367
1815,1,0.0016908134372563579,0.0015969277876911377,0.0008649588465388786,0.003060128899808751
1815,2,0.024342889942337638,0.023592798087514286,0.01620139485586312,0.03692074988913866
1816,1,0.012046329287806393,0.008977114793415526,0.00320138863227511,0.040158021187103446
1816,2,0.16525686177122906,0.12918315021161492,0.05165150439004704,0.4958183799699769
1817,1,0.003129207628484911,0.002945488669638334,0.0015551772479113258,0.005770086340397279
1817,2,0.04513030431666904,0.0434852209525702,0.028309873330311288,0.07152581013611219
1818,1,0.002919294049290786,0.0025170421315591812,0.001263391296056029,0.007066548087494409
1818,2,0.042127947163313084,0.03652938662875305,0.022736412366426224,0.09652725885624627
1819,1,0.003988306852765415,0.0037854176767674746,0.0021396488195146086,0.0069927663893142745
1819,2,0.057841454569667196,0.05583359253169651,0.03841987469929911,0.08913868716869465
1820,1,0.002445048237985382,0.002251361873985166,0.0012003256046664043,0.004857650028813558
1820,2,0.035303914860502494,0.032900029815501525,0.021948427971224586,0.06325784842827688
1821,1,0.011922147138691332,0.010433715447179345,0.0032821642626507143,0.029185766950385928
1821,2,0.04355333051828019,0.041826086970450135,0.02332813004021627,0.07360989793960257
1822,1,0.006327968588917214,0.0053571398261277065,0.001604699839945303,0.016591825900136283
1822,2,0.022460739051995235,0.02159396722263974,0.012556513736143209,0.03735147935547733
1823,1,0.00774364229136932,0.007278692648087691,0.003932661140622153,0.01429029766326509
1823,2,0.11269343622279873,0.10710597405389537,0.06752092081515094,0.18944923278464823
1824,1,0.016623273259880694,0.01482219083649669,0.004875307748685934,0.03849713053972179
1824,2,0.06180734773172402,0.05946143652043881,0.03270532685510008,0.10441798768609202
1825,1,0.0015440933924688698,0.0014814401761102471,0.0008444035748525601,0.002606910038596118
1825,2,0.022253083401371776,0.022010056859138562,0.016073048560116876,0.02991041690189954
1826,1,0.0027954846597738844,0.002548273906475205,0.0013543895914539658,0.00575587636634073
1826,2,0.04038510670570193,0.037210510342735384,0.02460017583996265,0.07615683664276192
1827,1,0.004997090391332641,0.0045818237869366014,0.0022808915025935273,0.010118063490932708
1827,2,0.07220130306490766,0.0675250334426639,0.04024443863509937,0.1315534711890103
1828,1,0.010103933657394287,0.008545923841358001,0.002530912812318692,0.026839086427801744
1828,2,0.03723270506770134,0.03402621006972166,0.01668577426248628,0.07664672034048368
1829,1,0.0024029449358215307,0.0020873390654879724,0.0011013394095017288,0.0056487691564858986
1829,2,0.034657624275808464,0.030373841944562274,0.02024063758528322,0.07691820303752582
1830,1,0.007784371925544762,0.007112232834297674,0.0025116096963124393,0.01687174870633532
1830,2,0.029759867075188736,0.02849625009528514,0.014716375821112283,0.05198501123399632
1831,1,0.009303649761730818,0.007750393963929169,0.002271174207327402,0.0253422965457571
1831,2,0.03249893270200428,0.03143101911790577,0.018721911581531935,0.05241552942716644
1832,1,0.0021233028208413503,0.0020224750771308192,0.0011160077325176876,0.003705251757484793
1832,2,0.03054122635275371,0.029983352398349053,0.02118370140655373,0.04307624055007103
1833,1,0.026705908887076565,0.026328926502440064,0.01769915443144511,0.03783256672565856
1833,2,0.016275024128144185,0.01578925538324908,0.009010215783450463,0.026297490797106356
1834,1,0.008043133882055298,0.006690351233083414,0.0019453390897811278,0.02216977131916454
1834,2,0.02804283428660815,0.02707544429396975,0.016074817387617353,0.04553380876504896
1835,1,0.0020400480994855023,0.0019430924834589192,0.0010779311499897989,0.0035496504845880478
1835,2,0.02935318137154852,0.028840254764215686,0.02044285857049767,0.04123549665565191
1836,1,0.0032231384019029913,0.0030483300801222753,0.0016152849228469367,0.005853313906953472
1836,2,0.04638924284422064,0.04509144515588802,0.029915425832161703,0.0701774794765042
1837,1,0.0030143828849192203,0.002865370062457677,0.0015629359696237733,0.005326310638694038
1837,2,0.043386996837108206,0.04245512791769602,0.029277155629469923,0.06255681015588943
1838,1,0.006826633568044027,0.0056487402859813985,0.0016345241050246101,0.01891118798841944
1838,2,0.023755175437309053,0.022888692366628306,0.013441776083576924,0.03909713910190594
1839,1,0.0024581793625160805,0.0023020714415890094,0.0011974082074745816,0.0046172318258516434
1839,2,0.03535666598246274,0.0340195867851705,0.02194492697424263,0.05648847203509029
1840,1,0.0033010258455011755,0.003114901624171117,0.0016434792537652506,0.0060327617025305365
1840,2,0.04749260267142965,0.04620017376005902,0.030450603748298586,0.07248836903737552
1841,1,0.006928506556760848,0.00658067791397497,0.0035460214816069014,0.01232243974756522
1841,2,0.09971095441386499,0.09760502616328338,0.06609073694230735,0.1452105014987604
1842,1,0.0031047525605718148,0.002934786129863895,0.001569242478691669,0.0055945732468541355
1842,2,0.04468219392803144,0.043515201456704525,0.02899107320145397,0.06707756568602204
1843,1,0.0038845896714463594,0.003651350521560955,0.0018905440784426466,0.007252382224025821
1843,2,0.05589671045899453,0.05399868793388404,0.03446762350339473,0.08804595838613473
1844,1,0.009656465882389031,0.008155796378335849,0.0024329441358960143,0.025699639764335404
1844,2,0.03406324722297191,0.03292380543327654,0.019653653108119954,0.05488192594179377
1845,1,0.04486289297123255,0.04263427245471894,0.021345276277356363,0.08127938703132528
1845,2,0.02565573879802814,0.025341499178261784,0.018488984122621656,0.034624159891422125
1846,1,0.0026955658147875057,0.0025513032876608183,0.0013557006051477122,0.004883038896133634
1846,2,0.03878549366761324,0.03769058260229794,0.025251962250322314,0.058437920151997676
1847,1,0.004575561985367888,0.00428080350805787,0.002160761650766766,0.008688001514893478
1847,2,0.06585251271192416,0.06330413977355301,0.03908317676358478,0.10689451236441276
1848,1,0.003914972376961585,0.0036436150670059813,0.0018004442890838185,0.007593513819483073
1848,2,0.05633046940002856,0.05375145246773514,0.032441710752666955,0.09497644633727882
1849,1,0.002199156576482285,0.0020727321163438533,0.0011056579397150123,0.004016993495981312
1849,2,0.03164627340625642,0.030676485200678685,0.02056473904167376,0.04855290446886252
1850,1,0.0036513471298076517,0.003450882353126436,0.001834403389147533,0.006616076652242024
1850,2,0.05255250962036225,0.05115035441558896,0.03378603462272217,0.07944027806039695
1851,1,0.0011784153804053979,0.0011283198989737243,0.0006388782683102923,0.002008556143376724
1851,2,0.016954941812220924,0.016765883253333745,0.01227456190895584,0.022742623447640626
1852,1,0.007710373441933416,0.006340257857518333,0.001823645588093719,0.021513748231142795
1852,2,0.026796640124192223,0.025714974275411306,0.014884261832483073,0.04500485813775653
1853,1,0.00861343745256536,0.007095496971442275,0.0020083769980422618,0.0240909178404038
1853,2,0.030137850939031346,0.028630976848166942,0.015882076753727187,0.05308005930582077
1854,1,0.04620016245019433,0.04482265216910494,0.024612046627505487,0.07574914052517094
1854,2,0.02698632598499195,0.02663554659745082,0.018391554441215756,0.037607417050642064
1855,1,0.0016746159764331914,0.001587998870824738,0.0008686233828248919,0.0029887746146058563
1855,2,0.02409592430288987,0.023461812400543805,0.016370999689753783,0.03534859704900793
1856,1,0.022950190255707038,0.02079611687332874,0.008483245288807452,0.04971501503662248
1856,2,0.02395240348858096,0.023313525444896992,0.015950896001385235,0.03568401131589186
1857,1,0.0050759700274470585,0.004196792993925748,0.0012149013361702128,0.014108103515952911
1857,2,0.017633602244231644,0.017009086997186354,0.010138503519803627,0.028708000410266672
1858,1,0.04568697436836077,0.04368758649137433,0.02244343404934753,0.08044045644833057
1858,2,0.02629054264193821,0.025953127421412644,0.018725845260217276,0.03578192027190385
1859,1,0.0023858233762841154,0.0022382851716432443,0.001176230560415451,0.004451445457989328
1859,2,0.034359417265824976,0.03302161480027022,0.021613208602253572,0.05476847420987333
1860,1,0.020575230309229454,0.0193810921037965,0.008788666505805124,0.03908978625352223
1860,2,0.022011297660206743,0.021721538327281333,0.01525641541750909,0.030472336728357308
1861,1,0.07541443123324511,0.07345373339375508,0.04166794370686257,0.12024892204077373
1861,2,0.044379363416139156,0.043720760559402064,0.02917849426197435,0.06337060493984079
1862,1,0.02956811068032232,0.026906609396090526,0.011162258245916042,0.06298215159732087
1862,2,0.030816030361592785,0.030320694469371256,0.021539297780437585,0.042998524568957676
1863,1,0.006877083874282815,0.005733756126621124,0.0016746942784326066,0.018803585459385846
1863,2,0.024011046508342914,0.023193664219403484,0.013769617955617984,0.03892536511576487
1864,1,0.0075222343011242905,0.006270792320182177,0.0018495756557287907,0.02043027826018772
1864,2,0.026236204591133686,0.025419970887048265,0.0154335128207208,0.04163152706648046
1865,1,0.04316687253423217,0.03930750002475269,0.016055961715078705,0.09243699264322824
1865,2,0.04515173388644738,0.0441228452060475,0.02974302964214439,0.06610809259992026
1866,1,0.006525990792237186,0.005584917037721985,0.0017015012175856375,0.01679001091630483
1866,2,0.023260564247982916,0.022513581336278,0.013441103824839987,0.03734725589829933
1867,1,0.030592051578292423,0.027703715662694504,0.011181196372073977,0.06669616988797138
1867,2,0.03198014940584577,0.031057992666126244,0.020567463861480912,0.04884558084265005
1868,1,0.007011190216139158,0.005798754244265251,0.0016759950662399456,0.0193746251203249
1868,2,0.024365195830565074,0.023503030307751152,0.014000970073187373,0.03974872507504691
1869,1,0.003589276857409193,0.0033978324543431785,0.001806229428116046,0.006474020387748813
1869,2,0.051652431177289085,0.05035314369088248,0.03342589333951366,0.07741793372153408
1870,1,0.030485654416186937,0.028550305548573844,0.012657074201348267,0.05954038210874196
1870,2,0.03264399763970168,0.03192089458314007,0.02115685424332657,0.04829656494674072
1871,1,0.03714837132969939,0.03632370805855961,0.02122632843139359,0.05783013836206275
1871,2,0.021982759590324207,0.021626241414455755,0.014128148097581549,0.03184427032193663
1872,1,0.00823223276502727,0.006851294562833598,0.001995854149030501,0.022492036045785906
1872,2,0.028718515387733005,0.027740149157782508,0.01652490438011467,0.04652441336242647
1873,1,0.033593855878140746,0.032533135509949226,0.01772263839247568,0.05575616578946736
1873,2,0.01963678338683782,0.019316558515778574,0.01306953562942177,0.028015850957330612
1874,1,0.018056288043738645,0.01701823022381662,0.007759456066272786,0.034082884959612404
1874,2,0.0193610915428648,0.019086819603897624,0.01321665263112726,0.02713411154339082
1875,1,0.0025558451334464064,0.002433567490221436,0.0013347302419306954,0.004476643321613158
1875,2,0.036777863458332234,0.03609415685956502,0.025158231186420358,0.05255581406990718
1876,1,0.007890295315356033,0.006518396309902977,0.0018773932149059257,0.02191162091661055
1876,2,0.027468723762815367,0.026420662985895342,0.015389702560008893,0.04580954054748019
1877,1,0.007054878529195368,0.005855857993534637,0.0017003894662878632,0.019361028436189538
1877,2,0.024691910130761722,0.02368979468284218,0.013699975969204064,0.04135739288443691
1878,1,0.0058127110701063625,0.004754826614427636,0.0013482889733217535,0.016516329020750703
1878,2,0.02022820917972939,0.01918790713592411,0.010837666933832885,0.035759720068983224
1879,1,0.0033362981665605996,0.003051712246178465,0.0014701724350497966,0.006810022304524248
1879,2,0.047980039383243175,0.04509378320493506,0.026214881982017803,0.08622518465619389
1880,1,0.002740773071465438,0.002579560078960464,0.001362085950184636,0.00504608370444191
1880,2,0.039441275917797454,0.03817417952001393,0.025082228967003923,0.06114083165639881
1881,1,0.0024744027280843364,0.002343957492967592,0.0012693877946291052,0.004410558454837388
1881,2,0.03559559574969439,0.034759186737218215,0.023742008161599035,0.05211976916581853
1882,1,0.025870887198025116,0.02453631388078925,0.011416052407935503,0.047907808421849225
1882,2,0.02786434936814221,0.027494513782648562,0.018964233270928214,0.0388740864525615
1883,1,0.003970304184329064,0.003759667732468948,0.0020216650528436806,0.007124243141171628
1883,2,0.05716840501814488,0.05571579875497687,0.0372481938560959,0.08522807455154235
1884,1,0.005553775755773991,0.004544084472271505,0.0012793820673276382,0.0157755665013384
1884,2,0.019287433010288565,0.018334979559625993,0.010427145802903486,0.03358623102497736
1885,1,0.010928795656029678,0.009051957185691704,0.002621709464025536,0.030021191215924954
1885,2,0.03812986265440457,0.03666627193673039,0.021196277143522124,0.06334520892117247
1886,1,0.008794410097339883,0.007394770563466617,0.0021872653567853663,0.023630669303393664
1886,2,0.030914797426413905,0.029896701442927602,0.017783704779774857,0.049934653621527415
1887,1,0.008665627716321374,0.00711036858566771,0.002020471932149662,0.02445643374129701
1887,2,0.03012945948983981,0.028825705558529424,0.016311067953513878,0.05152529440172109
1888,1,0.010418137049290756,0.00851794228106621,0.0024017660629747782,0.02951079117500675
1888,2,0.03623415846945244,0.03450697836729756,0.019081088941468358,0.06323089516567523
1889,1,0.02791143722257424,0.025403724316003844,0.010502640557695998,0.05981983503769121
1889,2,0.029164593153912396,0.028575676820447718,0.0197488922274553,0.041958509315739544
1890,1,0.024841565162489778,0.023713993486303677,0.011308270119424157,0.044780390682528586
1890,2,0.026957563796533954,0.026585447875153746,0.017736227630985393,0.03832425946010675
1891,1,0.002360860172898906,0.0022032476847547,0.0011420333804026922,0.004485644701223632
1891,2,0.033971995268363926,0.032492413077903376,0.021001940084396525,0.055450631743475975
1892,1,0.00199083713355755,0.0018645826865422745,0.000984131702584292,0.0037424186098208817
1892,2,0.028641444438530412,0.02752867375753376,0.018259508213455664,0.04561429035109893
1893,1,0.005964487742310055,0.005017191282943679,0.001497370508862923,0.015826683837644854
1893,2,0.021048062105915474,0.020302455421639436,0.011962405308329973,0.03445654420881244
1894,1,0.006521404645297132,0.005290831405915155,0.0014746519252151055,0.01883490449723898
1894,2,0.022740949467030973,0.021298395982689233,0.011603869005811287,0.04237530968998492
1895,1,0.0027122122297760553,0.002338146883128781,0.0010844064268296892,0.006576906856867621
1895,2,0.03906007200313974,0.03411882892561713,0.01955138954235525,0.08834403254300667
1896,1,0.014408373384121896,0.013024102327141317,0.005447671001244009,0.031050481085736725
1896,2,0.015004891960248033,0.014618405097683324,0.010670272967618943,0.021128034114752274
1897,1,0.002189889498531814,0.0020256176935206007,0.0010320777454544603,0.0043023297457516225
1897,2,0.031530161713791444,0.0297507495624162,0.018979591391944214,0.054512193647461966
1898,1,0.00138316927026327,0.001281698457153307,0.0007135678730488004,0.0026063837262559624
1898,2,0.019898118041316987,0.018824592274074913,0.013675645120420694,0.03268077039673297
1899,1,0.0029633855648616776,0.0027279238721886565,0.001348905098773739,0.0059399191558111054
1899,2,0.04264603224395305,0.04022837556518532,0.024199946302559987,0.07507173485655173
1900,1,0.0011421632531874422,0.001094933461953125,0.0006264669641793643,0.0019296029882398607
1900,2,0.016434616605576692,0.016263798332251167,0.012145743487166318,0.021720033400005334
1901,1,0.002236693916347775,0.002038623106875543,0.001015029994158313,0.004635981810523877
1901,2,0.03218771949017201,0.02988953448451092,0.018499087086222315,0.059233928673051335
1902,1,0.005546990857974829,0.0046188096647774715,0.0013551838804245454,0.015185396793618038
1902,2,0.01934704905534227,0.01871832219699951,0.01122583219226008,0.031070024931454356
1903,1,0.010213664357214132,0.008513893634712359,0.002500196877849123,0.027803177559844842
1903,2,0.03572281683852364,0.034486115827991534,0.020307555603766323,0.05821928820687691
1904,1,0.0058974819169274805,0.004901599557653006,0.0014198479907302178,0.016272616099926786
1904,2,0.02064330498438343,0.01980780963171464,0.011487197871933226,0.034609316863296505
1905,1,0.023069517554387242,0.02131768395815682,0.009074232915174481,0.046970537721455534
1905,2,0.024420991271122176,0.023886298300524758,0.016208497232924807,0.03575637432831254
1906,1,0.0036489453058471503,0.003048905080367893,0.0008970657726847284,0.009922574496294245
1906,2,0.012739470328221227,0.012331652226200742,0.007514053876338335,0.020287670092260426
1907,1,0.019165440435878114,0.016306767926676926,0.00624625132807885,0.04942852739245192
1907,2,0.019992557435732784,0.017785694123716698,0.011430237828980947,0.0421799047173932
1908,1,0.002123942326364137,0.002018501155322955,0.0011025099788960254,0.003765478156161941
1908,2,0.0305655812947193,0.029865795967384763,0.02067505202197745,0.044468370562307645
1909,1,0.0013035486246870136,0.0012387437608327066,0.0006954070123572532,0.002284004558904676
1909,2,0.01875708336420007,0.018340149960379998,0.013334156505414392,0.026661505577928995
1910,1,0.0073500499722338585,0.006160227148933913,0.0018100770727236262,0.01981734766412848
1910,2,0.025807257109020508,0.024871349209098774,0.014617488279592602,0.04237762922941964
1911,1,0.008217580910038045,0.006854807099306123,0.001978719922097318,0.022402307747837646
1911,2,0.028948354208565993,0.02764380936301849,0.015645737737229756,0.04993658432065689
1912,1,0.0026641784552243848,0.002440021468967102,0.0012008935630862542,0.005429012365434662
1912,2,0.03834037828421803,0.03594012448715195,0.0217380916027225,0.06879880144998424
1913,1,0.0017712772099293752,0.0015097411505360556,0.0007551564262153675,0.004420086446791281
1913,2,0.025489672390366282,0.02184914912827258,0.013821721424778726,0.060004659863153315
1914,1,0.001095273815485307,0.0010490254624851093,0.0005924970894740856,0.0018639958714698496
1914,2,0.015760103386203976,0.015579829474271023,0.011400420038788321,0.021158914344762796
1915,1,0.0015808017215104627,0.0015025849001167064,0.0008275635973995115,0.002778943064906559
1915,2,0.02274983928561789,0.02222365642737538,0.015703031043172586,0.032812938321353936
1916,1,0.0018509959064470789,0.0017486803841243385,0.0009475353263943278,0.003354724659767074
1916,2,0.026640550306208537,0.025844770360773775,0.01770931372281258,0.04028409179267566
1917,1,0.002518902202484285,0.002386850554907479,0.0012969649489733264,0.0044754884584739165
1917,2,0.03625028745475192,0.03541839183943023,0.024262761345044428,0.05299100923442802
1918,1,0.005331286082992827,0.00449574698752033,0.0013388001499483313,0.01416169929959828
1918,2,0.01874802905599559,0.018165953604664643,0.010992899771339996,0.029833718997694488
1919,1,0.017659118219880518,0.016014659806316753,0.006570479474238535,0.03829876653141285
1919,2,0.01846263237386836,0.017882183985723207,0.012300496758782203,0.02806334491223408
1920,1,0.0037968801130484706,0.003499235208344073,0.0016944371199758166,0.0076214149169255025
1920,2,0.0546362968267287,0.05169351692484521,0.030302384793899354,0.09580905204264402
1921,1,0.005857740278196433,0.004888153954867101,0.0014306792710911853,0.015921189508797656
1921,2,0.0205017247852575,0.019761686245125074,0.011693710693029115,0.0335947036155873
1922,1,0.004181904578253455,0.003468920758170367,0.001006698796746736,0.01153617000092317
1922,2,0.014622656600616433,0.013984353335520928,0.008200958242681283,0.02483180001114605
1923,1,0.0031234282606043507,0.0028768664163555356,0.001439602888159464,0.006258798600585575
1923,2,0.04498267939290375,0.04239457814739927,0.025939931107765466,0.07915301453978993
1924,1,0.008158707275340455,0.006906649468024504,0.002079284065171486,0.02149051341054407
1924,2,0.02881936505000977,0.027891514735793526,0.01672578926150852,0.04622232326626749
1925,1,0.007251697125762718,0.00595800110620545,0.001693506008881467,0.02039284220432871
1925,2,0.025328636443436466,0.024084691246397345,0.013413208707759638,0.04459307305154509
1926,1,0.007009832918722066,0.005923597767239315,0.0017703039261366066,0.018625968413710916
1926,2,0.024732676463551997,0.023919011636815587,0.01428553413043174,0.039862782114245966
1927,1,0.016012466023297565,0.01476499462547846,0.006332545501234556,0.032821676580234216
1927,2,0.01691550490660334,0.016500492066510886,0.011539783155422813,0.024700174499945132
1928,1,0.023618418504991096,0.021791569870407645,0.009273023897444003,0.04855794853974232
1928,2,0.024863870425235253,0.02443634415845518,0.017159400750182074,0.03496394890039796
1929,1,0.013967317994092206,0.012688470019448625,0.0052707177510911765,0.029953100049054666
1929,2,0.014508074157853832,0.014319117741624195,0.010442405355914227,0.019627553500065117
1930,1,0.0011318054911195936,0.0010591837946345994,0.0005957267657224055,0.002017244313029124
1930,2,0.016284821653901677,0.01566295598618477,0.011377247687917164,0.023344205899932326
1931,1,0.0019020372237486007,0.0017877024673821958,0.0009555323292246027,0.0035249540141336884
1931,2,0.027373988715064353,0.026340748130814814,0.017836861821266457,0.0430191189216916
1932,1,0.0014970761905167176,0.0014220860278397393,0.0007966714744336789,0.0026403094989591114
1932,2,0.021553197693999483,0.021022433887196372,0.015194711735372684,0.031148166511065528
1933,1,0.007193635596291857,0.006030064744557801,0.0017907970682507078,0.019379965160190755
1933,2,0.025213795858456012,0.024418323677200517,0.014670313770772802,0.04042428407259903
1934,1,0.0015505759248339872,0.0014558830380139165,0.0007846868621518665,0.00286454869306381
1934,2,0.022309222247533622,0.021390174890144373,0.014740810438978494,0.03522356065055704
1935,1,0.0018230911314118378,0.0017341510651426703,0.0009636713140797093,0.0031915045118374413
1935,2,0.02624513395092241,0.02572911974429093,0.0182216896998214,0.037300341119008415
1936,1,0.003045328923521596,0.0028532851090544223,0.00147007966663065,0.005748951393141421
1936,2,0.043823513493133716,0.04217550584833531,0.02685468854144184,0.0702544433820927
1937,1,0.00846915195455437,0.007097637132902127,0.0020852662758900856,0.022788214162860563
1937,2,0.0298169052897041,0.028713885875171184,0.01677532406611171,0.04923201332550497
1938,1,0.004516945261937073,0.004127785454858675,0.001954496861500792,0.009318433942852391
1938,2,0.06500597137024539,0.06095892902863867,0.034639702140412426,0.11830325496014477
1939,1,0.0032043947424438847,0.002708306342173418,0.0008122979149268263,0.008457406948566736
1939,2,0.011301836918170806,0.01091360893160103,0.006653315756872289,0.018085033451788184
1940,1,0.0013881418367858846,0.0011954057176463409,0.0006201272618537678,0.003295096588209919
1940,2,0.01997226952370131,0.017458580584839095,0.011442603719618045,0.044871058197389256
1941,1,0.019385868914400296,0.01782152306588225,0.007579641745144226,0.0402960429394612
1941,2,0.020386789063414963,0.019993487971179863,0.014023286977801648,0.028974792693496502
1942,1,0.003668866849608558,0.003383531117805193,0.0016354123998722422,0.007372013076934028
1942,2,0.0528240516780652,0.04995733237449902,0.029070912080478215,0.09361728391274694
1943,1,0.019127398936007886,0.01779306240218826,0.007750511515653189,0.03830958188687737
1943,2,0.020390511242348204,0.019829437475836872,0.013235019660447959,0.030693709476933267
1944,1,0.0028878238377780365,0.002631605144561398,0.0012670888081070008,0.006011448733593348
1944,2,0.04156681707398269,0.03876748014690643,0.02267134569625776,0.07657708866331495
1945,1,0.002414484894043423,0.002260874982743182,0.0011892238909854984,0.004529079437515501
1945,2,0.034772744544205064,0.03336866786432364,0.021807019049210664,0.05597706044087019
1946,1,0.002684801178484189,0.0025326112472118974,0.0013393816330018772,0.004913571112672054
1946,2,0.038648916745471634,0.03744500017125901,0.02468666216402643,0.05960653046239812
1947,1,0.027418711612889914,0.02481412812871614,0.010056177247988695,0.05986131427106381
1947,2,0.02875935112914876,0.02778636825627085,0.01804194580343868,0.04513823837236999
1948,1,0.00258745159959752,0.0024193393281878336,0.0012492832560963606,0.00490920887510791
1948,2,0.037233646277198676,0.03571865008076376,0.022841128813845913,0.0603738583973422
1949,1,0.004928846906579844,0.0045870215153298935,0.002266769676233008,0.009574238236354688
1949,2,0.07096133885016125,0.06788939820734657,0.040361945772066636,0.11905273722879928
1950,1,0.005876640822525339,0.004779234098984679,0.001341472824370543,0.01674733307013598
1950,2,0.02046197137274247,0.01931938624109556,0.010735417488892693,0.03707011165476315
1951,1,0.003014224512132844,0.002721238211660537,0.0012772789465921837,0.006441890505781338
1951,2,0.043380908271163934,0.04001575988922268,0.022651392520302956,0.08342504716930325
1952,1,0.03429279205831512,0.0331360696097286,0.01774433974715096,0.05750514807807091
1952,2,0.0199362712178515,0.019654073345659294,0.013768404629836143,0.027643593058452945
1953,1,0.0033150029114960154,0.0028836445577870547,0.00126825692612964,0.007876755886725387
1953,2,0.047683745357450825,0.042410021920826144,0.022315667832002017,0.10381523139422691
1954,1,0.0026893897677573828,0.0024257937085640875,0.0011801015004794294,0.0057361880587104615
1954,2,0.03872841795307641,0.03566215961299131,0.021229628214395665,0.07381350380522164
1955,1,0.007025850306629107,0.00582963177169523,0.0016842754210967675,0.019337822560609792
1955,2,0.024566426373054083,0.02359663678911468,0.01356419151031137,0.04122856053581898
1956,1,0.0066973228337457455,0.005527646657623234,0.0015758392463379718,0.018586367954150626
1956,2,0.023417671703346438,0.022341473374412585,0.012627582660160942,0.04054524944432826
1957,1,0.008603981495392004,0.0071697345876330105,0.002080102858652461,0.023589079822575677
1957,2,0.030080499351868434,0.02897788507798647,0.016959986986338833,0.04979522581532741
1958,1,0.00186473986207173,0.0017022482362956414,0.0008743879538340215,0.0037900419118084257
1958,2,0.026837116318231293,0.024952004724375886,0.01609086935843882,0.04870569678026393
1959,1,0.004579895624152633,0.003864338960827822,0.0011482292800438713,0.01218619044063131
1959,2,0.016132206001249,0.01559871218526671,0.009328522006227745,0.02596245196912277
1960,1,0.007388043128006608,0.006190032278335411,0.0018275411871707685,0.01991517003659672
1960,2,0.02592673535095872,0.025067519046119424,0.014921397979766967,0.04170953802899254
1961,1,0.0017895669888486625,0.0015847242030354613,0.0008145793610834954,0.004015348079919429
1961,2,0.025757571641760766,0.023056297570266424,0.01514007922088064,0.05334906062505692
1962,1,0.0018416261758139871,0.0017183805683006162,0.000900509149920559,0.003516175108420898
1962,2,0.02650272806339386,0.025240844688166994,0.016668087866751058,0.04377801163893836
1963,1,0.005936977006331144,0.004892126601230494,0.0014050091579347133,0.016647869492880208
1963,2,0.020790579795507275,0.019731688211477607,0.011061229589953625,0.03677141417797893
1964,1,0.001116559425779435,0.0010686209838548979,0.0006039356200446764,0.0019031654542632263
1964,2,0.016066814761740073,0.01587980444733582,0.011584412712581045,0.02167775244385049
1965,1,0.006896922782276441,0.005652906364536213,0.0016136293212984808,0.01939246664947475
1965,2,0.024039345558714217,0.022886556090316146,0.012868994434905084,0.041841116528237035
1966,1,0.008709208864289799,0.007201446354259517,0.002082777818123011,0.024043754357438798
1966,2,0.03042986756314724,0.029173294682858952,0.01672717528104273,0.05121533864521396
1967,1,0.0019240533077810173,0.001803402666200229,0.0009549674063396838,0.0036074506564314776
1967,2,0.027687210657689466,0.02655710361172458,0.01773864738805719,0.044079127255372295
1968,1,0.005443268684157523,0.004584453712274058,0.00135257163004962,0.01460801342331903
1968,2,0.01918057585118228,0.018476931960333336,0.010908671390521795,0.03141216681987569
1969,1,0.0014016615516579947,0.0013142494920504533,0.0007185623593645296,0.0025977536508985316
1969,2,0.020174195988531613,0.01930856708955552,0.0136260772703266,0.032069004167513133
1970,1,0.0016030765843575434,0.0015287914500431298,0.0008559719152025554,0.0027810305123865922
1970,2,0.023073838632325643,0.02266367095316953,0.01630594880071224,0.03232210047766425
1971,1,0.004921548584574818,0.004040473346057762,0.0011452350952358722,0.013868549106864457
1971,2,0.017204431946998004,0.016233374003033076,0.009246942819203545,0.03079774375080731
1972,1,0.022036191401730357,0.020306618359791057,0.008688970028798705,0.045197012643185104
1972,2,0.02330087949598904,0.02278290105810052,0.01556711134010883,0.03404690923783521
1973,1,0.0025582029636202017,0.0024032370531513825,0.001250973376214479,0.004760168948992546
1973,2,0.03681338092731466,0.035480901451864146,0.022964716074280488,0.05821695256924777
1974,1,0.0023455938934623514,0.002191381462224323,0.0011497805824337117,0.0044250710305032874
1974,2,0.033786513545147986,0.032298579254397185,0.02106903891888214,0.05524316468428674
1975,1,0.0018240890719440623,0.001715366404078154,0.0009095418139451819,0.0033776341286676378
1975,2,0.026252696010434916,0.025287716757471143,0.01692341127200684,0.04124002536698651
1976,1,0.001760558387311761,0.001662613401408137,0.0009031774711466173,0.003185898756345925
1976,2,0.025334928611831318,0.0245570673410635,0.016845392483205192,0.03833588091717897
1977,1,0.00678252458628986,0.005529857406661736,0.001557323829208471,0.019315340643692114
1977,2,0.02357763973479123,0.022359034934801437,0.012432585775680604,0.04192484891330901
1978,1,0.0028820237866441674,0.0027221872125116923,0.0014435515459835608,0.005255453231104067
1978,2,0.041482723283627204,0.04032897952934061,0.02675825041367818,0.06307969368210255
1979,1,0.0020965300548929085,0.0018627468729209974,0.0008995893119081688,0.0046848261927750654
1979,2,0.030180850260846322,0.02722098824615947,0.01623247516843659,0.061407113759189835
1980,1,0.0024740468551170095,0.0022963576803961853,0.0011675671906433516,0.004834540030138743
1980,2,0.03561037893317969,0.03379119059663863,0.021272075932820007,0.06050305034728229
1981,1,0.0012925844425177295,0.001232361546289619,0.0006767390483627128,0.0022576231692252903
1981,2,0.018605348638068668,0.018300698301984508,0.012666106341558257,0.026233799078823946
1982,1,0.017539602894742032,0.016283765816016323,0.007130863512869635,0.035007099381407523
1982,2,0.01857613938555237,0.018275525240158748,0.012921036266980128,0.02582633377471858
1983,1,0.001335934454347308,0.001269569732837687,0.0007073676755720663,0.0023484169731186606
1983,2,0.019226417445010326,0.018761376944654837,0.013528867120730011,0.027598245571481415
1984,1,0.033227392595875656,0.03190083066148376,0.016608307157683234,0.057612721247949174
1984,2,0.019182139445367213,0.01893925699667561,0.01355123116025962,0.02620464500742157
1985,1,0.001441177028782735,0.001320993406881753,0.0007181015563977618,0.002873841560351215
1985,2,0.02073917822969723,0.01932343861665972,0.013641125697535,0.037121399621553024
1986,1,0.004553415809706866,0.004036993850149492,0.0017305240804857554,0.010404370736959836
1986,2,0.06551989385782332,0.059587034770691036,0.02988529622491639,0.13590744912843095
1987,1,0.003372825242276478,0.0031592346975979745,0.0016278969324844863,0.0063642022753791815
1987,2,0.048530204815426775,0.046742500104399724,0.02968103490517,0.07751921952214288
1988,1,0.005897159159358521,0.004897076322137217,0.0014153524503203723,0.016217316278225903
1988,2,0.02076329521510808,0.019707173659922975,0.011122920127692386,0.03642533641959863
1989,1,0.0016678965584856985,0.0015750838508565078,0.0008577779887666145,0.003024639826390499
1989,2,0.02400313782277857,0.02322726543604907,0.01614227529647865,0.036422487705327904
1990,1,0.0039179382983371355,0.0036724709423389974,0.0018672282933580745,0.007371555317736902
1990,2,0.05641421721495826,0.054317247657881054,0.03381377106581988,0.09107235722755211
1991,1,0.00469913513152956,0.00391698617371708,0.0011400644304922877,0.012830475998142328
1991,2,0.01652516117077997,0.015758244244808227,0.009166641542212983,0.028322219809067854
1992,1,0.0015486816168724666,0.0014443833942883707,0.0007753616038259588,0.002942679332794264
1992,2,0.022291896338849725,0.021213228677239647,0.01456229070724044,0.036662385834359164
1993,1,0.0010487426485386018,0.0010036725911193186,0.0005664757973787879,0.0017942632231973412
1993,2,0.015090167194005188,0.014907721815062707,0.010832539077594364,0.02042214868536354
1994,1,0.0015413259166418762,0.001348185950949613,0.0006769408872858159,0.003580638722596233
1994,2,0.02218279073942748,0.019522426859881637,0.012552399717528005,0.0477927211604035
1995,1,0.0008926395270780848,0.0008567389629092297,0.0004894798234138344,0.0015076254797098297
1995,2,0.012843245337929925,0.012710758671927318,0.009530209635459228,0.01693268199277488
1996,1,0.0010194118250541919,0.0009712710438267883,0.0005264006409222119,0.0017879559929797149
1996,2,0.014669529535630995,0.014423272503649751,0.009867053848078896,0.0208321555763856
1997,1,0.0010744427031629958,0.0010303080956703672,0.0005886421344381494,0.0018146413023371554
1997,2,0.015459035726931174,0.015293527581349272,0.011427209932411832,0.02040811645274061
1998,1,0.0014013053261610563,0.001186856054254574,0.000633828087986072,0.0035128403537533206
1998,2,0.02016509086554119,0.01717834839565508,0.011926816361557542,0.04845372851651887
1999,1,0.0009549676700903775,0.000913698622491586,0.0005148068478618659,0.0016307169090498158
1999,2,0.013741603827414968,0.013582351742389493,0.00989244130337924,0.01854465297195296
2000,1,0.004824794166740109,0.003970969355053698,0.0011427591971616303,0.013479659400260522
2000,2,0.01676670550962432,0.01609655622574618,0.00940095663327796,0.028012198720115816
2001,1,0.009821353758509328,0.007978602263948257,0.002236874031685494,0.028080422946090988
2001,2,0.0341672348139033,0.03231312406503328,0.017447621093751784,0.061282331839799364
2002,1,0.0011131941941219304,0.0010264735681030726,0.0005747882554370341,0.002038926490539845
2002,2,0.016034208176273268,0.01511854448111668,0.01104527948174611,0.024593939685909425
2003,1,0.0018028954209367712,0.0015201932127484976,0.0006723819583185855,0.0046111799534936555
2003,2,0.025946905428403055,0.02223558823159234,0.012201642133747286,0.06178968452499504
2004,1,0.001099204257967935,0.001052684273296958,0.0005908535621214969,0.0018837307670090233
2004,2,0.015817152946896566,0.015613822016318356,0.011212385174026838,0.02154276379542403
2005,1,0.002701350971683616,0.0020193003388417068,0.0007100466535477833,0.008703333655458811
2005,2,0.0388390281392782,0.030016311769308184,0.0126397200710854,0.11853162099446292
2006,1,0.0010934070035546557,0.0010467257943911161,0.0005898126726057645,0.0018669318570565152
2006,2,0.015734497993729814,0.015535620398052605,0.01128938260244707,0.021327939179380785
2007,1,0.0016208744253940176,0.0013352408932995163,0.0006783784999421762,0.004383037071118804
2007,2,0.023334980224193214,0.019198571296478666,0.012599399911476149,0.0602758037005209
2008,1,0.0010545685953953414,0.0010094990081479939,0.0005723548728638749,0.001791631198618715
2008,2,0.015180765337788343,0.015006989611497854,0.011044270032126841,0.020294147806630546
2009,1,0.0010652085224896806,0.0010169922597010115,0.0005662608677283533,0.0018372147666447514
2009,2,0.015326115434472081,0.015117616565498721,0.010764035024884941,0.021104654863074116
2010,1,0.006396723458387722,0.00522340049425842,0.0014913049498089463,0.01812238665095991
2010,2,0.02226975784958561,0.021217333784107773,0.01192151064125701,0.0389673803768708
2011,1,0.001087623633118206,0.0010420866106913456,0.0005911055488089547,0.0018482556126093242
2011,2,0.015658089642629068,0.015481062451677961,0.011396208128772279,0.020914672073796325
2012,1,0.0010333323104367602,0.000989419741966153,0.0005585238784619047,0.0017648922538832737
2012,2,0.014866134063266156,0.01468131192090134,0.010700972147340697,0.020092070614177355
2013,1,0.0031020683058969696,0.0023497019211205753,0.0007197913882152807,0.009884278627552425
2013,2,0.04457366849072163,0.03533713520922988,0.012714761644017374,0.13505625027431312
2014,1,0.0010471361388351144,0.0010021848737181414,0.000564469791173603,0.0017858669182915514
2014,2,0.015068313032627807,0.014883371745509494,0.010818213461844856,0.020372731498468535
2015,1,0.001035896370258307,0.0009926621446587826,0.0005659762713428791,0.0017527748344535342
2015,2,0.01490369857522763,0.014739966476672556,0.010964994683092713,0.019773850105883343
2016,1,0.001025283941046185,0.000980875667245002,0.0005483240471816289,0.0017662699441998917
2016,2,0.01475087257654743,0.014564649531355153,0.010469840244910354,0.020147597769695193
2017,1,0.003674067749382656,0.0028762160207138113,0.0008141099295518875,0.011052069886549323
2017,2,0.012764424282774745,0.011464713897561658,0.006784765485111703,0.025704543170488484
2018,1,0.001089596533761132,0.0010439755036614066,0.0005904323790507189,0.0018521719288542272
2018,2,0.0156773902966591,0.015496774493538708,0.011395184896940622,0.020992974913524108
2019,1,0.0009922495321503606,0.0009516660671552146,0.000543720815513531,0.001671962159110091
2019,2,0.014282707469951925,0.014127340806453878,0.010526252481103362,0.018936477513403726
2020,1,0.0012557758653655934,0.0011752279273830753,0.0006378938897773471,0.0023470478679266486
2020,2,0.01806506823802416,0.01724587423995059,0.012100620666855773,0.028946044809534322
2021,1,0.0015761312225841943,0.00134911471627459,0.0006700109549712148,0.003908020593667342
2021,2,0.02269725938564722,0.01947957553959527,0.012381856250648957,0.05266956612196513
2022,1,0.004485647439254957,0.00366275229407998,0.0010462153015797038,0.01269300149914663
2022,2,0.015611501829891856,0.014774697818966934,0.008486126655719179,0.027666938968446
2023,1,0.001226653932408753,0.0011187536925756085,0.000617437084756962,0.002447162063289707
2023,2,0.01765951014217964,0.016386371579547768,0.01175941698938696,0.031842529591857946
2024,1,0.0013200903696567521,0.0011573895852129705,0.0006334939306330388,0.0028897025867185328
2024,2,0.01899126039097874,0.016880961960053138,0.012092512816624212,0.039344880572490484
2025,1,0.00777831803621484,0.0052477633852563346,0.0012293769926812412,0.0298996554010466
2025,2,0.027030814562761997,0.020370488545794613,0.008954127431792826,0.0860692071407307
2026,1,0.0010718911537258159,0.0010272329786049673,0.0005880925384879767,0.0018060424102105135
2026,2,0.015424910757616367,0.015261352283103265,0.011418706858722786,0.02037017332176212
2027,1,0.002078886607037154,0.0016330496427015583,0.0006940034565394471,0.006089395927689185
2027,2,0.029922719083459004,0.023887561839848043,0.012586754912919326,0.0834754741329709
2028,1,0.0010281232884821413,0.0009849895549492488,0.0005604734076700629,0.0017420390349760302
2028,2,0.014792409072825653,0.014623025219361149,0.010861771081764893,0.019659839050432306
2029,1,0.0010514518025740772,0.0010073961982633424,0.0005742028344251804,0.001781476314814895
2029,2,0.015128282093613402,0.014965501222342845,0.011102971392805538,0.02005834442063434
2030,1,0.00515504004476255,0.004101841476514276,0.0011136971773283288,0.01553798425508335
2030,2,0.017900790155146756,0.016423411758942012,0.00883437300892474,0.03582167719042475
2031,1,0.0028890803160677484,0.0023291824611488773,0.0007226580903396622,0.008421915469355685
2031,2,0.041565077154090295,0.03511831407910729,0.012847672478595707,0.11394671114222664
2032,1,0.0011505868941176574,0.001027241865622211,0.0005445604414263247,0.002517050884923934
2032,2,0.016551392824677335,0.014909465521862788,0.010281496365586139,0.03341526808796894
2033,1,0.0021617588028594397,0.0017786724437534956,0.0007271099632138858,0.005810579017788328
2033,2,0.031094279369678412,0.02646501266653093,0.013051646742742713,0.07738381791974658
2034,1,0.0012004011320475758,0.001148187090300048,0.0006420601481789347,0.0020594103520290828
2034,2,0.01725105730721265,0.01702603476692785,0.01229460184668251,0.023498158152952083
2035,1,0.0015053012141364925,0.0012732293779175717,0.0005728271045954675,0.0038002424512444213
2035,2,0.02165647580160209,0.01871937724442651,0.010370030639482629,0.05060380347604639
2036,1,0.001137116022100208,0.0010819522347738186,0.0005915328638987097,0.0020061939311839987
2036,2,0.016357195773508266,0.016073294783441557,0.011051461510771564,0.02326662816407669
2037,1,0.001314169203371465,0.0011861361956720688,0.0006303115499024529,0.0027614414504650146
2037,2,0.018914473468055835,0.01727197282696396,0.011832168549415198,0.036183548719225425
2038,1,0.0015365798197155523,0.0012474796372841479,0.0006566099612367828,0.004085328212680328
2038,2,0.02212410960404108,0.018074586220758658,0.012310191885512578,0.05706720748942134
2039,1,0.0015607113071122816,0.0013524491606787003,0.0006859890171542317,0.0037316957297522223
2039,2,0.022467742714908284,0.01952407548362587,0.012751551791281632,0.050287928328493374
2040,1,0.001103812316724384,0.001054309829793675,0.0005865815114765578,0.0018981510911268524
2040,2,0.01587907120518933,0.01567096149949363,0.011173825764743074,0.021812587631979154
2041,1,0.0014508433348129402,0.0013105123488369678,0.0006632922399726275,0.0030720960686795784
2041,2,0.02087673433075743,0.019160353711878512,0.012238060777705203,0.03940194334754921
2042,1,0.0018492709824198463,0.0015877770889319229,0.0007462149012017488,0.004457106088777494
2042,2,0.026632058594905826,0.02320280537168365,0.013520026504082567,0.05987216916074914
2043,1,0.007346528514407746,0.0059865203683303805,0.0016729283650432664,0.021136124125033275
2043,2,0.025639636207300195,0.024140196891458375,0.013008064997248788,0.047233647212869836
2044,1,0.0012780783722567066,0.001122619535752638,0.0006056686526808807,0.002847828189358059
2044,2,0.01838269119764853,0.01636008128295622,0.011464501315992519,0.03848403143448488
2045,1,0.0012932257214563856,0.0011915181064753172,0.0006355515328656093,0.0025536467352593466
2045,2,0.018613830105978862,0.017411893539469647,0.011936415094095279,0.03269067155512945
2046,1,0.0023791477435993304,0.0021596074345991844,0.0010427900636710901,0.005023713805032298
2046,2,0.034232269870260616,0.031718120202281964,0.01873092868562193,0.06443200839882902
2047,1,0.005464524979210299,0.004517383419473395,0.0013139829543623708,0.015134342060595631
2047,2,0.019009817902284717,0.018337350648290403,0.010836704133591826,0.031095152258644065
2048,1,0.0026355306470332556,0.0024598434521846415,0.0012516682255384406,0.00504429457186188
2048,2,0.03792547538531557,0.03632483745288127,0.022809217961705607,0.06246426763301762
2049,1,0.02889314001675983,0.026233370986322016,0.010732439811375493,0.06234225032486821
2049,2,0.03017111012590642,0.02948542792233181,0.02010808793588621,0.04415676587594458
2050,1,0.002789698525633593,0.0026353494066262096,0.0013905420695840282,0.005089307854857737
2050,2,0.04014347542070765,0.038983653540935095,0.02574698246693714,0.06120035262734233
2051,1,0.0018716041671302344,0.0017659043836115924,0.0009468686521050811,0.0033985847251562836
2051,2,0.02693076713505441,0.026110188017696077,0.017648541653648313,0.04099020463258886
2052,1,0.005638433126900581,0.004580004419763988,0.0012881177648899102,0.01618347489085603
2052,2,0.019558455432332214,0.018484546837737086,0.01045856098562081,0.03490861618038236
2053,1,0.01645608890946445,0.014700645275424504,0.0058877980377834436,0.03713278229696086
2053,2,0.017053637337952315,0.016426106151812468,0.011493580950481079,0.026329209530436805
2054,1,0.02189629869689858,0.02009230470165594,0.008451032011719851,0.04580330073154914
2054,2,0.022937257593034884,0.02256824334271334,0.01605392000214608,0.03192030841350683
2055,1,0.005514645749156526,0.0042903229297473425,0.001151215694249141,0.01711015063998451
2055,2,0.01917482176599366,0.01697737883584132,0.009063064478071009,0.04254347885368392
2056,1,0.001514224562634415,0.0014315429236379008,0.0007808886192819141,0.002713651471900752
2056,2,0.02179188070568575,0.021148293936966524,0.014750297633659001,0.032582069659067806
2057,1,0.00568337289359606,0.004703086669259761,0.001370848821737624,0.015669562795133436
2057,2,0.019791556609715873,0.01906946891518211,0.01125114554552333,0.032429032256833155
2058,1,0.022693272375488436,0.020648478378958474,0.008503294488676583,0.04891387636844383
2058,2,0.023594020064367137,0.023244389183913184,0.01662909772944414,0.032630189270819523
2059,1,0.0020821525572482964,0.0019607854100646433,0.001031810762864403,0.0038388055009822976
2059,2,0.029955454658168013,0.02892054922314854,0.01912269035591246,0.046733881147118315
2060,1,0.00204280204311383,0.0019203719988272296,0.0010116791020065962,0.0037829858287645045
2060,2,0.02939809341340703,0.028301945220576177,0.01885434899202524,0.04612546062912158
2061,1,0.0017825013552683839,0.0016667089670217652,0.0008766639547255534,0.0033539298162829777
2061,2,0.025647330199097693,0.024555454654683173,0.0161923020408933,0.04136301732704326
2062,1,0.0023178093073065236,0.002146440577823176,0.0010935229262646002,0.004543129209381729
2062,2,0.03334668292027944,0.03162043460416441,0.019868158844160624,0.05654471843716298
2063,1,0.039046543801425714,0.03717607922295223,0.018689749182411956,0.07025260772617503
2063,2,0.022356945794125754,0.022087660982538386,0.01612471219515055,0.030107437232111463
2064,1,0.0017731990367088994,0.00162272480083854,0.0008309994838457442,0.0035905441435727064
2064,2,0.025509506316541253,0.023855365731688973,0.015349637823201367,0.04557010780377336
2065,1,0.001979859079979682,0.00184206697285877,0.0009555584931546576,0.0038166507220950946
2065,2,0.02850367221707114,0.02706341144644197,0.017680709430229202,0.04767062930287726
2066,1,0.020104439577963904,0.018248414048167627,0.0074988208661208615,0.043401301290621336
2066,2,0.020930829291944023,0.020515655405324615,0.014423969557756183,0.02976286792147752
2067,1,0.008618643032710005,0.006976066332014535,0.0019285444790447816,0.025144396170441202
2067,2,0.030022857873614226,0.028151533138297758,0.015009332698040743,0.055718700906012025
2068,1,0.02089260447103384,0.01894641759196406,0.007830005383569535,0.04513622063387652
2068,2,0.021715873272458695,0.02137918276184007,0.015305597773747433,0.030060199455240844
2069,1,0.002408675475249252,0.0022273898312196866,0.0011168641427028983,0.004761980481474626
2069,2,0.034644156965244664,0.03282376515558254,0.020320449379923132,0.05930332294884459
2070,1,0.0430319162609855,0.04100174037844115,0.0207030695970146,0.07702034401346183
2070,2,0.024660920908968664,0.024369571374412095,0.01775648766860154,0.03329718191207139
2071,1,0.004210739940809588,0.0035145870193168996,0.0010282757281615158,0.011494454538217984
2071,2,0.014747272357684322,0.014184554882318273,0.008405994637007494,0.024352322505036404
2072,1,0.0011396640004712707,0.0010652779089710637,0.0005955471090852017,0.0020895634276089548
2072,2,0.01640105811240794,0.015687937982657132,0.011435866789297965,0.025505798180603736
2073,1,0.023275954124524784,0.020851587567259813,0.008275129441813113,0.05230998730220188
2073,2,0.024160770415129217,0.023387631737484354,0.01563028950494546,0.03718069115325576
2074,1,0.0071415885497961564,0.005902763423954124,0.001697922425965675,0.01985876386835312
2074,2,0.024848491249069852,0.023933473957478017,0.013937977110139436,0.04113127420011419
2075,1,0.0029587191373779834,0.0026960782114359423,0.0012820307425265322,0.00619537849392629
2075,2,0.04257025778022099,0.039680363675062245,0.022891470599439714,0.0791580216339042
2076,1,0.03730826478389036,0.03534787125488909,0.017423272422749006,0.0684856629125547
2076,2,0.021274203499172476,0.021015944279179716,0.015391593434314819,0.02854654150957565
2077,1,0.0037095693318343506,0.0034509404471003797,0.0017211997457779991,0.007153746564493624
2077,2,0.05336878793168815,0.05104588104257365,0.03102549866545323,0.08910917281538588
2078,1,0.001856936788346565,0.0016320655255943049,0.0008043281160412227,0.004272858474735229
2078,2,0.026717497039041267,0.02377280146978065,0.014738242385557782,0.05649481651726894
2079,1,0.0018543565043391658,0.0016902109524058071,0.0008583097490382069,0.003817454523722349
2079,2,0.0266693007216591,0.024785769855608857,0.01576318050962945,0.04867227947530812
2080,1,0.002567591900762672,0.0023866163625703807,0.0012151015558644858,0.004947231546976221
2080,2,0.036946999229200424,0.03523824109168637,0.02206930628981989,0.06171296103165868
2081,1,0.0019159727441205076,0.0017758674525797501,0.0009114042028701859,0.003739277250530884
2081,2,0.02756765601283137,0.026144040881407104,0.016766865272734396,0.04682926663914655
2082,1,0.015072964221032815,0.013440605945024756,0.005463768264085542,0.03389271541309255
2082,2,0.01562883166070771,0.014993508461292587,0.010743089588196565,0.024415180436188493
2083,1,0.001403775966936976,0.0012822921093727062,0.0006682054134298057,0.002856560789603626
2083,2,0.02019385566134685,0.018718440344172346,0.012431859569289733,0.03686334562747362
2084,1,0.00218570648945668,0.0020597097572355384,0.0010917157184632468,0.004013333606767324
2084,2,0.03145290971663938,0.030431371010134465,0.02029134280328506,0.04832899569343565
2085,1,0.0013621827643174919,0.001261965181476184,0.0006777546852253921,0.0026436214038840517
2085,2,0.0195985587021192,0.018491219870844365,0.012770687283822815,0.033418693456748735
2086,1,0.00608189795787375,0.004972806816040964,0.0014133660005570827,0.017306004553056274
2086,2,0.02111611691457594,0.02008086778420503,0.011405192139925408,0.036709359900944614
2087,1,0.0020918587941923285,0.0019466964146099817,0.0010033987614287477,0.004012146832182003
2087,2,0.030097966428731512,0.028683148808937298,0.018408275560670748,0.049998521758731394
2088,1,0.02553435079769259,0.023304591496886837,0.009697689670492974,0.05423509250283222
2088,2,0.026680683651455275,0.02618145321784182,0.01840291540410717,0.03775296554249108
2089,1,0.005804351921125185,0.0047478979007704435,0.0013531835862279206,0.016509912018864214
2089,2,0.020127951846893016,0.019262672725043468,0.011083438499105253,0.03421662624903234
2090,1,0.020972988574025644,0.01899061902262105,0.007748171492621981,0.04556129267552575
2090,2,0.021790692811823796,0.021399602417800076,0.0151003993402642,0.03072796004977562
2091,1,0.0019498711191858896,0.0018236077083466804,0.0009549153331348642,0.0036840105347114476
2091,2,0.028054766632147177,0.02688208410842815,0.017595061298322865,0.045414252651372014
2092,1,0.025169563022993967,0.023267528211060734,0.009967402451952849,0.05114408536677653
2092,2,0.026555200502449063,0.0261292176995283,0.018380955410417666,0.037231312849191164
2093,1,0.007466001580689513,0.006243222655548523,0.0018382057098185623,0.020255119386994255
2093,2,0.026099454310102625,0.025267353366810373,0.015210216868067044,0.04173340545495406
2094,1,0.03149384996977704,0.027598450869986288,0.01043616622980448,0.07456240695555559
2094,2,0.0327871429354849,0.030853311090060127,0.018638353431489407,0.058006348254567575
2095,1,0.006575139970869771,0.005471936757355338,0.0016016726766245038,0.017916873179452213
2095,2,0.022964366721167053,0.0221924599642958,0.013223346092474414,0.03711357031266455
2096,1,0.002069027930633801,0.0019613066289636033,0.0010630030246690317,0.0037026334854699952
2096,2,0.02976471906085762,0.029025381189856984,0.020007889145089813,0.043847694587414325
2097,1,0.019822776322502608,0.018024269897204803,0.007445372752725003,0.042718833687318554
2097,2,0.020610951033218843,0.020289639229866575,0.014608948724706514,0.028448646669769186
2098,1,0.001107483073740459,0.0010415496989775038,0.0005877763447890834,0.0019726190951028905
2098,2,0.01593920185770909,0.015381723581335736,0.01135893367507503,0.023108172793485135
2099,1,0.002491463027839547,0.002280557143539224,0.0011125582640607442,0.005089523567397455
2099,2,0.0358420379371102,0.03358872926803963,0.019990826717088416,0.06466608954797158
2100,1,0.005275006481129491,0.004348364678996095,0.0012462647556753185,0.01472438208534547
2100,2,0.01831582500155652,0.017594157355345218,0.010277154228127418,0.03035532055037976
2101,1,0.002717990715894637,0.0025050697751235395,0.0012409237311787307,0.005408814443070439
2101,2,0.039129255757621835,0.03692614103508632,0.022334683117279278,0.06873074589321398
2102,1,0.006756834588835179,0.005625905125655726,0.0016519094363040658,0.018548543304503028
2102,2,0.02352028220078941,0.022812871738312198,0.013854984973560637,0.03739606658377998
2103,1,0.0018105091784207357,0.0016654368402873193,0.0008526404569703753,0.003622980816838707
2103,2,0.026044797923051824,0.024400958126141133,0.015703304539760366,0.046193447793621244
2104,1,0.03836302139922614,0.03399508654064455,0.012812329551913125,0.08961972541264274
2104,2,0.0398587639057856,0.038002838908221606,0.022941520743344233,0.06728951927435076
2105,1,0.0021547545956922204,0.00203698877366166,0.0010925482024515298,0.0038916629849252197
2105,2,0.031006138618189214,0.030148533899114295,0.02037931184418054,0.04646939267888632
2106,1,0.0033694273226541204,0.0031113015563656475,0.0015194680244681894,0.00673672956630005
2106,2,0.04847184875347547,0.045970766129117324,0.02727027539232892,0.08428193981344873
2107,1,0.006291810479249739,0.0051220450099709915,0.0014351796208646745,0.018022905491195423
2107,2,0.021925179370627535,0.020662561107779177,0.011451934974020833,0.039796309708555355
2108,1,0.002015049681156412,0.001868099242001793,0.0009606700625583327,0.003927560139447139
2108,2,0.02900545872726852,0.027474810868137703,0.01756920410704416,0.04926109164368172
2109,1,0.026861460220397402,0.023779651622389146,0.00917737227497362,0.0624972124444896
2109,2,0.027824618161796467,0.026637023692156887,0.017018836450913625,0.04550229233089837
2110,1,0.02039236775552189,0.018353537079915338,0.007361281405235467,0.04531008443166078
2110,2,0.021160532892459914,0.02057999236701213,0.014214635604094852,0.03141083029869776
2111,1,0.0020364089563010865,0.0018561312707080727,0.0009217599499946875,0.0042018670918981095
2111,2,0.029312268769357608,0.027261297359012143,0.016787247136005077,0.054168445152273134
2112,1,0.006504441532541192,0.00535904736530525,0.001556052117432854,0.01825262572485246
2112,2,0.02258610566669294,0.02175637699731179,0.012765393527254625,0.037188620747150104
2113,1,0.0015498546787907435,0.0014647031239350388,0.0007978065856009055,0.002787960192447461
2113,2,0.02229792095326425,0.02163552772314869,0.015063632548541494,0.03339760825202978
2114,1,0.0015353703763252252,0.0014463561513286837,0.0007900936090401913,0.0027956372987785263
2114,2,0.02209261821319925,0.02135292617784991,0.01481914075999347,0.03385550628202717
2115,1,0.006520193580158907,0.005347266409389828,0.0015259638381986717,0.018363115089528755
2115,2,0.022646254818060374,0.021674187997406537,0.012462755029499182,0.03835830970221566
2116,1,0.0022507285502245695,0.002112824192103078,0.0011095461492053025,0.0041845849284083535
2116,2,0.032386941968944614,0.031166094068682586,0.02041529023758624,0.051216848248948205
2117,1,0.002261900013675734,0.002111833338982191,0.0010979697259091232,0.0042909499942955795
2117,2,0.03255485990193604,0.03113644134819955,0.02022242831538269,0.05291222370774956
2118,1,0.002440970057995315,0.002313442511282397,0.001241164342930664,0.004388091829594931
2118,2,0.03512853992420419,0.03421729830636995,0.023153621292291836,0.052329021618101934
2119,1,0.0022025698860148584,0.002061430517536442,0.0010786240340924704,0.004140386179124339
2119,2,0.031693149834672765,0.030402497674708914,0.01991146302885052,0.050855475978358974
2120,1,0.0032496941238875695,0.0030423838996767594,0.0015573933539637947,0.006119317491962519
2120,2,0.04674692464214425,0.045031049811132554,0.028393789454135895,0.07494522703228002
2121,1,0.0066696161694667685,0.005532170494902348,0.0016120682010211656,0.018345413990158706
2121,2,0.023184816712882174,0.022423075434832962,0.01347339534868212,0.037286238980208254
2122,1,0.007244537931767885,0.006009254806152119,0.0017579560883985356,0.019934055713246874
2122,2,0.025170333653241284,0.02438662720216475,0.014779779355607637,0.04006795712253569
2123,1,0.0051842791928081245,0.004297838877277916,0.0012576201632366675,0.014302215489469585
2123,2,0.018007954290475695,0.017443940530673163,0.010501559457587155,0.028825300383573716
2124,1,0.0030180394816187225,0.002839449636260554,0.0014734273594118723,0.005602244675863223
2124,2,0.043443447448010354,0.04194365072131165,0.02685279410375449,0.0682978278353127
2125,1,0.020043816406177174,0.018039781126604433,0.0072861361370641165,0.04411938158170527
2125,2,0.02086893119708929,0.02020316345189972,0.013627616443749197,0.03198784445981531
2126,1,0.0012692482707542187,0.0012085352672045785,0.0006769113594487665,0.0022144838688794373
2126,2,0.01826293899694685,0.01788221882839753,0.012959314766056067,0.025744257711508504
2127,1,0.001043924883851206,0.0010000429113294516,0.0005681771855915677,0.0017653821814713924
2127,2,0.015019728654249286,0.014855513093757978,0.01105092218608487,0.019943856929383337
2128,1,0.0178464503237277,0.016227281255920253,0.006741765928375503,0.03820705842667204
2128,2,0.018572926580038233,0.018286632132227098,0.013135374751567433,0.025649418589266296
2129,1,0.0022240179062921156,0.0021050203272831537,0.0011310894454572347,0.004026959454820203
2129,2,0.031995442739264184,0.0311455645844032,0.021145796052753768,0.0476960732191616
2130,1,0.0022716470503195848,0.002149478522843311,0.0011581032112144855,0.004091487580789182
2130,2,0.032678972096149166,0.031874428636570036,0.0216252239952387,0.048553744329271946
2131,1,0.001538404684553402,0.001444625288986254,0.0007826571986675548,0.0028502233752923704
2131,2,0.022136072710556683,0.02127011840751122,0.014759858753138273,0.034829841398728495
2132,1,0.006475560822795793,0.005370245089354628,0.0015587047811911798,0.017729073684748544
2132,2,0.022604848012973293,0.021775936696110845,0.012761551761563383,0.037246006263532985
2133,1,0.0033343170897116004,0.002988462356745594,0.0013569453469338103,0.00734252415518711
2133,2,0.04797009049695465,0.04396430470798005,0.02401375775496597,0.09539940012935165
2134,1,0.0025250008707722238,0.0023402804662877533,0.00117834946532132,0.004953093492420578
2134,2,0.03633421261260958,0.034512576691881486,0.021319875116743544,0.061840449517924403
2135,1,0.0023313154229287762,0.0020135949150591388,0.0009563007305048362,0.005635780231549846
2135,2,0.03354108740925213,0.029321668962090028,0.017256294273778526,0.07471967349132287
2136,1,0.0014892420072500627,0.0013458997086160376,0.0007128606301023323,0.003148061047852696
2136,2,0.021441849591147675,0.01957874637080305,0.013421123901172033,0.041284926996809274
2137,1,0.0035647340743105264,0.003003931127912096,0.0013160887572094427,0.009202542268187936
2137,2,0.05137437313260574,0.04385084545518262,0.023043444190920578,0.12399843014408436
2138,1,0.0020390911541984004,0.0018603118537132081,0.0009574160066688274,0.004174933378297985
2138,2,0.029357334085892434,0.02723779305309844,0.01754134425537086,0.053785506973760444
2139,1,0.0034084003021803136,0.0030372211928513465,0.001389985029833933,0.007549804129400963
2139,2,0.049071970056759,0.04465667634506015,0.024512212526395877,0.09958336274909238
2140,1,0.002552978563800513,0.0023826416653384506,0.0012177562218046352,0.004870495106962014
2140,2,0.036733275593364395,0.03521411930052581,0.02210680434283867,0.060023707204192395
2141,1,0.0017844110643954558,0.0016955783583235096,0.0009380683575049037,0.0031512473661901605
2141,2,0.025694903558376964,0.02505305043071617,0.0177257886466286,0.037481561350495636
2142,1,0.02095027503740056,0.01937120834836458,0.008315096543201225,0.042657767255048475
2142,2,0.022135909545797843,0.02172357846158295,0.015008077212776878,0.03162598815495256
2143,1,0.002577285548478113,0.002424274873063121,0.0012739498644393416,0.0047542083825318476
2143,2,0.03709171090632164,0.03591349317540598,0.023391247125566172,0.057598180794476414
2144,1,0.0036594297454819605,0.0034446181310192414,0.0017668076977252235,0.006794510605334469
2144,2,0.05267267774605041,0.05099472397570165,0.032222019044430394,0.0825401982375049
2145,1,0.0019158213423379833,0.0017739070882256992,0.0009123715241848978,0.0037385366904828794
2145,2,0.027571374945620016,0.026116181210292244,0.016820067601959806,0.04688441365639969
2146,1,0.0016096157515800892,0.0013976667178314892,0.000746925629097073,0.0034918680646338755
2146,2,0.023169816415502455,0.02048098653282203,0.01389451178313587,0.047076874795564216
2147,1,0.024927682300913898,0.02302745699644532,0.009815842898361831,0.05102858034688232
2147,2,0.026295070366734816,0.02582011915675436,0.01791822258135214,0.0373820211197068
2148,1,0.0010389445533932416,0.0009961475507437422,0.0005689844440721956,0.001756519305158473
2148,2,0.014949539442300347,0.014787520287696638,0.011041042303700135,0.01974643154792953
2149,1,0.00648927652043081,0.005282931088624057,0.0014351445732666054,0.018719050978176072
2149,2,0.022852343164793194,0.021328383378658878,0.010524700322896586,0.04406585091033982
2150,1,0.003219141239624938,0.002680934727019084,0.0007878732629518783,0.008759483394155823
2150,2,0.011212880892907985,0.01087444597063705,0.006642417527527119,0.01770295367875333
2151,1,0.0014591160554992824,0.0013620295837123621,0.0007329738933748983,0.0027510453895046778
2151,2,0.02099707901782588,0.019987001702092888,0.013784715970433634,0.034388244665139005
2152,1,0.017490781949272612,0.015997106874032347,0.006705029583481953,0.036984842732986724
2152,2,0.01827073775535975,0.01799190738108565,0.012936799877733602,0.025216628930941523
2153,1,0.00234382234680366,0.0021328973253970903,0.0010620663450870281,0.00487090896777992
2153,2,0.03374275497608502,0.031226343385610235,0.019273457797975867,0.06294122532640042
2154,1,0.0019887210582001224,0.0018643192606324164,0.000980406193481873,0.003720126562495027
2154,2,0.028620880643620412,0.027482328136622644,0.01824860508335891,0.045650514053956766
2155,1,0.0010406420832717238,0.0009978428061528273,0.0005701893672974529,0.0017589099321164638
2155,2,0.014975235210497024,0.014820659311759861,0.011055390907186406,0.019785411333918732
2156,1,0.0015551669432104112,0.0013298829349915934,0.0007049771248684451,0.003760121706958193
2156,2,0.0223981305753032,0.019258857194818207,0.01317077121233375,0.0518345558274518
2157,1,0.0037215586018270468,0.0031439525223789905,0.0009378061416109924,0.009853052995127962
2157,2,0.0131222628137809,0.012686039731925869,0.007620927445522423,0.02108835686836386
2158,1,0.00207238669622575,0.0019376838709321228,0.0010121536655681525,0.00390876562808125
2158,2,0.029840285412068592,0.02858491037446275,0.018642402207471598,0.04840669608674354
2159,1,0.01676595448286292,0.015377786000867151,0.006480391708371369,0.0350073150017609
2159,2,0.01756583817894168,0.01726588538184033,0.012359012746655768,0.024450854652049398
2160,1,0.0010622892928954953,0.0010185417702780611,0.0005789377400241871,0.0017995585612583735
2160,2,0.015285046679838427,0.015119246745748265,0.011227695279732873,0.020309549683072265
2161,1,0.0011921914625064663,0.0011428330387291427,0.0006487138052986631,0.0020258807985576465
2161,2,0.017160073092070557,0.016960661187636398,0.01240934046071886,0.02308935576474325
2162,1,0.007525748965335267,0.006325228301647867,0.0023737806455326085,0.019694868931097457
2162,2,0.10844446116778414,0.09355361470686874,0.03991038804766424,0.2647825199479143
2163,1,0.004263233242063636,0.0035064654769558414,0.0014216443141010823,0.011616736616475625
2163,2,0.06148323802561973,0.0514453566103769,0.024476711129470308,0.15773732737952437
2164,1,0.001368915930370037,0.0012843907879025885,0.0007010239733174137,0.0025314594970652225
2164,2,0.019692108388569957,0.01889398552063596,0.013302857572538018,0.03100719991245922
2165,1,0.0021906748168349288,0.0020297857690243504,0.0010400711556031268,0.0042682897219435256
2165,2,0.03152529583488919,0.029879084643179395,0.01901812405465909,0.05348031521700203
2166,1,0.0017023203811654818,0.001578384394753773,0.0008547989553936875,0.00327442848559534
2166,2,0.02452400076951989,0.023120714419528038,0.01608538346699981,0.041598070342464905
2167,1,0.0018939953611369759,0.0017228662010303976,0.0008779444253968647,0.00391752134588494
2167,2,0.027260578773490154,0.02520727349233317,0.016082055762548855,0.05069931258593541
2168,1,0.0026512518848865094,0.0024381819118875483,0.0011994306911104343,0.005349625653999897
2168,2,0.03815304226973067,0.03594977317537357,0.021675752504303997,0.06748618078864617
2169,1,0.00215607733641727,0.0019964832637247767,0.0010189214686499547,0.004207666904799654
2169,2,0.031034774155482822,0.029380878301018244,0.018613308396248862,0.053122559170549956
2170,1,0.003049276651987742,0.002628864909460302,0.0011749289290896598,0.007368466456710314
2170,2,0.04391506967995657,0.03851232264127929,0.020671717982576738,0.0991436346086051
2171,1,0.0019159629261304865,0.0017248426126650416,0.0008730211518989712,0.004107911631704178
2171,2,0.027574042524264722,0.025217189250421598,0.016051580353248954,0.05322042874858161
2172,1,0.0013457186402113248,0.0012160502533358265,0.0006608851156611608,0.0028151038476910096
2172,2,0.019380649760687627,0.017720672197490406,0.01253331041037234,0.037119599900241135
2173,1,0.0014832036080366924,0.0014161719792905598,0.0007933010646121325,0.0025614932562614593
2173,2,0.021348402671092434,0.02096771923619007,0.015151008084362852,0.029724982767728763
2174,1,0.020914472595361836,0.018975017093656028,0.0077900105332253805,0.04542300609525319
2174,2,0.021786253926202415,0.02130930811863401,0.014777124521618779,0.03150341627505058
2175,1,0.016176751077622373,0.014840897651949745,0.006314350815523494,0.03343858632310427
2175,2,0.01699662190601442,0.01668642891831404,0.011828223643628552,0.023943515003631514
2176,1,0.0014467712275285658,0.001314526069143996,0.0007283902927441835,0.0029033142601805604
2176,2,0.020827776213308516,0.019237401044307798,0.01383247127978932,0.037985128940538807
2177,1,0.016636854174902703,0.015181813051781675,0.006350276064344889,0.035365112845392406
2177,2,0.017513394434511723,0.016918299208967987,0.01156696124481118,0.02699739343503688
2178,1,0.0015331234957232838,0.0014432677215528952,0.0007841841058795106,0.002803197681967528
2178,2,0.022061183957567055,0.021296177029112434,0.014752527825411999,0.03384503833396758
2179,1,0.0018895431678339239,0.0017249764240541568,0.0008781135044106716,0.0038887219344193357
2179,2,0.027191972288911365,0.025233663553774478,0.01609637488967175,0.04985100296746663
2180,1,0.0011620610900764663,0.0010879872976739342,0.0006169535673623514,0.002065675468225264
2180,2,0.016733755376700916,0.01607411318517872,0.01185286103752351,0.024126043131067716
2181,1,0.0020072499390083494,0.001812400954832723,0.0009248535969417803,0.004260967936316617
2181,2,0.028907906602785374,0.02647164387660013,0.016952387146738485,0.055381226657717116
2182,1,0.0031360450095208894,0.0029355618562571855,0.0014915568572716929,0.005947556111261283
2182,2,0.045120075262284925,0.043453587103085216,0.027183585547814512,0.07259169531908483
2183,1,0.001874966946355043,0.0017325524003268518,0.0008938573185259035,0.0036750913988132113
2183,2,0.026979145576889383,0.025464444734937388,0.01643538508322117,0.04632604948939902
2184,1,0.002087379625628515,0.0019643818284989885,0.001032507439930507,0.0038494074097516805
2184,2,0.03005344731673327,0.028973464685897267,0.01910457778427159,0.04711241086426039
2185,1,0.0020663824761260117,0.001910185707821027,0.0009794078897586512,0.004060715897263849
2185,2,0.02973205183810938,0.028160897404120214,0.017866597960245468,0.05081686592468727
2186,1,0.002782080718096214,0.0024972411313001538,0.0011687487342467132,0.006104720242215498
2186,2,0.040026173973476624,0.0366668891727759,0.020756887718141916,0.07879366990635485
2187,1,0.0014972585591682187,0.0014109880357114804,0.0007634961016333877,0.0027327300023937203
2187,2,0.021542150566521888,0.02079059927409046,0.014464177746726349,0.033093305515649644
2188,1,0.035726456775486796,0.03469589237096846,0.01908510467347479,0.05844145821787927
2188,2,0.02091033167662716,0.020603300307400926,0.013979103305793897,0.029566891494823718
2189,1,0.018600857133762857,0.016937632659170806,0.006997063718932067,0.039760891245168725
2189,2,0.019429876060297405,0.01899379943412769,0.013293646233806081,0.02804215603254916
2190,1,0.01435428180738307,0.013115042433506873,0.005520100959883832,0.030362106131914254
2190,2,0.014967982762651284,0.014772936118689513,0.010850325888312905,0.020190816892901003
2191,1,0.002144781278015939,0.002031760691440119,0.0010984167733187784,0.0038411626200196684
2191,2,0.030861758037505033,0.030107370584715284,0.020493940342460316,0.04559494097091102
2192,1,0.019887588749664648,0.017979429980065208,0.007289751616690759,0.04343264096833766
2192,2,0.02071598440130885,0.02014637909859944,0.013871948051650679,0.0308345823991806
2193,1,0.002489599198685365,0.002334399928426215,0.0012190256012479179,0.004676986686753323
2193,2,0.03582516854221895,0.034490776353916994,0.022384325963678287,0.05700141624613977
2194,1,0.0015583946258769226,0.0014840636649445867,0.0008210132055611257,0.0027320641364654706
2194,2,0.02243040990770997,0.021937240065325797,0.01554924197212587,0.03214403222777359
2195,1,0.002819899166124096,0.0026482120515877988,0.0013738994886440268,0.005243766055637281
2195,2,0.04058874669314207,0.039248722143070465,0.02503967281653179,0.06392038527095677
2196,1,0.0021736040027255724,0.0020459157670903822,0.001083561817357454,0.0040055372384664644
2196,2,0.031278668804343046,0.030250862028794574,0.020043644536218822,0.048479637428395395
2197,1,0.0018899595810979001,0.0017582320350422172,0.0009121989048485165,0.0036461253302900475
2197,2,0.027195036033321796,0.025849699340336336,0.016864206127355223,0.04554702107865522
2198,1,0.001915633179364825,0.0017155021083955085,0.0008604232020865729,0.004181936888858662
2198,2,0.027575768226644436,0.025042564824303244,0.015805433765605264,0.05445419869116858
2199,1,0.01718138076290794,0.01573070488073531,0.006631456477054472,0.03607213655095678
2199,2,0.01796653067302702,0.01770645359111052,0.012797382748566576,0.024633687948347457
2200,1,0.0018752740060551227,0.0017724440680709395,0.0009519337411641033,0.0033964762778422083
2200,2,0.0269782372669602,0.026188710547478705,0.0177916427578751,0.04072987660468007
2201,1,0.003935779413833243,0.003251677002767329,0.0009391977515176009,0.010941289683787336
2201,2,0.01371376015644763,0.013148502793662283,0.007683715364840424,0.02297667443199725
2202,1,0.002115113877803115,0.0019841492222567843,0.0010430238376493925,0.003957036091087574
2202,2,0.030438437132526013,0.029296935076260813,0.019238702089280656,0.04841249846571583
2203,1,0.0022873906258382057,0.0021880306327351257,0.0012414109400310346,0.003914686495864157
2203,2,0.033048437489999666,0.032300648190664874,0.02312057500964413,0.04734221037003586
2204,1,0.002152274539705666,0.0018706715026231748,0.000957126027097623,0.005101994938940554
2204,2,0.031015775601420378,0.027083963060779183,0.01756864227567762,0.06897809656537887
2205,1,0.03437255380999722,0.033220132394432125,0.017780708973240748,0.057731832128943575
2205,2,0.019982449825698488,0.01971973666579973,0.013813524211128012,0.02772777096860124
2206,1,0.016054247590454592,0.014769217599275197,0.006328630601794233,0.033010679633727204
2206,2,0.016863602598148106,0.016598764442747917,0.011894458542692974,0.02331776659615724
2207,1,0.0026404530558525583,0.0024782120590763753,0.001291804010849134,0.004922865828805382
2207,2,0.03800035406010478,0.0367265779149422,0.023517629210115472,0.05991879303568221
2208,1,0.0024548013575472105,0.002235234366716488,0.0010990648572660744,0.005072855402596824
2208,2,0.03533610663178522,0.03286340408817422,0.01975337980246835,0.06509016357094208
2209,1,0.001370207527611026,0.0013019009964012518,0.0007229470608953389,0.0024180471702592602
2209,2,0.01972187305103198,0.019228262097312085,0.013715089803072957,0.028557537419150927
2210,1,0.0026190306134452283,0.0023301404804791123,0.0011097353615188207,0.005814541317933676
2210,2,0.0376982424275463,0.03416371838958572,0.019962119958296963,0.07624592591695416
2211,1,0.0032123123998492762,0.0029051892775393273,0.0013512162147118621,0.006847186887483835
2211,2,0.04623095292890989,0.04280340985748101,0.02395637638484024,0.08849053318533757
2212,1,0.0064419570843966606,0.005358128661987881,0.0015609862113232214,0.017670118828197186
2212,2,0.02254471461826734,0.021703886003585172,0.01272303641777438,0.037235104173855955
2213,1,0.02954878003115745,0.02726751904587199,0.011647141331722368,0.0601230864903568
2213,2,0.031131934509204765,0.03062544650895073,0.02156632186703475,0.04360488750304094
2214,1,0.0033849756980766114,0.003150248337386626,0.0015723551097314504,0.006528466574982762
2214,2,0.048730181523903446,0.0466505071144372,0.028315103525435713,0.0809875532415319
2215,1,0.018929697236227772,0.017211349985480004,0.007124502978504332,0.04073617625388827
2215,2,0.01984918263339157,0.019229661423745152,0.013188956446068566,0.030150966505267347
2216,1,0.0024167993978077423,0.002268734744508583,0.0011857850399172717,0.004513431773136497
2216,2,0.03477676854811581,0.03354667881377065,0.021797867776235713,0.054919324277601086
2217,1,0.00937587809044362,0.007397772450593462,0.001961158534055465,0.02853383777783666
2217,2,0.032753103641317824,0.029708897140176417,0.014551608427766292,0.0685280988415261
2218,1,0.00738236797010468,0.006533247407748888,0.0026983241162571747,0.016967665322358765
2218,2,0.10628083665416618,0.09692036050044979,0.04622249729267124,0.2208808577140777
2219,1,0.005604460490976125,0.004687547836940441,0.0013734231533108297,0.015255818756701674
2219,2,0.019622202961493994,0.018925468222788427,0.011231682077748837,0.031995464591897144
2220,1,0.002685873175149602,0.0025254781627851533,0.0013105684949551374,0.004995046313855979
2220,2,0.038655125235764955,0.037334056728639264,0.02395097184891222,0.060965737682712504
2221,1,0.0025451052171917743,0.0018125649754157725,0.0007942884606938526,0.008908998946593706
2221,2,0.036652339182504066,0.026052394089845554,0.014151480175012388,0.12490452458263282
2222,1,0.0011511990333770363,0.001103853619485354,0.0006281655718471566,0.0019476942490877348
2222,2,0.016565813054293495,0.01637969676045873,0.012161716320163427,0.0220261387950503
2223,1,0.003014822582853611,0.0024906684778106523,0.0010585681525224887,0.008073874268282426
2223,2,0.04337845793443123,0.036457734746118894,0.0183925460831148,0.109256326986738
2224,1,0.00494929290242606,0.004560816533246403,0.002174957176192379,0.009953126288282514
2224,2,0.07133187042642176,0.06750171030256447,0.03830276612900282,0.12703674415407926
2225,1,0.006050325906316882,0.00510399421627576,0.0015255771997397297,0.01606384237348125
2225,2,0.02133066505475561,0.020625998478771286,0.012303785324652388,0.03449075862424767
2226,1,0.00518983040182132,0.00437348994593254,0.001294869076667826,0.013941328162196107
2226,2,0.018407246595807118,0.017579945791380783,0.010113062759940974,0.031721963518125416
2227,1,0.004762399796085922,0.0039630524288986856,0.001156592729235428,0.012929230791479085
2227,2,0.01665758036680314,0.01604613854684073,0.009513609606005684,0.027347051768413434
2228,1,0.0034992673314102204,0.0032780694398705295,0.001656245222781591,0.006626381610408544
2228,2,0.05038312771260996,0.04855381973333366,0.0298429809753066,0.08158786154375712
2229,1,0.008725799442319179,0.00772609943320875,0.003112222524058809,0.02014231352049011
2229,2,0.12561290783822274,0.11460717191125033,0.05257293264246148,0.26315432922214854
2230,1,0.007633640923816533,0.006405996754694301,0.0018989901302132444,0.02059877780977411
2230,2,0.02676843761012433,0.025893563598602863,0.015522980333916052,0.04306104538731534
2231,1,0.0042214907094630825,0.003960005179166925,0.001983004710451209,0.00799204757965439
2231,2,0.060750545078144744,0.05874420102901283,0.03549545417910712,0.09759311972559943
2232,1,0.0051349761895841655,0.004303292326215064,0.0012642290028494567,0.013854231761348739
2232,2,0.018012172492340443,0.01739921507234781,0.010405863941781187,0.029195157948382514
2233,1,0.002157716917849622,0.0020174106771588965,0.0010829527739008445,0.00404103044258824
2233,2,0.031106435115571845,0.029622595488598344,0.020069101963654332,0.05092392791946975
2234,1,0.005671295868316099,0.004903703861706391,0.0015251177123463328,0.014218021799129971
2234,2,0.020382302277734157,0.01974005079332812,0.011719208183601882,0.032684223816645756
2235,1,0.004644408388922579,0.004127395978332631,0.001846669678398713,0.010498483819871668
2235,2,0.0670203323045367,0.060663919303840394,0.03206372217056121,0.13936160987780727
2236,1,0.06370873736012933,0.06135267584949552,0.03238115086896599,0.10890598188496979
2236,2,0.03689919958040407,0.03639441029944946,0.025693148980602386,0.05090893177834194
2237,1,0.006949647530501689,0.0058431098456571545,0.001731929834456138,0.01872243653697264
2237,2,0.024523710257397593,0.023574139203670456,0.013641192966150005,0.04104056408804998
2238,1,0.0017262752583139622,0.001317392573501152,0.0006772553733637813,0.005331378360784745
2238,2,0.024848145928914028,0.018998239212801006,0.012541943003330617,0.07536741135041952
2239,1,0.0060684330887618605,0.00560610321232385,0.0026031507180995237,0.012182442137238087
2239,2,0.08735306403153309,0.08306441179789774,0.0455548631035457,0.15381455050904658
2240,1,0.0037261390083210898,0.0034576427253086867,0.0017224230872897742,0.007301914575289129
2240,2,0.05369831820097004,0.05108635499669302,0.03065576268314404,0.09200385108856524
2241,1,0.0026688853984285247,0.0024339154569394186,0.0011784733977636213,0.00551621813590119
2241,2,0.038407929260481345,0.03593045161676059,0.021152519029685745,0.07005526339740101
2242,1,0.001082937582686194,0.001037614385767493,0.000591616876017641,0.001835698747907479
2242,2,0.015582119979295645,0.015411646554810147,0.01146527242016797,0.020667266073499335
2243,1,0.003521135448277045,0.0032340918048583073,0.0015583498086523806,0.00716819912249079
2243,2,0.05071866509755807,0.04765115176539978,0.02766670895346642,0.0913869797079832
2244,1,0.034422094862287776,0.032331829040337864,0.014538076351361251,0.06610085252998162
2244,2,0.03679981150756099,0.036239125199540895,0.02492554508108358,0.05186166710999625
2245,1,0.001173176601386909,0.0011196830815814287,0.0006150536050720606,0.0020414239875247474
2245,2,0.01688801629993105,0.01662340793898117,0.011552594776175895,0.023703271005266712
2246,1,0.027388919618243694,0.02549373423610352,0.011141622962199635,0.05427232686434003
2246,2,0.02924479707286775,0.0285381251003723,0.018873835833820074,0.0437216734840579
2247,1,0.005160497682901042,0.004285944557092683,0.0012547780801807009,0.014109127449767894
2247,2,0.018040312816591943,0.017359949715925114,0.010246705736473908,0.029679050470849615
2248,1,0.043321333540073975,0.04087491382955427,0.019950015281795616,0.08094766082743624
2248,2,0.0246127208737889,0.024328318897641796,0.0179491570780905,0.03291530431602324
2249,1,0.022250904552017527,0.020093752387459193,0.008188291542995444,0.04906101619250286
2249,2,0.023069297244168868,0.02261679245280944,0.01593094893173795,0.03267939954696425
2250,1,0.02316061838190443,0.02100586812183589,0.00862583476821112,0.05001672333113648
2250,2,0.024069957979097945,0.023673602636478414,0.01687986341839746,0.03355063626390782
2251,1,0.0016497630312000062,0.0015724239367677206,0.0008725466012192246,0.002875418140084951
2251,2,0.02373425983344819,0.023302557474854626,0.016635601693182896,0.033341917064383726
2252,1,0.007348311443481227,0.0062985581375327865,0.001921276399671578,0.018763426378918823
2252,2,0.026227048392461177,0.025390289438509503,0.015156640310177386,0.04210639577216167
2253,1,0.005341855706021812,0.00441277276417665,0.0012808933718585433,0.014817691848905334
2253,2,0.018540850478645485,0.01791400995191978,0.01069704335406744,0.030045345906092303
2254,1,0.0019619634145173876,0.0018695391150806726,0.0010346182364691155,0.0034311914905234904
2254,2,0.02822486440113332,0.027706879963728087,0.019640117784682474,0.03972208691155856
2255,1,0.027911984820588136,0.02562183083447905,0.010862914172146148,0.05798206583461952
2255,2,0.0292242338508027,0.02883257690969563,0.020829837495320937,0.039863460205064774
2256,1,0.025675253146628458,0.023237376083366266,0.00952502041580535,0.05592119079205351
2256,2,0.026659175526721916,0.026224288000528957,0.01858853688341542,0.03723998661411557
2257,1,0.005896190244016316,0.004880533850904223,0.0014193181115894327,0.016326652112313808
2257,2,0.020480602803100923,0.01977432456445017,0.0117684916318998,0.03320517647283458
2258,1,0.0011525479941868796,0.0011039856720404509,0.0006298431522428381,0.00195166807341332
2258,2,0.016582249745266772,0.016400440568283776,0.012177032925807891,0.02202662669762208
2259,1,0.006730310173650078,0.005522027954805611,0.0015697407336047536,0.0189808816132426
2259,2,0.023498449194945793,0.02225648230616383,0.012483374923861309,0.04150970377023697
2260,1,0.0059512345825770765,0.0049332086413923885,0.0014389943944676127,0.0163476323383595
2260,2,0.020704848599240305,0.020031916077017195,0.01204313582749773,0.033328809762277575
2261,1,0.022739994780497527,0.020961841567164505,0.008982304184137391,0.04664485092344008
2261,2,0.02389248511233895,0.023558134072631548,0.01698849031882974,0.03270770837978865
2262,1,0.001654520146705014,0.0015682174400363173,0.000857477239502054,0.0029487850189417906
2262,2,0.023799144907398078,0.02320314340991572,0.01621217540533835,0.03485096204158544
2263,1,0.0018767864236116506,0.0017887355726301857,0.00099228498569131,0.0032660074536817302
2263,2,0.027006187128994687,0.026533302378121567,0.018913423756706946,0.03792811742354244
2264,1,0.0025020316240295937,0.002348830413672953,0.0012286766735270687,0.004667002354420413
2264,2,0.03599059045951635,0.03478989018786583,0.02262393234729254,0.05644692681072375
2265,1,0.001962195914546568,0.0018689773813150073,0.0010343049412859311,0.0034332694383384346
2265,2,0.028229106885143983,0.02768944254158067,0.01959601140126655,0.04001705162621188
2266,1,0.0020820879137410024,0.0019608237931280897,0.001042970080613619,0.003828620540053593
2266,2,0.029963413538179356,0.028962497484085466,0.01932843378196344,0.046335159769252975
2267,1,0.0068066579210004224,0.00566165145913685,0.0016564609768101597,0.018629910873678004
2267,2,0.023720996862544086,0.022938361250720025,0.013732264458731477,0.03825716042432284
2268,1,0.008030284975850838,0.0067318095346414015,0.0019802968884280545,0.021610654000594337
2268,2,0.02817773096037527,0.027209379934148827,0.016162537559377566,0.04571793741903129
2269,1,0.023465250724569363,0.021467663996133868,0.009031678140695358,0.04929928000582952
2269,2,0.024499131111676467,0.024178464603355626,0.017551558625783708,0.0332862970898777
2270,1,0.004017948968424639,0.0037480760180311073,0.0018702030982914847,0.007716837715604701
2270,2,0.057828506300308974,0.055436478768644624,0.03377378323459859,0.09553901545926702
2271,1,0.006156958092058395,0.005128307567241899,0.00149627858225616,0.016851313150253004
2271,2,0.021446961408847196,0.020758050249091227,0.012516314378156873,0.034252848035348143
2272,1,0.026474070025027396,0.023916588091731028,0.00967368641544463,0.05778563861141137
2272,2,0.027482227156155444,0.026930767350995723,0.018737799993393603,0.0394209037354719
2273,1,0.001245224958369597,0.001194831442459167,0.0006826349475625162,0.0021048998777162507
2273,2,0.01792068022344129,0.01772591079037231,0.01320358201816669,0.02370750781517007
2274,1,0.006250964397153849,0.005185414872195921,0.0014981566162781594,0.01719428730543198
2274,2,0.02184746287770502,0.020975793535316457,0.012176135633949437,0.03660283383151316
2275,1,0.002152013699915959,0.0020272763877222898,0.0010783482284538167,0.0039357767741586515
2275,2,0.030969280050286926,0.029991247005015827,0.020006376249248215,0.04749077658372129
2276,1,0.0025723601167252025,0.002322167243596896,0.0011209380706092606,0.00546496589974685
2276,2,0.03701437606105001,0.03418149526399265,0.020156572322763997,0.07049125425482786
2277,1,0.002050313136729572,0.0019500890698245232,0.001067558216015716,0.0036142934674578487
2277,2,0.02949993035384107,0.028861347240900743,0.02016346842295253,0.04248037867068017
2278,1,0.0018372629378664094,0.0017464009565946012,0.0009608262256816269,0.003224170243868745
2278,2,0.026435179738100223,0.02586700411170407,0.018152180018357212,0.03792788170092051
2279,1,0.0016574400628018046,0.0015765699791663854,0.0008670804488749536,0.002913539471605371
2279,2,0.023846976533995888,0.023318598111188717,0.016482705450225094,0.034237371589550154
2280,1,0.0022401507339463605,0.002100149375798049,0.0010968094559070528,0.004187539604310109
2280,2,0.03223889183603336,0.031000581826221327,0.020293894216853656,0.051173401917235524
2281,1,0.007617990763972283,0.006351819082402583,0.001851067949239583,0.02078754754183898
2281,2,0.026665207283888527,0.025684848006004585,0.015071492632170546,0.04383646077852057
2282,1,0.006695902198985076,0.005623820288612501,0.0016732162744851967,0.017939168060755073
2282,2,0.02350980259513055,0.022769098614760213,0.013722513204528029,0.037475713589803034
2283,1,0.020756928124386606,0.018828714804088948,0.00773836123386343,0.04494431096057332
2283,2,0.021556494145594785,0.021182337198407973,0.015135457153321366,0.030083803171647588
2284,1,0.00582947820361333,0.004900323842713879,0.0014464687865152557,0.01561556265182625
2284,2,0.020551594862408942,0.01978192590128426,0.011611798481382583,0.03395311371609099
2285,1,0.006775518557216786,0.005850291823924431,0.0017993616758013268,0.017153380187590224
2285,2,0.02428350660918535,0.023501209814773095,0.01393530053288272,0.03913467279586798
2286,1,0.0064673735092533775,0.0054784662020504835,0.0016455603098442355,0.017033169252437332
2286,2,0.022837983335903173,0.02211128696947333,0.013326726382165234,0.03663851102537066
2287,1,0.007350344028227745,0.006040502916488871,0.0017247467512903555,0.020600908370244017
2287,2,0.02553402769754624,0.024473417940978362,0.014074613956822555,0.04308912862567186
2288,1,0.002296917155011783,0.0021541317309023934,0.0011314643740268867,0.004290565889064569
2288,2,0.03304961539291369,0.031844814684970454,0.020862272930401406,0.05226889797220582
2289,1,0.002200785472099377,0.0020961922028257993,0.0011556571812825019,0.0038465531953555373
2289,2,0.03166198084529025,0.03108655682616179,0.021919593992559383,0.04471068549239756
2290,1,0.0024710505135573484,0.0023167913921462585,0.0012023638550469594,0.004630809811680084
2290,2,0.0355539806763181,0.03423058519732676,0.022111099426543487,0.05642863658020026
2291,1,0.002713715070847143,0.0025844580156425784,0.0014305647290122374,0.004731790573505963
2291,2,0.03907346132964469,0.038347084684166824,0.0268701257994085,0.05548821957384739
2292,1,0.024510166638438132,0.02251123455169938,0.009542406260921107,0.05101074290128539
2292,2,0.02567295709138928,0.025315115003693146,0.018325095387524477,0.0349995616171206
2293,1,0.002182676489700252,0.0020159022182742424,0.0010191200945070002,0.004322932186690514
2293,2,0.031413664577166114,0.029616156409440816,0.018615042265628642,0.0544694296606132
2294,1,0.006946599516227353,0.005866859449821066,0.0017573196084543095,0.018332597319807797
2294,2,0.02449721667779313,0.023715191181739703,0.014252393787752404,0.03930380362971214
2295,1,0.002303537188555206,0.0021816465092659703,0.0011810724026140621,0.004138299336594484
2295,2,0.03315026355465673,0.032334891192155865,0.022073667459093064,0.04904728118345427
2296,1,0.005389893366322292,0.0044619382216253495,0.0012928345564590293,0.014934533206258477
2296,2,0.018724895400269243,0.018102945755106487,0.010772911744149835,0.03035327881183589
2297,1,0.04312532430152029,0.04162596330001584,0.022315684864510233,0.07264457255570375
2297,2,0.02506269013517011,0.024736058396830178,0.017307483007417787,0.03478302472198038
2298,1,0.002643601647395531,0.0025071857510904592,0.0013512137926917091,0.004746812353217786
2298,2,0.03806448433365089,0.037056997694984675,0.025104823408233758,0.05679935322682684
2299,1,0.0021937790062480367,0.0020672738238905848,0.0011015295965577025,0.004032182298126638
2299,2,0.03156405796517663,0.03057021243796701,0.020393939100395008,0.0486234297852379
2300,1,0.0022685009031097546,0.002156371748533504,0.0011798257942237016,0.003998129153205758
2300,2,0.03264608260919461,0.031947732607859936,0.022276838011669662,0.04711006744573447
2301,1,0.0018765308712876054,0.0017671098403560053,0.0009432401345826948,0.003448210626076925
2301,2,0.026996996108447184,0.026089198450617718,0.01759266911840577,0.041744028918982726
2302,1,0.001907392206622932,0.0018108295562260226,0.0009928661601301618,0.0033733848393085086
2302,2,0.027440731177245607,0.02683167480790475,0.018725134778320527,0.039719500133887656
2303,1,0.003986092014941953,0.003729045418325735,0.0018907843107291223,0.00757150005037528
2303,2,0.057361119884376574,0.055161994911762574,0.034144028839346606,0.09312589617061932
2304,1,0.0016512752391486354,0.001575697610029797,0.0008841564152719943,0.002852909439535675
2304,2,0.0237562039109117,0.023367071153119885,0.016913688890502803,0.032844979945145486
2305,1,0.0020192798630041075,0.001894661198995686,0.0010003968264989812,0.003760624104352639
2305,2,0.029048506604407952,0.027977455173763807,0.018622773623331274,0.04589133318709848
2306,1,0.002647859967537926,0.002459640182133833,0.0012529204181365888,0.00512186025481378
2306,2,0.03810584111849184,0.03625772040019388,0.022829103772992264,0.06400225292543929
2307,1,0.002325255156174166,0.0021839445155401316,0.0011390353869321253,0.004339177582734017
2307,2,0.033451828983258464,0.03223372216409774,0.02112584572199609,0.052568998811720224
2308,1,0.0021769400521348963,0.0020639061435952085,0.0011204885568083145,0.0038915375170922293
2308,2,0.03131756331729042,0.030562956477789574,0.02094255484703268,0.046060352265525906
2309,1,0.02374291136847091,0.02154055795255448,0.008887889026091118,0.05123753881241348
2309,2,0.024663296963458828,0.024303907053388286,0.017436200780415797,0.03397320711711001
2310,1,0.0018815038811362522,0.0017841419731524089,0.000977135581332018,0.0033498582363256984
2310,2,0.02707945139769073,0.026415129140071793,0.018388791843521466,0.039698588303187045
2311,1,0.022399204725670148,0.020348307003188286,0.00840712451116456,0.048241653120184746
2311,2,0.02324584505744235,0.022942660679904987,0.01672484259233323,0.03145199077052054
2312,1,0.005165629382565569,0.004254412583604915,0.0012338305371723196,0.01438245127189263
2312,2,0.017954633195087454,0.01726503714603321,0.010162627983776073,0.02964311270966139
2313,1,0.006564918401735605,0.0055035519297208105,0.001625357174326961,0.017710037742606318
2313,2,0.022985351203912714,0.022274552241213025,0.013473900427537993,0.03655871654233972
2314,1,0.024213867476825482,0.021805580807176865,0.008710430284428574,0.05354357494532202
2314,2,0.025262767201889223,0.02436928785581144,0.016134851429366038,0.03961802490871687
2315,1,0.02899399727017338,0.026470842759984906,0.010888784308841994,0.06145804500182833
2315,2,0.030373408684005794,0.029727396564621464,0.0201937455384102,0.04412614718899874
2316,1,0.025089496834645175,0.022807234981518328,0.009369124069979765,0.0541077827873665
2316,2,0.026277948711552784,0.02556611121585153,0.017233640971875568,0.03940488443147592
2317,1,0.037389017842004,0.03643448470299798,0.02072260112135452,0.05948674474882374
2317,2,0.022035733495808476,0.021677886114777625,0.014300799079043594,0.031835158430272084
2318,1,0.03056451485899028,0.027646658268680485,0.011110477399182602,0.0671744477350814
2318,2,0.03183825591840914,0.031020204485124166,0.020640341387466725,0.04764170198830096
2319,1,0.0016190378176466113,0.0014300459883991455,0.0007390030507986001,0.003659750753681981
2319,2,0.02329795213022021,0.020787264075369176,0.013724758095392796,0.04850764562531624
2320,1,0.004998293913364259,0.0041669498215707035,0.0012162199943173725,0.013684902855748653
2320,2,0.01746403058426703,0.016826958568747795,0.010002457462673212,0.028501967422312386
2321,1,0.004574031344079735,0.0035404487572704723,0.001334306187131664,0.013945866119879063
2321,2,0.0658403447034626,0.05195690191268468,0.02293044037900029,0.19239374258207934
2322,1,0.005894165985519475,0.004897883905563886,0.0014257620128371557,0.01626886429275518
2322,2,0.020528745049672434,0.019844157310311132,0.011775273016922189,0.03328756660900724
2323,1,0.0017074344386964256,0.0014691379763788774,0.0007418594499431755,0.004167916004771103
2323,2,0.024559811716278367,0.021251503824682945,0.013688697593839684,0.05604023292363638
2324,1,0.0010915837237720782,0.0010227552751415733,0.0005786285242467077,0.0019337284098193998
2324,2,0.015699930218022993,0.015112954952189048,0.01115351702927851,0.022434392823007465
2325,1,0.00649541408075668,0.005454953411302314,0.0016117370353098553,0.017439855857895037
2325,2,0.02285110745758424,0.022011088717302445,0.012962600278280173,0.03761049311429621
2326,1,0.0061238373928462105,0.005114242346077711,0.0014997446738861653,0.01665216158134627
2326,2,0.021440210573159542,0.02070644314049691,0.01230182998660292,0.03491408011749174
2327,1,0.0032097826116563523,0.002670765542193385,0.0007827279865956433,0.008800301303407303
2327,2,0.011161547626793335,0.010830043920015991,0.00660270156746391,0.01761672139978589
2328,1,0.0069748774581835085,0.005831690877126851,0.0017182565425467046,0.018900288882662323
2328,2,0.02437303882075318,0.02359978221966949,0.01426777402196958,0.03892781713991473
2329,1,0.0026271277142641365,0.0024262701610709408,0.0011993378197762508,0.005226570374394331
2329,2,0.0378118375588975,0.03580786379614573,0.021620852486690018,0.06572844951213479
2330,1,0.020755059574401147,0.018520934990717546,0.007337907011037475,0.04712319233230995
2330,2,0.021578959301544232,0.020758728382348615,0.013647501189905813,0.03420498221984566
2331,1,0.0030638749542754437,0.0028052670112235214,0.001347952444918074,0.00627593700769691
2331,2,0.044078735891854647,0.04138804302870816,0.024087130212630162,0.07949060321036194
2332,1,0.001958060043133925,0.001803742097335777,0.0009283751277054452,0.003889416020053888
2332,2,0.02817557846804113,0.026509559665138478,0.016978431194848598,0.04917596768854828
2333,1,0.002370921157871558,0.002169030131762489,0.001070379576531703,0.0048395355613460225
2333,2,0.03411354108906284,0.03188573159264384,0.01928505380937491,0.061887247102059895
2334,1,0.005629025768674593,0.004616771743864724,0.0013185125332643981,0.01581855582915614
2334,2,0.019558755906236437,0.018716908310989863,0.010742056532613937,0.03332672713875167
2335,1,0.002405085239256163,0.002148503641359498,0.0010174098563879056,0.005281035053756927
2335,2,0.03460757952595978,0.03159708037554584,0.018133970678511687,0.06833463804200188
2336,1,0.006480153685898463,0.00537180037854389,0.0015542492664376564,0.017895755347335514
2336,2,0.02262902989718269,0.021730598426684837,0.012582088611066881,0.03766331876661265
2337,1,0.005475155319977694,0.0044389173169650225,0.0012513784176668625,0.015753893070107668
2337,2,0.019141591538796212,0.017830049851959295,0.009902580759665864,0.03621348657960844
2338,1,0.00642924182434443,0.005109658792280996,0.0013796350005264564,0.01921956526999454
2338,2,0.02236564907013902,0.02048390051289072,0.010781346422589422,0.04505128285520413
2339,1,0.005058293308220715,0.004189014127445596,0.0012180781912592032,0.014033672887815582
2339,2,0.017598694934645588,0.016953593223468462,0.01004294485739492,0.028822407696855214
2340,1,0.002399259149789367,0.002247284319605608,0.0011659656530612099,0.0044939665214326855
2340,2,0.03452747627787933,0.033223631508159275,0.02140312563076297,0.0550837700262413
2341,1,0.00611026775960966,0.005139288489121395,0.0015283953046149996,0.016372627232935553
2341,2,0.02146162646575463,0.02077477509080603,0.012475935731796756,0.034316352826832056
2342,1,0.002869603460354922,0.002643153877967,0.0012931163212844933,0.005771975118891378
2342,2,0.04130447660443518,0.038955931527499564,0.023038047534656488,0.07296087534125938
2343,1,0.0012050125708670768,0.0011301238436213744,0.0006382455138063738,0.0021469676055308846
2343,2,0.01733810814587824,0.01669332404556266,0.01232365652759669,0.025075053740666632
2344,1,0.005524220704409056,0.00461887704970914,0.0013643280666080651,0.014971620637129302
2344,2,0.019307053482994663,0.018702343697309207,0.011355426971599162,0.030712262740161783
2345,1,0.006674169880827012,0.005478336988848847,0.0015647581895090413,0.018714131358983546
2345,2,0.023660741759708632,0.021954616309143905,0.011769408217752882,0.04548085054946831
2346,1,0.006009161332110062,0.004952627978563065,0.0014080551780165994,0.016706279673369427
2346,2,0.020971034736792054,0.019990919787185882,0.011282165124940532,0.036420284446949176
2347,1,0.03247880564023963,0.02900420152216754,0.011055181986603418,0.07380356515292116
2347,2,0.03403440661733218,0.032482218604327096,0.019032640499246738,0.05787823604723086
2348,1,0.004997799537324164,0.004140981264569621,0.001206289551005911,0.013776165925255393
2348,2,0.017449190106533275,0.016777707576938403,0.009856924717705617,0.028920772572265937
2349,1,0.0023380624464744764,0.0021301768435579823,0.0010464642987004405,0.004872380736604564
2349,2,0.03363838226545738,0.03128734358286672,0.018854891438628226,0.06212387637786604
2350,1,0.0059028603156508425,0.004933455570245023,0.0014564007327485013,0.016016370921912087
2350,2,0.020646533734138293,0.01998274691741938,0.012051580165408034,0.03298632708868145
2351,1,0.0012041956700612087,0.0011546390879489167,0.000656164356625361,0.002042328737825579
2351,2,0.01732652116476562,0.017138948990316115,0.012737448820175298,0.023035973447566215
2352,1,0.0012442937426615853,0.0011433868277426831,0.0006256143799425923,0.002449204335125852
2352,2,0.01789814321512358,0.016739771546041435,0.01195420968718412,0.031368671801532126
2353,1,0.003043155452839349,0.0026843778614360197,0.001216694380852024,0.006998955811468137
2353,2,0.04377125046431659,0.039398568209801754,0.021492370751025752,0.0918015676663996
2354,1,0.005229615838544812,0.004749589550891882,0.00213628405305922,0.011061770362993743
2354,2,0.07526683787234759,0.07035344365087873,0.0371798131005611,0.14187900150412094
2355,1,0.00177142697641601,0.0016714125310381617,0.0008985792570129011,0.003231756210753363
2355,2,0.025494211911774027,0.0246247874523219,0.016791413913979446,0.039196656192762774
2356,1,0.002008022929170005,0.0018863016137084902,0.001003105988060799,0.00371468552769289
2356,2,0.028894741862952347,0.02791458042112182,0.018463994276839174,0.04495950952483965
2357,1,0.006952531370506285,0.005737985356757803,0.0016375657002101476,0.01939727870125598
2357,2,0.024242102089061947,0.023220519324837992,0.013235505989659566,0.04133671595582232
2358,1,0.007029865678440466,0.005870851331482964,0.0017230623878631182,0.019116324038808086
2358,2,0.024552877744169282,0.02375002603511609,0.014214826180891545,0.039572924185480814
2359,1,0.005848486404115107,0.004831491208762012,0.0013884784362207926,0.01625110612077907
2359,2,0.020764672483770234,0.019288705755793535,0.010542346836816296,0.03983134136972733
2360,1,0.00556616608075842,0.004660705651230293,0.0013748360537221781,0.015023496001140469
2360,2,0.019494585449050018,0.018877255539070666,0.011315068933052539,0.031286385609747204
2361,1,0.005052260086490262,0.004178094685825578,0.0012088954974238436,0.01397560062853917
2361,2,0.017606958784355108,0.016905303442776007,0.009881768302871498,0.02944185417839096
2362,1,0.00556513775324574,0.004507080461407622,0.0012472058410125267,0.016054649473827416
2362,2,0.019327409304619837,0.01815551833875633,0.010079639746512147,0.0353751251471995
2363,1,0.0013929593370046226,0.001271433358916974,0.0006907808965476393,0.0028266281848562144
2363,2,0.02004433530916777,0.01854973612942877,0.013110512041153228,0.03676097959769381
2364,1,0.021149577340138843,0.019298821839321682,0.007944786061661383,0.04498040621878126
2364,2,0.0221752715760955,0.02168300289463518,0.014545188869420307,0.032658381349595596
2365,1,0.0010663353241514868,0.0010209993418507151,0.0005759932368851233,0.0018200598833332533
2365,2,0.015345222818186892,0.015163788951120024,0.01102634705624187,0.02076538883873027
2366,1,0.0013143731537213453,0.001217629971500702,0.0006699289716819017,0.0025106124949559904
2366,2,0.018924939097619022,0.01785461013299698,0.012678404717834397,0.031964493348279166
2367,1,0.0009229009477468886,0.0008816718788035153,0.000488474739611511,0.0015900893340536127
2367,2,0.013285968711298706,0.01311444974428455,0.009283738151791386,0.018281570268302638
2368,1,0.0011653530765825895,0.0011175267375427094,0.0006384342435265356,0.0019704869686921404
2368,2,0.016767857638439736,0.016587630957997743,0.01238991234830044,0.022144365989259927
2369,1,0.0015438190743337207,0.0014324871442996864,0.0007356085859503766,0.0029988480018322376
2369,2,0.022213683000356726,0.021092454646369982,0.01352078772759391,0.037554774201098276
2370,1,0.0015047160225528655,0.0013912965373044106,0.0007189283663563217,0.0029579397135792353
2370,2,0.02164964586392874,0.020491535239836975,0.013228834650550546,0.03706579975405342
2371,1,0.001429604167751474,0.001283633967128062,0.0006458385742299392,0.003085857107780067
2371,2,0.020576082360021515,0.01878778463925893,0.011851916466619636,0.040282157250062095
2372,1,0.0015798922315410613,0.0012214105373962736,0.0005590505194638078,0.004878455273851037
2372,2,0.02269142507230829,0.01768075599848799,0.010020049891403758,0.06688060886794919
2373,1,0.0010353029154647627,0.000992605128591163,0.0005641523177998576,0.0017563273263292388
2373,2,0.014896854614242085,0.014728389914121804,0.010910879530951427,0.019839590312666328
2374,1,0.0010956572824298973,0.0010455975130482438,0.00058148508722203,0.0019021682961843985
2374,2,0.015767693688975425,0.015537827237266079,0.010936622002523532,0.02189033121485672
2375,1,0.0009343711473455222,0.0008957616092009316,0.00051300878026385,0.0015766426220709992
2375,2,0.01344379309992558,0.013306159752211211,0.009958622185606622,0.017700950593403427
2376,1,0.0010986969463101452,0.0009962042618454525,0.000548532738748226,0.0021873591938604024
2376,2,0.015807325561478514,0.014602241811420374,0.010437973562880343,0.028463950735244433
2377,1,0.0023105607389153336,0.002019195671717703,0.000824287697505487,0.0055368438370782085
2377,2,0.03323474420688986,0.029902572743905037,0.014310637658438787,0.07251765821393473
2378,1,0.0011908451067996844,0.0011191028064982049,0.0006228247435162368,0.002180791956078829
2378,2,0.01713605117968019,0.016459801853050102,0.011878265318251468,0.026659682773718357
2379,1,0.0008780442874347074,0.0008417891247045958,0.00048165373814118816,0.0014829321306546737
2379,2,0.012633828534584968,0.01250259036054539,0.009360254257903069,0.016652170977289125
2380,1,0.003479445139771324,0.0028910377720511157,0.0008452016773447638,0.009555155397443055
2380,2,0.012098437274054444,0.011727932756685013,0.007140434048800028,0.019186951563072725
2381,1,0.0027546215263783915,0.0023037903518840826,0.0008222403087530234,0.007420442549000575
2381,2,0.039626818129079,0.034093504670790274,0.014015062340347514,0.09902510823398053
2382,1,0.0010928335194279725,0.001047027420068057,0.0005978031124223456,0.0018476842876098078
2382,2,0.015724799670523384,0.015552819767492027,0.011582483411269648,0.020797076588082088
2383,1,0.0010186197997965358,0.0009759940170329442,0.0005572835495999838,0.0017262066256777046
2383,2,0.014656530143274924,0.014491733430850518,0.010776685294883974,0.019445151800098117
2384,1,0.0011136497814270793,0.000967240140575528,0.0005120558653635566,0.0026152672445292125
2384,2,0.016008134031880644,0.014022038110886174,0.009618070550345635,0.035295261502042985
2385,1,0.0010138012543199253,0.0009707716445421945,0.0005497916257425253,0.0017256582792286954
2385,2,0.014587331987437172,0.01442080650805478,0.010586851146584293,0.01951791854675136
2386,1,0.0016302663361868915,0.0013677078019453327,0.0006700475715355192,0.004222156292150595
2386,2,0.023467507889212966,0.019815799124197064,0.012244280347541681,0.05719789478519023
2387,1,0.0013398633720965356,0.001214286863905221,0.0006636169720256512,0.0027116933578418805
2387,2,0.019273885876373315,0.017788026824633773,0.0125792780801684,0.03533137055695632
2388,1,0.0013540401506211565,0.0011581064885136886,0.000608525877469945,0.0032416922756585468
2388,2,0.019530349789393633,0.016897606842340856,0.01131293940277651,0.044652396943434126
2389,1,0.0010709509064663091,0.0010261480903558432,0.0005854565067247145,0.0018092138225069155
2389,2,0.01541267723092913,0.015247001635265978,0.011297527636279484,0.02048052267075292
2390,1,0.0012170540567773228,0.0010868698052579299,0.0005912455645054345,0.002610972420779251
2390,2,0.017499284800388957,0.01581990776189536,0.0112159480598844,0.03488451562244796
2391,1,0.0009504257784476716,0.0009063333983801336,0.0004975232323837236,0.0016537687069059501
2391,2,0.013677797447919818,0.013474970887492825,0.009386001684818393,0.019180949977277588
2392,1,0.0011685768730006186,0.001043383586803724,0.0005667317873654721,0.0025192147076120736
2392,2,0.01682003530638909,0.015182007243885534,0.010741855983536443,0.03369978416126674
2393,1,0.0019251850540056973,0.001582668568854862,0.0007300738222020119,0.005203546105260835
2393,2,0.0277072398778147,0.022979473690152866,0.013178594713458908,0.07063963184474832
2394,1,0.0009441146151668745,0.0009041599819810955,0.0005158747687755164,0.0016003367938463337
2394,2,0.013588107443354109,0.013437463229209244,0.01001489425357094,0.018009642539193464
2395,1,0.001133869678656438,0.0010778563171707184,0.0005838769264223783,0.0020011323291076293
2395,2,0.01630117918919656,0.016019260505261024,0.010881703389077315,0.023347797264991265
2396,1,0.0015740466719589227,0.001397548159455861,0.0006852679619572366,0.0035102555098627747
2396,2,0.022644532791448176,0.020456373901451518,0.012463537022247595,0.04584209348794516
2397,1,0.001294578672723294,0.001154162326632241,0.0006163028131053584,0.0028370311271170455
2397,2,0.01863902295434218,0.01677488103699773,0.011645632323567173,0.03774964297122537
2398,1,0.0010838836910637432,0.0010309714010470874,0.0005601680398935306,0.0019152771629082656
2398,2,0.015596253539508687,0.015303025117925601,0.010403118803252632,0.02245410810052392
2399,1,0.0017191832905469624,0.0013975351842939053,0.0006040721860067151,0.004812825301531577
2399,2,0.024724614697772963,0.02040954066183488,0.010662329419274443,0.06509448714333
2400,1,0.0011566356714502977,0.0011030031937663057,0.00060952724119756,0.002018966280842971
2400,2,0.016646369185898475,0.01639023349575404,0.011390264319205437,0.02341223677360216
2401,1,0.0009897221701953935,0.0009341121887050279,0.0004834729750598553,0.0018097150893035745
2401,2,0.014224357731340627,0.013895652200521073,0.0088132299533407,0.021474483353303018
2402,1,0.0016205367868275815,0.0014790466158535146,0.000713401632380624,0.0033659020991774345
2402,2,0.023319668727920354,0.021782647715252724,0.012850683818104594,0.04303406075991515
2403,1,0.0014211197064914732,0.0012918656592603875,0.0006970791334097323,0.0029171354152551115
2403,2,0.020443841622206305,0.01887415714447886,0.013141614510045195,0.037943177711064126
2404,1,0.0017779302742238312,0.0015661548868238354,0.0007599328063129941,0.004049919990938618
2404,2,0.025585646115195818,0.022893551702966808,0.013796757486390473,0.05383623946509378
2405,1,0.004458537486932635,0.0036441833036849154,0.0010373903144421865,0.012625829653527681
2405,2,0.01550339422754261,0.01476168285628666,0.008413558163885504,0.026978890150899576
2406,1,0.0009621591646790879,0.0009218771916869343,0.0005240690118322796,0.0016310774628631862
2406,2,0.013841731668809684,0.013686550501725292,0.010138411513056748,0.01841165200617548
2407,1,0.005985191850947163,0.00480161183560817,0.0013107409512315518,0.01769409131500342
2407,2,0.02082133908610456,0.019285316911326622,0.01024327944770625,0.04043335147347735
2408,1,0.001087564167571727,0.001039152519316652,0.0005852037626279641,0.001865167629797239
2408,2,0.015644488678590293,0.015439673235964124,0.011146295853336756,0.0212928028990461
2409,1,0.0029795709821094753,0.0023528159818134516,0.0007937981628550391,0.008906751668372154
2409,2,0.04290543277296802,0.034842265474245404,0.013391562167581311,0.12128085751280537
2410,1,0.004663645125874296,0.0038016854896165643,0.0010769656019262543,0.013339599587321864
2410,2,0.016248799151211708,0.015267139663737668,0.008642928582815063,0.029719523049209558
2411,1,0.0009303648412452129,0.0008864212155544656,0.0004850840582263205,0.0016258900846351852
2411,2,0.013382157600614512,0.013171468169841782,0.009104950886880197,0.01886524007451152
2412,1,0.0010508075909645427,0.0010054203963660966,0.0005662442630944566,0.001796475908777532
2412,2,0.015119649641851092,0.014929648652906084,0.010849895812033059,0.02040540045318745
2413,1,0.004920876589968576,0.004076741237423735,0.0011879613333560031,0.013496918971370474
2413,2,0.017172474825765113,0.016522392106157063,0.00963614223871711,0.028356490215324208
2414,1,0.001641740192756667,0.001388866985848784,0.0006778882576171615,0.004149388615028854
2414,2,0.02360560222011047,0.020143918559411694,0.012350842069859884,0.05608432284509391
2415,1,0.002084443024578726,0.00167215944274725,0.000635668666462027,0.006014001486209462
2415,2,0.02997595639748486,0.024588822220261194,0.010959291688560859,0.08163343546629712
2416,1,0.0052536022873539276,0.004352817576099417,0.0012606585604901237,0.014509092884521804
2416,2,0.018314996819293834,0.017619986059493636,0.01031434018833337,0.030266215674141474
2417,1,0.0012479358111812564,0.0011023855152071872,0.0005976036263411927,0.0026639920753258515
2417,2,0.017945042848892173,0.01613224155848278,0.01132797906593755,0.035964581204872746
2418,1,0.0025826930389973852,0.002058966873191426,0.0007836130573960492,0.0075483890224066165
2418,2,0.03716574780329861,0.030165024477414693,0.013562814409484545,0.1020890836956391
2419,1,0.0009680582922120849,0.0009283401725485598,0.000531413035448039,0.0016345437342295882
2419,2,0.01392834957602636,0.013789605970634897,0.010327009282222748,0.018339942135102063
2420,1,0.0009740147095625918,0.0009307018031894548,0.0005242869373040231,0.001672155451861314
2420,2,0.014015415897137206,0.013835115086835327,0.010000121462265983,0.019013961400544357
2421,1,0.001316068844372054,0.0011778291070429403,0.0006387930753551399,0.0028379587285240378
2421,2,0.01894291484384583,0.017177310928712587,0.012116448845520359,0.0374948901678876
2422,1,0.0010732782325418991,0.0010268670747177779,0.0005775070820843001,0.001837237790540974
2422,2,0.015443535534812996,0.0152527649188545,0.01105320361724699,0.020956410171721594
2423,1,0.0010405425028045825,0.000990871917673152,0.0005429819145389368,0.0018083528444076014
2423,2,0.014981336191386833,0.014749452237307493,0.010252565974613138,0.02108158424430732
2424,1,0.0017287377109523935,0.001528286846239233,0.0006092808281877258,0.004038763696000237
2424,2,0.024864935323652772,0.02270209312722337,0.01046164738611372,0.052866605703673665
2425,1,0.0014727622289506315,0.0012649135440775507,0.0006478138906504018,0.0035960682986028152
2425,2,0.021194994452894616,0.018299679477296833,0.012019800590613897,0.04866885845190601
2426,1,0.006590379510055361,0.005204366045069166,0.0014018547466909735,0.02002910189916349
2426,2,0.022907793151571855,0.0208554853799885,0.010676960209855958,0.047132597581766446
2427,1,0.0033503790065696347,0.002751750901039875,0.0007996172704281632,0.009405564473599333
2427,2,0.011673539866568649,0.011070420914220908,0.006638765162768137,0.019970227523305083
2428,1,0.001042808784344,0.0009985106546689265,0.0005684369189378615,0.001775876764377773
2428,2,0.015006011176206443,0.014835886926165977,0.010952424952123226,0.02000832378345396
2429,1,0.001401160589851419,0.0013157312709624947,0.000710750206430627,0.002586128566550964
2429,2,0.020162549169775317,0.019369174853163917,0.013362352077537101,0.03170205839067737
2430,1,0.0018977147420311286,0.0015268665142355593,0.0006958687725110924,0.005433891832826306
2430,2,0.02730008901088586,0.022114309727334518,0.012512309188871456,0.07381930446581897
2431,1,0.006183252977401639,0.00508317820780802,0.0014465776987407804,0.017302676417270114
2431,2,0.021525085755927625,0.020545602751377658,0.0117075146327781,0.036970576190692016
2432,1,0.0024063314472661398,0.0022290252854623212,0.00113671789195688,0.004712595073886726
2432,2,0.03464678034798775,0.0328293948144377,0.020670576979851592,0.0591242874711984
2433,1,0.004659923225634911,0.004132593818159621,0.0017630121023867902,0.010666917042183787
2433,2,0.06704018467176114,0.06095250627448616,0.030752680902803205,0.13913970884041735
2434,1,0.0013519051950640197,0.0012299855225821133,0.0006770936056557546,0.002705255165104998
2434,2,0.01945138322180432,0.01801323914403851,0.012890747638959449,0.034905291775941684
2435,1,0.005138481920248916,0.004269876614631326,0.0012438405293188485,0.014091308895552098
2435,2,0.01790037328794863,0.017292334644245257,0.010346056750498215,0.028902941385678477
2436,1,0.005334887563074822,0.004430461359324171,0.0012983739391754714,0.014606524972192503
2436,2,0.01866585749805739,0.017961293780004307,0.01059391997737114,0.03080270855620582
2437,1,0.005431693877016274,0.004422336069957575,0.001245514478520565,0.015567779315971912
2437,2,0.018857311254042955,0.017844458391702442,0.010065439252644182,0.03352044147128931
2438,1,0.014980161054054902,0.013280878018266714,0.0053948268740594,0.03441348848383834
2438,2,0.015581163074518551,0.01472967669145809,0.010416879982801535,0.026196407244803904
2439,1,0.0025811760227760845,0.0023500994304691356,0.00113333031776925,0.005388755737534832
2439,2,0.037149793135872335,0.03453255745698313,0.02034785980722095,0.06930346148642283
2440,1,0.007997502909643468,0.006557425851169278,0.001856370513781753,0.02255772599320023
2440,2,0.027774597177608586,0.026569099561975604,0.015151437103041806,0.047299451285492865
2441,1,0.020841281778347185,0.0188352842634806,0.00762946495188892,0.045528342270428034
2441,2,0.021773163810150646,0.021049861825377277,0.014142860266889637,0.03355876904692996
2442,1,0.0068874718365338405,0.0055256230064558935,0.0014934473827984544,0.020408298910982697
2442,2,0.023925649697801463,0.022225747093631232,0.011725186832310453,0.045932940690136745
2443,1,0.0012643835172299971,0.0011997734481125305,0.0006711478948731426,0.0022263531936666144
2443,2,0.01819251050186839,0.01772378127797477,0.012838087939378922,0.026301665736470293
2444,1,0.0018839310258975737,0.001682223095911216,0.0008303373659261473,0.004138053824641585
2444,2,0.027096225441873945,0.024572469088357224,0.015141008373098746,0.05432114714450207
2445,1,0.0027544112463821734,0.0024971543685155455,0.0012012909021899547,0.00580144926363267
2445,2,0.03962782626549161,0.03684057071638098,0.021289456450355754,0.07426703511491625
2446,1,0.0018055716458084373,0.0016981043049735507,0.0008983896132818669,0.003339262260551853
2446,2,0.025986924765905292,0.02500816901953398,0.016738327430784395,0.040865770156439885
2447,1,0.003388538146397431,0.0028320431605069344,0.0008430939428539433,0.00914383794018495
2447,2,0.011914544680867304,0.0114172669470874,0.006921037196341532,0.019422059204049748
2448,1,0.0027755481519551126,0.002582095213579056,0.0013026744680349229,0.005369805458959718
2448,2,0.03994064338221828,0.0381226365025365,0.023709440742818305,0.06660921841808155
2449,1,0.04959242403080182,0.04767460906758954,0.02519976722171936,0.08470921436326283
2449,2,0.028765522370190057,0.0283401299831479,0.019759863990106118,0.04017978735573326
2450,1,0.0019316102237615126,0.0017341293866822804,0.0008620200917691488,0.004171044886263373
2450,2,0.02779446781328173,0.02538887693574803,0.015687242546866893,0.05431830281788723
2451,1,0.0065057023807040945,0.005747850218338067,0.0024023240139568404,0.015008200762146274
2451,2,0.09358424835338634,0.08501919036921099,0.04112585152075969,0.19522178709561364
2452,1,0.015214429567521144,0.01385538430575436,0.005783598956355838,0.03248289286538582
2452,2,0.015870134071481596,0.01554698483484699,0.011162890414695346,0.022404679698651158
2453,1,0.0025543815321802986,0.002338874132303334,0.0011448637386634087,0.0051915954942524534
2453,2,0.03677404639843618,0.034447698685767233,0.020563613435643318,0.06667004398692672
2454,1,0.017803281225552577,0.016096339674710178,0.006523520149945695,0.03908639498936375
2454,2,0.01855369633816832,0.01794458442172632,0.012494944217300769,0.028184643709122024
2455,1,0.0029034389349800903,0.0026128152363850445,0.0012206586394711688,0.006298218814303584
2455,2,0.04176292455662308,0.03846198809087351,0.02162192714463854,0.08098754311879677
2456,1,0.0014945189986575263,0.001389019954376178,0.0007438907206808025,0.0028582483122741803
2456,2,0.021506457820098104,0.020366444418528862,0.014015480394789536,0.03593631547647553
2457,1,0.0041120911884428,0.003406446890108411,0.000991101822497638,0.01133768205403767
2457,2,0.014296836712371638,0.013807237101983116,0.008240722756586018,0.023269888007093033
2458,1,0.0016891252754718462,0.0015547137633332457,0.0008128031593779011,0.0033694924354537924
2458,2,0.024301982511831285,0.022787631052210752,0.015014845111345048,0.04257885948211333
2459,1,0.005319406050872168,0.004312394225365526,0.0012065818392843037,0.015354666276732768
2459,2,0.018531617069023548,0.017296184052982798,0.009614387443313837,0.03458244365314848
2460,1,0.002122518611640425,0.0020007307728913083,0.0010596030692953437,0.0038904919420721046
2460,2,0.030539656503850512,0.029555205668894177,0.019736141398910445,0.04699264513554319
2461,1,0.0014125540785302926,0.0013185308053767493,0.0007072727601432274,0.002666779505807455
2461,2,0.020321307535521645,0.01933482276234642,0.013329583832713036,0.03320641402949705
2462,1,0.0060412021418414915,0.005021003953107457,0.0014437652012398543,0.01670897838398927
2462,2,0.021310495600097994,0.020186932256639548,0.01128256616260933,0.03789986654612827
2463,1,0.006127754788999404,0.005119218367140955,0.0015115088720114996,0.016667917748622446
2463,2,0.021426824583716697,0.020724948733934358,0.012520943868444828,0.03427023853573722
2464,1,0.0063917372939720505,0.005744143341986807,0.0024688450111173843,0.014014884809819658
2464,2,0.09199751623344504,0.08503457881731138,0.04276592899322826,0.18074536415088194
2465,1,0.002052962967895916,0.001885023189721218,0.0009593677961351211,0.0041427740077900465
2465,2,0.029538839009755458,0.027646918657738273,0.017553724743887722,0.05257464679227226
2466,1,0.0011163815027648099,0.0010518245871067946,0.000595476304062187,0.0019728542585105598
2466,2,0.016064598157365103,0.015550767940499284,0.01152129770539968,0.022914066877262326
2467,1,0.005356998810554267,0.004352960864349317,0.0012237549215466429,0.015448378703157753
2467,2,0.018606371690541246,0.01752731439126964,0.009848656567314658,0.03382693946017503
2468,1,0.001810451611736179,0.0016650769623781834,0.0008558909662274575,0.0036231242083818935
2468,2,0.02605561833860113,0.024407152602224647,0.015765404918987667,0.04626041796727798
2469,1,0.0015552779885245134,0.0014013136506227418,0.000722093192710952,0.003307226915274495
2469,2,0.02238460308826016,0.020401721744557823,0.013451455356858476,0.043404617529648234
2470,1,0.0016960948122469593,0.0015922308979864162,0.000849889716727248,0.0031415657006038026
2470,2,0.02439939749754603,0.023452089245260904,0.015911125564582462,0.038354851011011507
2471,1,0.01813198990871321,0.016086896557825876,0.006393434005009576,0.04183897857921947
2471,2,0.018868371893302566,0.017822931671109064,0.012094000122835815,0.032106387712907414
2472,1,0.0018775394516178255,0.0015350509469322004,0.0007433076185435451,0.005163274568261044
2472,2,0.02701991908307431,0.02212608720876108,0.01361396213306096,0.07110135960591213
2473,1,0.0014387046450880492,0.0013397251810540376,0.0007168823635459674,0.0027443871695680922
2473,2,0.020698727034833924,0.01965104865112286,0.013412390323374396,0.03421326373404976
2474,1,0.0018448040160616186,0.0016164008190874895,0.0008078854396314611,0.004263611212624388
2474,2,0.026545608177864492,0.023516306274812097,0.01478665765468743,0.05670008161060035
2475,1,0.00422375315484522,0.003505749471324741,0.0010192386751011312,0.011640152699433038
2475,2,0.014719312245137867,0.014176236688730607,0.008446618656975527,0.024164770129991943
2476,1,0.001469439324490813,0.0013205688225739615,0.0007121386049440192,0.003103100439359384
2476,2,0.021132868031268216,0.019247056569000772,0.013493374931755701,0.041206498595748445
2477,1,0.006179696073115605,0.005150771839890232,0.001513712111347992,0.01681893377736651
2477,2,0.021563004174216912,0.020888945406677142,0.012600098083794005,0.03446386826264431
2478,1,0.0021457654533805735,0.001933954762358774,0.0009758305939853355,0.004596227122954557
2478,2,0.03087041175973524,0.028268990135548018,0.017900678466968648,0.05949314377642916
2479,1,0.00240289594685423,0.0022355512655539474,0.001143754097928258,0.004619731077447153
2479,2,0.03456848074713531,0.03305920488742853,0.020928770606977676,0.056845532319262516
2480,1,0.0021793167067355908,0.0020406050422875893,0.001055967851180361,0.004107597212411206
2480,2,0.03135747691809953,0.03013304642419158,0.019367217302023815,0.05041211241184676
2481,1,0.0010745471634704146,0.0010292710852539597,0.0005837734177457955,0.001820293710554374
2481,2,0.015462458532808442,0.015282560085784727,0.01125299203237622,0.020679594928774345
2482,1,0.0019320382956306335,0.001785329227903385,0.0009162244969485723,0.0038014159578584135
2482,2,0.027805803543565995,0.026231641786763654,0.016844774080574193,0.048179391903260725
2483,1,0.006732264173466558,0.0055168177054671745,0.0015572887697375111,0.019025862307245178
2483,2,0.023630967765327235,0.022199708446450896,0.012085141522537082,0.04343388830851699
2484,1,0.0030797279728180496,0.002869500793359918,0.0014384717722556596,0.005949561847650843
2484,2,0.04431848359063606,0.042357252210248095,0.026028755303745064,0.07386125490517503
2485,1,0.0017309298039061463,0.0016144884947429492,0.0008507024412245555,0.0032998496625939715
2485,2,0.02489511697228781,0.023758013738565065,0.01576705672110738,0.04062604717957098
2486,1,0.026313885669595208,0.02342840797680054,0.009118409848199529,0.060578836544388386
2486,2,0.027556067751440972,0.026090183386753854,0.01611695493137779,0.04764511627965735
2487,1,0.003942502997864507,0.0032764737005924545,0.0009527887498842669,0.01081135304449327
2487,2,0.013740265417659324,0.013244882658217612,0.007925203096057539,0.022423561019312657
2488,1,0.005117702961158415,0.004174299964149451,0.0011874020105904462,0.014537016273030473
2488,2,0.017777312355086127,0.016872897624289035,0.009589534978160718,0.031149497685737656
2489,1,0.0017767327299458304,0.0016414725619322038,0.0008542368129578231,0.0034807351676460156
2489,2,0.025570554075840454,0.024117717979960908,0.01575178884190505,0.04397041247156305
2490,1,0.015383314863257105,0.014111757860029762,0.00598313097877694,0.032099534107359204
2490,2,0.01615996715034919,0.015798874397584105,0.0111891252945016,0.023146252489246618
2491,1,0.002640265517570159,0.002318535931253817,0.0010662589913859705,0.006087606530313554
2491,2,0.037970922506168375,0.0340048509293914,0.019008665469198847,0.07999193728462652
2492,1,0.002237657574774069,0.0020721359640656512,0.0010503559317083285,0.00438501008571438
2492,2,0.032196982560283985,0.03050166847035704,0.019146790654751097,0.054976952145734566
2493,1,0.0044789670143058685,0.003759448156290485,0.0011094842116512137,0.012030173486434849
2493,2,0.01571823276108368,0.01519177770743833,0.009081302779982432,0.025433749073731297
2494,1,0.0019146800095294742,0.0015653424043170024,0.0007580712383467595,0.005258248861422224
2494,2,0.027549767715080015,0.022557664231479767,0.013803583268712795,0.07194339810061041
2495,1,0.0036682096460441283,0.002995029526706487,0.0008635091198758569,0.010401348879372739
2495,2,0.01272374157911082,0.012081626654185482,0.007223876631387086,0.021894517651561266
2496,1,0.001473244395616757,0.0013539518338271629,0.0007234688330305691,0.002941602093258914
2496,2,0.02120260418159136,0.019761324361682202,0.013630742701674296,0.03774881062380298
2497,1,0.0018197316359629912,0.0016979932610077606,0.000890633344061793,0.0034453361657379245
2497,2,0.02618641957935514,0.02502470084352558,0.016501095497018156,0.042730653086758844
2498,1,0.002258588526993664,0.0020633950047788214,0.001006966582840111,0.0046623095341388684
2498,2,0.03250788971968903,0.03035294317275953,0.018135411607200714,0.05931737968493379
2499,1,0.0021367661831364656,0.0016579054318959414,0.0007822083514499132,0.006522273224822263
2499,2,0.03067612044478664,0.023874633549672238,0.014226899641086817,0.09017189585213135
2500,1,0.004310857888128605,0.0035301893265776295,0.001014812524960349,0.01216842987713244
2500,2,0.014965008311674629,0.014278011078274977,0.008330687774227833,0.025509866481106133
2501,1,0.002815910413627507,0.002638500387953404,0.0013620775421930168,0.005282974905213723
2501,2,0.04052661557795313,0.03900390097048657,0.024937466988386624,0.06498024764546596
2502,1,0.0018994015537688565,0.001728678664810139,0.0008772470540908107,0.003941050767035452
2502,2,0.02733593516576957,0.025303012379512456,0.016093203726424563,0.050741450212388156
2503,1,0.004122726730339743,0.003401505113080704,0.000987666446423156,0.011512532606828224
2503,2,0.014311868255284785,0.01377942191980681,0.008218314838357962,0.023405062346629927
2504,1,0.022231805191174122,0.02041401266044445,0.00851328163492442,0.04654511348802
2504,2,0.023432781363011294,0.02280368135624825,0.015365067858411817,0.03520986704231735
2505,1,0.022234770015204627,0.020575494611245908,0.008844872369831358,0.045213676763198846
2505,2,0.023502274434960974,0.023074849967089785,0.015979011466064015,0.033552954200257945
2506,1,0.002226706792664681,0.0020259828045504705,0.0009875943325789453,0.004645404563395538
2506,2,0.03203326526931487,0.029769560940744802,0.01785216559939876,0.05948935542253699
2507,1,0.0036772208665214784,0.0030147822694000545,0.0008756636694323766,0.010361915565467792
2507,2,0.012828205586788226,0.01215063867896369,0.007233657128565226,0.02221072776659309
2508,1,0.002795149448475582,0.0026503792528665793,0.0014342108019395714,0.004980958258512781
2508,2,0.04022934323442329,0.039307957372283965,0.026635713516289888,0.05904766515229774
2509,1,0.033005819349629234,0.03153044007405245,0.016143128078023462,0.058343200241645174
2509,2,0.018976280908575227,0.01873349394906213,0.013508291424907077,0.02586422237493114
2510,1,0.016598027842445236,0.014732908710109141,0.005927098950711014,0.038023637425701015
2510,2,0.01728047727464455,0.016348358230113436,0.011235838316500896,0.029093498057567564
2511,1,0.0033603207516750416,0.0027398687566006228,0.0007944050604041585,0.009520774576007226
2511,2,0.011663011415431353,0.011041586859159831,0.0066420078422263105,0.01991139574090421
2512,1,0.006401784280093599,0.005284230062808169,0.001531810886788693,0.017806764246469823
2512,2,0.02223314075401134,0.021450715173790654,0.012749727054041215,0.03614858631089169
2513,1,0.018709364938289688,0.017147774138694335,0.00720975892163272,0.03925508348054048
2513,2,0.019604491507932805,0.019239980273251554,0.013594064489318445,0.02767775482727954
2514,1,0.01601562049639764,0.014527926074419748,0.005992714282545657,0.03463742527306533
2514,2,0.016669585280561693,0.016308387350568252,0.01159648222804293,0.023793816061870882
2515,1,0.03355294278941896,0.028113791927140613,0.009826042335539636,0.09022398950131053
2515,2,0.03491196881472174,0.031051294087638577,0.01698850283473086,0.07560931862512543
2516,1,0.004698885927406352,0.0037948333619786147,0.001074878492392098,0.013638631372037809
2516,2,0.016379642744952433,0.015226480727671828,0.008639007959575543,0.030911596349048366
2517,1,0.007059365509244424,0.0054656691030585056,0.001437381308619192,0.02213420166312199
2517,2,0.02453387631848101,0.02181926313532874,0.010831393477488514,0.054088454865890916
2518,1,0.0059202910307592956,0.005105264320879012,0.0019903160551962462,0.01457742186159026
2518,2,0.08525671635830215,0.07555613134900498,0.034042861426316046,0.19438150767161724
2519,1,0.001765367587315962,0.0016482880785406307,0.0008753487661523972,0.003343658779543701
2519,2,0.025410925292252882,0.02422264272221574,0.016252895581005976,0.041487468234347964
2520,1,0.007644594130569489,0.006307757717363984,0.0018030659897962052,0.021305568502885914
2520,2,0.026636483400604417,0.02551751039510667,0.014681498985634343,0.04499570569196932
2521,1,0.003065599401081663,0.002684415289604374,0.0012089613536387853,0.007170601617557152
2521,2,0.04411871411371645,0.03937771776093413,0.02135836114025579,0.09420682647356005
2522,1,0.0016870699656935965,0.0015814291469649143,0.0008476783705920504,0.0031426485826437775
2522,2,0.024272479094703044,0.023303122322157123,0.01582204303706518,0.03846365045391139
2523,1,0.0031425197779665222,0.0028980421239688425,0.0014202453388372427,0.006272755837039822
2523,2,0.045219304917219934,0.04288121113244816,0.025529043948489958,0.07837492287487173
2524,1,0.01856587640225496,0.016987885795869663,0.007077495829394205,0.039191084989165285
2524,2,0.019411938872193883,0.019080899904668585,0.013548685645927488,0.027112083097319502
2525,1,0.02496888871356791,0.022739613351785704,0.009298631805540853,0.053615364972243874
2525,2,0.026135859030938836,0.02549781943486739,0.017174385277734926,0.03875009355708326
2526,1,0.0024628343508210616,0.0022976938185144563,0.0012007781615059265,0.004685908777353033
2526,2,0.03546662529899523,0.03379320236302526,0.02217474795302777,0.0584318946649033
2527,1,0.006652610563195359,0.006025767835956416,0.0027960983502988476,0.014146893748262336
2527,2,0.09626758817253867,0.0890225849551079,0.04786047361959268,0.18643730897185767
2528,1,0.0017601554436267287,0.001654856300604583,0.000904820238971398,0.0032159032588117416
2528,2,0.02535113055654857,0.024391015350212215,0.016929616201432574,0.0396155675538565
2529,1,0.00497904275516872,0.004149127599488675,0.0012345387705720101,0.013604883656409137
2529,2,0.01790219033419094,0.0164027781111813,0.009203657151027002,0.03583883088917761
2530,1,0.0032070680523031275,0.0026951463467034297,0.0008014296526953197,0.008619031265154212
2530,2,0.011233871145442602,0.010899523961696182,0.006678757834318569,0.01767932572611226
2531,1,0.0033888118976157693,0.0028561616007745996,0.0008420033994742423,0.009076978942879822
2531,2,0.011927285100452226,0.01153259533313329,0.006788271022535962,0.019350245897730285
2532,1,0.012752778765070397,0.012434958047362287,0.007599220220125008,0.019699451479425017
2532,2,0.01473624604635993,0.014128972529817286,0.0073028999632578214,0.025592205911465722
2533,1,0.04624874417917361,0.042570781170908095,0.01811876106101933,0.09570359106537839
2533,2,0.05022179406842513,0.0476221449871624,0.02648351525429429,0.0893294107654748
2534,1,0.005153973424346352,0.003930073493779733,0.0015844714903965112,0.01625699760059708
2534,2,0.07464282428552894,0.05751940066562207,0.02650133863279724,0.22953680078170827
2535,1,0.025466900448038073,0.023099120007400484,0.009668880110382708,0.05507117527882147
2535,2,0.027275842455868664,0.025676395997952486,0.015497882066232784,0.04845349515658866
2536,1,0.03142688833105649,0.030087883218803887,0.015103181611651546,0.055681989593187396
2536,2,0.03508820920895299,0.033850699564598324,0.018855060157676656,0.058538435613647584
2537,1,0.0027558566293092064,0.002099041669938025,0.0008694203965752571,0.008631447155745334
2537,2,0.03965306658335456,0.030631834392709008,0.015186857379030185,0.11818052825319401
2538,1,0.0035671479759758176,0.0033822783066917994,0.0018822942025307414,0.006322265772335645
2538,2,0.05158207970166668,0.049934112721243554,0.03430156616803817,0.07871779406425658
2539,1,0.006120472298968131,0.00525912054882029,0.0016105282796622599,0.01556363600995064
2539,2,0.02189680370349264,0.021168722530369784,0.012516511645535074,0.035485862887469986
2540,1,0.026971211827769587,0.02661925658289474,0.018236936683273537,0.037660463669074856
2540,2,0.016508020393379876,0.01596549965569933,0.008946042215312783,0.02714085784430405
2541,1,0.0035840523622968946,0.0032056703379807006,0.001484754909104158,0.00793069496031194
2541,2,0.0516380687568689,0.04708142814771299,0.02608244634465731,0.10342249602832118
2542,1,0.001254768583097221,0.00113255139592254,0.0005159025882562439,0.002651925051253262
2542,2,0.017987906158596103,0.01672190667237837,0.00899760177868422,0.034419630616454804
2543,1,0.005112138036630666,0.004296356339108083,0.0012686026036430149,0.013699794239929347
2543,2,0.0181141449776844,0.017290480849087818,0.00993391929587275,0.031209235371830568
2544,1,0.005053629246578825,0.004212087376482342,0.0012215626563392872,0.013814487517674568
2544,2,0.017708165746571355,0.017003237676492578,0.00994015808531237,0.029548974259940075
2545,1,0.02228695353432559,0.02123942097196537,0.010162569234849955,0.040409499539415465
2545,2,0.02434523758752578,0.023827062887684526,0.015018756516340914,0.036830968227255075
2546,1,0.005736813540597674,0.004941862237844463,0.0015152567195206921,0.014545429799695584
2546,2,0.02055668665779549,0.019880923479312085,0.011773978063080994,0.03324007210171643
2547,1,0.0018906509077540128,0.0018147211958460473,0.0010275020436270976,0.0032032613650865146
2547,2,0.02728125431289401,0.02691724916104713,0.019238884266023385,0.037416501847480785
2548,1,0.0015358681292943898,0.0014481694107610161,0.0007490601698708254,0.0028386723024241053
2548,2,0.022125796839007218,0.0214516436560905,0.013588005938986444,0.034676596044665026
2549,1,0.007986458066915097,0.0065886035298843,0.0026663272167052974,0.0193258051455074
2549,2,0.10245473491290434,0.08883759645390912,0.04208120849510938,0.24175971772484348
2550,1,0.00226497638085431,0.00208454786046928,0.0010714198796404886,0.004526724629927075
2550,2,0.032626209473471175,0.030515300650474343,0.01964157268191773,0.05805897439275246
2551,1,0.0073337408165517525,0.005952671365197851,0.0016584631215346012,0.02117934951132957
2551,2,0.02608523840519633,0.023646955820379185,0.012215831978605101,0.054389307092726644
2552,1,0.001847242841434423,0.0017461176564510389,0.0009600970132177545,0.0033277452819176732
2552,2,0.026603479661223402,0.025761579613358152,0.017960990271328987,0.04013007725187427
2553,1,0.0156716425393181,0.015154866026210464,0.008492006827812522,0.025892134756055587
2553,2,0.017832878448495855,0.01714572746378102,0.009225404644452732,0.030470791969963888
2554,1,0.002831720979308482,0.002491200826819632,0.0013002242141428803,0.006388898717984084
2554,2,0.040908508941255584,0.03622685081543235,0.02359656045599247,0.08709001965434404
2555,1,0.004699238568499392,0.0038900873205562365,0.0011130447123934828,0.01301044652966628
2555,2,0.016508027469956447,0.015623657637716035,0.008903675468308862,0.029300679587666172
2556,1,0.010663698975332083,0.01024817864811546,0.005098035295970861,0.018605339083263644
2556,2,0.04546555270289289,0.04217527655217901,0.015919423790854103,0.09333415143336168
2557,1,0.0027897430406691797,0.0024058720281689367,0.00112124463375069,0.006727539225740208
2557,2,0.040198218873461804,0.03515011231279612,0.019833086381313786,0.09038948395009495
2558,1,0.005836125679614941,0.004413850193414505,0.0011711885008931834,0.019168779157365076
2558,2,0.020486669935800863,0.017317359823663486,0.008876216936007255,0.05186944772435537
2559,1,0.001704800947795018,0.0016068009889462023,0.0008578271389088727,0.003116942996412888
2559,2,0.024532946726126215,0.02367856105398657,0.01607294869118003,0.03798673132781107
2560,1,0.002533118604960905,0.0024436490791862574,0.0014087097426559322,0.004170778767108272
2560,2,0.036720473658082,0.036166800115829935,0.02570180358783987,0.05096003573773118
2561,1,0.012440159177355654,0.011720660096715416,0.005468370276914302,0.023423292678471517
2561,2,0.013456476541946866,0.013078168187514335,0.008756882476409097,0.020292524458827427
2562,1,0.002073028656501182,0.0019533311551478533,0.0010509667516770114,0.0038008390329447046
2562,2,0.029868723198850488,0.028783193287655894,0.019505232620805796,0.04670630311004052
2563,1,0.001848654411293346,0.001767895018682885,0.0009822038933742418,0.003178225734952477
2563,2,0.02666289281213,0.026219342595910536,0.018250461629140277,0.037487222091927265
2564,1,0.006752997121243221,0.005408617028349166,0.0014692610187603536,0.02003202301732092
2564,2,0.02357911645110922,0.021648444925785958,0.011294992676888192,0.04731159392341595
2565,1,0.004619686251246194,0.004208413429178414,0.0014607968321196678,0.010118906488782014
2565,2,0.01750928668727915,0.016881574534191347,0.008952459875354571,0.029664641959596234
2566,1,0.0012240358526060134,0.0011716265619179055,0.0006597270196561691,0.00208806157489819
2566,2,0.01763136848276588,0.01738550359085798,0.012483055840303967,0.024121999367980883
2567,1,0.0017555504217391567,0.0015126009976465847,0.0007881968563220941,0.004248712890823794
2567,2,0.02525630030427703,0.021959126197354163,0.014611448266966375,0.05718581205188979
2568,1,0.029968372417304955,0.028952282399285177,0.015539822326183393,0.05022610673758295
2568,2,0.017425124152117926,0.017190088370051464,0.012024759285954739,0.02419581083412964
2569,1,0.0013600831375024166,0.0012908145493675392,0.0006858736076949365,0.0024371655163198877
2569,2,0.019616326180577986,0.019105251090450484,0.012514173472636772,0.029588095633918586
2570,1,0.0018149995550425842,0.0016451915895331192,0.0008860232376224901,0.0037633693597454343
2570,2,0.026167108116055552,0.023962218011450646,0.01655657829304595,0.04963493902937201
2571,1,0.019733076638262785,0.018749804436445403,0.00883490453943875,0.03608705150210018
2571,2,0.021423287660100276,0.021024916472439655,0.013710688841060496,0.03146386971773131
2572,1,0.0019322887730187164,0.0017977045893069002,0.0009707019122503483,0.0036893493868157077
2572,2,0.02784519692198411,0.026401724764984272,0.018070984973946564,0.04650655046095594
2573,1,0.0023201311547550304,0.0018480019438781056,0.0008993948900694172,0.0067463806766923555
2573,2,0.03348598153014186,0.02664784928572999,0.016169931347936137,0.09352461693818065
2574,1,0.002460229138734098,0.002285880592691195,0.0011710009778270866,0.004784933507355289
2574,2,0.035436126864063715,0.03356150955421347,0.02131256003239233,0.0602882699617334
2575,1,0.005366603749985607,0.00456211771827549,0.00136592385532159,0.014039641612703655
2575,2,0.019062973979864544,0.018352560521921288,0.010807056543053943,0.031365664039093744
2576,1,0.0028875130601794135,0.0020001771199389872,0.0008057456507616512,0.010578366732101208
2576,2,0.04164356169189899,0.029023364799607654,0.013789111789836453,0.15067074692872276
2577,1,0.007012841322392506,0.005754785075923315,0.002347718168951906,0.01916946566256531
2577,2,0.10160207764723007,0.0844927566499742,0.03955355168205936,0.26725925953277097
2578,1,0.0032633273068224575,0.00273385738872994,0.0012010005683942419,0.008358249320164851
2578,2,0.04638957616014224,0.039916401572975366,0.02040169914949736,0.11239586216258338
2579,1,0.004625786750939793,0.004211384103851553,0.0014526034309194833,0.010154472825851702
2579,2,0.017450922188485134,0.01686171206501566,0.009154416418329987,0.029194494237566055
2580,1,0.0085895868715289,0.006108333754418632,0.0019464179929436615,0.02736222503841409
2580,2,0.10015120200163426,0.08037288761384098,0.030430153874267986,0.2864320942232608
2581,1,0.0019221108329308552,0.0018399662353860422,0.0010219314769560365,0.003292838621570622
2581,2,0.027781693553052596,0.027277763044517407,0.01867758260929561,0.03971176353581416
2582,1,0.030767579458454392,0.030281196416764914,0.019157080672536606,0.045163451778955505
2582,2,0.018499553108181303,0.018111397934651524,0.01100449093273191,0.0282460637931703
2583,1,0.003621438944510336,0.003260172964082526,0.0016421565864307868,0.007699500755095347
2583,2,0.05235024920174365,0.047750282202827524,0.029197719719666455,0.10264400401431543
2584,1,0.004605999158328161,0.004371424251025426,0.0024967572852178507,0.008068494166418696
2584,2,0.0670444629860455,0.06435099965204169,0.04350725940126075,0.10618946214840254
2585,1,0.0022530147627941315,0.0019317576127734165,0.0009162365369476734,0.0055433250525065226
2585,2,0.032400795919865874,0.02813688599954625,0.01649646822344258,0.07408978565690703
2586,1,0.023512437177371108,0.022195080805525742,0.010146457899938623,0.04439771969366451
2586,2,0.02521842903041953,0.024864765122278386,0.01723514136056285,0.03524916729361119
2587,1,0.003305876575997422,0.003041074362722376,0.0015287231017486948,0.006607815749264816
2587,2,0.047688595410866785,0.04472367033946183,0.027393150348946276,0.08516124505101925
2588,1,0.002903340169527573,0.002048962444502311,0.0009187404442814375,0.010103021189625343
2588,2,0.04186937724257221,0.02972992934677869,0.01617394380831364,0.14414518414550467
2589,1,0.024571397829426942,0.019882360021620332,0.007310013491780131,0.07027397894746788
2589,2,0.36215120828362757,0.2939152873257621,0.11322343084805012,1.0270742350216864
2590,1,0.0014539557093886778,0.001244900085784229,0.000672082306668109,0.003355177623019359
2590,2,0.020936720905501197,0.01820081276511956,0.012570341045051949,0.04607468368446963
2591,1,0.0037058408289463505,0.0035790261759358036,0.002074164972121628,0.0060659406672158266
2591,2,0.05395901168949933,0.05289892832856331,0.03630222179194343,0.07773184624900752
2592,1,0.002215624447841984,0.0020195705676600423,0.0010290261655748901,0.004581525848350839
2592,2,0.03190090910687476,0.029610333854510895,0.018823999790594147,0.05876676400170629
2593,1,0.010417398354752815,0.009503035574684878,0.003350035205271995,0.022741193415778314
2593,2,0.03992702893731894,0.038111783680658345,0.01922856327344122,0.07081525703912288
2594,1,0.0019238642880694105,0.0017272530647642595,0.0007645697423547152,0.00417498312734907
2594,2,0.027722857138257898,0.02550228482617147,0.013182645943841323,0.05542878828475259
2595,1,0.016729176623928452,0.015922574800836333,0.007564942285046098,0.030461545716657247
2595,2,0.018177811420905684,0.017834634228734894,0.011668655830825702,0.026630089637641862
2596,1,0.010390216132398107,0.009908122698205617,0.004287191960462661,0.019232202749546096
2596,2,0.04239342327434827,0.040338979658770605,0.017413024362540042,0.07917030167149064
2597,1,0.002905325302163913,0.0026431772001716067,0.001301256689195224,0.006041715319023661
2597,2,0.041857705521156675,0.038795272619268045,0.0233514292550584,0.07801189689576596
2598,1,0.008685010831744286,0.007276158306271055,0.0020997641910252746,0.023417140179667225
2598,2,0.031041003586011702,0.02921216397238508,0.015571188409554234,0.05737269347924742
2599,1,0.002189782931737566,0.002043291442357385,0.0010602385469280903,0.004189312554418294
2599,2,0.03152499521947508,0.030042988096658417,0.019545559010499255,0.05221066339442492
2600,1,0.0024629292777842158,0.0022781869069749315,0.00116511474886615,0.0048352062002592925
2600,2,0.03547851299374161,0.03352580225532417,0.021152428465580558,0.061259140586954176
2601,1,0.006696402182486633,0.005621681543922152,0.002167619438048831,0.017498600468212708
2601,2,0.09653291603888167,0.08307202217508566,0.03668599858996627,0.23447614006065773
2602,1,0.0028499330308649133,0.0024429751067402317,0.001324562850011782,0.006763932918294389
2602,2,0.04123807433791719,0.03558643902631434,0.023962053916759048,0.09453681437975286
2603,1,0.001461105352929833,0.0013467483774460124,0.000635150236250878,0.0029518212712535867
2603,2,0.021045483021900745,0.01994484351197509,0.011133208957192098,0.03733826310489751
2604,1,0.017194902702310205,0.016318398917262257,0.007636336566936045,0.03162420197808687
2604,2,0.018568611330283348,0.018305273576051287,0.012400609987223267,0.02631886090181727
2605,1,0.002739429472809273,0.0021981418111917533,0.0009629590531756062,0.00790974964562995
2605,2,0.03946159665002732,0.032022206064576994,0.016976930415075666,0.10783314139317172
2606,1,0.001559501929586862,0.0014317182024234545,0.0007780374039980492,0.003099450078623332
2606,2,0.022462651565129985,0.02091833702792512,0.014635624090478435,0.04015199255585703
2607,1,0.004893410755929378,0.004467512273874873,0.002461724014762597,0.009976117680179773
2607,2,0.07120498500600767,0.0654087238083709,0.04276485398389665,0.13658093368090765
2608,1,0.0013501558248929944,0.0012984874156116537,0.0007470678428949827,0.002254171437622965
2608,2,0.01947955569337029,0.01925212313585932,0.014181107415924349,0.026076458657177507
2609,1,0.027190325306283444,0.02578428804938428,0.011999011876571038,0.050157447134796106
2609,2,0.029446496725693404,0.02887270571802288,0.018895775113206788,0.043299165352885825
2610,1,0.005426062758088873,0.004894056911702339,0.0016200285317847843,0.012256454318807465
2610,2,0.020390964313554402,0.019544188379001945,0.010376295812403758,0.03528650469594386
2611,1,0.0020715610725369846,0.0018887718499632066,0.0009842018855042774,0.004225833984542131
2611,2,0.0298438686010001,0.027609045622255433,0.018118439544307696,0.0550680062474627
2612,1,0.0015585140157663175,0.0014225464010703456,0.0006588879782257605,0.003222530824332888
2612,2,0.022450958806442024,0.02101205374501089,0.01152260528569439,0.04179859257185453
2613,1,0.004884264424311695,0.004019071953300427,0.0012136686359283015,0.013440005537795213
2613,2,0.01764317583633078,0.01588357597416746,0.008925480066803633,0.03694531873620577
2614,1,0.003119067901093518,0.0027961251548890417,0.0014475530482918025,0.006747498150693004
2614,2,0.045096052157430455,0.04070856578690467,0.02605204529659228,0.09089780126516304
2615,1,0.002007999726036224,0.0018690524724269254,0.0010100053668173057,0.0038200320935186543
2615,2,0.028955052587188987,0.027391996758874465,0.018733148221170257,0.04845581138098824
2616,1,0.0065419993981984115,0.005508714269811463,0.0016354311103789648,0.017471880029250906
2616,2,0.02311242304920846,0.02224018376821984,0.012959110385173734,0.038198527045234035
2617,1,0.006556427205439104,0.0055518204094504335,0.0016537573764956476,0.017263213095505398
2617,2,0.023306660414894428,0.022328767373495723,0.012840528144422207,0.03935040675808194
2618,1,0.0027655958957974246,0.0025757675011817507,0.0013289745334830313,0.005297201663304698
2618,2,0.039851106819989476,0.03804566893834206,0.02404577794914164,0.0662148358457192
2619,1,0.02109091529533614,0.020184542608344694,0.009992549993743612,0.03726681262878056
2619,2,0.023294197772039383,0.022658305426161277,0.013646966528714267,0.03657206183375817
2620,1,0.004622531951923775,0.004130797674295585,0.0020377117316329753,0.01011069580363344
2620,2,0.06687678943562202,0.06050374529925032,0.03582346320756926,0.13524528856251739
2621,1,0.0015448010007976126,0.0014804048422083133,0.0008323252532272014,0.0026278534882674754
2621,2,0.02227867985745623,0.02197866329239581,0.015585126399109512,0.0306819555136969
2622,1,0.0021575367580030664,0.0018557278781644597,0.0009085460803278995,0.00527614437473152
2622,2,0.031070153991703573,0.026965931619151326,0.016444256511939242,0.07065845784545366
2623,1,0.0017623710319433646,0.001692778430407617,0.000957201993901431,0.0029662488165935258
2623,2,0.025454505120732458,0.025091014276183994,0.01780341947521275,0.035109384172934105
2624,1,0.0029541255643858798,0.002332348759339975,0.0010797685123469238,0.00870488140043409
2624,2,0.04255557686494772,0.033764680868763663,0.01934580004697566,0.11990351098526819
2625,1,0.006126101588888765,0.005022463120659139,0.001426352543097806,0.017296179624827015
2625,2,0.02138225757295577,0.020254902549955205,0.011320625532249514,0.03794129930195602
2626,1,0.026649279190596033,0.02624611543416676,0.016838713158415092,0.03875853949971273
2626,2,0.01606989283782994,0.015695829923763456,0.009406758780467737,0.02480660571506666
2627,1,0.006836329023875432,0.005724765842164532,0.0016790539134638374,0.018524931604078823
2627,2,0.024120704613751015,0.02305841894944047,0.013182583312905153,0.04112227115496357
2628,1,0.0015678715902624975,0.001502712102728545,0.0008428390322077184,0.002670768989861739
2628,2,0.022604845020477264,0.022306811310117927,0.015821528075785712,0.031177693534848148
2629,1,0.001471411943716238,0.0014117789721338969,0.0008034286643349313,0.002484423765519458
2629,2,0.021202240435972106,0.02095162421149202,0.015326485857095503,0.02855298902899296
2630,1,0.028089995516369048,0.026932385354668704,0.013380828901023923,0.04926523939218631
2630,2,0.031060725318277756,0.030247509830658485,0.01806385845753162,0.04873327865087089
2631,1,0.0014922976509043465,0.001430201952227253,0.0007996621676503692,0.002553000500665921
2631,2,0.02151719741525893,0.0211898995350778,0.014987784745619208,0.029860664293121564
2632,1,0.0024815337333585112,0.0023490351599627316,0.0012563872167659345,0.0044801489946534575
2632,2,0.03572743460159452,0.034754631647767154,0.023204509064507342,0.05382694555808409
2633,1,0.011027204909123997,0.010646089083289512,0.005648278830341776,0.01862242516692095
2633,2,0.04790978722650234,0.04391396811720118,0.015795893745233668,0.10216979113149453
2634,1,0.001874607577312875,0.001774943447329637,0.0009717806758914592,0.0033575421442112634
2634,2,0.027009583594095367,0.026193419657263677,0.018157047786898032,0.040753450463606664
2635,1,0.00765416542158245,0.0067118953724277135,0.002156619502690152,0.01857050523245593
2635,2,0.028547836184542198,0.026738753490255483,0.013868418996587398,0.053818605558376545
2636,1,0.0015601742639713494,0.0014756334188169018,0.0008124591104591235,0.002795147354748487
2636,2,0.022461962547557602,0.021768382487278068,0.015336355821932532,0.03369258650844224
2637,1,0.002631905172409174,0.002438565096287066,0.0012343723601219042,0.005151445287397053
2637,2,0.037901388360482756,0.03597009949212762,0.022421974152743874,0.06472202678948033
2638,1,0.0028769285110176956,0.0024913106282900208,0.00115525827328704,0.006900508592357712
2638,2,0.04142137363009404,0.03639609080833055,0.020533082227574485,0.09212874619831542
2639,1,0.002901014534378629,0.002738975832150094,0.001514924967524756,0.005196946483762276
2639,2,0.04189925683237326,0.04041958680296129,0.027871387311281453,0.06455835792751462
2640,1,0.006401369507987647,0.005919254381974595,0.0021487673063137055,0.013388642246258436
2640,2,0.024947315826025506,0.023741864293651133,0.0114469530724129,0.045448075717221446
2641,1,0.02097896041895716,0.01970939527217822,0.008828191495583951,0.040359089672600636
2641,2,0.022546650876937357,0.02203621463758312,0.014576876406245469,0.03356753336966908
2642,1,0.002516300296653107,0.0022229061809208393,0.0010868040408520134,0.005689985448580358
2642,2,0.036271512792538395,0.03255906601115548,0.019552322588477087,0.07532064292331145
2643,1,0.0038821665180618233,0.0032983133396617065,0.0009719872646938153,0.01020269652337979
2643,2,0.013921306985250822,0.013287898469859024,0.007174606319646638,0.024390719717327057
2644,1,0.0012749708248088517,0.0012226015621229634,0.000697942434919647,0.002155498958709416
2644,2,0.0183592361521128,0.018144059544229256,0.013393788518491328,0.024507471054961205
2645,1,0.0019179127887236367,0.0017169250944650736,0.0009204472728121196,0.004157025655830442
2645,2,0.027658857344505832,0.024966876703278913,0.017055372680531002,0.05585015630734163
2646,1,0.0011446977436718486,0.0010813040293752405,0.0006105138073661987,0.002023410125205761
2646,2,0.016477687425655356,0.015965840557595146,0.01180064877165245,0.023684078808868497
2647,1,0.0017846120633627333,0.0015897122392648433,0.0007126533059426423,0.003919732207718033
2647,2,0.025680622997916035,0.023475764288649063,0.012383789256023082,0.05159031760291154
2648,1,0.005580663635237426,0.004796743047986964,0.0014683933083727964,0.014215830950677542
2648,2,0.01994531811890605,0.019297047249784288,0.01150581285172929,0.03208695052706735
2649,1,0.010379100684339834,0.007454009782129492,0.002523695860785747,0.03584141902625448
2649,2,0.14029357195911718,0.10602250372148875,0.03987425987047939,0.44474912772083625
2650,1,0.008282956374869017,0.007590223137047464,0.0038581490884694995,0.016846928920466322
2650,2,0.12073119946580121,0.11150190184420791,0.06485533885599519,0.22938330739857296
2651,1,0.018310826314944073,0.01731310494349593,0.008044829059324068,0.034125222411371205
2651,2,0.01979754569982075,0.01940207740939215,0.012774719359841258,0.02909561875836963
2652,1,0.004942104566992208,0.0042533804059061864,0.0013074261544379618,0.012530436396903606
2652,2,0.017787798327392655,0.017049667482143663,0.00997019668242734,0.02995313969722375
2653,1,0.007466201959392553,0.00591305458039501,0.0023211735336874594,0.021887021779778162
2653,2,0.10793953457164021,0.08692102629988575,0.039281153371188746,0.30129499774266455
2654,1,0.01498474533546413,0.014229717642286178,0.006682841292953365,0.027481077639059975
2654,2,0.016241940036066802,0.015930500204386286,0.010525286533702969,0.02370573562661577
2655,1,0.014725469025741516,0.013820939270139807,0.0063516884249519385,0.028258470391884814
2655,2,0.015902464491219057,0.015396728488182819,0.010195787082307456,0.024690032422970586
2656,1,0.03095750666950911,0.00746270064967215,7.714400256036405e-11,0.13039329606084976
2656,2,0.10317481681492408,0.05481762745438207,8.161743786133074e-10,0.5103615073172132
2657,1,0.0009449742609081838,0.0008795266072839049,0.00041001317506150027,0.0018577814170448435
2657,2,0.013607544043929562,0.013061477296757138,0.007137553627670808,0.023180051190240046
2658,1,0.0035729905147861654,0.003318225635044537,0.0016629856880427585,0.0069460781672354725
2658,2,0.05148199641437455,0.049051819957232734,0.030029875443575,0.08760267427928084
2659,1,0.002469181286311011,0.002045750434075128,0.000976533051761324,0.006607123181832216
2659,2,0.03559060276765068,0.029657960201042582,0.017475949059472237,0.09067792866667747
2660,1,0.0028477236356699268,0.001427747939364933,0.00015734241167542738,0.007482693724992702
2660,2,0.02843503042875845,0.021179295852221787,0.002391538141918247,0.09124174309603325
2661,1,0.025494284941517,0.018603892691643056,0.005079514212914443,0.08630666973504938
2661,2,0.36948966705687647,0.27472396222862705,0.08172721440793977,1.220099406527236
2662,1,0.004217603296566438,0.003864824287251806,0.0021213580101471846,0.008381409880880488
2662,2,0.06119198246646776,0.05659758085574448,0.037728290614633495,0.11295966489480147
2663,1,0.0020701900138708064,0.0016845986526810445,0.0008711691299568015,0.005726580224083939
2663,2,0.02981777164809042,0.024335801278685613,0.016074650060164994,0.07959101144135292
2664,1,0.002617110357168836,0.0024450015727827262,0.0012507219495545997,0.004995028906983507
2664,2,0.03766317794120414,0.03613656898361274,0.0228006193379811,0.06137961048328836
2665,1,0.003632590362809546,0.0031077221990139956,0.001550163688426098,0.008994312283204343
2665,2,0.052578628804264026,0.045135457750366086,0.027579796973686458,0.12363555761646997
2666,1,0.005508819649740329,0.004589580869494334,0.0013361977261122516,0.01505753164095888
2666,2,0.01956674473918085,0.0183724732943027,0.010254788533977335,0.035908539256859065
2667,1,0.004181247054384883,0.0038522166749023175,0.0019310101225186375,0.008304000944884907
2667,2,0.06091057847235531,0.056469207319114575,0.033032050661858145,0.11482977174478735
2668,1,0.001393135999051033,0.001327825240250192,0.0007506950629033028,0.002410979633455051
2668,2,0.020066738644472806,0.01964133383580354,0.014302836214001672,0.028346029550382734
2669,1,0.0013998290085520532,0.0013432770365914574,0.000769281072149673,0.002352365810240823
2669,2,0.02017027355518141,0.019940620966690602,0.014713556174927011,0.026929755075021242
2670,1,0.0012298482975854736,0.001180850449598762,0.0006764799955470807,0.0020700111925589138
2670,2,0.017711135892413854,0.01751881397452781,0.013037326275737551,0.023487148609472586
2671,1,0.020132169222847628,0.01922835469995504,0.009300695559809263,0.036261706503071214
2671,2,0.02221880361138964,0.021523221868348895,0.012776132858631514,0.035666990084753
2672,1,0.0038761480894166016,0.0034208285762230535,0.0015364449225386872,0.008910447211032405
2672,2,0.05585824403476937,0.05031033121288979,0.02687463209271588,0.11776458996255589
2673,1,0.0025402593376400756,0.0023539419435152026,0.001198069230130275,0.004995629324926652
2673,2,0.03664470333597343,0.03458473350654915,0.021596141743724546,0.06369420680821725
2674,1,0.001925573606199361,0.0018532063226020176,0.0010674832265771973,0.0032063585073324142
2674,2,0.02779506052105014,0.02746008335035762,0.020177727597293103,0.03728421062874168
2675,1,0.0031452621255132567,0.002852352372750883,0.0013661168037578646,0.006655397456792269
2675,2,0.04527642485818074,0.0419780329422641,0.024277254444495716,0.08508224325409901
2676,1,0.021025927087491496,0.0014340079176486582,2.372340292391629e-11,0.06049768193113091
2676,2,0.0528988923916307,0.02075478760971197,3.6411278880757445e-10,0.1796533831750259
2677,1,0.0075470850234538355,0.006590951333126994,0.002075015557607553,0.018441886870540422
2677,2,0.0274113805382789,0.026445608355398397,0.015309549330918647,0.04494972088770444
2678,1,0.007301374348314088,0.006069686256622715,0.0018031071676061642,0.020042877380792624
2678,2,0.02679302399009084,0.02401504842664004,0.011986397732071677,0.058201563329977425
2679,1,0.006188489220449589,0.0053188710351381,0.002139518015873786,0.015378857265352085
2679,2,0.08922032079316021,0.0784022269404463,0.03645345252446455,0.20442867876727097
2680,1,0.005941111261216322,0.00512815967010093,0.0015738843211814562,0.014987213272014133
2680,2,0.02130331152391825,0.02061396382514285,0.012199721046924813,0.03438307274296246
2681,1,0.004604976791414668,0.0021549733618546484,0.0007104450391099006,0.030192658283029965
2681,2,0.04462136074249446,0.030192604134257867,0.01173943984422632,0.17617353613202943
2682,1,0.0018808270666409823,0.0016921828287734869,0.000914694417434577,0.00394994744873987
2682,2,0.02710057382297412,0.024729372446576713,0.017090183545581214,0.05241454131491402
2683,1,0.001169320954499065,0.0011197613977376728,0.0006358181482459176,0.0019838824305374227
2683,2,0.016826804138040382,0.016638711867223953,0.012260987170660933,0.022483521042095056
2684,1,0.003698512305118681,0.003304951154826624,0.0010804777404939934,0.0085604487657168
2684,2,0.013759503523113035,0.013242941014643475,0.0071908984559912814,0.023343278996384064
2685,1,0.001275444292886679,0.0012168026022523802,0.00067068811021707,0.002209082842492972
2685,2,0.018371858054023363,0.018077930184604525,0.012512969489313274,0.02587274575446936
2686,1,0.004823634600352073,0.0044139549630254505,0.002127055906731167,0.009923374471714137
2686,2,0.06961458778934287,0.06511587335185504,0.037393860348835455,0.12794230233667298
2687,1,0.014187397762834557,0.01334409850038874,0.006952216276421887,0.02646241959162856
2687,2,0.06316501156197653,0.055349119919191364,0.017988712641549883,0.15314676519565637
2688,1,0.015001133161571313,0.014618610575174709,0.008073508149527956,0.024214484234912608
2688,2,0.016915334638066628,0.016481990696382356,0.009381087454203208,0.026938014438650962
2689,1,0.0013662358416662186,0.001293678659143877,0.0006647663175762602,0.002486238210605892
2689,2,0.019687822769681926,0.019206799711192706,0.011933042062871995,0.030216718691583672
2690,1,0.006326077284604574,0.005605045395245998,0.0018066228047865333,0.014959429089120053
2690,2,0.023349247289951015,0.022425304922896246,0.012500674240457433,0.03955846663071501
2691,1,0.00283720361778379,0.0025805940364063717,0.0012741676705032817,0.005898819187391623
2691,2,0.04086540546338683,0.03794035645842332,0.02289730764158831,0.07602759224772324
2692,1,0.002416462398410359,0.0021911990210074185,0.0010891932491598336,0.005060315476792717
2692,2,0.03480570398190195,0.03212254804361299,0.019619912471000013,0.06588233730299646
2693,1,0.0015489982684299638,0.00148724318870865,0.0008410701173137574,0.002615726238189253
2693,2,0.022350837993591003,0.022040891230442686,0.01576789842979099,0.030649141623148166
2694,1,0.0020613344506918937,0.0018984692927600513,0.0009647195591441893,0.004109443024967941
2694,2,0.029670883483528147,0.027860158372926044,0.017655881098180105,0.0522312359703621
2695,1,0.020901077411034634,0.01988482246646428,0.00938676571682121,0.03811501368361038
2695,2,0.022674215106200855,0.022298933429396928,0.014747058900096716,0.03279488730648821
2696,1,0.0022081495761396004,0.0020658251533314086,0.0011915939526787043,0.003957175392344747
2696,2,0.031941272746622694,0.03042613783607022,0.022119257584505433,0.05011372158959708
2697,1,0.0022383347477098847,0.0020204650454329885,0.0009923087706038094,0.004747206886813954
2697,2,0.032213498565552945,0.02966264837908355,0.018017890669418096,0.06159582720145761
2698,1,0.0010690630027162607,0.0010152418865409514,0.0005424287946229627,0.0019070039363511082
2698,2,0.015389361233610241,0.015080572306689194,0.01002501701766741,0.022485031636748157
2699,1,0.0019009375468543343,0.0018007438206031356,0.0009827527894142895,0.003400319407065919
2699,2,0.027383863344293578,0.026572206624561535,0.018402890526005286,0.04113290882756921
2700,1,0.0028881714316572682,0.002705752797388798,0.0014140077318067611,0.005412076450410971
2700,2,0.04163887821256799,0.039924474022924886,0.025669597445351775,0.06775339365824004
2701,1,0.002150244885462817,0.0019227988250570829,0.000928859264973212,0.004714948668235009
2701,2,0.030934728835601687,0.028170498119541504,0.0167764077763001,0.061276290331088036
2702,1,0.002953017466747421,0.0027194793433207203,0.0013849772095102706,0.005916602198380114
2702,2,0.042591479937876056,0.03997021374257739,0.024932730990459496,0.07593147841663145
2703,1,0.009722226326637428,0.008916644600641446,0.0031847444492746494,0.020832782237173674
2703,2,0.03718419798907084,0.0357699263068751,0.01860693284071552,0.06398651241503521
2704,1,0.002461596565410558,0.002225282071751917,0.001236605741048505,0.005040068987306258
2704,2,0.03562151559082238,0.03255560152595198,0.02267897573763367,0.06857855962684131
2705,1,0.003759110688118253,0.002900815637985634,0.0008274518656193595,0.01125945538802545
2705,2,0.013461006971342756,0.011439883311105108,0.006073525820682159,0.031759806498504586
2706,1,0.005765981649394644,0.004791535079331624,0.0014049245672736069,0.01583297886950899
2706,2,0.020190709482628643,0.019400514843402758,0.011287615141687147,0.03358184718249846
2707,1,0.0020454219438024823,0.0019105028411830235,0.0010072403605142753,0.003872233575947202
2707,2,0.029463126473832375,0.028095654611382376,0.018542331580094867,0.04835053077800428
2708,1,0.0018525232924161495,0.0017348703335603331,0.0009128051212448266,0.0034936559427509394
2708,2,0.02666735933032591,0.02552307166609296,0.016844458629430126,0.043023743632988644
2709,1,0.016236455569458207,0.015089233381706093,0.006577798507936225,0.03248491165636909
2709,2,0.01724203181209888,0.016848742134260356,0.011643557122078147,0.025084518371686324
2710,1,0.0033764181882068763,0.0029981668953930046,0.0016509381680765078,0.0074614393011534115
2710,2,0.048965086838284835,0.043650053369860595,0.02958404991914675,0.10309617709178408
2711,1,0.002698979451301141,0.0026053034192694835,0.0015159490031349423,0.00441537445274218
2711,2,0.03912166204220244,0.03856044006002869,0.027685431246275104,0.053741996243622525
2712,1,0.002294860498143556,0.002126176777746143,0.001101900220313098,0.004466676461916174
2712,2,0.03303853793735733,0.031283546941277156,0.020189868915617363,0.05619201982865987
2713,1,0.006407446226475654,0.005634925707793495,0.0017788206245108952,0.015482946274078964
2713,2,0.02338011220604903,0.022575964338139923,0.013050914496029008,0.03839286312160064
2714,1,0.0029719950496440344,0.002752483539496774,0.0013240783785406845,0.0058797914447616595
2714,2,0.04329587772909418,0.0404988461065202,0.022171653351709758,0.08102683315311077
2715,1,0.002155405399092981,0.0019142309154105274,0.0009214568766687739,0.0048243047799691125
2715,2,0.031018817124787542,0.027940767609256664,0.016664013120244018,0.06363360215935383
2716,1,0.006010548962197456,0.005132935443337699,0.00154266286705647,0.015586577187655222
2716,2,0.021443694885548117,0.020646451157364805,0.01202941137940885,0.03549548830579514
2717,1,0.003637565761108265,0.0030220921823797464,0.0015244413012496145,0.00943394704908774
2717,2,0.052720554177569205,0.04418185203647626,0.0265125414221089,0.1323242950323384
2718,1,0.0010424607124845805,0.0009879015606456291,0.0005180620630586348,0.0018850187257902376
2718,2,0.01501778901721515,0.014670807702410724,0.009442933536036764,0.022582908340145667
2719,1,0.0012033990925958448,0.0011203276800470204,0.000632133670683538,0.002163562479373642
2719,2,0.017327174952818356,0.016541446514333633,0.01209776684166864,0.0257708701287598
2720,1,0.005149120154357146,0.004992275670918629,0.0029556644184112035,0.008237318030332678
2720,2,0.07529248945065962,0.07373013891597252,0.050321936870813995,0.10939110837497504
2721,1,0.0035728630734150075,0.0029280216716546506,0.001434679528814502,0.009749439376838713
2721,2,0.05162271649253459,0.042373493144012495,0.025613904646435766,0.13498064506883264
2722,1,0.0011781101985301166,0.0011159100535129028,0.0005664235734796267,0.0021560447359540726
2722,2,0.016963116746284684,0.016562880206194733,0.010187982297068824,0.026050817256603832
2723,1,0.007830972889518523,0.006137357224110731,0.0016515853653247638,0.02403300367007652
2723,2,0.027851591891683566,0.024360322812132663,0.011851301088116365,0.06483285702878079
2724,1,0.018382938526852566,0.017107636198441457,0.007534141580444248,0.036523292779655624
2724,2,0.019721337761727544,0.019077133916276967,0.012382432547816742,0.030933190180241474
2725,1,0.0024295089051107467,0.0022761799212005027,0.0012105774411918873,0.004551073080003403
2725,2,0.03502589800406801,0.033514749913532246,0.022217805980312394,0.0565060663259352
2726,1,0.004292164747707671,0.0036502916087308547,0.0011006524694520718,0.011226731565217937
2726,2,0.015218808227753053,0.014706718736272134,0.008792087091026352,0.02463433812280528
2727,1,0.0029745679728981843,0.0025507450530472043,0.001122968883667579,0.007339762567295781
2727,2,0.04278581151658369,0.03738426167397395,0.01976008105391641,0.09801782391589904
2728,1,0.0027949272572398887,0.00233323002442095,0.0010401166347493466,0.007331560473373872
2728,2,0.04023473411938564,0.03404284165796666,0.01837213185494524,0.09855277628486386
2729,1,0.020281254794039527,0.0184961660345777,0.007805911801420339,0.04336638268506965
2729,2,0.021661460087622608,0.020487414685183322,0.012975165592939267,0.03740602566771026
2730,1,0.006249459482377666,0.0056389634612190554,0.001921490803310014,0.014052936979314708
2730,2,0.02356193436189073,0.022559795990139436,0.012051234267157826,0.04091035916730607
2731,1,0.0015858408643210273,0.0015213610434717116,0.0008667235522601527,0.0026762575499189403
2731,2,0.02286521170150516,0.02257014042582079,0.01641193226258015,0.030949717845888982
2732,1,0.0034089942435485228,0.0026962297862570105,0.0013475055841919565,0.009838867422006316
2732,2,0.04929085542070016,0.039233674908507724,0.02378841160356609,0.13944479337640742
2733,1,0.004519985282995847,0.004055012115653924,0.0019038016126657225,0.009826631578563835
2733,2,0.06521999111995891,0.05974883379390131,0.033423004514007426,0.12869727595885136
2734,1,0.0026934012865149964,0.002100598043086675,0.0008979693585007636,0.008101088164362048
2734,2,0.0387448696154464,0.030616425041069477,0.015834987782861833,0.1110402091042113
2735,1,0.001909018453815903,0.0016917263099002124,0.0008653530153482655,0.004295792978257748
2735,2,0.027494855078113042,0.024556056059127848,0.015935300804839174,0.05749033333011188
2736,1,0.0019006035733832912,0.001768475347899972,0.0008914053393220174,0.0036663055474899626
2736,2,0.027446674198926303,0.026082633215018528,0.015913974734475023,0.04711156937211162
2737,1,0.005732426011981487,0.00487930967059948,0.0014656466305797363,0.014946283193823049
2737,2,0.020379631924252205,0.01964457196736173,0.011562375848807841,0.03333435320098044
2738,1,0.002338337343733165,0.0019319442575771173,0.0009026198615549507,0.0062265892123172985
2738,2,0.03367663877040538,0.028009357325167086,0.016168303104688444,0.08520729621393643
2739,1,0.011136327327635446,0.010716237129788071,0.0073069989105334346,0.01755738252846532
2739,2,0.16690646849783555,0.15985497301264875,0.09748924657744462,0.2770035260706134
2740,1,0.002301473843710956,0.0019779240603263358,0.0009689410027266097,0.005603877585951015
2740,2,0.033160503966645535,0.02868713536518789,0.017670319748419535,0.07625597655784055
2741,1,0.002434532014474193,0.0016296835399378952,0.0006345905115396034,0.009417516335362232
2741,2,0.03506448092003041,0.02368649870244728,0.010888784670716458,0.13063127543372097
2742,1,0.0014761715152859691,0.0013919490707342496,0.0007119816687020983,0.0027265063837409098
2742,2,0.0212680878056123,0.02065033222785336,0.012784565361012811,0.033286266396646697
2743,1,0.001946189582774966,0.0018201866750736252,0.0009218048277878385,0.0036924579459313655
2743,2,0.028188969403392362,0.026857512882356122,0.016163874413989636,0.04801629794128573
2744,1,0.002384392438747585,0.002046642415205832,0.001078941501171615,0.005736203476289911
2744,2,0.03442962627770903,0.02977673925104908,0.019620059281831224,0.07967725315591653
2745,1,0.029365095516168213,0.028771267057043515,0.017023958674233734,0.04520346868758462
2745,2,0.017420142151930215,0.01713287528738673,0.011084429617142368,0.02539475717651622
2746,1,0.00649781472403513,0.0055487316772960295,0.0016766525574882412,0.016835591733867516
2746,2,0.023208844837223495,0.022312864432617617,0.012975609889472361,0.03858134335230326
2747,1,0.004298300106806918,0.0023691343100168184,0.0008665152278862375,0.02700313818798764
2747,2,0.04725235372287595,0.0338524554361624,0.014500398441806842,0.16942327018345735
2748,1,0.002162607687478762,0.0020842490163019084,0.0012030053530485115,0.0035762574161835245
2748,2,0.031290883789618085,0.030896436813240898,0.022323516436462618,0.042613393596222
2749,1,0.0011254242421456584,0.0010715410382803503,0.0005830055837877244,0.001984660314362574
2749,2,0.016194266461791593,0.015890693850920786,0.01090433436746921,0.02314884814514227
2750,1,0.002956735585227975,0.0027402689044256565,0.0014253183763232897,0.005741345756216494
2750,2,0.042675479714381445,0.04034260642649592,0.025780680742964156,0.07322686591030314
2751,1,0.007097216078411067,0.006193054475618784,0.0019502473137248445,0.017457146226799825
2751,2,0.025947271087507464,0.024852078429472884,0.013857424142056315,0.044348607125952476
2752,1,0.04862667683318518,0.0476436095903032,0.028415842086616763,0.07456347408358298
2752,2,0.02892057913924908,0.028403927676887396,0.01805462895660373,0.042752297199723746
2753,1,0.0017132489249884245,0.0015346655930121745,0.0007962219298350589,0.003728850186588807
2753,2,0.024671011237339266,0.02230853499790181,0.014731283660795775,0.04913256362123468
2754,1,0.0024278257469965998,0.0021400673773947845,0.0010322129721074948,0.005537108735335383
2754,2,0.03495416714507536,0.03128859084270935,0.018525171627685633,0.07310911725982293
2755,1,0.004562988061666329,0.0038153925561862263,0.0011151547440048277,0.012426910613192737
2755,2,0.015999950094412293,0.01538500406667093,0.00904087898013194,0.026465660001629598
2756,1,0.001999379189983378,0.0019070479351770123,0.001049417916876797,0.003476415230482173
2756,2,0.028904062409528957,0.02826362581034562,0.019060220142384076,0.04259445217344759
2757,1,0.002772485573990638,0.002685735152679005,0.0016038596693105128,0.004443984443248405
2757,2,0.04024662411577723,0.03978703213159826,0.029309152226940888,0.053850893874593415
2758,1,0.009080317957909735,0.00829514832579,0.004172646755986651,0.018455702525726952
2758,2,0.13229211265677063,0.12222878514762736,0.0699712842358513,0.2521862960185386
2759,1,0.0017676020583434638,0.0016709829268792328,0.0009084494971200391,0.003188021640508454
2759,2,0.025447608610065963,0.024681433313715966,0.017000640215974087,0.038296769875091854
2760,1,0.007139565307622113,0.006347422253272015,0.002068307623405667,0.01668076418100257
2760,2,0.026479587934400837,0.02541679787928544,0.013941559644510458,0.045122167306844777
2761,1,0.0025766251212174475,0.002426833980158894,0.00129761958707651,0.004741363602012215
2761,2,0.03711608827872889,0.03582356427328516,0.023922956406199753,0.05773800315705478
2762,1,0.030499841585548828,0.027677545548706627,0.011819993895181539,0.06544529019584647
2762,2,0.03342923203149337,0.030938618708959476,0.016493233823961964,0.06498764079135019
2763,1,0.001984403041156011,0.0019110368953483893,0.0011043291901380663,0.003288140288479389
2763,2,0.02869129000420291,0.028336184767634748,0.020647580238369007,0.03879851362920767
2764,1,0.002258682129727641,0.00198169217564129,0.0009746041528922426,0.005219502459283745
2764,2,0.03252842349549788,0.02886907575751637,0.01767655842446061,0.06938116465678042
2765,1,0.010486734488662492,0.010125273245118641,0.005683137697683751,0.01738165481521981
2765,2,0.04677333048167318,0.041832723354275514,0.01405612842430041,0.10724698919564563
2766,1,0.002811150131815107,0.0026430263455211184,0.0014132222045311618,0.005175092135568634
2766,2,0.040566216274180014,0.03894495362319015,0.025895629952284293,0.06488486168188365
2767,1,0.0013356055286063017,0.0012812661692719598,0.0007309463267505314,0.0022499950774998905
2767,2,0.019244244698902627,0.019014319405966207,0.0139796665310226,0.025778820275129365
2768,1,0.009111434170438668,0.00770774911100861,0.002295164317373212,0.023968733202593465
2768,2,0.032372979829178423,0.03111463433654006,0.017867529422670336,0.05432358050720706
2769,1,0.0018397753030231982,0.0016540925434122972,0.0008944512650773307,0.003892659519794536
2769,2,0.02650981134269169,0.024146299044486667,0.016691686569120963,0.05158607291659973
2770,1,0.007788474058745086,0.0071283138483969,0.004120718339260609,0.015551485886913033
2770,2,0.11419714685778613,0.10457579232508726,0.0672839625683804,0.22019883596775966
2771,1,0.024148755115599375,0.02289929665780318,0.010660904692885617,0.04463774760655172
2771,2,0.026069815434639945,0.025658182934285328,0.017236733394609967,0.037209068538289605
2772,1,0.01921318667721317,0.018393548818507067,0.009158390423864647,0.03391357811836782
2772,2,0.02125077677148708,0.020646654921264142,0.012354324135754647,0.033503299080371834
2773,1,0.006352808886739698,0.00555317194099122,0.0024484576004361446,0.0150220645934345
2773,2,0.09200616462966224,0.08160861153228621,0.0413639013603856,0.20299932819966768
2774,1,0.020962863799053964,0.019565633642007862,0.008674614073866223,0.04126155564941297
2774,2,0.022497501212919564,0.021863126722375097,0.014237869236925986,0.034536156420056016
2775,1,0.0024780923181301436,0.002193564460119179,0.001055660119247212,0.005601799200954975
2775,2,0.03567817359112449,0.032113860478966465,0.018972345603770008,0.07355290021739593
2776,1,0.0022012867782028054,0.002112737243562161,0.00119077651669991,0.0037133607624820525
2776,2,0.03190016986833233,0.03131941347584539,0.02140087323159218,0.04574678165029182
2777,1,0.0014860017140720997,0.0013691357171994397,0.0007575159193092828,0.0029051534689730567
2777,2,0.021404050196669567,0.020066824788434412,0.014298956211704668,0.037442877383486554
2778,1,0.010386320218097546,0.00914599342260831,0.005534741954705665,0.02303922049986042
2778,2,0.15413760216349134,0.13591437990329341,0.08138930829444417,0.34357418964223574
2779,1,0.005567007825606248,0.005397712941963833,0.00314782885347009,0.008986246201663382
2779,2,0.08199452019629401,0.07937356135493406,0.05061796612065283,0.12859940917916254
2780,1,0.0025577175041863296,0.0020290599124970134,0.0008642042897806081,0.0074842572809233395
2780,2,0.036859298840786515,0.029427600136657222,0.015129638193282688,0.10307257545083162
2781,1,0.001578814601974063,0.00148481724127713,0.0007743793216595708,0.002914234164339895
2781,2,0.022724690315397165,0.02198791580489138,0.014155611845944336,0.03564187171604021
2782,1,0.004336064829312853,0.003632543163100858,0.0010744909333425508,0.01169899227197574
2782,2,0.015222205741930794,0.014719358613806969,0.008746787031133903,0.024616715752962905
2783,1,0.00134742470455426,0.001225580696038701,0.000673925705307084,0.002745345871613744
2783,2,0.019399523555090892,0.01792149314632986,0.012783299900762955,0.03577502602635338
2784,1,0.0009426434952597958,0.0008896829339646893,0.00046047331060305687,0.0017256665838311363
2784,2,0.013564870883028685,0.013208920184193753,0.008418276297958221,0.02071769982426424
2785,1,0.004406094806817393,0.003698760687974679,0.0010976638672703792,0.011838729596805887
2785,2,0.01546855094261957,0.014967117706402095,0.008963666079572117,0.024845992882307412
2786,1,0.001650680280512866,0.0015407429755512944,0.0007803919270901234,0.0031617115771900737
2786,2,0.023765592959317086,0.022786677989452348,0.014120184177545956,0.03918659344295669
2787,1,0.003037609666850326,0.002613777915524787,0.001010511107953053,0.007598792590503128
2787,2,0.04369559917200067,0.03852101548592164,0.01710032413152252,0.10154171661430406
2788,1,0.0016954867214019026,0.001536783771455082,0.000779835333701633,0.0035625456843254625
2788,2,0.02439559743440344,0.0225083396053636,0.014197858417158928,0.04606162900427409
2789,1,0.005575175958711543,0.0046233386833154045,0.0015101871943974754,0.01522161937047913
2789,2,0.08025780440495359,0.06836126029347407,0.02484210699218651,0.2052219198500008
2790,1,0.0011622624808147882,0.0011062587469974684,0.0006217977044555409,0.0020259588168718224
2790,2,0.016731052567192563,0.016357607873148633,0.011905471957688167,0.023723955683846547
2791,1,0.003256908208030002,0.002689619556515873,0.0007829675805549008,0.009031441843368158
2791,2,0.011361301049684556,0.010860950545698612,0.006415841073803401,0.019183453546543914
2792,1,0.0012817183386070693,0.0011142901714043252,0.0006032192611537099,0.0028879601753711392
2792,2,0.01844537921850359,0.01622542935046034,0.011391964599631406,0.03939246270381833
2793,1,0.0017171169969706606,0.001491811699772917,0.00073992012454964,0.004075212583100242
2793,2,0.024716929768650676,0.021685079807442654,0.013447114311688024,0.054470779319315696
2794,1,0.0027539569422131305,0.0022541041551846458,0.0006558669736337709,0.007723314597405199
2794,2,0.009570133294789611,0.0090865110899183,0.005473534643759723,0.01616303974507706
2795,1,0.0011695524195821012,0.0011141906927550436,0.0006055784063005077,0.0020455328608099646
2795,2,0.01682322843623296,0.0165556269740003,0.0113533128321234,0.023809531850215303
2796,1,0.0017752315612097086,0.0015081370780822105,0.0006829018434802122,0.0045275431289974145
2796,2,0.02554350473184003,0.022015739156180623,0.012099831783400149,0.05989072807651668
2797,1,0.03622284446275449,0.03513094159396636,0.019335923441911086,0.0593456943420627
2797,2,0.02118715761160485,0.020871233550891682,0.014249607851435918,0.029857463237591603
2798,1,0.0018323307561207043,0.001606524676056559,0.0007757377795645984,0.0042520056497478064
2798,2,0.026372619208384462,0.023446847846914667,0.01396444987821792,0.05619603051589479
2799,1,0.001975737636630185,0.001826689346428626,0.0009091148275347937,0.003909048788237469
2799,2,0.028435838179529657,0.026875477498976598,0.016322604156021037,0.049372106184822816
2800,1,0.0017151266619388431,0.0015365534066645948,0.0007549423027441647,0.003718940710679057
2800,2,0.024685031671313536,0.022494524970163104,0.01376197407856733,0.048668509773188616
2801,1,0.002508939710257303,0.002321225255166348,0.0010802899685243546,0.005045077271554901
2801,2,0.036108241995588486,0.03441707307609486,0.01871986132396993,0.0634342055742073
2802,1,0.016198805840855438,0.014194170695225411,0.005641215205823346,0.03879331325183058
2802,2,0.017208191480062945,0.01564001925244722,0.009369027488497269,0.03511100045197476
2803,1,0.0025974317277474577,0.0023279941394080414,0.0009847170611434995,0.005777059255911596
2803,2,0.03738272174560841,0.034394689068411505,0.01664005463389462,0.0747824396110668
2804,1,0.0045815850485004415,0.0038567423298459464,0.0011465409773901698,0.012299253229668265
2804,2,0.016131319419581448,0.01557607943200719,0.009275883910472344,0.026116862369154357
2805,1,0.0019060749715859933,0.0017479563236206612,0.0008560352327662765,0.0038939182277445525
2805,2,0.02743870260021009,0.025689920266004713,0.015262522983266982,0.04964918843245479
2806,1,0.004444513089203296,0.00372868838337213,0.0011055314331687863,0.011959179138345285
2806,2,0.01561195359808939,0.015074623560890522,0.008970535275029617,0.02533097303056775
2807,1,0.0010558257169459954,0.0010096266952418233,0.0005609204668776205,0.0018228934253818616
2807,2,0.015190234363794429,0.014984495008312558,0.010701658608387917,0.02084268385513169
2808,1,0.005572741339893259,0.004718959764256405,0.0014062734970026268,0.0146729686897948
2808,2,0.019754030653133043,0.019021068237211745,0.011093759053941719,0.03251330739666434
2809,1,0.0030881546166005055,0.0029264029297251136,0.001573502165634272,0.0055390604241426665
2809,2,0.044436213033183215,0.043387063167295806,0.02921969319967811,0.0656970552145794
2810,1,0.002628666288087745,0.0024702585613777367,0.0012730009585608063,0.004908154878247076
2810,2,0.03783714586084654,0.036465358899977415,0.023364687859667978,0.06011595254093865
2811,1,0.0031565278786891172,0.002951769338670769,0.001515783492044788,0.00596591539158753
2811,2,0.045419952255496256,0.04365702426527257,0.027525892989031055,0.07325809293307413
2812,1,0.011010706743855857,0.009049966185018792,0.0025630489676181966,0.030720793398694858
2812,2,0.03825785860066831,0.03675193678523149,0.02072386294043148,0.06451786053445206
2813,1,0.003338589661278405,0.002950776955825266,0.0013222093140194727,0.007640911071138932
2813,2,0.04800665212055584,0.04338057903840532,0.023346124323024388,0.09959114852277032
2814,1,0.006402270517763345,0.005240897636145983,0.0014859952311095388,0.01803999436264285
2814,2,0.022233048159648095,0.02126449772587987,0.012100277369122404,0.037963550679871116
2815,1,0.01347657120065785,0.010805072473304249,0.002900083100135969,0.039794034451998216
2815,2,0.04675784438816733,0.04390185322185896,0.02221825237903929,0.08762463726281526
2816,1,0.0030549494347564396,0.0028623372301919076,0.0014663258841126304,0.005753330145467872
2816,2,0.04395505573594656,0.042301889549968275,0.02675559009823525,0.07061662061754004
2817,1,0.003437412895190865,0.003233894526250134,0.0016605474650226713,0.006416018266704685
2817,2,0.04947024545647054,0.04781444444345779,0.030538386424339543,0.07803377506361321
2818,1,0.002277565157910462,0.002143704415749954,0.0011363055269243058,0.004212336413041073
2818,2,0.03277330724224228,0.03169179064732289,0.020992644983734085,0.05081830296253592
2819,1,0.0024585458402903763,0.0023370691144235746,0.0012812346878544416,0.004330428397803806
2819,2,0.0353669663071478,0.03463276712800861,0.02404593701297134,0.05059135703665088
2820,1,0.0042561349597042206,0.00402750000405736,0.002137927487265462,0.0077058101774334945
2820,2,0.06123672713975675,0.05966971392750965,0.0393628140814452,0.09197129567652274
2821,1,0.003153779064037963,0.0029782565408750746,0.0015768466288946072,0.0057521129340937695
2821,2,0.04537871143595733,0.04416497798345774,0.02907330351420085,0.06876727579270119
2822,1,0.003846570181148806,0.00365089276699505,0.0019509259363272855,0.006905750449347224
2822,2,0.05535331952450054,0.05408699932829544,0.0361810092407718,0.08171336634564248
2823,1,0.0016929825541316399,0.0015974079801098972,0.0008658741018892292,0.0030586910557872755
2823,2,0.024363791326350956,0.023564395847296513,0.01629340304231458,0.03708109821006988
2824,1,0.006739937819581762,0.005591056959455387,0.0016249769589618045,0.018596839135326157
2824,2,0.02355413756552406,0.022598841821926573,0.013147693107910464,0.039374131010814516
2825,1,0.0017999821310477745,0.0015811091488480856,0.0007927909052315723,0.004111709065983865
2825,2,0.02589349657034542,0.02305311736820318,0.014522416636874692,0.05452340226914185
2826,1,0.013051861495456575,0.011854855503610895,0.004906487198723578,0.028134396778085626
2826,2,0.013583496638381539,0.013402902583119897,0.009680606065334893,0.018545197182211377
2827,1,0.005151906986337676,0.004134302857676924,0.001149468103469252,0.015156627401124934
2827,2,0.017892343330665465,0.016595377712718306,0.009206716684441741,0.03405930338546528
2828,1,0.0045340359405550605,0.003691911930782019,0.0010465587042526483,0.012956309086669272
2828,2,0.015742948972694945,0.014884886779641783,0.008503349104140268,0.027986950084481235
2829,1,0.04467414910845341,0.04180729698579919,0.0185093337823386,0.08721232075927166
2829,2,0.04753840330594181,0.046841883422154396,0.032745415168358404,0.06632378761896932
2830,1,0.008063229856092865,0.006624460788081264,0.0018905218271641285,0.02258765460335656
2830,2,0.028073011090384497,0.026844650113607822,0.015173114234429576,0.04795133608222697
2831,1,0.0036332569381365863,0.0029466227106350984,0.001152783498877672,0.010169577977634632
2831,2,0.0523145526864967,0.04319894370811421,0.01992181474037522,0.13902991254905095
2832,1,0.005210818774833866,0.004301161414238735,0.0012415822223980381,0.01450996155546391
2832,2,0.018106037350352155,0.01743751319500997,0.010264170289434856,0.029873746116286206
2833,1,0.0017249050307303752,0.001427333442586282,0.0007288889299335298,0.004593547321263651
2833,2,0.024805756881711837,0.020546695245900054,0.013601092555195649,0.06315448676115511
2834,1,0.003724531914606827,0.0030505002591747947,0.0008782507894132598,0.01050815377583273
2834,2,0.012931806576671145,0.012304652016808932,0.007346662943450797,0.022134717124415757
2835,1,0.0015084941463982284,0.0013659727384662224,0.0007369606436337662,0.00313566509606942
2835,2,0.02170339230662774,0.01990894356096782,0.013957923247154634,0.041396342543815794
2836,1,0.0012491869045390563,0.0011631328839106349,0.0006520424849492257,0.0023020941240615967
2836,2,0.01797059487810726,0.017133492673897095,0.012586353735058389,0.027778109058967264
2837,1,0.00317068146607824,0.0028659449009938334,0.0013445515693235037,0.006777257172770245
2837,2,0.045623043922692785,0.042139647737851865,0.023865875951539783,0.08746323855343398
2838,1,0.005581766170259262,0.004599811240786864,0.0013146344888792395,0.01562043823910402
2838,2,0.01941854176405033,0.018597342263166533,0.010785119101013402,0.03287504212834747
2839,1,0.0023561246777447043,0.0021849812220888516,0.0011112983891473796,0.004584888859639272
2839,2,0.03391340272223108,0.032272296039497106,0.020228350920237743,0.057372184291941034
2840,1,0.0013802861787420222,0.0012638485051883717,0.0006855446468225256,0.002761285385018053
2840,2,0.019853271883371715,0.01847377897575661,0.013029389260640397,0.03554800577151614
2841,1,0.0158585479584416,0.013837759946908166,0.005664088724983342,0.03642796991995087
2841,2,0.01646187959549532,0.015374605967510552,0.011130985928536516,0.027337361255639243
2842,1,0.0017264324142405804,0.0016059139859204035,0.000834987004845141,0.0033293834477268634
2842,2,0.02484798643164695,0.023605231788859572,0.015447320400848187,0.04161519321242017
2843,1,0.028002109177710077,0.025905543695190526,0.011141158707774336,0.05668006384078389
2843,2,0.029609506026601326,0.029067614633858804,0.020186247595627912,0.042002232659888124
2844,1,0.05204054244323573,0.04563814308950987,0.016840302497833422,0.12359271647829742
2844,2,0.054514028194636646,0.05108406866228807,0.028350585356764102,0.10021581567958346
2845,1,0.0029657880006970882,0.0024470276029398717,0.0007029570892219045,0.00833389824820259
2845,2,0.010304741720089739,0.009936958783560969,0.005746146417910939,0.016935693988406664
2846,1,0.026678534862883248,0.02452324690081012,0.010288218308435022,0.05561848405905421
2846,2,0.028356479212404508,0.027372293551086765,0.017449981890607067,0.04494751709899053
2847,1,0.003138484351521395,0.002718046496233036,0.001169716543822103,0.007563693622403264
2847,2,0.04517004980346796,0.03999115475011285,0.020452147145599113,0.10029224144445657
2848,1,0.00267625467364111,0.002375170104175217,0.0011050787655759139,0.006023401349100729
2848,2,0.03849385584539498,0.034947915648028724,0.019601858741339278,0.07891083131902991
2849,1,0.018259638386277414,0.016227703149441774,0.0065176166577086666,0.04173835024907792
2849,2,0.01908612932026247,0.01792107568606649,0.01201905099204802,0.03326701366744058
2850,1,0.002817135370782703,0.002501492297483492,0.0011553769051519409,0.006356325265477251
2850,2,0.04055492572111276,0.0367887956756231,0.02056619193538784,0.08280245671583583
2851,1,0.026506030063898234,0.024877772341541083,0.011226727309417909,0.05076734170920586
2851,2,0.02829030411690574,0.027917009845168962,0.0197361494220996,0.03901240833734231
2852,1,0.02112324183180336,0.019415348397011215,0.008232003790915939,0.043745251284684615
2852,2,0.022313128522273695,0.021707405691010748,0.01471348045058123,0.03339200785896628
2853,1,0.006217773534151524,0.004936636087993034,0.0013441713395436737,0.018512817056187007
2853,2,0.021620207230517493,0.019826745178716895,0.010501386854849791,0.04329296079165158
2854,1,0.004702672065372149,0.0038495603891056415,0.001101188330803356,0.013316334365640298
2854,2,0.016379660252580353,0.015484977096793123,0.008876904337288235,0.02901457601611069
2855,1,0.005543542497879235,0.004540140517114552,0.0012818838028248248,0.015663288317341418
2855,2,0.019287414245826563,0.018339566052305016,0.010415659979637231,0.0337036599492092
2856,1,0.005328809602313745,0.0044645511629250925,0.0013073515201386923,0.014338704218003557
2856,2,0.018730769406851422,0.01806248390690099,0.010611526817965419,0.03067713328099538
2857,1,0.004841667569972658,0.0038681329079576607,0.001066044695405655,0.014455815815873118
2857,2,0.016798876136403254,0.015392701297267952,0.008562866420009857,0.03348192140287005
2858,1,0.01805547862851306,0.016120289724817057,0.006474609452826768,0.04096053547158576
2858,2,0.018812513758422692,0.017888216582813928,0.012142541470908689,0.031018439730759084
2859,1,0.03319463752220572,0.028772263831580495,0.010635625262519972,0.08150767873409166
2859,2,0.03460884481833,0.0320776366645456,0.018476385266912535,0.06543113997367195
2860,1,0.001753121787770738,0.001625556913309667,0.0008601449597913698,0.0034113981247532025
2860,2,0.025229615457899212,0.023845377219817596,0.016041154018674304,0.04280335029927083
2861,1,0.0036647242580557424,0.0029833004690773077,0.0008596609382626616,0.010398838219456185
2861,2,0.012778997647496466,0.011963286761253914,0.007081298052245352,0.023217029696991565
2862,1,0.0035667015188856925,0.003008960060163077,0.0012713275568974364,0.00919586282832041
2862,2,0.051349854114349794,0.044050841399748894,0.022307246353973915,0.12355730499742038
2863,1,0.0011659866506294244,0.001095813643746908,0.0006162999950555742,0.0021056988507704264
2863,2,0.016778144595938082,0.016148931031283967,0.01186059325550406,0.02504131720549386
2864,1,0.026771407605762246,0.024263008409962948,0.009867788953592676,0.05796383015123167
2864,2,0.027895954529590726,0.02725448444255873,0.01865058547003521,0.04075118257444879
2865,1,0.03157984909470442,0.028997391330930003,0.012203313681628527,0.06560644350134613
2865,2,0.0331143568333895,0.032578141285438844,0.023145242962584443,0.04606394087456131
2866,1,0.0024917974402205822,0.002322607756285248,0.0011918449578325844,0.004774136724413925
2866,2,0.035867304586825265,0.03424006747859869,0.02173371051990296,0.0592465769814625
2867,1,0.001220460950704024,0.001166694718344049,0.0006419172852616149,0.0021095791362975872
2867,2,0.01752943138714498,0.017277999207550812,0.012066160969774939,0.02443804345962519
2868,1,0.02569278657775625,0.02298818978186111,0.009006243298622407,0.05834160227700224
2868,2,0.026821636874798358,0.02566638409805507,0.016347888799883033,0.04413264001561415
2869,1,0.020539102131661425,0.018768632458463108,0.0077691546641918295,0.043579010553991965
2869,2,0.021527064564450384,0.021019835627510405,0.014486686889945578,0.03145119743143416
2870,1,0.022579575074886032,0.018286931649316947,0.0067539250198138225,0.0636929694815887
2870,2,0.023520698634399692,0.019790097338868377,0.012198303145656073,0.058747571016279636
2871,1,0.0027111861879220715,0.002483179142488674,0.0012013697354793938,0.00556052204942456
2871,2,0.039023610381834835,0.036551687960786644,0.021685520203609976,0.07061366917639994
2872,1,0.018251984553993215,0.015815680225334687,0.006123921805965638,0.04467439415056065
2872,2,0.019013411972126453,0.017340070940375714,0.01135696571536358,0.03677821603269874
2873,1,0.0012677076182909567,0.001171510550268789,0.0006525981748774634,0.002345264766535985
2873,2,0.018228240627494483,0.017266005188054205,0.012514901118418626,0.028259685227573182
2874,1,0.0015825591668987443,0.0014334960968086915,0.0007553559361638623,0.003313697583923244
2874,2,0.02276669567672566,0.020895882669686103,0.01416053592290443,0.04323865861730499
2875,1,0.026298396907372967,0.02444514986658554,0.010608890871111224,0.052706287208247764
2875,2,0.02790022597049681,0.027398245034159507,0.01892055747307814,0.0397883908399055
2876,1,0.0017362007376498284,0.0016230733895860336,0.0008601911035353852,0.0032647124385351066
2876,2,0.02498509623521217,0.023903196270304773,0.016024925377376133,0.04023033323635812
2877,1,0.001122034347389888,0.001075464223162582,0.0006129558483342263,0.001899497691954444
2877,2,0.016146925291576714,0.015969411022363315,0.011854161646307065,0.02145847586108313
2878,1,0.0013782333174408186,0.0012389246976723446,0.0006724282786640047,0.002904846356152563
2878,2,0.01983420699471981,0.01808028712634274,0.012707276807994492,0.03853248370272462
2879,1,0.038788439826968085,0.029739336045236875,0.009586304653131473,0.1226302406739697
2879,2,0.040392604456076626,0.03259960853778958,0.015768204098212255,0.11157738223664572
2880,1,0.00221504419217053,0.002036551498946982,0.001026648905969202,0.004459633874587907
2880,2,0.031867353173002745,0.02995291719956031,0.01868707691449107,0.056200283064026725
2881,1,0.0035811063561836795,0.0028276350223306003,0.0011260724089073304,0.010571360444286177
2881,2,0.051542890969494645,0.04145894000531533,0.01959993119186276,0.14334250900231993
2882,1,0.006048255361714451,0.0049984647402333705,0.001442687427945767,0.01681787227358421
2882,2,0.021067803010256812,0.020232117241808588,0.011777855279816181,0.03510955864273956
2883,1,0.009930502534028855,0.007995672722979904,0.002179624962010387,0.028915037245911043
2883,2,0.034713340267370045,0.032216870798905596,0.016495196660885166,0.0674065650235386
2884,1,0.044246095709452676,0.03824394905593744,0.013775862720540906,0.10958485715005012
2884,2,0.046142529539624166,0.04271694754590635,0.02330550800977702,0.08861241487510822
2885,1,0.0023548783309487887,0.002103922231067686,0.0010161963856010028,0.00517765447334545
2885,2,0.03387494680175696,0.030848546503954702,0.018386092583449375,0.06693167901667696
2886,1,0.001640277324738281,0.0014324813617447461,0.0007452872073420537,0.003801665471591342
2886,2,0.02357989438555542,0.020769405896941436,0.013972204520798235,0.05145704566363243
2887,1,0.0015314444380567015,0.001431712221319762,0.0007711072831542163,0.002871204309785033
2887,2,0.022041753446837342,0.021028956703923574,0.014502016738976874,0.03558640682585149
2888,1,0.002559192108664557,0.002326269931048732,0.0011313364289657342,0.0053299824037725246
2888,2,0.036838607069562386,0.0342366485376233,0.020273014202094004,0.06844777142679134
2889,1,0.0022424113304515473,0.0020743213718907227,0.00105066579578089,0.004406582767390672
2889,2,0.0322650574747614,0.030555114806700052,0.019110380179560547,0.05536389184991525
2890,1,0.003106249499007983,0.0026866464411177916,0.0012005430400486177,0.007501506479004273
2890,2,0.04467955088639411,0.039479068856510084,0.02100930880535739,0.09895555170537196
2891,1,0.0019152199841779207,0.0018037986523877904,0.0009656012459894987,0.0035138831489865694
2891,2,0.027560507968371204,0.026598768626651288,0.017960482107782543,0.04278967828287327
2892,1,0.026410857675997355,0.02325584045148893,0.008975372187189336,0.062148129426477884
2892,2,0.02750887962197558,0.025911766918495074,0.016144655363028584,0.04817292601312904
2893,1,0.004039654340843455,0.003694512062545895,0.0017452315301049123,0.008308692851979622
2893,2,0.05811565959050678,0.05467357110708325,0.030922534004435915,0.1049166421348909
2894,1,0.02459671413904837,0.022380687529798927,0.009228533594276445,0.05272931891737895
2894,2,0.02594634320033969,0.02500129068419254,0.016326535663246242,0.04106056298908965
2895,1,0.01987845748172445,0.01891947042984468,0.008961579387301674,0.036093884399707
2895,2,0.021527257424692834,0.021214603886845873,0.014271613238077702,0.030526524942944572
2896,1,0.007611643562885097,0.006130773807177256,0.0016867807573959367,0.02223431788132496
2896,2,0.02642259279765186,0.024733370834390082,0.013346060023963942,0.04923419010758513
2897,1,0.030773242883955464,0.025767840248302122,0.009196592340678905,0.08211402071036454
2897,2,0.032158070630530465,0.028375505594723308,0.01566026847644652,0.07105007879370571
2898,1,0.001492834126786836,0.0013176108521082278,0.0007082256121207143,0.0033201240343811865
2898,2,0.021488715948965374,0.019200321196118184,0.013356126421307382,0.04451045237973517
2899,1,0.0057591195455161575,0.00472141204937496,0.001356394580042291,0.01619864154309836
2899,2,0.020034702735371966,0.019133963238433582,0.011039947908861841,0.03422708436868979
2900,1,0.0029767494481238448,0.0027076936421549366,0.0012909110307617352,0.0062369720959494866
2900,2,0.04283433848169155,0.039905412575873565,0.02305723776869242,0.0797369637078284
2901,1,0.005521993044550631,0.004585029152017335,0.001335998175886316,0.015156225006259882
2901,2,0.019334282570159424,0.018527359288451242,0.010779610084245406,0.03256597263241208
2902,1,0.0013065694035078207,0.0012276369516226937,0.0006790463029753752,0.0023866483081635293
2902,2,0.018797579488475415,0.018076270715166987,0.012964781255331088,0.02911832387869584
2903,1,0.00513470970630954,0.00417103697308195,0.0011772898921276905,0.01475361245529383
2903,2,0.017821932153808624,0.016814794702630753,0.009548982742035863,0.03212324585314529
2904,1,0.0029813789186954602,0.0027941266712336677,0.001441562945121966,0.005583318191545518
2904,2,0.04291467438860711,0.041373341496355145,0.026257983922983525,0.06832171316512639
2905,1,0.002677835417748025,0.002477872357070013,0.001246033140667888,0.005238390787711999
2905,2,0.03853050204927784,0.036585788659710856,0.02251444706840249,0.06553316217272359
2906,1,0.001377078178624319,0.0012609499195089273,0.0006854563536331444,0.002754310547433452
2906,2,0.019813516445737294,0.01843020361440434,0.013025332560311957,0.03572264083203885
2907,1,0.027341716715188334,0.02533375421839773,0.010876988747996435,0.05540248536764871
2907,2,0.028956202247032752,0.028341661637337784,0.019377945492290074,0.041973067611183065
2908,1,0.024547006208804095,0.02282644247040827,0.009957302583362455,0.048876813104000244
2908,2,0.026128554735589074,0.025557390336250235,0.017180216569900694,0.038393050728782185
2909,1,0.04345616569800222,0.03627535416881669,0.012224134624157586,0.11651883253761784
2909,2,0.04514764553258989,0.04031047386585357,0.020796977740650365,0.09774610485183237
2910,1,0.014557552289866325,0.013242537251257335,0.005503435534193581,0.031162421549440086
2910,2,0.015126032894993603,0.014944752657980943,0.010936633251304118,0.020365897351151387
2911,1,0.0013537553165540923,0.0012478726707777132,0.0006785362980779673,0.002646042048660432
2911,2,0.01948074904385209,0.018262930534262194,0.012937207323980227,0.033777647987768354
2912,1,0.026396305220117038,0.02359018478059293,0.009263471265265543,0.059831650424958534
2912,2,0.027668577262727395,0.02624998536956559,0.016376242785291078,0.04719372031886175
2913,1,0.006031722592542189,0.004951331490617343,0.0014107442994141265,0.01693826637027361
2913,2,0.020952143568887867,0.020029899443483642,0.011462608350718162,0.035690039444933166
2914,1,0.0023545096934797236,0.002167974757934619,0.001084639363648479,0.004726208905251858
2914,2,0.033868168101215776,0.03194283657959572,0.019669247899119894,0.059260216372472065
2915,1,0.0030937557147068607,0.0028613476357951953,0.0014060900036392062,0.006128552739467098
2915,2,0.04450178332765401,0.042253733556264994,0.02530939553916289,0.0763855072038377
2916,1,0.0028143451170410203,0.0025917359257285454,0.0012701352100216651,0.0056602606774889975
2916,2,0.04049106171528627,0.038210664515121014,0.022832210124291458,0.07120979397595471
2917,1,0.019113655874993765,0.017473461034270048,0.007304759520393776,0.04014366411600599
2917,2,0.020039941837967038,0.019601560960316042,0.01371966929355219,0.028858738014326455
2918,1,0.050131722632910984,0.04699925200809549,0.021012898773477333,0.0970527881188708
2918,2,0.053610412211239335,0.052632412742942135,0.03580444926311657,0.07677412434858844
2919,1,0.008898201899030178,0.00686815646557817,0.001737027381077245,0.02801655348080169
2919,2,0.03097207707822946,0.027438162157349184,0.013034994145308471,0.06979447692100112
2920,1,0.0024721580430413195,0.001989295013233485,0.0008601041373614718,0.00696904411569078
2920,2,0.035568860711362144,0.028980240449104588,0.015164001807053297,0.09470275728253445
2921,1,0.006765448083802874,0.005577398992931467,0.001607263114468659,0.018755532457625394
2921,2,0.02364365764458152,0.022569458166353903,0.012849851975086667,0.04060967247577694
2922,1,0.03020451227939535,0.028717602875856993,0.014369929684594782,0.05448992167850978
2922,2,0.017313589005909208,0.017047967779788387,0.01219860145513737,0.023858329321604126
2923,1,0.032836093885120606,0.028877198863831145,0.010890091892204358,0.07792959682345013
2923,2,0.034419404373588855,0.03211583057061572,0.018727159503313554,0.0631322026961982
2924,1,0.0025441429083649975,0.0019846980093658336,0.0008635943959175395,0.007666795804726138
2924,2,0.03663813346017027,0.028747726833498535,0.01536562851285179,0.1059559330091513
2925,1,0.0019215958056551363,0.0017940853302232788,0.0009429743898387553,0.003643032313777209
2925,2,0.02765029301614672,0.02641716891185145,0.01738818903378756,0.04539758091523584
2926,1,0.0009149889575034805,0.0008727272924336929,0.0004775475157591127,0.001596072700291242
2926,2,0.013171636016002694,0.012973364721068498,0.008898240258027056,0.018630455568038735
2927,1,0.01627437055868667,0.014709359794117199,0.006385296674188077,0.03528971290397224
2927,2,0.017399771654845433,0.016204184890429872,0.010681267937612187,0.03153770570877109
2928,1,0.018684936711226802,0.016815795248830277,0.006832818521103017,0.041256979414602914
2928,2,0.019739742228276496,0.018620988175633655,0.011973707051896917,0.03422687772839473
2929,1,0.0009543164698751958,0.0009129862852115299,0.0005093420942423473,0.0016379226958041625
2929,2,0.013732362944692527,0.01355723545475709,0.009677437683627537,0.018827030999540324
2930,1,0.03128313797442298,0.02823285753818272,0.011387838735268177,0.06867970433562966
2930,2,0.03315475836948626,0.03149019360890237,0.018960010293116853,0.05671431248717019
2931,1,0.0011272881357875628,0.0010769882887859074,0.0005911388881253248,0.0019537504368520894
2931,2,0.01623283336524816,0.015981525608467745,0.011087350134243185,0.02278844645357481
2932,1,0.03239231883446167,0.029565094525585887,0.012173265469032512,0.06887534221487744
2932,2,0.03394712699649344,0.03318592355746863,0.02252386379781144,0.049700768212342546
2933,1,0.00528868420701567,0.00450282259894963,0.001359345480958284,0.013813704504529635
2933,2,0.018877470233603623,0.01808454382650919,0.010524526887525453,0.031848055677835156
2934,1,0.02434519770793859,0.021612851526557526,0.008427546802910978,0.05646234061398258
2934,2,0.025660696630403546,0.023958145864489154,0.014382318075042099,0.046846338015887036
2935,1,0.0013574136803778194,0.0012971130535415643,0.0007239853895386363,0.0023338566482647084
2935,2,0.019534043928065358,0.019257105942075393,0.013745735692155375,0.026877595522476698
2936,1,0.007604111007735481,0.006214753140855704,0.0017550089407103154,0.021549264207626744
2936,2,0.026507456042879563,0.02517806619046005,0.013861935459171797,0.04701942807906045
2937,1,0.019756761543972257,0.01850296075077413,0.00912660238389894,0.03761668364517831
2937,2,0.02201098345505505,0.020769888671573616,0.011556058820951115,0.039666592624960036
2938,1,0.01669268917532815,0.015353383069886201,0.007856813399135376,0.033956217586368485
2938,2,0.018745875508228062,0.017249827328213462,0.009449645927585185,0.037498394606212335
2939,1,0.003490977402823757,0.003202869429842751,0.001513992498027657,0.007128148238484589
2939,2,0.050254002246650935,0.047358842292995584,0.02666636567313128,0.09093180360038346
2940,1,0.02894291793407539,0.026701771074286687,0.011428199529360295,0.059333084525966515
2940,2,0.030549384884698605,0.029981471147680426,0.02071447973828441,0.04356838527281743
2941,1,0.03598924365562149,0.0332192357347523,0.014272991707060813,0.07329729775352511
2941,2,0.03796508633323109,0.037318377140778666,0.026128604312516256,0.053559005377162267
2942,1,0.002832519161075333,0.002165628002425042,0.0008591166152483499,0.008967896591878901
2942,2,0.04076598271976451,0.03156089766069485,0.014938958334315786,0.12345171887517453
2943,1,0.02261360928582829,0.02032955961756692,0.008112268484936992,0.05040935943125494
2943,2,0.02367537572161261,0.02261699848212953,0.014705331118472177,0.038751634872881115
2944,1,0.012705345645267433,0.011602715066585192,0.004875154643057388,0.026896689503185713
2944,2,0.013243028980933429,0.013077274833399141,0.009564583455779433,0.017887544302291385
2945,1,0.035412965125407446,0.03206215954648629,0.012973156479668136,0.07708002057239548
2945,2,0.037007744808781995,0.036025355782287646,0.0237049658135682,0.05596625053445561
2946,1,0.012298600969879404,0.009820793655655137,0.0026313119111200673,0.03658651298689998
2946,2,0.042798135550416117,0.039666410898316504,0.01985621749006172,0.08385796513904002
2947,1,0.054610164803280514,0.05224734056947193,0.02666872222101019,0.09639841426604685
2947,2,0.031507890729512676,0.031007719484772427,0.021564680583649406,0.04442762503441001
2948,1,0.008049614008945676,0.006678997129500231,0.001937572730487935,0.02210727759998144
2948,2,0.028172254761982134,0.02703094059444188,0.0155828897625745,0.04729296042256118
2949,1,0.007088241095535949,0.005725307752316756,0.001579004032986424,0.02061164450594859
2949,2,0.02468909152404147,0.023028397285873463,0.012371029768024809,0.04652278912891902
2950,1,0.009420716448536195,0.007611881157215359,0.0020935596593075665,0.027269651570462673
2950,2,0.032840654211267764,0.030758533604802532,0.016158290481542336,0.06177657339250534
2951,1,0.0214186691299653,0.019515641213095167,0.008046005354028442,0.04588017598206506
2951,2,0.022369399157407065,0.021893691784645113,0.015268726215578614,0.032262902515892346
2952,1,0.03354550470014333,0.03201074603814352,0.016276794791007406,0.05957839899020303
2952,2,0.01928080710250929,0.019011823324203425,0.01367625311712357,0.026377112607872382
2953,1,0.00704442525864213,0.00569099578718016,0.0015621153435273721,0.0204009286395511
2953,2,0.024681453844906668,0.022876238527625,0.012043108414600158,0.04767330071060642
2954,1,0.04087695105872183,0.03630390543617713,0.013965299878461094,0.0940427709627259
2954,2,0.04305072875791392,0.04049654140447857,0.023431823695200603,0.07749470548749687
2955,1,0.004943454488645164,0.004158145652879275,0.0012245707981689473,0.013225724870066768
2955,2,0.01756565455881878,0.01665811486030918,0.00950858285634976,0.031071076845281796
2956,1,0.0031555320670241553,0.0029426820478357166,0.0016100053296862393,0.005940826765653187
2956,2,0.04570392422545448,0.043158546459206304,0.028865350941049972,0.07762090938265098
2957,1,0.0061484278038806085,0.004985531660158464,0.0013781577048897872,0.01773922869845189
2957,2,0.02141674288777658,0.020057085086835687,0.010976890072545077,0.039573913588885457
2958,1,0.006520617870147586,0.005597133773240575,0.0017134402791186265,0.016653757369087998
2958,2,0.02329869055089776,0.022530855917544473,0.013345565810892222,0.03763873135873778
2959,1,0.0059460033118286905,0.005114401288202391,0.0015775756448752416,0.015043585869792646
2959,2,0.021381697971375027,0.02053940975507265,0.011911697235093836,0.03566850119137636
2960,1,0.003229597348390427,0.003046373930744263,0.0015857672907381218,0.005929274431759187
2960,2,0.046478932051904294,0.04521014747722116,0.028910536467614333,0.07110340823262352
2961,1,0.026159861837541466,0.024319342307701112,0.01058613299232098,0.052489268955120044
2961,2,0.02767111311676859,0.027264083985352176,0.019267511007628853,0.03842494283157185
2962,1,0.004362109705044126,0.0036777841099339074,0.0014653595375289986,0.011299671538669011
2962,2,0.06279949634387072,0.05413664051785177,0.025091398638519925,0.15194074915884395
2963,1,0.0061899885124480115,0.005156737272833897,0.001507050639314683,0.016822541415059882
2963,2,0.021703827297538038,0.020867917369417663,0.012147838223408819,0.036030119152055715
2964,1,0.005599434342357763,0.004865442805480757,0.0015151830240583643,0.013899026683631554
2964,2,0.020347736147366395,0.01948847500269365,0.011051472065712102,0.03474445211043213
2965,1,0.0017655505646248242,0.0015095457733065028,0.0007631290682014692,0.004316035573246673
2965,2,0.025405730235315276,0.02185343991127508,0.01407746918831359,0.058441029062846754
2966,1,0.005655565081012414,0.005095601408024336,0.0017189668625203897,0.012799370652100631
2966,2,0.02127447132463906,0.020390844733802774,0.01094997894879777,0.03669366311188134
2967,1,0.001048950615145086,0.0010013830765179675,0.0005510204958677635,0.00181641359577313
2967,2,0.015098982495736291,0.014881374550856332,0.010362303516391405,0.021108021034564134
2968,1,0.0034918787784563466,0.0032617540225450157,0.001683723448002784,0.006636386340283561
2968,2,0.05040728697932853,0.04808484972752615,0.030196651652401502,0.08388780549409768
2969,1,0.0025789666244768815,0.002431282535467741,0.001274455278828754,0.004741670513293949
2969,2,0.037115971039512294,0.03595934006355977,0.02351282539540602,0.05726103522205568
2970,1,0.004060107001450888,0.003811461484849594,0.0019274894141691461,0.0076213686161773625
2970,2,0.05842684086428665,0.05650182561703394,0.03480114319593072,0.09287396570936603
2971,1,0.003953817708557596,0.003692139749112027,0.0018205704867272625,0.007600983414832699
2971,2,0.056889567983246236,0.054668561471854026,0.03281003433061274,0.09389690654782981
2972,1,0.05675442207165545,0.05445193227230096,0.02820636461978771,0.09864900421278856
2972,2,0.03273390182372408,0.03232281127668868,0.023222318773967302,0.044549409170299266
2973,1,0.008028380125931973,0.006705347065411352,0.001968532842706797,0.021795480774742967
2973,2,0.02810914552504073,0.02716877391763743,0.016091631749052513,0.04550190881664624
2974,1,0.0033065095235304603,0.0030518774493957374,0.0014896557100986803,0.00664267544348272
2974,2,0.04758363324574019,0.045058819442222744,0.02665874308140811,0.08333613395682984
2975,1,0.0018765602708415775,0.0017475132297444236,0.0009282338312271356,0.003574379887318641
2975,2,0.027017362636402798,0.025648183468074078,0.017181367339982764,0.04485649305407695
2976,1,0.0024705925158817125,0.0023344184261040795,0.001246576507534388,0.0044605395304002406
2976,2,0.03556220256365109,0.03462710048170199,0.023082267609749137,0.05342081462260302
2977,1,0.0024832924116720786,0.002244323254371361,0.0010722794407356231,0.0053007316588796075
2977,2,0.03573423589495606,0.03296302845618124,0.019158977376404956,0.06844026174856387
2978,1,0.0021192929244627312,0.0020038770542924007,0.0010727993701985857,0.0038230557515362166
2978,2,0.030505907994402823,0.02959293098436617,0.020033293762566587,0.04609597014347133
2979,1,0.001842593391745756,0.0017228969449903215,0.0009240280079751925,0.003451401228410131
2979,2,0.026547016769302642,0.02529628536094819,0.017186554159107963,0.04323342903027486
2980,1,0.004384796284399728,0.0040491507329253225,0.001945571849121822,0.00877974219099888
2980,2,0.06316013593398132,0.05988944918691809,0.034324271430394,0.1105431364753201
2981,1,0.0018048000886593562,0.0016506259511675115,0.0008508137013241336,0.0036741061360655255
2981,2,0.025977635175748023,0.024190205197679997,0.01563278462159733,0.047171342241942193
2982,1,0.026563344338283078,0.024702602501571275,0.010811880095591845,0.05285728630320695
2982,2,0.028124749852891054,0.027736529974831718,0.019749055566490058,0.03880462713368661
2983,1,0.0035650439284414226,0.0033706616698227373,0.0017561715646902032,0.006483195716287236
2983,2,0.051320786815878455,0.049970847682024214,0.03211605433293488,0.07791692256334194
2984,1,0.00788677038103636,0.006704537834555701,0.0020160587581424493,0.02059609611747931
2984,2,0.027964484001199958,0.027063047464405493,0.01606941112803099,0.045294922823907596
2985,1,0.0222376690494481,0.019698827026159185,0.0076977040178176975,0.05176489268627072
2985,2,0.02324912403178304,0.02182198747224977,0.013921170890114232,0.04103108920879833
2986,1,0.02599093910011025,0.024150892316258388,0.010519264950674925,0.05196961665417354
2986,2,0.027482769164329443,0.027098436780446565,0.019347295967444673,0.03779099550413978
2987,1,0.006817997079429324,0.005692227774346376,0.0016764717970061647,0.018493590691800114
2987,2,0.02381330562244486,0.023054545653900242,0.013894651022931444,0.03809840939248337
2988,1,0.003998944989876876,0.003313313564820227,0.0009679370366615633,0.011026751060649577
2988,2,0.013929856273132082,0.013424247981943768,0.00804055236533489,0.0227148135752729
2989,1,0.00814548346012781,0.006824253255438275,0.0020195339213296324,0.02195008368439314
2989,2,0.02855835791047597,0.027605427046550876,0.016495674757770397,0.0461016841130736
2990,1,0.0021831478843809503,0.0017903134167809092,0.0008345121296250652,0.0059760066127967325
2990,2,0.03142767420714131,0.025917557910258383,0.015047176011765445,0.08133430408016322
2991,1,0.008996054313371629,0.007568326096639825,0.00221576873844751,0.02405149842816256
2991,2,0.03208801080935601,0.030444181845568286,0.016622606928350728,0.05710837757141089
2992,1,0.00781929699879663,0.006546380695372753,0.001929525222499602,0.021038032968079618
2992,2,0.02741786758640219,0.02647090994688774,0.015685047367603074,0.0444560894947145
2993,1,0.00268960270685038,0.0025239353285614963,0.001307174315881627,0.005039448608673903
2993,2,0.03870471841629848,0.037311744914357264,0.023961600177252174,0.06172339333826643
2994,1,0.0069028106234617385,0.00621307814683117,0.002087210501325412,0.015645163277945823
2994,2,0.02584058665651667,0.02489631640913738,0.013599072960919792,0.043584684527209566
2995,1,0.0014889529868527657,0.0013717002762897038,0.0007280361914910668,0.002950182081568833
2995,2,0.02142776159094307,0.020099282428374436,0.013583771017307787,0.03742829325097817
2996,1,0.00815846579592416,0.0067219189899035605,0.0019138379829466787,0.022854981088315424
2996,2,0.028447534039447855,0.02724757529847232,0.015540010962849756,0.048248775755376144
2997,1,0.0037408096741382204,0.0030422415918805678,0.0008694103219965731,0.010792968803074794
2997,2,0.01297668681659798,0.012212656726750586,0.007236094497487597,0.023247990768589976
2998,1,0.0012329148874822727,0.0011292785441453887,0.0006229088886451022,0.002401804988773164
2998,2,0.01773936397240808,0.01656429255937311,0.011958315022096225,0.030830820781053734
2999,1,0.007815907763660087,0.005945445221582055,0.0015173540892119337,0.02532278910862724
2999,2,0.027109000140241146,0.02359753788707967,0.011515865248604283,0.06357792732177074
3000,1,0.006772115223236683,0.005547467486582294,0.0015814563385422786,0.019141716661408056
3000,2,0.023501152951730914,0.022525473643137,0.012948253985952639,0.03961085490736891
3001,1,0.001132699375726873,0.0010849458882164495,0.0006124359493322126,0.0019287692439181197
3001,2,0.016311990588102832,0.016124522138960713,0.011786321076764816,0.021986200352082895
3002,1,0.0031620300615354965,0.002614402529986899,0.000757143474302936,0.008763971885019825
3002,2,0.010948894624244206,0.01062088152249068,0.006432419563565524,0.01739434905134816
3003,1,0.0016104570761794243,0.001394627055871273,0.0007361774716462407,0.003830236172536596
3003,2,0.023152472636800526,0.02020543236640777,0.013859552462587467,0.05180122562761274
3004,1,0.0050701188463764865,0.004126451859331068,0.0011656587444955865,0.014573428735363212
3004,2,0.017581079905892895,0.016649891553800346,0.009482201747872858,0.030993973915860975
3005,1,0.0014394277276839303,0.0012880245321759676,0.0007070082943698412,0.0029632356184895615
3005,2,0.020711719498147332,0.018831149745214604,0.013510510772035123,0.03945171665099241
3006,1,0.0010715444309848993,0.0010273572788782046,0.0005843115074113215,0.0018171537069827564
3006,2,0.015428184797534989,0.015262920628875482,0.011358924110460538,0.020452152702187355
3007,1,0.002595642380852554,0.002411619771924768,0.001168875408770179,0.005082745863029821
3007,2,0.03734362143280326,0.035685985803576604,0.02084191031064258,0.06308582423828848
3008,1,0.004492119799369827,0.0035480713996756457,0.0009876093554813548,0.013609237779827404
3008,2,0.015609829833298722,0.01411983496713018,0.007980664834157866,0.03255124794539433
3009,1,0.008505995397780176,0.00663786696364317,0.0017312337326458134,0.026233188713327776
3009,2,0.029509112879706454,0.026646861308902245,0.013205901473316201,0.06252315494448882
3010,1,0.0037863355298009883,0.003356562761471311,0.0014042231922264587,0.008659981433892691
3010,2,0.05445573489452473,0.04954752920564296,0.024335746065539125,0.11267034056889508
3011,1,0.002043161231400673,0.0019169384328555526,0.0009824187076121417,0.003844481028585348
3011,2,0.029390034047164885,0.02835348875837019,0.017856915432724205,0.0471620566562079
3012,1,0.0014963159159782828,0.0013606115306362128,0.0007158171768150269,0.0030769208996870075
3012,2,0.02152223141551861,0.01988596123546196,0.013327439322413969,0.039795128956630434
3013,1,0.020338783873769833,0.018207112320891033,0.007114808621581704,0.04577208671186168
3013,2,0.021341684227439563,0.020369826235066224,0.012410456665785528,0.03607617849634677
3014,1,0.006893196988047722,0.0056833920409353235,0.0016339711710323592,0.019255173332575218
3014,2,0.023924665009450518,0.02305051436148489,0.013590886967704038,0.03923965838514044
3015,1,0.0024050081307391245,0.0021699389441414167,0.001020407109695289,0.005177011949567159
3015,2,0.034611985955112314,0.03187662350695508,0.018179206766818543,0.06694623204822181
3016,1,0.0018726120212488725,0.0015823032719375378,0.0007616564788021906,0.004755295808308374
3016,2,0.02694801153429994,0.022948123118229854,0.013891871054029475,0.06431765846210559
3017,1,0.0016902879962596169,0.001577292776031235,0.0008277671159205039,0.003209425391605195
3017,2,0.024325247152028658,0.02321856662727771,0.015323234175909018,0.039837046298144475
3018,1,0.0012226034488588833,0.0011279187442420659,0.0006183900393502424,0.0023766272767884985
3018,2,0.01758498034206149,0.016514996415406054,0.011798029612637964,0.03016578824797131
3019,1,0.0031189121703824865,0.0028630704974344622,0.0013039509049920775,0.006416986904384193
3019,2,0.04486950755503153,0.04239008540411879,0.02287573979058315,0.08099671021080929
3020,1,0.005750355686206522,0.004655511669834283,0.0012988969384348493,0.01656930317521808
3020,2,0.019954683649774235,0.018835929353552137,0.01050609440488547,0.03590967439041074
3021,1,0.0013472732114086293,0.0012552286059469876,0.0006805601216750225,0.0025584869288850865
3021,2,0.019378824053098907,0.018435865176444292,0.012863810066172116,0.03176543611449391
3022,1,0.002598825412384787,0.00232606437879783,0.0010674697706385204,0.005702506490977514
3022,2,0.03739079678502461,0.03425820723109538,0.018884057294718887,0.07404433164867946
3023,1,0.002375576592143727,0.002089412184340853,0.0009702206548478899,0.005481195761796243
3023,2,0.03417755145904376,0.03064113910730457,0.01721530106077965,0.07212571315562658
3024,1,0.0010320601513463137,0.0009894836259892075,0.0005659060534284762,0.0017416032452642137
3024,2,0.014853559925068666,0.014697032472589765,0.011009784750630853,0.019575092103086885
3025,1,0.008501743154104556,0.0070018230095255235,0.0020009879740297914,0.02383662026284228
3025,2,0.02957572946690674,0.028419331127067727,0.016342501938009613,0.049515138856317885
3026,1,0.001091369294832228,0.001046194467365601,0.0005951922871992772,0.0018500447739172837
3026,2,0.015701621549278448,0.015524409866472823,0.011485225873696558,0.02090663436993831
3027,1,0.004497596167001114,0.003650938488052912,0.0010370007031276836,0.012966263929123081
3027,2,0.015627349177651732,0.01468400485819449,0.00843683309667191,0.028422217467812497
3028,1,0.003017061557292024,0.002651785000249334,0.0011520864493085193,0.007015501506199194
3028,2,0.04339706765068767,0.03909992902661521,0.02008535289977959,0.09145804274881093
3029,1,0.006207119520913733,0.00507663823714521,0.0014416298766837853,0.01763647780818567
3029,2,0.02155575052320151,0.020531766721610566,0.011632577940967182,0.03729335862658231
3030,1,0.0020065427878692014,0.0016075709039238336,0.0007727888936767766,0.005745022420529445
3030,2,0.02885143956165195,0.023145668557746243,0.014080598208674133,0.07906095233462808
3031,1,0.0014436257911012824,0.0012619970958079722,0.0006793556282371338,0.0032935166243100297
3031,2,0.02076523187576205,0.018347262228976206,0.012837736887739568,0.04491728310709699
3032,1,0.0022770342971709244,0.0019711804770252365,0.00092358636285172,0.005448088787940446
3032,2,0.0327740353049376,0.028781227031107928,0.016593091310086898,0.07248662298636364
3033,1,0.00623207497028679,0.0050523985216365435,0.001404029305384905,0.017916727394867663
3033,2,0.02166564217592441,0.020381872529157963,0.011241269643249889,0.039461988745209155
3034,1,0.0062113554517617625,0.005026205306538283,0.0013896686234289202,0.018077419606448004
3034,2,0.02156728130428208,0.020220213022942114,0.010993395320891693,0.03987085069703287
3035,1,0.004326200382605535,0.003567141492466837,0.0010343936784211576,0.01201691655431396
3035,2,0.015018821043558585,0.014475994389293161,0.008625559813328689,0.024488264514997148
3036,1,0.0014241614122788744,0.0013175487384650573,0.0007144173991358463,0.002752492320499535
3036,2,0.020486315447386518,0.01934016643730801,0.013500702889043571,0.03466720093875558
3037,1,0.0014375436085627526,0.001265620901330545,0.0006740958471569396,0.0032602745640125004
3037,2,0.020694197369341194,0.01835476737360465,0.012731167116506355,0.043909805805211095
3038,1,0.0015439048300319488,0.001355256183624883,0.000705121647795482,0.0035590644108525332
3038,2,0.022196415033068902,0.01967407164672309,0.013159816517309037,0.04747210842466921
3039,1,0.0013724778906004029,0.0012273039326746668,0.000657904950701323,0.002954772760275557
3039,2,0.019767016601911318,0.017917893073831362,0.012464133225222992,0.03943406219103865
3040,1,0.0023757254829211817,0.0019353631758832132,0.0008655899251953496,0.00662414230511097
3040,2,0.03419177756718577,0.028148764977612532,0.015513198413213681,0.08936082214281647
3041,1,0.0014615689284311342,0.0012773960201476124,0.0006936966007871413,0.00329299298237453
3041,2,0.021019728324022817,0.018591429069347788,0.013174366888445989,0.04449540802683774
3042,1,0.0019287367384212115,0.0016872547495456842,0.0008307006505362475,0.004487079553995419
3042,2,0.027754710997723173,0.024629936517205714,0.015112947888148555,0.05924151767038143
3043,1,0.0012883183120797458,0.0011860079038783905,0.0006507165006628012,0.0025088211463721415
3043,2,0.018529610134131857,0.017375431148838154,0.01241468233394453,0.03219570821568296
3044,1,0.00683964691583572,0.0054967119305003274,0.0015244493059887682,0.019898328425298088
3044,2,0.023701329393904024,0.02219757466771119,0.012014910369076426,0.04421795703874305
3045,1,0.0014789104354780455,0.0012904201001756915,0.0006772931233664276,0.0034488383112824188
3045,2,0.021278697818434344,0.018683448279065613,0.012763876110137318,0.04643989869470885
3046,1,0.0014317117875642757,0.0013301430781386154,0.000712266412201131,0.00273915322743824
3046,2,0.02060625195349741,0.019472459837614017,0.013401869585228132,0.03453089124259071
3047,1,0.0031390059626347135,0.0026001342506005486,0.0007521580659857237,0.008714439529446661
3047,2,0.010903070446940354,0.010566631181524906,0.0064021008460827065,0.017356181694611974
3048,1,0.005201965557021374,0.004271331444958629,0.0012228553366627438,0.014669627258398522
3048,2,0.01804145796417054,0.017284215059933362,0.010102912162595836,0.03036414842724761
3049,1,0.0010854665443453184,0.0010404881452423464,0.0005932318117951261,0.0018361218596928703
3049,2,0.015613847859956816,0.015446778300461789,0.011505764954342919,0.020660820791449028
3050,1,0.0018424503071889024,0.0017501638422118518,0.0009619204077368391,0.0032584511415916975
3050,2,0.026513271188698933,0.025880304772098787,0.018179769997670858,0.038445253355152795
3051,1,0.001547385823075266,0.0014628970802875972,0.0007961355018414121,0.0027831533817943913
3051,2,0.022263548043048483,0.021597799477026045,0.015015267571554735,0.03336572428457138
3052,1,0.001498908223348186,0.0014307071977097715,0.0008013396800571302,0.0025819016359225097
3052,2,0.02156795347862262,0.021213439121521363,0.015317569603109534,0.029855638653640604
3053,1,0.002114324016167992,0.0019907058042088785,0.0010604971935735611,0.0038879864397372236
3053,2,0.030410302939184,0.029422863397907277,0.019721690747984657,0.046801041146752605
3054,1,0.006905433099288998,0.005780619803061939,0.001700777972326884,0.018758509453169814
3054,2,0.024206904752885863,0.023399148958382632,0.013972781269370415,0.039078824343542325
3055,1,0.0014956685075627574,0.0014229970546685096,0.0007933681532451575,0.002617385037329214
3055,2,0.0215205173483529,0.021065944752748426,0.015125022301059492,0.03062365285213327
3056,1,0.0016806157089429032,0.0016013591575398908,0.000891058447538856,0.002925808009702038
3056,2,0.024178119244134814,0.02373233988269368,0.016952529789715176,0.033972016709898856
3057,1,0.0036700357113592414,0.0030529395454015444,0.0008950580926900133,0.009994817275337398
3057,2,0.012793425861467717,0.012381521315835522,0.007492783560090832,0.020477139235089523
3058,1,0.004940150480026343,0.0040781193304093005,0.001179403878516426,0.013779572028927796
3058,2,0.017153093671766647,0.016520430846744615,0.009807879879178019,0.028080848118869656
3059,1,0.0012260592025106357,0.0011738636686137985,0.0006652509714938907,0.002081864300194686
3059,2,0.017644746431095072,0.0174057164708649,0.01283884270883576,0.023773253001371446
3060,1,0.004158163873093124,0.003450476128615173,0.0010087870611143982,0.011511271497019096
3060,2,0.014478127052866554,0.01397090116342081,0.008358039428327633,0.023555615946721276
3061,1,0.001271005718055342,0.001213546951974535,0.0006832617060458787,0.0021970310830576175
3061,2,0.018286935142086635,0.01794433729011983,0.0131667222607129,0.025398407553492933
3062,1,0.007984926427613656,0.006685022738476327,0.001978872421686906,0.021621501546430985
3062,2,0.027913437197605393,0.02705242696173606,0.016392336305912643,0.044367760827075255
3063,1,0.001600287442322069,0.0015283819467190726,0.0008584428047609653,0.002761277208219711
3063,2,0.02302916609593725,0.02264298064739219,0.01639959427563434,0.03184009882504943
3064,1,0.0024734403588339443,0.002347535113942708,0.001266778524545278,0.004415840119541639
3064,2,0.03559615372326805,0.034735970521209365,0.02364701831371071,0.052383785506409014
3065,1,0.006377450249234918,0.005238982457262542,0.0014910215131918602,0.017991242658621315
3065,2,0.022149813318107694,0.021213176035894878,0.01210971580374734,0.03768477966910287
3066,1,0.0019029753132711435,0.0018004986968758493,0.0009775416974648723,0.0034128343137254766
3066,2,0.0273756539817616,0.026674501750590697,0.018357650242643707,0.040595794082535185
3067,1,0.006311038436320215,0.005212750962449298,0.0015156276623487408,0.017507726658483283
3067,2,0.021940982107594806,0.02117607809277099,0.012517474816001151,0.035677510926217196
3068,1,0.0011955920968736498,0.0011146218798759018,0.0006274082027903431,0.002168493078907315
3068,2,0.01719610672648986,0.016452698375608248,0.012063443119399067,0.025707910357242528
3069,1,0.005172134084593095,0.004311172647432784,0.0012575005768094684,0.014218250301102957
3069,2,0.018068573507091967,0.017425748794726557,0.010323780568088957,0.029465508871665404
3070,1,0.001995930238995303,0.0018676967165160434,0.0009773818285904398,0.003758854004424139
3070,2,0.02872089047973906,0.02754601292945468,0.018129620991021785,0.04618155417612607
3071,1,0.0016121083210703924,0.00153401598744669,0.0008482047569337337,0.002831606466290018
3071,2,0.02319388728558513,0.022704290932585434,0.016118666895150915,0.033087775813011124
3072,1,0.00490523267458507,0.004066421793561276,0.0011832136247224804,0.01352795317326652
3072,2,0.017078075553224065,0.01647650563577982,0.009817498431937074,0.027731280961212374
3073,1,0.0017611730391438676,0.0016623422720235023,0.0008943616068898601,0.0032077442987060987
3073,2,0.025347801298302317,0.024517668263529004,0.016716920703172208,0.03876870601711564
3074,1,0.003996302628406502,0.00331008222688579,0.0009694384847524712,0.011061714830461547
3074,2,0.013876623449784497,0.013430757297751656,0.008120147715910006,0.02212600797273568
3075,1,0.0017244000357588447,0.001628413018722728,0.0008775309774829234,0.003145421137972669
3075,2,0.024807138138498577,0.023986038392979286,0.016528683164836713,0.037897252177566065
3076,1,0.0014841990328239212,0.001413746462130513,0.0007916882052501096,0.002578467751037438
3076,2,0.02135818994100344,0.020961777112043063,0.015086765543373083,0.029864028201540174
3077,1,0.002794006576669902,0.0026522608187118067,0.0014405439851256374,0.0049629413900526415
3077,2,0.040214999574087154,0.039318128554556055,0.026880453487800663,0.05865139062609156
3078,1,0.0016893747920125244,0.0016090650084106266,0.0008958149254620166,0.0029416741703400372
3078,2,0.02430835304581151,0.023857079288018564,0.01699289475348612,0.03421945728848995
3079,1,0.006834516414273444,0.005726255096148476,0.001689223410844867,0.018434294474410393
3079,2,0.024093966144975804,0.023149340021592996,0.013426274705360296,0.040137072536520484
3080,1,0.004449291146613507,0.0036693195020691006,0.0010598507128136106,0.012358731871555038
3080,2,0.01548079648267542,0.01486057619341068,0.00876661442156879,0.02581811116142884
3081,1,0.005829614679605813,0.004800945274750241,0.0013835275637412191,0.016286982966854765
3081,2,0.02025428736083169,0.01945230540672504,0.011388838516600011,0.03369406848801053
3082,1,0.001279995327755454,0.001225111840162268,0.0006935688212834683,0.0021846480415374687
3082,2,0.01842077661511922,0.018155114392737093,0.01338117323254623,0.024979331348276696
3083,1,0.0014034417585624104,0.001340163499183067,0.0007549973501628048,0.002410169016313046
3083,2,0.020192678636014774,0.01988334058711693,0.014483006140987105,0.027716359861224758
3084,1,0.002164019774907776,0.0020314340392919355,0.0010703039503527326,0.004026306036625307
3084,2,0.03113028745217923,0.029989811167463132,0.019858691946803883,0.0490967959009529
3085,1,0.0018743674665926394,0.0017814033669773068,0.0009769160998799418,0.003303759195386518
3085,2,0.026970560541699596,0.026367660734525268,0.01848239428935483,0.03889342298317136
3086,1,0.0055088922437716,0.004568060853786658,0.0013291056920392264,0.015167007687834348
3086,2,0.0191619487764636,0.018523089182613237,0.011093903394702863,0.030869219456839254
3087,1,0.0018154771390914207,0.0017143766464238844,0.000924873022424701,0.003288611523089537
3087,2,0.02612155479574541,0.0253373125930614,0.017343455070734023,0.03958239460148669
3088,1,0.0017512340107050575,0.0016652729701713614,0.000916132606050812,0.0030977665254981928
3088,2,0.02519549869079943,0.02462361522836011,0.017268693830363557,0.0364013956501866
3089,1,0.0008915725500216676,0.0008539784380621957,0.0004858179620801726,0.0015160616511934405
3089,2,0.012829876745368401,0.012683747492894394,0.009349424846707073,0.017129955241423203
3090,1,0.03364340068928479,0.03251447107216787,0.01757494505049353,0.05609911802116356
3090,2,0.019596717839404313,0.019321349883857114,0.013383045881478066,0.027359208300290972
3091,1,0.001826410020600711,0.0017278360819292671,0.0009334410307841648,0.0032892861926561343
3091,2,0.026284323937823272,0.025554245513915934,0.017466547156483214,0.039274113949872555
3092,1,0.0065465975075599285,0.00539631769732896,0.001557438695849359,0.018225151874091898
3092,2,0.022738215006382206,0.021911333380133895,0.01285885254270702,0.037377708852384235
3093,1,0.001743126763707323,0.0016553577283843093,0.0009031142956033448,0.0031092013909857687
3093,2,0.025075640503798454,0.024464433166883737,0.01714449863700732,0.03660509221192332
3094,1,0.0049853030149402625,0.004149361016275473,0.0012168384515761981,0.01367308315703862
3094,2,0.01737235598007854,0.016805620638252458,0.010134232005799725,0.027835169957700367
3095,1,0.022031749350034952,0.01992856435110802,0.00805652454062997,0.048276630011093814
3095,2,0.022950134225795938,0.02235874974503494,0.015286547630530108,0.03397458778442546
3096,1,0.0011563467835802028,0.0010770461396946544,0.0006068502324921743,0.002104642637488972
3096,2,0.0166409693980566,0.015865035538152168,0.011716500614935647,0.02532723560091082
3097,1,0.02009712897186838,0.018164819939442117,0.007367281801168296,0.04423733103214228
3097,2,0.020902632048703167,0.020380401064704567,0.0140857019739043,0.03074840844887564
3098,1,0.0014648040864287122,0.0013988661934251512,0.0007871762557108764,0.0025197701552994796
3098,2,0.02107471482192587,0.0207720076596516,0.015125417485885256,0.028805847731442763
3099,1,0.0019172655712367198,0.0018196937540005907,0.0009960244430754495,0.0033968998655483627
3099,2,0.027586414695060867,0.026971160485348287,0.018771540646365655,0.03995231700051137
3100,1,0.00158607412078502,0.0015101895742247098,0.0008375201156255073,0.0027825705927336957
3100,2,0.02281929017862471,0.022337238960369744,0.01591618264630394,0.03241089365104573
3101,1,0.006882912828434779,0.005800190031945249,0.0017271337820135414,0.018351842479346073
3101,2,0.02426282106930504,0.023451399327805354,0.013979351365964142,0.03918536960252937
3102,1,0.001543135890298561,0.0014516593415102173,0.0007808117298123609,0.0028481821753534725
3102,2,0.02220438888195313,0.02133771632708343,0.014753799197039957,0.03477839665341561
3103,1,0.007605756700412129,0.006334452814946669,0.001837984007226146,0.020813341462870553
3103,2,0.026668166869346952,0.025617239899293105,0.014807955780939271,0.04469099317042585
3104,1,0.001458891025980815,0.0013571244182189615,0.0007296129449178305,0.002790358413301135
3104,2,0.020989389493891158,0.01988150685449242,0.013741378591844718,0.035076916255186746
3105,1,0.020142552927891452,0.018212231610452278,0.007390137957292509,0.04405759451194402
3105,2,0.020958616668037392,0.02042452978097912,0.014111336475289667,0.030906630380736693
3106,1,0.0026097060332001564,0.0024656916201405907,0.0013109668201999021,0.004728111114567676
3106,2,0.037562804984678566,0.036519085817359034,0.02422391697924807,0.056957735691050684
3107,1,0.0026401380333198267,0.002464651511459721,0.0012693185946539196,0.005008118463606417
3107,2,0.037985816475826516,0.0364289011219452,0.02314624754240374,0.06170710497686397
3108,1,0.0015995185792918609,0.0015156298001740333,0.0008306388961118906,0.002853800566224022
3108,2,0.02301850951910647,0.022395081932073888,0.015669714810979868,0.033984455538373544
3109,1,0.006332480625780579,0.005265284408576166,0.0015396909128392827,0.017369799975382134
3109,2,0.02212418118611974,0.02134324262120502,0.012650948178886207,0.036186118854802
3110,1,0.0014796733452036568,0.001411271451684956,0.0007841880885646707,0.002577176205783914
3110,2,0.021291079764778884,0.020885374552560402,0.014982113933021216,0.03002054660110514
3111,1,0.0015232411596819012,0.0014551782735317841,0.0008163049972792642,0.0026310301076363863
3111,2,0.02192634786080792,0.021547704498890492,0.01556136033137437,0.030457318072553936
3112,1,0.0050933213541338555,0.0041969654450655595,0.00120791820774664,0.014241654593349699
3112,2,0.017678461325626924,0.017009097934687346,0.0100816162265929,0.029080244440458976
3113,1,0.001760820276747954,0.001669204047520301,0.0009108636986571326,0.003157826688870081
3113,2,0.025334748830272123,0.024653432516600897,0.017133052613149947,0.037522888487655566
3114,1,0.0017558798182034682,0.001679208661300741,0.0009475397867568491,0.003008838222589916
3114,2,0.025277041339216065,0.024896667033725246,0.018089134928986228,0.034617506392883544
3115,1,0.0016097472956247514,0.0015343407296233703,0.0008567220105209264,0.002789797276455853
3115,2,0.02316091045467178,0.022763077426549698,0.016369824064627902,0.03224608137709073
3116,1,0.02391984469762362,0.021603993526850922,0.00869325862937368,0.05266516657381798
3116,2,0.024917342937308837,0.02417568516045226,0.01625492214439528,0.037799403852294466
3117,1,0.022211509586037428,0.02031429505381914,0.008503523224534864,0.04684971639249569
3117,2,0.023215949753204394,0.022856034307298365,0.0162310893141407,0.03222527657572651
3118,1,0.0019050033633119284,0.0018140543806051822,0.0010025257983735426,0.0033292444488491847
3118,2,0.027409622013870077,0.026902853915991242,0.018986689273753,0.03884238255685674
3119,1,0.001781395121069389,0.0016930921832419548,0.000935446452774681,0.003131494088955867
3119,2,0.02563022595145559,0.025093199771680542,0.017734909158302198,0.036632871520559426
3120,1,0.0068317229496882665,0.005666131923492862,0.0016398180226541018,0.018850559825102815
3120,2,0.023810706428394873,0.0229412627462644,0.013521285494128722,0.03907772221962955
3121,1,0.0015840014392457264,0.0015049534149744652,0.0008284952179958298,0.0027970350977896638
3121,2,0.02279646139845192,0.02225800654683859,0.01567295309969541,0.03300286705011753
3122,1,0.0025598826610659015,0.00232691727669602,0.001025264946636078,0.005466898981944145
3122,2,0.03684523198626834,0.03444004171868971,0.01756908674945508,0.06996864900067583
3123,1,0.0015886716628778694,0.0014655058950848337,0.0007578796146516029,0.003150305619118822
3123,2,0.022869782690137057,0.021531636377424758,0.013920506176941452,0.03986673279170245
3124,1,0.0018952450704750041,0.001721988574851249,0.0008278199472615992,0.003982330605904818
3124,2,0.027284626441958993,0.025372324146315885,0.014632130141467867,0.05132955904397331
3125,1,0.0015499610385044564,0.0014227348138518682,0.0007767452436079188,0.0030726093052910867
3125,2,0.02232842512122922,0.020801856988132444,0.014625516265728215,0.03985531957777064
3126,1,0.0028084587643521365,0.0024485056220627764,0.0009510531473708888,0.006783228430486744
3126,2,0.0404266281539461,0.03624283161954357,0.015878286841710935,0.08962607460565926
3127,1,0.0009963146125819902,0.0009540902399059819,0.000540339003809319,0.0016926324602597562
3127,2,0.014335483962985547,0.014170531136487632,0.010417515554074145,0.01920612088680931
3128,1,0.001320646086801062,0.0012492781482624786,0.0006847466783158534,0.0023674054097747818
3128,2,0.01900632233435603,0.01843870115113498,0.012969639631427204,0.02845910627248917
3129,1,0.003554395854281346,0.0030821047959548164,0.001083430692412683,0.008819704049728696
3129,2,0.05115655050725868,0.045683960233049686,0.017557282947913443,0.116805612863276
3130,1,0.00195035386706823,0.0016320002847846314,0.0007520059920027667,0.00508916882682198
3130,2,0.028048921937485243,0.023763919853713514,0.013507977128030677,0.06857854012256051
3131,1,0.0020083222836950057,0.001686253959847052,0.0008086720966367534,0.005189524809951458
3131,2,0.028885202098991928,0.024465224719202983,0.01464628060766866,0.07035477549316735
3132,1,0.007786060896504032,0.006332959296216743,0.00173359817874354,0.022190739616475677
3132,2,0.027469370346451753,0.025468368783435086,0.01279693353899675,0.05373105541490413
3133,1,0.0013511429568400326,0.0012451293672872527,0.000660498572550963,0.0026664072359745446
3133,2,0.019448288844923466,0.01822878873285389,0.012331492112878829,0.03405756541248099
3134,1,0.005912902611888768,0.00483230931000491,0.001354085578124798,0.01685300833113236
3134,2,0.020724947405674647,0.019488595320389355,0.010481387436175106,0.038291248633097325
3135,1,0.001121416257060367,0.00106999243926076,0.0005827451459595953,0.0019604296056885883
3135,2,0.01614057112762606,0.015886040104118218,0.010909396119277498,0.022822904211003324
3136,1,0.0012666663010344724,0.0011833697546130531,0.000652568702440473,0.0023709889098112663
3136,2,0.018228832226939315,0.017381416077064907,0.012479908275145475,0.02922044848147804
3137,1,0.0011737286262738687,0.0011255826821953679,0.0006368858566879232,0.0019974735247672002
3137,2,0.016895859126032167,0.016694711619997034,0.012221226513561492,0.022695317600615557
3138,1,0.001351988677499024,0.0012564747535727635,0.000680977679097631,0.0025839381166283273
3138,2,0.019453487052101356,0.018420213082330585,0.012868785765404603,0.03243272559867848
3139,1,0.0015912064147556332,0.00137090655998665,0.0006974093144912536,0.0038592370473210422
3139,2,0.022913449430956818,0.019858658951177298,0.012834737037344075,0.05232812119546378
3140,1,0.001576264640480359,0.0014755741325291625,0.0007949308413074416,0.002937631978677643
3140,2,0.022700630732223923,0.02172591504055204,0.014853700134947037,0.036305952408847375
3141,1,0.0038327530322438265,0.0033541071423856096,0.0011526617645914576,0.009358572686536844
3141,2,0.05515820947598469,0.04980398139211545,0.018549942236073567,0.12371219205317761
3142,1,0.003406848357875967,0.003049763889366219,0.0010000520620700045,0.007945294314806442
3142,2,0.04905076896542336,0.04535884565161741,0.01574160476697782,0.10337421459908025
3143,1,0.0017036063651162908,0.0014707434455791704,0.000760907399812896,0.004089458985943558
3143,2,0.024541924502175603,0.021329867930086698,0.014075904791266613,0.055568748448307344
3144,1,0.0010964063800625989,0.0010490274088900695,0.0005913324482724039,0.0018699865443069473
3144,2,0.01578535779307215,0.015595342164149671,0.011301797662309284,0.02139385309406565
