county_index,race,mean,median,q025,q975
1,1,0.022198298962151124,0.020673963307085347,0.008937559892936509,0.04407911992945048
1,2,0.00909120399679858,0.007443435058985337,0.0020699784563779394,0.025540742352383454
1,3,0.021816479024213756,0.0211351207871061,0.013624629996556744,0.03386030225156604
2,1,0.023593636562912666,0.021619688615744065,0.008825212928586889,0.04959938236909502
2,2,0.009420034764320104,0.007826721434231347,0.0022328050560929407,0.025843085304763442
2,3,0.022683324362708222,0.022184859711999887,0.015210835189860526,0.03307949077401525
3,1,0.007035424924716126,0.006325000819187888,0.0024540613332236175,0.015683768466239208
3,2,0.08170328698271953,0.06978100196864728,0.012353865665392157,0.21957063743869773
3,3,0.023595701088468958,0.02177453280616911,0.007734239440855469,0.05018152296790929
4,1,0.03086913482343075,0.027696090431470102,0.01247785763233224,0.0685802809866268
4,2,0.01826221294118563,0.015379011886440768,0.005311221353234633,0.04810026126125309
4,3,0.02405253004125734,0.02179488873118614,0.012682365239466475,0.04927034808607774
5,1,0.022655060364743736,0.020751470857240766,0.008745140097380567,0.047512085914003535
5,2,0.012737931050181367,0.011549355590545181,0.00448151025108975,0.027912077623129743
5,3,0.01685666062986465,0.016603422452183457,0.012029810694037508,0.02308154160518342
6,1,0.008636733591630776,0.007336771913185202,0.0026930491205567502,0.022623696400383798
6,2,0.10129787361699646,0.08006671095079787,0.0141251835410917,0.3142622362494718
6,3,0.029453760848088314,0.02503978646657424,0.00811022490704684,0.07762584088331632
7,1,0.009181076442228582,0.007928666140921928,0.0030572823439146664,0.022821221180768486
7,2,0.11381195184657161,0.08777103550218221,0.01310964808110764,0.3640176853291286
7,3,0.030380055822112305,0.026873254177859872,0.010644375327742988,0.07086299613091432
8,1,0.020692141959200116,0.019378767187202578,0.008593145317819536,0.04044462353763727
8,2,0.008500501101407402,0.006975699977530466,0.001968899739252636,0.023913248748503188
8,3,0.020431004503799192,0.019801117604609453,0.012760081345113819,0.031836883954429025
9,1,0.004845281608654684,0.0043689546375755665,0.0019319977297567346,0.01051428655810683
9,2,0.06118674672407959,0.048384660089926805,0.007377112100767925,0.18485671306922827
9,3,0.01595724265309748,0.014897118206706243,0.006921047868352816,0.031187834117368262
10,1,0.005806507020697088,0.005162412295749058,0.002114449678584284,0.013266257757713788
10,2,0.0766960560891182,0.05635705154739796,0.007798589025532258,0.2596766319600406
10,3,0.01863272685422537,0.017438533226212,0.008865148354033233,0.035277965624810885
11,1,0.023416127676374066,0.0214176676321201,0.009268583864120867,0.049290515484564
11,2,0.013388780671085143,0.011838341998028742,0.004463523609620551,0.03125060687556846
11,3,0.01772850339763902,0.016838084526994215,0.011535204338312663,0.029490410475316396
12,1,0.004031928082971624,0.0037418193908083843,0.0017111623506298513,0.008019241413387354
12,2,0.05220799816036702,0.04097305167987103,0.0062187418431833156,0.16062059909353368
12,3,0.013210372890412679,0.012808268269922062,0.006373470422683029,0.022406062359452496
13,1,0.009491513200810197,0.008305342050168443,0.0033327085892794635,0.022636810536716543
13,2,0.12254667531358422,0.09134819689628494,0.013068611195405925,0.41161265143133136
13,3,0.031279987017755834,0.02804473297840876,0.012143272437125326,0.0695199643190578
14,1,0.007855290854079645,0.006746509548962522,0.0025135924507047355,0.019802887159970233
14,2,0.09734025040985321,0.07419392399282976,0.010990273632873302,0.31499497190149606
14,3,0.025567704963051774,0.022897095461531444,0.009392431408045786,0.057458071261323136
15,1,0.0059680324697543065,0.004910539509989566,0.0018498871239674283,0.016459639436984176
15,2,0.07856958461653253,0.054339023223349193,0.007103088386903179,0.28971613304095034
15,3,0.019197139403671803,0.016375429176257672,0.007613653436410548,0.0479134519575453
16,1,0.004895365889982843,0.004301665955520377,0.0016128786853793508,0.011648735783391113
16,2,0.056280920658520875,0.047879534586573284,0.008220566553037972,0.15321459040013016
16,3,0.016148005529456617,0.014896700436579076,0.005331236151798731,0.034602070084415175
17,1,0.019056725100877917,0.017662400304084756,0.0075157445724261035,0.038563184788071234
17,2,0.007762462925127773,0.006374917012855074,0.0017949241564238956,0.02175043003790564
17,3,0.018582724845208714,0.01804849583605162,0.012118268698314632,0.02825999865281332
18,1,0.0095215278777221,0.008205588886279676,0.003053550397216279,0.023743873405806058
18,2,0.11820022077115883,0.08934527023551042,0.013699065882895163,0.39150734670486914
18,3,0.0314722770352416,0.02794305558744041,0.010646774730624396,0.0732563219809784
19,1,0.0173154000306213,0.014178333857249537,0.00460676993644972,0.048408316502926214
19,2,0.2145822101072328,0.15486940908799876,0.021637083256044486,0.7583780313156899
19,3,0.05681087315180435,0.04802246155444294,0.01659181144973832,0.14889732833516897
20,1,0.007262434024906155,0.006505374033766348,0.002682227018773715,0.016210963618575713
20,2,0.09257006023182995,0.07184392645491054,0.010383083287065756,0.2885821958895867
20,3,0.023497275414539064,0.022187875872809824,0.010532262488947954,0.04417180749839333
21,1,0.0033259841525727332,0.0030216930289835194,0.0013128257722319603,0.006971408791637037
21,2,0.041026822602264125,0.033539038233833335,0.005339077340040097,0.1165277904114278
21,3,0.010882179111907657,0.010404300847873804,0.004734226374455452,0.019162524807849465
22,1,0.00433054247810827,0.0038984145758516322,0.001628217927096681,0.0095559434383267
22,2,0.05299996124204629,0.04345298537594598,0.006747982460020044,0.15164560566251598
22,3,0.014052948907903413,0.013441892090185538,0.006020712607491888,0.025617401480459396
23,1,0.005741102120030909,0.005169784295456359,0.0019637421508076876,0.012852222451775318
23,2,0.06580396139667603,0.057471476735061,0.010135433496374394,0.16929656285375724
23,3,0.01897483452777653,0.017963966039799606,0.006491001772152886,0.037666732999644084
24,1,0.0068700071033716255,0.006468921977085823,0.0031889118463230256,0.012857939453058862
24,2,0.09050336882012158,0.0705035490392584,0.010780020617578018,0.28042256039378993
24,3,0.02317010154358234,0.021937744481353022,0.01038173208876987,0.04314512200062013
25,1,0.004075964824713219,0.0035964890637373266,0.0012525792383458602,0.009762695127184192
25,2,0.04413700863321758,0.03973054930501764,0.007854621434396978,0.10613075324192614
25,3,0.013500123033274075,0.012566968390865404,0.0039396745180762804,0.028658175713604878
26,1,0.02479740102028867,0.02317690099581298,0.010133762002850362,0.048938643835356406
26,2,0.010198196880045345,0.008333715587707232,0.0023213118553659156,0.028950643913381292
26,3,0.02446388752444508,0.023711724480378782,0.015002111837202266,0.038293418885249515
27,1,0.005368898717139966,0.004766586172224866,0.001874990518821059,0.012407209555197845
27,2,0.06336495379277914,0.05291238691361494,0.008867411567236343,0.17647012180448562
27,3,0.01778493918661436,0.016386642070734,0.006219163494048162,0.037768658448874094
28,1,0.02108027909620046,0.01960237910366798,0.008383587159829231,0.042233914659452865
28,2,0.008531756548919453,0.007067425607083715,0.0020211776148066772,0.02361380428764052
28,3,0.02051731173543219,0.02010566144434886,0.013719058445223135,0.02976301111157978
29,1,0.003248357628254558,0.002975256562596767,0.0013224935391000375,0.006729379724362139
29,2,0.0419763850764579,0.032660690102609614,0.004815261675210837,0.1297568800397853
29,3,0.010502766988711035,0.0101891971374313,0.005325364609333561,0.017501273331117926
30,1,0.003121518090133386,0.002698953267975437,0.0008757486907577306,0.007802442139066172
30,2,0.03275385930954291,0.029402762752522703,0.006277586485118086,0.0792311042457045
30,3,0.010405255103698299,0.00943824190121046,0.002688300978350962,0.023899321004758483
31,1,0.018215256261173485,0.016521553935182773,0.006683383109014592,0.0396676868528549
31,2,0.007318083915424411,0.005983566914263319,0.0016691570077636234,0.02074913671901508
31,3,0.01751510405490856,0.016810605116341627,0.011547837211865666,0.0277663993476081
32,1,0.013437529357493335,0.013235691540263262,0.008951619573176669,0.019083061136526133
32,2,0.006118507293364247,0.004793074600549103,0.0011892625917448805,0.018962163197990736
32,3,0.014789528687274648,0.013815090177369031,0.006111973260099895,0.028977660654604553
33,1,0.027697214243905765,0.025258692399479532,0.012574849523964803,0.057256459993537595
33,2,0.011949982173950581,0.009326358999579776,0.00230031808098453,0.0370811226988713
33,3,0.029069691993080626,0.026319365579010018,0.012130975660748534,0.062395631215706945
34,1,0.020524544603723775,0.01915621438559495,0.008524909603688088,0.04036202694736622
34,2,0.008488477468018635,0.006895000043295463,0.001917598215681858,0.024407300837720646
34,3,0.02034130729743544,0.019557419862127667,0.012284046141257592,0.033052660525249224
35,1,0.02119517162674783,0.020215038364995018,0.009425244514230862,0.038446147568123916
35,2,0.008763940261708285,0.0072560846923030164,0.002077542949290379,0.024261918267740115
35,3,0.021122330898934134,0.020776020910587237,0.013418038462472076,0.030774893109754953
36,1,0.003838731800061038,0.003461291351981462,0.0014379282839076125,0.008434069638037925
36,2,0.04632672651796019,0.038601299379748155,0.006187885951350208,0.12826123723379268
36,3,0.012502260406040548,0.011948770521199435,0.005210538036792443,0.023019782645151015
37,1,0.03321698929913409,0.03247949031523961,0.017977681759071586,0.052632277489941245
37,2,0.01998614002684653,0.017877139303259584,0.006583812638954375,0.04536616744944422
37,3,0.02663235389983338,0.026024447874387936,0.015047591451922472,0.04164585425886412
38,1,0.0039016590610021465,0.003389830772367735,0.0014358662301361793,0.009276523991225728
38,2,0.0510302501135662,0.0374631165686886,0.0052546925933833,0.17066719604254507
38,3,0.012567845986708992,0.011446524572841218,0.005899075794390351,0.025830993960848606
39,1,0.02262396137323273,0.02075534577172243,0.008535723618673005,0.047449004566297664
39,2,0.009085641426767698,0.007499906294009406,0.0021257372359429674,0.02526376511184406
39,3,0.021776988847230828,0.02126193430277628,0.014603665912406609,0.03189548236716556
40,1,0.027518090908076852,0.024764151134739516,0.009809293505562885,0.06130488295833366
40,2,0.010944919994292018,0.009025878063362563,0.0025084572944512563,0.030552865894386966
40,3,0.026584690414435286,0.025261945847082676,0.015880473902373,0.04514520054775325
41,1,0.025072857200121115,0.023580042590838096,0.010441412266966347,0.048120993671919486
41,2,0.010211768557084073,0.008507081473423318,0.0024297205797672613,0.02774625680986665
41,3,0.024751535690463844,0.02417172394377016,0.015580495251310288,0.03732555964349482
42,1,0.02472546338166703,0.022826821130028076,0.00954179180255415,0.050595690636029846
42,2,0.009923670593949935,0.008273326359259467,0.002357416665888503,0.027041348323305573
42,3,0.02404038748019416,0.02338544478204002,0.015422519675701773,0.03651428090479421
43,1,0.013128343756451753,0.012965173967500007,0.008413579643652634,0.018800147197153894
43,2,0.005880266799513076,0.00466965273120091,0.0012037532744574326,0.017612746919296235
43,3,0.014168789276520613,0.01353806320416842,0.006481049023828633,0.025524365061943523
44,1,0.020890018085707424,0.019633532369675105,0.012242476535845735,0.037147598686022174
44,2,0.009354447960208892,0.00726855324017016,0.0017889227896716127,0.02932905207077107
44,3,0.02278472807205458,0.02078282610869912,0.009053352044669727,0.04808731500763149
45,1,0.030483019374497426,0.0289367088609497,0.013189449117345894,0.05651092829859511
45,2,0.01245914831662567,0.010412225712211854,0.0030093971361318797,0.033800362287114596
45,3,0.030242932782786426,0.0297019332183695,0.019209062779919628,0.04439394116897721
46,1,0.005248239685810881,0.004791792816935522,0.002038437190054098,0.01107459084149383
46,2,0.0654675016377124,0.05222952055208051,0.008412404023666182,0.19567906979853747
46,3,0.017440243306536596,0.016390321873385814,0.00692506426228527,0.03423347207570984
47,1,0.003358596521936183,0.003003197351356566,0.0013061963397519843,0.0074001553255961475
47,2,0.04333865363157087,0.03314082444464603,0.004807175799556579,0.13558212168880648
47,3,0.010819182269220044,0.010237081610230212,0.005296493250841126,0.01943348633791904
48,1,0.004955169968165558,0.004391682512890717,0.0015227726518992459,0.011675638893908423
48,2,0.053815179393271434,0.048539926127979915,0.009680845104338072,0.12876265661676897
48,3,0.01642996273305081,0.015360788971368833,0.0048413603298750295,0.03463685392849057
49,1,0.026111687065730343,0.0251639270064105,0.012393863589403845,0.04514321068010388
49,2,0.010934608081809663,0.009028063739404488,0.0025494410043440828,0.030358681355242056
49,3,0.026445368953736215,0.025910911955276155,0.015644854318330195,0.040248583891766165
50,1,0.007037492625647557,0.006412109927288645,0.002760867292962095,0.014901026689148382
50,2,0.08879793269536769,0.0703955756657606,0.010794611090599232,0.26617565049270536
50,3,0.023196731124463337,0.021880322428992557,0.009857823910177227,0.044080043775866384
51,1,0.020384738128894443,0.02002625752586428,0.011803876716156929,0.03106251860207044
51,2,0.008807737375951722,0.007239292263708147,0.001976225839117489,0.024782673925673102
51,3,0.0215422331973718,0.02081912753667011,0.010688569446123716,0.03654939788673054
52,1,0.021702310202118262,0.02016929011239223,0.008605283211671444,0.043607020910679105
52,2,0.008707607762453821,0.007311351378220272,0.0021080606725815787,0.023430765638031283
52,3,0.021097307651952703,0.020688463695477513,0.01409916713487161,0.0304732115271271
53,1,0.006399829363471034,0.006080063241500156,0.00305954624885956,0.011563651921951572
53,2,0.08696425277952045,0.06484573328056603,0.009607354452919256,0.2909969249156428
53,3,0.021568443027162147,0.020581937249068365,0.010139351401222805,0.03853299515586186
54,1,0.015817433522892655,0.014928268186298074,0.007422168095225277,0.029197849398705383
54,2,0.006720184866896028,0.005378119920927292,0.0014745746945929578,0.019767746068860358
54,3,0.016087718908409026,0.015318600348028195,0.00905992026703451,0.02765865571068849
55,1,0.006631539024018069,0.0059894168875673,0.002461976294113604,0.014523872068779977
55,2,0.08050019140479654,0.066384598798074,0.010721233196485361,0.22819749699992206
55,3,0.02192055727145875,0.02050351835981315,0.00845134527492278,0.04366644962725699
56,1,0.007602328398377509,0.006613063359689905,0.002499938367394724,0.018417880633679558
56,2,0.0923680940329234,0.07302745016654369,0.011198730972861212,0.28241543842942113
56,3,0.024867559798965145,0.022586884515369332,0.008924417946819772,0.05411927473007929
57,1,0.02846119914878831,0.026318718646198124,0.012501385562905138,0.057273145649805145
57,2,0.012059322476776685,0.009599117658896431,0.002506466820938493,0.03604152907722928
57,3,0.029314173524868856,0.027189971935218236,0.013705489641177048,0.05763786304767817
58,1,0.02847896331297949,0.026283803323007088,0.011367615190224658,0.058172465596290183
58,2,0.016424053415397342,0.014496797099873972,0.005325152709151743,0.03867911068975894
58,3,0.021592231399365037,0.020749064624360276,0.013860895254125323,0.034196174187407766
59,1,0.027907041801640754,0.02631009295093637,0.012004163153291449,0.05280798958400276
59,2,0.016026272392092655,0.014534788318197623,0.00563328777183623,0.03498104638470277
59,3,0.021291751562070436,0.02097202474187302,0.014556508705914059,0.029934174307303153
60,1,0.006070307987335434,0.005777262380782046,0.0027610880628372784,0.01101341085879233
60,2,0.07698911986962143,0.06281372313670908,0.010380072894105833,0.22141804823014033
60,3,0.020676688469636988,0.01970814436050064,0.008472683771661478,0.03851888313670995
61,1,0.006706830067571486,0.006096106980435554,0.002594887605888684,0.014406021818108322
61,2,0.08377630746981113,0.06738834254080528,0.01048095485821273,0.24829393464088206
61,3,0.02201195026634271,0.02081158479435616,0.009392131732715584,0.04156390607728652
62,1,0.00572572166179163,0.005106269614941334,0.0020091647468082393,0.012998810801488243
62,2,0.06742751280598978,0.0568421199297571,0.00956564540586428,0.18532524765502884
62,3,0.01886569475654818,0.017626692396691387,0.00677484389242611,0.03830762273780416
63,1,0.02911157418206106,0.027759072058458505,0.01312029780710872,0.05290555571807927
63,2,0.012090928726567567,0.009983248903774371,0.0028200831694125497,0.033779861319370524
63,3,0.029214463444085712,0.028553070600791704,0.017494652589795878,0.04494537038187195
64,1,0.0319475830930262,0.02939257072274061,0.01239932289004283,0.0663147406898489
64,2,0.018209963042747926,0.016211714022213494,0.006100823710764464,0.04163343979416582
64,3,0.02397440754672698,0.02335151691261044,0.015972717830396478,0.03567107714491274
65,1,0.005416905471871695,0.0045679489288445434,0.0016493843817176976,0.014375492651433865
65,2,0.06266935084717148,0.05058521957832097,0.008611541885646426,0.18766159711705602
65,3,0.017923163105447462,0.015695594593836543,0.005437882814018608,0.044172557487607754
66,1,0.00974643568813424,0.008250474825837288,0.0035664007339929822,0.025112425522581982
66,2,0.130317906293715,0.09078965419384426,0.012798123057146395,0.47954350215228525
66,3,0.03271452673529434,0.02787972379660065,0.012186923957001253,0.08300085605396078
67,1,0.007690575216001331,0.006613995581171101,0.0024640398934847336,0.019295228293211106
67,2,0.09667977070828629,0.07288728972800765,0.01025404170442412,0.31709001020876987
67,3,0.024880934784703237,0.02240608675207044,0.009525415478881413,0.054901669176914504
68,1,0.003281746167003516,0.0022246823939698684,0.0004174644481503131,0.012393456696325102
68,2,0.02521886106395286,0.022595840039662942,0.010270943288731295,0.05592251462302222
68,3,0.011569464692627521,0.00758329288429738,0.0012205335365358036,0.04530989698926869
69,1,0.0020759455685226,0.0015232189092946632,0.0003222771751979014,0.006949251430160301
69,2,0.016569103015502393,0.015505530286218254,0.007630757730891368,0.030926063936231023
69,3,0.0072612894406475946,0.0051975574483909635,0.0009363770628191282,0.025097874923634408
70,1,0.032909225745977766,0.029974037022415717,0.011955889744587677,0.07081666582391566
70,2,0.012462529647341512,0.011048580623204324,0.003424606275309325,0.029654962329930333
70,3,0.031636918993835327,0.03096677157822139,0.019364161548616515,0.04779889327089792
71,1,0.0014280499353191102,0.0009535950173728583,0.00019088100265698168,0.0055346929394651245
71,2,0.010317688725833263,0.009889400744728152,0.0057773950712883045,0.017187488628305422
71,3,0.005080181752810873,0.0032333415745759778,0.0005447332211845657,0.0207108495275786
72,1,0.0029853963183648206,0.001961677404015472,0.0004212039415552453,0.011410341648042914
72,2,0.02688681449568655,0.019420006211095055,0.006198580970001863,0.09440358559059775
72,3,0.01016228515005581,0.006778113052526777,0.0012480760942938792,0.0383502394696346
73,1,0.0034821993893525967,0.002899218884787188,0.0008494566219214743,0.00959945687639342
73,2,0.03574831677623305,0.031146361948890464,0.006894013221700409,0.0924299897328526
73,3,0.011643064025819052,0.01011042904437295,0.002600407669269848,0.03009665814620956
74,1,0.0023602153876785426,0.0018522404333261087,0.00045639249722876626,0.007020567812970267
74,2,0.02163943880982677,0.01913632592023253,0.006162515168834334,0.05092128564619218
74,3,0.008065112625220649,0.006447432984462068,0.0013436208874993939,0.02318057420112953
75,1,0.006223256934302682,0.004446559471845864,0.0010300619003182328,0.02208796114222892
75,2,0.06906650420717196,0.04764307828058088,0.007131173959369879,0.2616460721183678
75,3,0.02065039728511031,0.015286418043745042,0.003431074812158188,0.07107907723979652
76,1,0.002011051494565603,0.0013203165877893163,0.00024434342773835797,0.00785503258473171
76,2,0.015055395115658328,0.013276095109161482,0.006445182416989773,0.034710450442606414
76,3,0.007105558819445065,0.0044906385939256326,0.0007212428599526875,0.029124144514040787
77,1,0.02705152059454265,0.02452841378449478,0.009821167913540983,0.05872346827570053
77,2,0.010445514099546688,0.008994386797990288,0.0026852231241844536,0.026498644866781447
77,3,0.025901112792758467,0.025296050965308747,0.016677909997297576,0.03860368679922609
78,1,0.0018948610306138928,0.0016659870972872656,0.0005103664414438143,0.004622832857389035
78,2,0.019634632909740123,0.017909287839225706,0.004090237053790657,0.045555855045655444
78,3,0.006335221006707089,0.00587036441195493,0.0015647828348112822,0.013878489882940803
79,1,0.00281354584094712,0.002083121053759944,0.0004754807645288549,0.009277007286496112
79,2,0.024779198251258176,0.02105478348266345,0.007392546504637818,0.06555956629125793
79,3,0.009626125784419874,0.0072042139500589145,0.001404809054167091,0.030944782759190385
80,1,0.00416981360366284,0.003356959695286635,0.0008053625942297069,0.012254056868541
80,2,0.039522356227085914,0.03525141740394889,0.009192824753792284,0.09542421547756551
80,3,0.014106507616441645,0.011629737403815522,0.002449104386564583,0.039789583279098546
81,1,0.003517398509357699,0.0030606753724208625,0.000997236027102185,0.008703290555359882
81,2,0.037474984444368545,0.03361973556392833,0.006813203781822766,0.09132362180078016
81,3,0.011679904878734203,0.010675789013825576,0.003126383562345981,0.026129287318412873
82,1,0.004236789282423198,0.003413470394279585,0.0008198918049993296,0.012388062771139715
82,2,0.040186293133365324,0.03586830695468573,0.009363049208241025,0.09665338854173308
82,3,0.014328943620442021,0.01182396600171965,0.0024785502943932823,0.04029298366244185
83,1,0.0026298632739029638,0.0021060022018867773,0.0005038830577155327,0.007878760620219246
83,2,0.023744653310963055,0.021668021151470363,0.007194995549805028,0.05277106615559444
83,3,0.009001115703803585,0.007310055406726105,0.0014842809858329525,0.02612053532832805
84,1,0.001590494728938198,0.000981879710845456,0.00018370097216123773,0.006689831353854746
84,2,0.011078876406280956,0.010051457304844306,0.005705178860583278,0.022650569285831004
84,3,0.005706132819730366,0.003327160949965188,0.0005324273893124552,0.025183232290776597
85,1,0.0015181154490187274,0.0010325016644566788,0.0001944573075224952,0.005667884740139051
85,2,0.011457276498711505,0.010632869713147319,0.004819406467540059,0.022877792374187376
85,3,0.005292876198055141,0.0035104625806211326,0.000564937242088397,0.020490073853269033
86,1,0.020564706379505516,0.01856651670456429,0.007385068380890544,0.04543544258826089
86,2,0.007946204610874846,0.006818915584504864,0.0020040612386622706,0.020402051800634414
86,3,0.019517496182285585,0.01918206876928236,0.013281673686829396,0.02772159676256987
87,1,0.0019321241490587433,0.001276571600700339,0.00024549013878581965,0.007517960301490194
87,2,0.0143056831969932,0.012854115885051573,0.006830027835563479,0.030719741914444997
87,3,0.006829274771274371,0.004333170625605105,0.0007134976521235779,0.02792176822181278
88,1,0.0018238051081003962,0.0014466149452430127,0.0003318767698073843,0.005455460640474102
88,2,0.015375292578201865,0.014957815445848099,0.006401721213191246,0.02667092638850024
88,3,0.00630313850467063,0.004981492154933079,0.000959231131393632,0.01878404322735566
89,1,0.0014945273520885242,0.0009786503407682213,0.0001928362844776422,0.005864808057631298
89,2,0.010832896037384663,0.010051039316945915,0.005795091227421696,0.019755661294554187
89,3,0.0053037163875550184,0.0033339281392677873,0.0005573117887661303,0.021858759815451535
90,1,0.0025462393470964927,0.0020410749108614318,0.0005434829266061802,0.007405074080290034
90,2,0.024233143773625156,0.021395060506563347,0.006030787894037343,0.059161688121968675
90,3,0.008614077579624005,0.007102110656805312,0.0016184540438516108,0.023811783069812253
91,1,0.0018654329396069287,0.0014875096415820522,0.000353111731159225,0.00540548315153193
91,2,0.016090010972433663,0.0153684197180131,0.006132641819039052,0.029257700056443178
91,3,0.006422605256356738,0.005133493603464036,0.001028678805978793,0.018570800570052677
92,1,0.0021618725987441086,0.0018387373996709396,0.0004956927030858348,0.005690472910421546
92,2,0.020252220152572824,0.01945993959297783,0.005845925599737441,0.039695663034648214
92,3,0.007325992537102228,0.006426010539673821,0.0014605535334140023,0.018163454671128617
93,1,0.004000782769763832,0.00299015791000066,0.0009082891764395776,0.012911338403870905
93,2,0.04435342322197134,0.032565171539909336,0.0058348465760001125,0.15056310233472342
93,3,0.013259576701913323,0.010369091799761062,0.002953594592410255,0.04104832169400055
94,1,0.002130855142150417,0.0019012818966594846,0.000633963291657971,0.004931088532876258
94,2,0.022278304721058906,0.020902276029785196,0.004605884837204868,0.0482378934197222
94,3,0.0071024065680342086,0.0067325604903882095,0.0019526657371362727,0.014574386273221636
95,1,0.0018796949238674197,0.0015487082277798618,0.00037687930425858105,0.005262537013984498
95,2,0.016666830932065526,0.016077928514720258,0.00577811870030932,0.03089013556529011
95,3,0.006437917403799774,0.005359023930304484,0.0010948545885436202,0.017565354987698338
96,1,0.0020832059957654006,0.0014616591097989474,0.0002799754326712501,0.0075046596333886665
96,2,0.016505543642881027,0.014963662620056755,0.005998966570126884,0.03590513863397108
96,3,0.007153361601071552,0.004948439159850624,0.0008233375343221666,0.025931154102325386
97,1,0.0031449917582449705,0.0020897442061686596,0.00037554691357252995,0.01215984001517542
97,2,0.02449996117092299,0.02094537735848164,0.008824883740630911,0.06143666363578487
97,3,0.011070139197409953,0.007131455779682202,0.0011058114015559735,0.04423971962661871
98,1,0.0016858617688931398,0.0012063510488806947,0.0002514973058267197,0.005940558883157083
98,2,0.01289330089180491,0.0124258883627122,0.006730239990257558,0.021716487072764173
98,3,0.005929389431760266,0.004099452561251068,0.0007240900568473013,0.021708885921507624
99,1,0.03398009372976721,0.030714370087873564,0.01222229039398236,0.07503874769223894
99,2,0.01300564846870514,0.011305793662877216,0.003395329508362252,0.032444467958369506
99,3,0.032532648313622875,0.03171043124249215,0.020210358741479376,0.04951451844786227
100,1,0.034706219046815534,0.03116018142817653,0.01201920098526484,0.07794636960170269
100,2,0.01284539216934048,0.011542294233047678,0.003698365522930818,0.029280945842746285
100,3,0.033055365344357754,0.03244321675108938,0.019754455011445116,0.04970129633289645
101,1,0.0025982466925818944,0.002209643624965399,0.0006169583323187906,0.006895771166881421
101,2,0.025269146503798908,0.023500694869081178,0.006181775420545069,0.055122318377240395
101,3,0.008760150316894998,0.007700888097784559,0.0018621030112086342,0.0217258086925056
102,1,0.0023503669923562636,0.0020057998954399136,0.0005705218989012603,0.006121895769796418
102,2,0.022924749987180998,0.02146698999618411,0.00569366466561721,0.04901935089527033
102,3,0.007918907565737494,0.0070360166640212165,0.0017132549355222057,0.019165845887677942
103,1,0.0018925919524330483,0.0016361270941193636,0.00045331231304317774,0.0048044990795746145
103,2,0.018083039589662023,0.01734140537680451,0.004933203732597639,0.03585137831988273
103,3,0.006398524382523392,0.005710729314480495,0.001347900517867661,0.015189798914586229
104,1,0.0020419936992966724,0.0017536124437533204,0.00047935469506259773,0.005281984221787087
104,2,0.019220779141946087,0.018636243377220897,0.0056084747383298005,0.0366931999149046
104,3,0.006931070788054326,0.006134244121994811,0.001421486194404614,0.016813708325146476
105,1,0.0738732826533869,0.06917073524183934,0.031201381781857798,0.14331287831638484
105,2,0.03547492293522198,0.03395847662057987,0.016526238053378363,0.0630168409018346
105,3,0.04672927227521915,0.046097565932201656,0.03091637340873145,0.06617764836703868
106,1,0.02825898009075445,0.025400417393580756,0.010023216693380096,0.06269381058288112
106,2,0.010988208473022882,0.009289022208443458,0.0026938750291772297,0.028992914707281013
106,3,0.026802583726711383,0.026282504199164725,0.01788384238664949,0.03863054157335366
107,1,0.0020480352721997303,0.0016263019783009306,0.0003769356295462394,0.006140115261364168
107,2,0.017682735453489296,0.01671331091694821,0.006452237037847233,0.03442346025611525
107,3,0.007045840854149693,0.0056227069773376465,0.0011007532836128375,0.020880105845538722
108,1,0.07858345282977831,0.07321758009293994,0.032346697384240196,0.15593630646319923
108,2,0.03749048223928231,0.035999290307394946,0.01757970147761253,0.0657170262985446
108,3,0.04951067161108106,0.04883635959592032,0.03237346848232099,0.07054751954511743
109,1,0.03098221617031304,0.028591857715012,0.012080423025966113,0.06361666531723971
109,2,0.017025324702231982,0.015958070123467734,0.006716515708012773,0.03336326919142179
109,3,0.023373022475554936,0.02290674917214175,0.014506035937782016,0.03488477845238714
110,1,0.001987499125472823,0.0015664371461036333,0.00035295523747125784,0.006003871564742866
110,2,0.017018624261555985,0.016048986390044102,0.006288542772371282,0.033373583673357625
110,3,0.00683990927879691,0.005388942419394852,0.001036175253072882,0.02054291868358101
111,1,0.03153791289232846,0.028323514004658705,0.011092035916366021,0.07049390803385282
111,2,0.012227913359442183,0.010380139012354992,0.0030450141272563703,0.03221167761068413
111,3,0.029860713740292862,0.029319820673812322,0.019972110016250693,0.04280827043264319
112,1,0.02747165091157992,0.024693440793126405,0.00945413414859546,0.06109765644105015
112,2,0.009986320868084889,0.009215575422435562,0.0031203720810887813,0.02121196632772575
112,3,0.026283038617569032,0.025851576663889334,0.014893647068276877,0.03998273094007537
113,1,0.0068078186205853715,0.005900557393324528,0.0023428794473494886,0.016571987637330005
113,2,0.08758781227366949,0.06519395378532672,0.009278569408872044,0.294883376618761
113,3,0.02213034904151858,0.019983459739132618,0.008924405285802794,0.0480205072043022
114,1,0.0046776961292087455,0.004180342903284312,0.0017705967250988997,0.010525080511743223
114,2,0.05967427249690605,0.046163535397432474,0.006779254234362488,0.1874420972051813
114,3,0.015245330031314886,0.014217936410464736,0.0067239431236938724,0.03007614569555082
115,1,0.005022183048395134,0.004474271132548571,0.001818760893046344,0.011453765134151741
115,2,0.06237731958344022,0.049569579220840015,0.007409551690576363,0.18823247449665803
115,3,0.01625564408705922,0.015257570186383915,0.00695102554770026,0.03129969671477511
116,1,0.027297888738794795,0.024634851021823907,0.0097431215639896,0.06025325354174752
116,2,0.010298444845988169,0.009103095495493431,0.0028287257787370417,0.02453350471658651
116,3,0.02599774812344743,0.025566149132418396,0.016705507166310342,0.03780887890297905
117,1,0.0031526840757229863,0.0028658910336371557,0.0012621561031238837,0.006678153488112187
117,2,0.04058581665268696,0.03167573439708274,0.004617012001163803,0.12477568991602966
117,3,0.010152041953712932,0.009813507511262,0.005162281442921305,0.017155401957131666
118,1,0.0028319144910091245,0.0024666206795906026,0.000789427959198052,0.006903572536922507
118,2,0.029666048820328448,0.026628207801608378,0.005973991071067052,0.07038484506423903
118,3,0.009515675483331702,0.008626890815780377,0.0023943050665707266,0.021419493165555633
119,1,0.005090340453577878,0.004395338099408328,0.0016459489416916257,0.012671738958956043
119,2,0.06073543934769671,0.048549201535717255,0.007817954593327958,0.18587591990378327
119,3,0.016664437945380473,0.015085688830857025,0.0057073122065192765,0.03722204331590921
120,1,0.004093904001674959,0.0035049433887297827,0.0010247922225975472,0.010544533567943978
120,2,0.04104733697027041,0.03783988505219878,0.009064638484479968,0.09238089342015443
120,3,0.013731629782589962,0.012280358317185136,0.0031219743636612413,0.03283349115629576
121,1,0.003895335622861428,0.0036259758355215747,0.0014504384436647224,0.007869137396286491
121,2,0.04497347259139221,0.039693638635187066,0.0074449341405742825,0.11262215350132461
121,3,0.013106570958108951,0.012553284987113313,0.00451024839235941,0.025037017005774105
122,1,0.0038603571908280084,0.0034714743304440814,0.001504707920897373,0.00841642180962827
122,2,0.047895203293518436,0.0385546269965199,0.006040874419913987,0.14040569656589283
122,3,0.01262495644114696,0.011876560513761968,0.005473042730955012,0.02387199962132688
123,1,0.004260121884449877,0.0037018042192137144,0.0014963721028902835,0.0102976291785644
123,2,0.054086268287490136,0.04114481285710254,0.005847230815015688,0.1749622231506733
123,3,0.013727684946306598,0.012545284241895962,0.005958165995569742,0.028566334961715945
124,1,0.004632535846965224,0.004078154287114603,0.0016632953769108554,0.010843974252505778
124,2,0.05858466325682492,0.04530196705171026,0.00657041374209943,0.18574404346002604
124,3,0.014954236368716805,0.013889956994932666,0.006532529563365191,0.02972070159513312
125,1,0.00846765793773645,0.006887507036968216,0.002438636205931167,0.023798345966246286
125,2,0.1137203437804695,0.07441672521479058,0.009422323881785193,0.4491627956121718
125,3,0.027135632397850638,0.02300800137812382,0.010085631047051359,0.06857696015096196
126,1,0.004511976376296166,0.004093920797990174,0.001836231258929775,0.009593111277054487
126,2,0.059388376479694104,0.04480179018713855,0.006456319647876331,0.19212415607529051
126,3,0.014724679870177088,0.013854358647508605,0.007167845266498027,0.027200271992842907
127,1,0.0051404372506622135,0.004489703263175779,0.0017198955373175647,0.012300750548220394
127,2,0.06215065035900997,0.04982384611521597,0.007729920588706675,0.18766208263786086
127,3,0.01677010550795776,0.015314306189524073,0.006241651685896462,0.035735949190696226
128,1,0.029938802001639044,0.0275860024374822,0.011571357199102546,0.06170027973863589
128,2,0.012080532177710015,0.009988125946454452,0.002782611427203691,0.033499651104132167
128,3,0.02922971985969391,0.028286297609030016,0.01797626322912094,0.046002483713876226
129,1,0.03532374539505754,0.03093213989417355,0.011525393694715069,0.08418420472576085
129,2,0.013760412814636592,0.011373168208181478,0.0031506301441397073,0.03837708956563405
129,3,0.033478212617099566,0.03183927580506936,0.01949174244176417,0.05723898641486791
130,1,0.017787754503543585,0.017327563949673896,0.010067916292580407,0.02817733365181754
130,2,0.01079211821472298,0.009606465719719365,0.0034457010967993912,0.02502206206023815
130,3,0.014438683836365334,0.013942864496719306,0.007609828043136384,0.024090984817408866
131,1,0.005027155941118284,0.00435803089669925,0.0016326786289251175,0.012320111394094554
131,2,0.05883925153493593,0.048479004785581536,0.007997617801912688,0.17016810022359793
131,3,0.016568561812731756,0.014987827173848056,0.0055158953512908825,0.03733639477705868
132,1,0.011967686312085947,0.009959446840817648,0.003517228208663158,0.03225835383885069
132,2,0.15303723221010138,0.10942495962980908,0.015014138537507677,0.5497510002874688
132,3,0.039442253338830426,0.033545151293609826,0.012663395432309184,0.10065832709717197
133,1,0.003702234216962924,0.0034420113490283804,0.001434514415697598,0.007424811996249594
133,2,0.0444456982813274,0.03768327639310035,0.006518396295895857,0.12086377406238345
133,3,0.01235044097891418,0.011943525291502903,0.004651923060964747,0.022658740539279316
134,1,0.00805184239958985,0.0068646082599777844,0.0023629994114743804,0.020723796246568692
134,2,0.09387651179815398,0.0753840384195063,0.012280653901437625,0.284458059421534
134,3,0.02658047118098027,0.023411426084943492,0.007950244544872446,0.0639708906026582
135,1,0.02912714282291357,0.02688032522857581,0.011128775857871769,0.05994631327081843
135,2,0.01172078196817705,0.00971367267200977,0.002755547474037669,0.03230697677065147
135,3,0.02819866443044758,0.027565078241535576,0.018550086183168883,0.04143255568375505
136,1,0.005154165887527809,0.0043603573066057204,0.0014697758370785772,0.01355623002796501
136,2,0.05814154008118263,0.04814878241813984,0.008422568799027974,0.16688329241137234
136,3,0.016928942792263695,0.015062776343868024,0.004915962645411044,0.0400412582857163
137,1,0.0034411484783373513,0.003017692053372892,0.0012746699543329158,0.007950135609623443
137,2,0.04370469077165911,0.03341751524554382,0.0049365819956640146,0.13764194655668904
137,3,0.011094379054399788,0.010276421275360091,0.005062977150186897,0.0217144138632311
138,1,0.026185090046381657,0.023903507336084102,0.009787221055897176,0.05553813811468002
138,2,0.010473640630156551,0.008668581856627784,0.002457457574027059,0.028945195754844194
138,3,0.02514814516368529,0.024607627860293673,0.016830706874455245,0.036602963257157804
139,1,0.02155804013872018,0.0191280366771093,0.007376088233839061,0.049934254875910924
139,2,0.008558733013325865,0.006948673924424777,0.0019337645360129638,0.024599278547981298
139,3,0.020468947463026077,0.019469441331198552,0.01299895663213158,0.033742593321107316
140,1,0.005219413020823605,0.004641027458181368,0.0018218827589104704,0.01199762517671044
140,2,0.06267433191799696,0.051686170120061506,0.008162607479845067,0.1793765000467906
140,3,0.0170026311389434,0.01600364268480486,0.0064848223292416456,0.03332329696058337
141,1,0.003533416931924258,0.0030758203418197972,0.0010460280253004244,0.008744507850203203
141,2,0.0380344909262796,0.03365761676321412,0.006957911312239477,0.09607321875589381
141,3,0.011831929518527939,0.010703280424230868,0.0032074167295175634,0.027342773184934294
142,1,0.009931126033165427,0.008644678460075801,0.0031869267021305023,0.024365545824081018
142,2,0.12530572410634253,0.09485456628828176,0.013507738392237515,0.4102348695378033
142,3,0.03222495769354066,0.0293641919314287,0.012137014407561037,0.06881316562107645
143,1,0.002711756315470506,0.0024262737973916124,0.0008987022667827264,0.0061184863127743795
143,2,0.0298945376814812,0.02684553778055522,0.005288919645965477,0.07131146813915873
143,3,0.009018122729114664,0.008488570744191244,0.002807275590579385,0.018092272809363933
144,1,0.0036401076234097835,0.003187080593014746,0.0011512736709369687,0.008813308763898521
144,2,0.04054290549199421,0.03543942484771904,0.006560281900188502,0.10444977925791936
144,3,0.012012477851301303,0.01110290467900264,0.003704616903413747,0.025880561999807095
145,1,0.004642121497153908,0.004052054636672864,0.001510691734781348,0.011199242154390898
145,2,0.05378230777968763,0.045005853191911575,0.007565270574382184,0.15030465173320687
145,3,0.01521539773825373,0.01401696204885338,0.00513671322677512,0.03264495532657289
146,1,0.00409435252964552,0.0036942271167258412,0.0014873368400861388,0.00900733522958949
146,2,0.048084199940115535,0.04104226608603527,0.007008719439149723,0.1279685485296527
146,3,0.013458931248874817,0.012833715101158969,0.005040367343535191,0.025678267725432132
147,1,0.005747843272127652,0.005306715386192705,0.002187252079045722,0.011849768797845007
147,2,0.06753725229623811,0.058428926542578905,0.010428901711934889,0.17477131775485769
147,3,0.01933238744628319,0.01825211409650479,0.006901887236299998,0.038063910214630424
148,1,0.0036975119073533653,0.0032366364147615907,0.0011566665149459632,0.008959207140630683
148,2,0.04105374571334693,0.03584649085005685,0.006615420320642368,0.10542536802512813
148,3,0.01219394019384861,0.011279268558253142,0.0037292306998652873,0.026272042398499333
149,1,0.0034497125794653465,0.0031234809322235003,0.0012487166244712642,0.007393810446519779
149,2,0.040512201273744206,0.0343372772015457,0.006154485067885256,0.10898475459347366
149,3,0.011450262400089553,0.010829859024461224,0.00407867032926282,0.0218815580461623
150,1,0.0037556692134276233,0.0033899350971785913,0.0014455782511048109,0.008168552058881347
150,2,0.04753057209877577,0.037541196697371444,0.005521833330461522,0.14413158887577218
150,3,0.012128949071288291,0.011606659334542002,0.005671960786450338,0.021599051679472188
151,1,0.004637867498569032,0.004340787394852761,0.001956637659934414,0.00906251596814418
151,2,0.0578323855471875,0.04742509851886342,0.007731055948173573,0.16512136676726696
151,3,0.01542658556872606,0.014869127324556239,0.0065512849243568845,0.027413902810884162
152,1,0.005375152095965111,0.004681127546236825,0.001795907943425878,0.013081146099990842
152,2,0.0621817114524083,0.05216033982797697,0.009050246346484093,0.1734010234648525
152,3,0.01786973137416538,0.01610730830679881,0.005841281206042387,0.040920188297217025
153,1,0.014963007131567585,0.013943461913228043,0.006151838192914764,0.029245769769635617
153,2,0.0061045370930741085,0.005025051376181612,0.0014421399268696208,0.01696243457138846
153,3,0.014647300712501275,0.014284119237112251,0.009848509013048689,0.0208824133817171
154,1,0.004489684120122211,0.003924170927865265,0.001497838021864164,0.01078757609634979
154,2,0.05281600572188888,0.04379533726375307,0.007196098042862397,0.150129902340895
154,3,0.014663188868609078,0.013531582604945802,0.005183219746827631,0.030829754150766716
155,1,0.019108759085795842,0.01733729457800078,0.006966194737772574,0.0415672956124131
155,2,0.0075920945234970874,0.006290662064543018,0.0017861721136533566,0.020886131368903972
155,3,0.018257010410351462,0.017776930884182626,0.012304218729708327,0.027077875539708113
156,1,0.035577458040993604,0.030461156936986644,0.010870231799283293,0.09020836138793135
156,2,0.013523854533726244,0.011264850931060354,0.0031411843000452256,0.03716713248599487
156,3,0.033709881093802935,0.031132093156983245,0.01777890129431668,0.06490088932456377
157,1,0.003824452061067954,0.0033774946233597397,0.0014094948932785395,0.008861137121231297
157,2,0.04836973617266722,0.037568127458986716,0.005477963617955641,0.14945221937261124
157,3,0.012349752811967147,0.01149603018216206,0.005579423602854508,0.024033203955110792
158,1,0.02561891536355176,0.023977779182282173,0.010512227412247482,0.05056816681458793
158,2,0.010544411538911093,0.008615475274562866,0.0023962879188333076,0.029881760822333434
158,3,0.025401408013897467,0.024503303362107584,0.01505555295776201,0.04107826292926761
159,1,0.006338103612737098,0.005518679782893451,0.0020621368259984806,0.015419561120942813
159,2,0.07431718481619361,0.061244898513079335,0.010128185459919645,0.2150178667691927
159,3,0.02101655805003344,0.018950152421884418,0.006845346002733411,0.04799148215853081
160,1,0.0036269079196745934,0.0033626610035064255,0.0014730041437703565,0.00729509026579599
160,2,0.04415874313164478,0.03712165385951385,0.006130221632665946,0.12034613130245174
160,3,0.012007627052475978,0.011580410242055195,0.004956065528557879,0.021509905903433452
161,1,0.0031056105468085923,0.0026928271020393545,0.00107639657491458,0.0074301856915230296
161,2,0.036603496539514294,0.030121491126400265,0.004965109429242293,0.10294806893607458
161,3,0.010140924859346367,0.009348825792356468,0.0037329313247550884,0.02089962713590613
162,1,0.003797732075339995,0.003512409260479612,0.0015901052255100274,0.007634445984019866
162,2,0.04982195020872595,0.038317672319486906,0.005617263415152445,0.15689010010399757
162,3,0.012374415254328922,0.011970621843898306,0.0062312448542807515,0.020734678817857215
163,1,0.004143655382001332,0.0034858405362676367,0.0014071720981882114,0.010793227696631838
163,2,0.052064727924446934,0.03890065656544512,0.005648271710604369,0.17043873003556784
163,3,0.013382248241330023,0.011817131237898907,0.005444305650018766,0.031107457541845338
164,1,0.005770807974542524,0.005244278773742398,0.0022998129801395967,0.01234692975214545
164,2,0.07389199643228084,0.057723551789765654,0.008631437296567354,0.2290186961033141
164,3,0.018971107804457807,0.017829696990587555,0.00838988583511941,0.03618046373597116
165,1,0.024018774197092595,0.020115144522052927,0.007304893185036056,0.06422212279689545
165,2,0.009549110329549478,0.007370494238530522,0.00191414820226406,0.030063215534649773
165,3,0.022780336858348932,0.020107699455621533,0.012594472514833858,0.04956162536114999
166,1,0.009223115816737267,0.008061131979256366,0.0032008346179462945,0.022021935497930713
166,2,0.11434699850066248,0.08851906928307991,0.01379035757844598,0.3641108421785769
166,3,0.030939510962070985,0.0274191386442155,0.01057645771095007,0.07237996572699813
167,1,0.004395756171310332,0.0038725411895271736,0.0015438163292764919,0.010383679424873372
167,2,0.05388104176056774,0.04296366838974844,0.006546379466634877,0.16213680823160562
167,3,0.014280075356601576,0.01321377294927168,0.0057278201192445906,0.029023157636665013
168,1,0.015995670593478437,0.01461260112661998,0.006000373943604241,0.0338910148741342
168,2,0.006371062660729815,0.005309745935788715,0.0015288578798613533,0.017402066091419848
168,3,0.015311722433730432,0.015053546066975211,0.010821264468650754,0.021327786341411168
169,1,0.003132547732192686,0.0028055538927812926,0.0011217620069971514,0.0070131524616967355
169,2,0.03660250565304373,0.03153162269218135,0.005290304667271576,0.09598577910894927
169,3,0.010249290907541201,0.009762388230761795,0.0038566067630324847,0.019540134138723932
170,1,0.0057494897141151715,0.005044364109339438,0.001818803228120955,0.013809178696933329
170,2,0.06529775402466724,0.05607565217560204,0.00979601643101359,0.17425745140519744
170,3,0.01890000741044052,0.017528929780190973,0.006043707120132542,0.04005024941919942
171,1,0.003083693919048771,0.0028222336095030313,0.0012317878209969302,0.006429975486913732
171,2,0.038996901726423644,0.031069284802722093,0.004761735369047303,0.11652863406370229
171,3,0.00999930255408089,0.009705758528549439,0.004707799926985093,0.016973102779951028
172,1,0.03282014736297105,0.031779116485916636,0.015897566151036147,0.055907016419965865
172,2,0.013662748423042546,0.01140975204011194,0.003272011656865377,0.03711649572158314
172,3,0.033380179014579237,0.03270496968065506,0.019374747235711105,0.0511046936985109
173,1,0.003699569385664052,0.0032645937151126172,0.001291650219961055,0.008636506706600324
173,2,0.043483502743715784,0.036570444746099516,0.006024554944024114,0.1194455079175941
173,3,0.012086210044693001,0.011283755377939603,0.004467240301150921,0.024551808179722825
174,1,0.006162043705742321,0.005606845152261843,0.002446224839110884,0.013124762760119925
174,2,0.0766107557217302,0.061765963369594966,0.009946483031328066,0.2251210125573095
174,3,0.020548197382675517,0.019152217296725872,0.008215386840353965,0.040979943238234166
175,1,0.028116612994659868,0.02570643172576495,0.01045446391047711,0.059606463112061636
175,2,0.011222080061204865,0.00930253430169076,0.002642573209067737,0.031015544645769857
175,3,0.02704316455910358,0.02643476877899362,0.017801035192777922,0.0398575077350065
176,1,0.004506036508881698,0.0036777802042434397,0.0012326424543915957,0.012854317882382471
176,2,0.050726484256145274,0.040725935214284144,0.00705395691351319,0.1549302908879417
176,3,0.01484558820985208,0.01264009286999256,0.0040603119097599024,0.039326789991221835
177,1,0.003842763923605419,0.0032021118778715702,0.0011599686193257644,0.010397141652936568
177,2,0.04439383628527342,0.03562624223449623,0.005989681690905258,0.13508187627532803
177,3,0.01257372817269083,0.011044186708144454,0.003886495157002485,0.031015742583385218
178,1,0.03562644355074369,0.03235429763018949,0.012929782023670684,0.0773421148280636
178,2,0.013727164832308802,0.011860979518734261,0.0035305614217519777,0.03441192721191025
178,3,0.03418680493587016,0.03339552968104895,0.02153214294432355,0.0513325904786782
179,1,0.0030818120620043823,0.002578002971194659,0.0006680412126505792,0.008421194095661609
179,2,0.029151612116063635,0.02699306668882386,0.007746509500703179,0.06342359841103867
179,3,0.0104550213736581,0.008966007259063578,0.0020079561629351684,0.027244263843074983
180,1,0.003025618549586499,0.0026955524396619097,0.0011446911934729824,0.006761382548488374
180,2,0.03716370441122463,0.030198873311973053,0.004675193100170727,0.10744777535134925
180,3,0.009808606571058802,0.009287799970161641,0.004280517106935506,0.018181562783506303
181,1,0.005658244654830561,0.004732783124940527,0.0017104504325054933,0.015053736973101193
181,2,0.06770080906641297,0.05254246928604478,0.00812819650374496,0.21542234713523428
181,3,0.018427971689246838,0.01613261718569764,0.00611238514358952,0.04446149219264783
182,1,0.006298329756138768,0.005622865894515021,0.002276174305692622,0.014303074104899036
182,2,0.07701928566596943,0.06218133045601363,0.009826882104222275,0.2270441191740875
182,3,0.020717578713939262,0.019247494394280723,0.008006705347070776,0.04201616544682384
183,1,0.003777087783769945,0.0033662669462269277,0.00139551532507153,0.008600066187880423
183,2,0.04679464942215149,0.037433791272304354,0.005723819687788989,0.13968331952180157
183,3,0.0122248186862987,0.011547345862383051,0.005265749029556582,0.023321186465907546
184,1,0.035575274809093275,0.03225255172321442,0.012939042779535996,0.07709572802333275
184,2,0.013535690295188,0.011896336873521936,0.0036494626173798994,0.032623666713156904
184,3,0.03401721141006646,0.03342613987377185,0.021781939912265142,0.049688324744188474
185,1,0.004604959009261397,0.004114699977438142,0.0016817302087187974,0.010342794026103243
185,2,0.055689466593618245,0.045991787767821896,0.007183551295315307,0.15808658539626286
185,3,0.014981184643334816,0.014202738769230531,0.006082908663116089,0.02850536410572468
186,1,0.004779964693854751,0.004018546516354758,0.0016855882768803136,0.012304940673896776
186,2,0.06182272324870109,0.04473766274825185,0.0064024913866538155,0.21214987973944305
186,3,0.015575564963226391,0.013549578202992497,0.006500032593545899,0.03698992228053598
187,1,0.00604445172593189,0.0050529732547609845,0.0014984067203906589,0.016344962662821042
187,2,0.06361945736157586,0.05477595496815163,0.011088444932202375,0.16966661582626028
187,3,0.0201255420639193,0.01757963684548995,0.004748744086916585,0.050850003422873456
188,1,0.10040694169788521,0.09467071779670805,0.04256350170859856,0.1901519069511425
188,2,0.04727882124083262,0.04633805853016074,0.026097592597705437,0.07420932642088945
188,3,0.06475200350182109,0.06309485521147079,0.03606499570739782,0.1028319746196229
189,1,0.0018665997537717328,0.0015647200600279547,0.0004089602625023372,0.005110915785971658
189,2,0.017352207550665612,0.0165320876364203,0.005054361588918045,0.03461313484184987
189,3,0.006365309427097167,0.005475393300947129,0.0011974436013129728,0.01654670544193556
190,1,0.005370317845368078,0.00466943685954692,0.001487702445525322,0.013305336486442979
190,2,0.05615370228501122,0.05107332027231169,0.010929815356256872,0.13256029744472853
190,3,0.01789458986663488,0.016350897098818935,0.004605678727498449,0.040363890750477256
191,1,0.03882702467750046,0.03504885344622621,0.013829384220853662,0.08554519148089565
191,2,0.014828825986354011,0.012896949158851166,0.003880074430937523,0.036677069138022995
191,3,0.03693224837109835,0.036286366244578094,0.024136636515743253,0.053405287602225536
192,1,0.00714277604205604,0.006207227249748877,0.002066126135650132,0.017660684447008444
192,2,0.07766286342185187,0.06820258889671277,0.013072949653905281,0.19676150164174674
192,3,0.023629748496961457,0.021659825430818506,0.006597210587012434,0.05271295533401257
193,1,0.0024010420343885106,0.0017424187517490015,0.0003936552329089479,0.008092399418303661
193,2,0.02112660745225066,0.01751829831337404,0.006318876901500261,0.059507347634891204
193,3,0.008243069407936225,0.006018162993410169,0.0011745694419011082,0.027274458720757264
194,1,0.048327967406883734,0.04509883627878309,0.019148705221301892,0.09603209374440698
194,2,0.02597616372514993,0.025171388631910242,0.012102412437057446,0.0444624633779512
194,3,0.03691562477675167,0.03630306230679355,0.020981213098449955,0.056331836918062754
195,1,0.005154567580233796,0.004296046875125107,0.0011683490483163311,0.01427649663421507
195,2,0.05059153112323845,0.0455040258399369,0.011440953919586053,0.11996400101232961
195,3,0.017361881642350942,0.014937833060174835,0.0035464718456423103,0.045081400946740215
196,1,0.045109630682218446,0.04115659736255363,0.017100069097819737,0.0959965328221401
196,2,0.025028681913436313,0.023005674587340673,0.009105633069698004,0.052562334094341044
196,3,0.03359235246742625,0.032989567564489036,0.022573736153561685,0.04799824110592316
197,1,0.0639330694499009,0.05938404853488997,0.02563270574553697,0.12782315122923754
197,2,0.02984095938079848,0.029199122111054722,0.016199133572796138,0.047175781786733505
197,3,0.04062152021174483,0.039766733700327975,0.02342925645164693,0.06249579279667278
198,1,0.0044500454447464356,0.0036675043023759687,0.0009331407704437314,0.01239937453697483
198,2,0.041622469619326724,0.038558128294159354,0.011231250984009056,0.09028711155590205
198,3,0.015095622645798508,0.012824845226661805,0.002781078854853114,0.04022724720426192
199,1,0.006463278631397331,0.005641911742739257,0.001761792044841805,0.015936427887038095
199,2,0.0659891690827774,0.061451865886440596,0.014147970764399883,0.1463243899964157
199,3,0.021611268297305624,0.019822719069752463,0.00541553185693424,0.048440420021175934
200,1,0.03741857768347621,0.033579097852918446,0.01180947672305749,0.08502566539291394
200,2,0.012965024092108809,0.012428526998457926,0.004913375220708489,0.024121437703637942
200,3,0.03618544666304729,0.03526859589407705,0.01656833501354869,0.06128455740189699
201,1,0.004008676414188187,0.003317991271600953,0.0008714996142763226,0.011205642339274059
201,2,0.03861877215939433,0.035003142088779964,0.009240799393153247,0.09045682899061651
201,3,0.013533505754767364,0.011568386532237828,0.0026270892703106645,0.03597875513327854
202,1,0.0313537789692652,0.02866033541654232,0.011460972505262491,0.0662977197982315
202,2,0.011579981976017355,0.010617576047635956,0.0035558284483920813,0.02491627453202737
202,3,0.030256165914366067,0.02990862483523791,0.017793347219795804,0.044821964513545
203,1,0.027206989830826638,0.025079209046238397,0.010075077972500141,0.05639692414037145
203,2,0.010108028611304297,0.009260594747138858,0.0031050605073572827,0.02182704666528049
203,3,0.026465394441641706,0.026009216051082605,0.015232877355215035,0.040352501656172025
204,1,0.004634236724812252,0.003957587163370531,0.0011348638867226728,0.012138193283211945
204,2,0.04591859166879484,0.042300312340613024,0.010521651210724906,0.10302863456667086
204,3,0.015586530445296462,0.013822011778747603,0.0034153604582043643,0.03794702616465382
205,1,0.005950561585155834,0.005127756416643465,0.0015236038365407222,0.01520539380606552
205,2,0.06044098744960784,0.055346539909913714,0.01277113503477396,0.13920484980957848
205,3,0.020006723850438928,0.01791039952653576,0.004640187030720032,0.047856799714737136
206,1,0.09208118182085556,0.08639916176544934,0.038322788140315284,0.1772546518060979
206,2,0.04320785156385036,0.042319215822661724,0.023839873757953125,0.06772448458060203
206,3,0.05905003046687782,0.05776413472623567,0.03340891931588732,0.09226367952321908
207,1,0.031898260229503136,0.028987222900894664,0.011423023198454242,0.06917997303441235
207,2,0.016710283698783752,0.01624284611602772,0.008158532236819135,0.02794780555983725
207,3,0.024041251151932324,0.023497879175590937,0.012844176324462941,0.03840406747914426
208,1,0.06878848203596286,0.06317458463648556,0.02655737935782963,0.14374135268101446
208,2,0.03775613373458292,0.035329517939416535,0.014753726499278048,0.07432604464637481
208,3,0.05153151121483538,0.05071051091584953,0.033456193013031474,0.07418535495032269
209,1,0.005039483347456635,0.004285801882689821,0.0013307837218688781,0.013185987860408538
209,2,0.05289331596337835,0.04667352585366688,0.009729321382600738,0.13375675222417602
209,3,0.016774769881347414,0.014947811710966007,0.0041704890511827415,0.040388176891948666
210,1,0.004182033380623738,0.0036035816177856735,0.0010316970172977798,0.010682043572699728
210,2,0.04078691066245346,0.03872366381471505,0.010099723287092022,0.08449985741024907
210,3,0.014087788810991623,0.012617224704166678,0.003095715781527856,0.03361335290170675
211,1,0.039259360536676065,0.03529880865363124,0.012888925346016326,0.08812408469298207
211,2,0.013824558608782718,0.013137229952569655,0.0049154955475059995,0.02659236611699523
211,3,0.03783109453025669,0.03712928556228899,0.018722534501114784,0.06106789607969844
212,1,0.0035538258073206964,0.002902824290292676,0.0009421334616758906,0.010018801491672408
212,2,0.03872169364957676,0.031680906538340575,0.006186340665085127,0.11357754691239183
212,3,0.0117549028947224,0.010145137552120431,0.002953007898990589,0.03037335193198212
213,1,0.0037458984195556377,0.0029923602273467815,0.0008299438113440488,0.011224568972557076
213,2,0.037696557187072724,0.0317845096358237,0.007370943369696375,0.10507809417585523
213,3,0.012564589563516398,0.010432566356113088,0.0025292745517687194,0.03592420280860229
214,1,0.04164293944636661,0.037459602221244684,0.01377062863121889,0.09398348899141548
214,2,0.014673760540844892,0.01390737644305152,0.00521146222751899,0.028287148522728556
214,3,0.040063421069816474,0.03942557199870046,0.02007267546007697,0.0639191571805385
215,1,0.04380902721600003,0.03951139517615609,0.015523110802279786,0.09658066214984733
215,2,0.016319488471871695,0.014649326182481482,0.004673773511073112,0.03741502092681059
215,3,0.04177842642678443,0.04110555002408503,0.02570863814563487,0.061677793143697146
216,1,0.005192581020045819,0.004633462138948606,0.0017215694690848058,0.011946769071405529
216,2,0.058196367460628916,0.051503515062378796,0.009493054379847049,0.14374825888972315
216,3,0.01708097232538733,0.016164688209696763,0.005607627153241557,0.03404906507746522
217,1,0.07965545071939485,0.07334349361512726,0.031282470375513016,0.1640914335218145
217,2,0.03701107429322614,0.03620585504751215,0.019804070919502977,0.05895421291491442
217,3,0.05015478138660903,0.049260168224409845,0.029658478958335784,0.07562889484695985
218,1,0.03663315047900735,0.03363868911174404,0.014119323487796862,0.07611966850525277
218,2,0.020107018237905526,0.018849113901410905,0.007883825437638464,0.039461464898324514
218,3,0.027372157992544395,0.027054934718919305,0.018349735940074222,0.03817568282156111
219,1,0.0036274783442751704,0.003119251104939458,0.0011564265229178146,0.00915799203021595
219,2,0.04122795799304977,0.03489670829513713,0.0061332028763190416,0.11302594143308126
219,3,0.0119182770930529,0.01080279286561086,0.003861885828878735,0.027027329157359958
220,1,0.09371632037788138,0.08790437266714977,0.03893692736041831,0.18223804420817877
220,2,0.04410026489159278,0.0431195746165671,0.023511962913540987,0.07065719091029943
220,3,0.059814780727085515,0.058686903772769305,0.03512686739081865,0.09116947416130303
221,1,0.08635645394150539,0.08171930810415327,0.037750951533353685,0.16171025800319166
221,2,0.04131452649576919,0.040080045563474886,0.020684070741950947,0.06904432239301081
221,3,0.05540747737486914,0.054459216355582804,0.033726700276881565,0.08271432463749283
222,1,0.03656329708267605,0.03295751101550067,0.01278878218569755,0.08147599259141003
222,2,0.019089691012208053,0.018433011223819847,0.009086959266596474,0.03291341704247098
222,3,0.027479249004601948,0.02668815404144454,0.014250484638711812,0.04526657881647572
223,1,0.03729250848390557,0.0347278994359977,0.014488139289368453,0.07458058613730646
223,2,0.019880487989262563,0.019357494511130308,0.009669402615797938,0.03294595611544748
223,3,0.028506139476634475,0.027978855822313103,0.01573043299973086,0.04441113387873137
224,1,0.09435416727933185,0.08797944256234286,0.039118877177378435,0.18554708714374205
224,2,0.04473852776159046,0.04331617361639429,0.02234487091755593,0.0750834820579067
224,3,0.05976679955590389,0.05884249444936171,0.03758851087533084,0.08722589704345667
225,1,0.2033027329710795,0.18986317259941451,0.08313831751683372,0.40054914827376786
225,2,0.09541805717477424,0.09318845724709729,0.050792483147594256,0.15267284408345355
225,3,0.12939279047335944,0.1268204287977166,0.07561185443859107,0.1973159177442964
226,1,0.03657893455185354,0.03362300221551187,0.01295754112931841,0.0771750123269458
226,2,0.013209082512568185,0.012417149296528249,0.004526208393571513,0.026292211218955298
226,3,0.03559562247424919,0.03505685914599962,0.01877054067918175,0.055353113107377366
227,1,0.035530900018649586,0.032053220722155315,0.01262430812410215,0.07892927612908994
227,2,0.013530705623576717,0.011802764577368568,0.003566472740650165,0.03324993751345678
227,3,0.03377544305787617,0.03315996784239385,0.021956952539951256,0.04907855280227082
228,1,0.05873878592807581,0.053513253896333074,0.021196590798984793,0.1255846060354948
228,2,0.03069344317081631,0.030023393845817543,0.015364872914666252,0.04997464784367397
228,3,0.04429643822616502,0.04349412637554411,0.02367438200465659,0.06983543676812833
229,1,0.03740251316890477,0.033725095143813805,0.013227076628597881,0.0824958133250081
229,2,0.013730729407057154,0.012531078984336766,0.00418073795657179,0.029710243281016832
229,3,0.03569603070070015,0.03534480680222117,0.021435864313149863,0.05195135407437714
230,1,0.08218854751320458,0.0755705722086499,0.03131226406172229,0.1704410928078541
230,2,0.03768376708364433,0.03710301428419301,0.022067690130303734,0.05658577775557797
230,3,0.0520952728016407,0.05076705175489403,0.028131307950751114,0.08363866503918363
231,1,0.0532163869038138,0.047921704116603805,0.018813362839174022,0.11810349096877491
231,2,0.019859731611632552,0.01772603681674354,0.005625294879729927,0.04584280211775489
231,3,0.05060279514129355,0.04988451644037517,0.03179505235016476,0.0734702275793575
232,1,0.03432615514331665,0.030959276608892382,0.012351847995150591,0.07550526103563698
232,2,0.01327568568786299,0.011340843558783502,0.0033547570239760927,0.03409627081101583
232,3,0.032566996402948696,0.032060864484158375,0.022282091425284957,0.04572520504744732
233,1,0.006560818289504896,0.00486875459240837,0.0016675623032768486,0.02167388609402936
233,2,0.08185384122016114,0.05398428657101855,0.00737732464634619,0.32195706125400947
233,3,0.02118468169232388,0.01641065441028722,0.006268928063628974,0.0664221701502262
234,1,0.005239596503601737,0.004646064495924683,0.0016081716713585866,0.012344769397254634
234,2,0.05652366259192147,0.0513318660748736,0.010240916053568099,0.13265538477969435
234,3,0.017366774010855734,0.016285550193083784,0.0050954768309420286,0.036202756111663736
235,1,0.03631042120656877,0.03395695266506208,0.014365811690117051,0.07162520545841122
235,2,0.01369663060101636,0.012498462942040241,0.004146936256876606,0.029954912077326073
235,3,0.03572711319834792,0.035137607447846275,0.020787004346203418,0.05397640249620482
236,1,0.06350026151335031,0.057453941333625524,0.02291582558292856,0.1386354820382292
236,2,0.023830312837429903,0.021217046400147987,0.006691196068677397,0.05536388466173899
236,3,0.060493909228567906,0.0597998760585228,0.038965821532897,0.08613456415408813
237,1,0.032243794119825024,0.02922169122932089,0.011447899260842968,0.0702768489134249
237,2,0.01177054240060084,0.010847190286040215,0.0036882770863991745,0.024871816208365864
237,3,0.030898569555434147,0.030594780656384307,0.018017419676436813,0.04560840337497884
238,1,0.033641205371246534,0.030087436470506303,0.011386382941756784,0.07630331581434519
238,2,0.012224419224359037,0.011188897474201903,0.003775111762613083,0.026468893403313983
238,3,0.03214062248542815,0.03138964568535483,0.01778500489124123,0.05071629771965017
239,1,0.0032570246510971895,0.002792487319511179,0.0007914764297494067,0.008459938817822405
239,2,0.03167001349928702,0.02980415715371361,0.007922693878712183,0.0668466568453517
239,3,0.010979853522202303,0.009771347027729397,0.0023678697525578098,0.026480138571471572
240,1,0.005514783008825575,0.004726248596690878,0.0016221361037635994,0.014153968049598474
240,2,0.061654814551951216,0.05221834208253573,0.009313375962366421,0.17023165757967212
240,3,0.018163051744943745,0.016360461259623524,0.005322106410280922,0.0416747715985189
241,1,0.02956698416392815,0.02653356576603642,0.010003657341886957,0.06621962794808142
241,2,0.010519542701712941,0.009908571341346845,0.0035692915610761786,0.02083968783475851
241,3,0.02829043448139098,0.02799234951440481,0.015117261744246309,0.043267267330853953
242,1,0.008340119536628264,0.007164410255489733,0.002361468310516918,0.02108294893902236
242,2,0.09099274245789613,0.07881178336572309,0.014816614630472976,0.23774903260036845
242,3,0.02759827854344335,0.024892573560067605,0.007650291354947497,0.06330012858800353
243,1,0.031691580284267905,0.028715630451473816,0.011434486141782727,0.06939348397588636
243,2,0.01176563889050756,0.010622019162791239,0.0034586954295007365,0.0262847125005402
243,3,0.03023086869007098,0.029935395562131477,0.019021993633238615,0.04319543306683153
244,1,0.047165783089138366,0.04327852257013021,0.017873668807626815,0.09908994049374668
244,2,0.025274489514426526,0.02423315505503745,0.011168067046822404,0.04516328851005704
244,3,0.03548790628321016,0.034925783302017024,0.020933550986028674,0.05325312641001232
245,1,0.03355497089341972,0.030169309962993864,0.011691987535899503,0.0748509129998551
245,2,0.012638553471552948,0.011123058392305572,0.003419335264475153,0.030393457241063168
245,3,0.03216219357756529,0.031136121612435615,0.018780604610045073,0.051402053015660275
246,1,0.047632324403233596,0.04391248341243571,0.018366287224993113,0.09885301187375672
246,2,0.025810535654532674,0.02458121212421263,0.01092787374333889,0.04766502328411148
246,3,0.035854377313758005,0.03529424987209995,0.022086128116807626,0.052709219239653944
247,1,0.0029356607580846112,0.002392947132218824,0.000607013851251479,0.008431889730966091
247,2,0.027440539956593353,0.02481595024285078,0.00735218883193058,0.06339512376044489
247,3,0.009962113801000821,0.008323912184388046,0.0018016267660508224,0.02753264207257601
248,1,0.07595875482906413,0.07204111679802831,0.03351388067846062,0.1408682664492529
248,2,0.03702021434549765,0.03525376020886156,0.01671679362310658,0.06749782123136905
248,3,0.048586838710522294,0.04779176800234901,0.031598060106744354,0.07012694954071039
249,1,0.004673469541358102,0.0038165774516674914,0.0011319972856499115,0.013318173397231556
249,2,0.049194955422515715,0.04124358574642603,0.008386814003115249,0.13862872733129603
249,3,0.01555869165673678,0.013231078714106618,0.003563242824742841,0.04200067088169222
250,1,0.003467993437717613,0.0028084921521007505,0.0010975038722628337,0.009531800445678798
250,2,0.041238780576256476,0.03171476159003192,0.00506678761764643,0.1291723648987713
250,3,0.011326174872169845,0.009642086546252817,0.0038951434883926204,0.028830078315271443
251,1,0.0024329475124716185,0.0021559803752760694,0.000677877281677909,0.005821723114584332
251,2,0.024719433451083808,0.02340630655529393,0.005630031076921777,0.05210634114731632
251,3,0.008153970170019679,0.007595783002196987,0.002040793670986438,0.01747611763249874
252,1,0.034550967610721815,0.031172461928883857,0.012442082069671699,0.07627828585913371
252,2,0.013397533949594628,0.011416481773474683,0.0033621502230146987,0.03473880267616302
252,3,0.03276252526104594,0.03228478629234316,0.022573332620357878,0.04566406573719502
253,1,0.05211363307871456,0.047436793271647765,0.01949525496622514,0.1117971667065356
253,2,0.02886508384179027,0.026528612933275277,0.01048675743992425,0.060552112301892766
253,3,0.038856863776909153,0.0380043817166784,0.02524934296990447,0.05734157423248926
254,1,0.006641308184931999,0.005822766049496394,0.002106740906371972,0.01594839616524586
254,2,0.07696407347252966,0.06461390469289138,0.010627639402270912,0.21334192994587783
254,3,0.021768485872907785,0.0201139228085336,0.007225111090433772,0.046078251961262605
255,1,0.0074336180021811245,0.005063307589603713,0.001274890304643217,0.02805100291474788
255,2,0.07984676522474031,0.053760869181028875,0.00954382195663556,0.3091517686963569
255,3,0.02470780963341337,0.017291671796102977,0.004113721639203139,0.09184259936789183
256,1,0.03489982187836812,0.030732147115278628,0.012064180954897363,0.08210978887869011
256,2,0.019735348307259554,0.017101021497235643,0.006144197407111182,0.04879841426654815
256,3,0.025977872258582307,0.024146995449780786,0.015581855334383297,0.04721018047191498
257,1,0.0028490376628567088,0.002229617628082538,0.0005553004702856157,0.008786534780812314
257,2,0.02664882732689836,0.023033227333641583,0.006794908597022515,0.06939892685301607
257,3,0.009665485102532113,0.007765049920382625,0.001656643018363097,0.02876455492169788
258,1,0.005586609046112636,0.003929689228036674,0.0008305983092043693,0.020354725228114927
258,2,0.05117440981358639,0.03951956304432562,0.01107931165184512,0.16237986281345537
258,3,0.019050199272943838,0.013540357216752449,0.00251110695327247,0.06926908920530707
259,1,0.010313193274336538,0.008169165454236259,0.00203298468063536,0.031058672580844618
259,2,0.1029714596529242,0.08626650510498463,0.018808793153452567,0.2854416137037058
259,3,0.0346594921948035,0.02830548837528992,0.006231294046551519,0.10038740914168215
260,1,0.002660499068183679,0.0024157705021433753,0.0010298408699169243,0.005714715003469273
260,2,0.03325301649065294,0.0266724342551911,0.004099536096278157,0.09769998481756799
260,3,0.008621816390069646,0.008334578513169441,0.003908732246649302,0.014932736502612195
261,1,0.005915906374169098,0.005079026316512227,0.0017940977718969697,0.014907023484793154
261,2,0.06775707613592129,0.056215038402454315,0.009380364927558093,0.19185111906541602
261,3,0.019409254831957816,0.01748714581517119,0.006040614235457153,0.04412771553622218
262,1,0.12186304604727155,0.11487788980744834,0.052719013727880744,0.230581253216468
262,2,0.059053505023933674,0.056296355838407544,0.02693774831066326,0.10719285657501049
262,3,0.0775689488108709,0.07638494101314436,0.05064552838495539,0.11091591567967704
263,1,0.010285683143703189,0.007111069717253915,0.001698301006208891,0.03783678586523717
263,2,0.11436404519043605,0.07527109035884101,0.011886979169698556,0.45646503997904936
263,3,0.03390508786343011,0.02421680270447813,0.005614669697866205,0.1210654019569602
264,1,0.03268043701975357,0.029987586283578872,0.012742931513948076,0.06812113238314234
264,2,0.01821118732341059,0.016750482041515163,0.006650692145962061,0.038214040189517774
264,3,0.024362434926789602,0.024048776148163573,0.017111745076301917,0.03346769112195462
265,1,0.0038980777333380303,0.0033897229038819445,0.0010205317870942171,0.009768826449600867
265,2,0.03952198625226261,0.03654286724138898,0.008693073927909349,0.08817878148897244
265,3,0.013059399400573312,0.011850239584967358,0.003124696615239486,0.030155044596885557
266,1,0.03739882014447429,0.033781635589886456,0.013599534883429394,0.08180030519377997
266,2,0.020922453651846234,0.018851628291069365,0.007114808390171788,0.046512708012403786
266,3,0.027812760437208962,0.0269845523249338,0.01799863134651118,0.04250707862720243
267,1,0.0295983929561489,0.027124493066213416,0.011223715818405703,0.06202716831524333
267,2,0.01154267963044061,0.00993976579637347,0.0029692681359508146,0.029348012898911455
267,3,0.028427660362751253,0.02802654518175641,0.019346189491291146,0.03973868655646551
268,1,0.005925624427709255,0.005224543409726601,0.0019706802539286184,0.013845251131454862
268,2,0.06912408362284013,0.05813936775686926,0.009613578604603453,0.1898915624366399
268,3,0.01943525067905674,0.01806952294347489,0.006759483718689515,0.040190771637969754
269,1,0.003663897546267573,0.003124701431210521,0.0009129869245787716,0.009582604377791232
269,2,0.03676292915615926,0.033606467012323546,0.008023493081637053,0.08449738033563901
269,3,0.012278996080805404,0.010930761048472026,0.0027927086880819994,0.029715571203828426
270,1,0.032571278866126804,0.026697939703180715,0.009944327482812008,0.09084999707271038
270,2,0.0183639674965121,0.014871038326859192,0.005073819256158616,0.052208276064501354
270,3,0.02418343721795229,0.020659949430819544,0.01256168104621367,0.05766690413609983
271,1,0.004298086151729303,0.003601438605898603,0.0012117022297953263,0.01156379947556787
271,2,0.04711335461917149,0.039769051067128906,0.0074374041793904095,0.13107920816115928
271,3,0.014190822294095719,0.012489368436961277,0.0038996133559970054,0.035043261382144274
272,1,0.009440893190533558,0.007560134078670507,0.0024027437511182797,0.027530204522869934
272,2,0.11204721736229738,0.08325262536512182,0.012297197755575102,0.3818692940515245
272,3,0.030835988735491177,0.025721761191568306,0.008531760054795673,0.08370873256292108
273,1,0.02349788215182104,0.01654299110953505,0.0035214205878549686,0.0857472844004113
273,2,0.26519920394391744,0.17503248139725658,0.02476552407418823,1.0499277898092674
273,3,0.07750203540691136,0.056484105826178244,0.011976180093429255,0.2693690095399934
274,1,0.002423530508581761,0.00217506903291479,0.0007999579146532496,0.005486524712818371
274,2,0.02662390504128347,0.024156538305292477,0.0046988209599422535,0.06297982210498787
274,3,0.007985707833582366,0.007647448275053018,0.0025563969575982176,0.015456680445194156
275,1,0.003047828614996067,0.0027348493187595436,0.0010902813010679542,0.006852000886612375
275,2,0.0377862064560152,0.029768325338638872,0.004548359484529557,0.11775044174820093
275,3,0.009865499759856637,0.009461709254440672,0.004012011455468928,0.018013044302479738
276,1,0.04741841642705107,0.04351057726336799,0.01829332102971864,0.099431814891683
276,2,0.026393874224010135,0.02427014068055658,0.009624388561264612,0.055364493367834874
276,3,0.03531888646642195,0.03484173803864328,0.024563602477481225,0.04869699517376296
277,1,0.0025275188724382973,0.002278407164740337,0.0009356817782204106,0.00556598191606459
277,2,0.03199528773351952,0.02495015570813043,0.0037482134111718694,0.10046688569469603
277,3,0.00818453893317401,0.007866053672466932,0.0035844116214299782,0.014570454451088758
278,1,0.0052544567399463275,0.004308704741494678,0.001287064684266542,0.014865039973073186
278,2,0.05610352496720739,0.046825829952552085,0.009104379305004606,0.1587510474026004
278,3,0.017454220643392023,0.014944879878957495,0.00406073830730341,0.0458485374719714
279,1,0.0044529038047229205,0.0034697016365993717,0.0008254808357763633,0.014065009080875353
279,2,0.04261600375629486,0.03556217248782373,0.00950299410404101,0.11869783127197979
279,3,0.015051962996950614,0.012004169472075372,0.0024961561357073527,0.046023898781431344
280,1,0.00507734948422179,0.0044578346240443795,0.0015613823529620503,0.01217647010349969
280,2,0.056081814575792,0.04938298806370371,0.009235753593799263,0.1416274638926402
280,3,0.016753218132933612,0.015552532154731026,0.005044858892047266,0.03546929729915239
281,1,0.031093320158249615,0.028099580856785593,0.011229950093603015,0.0684160408455939
281,2,0.012111907780578576,0.010250455279664639,0.002995438439639531,0.03179967587355022
281,3,0.029464399691718872,0.029051669376762145,0.020483206228965194,0.040770358008284914
282,1,0.005674164197730405,0.004702678440988851,0.0012969204887233136,0.01568550510080025
282,2,0.0568264207957464,0.05024798945351619,0.01160321531745304,0.14160252062109646
282,3,0.01903095067917598,0.016353656064809007,0.003989864121132257,0.04978770814527534
283,1,0.0030114894472751,0.002733019685336925,0.0010724854515291769,0.006581560917151833
283,2,0.034477643978108694,0.03036687190060163,0.005415355406247753,0.0863307368305547
283,3,0.00991124709597676,0.009560740382347693,0.0035059174635421637,0.01840379872779465
284,1,0.0054506502444764465,0.004619864763743211,0.0015236343314290214,0.014335720516663252
284,2,0.060011064789487034,0.05076861819447568,0.009339051043097575,0.16562451375035667
284,3,0.018005105381647096,0.015991941011141163,0.0049608166420093015,0.04326135071590732
285,1,0.023730813273344926,0.021313785400876736,0.008379590834274864,0.05309298368363766
285,2,0.009251547028447785,0.007786530379187771,0.0022487272366450606,0.02471172547457206
285,3,0.022458243831076367,0.022001762605927885,0.015315967807266155,0.032306309997238644
286,1,0.004713055706350345,0.003195744395394259,0.0011328331956640565,0.014891719366826768
286,2,0.05431365571055422,0.03545662752514069,0.005729000147236809,0.19608809076522116
286,3,0.015051304137866029,0.011063826698954612,0.003908737470902339,0.04766775412904569
287,1,0.0033268148988001584,0.0027998645485001177,0.0009957131928954117,0.008767790785867825
287,2,0.03737943151265663,0.03109866821690526,0.005561253139452942,0.10572067977067628
287,3,0.010946505670967097,0.009721661863477456,0.003277817011436705,0.026299859913172918
288,1,0.00605026557546221,0.00518130417155291,0.0015979066910821044,0.015683143067706448
288,2,0.06386763152893102,0.056416112398713664,0.011369727031804394,0.1592427697720604
288,3,0.020136695972601332,0.0180495218995263,0.005019103539716123,0.04774845400229046
289,1,0.005238097312519422,0.004552070512359391,0.0014595470015447184,0.013000199269138825
289,2,0.05550268217207751,0.04981152271693834,0.010114064341471319,0.13432538843884279
289,3,0.01739558212911238,0.015895049628636644,0.004573809159319822,0.03914880709353131
290,1,0.004394864528987936,0.003604712914512093,0.0009662847833111879,0.012469238414215246
290,2,0.04354202292690107,0.03817972398489232,0.009220942689093821,0.10966385366046273
290,3,0.014782490023795124,0.012553030245024896,0.002933422910498164,0.039754036268198345
291,1,0.00412765133985253,0.003490597335731267,0.000980516153393695,0.011031910217694896
291,2,0.04101018706085207,0.03728514072376399,0.009109598296939709,0.09572302952795417
291,3,0.013857840345161557,0.012216776435417447,0.0029732226447912367,0.034330355061112795
292,1,0.005358520306917292,0.004332068295935302,0.0015777566221535692,0.015451801572825354
292,2,0.06578081769467506,0.048075151295997154,0.007138877767142301,0.22965767253381095
292,3,0.017378862356040154,0.014647836801119113,0.005812225027893028,0.04552162450506837
293,1,0.054760520642463964,0.04878177961470823,0.018864374237117676,0.12557979336668976
293,2,0.03090188676756585,0.027006981216114966,0.009585215453382393,0.07443066597954939
293,3,0.040706769569084734,0.038711056973630906,0.023889044530863542,0.06905925514609937
294,1,0.0032243069131737963,0.002601969120330316,0.0008397223469527456,0.009157680986834043
294,2,0.034953681811263126,0.02834822421114298,0.005601222673440517,0.10383138481166762
294,3,0.010667311094409502,0.009082958594621836,0.0026560850687511353,0.028337414595467902
295,1,0.022749230900186355,0.018403754240283572,0.005234781873443375,0.0650365909603533
295,2,0.26214416847920896,0.20074492021186116,0.029957053545378292,0.8547788773669357
295,3,0.07445589498711654,0.06331195220610453,0.01795135171010719,0.19546984037530418
296,1,0.003916574969243124,0.003288541148280261,0.0008980209722617748,0.010645033042804482
296,2,0.038314668833332045,0.03489307294605545,0.008937873781807174,0.08819842149652783
296,3,0.013186410904715142,0.011473911098215526,0.0027218829385630347,0.03342980600340308
297,1,0.022596341622998676,0.020516421403604664,0.008319475958203135,0.048792270195212505
297,2,0.0086982787364757,0.007525300739222198,0.0022694718374865223,0.021800479308141812
297,3,0.02151835617510688,0.02123925757474201,0.014775677112790762,0.029810739646735956
298,1,0.0023524626781305904,0.00212640546909862,0.0008099310284897702,0.005223252219209572
298,2,0.026700821681832052,0.023569803854222145,0.004316337874113482,0.06732535007968744
298,3,0.007734871294730483,0.007466089731123787,0.0026527936754029207,0.01450455463433884
299,1,0.0029008739994391434,0.002546120365245784,0.0008120271136022371,0.007095360155200409
299,2,0.030143120161639524,0.027753240019901516,0.006116001254242491,0.06885756776517872
299,3,0.009674092748022832,0.008940594826762594,0.002495959072481696,0.02127354500296869
300,1,0.005584237807538712,0.0048930539449234,0.0017238914604779476,0.013547989309266182
300,2,0.06259609896039481,0.054231331428541016,0.009748856591008558,0.16421120508956055
300,3,0.018390503115515145,0.016972216579866875,0.005635808524659457,0.039544501852838525
301,1,0.014513203301057466,0.011203922019138775,0.0025593048652131265,0.045848881135918985
301,2,0.14655272230611158,0.11819524255752235,0.023565550977397542,0.43810813820267064
301,3,0.04866038589680629,0.03868120680955972,0.008090017319850394,0.14756969736837505
302,1,0.0165364028854865,0.009775403623487137,0.002056130423347114,0.07345387994660367
302,2,0.19115041098256566,0.10232474279024789,0.013115617546878339,0.9221460980373366
302,3,0.05395662664939176,0.032879003994600135,0.007106836731826825,0.22893925862339431
303,1,0.005019813894310817,0.00404149681969679,0.0014015864444549449,0.014549631573692852
303,2,0.05840644074332468,0.044991236353792666,0.007217027781937486,0.19142853543506494
303,3,0.01643181680541147,0.013853355778135656,0.0047924676267740675,0.04415413888054026
304,1,0.0042408259432836,0.0031860048298903497,0.0010493543925698657,0.013810232805479817
304,2,0.04759847347923945,0.035213359204812694,0.006210211940198049,0.16666486395192748
304,3,0.01399391368403788,0.010971656326096889,0.0034618736629900013,0.04387700215798946
305,1,0.006831743391789685,0.005709410220565132,0.0017410516684066787,0.018532632416239175
305,2,0.07321644226228428,0.062149178460713,0.01194009783746249,0.20122589519115708
305,3,0.022649515083822548,0.019794517102470346,0.0055617342089697595,0.05675833225048598
306,1,0.02226321136114826,0.019949072468104657,0.007769269650963744,0.05019879154399949
306,2,0.008738817860725074,0.00726787558795292,0.0020665728727846206,0.023965029929503022
306,3,0.02108660487226889,0.020450979596800575,0.01406171250142921,0.03179500178046433
307,1,0.0032804944668287615,0.0027691123636995035,0.0010911055244919206,0.008378224921414271
307,2,0.038558309686966274,0.031038284751762242,0.005163345568445949,0.1117519778577419
307,3,0.0107271318007707,0.009557391122924554,0.00375939909582526,0.024534417483251088
308,1,0.024202529304531872,0.021851907698248463,0.008747673943216504,0.05299130353907266
308,2,0.009295043617805279,0.008049790851250408,0.0024286935667285994,0.023405704917056225
308,3,0.02299213211359155,0.022693799431300572,0.015663600807728197,0.032091496662255026
309,1,0.01042416699428252,0.008445270277089035,0.0022562202087454417,0.03026867656462711
309,2,0.1098056097426011,0.09062554172168702,0.01727259577432976,0.3146658159814379
309,3,0.034687025241918384,0.029220415766235967,0.007166838913884116,0.09458265612511146
310,1,0.040356626813132686,0.038368134270109565,0.01830605921518342,0.07337754796367332
310,2,0.019838668212552552,0.01878197513635276,0.008727724440332372,0.03698800937382287
310,3,0.02585584957080288,0.025496950723044136,0.01727876866410291,0.0364809124170146
311,1,0.016536241039638515,0.015455359061117556,0.006651113020922386,0.03239956628016166
311,2,0.006421829732302515,0.005646993500291291,0.0017601589436936353,0.015396016502916965
311,3,0.016129530679146433,0.015952659386411924,0.010655831184731563,0.022627281388061894
312,1,0.021072652438989918,0.01960871785987365,0.008612242982170861,0.04200397105870771
312,2,0.011902097560563244,0.01090148960570674,0.004304438140757745,0.025275230472199393
312,3,0.01583688307668821,0.01567452754387868,0.01142435265235139,0.021162171029917038
313,1,0.01602189499777746,0.014913131576635402,0.006427953181719625,0.03194271065450384
313,2,0.006284264386317333,0.005429629914620426,0.001647700793873655,0.015673080335846554
313,3,0.015557804342848269,0.015370119440627586,0.010661579670215887,0.021434198018673283
314,1,0.0027390782352709727,0.002489289443233106,0.001057146866798927,0.005862451014783812
314,2,0.032629293597429804,0.027990818948230432,0.004587920869253151,0.08563140496288284
314,3,0.008931266266472476,0.008672180220211871,0.0037262058888938906,0.015643864910415094
315,1,0.002567889623058205,0.0023276569570823556,0.0009218820491392895,0.005579830636505981
315,2,0.02919776501163552,0.026052901440353632,0.0047261324190900665,0.07087069940901095
315,3,0.008441942467275913,0.008170592843948502,0.003047857153196155,0.015528659276289396
316,1,0.01631704971829336,0.015278803024517812,0.0066954406132534085,0.03166502657958304
316,2,0.006423429719326312,0.005564417823455264,0.0016904714250109702,0.016033954296188164
316,3,0.015931667087745943,0.015732983402616113,0.01075610630330992,0.022152587623891447
317,1,0.016347263714440795,0.015004404726200881,0.006242309405289575,0.034086409299334056
317,2,0.006391164285935226,0.005476948828483049,0.0016305996376192989,0.01637294080522555
317,3,0.01567612808365,0.015497953269847311,0.011085707783049483,0.02127670317639036
318,1,0.016202610658623436,0.015078621533741558,0.00645297958563558,0.032494763391725495
318,2,0.006303892820131127,0.00549949816700822,0.001681322692424828,0.01543670255541351
318,3,0.015708716478095037,0.015518543350044243,0.010664729573824574,0.021746157140173628
319,1,0.02935726553357238,0.02767585586722604,0.011873683610485429,0.05668513286247131
319,2,0.012022470126455744,0.009947791551592802,0.0027698512548960785,0.033199843854813484
319,3,0.029325336488180233,0.028575529083618496,0.015627661667703543,0.0473693304379576
320,1,0.04045381718223619,0.03891689643444182,0.019233330675623803,0.07020295299522038
320,2,0.023435811616721647,0.021564822384159903,0.008486732908912779,0.049238617979867776
320,3,0.03165987616518502,0.031056666369577886,0.0194125763836135,0.047390261566145134
321,1,0.02065120774465979,0.01859078873513472,0.006922103657228776,0.04623490584411919
321,2,0.22869862205430683,0.20734606027226873,0.039498993702596776,0.5419859109911221
321,3,0.06835199184226497,0.06516551773135872,0.022219163776873177,0.1335040114518641
322,1,0.16807773276712115,0.1652516130121503,0.09672372328703388,0.25640425819870244
322,2,0.0866354684609066,0.08068378522419975,0.03445516965567279,0.17288773554223247
322,3,0.11336009040588593,0.11023156143305535,0.06156324902356877,0.1830408173717382
323,1,0.04094311677816672,0.03848235755515353,0.016893373242202945,0.07905425579130916
323,2,0.01640566838146886,0.013935580867194384,0.004109734713369104,0.042768532987626486
323,3,0.0403530537637262,0.03955072575510971,0.02534781572283988,0.06018945730314908
324,1,0.05406369307257072,0.0462543877584978,0.01746416409692145,0.13669857879429206
324,2,0.03120223060002043,0.02569020440531553,0.008282059402084192,0.08726472712911128
324,3,0.04136147773520062,0.03644569804888774,0.01860138497769199,0.09242658132972016
325,1,0.035959692393119275,0.0332501586609743,0.013950447103429199,0.07357348215664357
325,2,0.014319409176169287,0.01206596919027621,0.0034947812064854418,0.038380367524681686
325,3,0.034780786057251926,0.0341204249150365,0.02334802823491086,0.04985840719000973
326,1,0.012845666915523038,0.010850209382530129,0.003747855565440398,0.033661323624717965
326,2,0.15492732141996238,0.11973658187947034,0.017760970076341212,0.4989897219474701
326,3,0.042158247018776365,0.03696315822322274,0.013217195056560074,0.10109307224237464
327,1,0.041421720932128786,0.038291359500313954,0.01604196243234163,0.08445669072822949
327,2,0.016426077624581734,0.01388965757607408,0.004101287786779302,0.04321063184237679
327,3,0.03999237820916029,0.03939481434341548,0.027483812015078945,0.05601477051724083
328,1,0.06848991984440546,0.06646431702145048,0.033712980311245526,0.11467640303775233
328,2,0.039289796043072,0.036838085180970453,0.015225391509659262,0.07720971286708515
328,3,0.05405779691422571,0.052962954270643535,0.03213790438077183,0.08225250821999847
329,1,0.003859344406907295,0.0031893002843574026,0.0011179756538588742,0.010523767822456556
329,2,0.04257064327410141,0.03543009805527997,0.0066876026955031,0.12094354512189673
329,3,0.012800293239486765,0.011092714313707092,0.0035661986572299146,0.032722401902201104
330,1,0.033684491709659016,0.030741068087021685,0.012473699171080627,0.07179408311459456
330,2,0.0133694795622497,0.011154433196483939,0.003205179595038698,0.03640501698892013
330,3,0.032239275509156916,0.031653382343525785,0.021933488494520526,0.04598626217029243
331,1,0.0443627799648589,0.040039700947316556,0.015775681167314325,0.09812190918678701
331,2,0.017536811114556475,0.014508366825415918,0.004129038928318385,0.048140392427217675
331,3,0.042158101625799194,0.04129122681190248,0.027899722569503013,0.06145413722309761
332,1,0.036608316496546334,0.03432798203542267,0.015254157951227722,0.07124022012168374
332,2,0.020816776585101164,0.01900455548602583,0.007434299581862472,0.044484425544750544
332,3,0.027880195053251258,0.02729727217082984,0.018248394033920406,0.040763173603038515
333,1,0.03782269432018261,0.03474851953623431,0.014334363906373535,0.0790910416996133
333,2,0.01465297968569322,0.012705745487502446,0.0038554154619007746,0.03643273729822165
333,3,0.036390578991531385,0.03582569740696119,0.024261817968940728,0.05159659009379215
334,1,0.011203078221092655,0.009800302210137623,0.0034511856893889494,0.027152597662353
334,2,0.12822930457009957,0.10815851643920216,0.018593454041949935,0.3518965912457056
334,3,0.03698938544404609,0.033829770021640726,0.011427999044932888,0.08067007811249434
335,1,0.005125046512491559,0.004402578621403773,0.0013234972375046829,0.01320912757118827
335,2,0.052636396916136995,0.04728222945196245,0.010690967511609532,0.12663746225449174
335,3,0.017207019301852824,0.015329262864091607,0.00406082605589888,0.04159437958753055
336,1,0.004727242297383798,0.003905057653859887,0.0015169366078863304,0.012912725674191798
336,2,0.056866529633919534,0.043808824156085696,0.006838197260924493,0.1827901955221275
336,3,0.01544251323796563,0.013310839252285631,0.005387770438687805,0.039003496019704806
337,1,0.06691058382339919,0.06507447533684485,0.03454019063100523,0.10943904601974148
337,2,0.03383135444629965,0.03175540876808139,0.014131019437987022,0.06562266235735165
337,3,0.04410446504311232,0.04327990614332371,0.02645784953855146,0.0665165491018727
338,1,0.04199944543479988,0.039683039687483296,0.017768134110484418,0.07928152876744317
338,2,0.01697672855279605,0.014328224254981148,0.004179479140755473,0.04497622020566387
338,3,0.04145253323791423,0.040725390746589166,0.026701992097655676,0.06023050606153966
339,1,0.03697543616078673,0.03376088217228918,0.013916094660154399,0.07823441658842975
339,2,0.014726348306334645,0.012266100232573338,0.0034828636979960543,0.04020787011041087
339,3,0.03570219930504943,0.034708475115880766,0.022600749238417865,0.05438332345334674
340,1,0.005639067833577833,0.004903660248973832,0.0018646073274269262,0.013754328652031755
340,2,0.06690433548893426,0.05459787126530169,0.008888303930853634,0.1958687550536559
340,3,0.018499358851082677,0.01679197394847705,0.006462277072662526,0.04069709737587714
341,1,0.028137802813856246,0.026600934807576693,0.0139215565263669,0.051642969052645864
341,2,0.012049696648178655,0.0097184658730094,0.002531779026084866,0.03512620882505598
341,3,0.029544294516826726,0.027685968870583014,0.013404578055381897,0.05684044435269164
342,1,0.040652325900055034,0.036001585231628164,0.013418765141186045,0.09560009817630814
342,2,0.016175514157496084,0.013060463390855809,0.003510105461063336,0.04702912932201811
342,3,0.03872832227147689,0.036895497002181504,0.02220992713232115,0.06580089322326826
343,1,0.00995061676661927,0.007806507832767238,0.0021220367582155215,0.030672937200369135
343,2,0.10535978792602414,0.08318019456949613,0.016041156824291785,0.327172486625
343,3,0.03328738033066589,0.026817143180746045,0.006663444365936104,0.0985439380606514
344,1,0.00794173826913456,0.00671782393431534,0.002448271165089438,0.020561733330344653
344,2,0.09558246156729243,0.07433020335593274,0.01151136292550231,0.30381050178714475
344,3,0.02607752524452464,0.022878229834522167,0.008632282557994123,0.06283620249787958
345,1,0.01218771506735986,0.009968409580414093,0.0032579089179177612,0.0344321092898974
345,2,0.14344517446232613,0.10924944347609257,0.017163154092415756,0.4744414815582262
345,3,0.040458026843621035,0.03393145687878606,0.010939459224469471,0.10856903078844964
346,1,0.0022284492753629898,0.0018725023434098395,0.0005065808990576119,0.005911364258320263
346,2,0.021138616476551523,0.019730402704852122,0.00579706693578573,0.04372794464901002
346,3,0.007562071006982104,0.006521469207113511,0.0015137491867822082,0.01890569621886706
347,1,0.0074299590036654845,0.006067213444908511,0.0014948073423466512,0.021314397410330938
347,2,0.06976783947201654,0.06336540335181295,0.01786613446509832,0.15930864277667933
347,3,0.025235574477032147,0.021113900368602626,0.0044953530023732775,0.06970512489312267
348,1,0.05601915383959373,0.05183500716386133,0.022137784116634092,0.11402021226933255
348,2,0.03146619178663858,0.028819363541099912,0.011348847111784341,0.06661686942046205
348,3,0.04212046127272864,0.04136451616769794,0.02845533588885006,0.059878898684757056
349,1,0.04062297893378486,0.03689979882903513,0.014899104919799165,0.08738310386791519
349,2,0.01599462247625221,0.013485652125317544,0.003861114439599349,0.042822873646606696
349,3,0.03925343231276086,0.03795859835694612,0.02388785036444471,0.06194690876927235
350,1,0.07323571887203617,0.07021228874288038,0.0341504893884742,0.12940607533606138
350,2,0.03597048261078169,0.0343319716933997,0.016383383367584558,0.06488900450397075
350,3,0.04738240210175514,0.04661983964796197,0.02991482465283227,0.06926947694777189
351,1,0.007434420715150464,0.006363541744170337,0.002312432119990548,0.01887016049536672
351,2,0.08869174162799165,0.07048439827894526,0.011027485671490003,0.2713971777948494
351,3,0.024334624782223608,0.021808341704560665,0.008065612584884954,0.05532487055523268
352,1,0.03771163618208594,0.03458115668533837,0.014257458928757589,0.07946733111036218
352,2,0.014924983874713433,0.01256781789439725,0.0036381161824157616,0.03980361373180428
352,3,0.0362953271287076,0.035622986204608395,0.024237582816820934,0.05223282653332353
353,1,0.00792583410343985,0.007114225140116625,0.0027428559163348246,0.017804498021231012
353,2,0.09257133941451073,0.07888967529808222,0.013509238507547615,0.24908024304563733
353,3,0.026208662162866964,0.024538468097004214,0.009126221325804113,0.052899725768800594
354,1,0.030350531331258843,0.027230683169506442,0.011554770881879036,0.06792564945920516
354,2,0.01259079262947018,0.009924236258665054,0.00260360621325137,0.03863444097116358
354,3,0.030427411837044598,0.0277607918691356,0.014854852344323273,0.06144817592694715
355,1,0.00909325739094174,0.0064589466356695865,0.002153142052978242,0.03298369217620291
355,2,0.11091045518632547,0.07242148251924345,0.010110364953438254,0.4491507310832977
355,3,0.029827100274975538,0.02170821269932413,0.007615697107968976,0.1031782109738455
356,1,0.04721654107934111,0.04424251872411675,0.019806105967451863,0.09133954225480921
356,2,0.02662352451371185,0.024605277062391417,0.009913806847059713,0.05474333700591391
356,3,0.03590944208927152,0.03533782967086948,0.023883558427264025,0.051059760372885406
357,1,0.04362318462936256,0.040212308657393364,0.016852338436382158,0.08945595670461394
357,2,0.0170358843068009,0.014668749392675137,0.0044104108628942335,0.043037288129428725
357,3,0.04205889931304138,0.04149667959155732,0.028744707535045235,0.058707845621549626
358,1,0.04189649979103304,0.040135297081375546,0.019026563808458293,0.07493797900263788
358,2,0.017207699037061923,0.014448914229715969,0.004202681293884131,0.046270840784057056
358,3,0.04205138425935774,0.041234076001949754,0.025547409404950747,0.06315414181775407
359,1,0.02335341873635428,0.021105620173860522,0.008439116846716072,0.05137217688279857
359,2,0.009308574480858561,0.007670610189333776,0.0021495785154946804,0.026044120054876864
359,3,0.02243236472670776,0.02153662529640958,0.014285728234154381,0.03582715236623397
360,1,0.008633048182622395,0.0064880417711128515,0.002060871467289389,0.028217399396416095
360,2,0.09990964991201104,0.07197719123367347,0.011275352675422312,0.36070475095700266
360,3,0.028432318968970072,0.022027444342906474,0.006972594229923225,0.08969985321605696
361,1,0.004430701889739558,0.003838844149770455,0.0015409375594181254,0.010651801956169443
361,2,0.05221272198824573,0.042748926104932895,0.007252838135072883,0.1488298318274974
361,3,0.014701260584165045,0.013227507901446578,0.005063450388119325,0.033134137351816736
362,1,0.0452667491326057,0.04161562042256558,0.01730764183375228,0.09397282850442305
362,2,0.01779989895606116,0.015165514843129647,0.00446506765300716,0.046183302715452935
362,3,0.04358998046554233,0.042926668139647295,0.02964604711161551,0.06139598590222842
363,1,0.04092971289074192,0.03802765825140854,0.016073293460170796,0.08250352642594655
363,2,0.01625147944175887,0.013786669470080778,0.0040362184702408006,0.042451943662443016
363,3,0.03976594401181617,0.03903015210106557,0.026232631361199216,0.057453104625259946
364,1,0.033287328431698036,0.030313065459580166,0.012273104452817726,0.0712764779502429
364,2,0.013088594847773485,0.011031383993988127,0.0032083472849629684,0.03456588469211224
364,3,0.031841355119411836,0.031245591210662376,0.02141049055691682,0.04567151837088199
365,1,0.07646534965746661,0.07313872274445898,0.03506912942481203,0.13659062493655616
365,2,0.03684829608872624,0.03571455530679804,0.0186433642748113,0.06116082211189454
365,3,0.04974405919855699,0.048637857049542224,0.028929242391837515,0.07696959082947799
366,1,0.013702776542598277,0.012156941191297895,0.004100561087131866,0.032258668981318746
366,2,0.1460213114769277,0.1336746042608018,0.027703285709027397,0.3361458959180954
366,3,0.045631002154896474,0.04248415774031955,0.012784149303325273,0.0967455352588802
367,1,0.041814318802773885,0.038449771674271695,0.016146069822851775,0.08668782724209613
367,2,0.02381729617966068,0.021268927993797114,0.007921761091613359,0.0542913300338884
367,3,0.03144246411499622,0.030586438131676802,0.020438484440364873,0.04723063809924642
368,1,0.02748663912454759,0.02542525651827094,0.010679134182633238,0.05619175052657612
368,2,0.010853986865017394,0.009249987301885894,0.002731129715336681,0.02829631387032002
368,3,0.026584389778043668,0.02612162354657806,0.017827150385053454,0.03789132181168375
369,1,0.0140101931896969,0.01196006617757499,0.0035743412459783306,0.03635256126864412
369,2,0.14716022300418102,0.1293249493261715,0.026591690662302242,0.37204514727007787
369,3,0.04677255089494005,0.041615895424707235,0.011167969549073998,0.11271150558649146
370,1,0.08156735948533764,0.0786297771226504,0.03937141275239516,0.13983692500614356
370,2,0.04022120467713538,0.038460735293263236,0.01845902908893294,0.07198404641480824
370,3,0.05330023156923366,0.05221972598630673,0.0322075887967992,0.08053023849567613
371,1,0.05470272635023075,0.05130342962388043,0.02182295044446205,0.10702243428429357
371,2,0.029701644196176498,0.028558060056049432,0.013243534824269338,0.052852321754383216
371,3,0.04206058305334457,0.041029320702560504,0.023499193066451988,0.06644674755324617
372,1,0.05061280294012222,0.0484355240962403,0.02310210282583657,0.0905184505914943
372,2,0.02877304494140668,0.026922041257632725,0.011070241249589708,0.05742357057234214
372,3,0.0392113888802668,0.03859926429109571,0.025066045178592677,0.05671491416229944
373,1,0.04367706244626197,0.04064304256798991,0.017792228896977905,0.08707712727061652
373,2,0.02451884272094806,0.022634246081111482,0.00908672091036603,0.0509780728519322
373,3,0.03293771012235731,0.03249773809883466,0.0226593760657371,0.04568880184852946
374,1,0.1152391066757136,0.10873988109529545,0.050013976130970486,0.21694067820373034
374,2,0.05668156921087925,0.05315646490149836,0.02392338882593969,0.10950937288263306
374,3,0.07317193348656219,0.07221784114160497,0.050179397275922896,0.10159254236340234
375,1,0.03806748015446432,0.03573890588798316,0.015629248402346054,0.07376517610531777
375,2,0.01494119243631448,0.013014042771154602,0.0039901337766281636,0.0367300117715977
375,3,0.03731930586209728,0.03677770081440167,0.024193129085616442,0.05355203009307513
376,1,0.007326123028410336,0.006439045938778757,0.002346652563489223,0.01747167866050005
376,2,0.08350728922930166,0.07132879796931801,0.012424568346036563,0.22421856632462508
376,3,0.02419436314118953,0.022304343590264987,0.0076861934604994546,0.05178567805451855
377,1,0.03875515553309095,0.03576908308879098,0.015229499552953232,0.0790530475931048
377,2,0.021853103925256474,0.01987985737390104,0.007725571358083631,0.047333068559292826
377,3,0.029109104765926833,0.028538421371043142,0.019664597658057975,0.041716599404856225
378,1,0.03833094569381481,0.03604056478767899,0.015984325135923287,0.07366593687751517
378,2,0.015387113442202963,0.013114643092047977,0.0038070112129583483,0.0401346924647634
378,3,0.037982014649770156,0.03700911529012264,0.02296691020108593,0.05855473536112845
379,1,0.02867646720958136,0.02624069317534149,0.01069717675387056,0.06050191269773693
379,2,0.011361800472671511,0.009550743278095252,0.0027541757275038286,0.030490852130582786
379,3,0.027546489084678934,0.027016810840035536,0.018489632473499922,0.0396727052031023
380,1,0.05108488998572298,0.046521697030709463,0.018910185614968367,0.10977418897834326
380,2,0.020157012715918705,0.01694700764087545,0.004922649569010934,0.054198889548387814
380,3,0.04871244595974641,0.048006527345884495,0.03406174144217397,0.06735310320846317
381,1,0.054793807304624555,0.05166518390721258,0.02338295006978471,0.10391794573931748
381,2,0.030755033937728157,0.02869928888559836,0.011883946880212538,0.061020581917339986
381,3,0.04191063834599799,0.0412569738566303,0.027144839444665003,0.060438369359532146
382,1,0.0325021249895329,0.029835217998597438,0.012237894536641975,0.06798218069969172
382,2,0.01305267618652782,0.010779853467135048,0.003054724941987408,0.0363054775991377
382,3,0.031276108821127815,0.030648951314680064,0.02099963615612645,0.045226549098245694
383,1,0.006192573062461569,0.00534047415753135,0.0018036232711137745,0.015530740603823378
383,2,0.06816122162265072,0.05888577581545067,0.011048091365685088,0.17787078348692448
383,3,0.02051515272917808,0.01854111055147834,0.005773109239380171,0.04676438120887147
384,1,0.012275283532654014,0.010327422848966405,0.0035642585806618097,0.03253429590727014
384,2,0.1479802883613029,0.11366505927425538,0.016803455918891836,0.4784038437752064
384,3,0.040326896031064964,0.03505161587435052,0.01245095531609207,0.09886964350209615
385,1,0.008667172838208722,0.006822329046261046,0.0020835521195418714,0.026222505098267568
385,2,0.0962039515606094,0.07453352048238004,0.013004896653624526,0.3122053429098746
385,3,0.02881305214682611,0.02344569947850881,0.006728510731540511,0.08339676206609015
386,1,0.04126850177986235,0.03814882478951828,0.01590536301470868,0.08466867963747213
386,2,0.016328772244825387,0.013883937070661295,0.004064283975891126,0.042804938023505476
386,3,0.03996944297662149,0.03919275204339806,0.026357271390717123,0.0580007158040082
387,1,0.029411357019790873,0.02639859137537086,0.010565366882493517,0.06599406363545966
387,2,0.01195958379488073,0.009569589923587196,0.002558471975043739,0.03507503295753459
387,3,0.028824753696805018,0.02676649971365734,0.01567442389611241,0.054110471719653296
388,1,0.044887237594418865,0.040363447031625636,0.015685716414535002,0.10027703226006185
388,2,0.01765509836212629,0.014707983680219444,0.004146829339367391,0.048177205509021714
388,3,0.04280040878358871,0.041588951947274834,0.026814812640342103,0.0657804537325708
389,1,0.027745894178404906,0.025444183577665355,0.010507513959916802,0.058470235805486104
389,2,0.011251210136554883,0.009201878903698356,0.0025326720963130232,0.032004322654744975
389,3,0.027105075019931864,0.02594746114670153,0.0162053733976522,0.04471503416573979
390,1,0.004943653258268544,0.0042535838645565895,0.0014841634228144615,0.012355261500050958
390,2,0.055549748908514156,0.046883838496433815,0.008465025812058626,0.15381620255200593
390,3,0.016374356858893817,0.0147345235941927,0.004808216311337535,0.037890626832967796
391,1,0.005997302770745429,0.004712229813585567,0.0012464920567766674,0.01855651237814117
391,2,0.06154090282699045,0.04955197912660969,0.010790533483876033,0.1852906440486948
391,3,0.0201571950041628,0.016311118149766463,0.00381086302704783,0.05995556140134801
392,1,0.0041201536954707605,0.0034715952859977273,0.001181976968531441,0.010899662761456503
392,2,0.04645735576940627,0.03807846222067926,0.006821466945961926,0.13704671056407858
392,3,0.013633638083957945,0.011983439349175458,0.0038354597458673703,0.033781965909714835
393,1,0.003766594521952368,0.0034376320717421187,0.0012952961998785315,0.008126731789793099
393,2,0.0444824931439999,0.03708877751307828,0.0065322680289868675,0.12653649270478068
393,3,0.012520635064009232,0.011892284084978971,0.004193086121920082,0.024444201579935373
394,1,0.005750642682419685,0.005172177140360496,0.0021754922700390833,0.01269710505134842
394,2,0.07013271066385295,0.057286920883175184,0.00922105748147744,0.2008564614031548
394,3,0.019049527965270433,0.017728804126378,0.00748288108955005,0.03845780214218174
395,1,0.004071128990165928,0.0035521416018121886,0.001379621179962794,0.009792328314459966
395,2,0.048075765072514834,0.03983840378914954,0.006424125842694785,0.13719613649189955
395,3,0.013295024012577586,0.012247787866299552,0.004814487665425282,0.02809241449336516
396,1,0.03382357179074268,0.03173862781390102,0.014290228063562876,0.06514458207439014
396,2,0.01922658682810484,0.017623639157234354,0.006961683863586572,0.04084270408025966
396,3,0.02586985328887895,0.025297468259569814,0.01654788874050157,0.038467072831577645
397,1,0.03595246612555022,0.033479579970637316,0.014598407284211091,0.07160325171438624
397,2,0.020593558550943202,0.018558334408416442,0.006973865095817653,0.046058710705451866
397,3,0.027328289051092088,0.026579134612835686,0.017624933033963935,0.04137194219979678
398,1,0.0036760900879615243,0.0033321827412417775,0.0014166357070156722,0.007750227485388241
398,2,0.04482305247462929,0.03679618851917989,0.0061015393804178695,0.1262654434046181
398,3,0.012139010608301177,0.011494438374266266,0.004791867762958041,0.022669515611383476
399,1,0.004882846903416931,0.004268500673316512,0.0016296040436143476,0.0117127899508732
399,2,0.057609371581164394,0.047497559602114436,0.007748434104694923,0.16534802062808943
399,3,0.015994564567820977,0.014697636543056511,0.00561891603768137,0.03400951108146445
400,1,0.022562544848407678,0.021959433244193503,0.012293222967865152,0.03613434819282917
400,2,0.009693153120741796,0.0079418059642613,0.002160137751676538,0.027385209608778813
400,3,0.023658006283589925,0.022821572671692075,0.01192230923074062,0.0401053563483895
401,1,0.003317038620602425,0.003055618157953916,0.001342975497092661,0.00679654962948724
401,2,0.04066642120380278,0.03400686675602902,0.005473925451143715,0.1118435158903767
401,3,0.01088450878296296,0.010545628709741278,0.00473070892701826,0.018981372220966256
402,1,0.014571399403937741,0.013174839648910768,0.005269556614297803,0.031850476722203425
402,2,0.0057939522669744024,0.004789968180119771,0.001367228003000172,0.016111543424342154
402,3,0.013804743393897718,0.013631088344060386,0.009957499534134223,0.018602482763885344
403,1,0.021597361865253937,0.01996229689847028,0.00918450376682931,0.043991076892029614
403,2,0.00904292594883367,0.007237479246990839,0.001953630103038686,0.026696925653378126
403,3,0.021756696445494245,0.02040776430905479,0.011747872093083863,0.04000746922635579
404,1,0.014201259639021595,0.013156473891478695,0.005647550910526844,0.028663668695496688
404,2,0.005689149486027686,0.004759200559289136,0.0013930813163726653,0.015268612445262454
404,3,0.013834973046820097,0.01343890265012949,0.009204762513375235,0.02080974766163987
405,1,0.007624250863342292,0.006839446613933416,0.002700966879438936,0.01700601299953234
405,2,0.09022143897027439,0.07606592475777141,0.012656125123478707,0.24679083010731448
405,3,0.025183817333140648,0.02359289219426732,0.009122570082430217,0.05050650897571311
406,1,0.02192258959131776,0.020349268147699346,0.009888515632241945,0.04335979903358813
406,2,0.009346828749719588,0.007431892527011494,0.001935705534375695,0.027973562590601606
406,3,0.022563310239182593,0.02100839686752496,0.010934300230786217,0.043420000326499314
407,1,0.0734115412733707,0.06876180133652723,0.03136833638592593,0.1424635347733058
407,2,0.043600974624716744,0.037959691058060865,0.01298891994119952,0.1068219508783076
407,3,0.05784514003889101,0.054860484311938476,0.02922846627940768,0.1037371394830561
408,1,0.004760014779487788,0.004457237402084385,0.0018236760969352584,0.00945205015570949
408,2,0.0556009425081976,0.04864544115452804,0.009100784081322782,0.14142854827786355
408,3,0.016087077547687394,0.015385295930142994,0.005563249937201206,0.0307768451944777
409,1,0.00953653256382662,0.008447317732066632,0.0031056057715146243,0.022374132504045206
409,2,0.1100419895978224,0.0935387374624268,0.01603707023066847,0.29872556968820424
409,3,0.03146642254593681,0.029136929222041308,0.010372962043169261,0.06616385010000277
410,1,0.0028060847336209504,0.0024682480668400185,0.000804024281540081,0.006600608067585597
410,2,0.029958503072792284,0.026540251156960733,0.005774638375262331,0.07278152972032471
410,3,0.009384792125759588,0.00864643351105939,0.0024709544254083613,0.019890222999567587
411,1,0.02579386521276929,0.024507724446671635,0.01149281585419842,0.04753768601798839
411,2,0.015010513575788361,0.01349542225004153,0.0051163526738493385,0.0334342842949956
411,3,0.0199427204249641,0.01944167728371897,0.012650166602289155,0.030107458568557743
412,1,0.029333581499534894,0.026029783064095785,0.009836915494296524,0.06818990166261787
412,2,0.011606488314875598,0.009464121189929113,0.0025707054044471784,0.033132062615517544
412,3,0.027860595733449695,0.02659106675174383,0.01688311181765391,0.046207803261119916
413,1,0.0035622027482293895,0.0030500843239664537,0.0009441958583214581,0.009078793850884129
413,2,0.036759942543166814,0.032752834227856825,0.007658795490179754,0.08931959940703552
413,3,0.012019614312743091,0.010637019908008173,0.0028655010188123964,0.028944724699377995
414,1,0.03673294405608817,0.03549377676666564,0.017737509146013485,0.06272674828931325
414,2,0.015290903272647602,0.012803737864738058,0.0036435749405241786,0.041396134837744056
414,3,0.03751212543223181,0.03660667884918542,0.021036916405072895,0.05920753429422375
415,1,0.016918135858389537,0.01578485201601098,0.007031611910978232,0.032457002508162906
415,2,0.006743085868735016,0.005720924500420844,0.001716101392865069,0.017225400671744648
415,3,0.016721844659885913,0.016195339908282216,0.010528224703550642,0.024736035232734144
416,1,0.0028999998859878372,0.00263588348975424,0.001099365510312464,0.006235443830677823
416,2,0.03432773566852198,0.029412318432312148,0.004960042268352492,0.08933336249101967
416,3,0.009508741241691942,0.009127941294490207,0.003775964560765331,0.01726463163787992
417,1,0.041356158234471696,0.03842577248103114,0.01667987301643909,0.08297340455658758
417,2,0.0233683955159055,0.021324413920594677,0.008314975217405244,0.050093534548284906
417,3,0.03122759339053457,0.030650420480647242,0.020906203474362547,0.044999207948542404
418,1,0.032944529470531045,0.03125003188290962,0.014310328985191115,0.06129045879375585
418,2,0.013370482391706167,0.011283252289389936,0.0032888467737095476,0.03546500054971134
418,3,0.03285072594136915,0.032104932807115946,0.019870406727893725,0.05026632450644208
419,1,0.005338047078009123,0.004945782400387235,0.002206314901431921,0.010684016718156756
419,2,0.07136596590284291,0.05120167062886677,0.007226700124819417,0.24971135777174874
419,3,0.017475417758356183,0.01670913960181374,0.008689750122633942,0.03068267817285689
420,1,0.029217164642202594,0.028655015449247187,0.018459937873695265,0.04312738462472462
420,2,0.01798236097329778,0.01612101085536851,0.005503430947434956,0.04137352952569639
420,3,0.02461847667264512,0.023079632039806494,0.010912300742930545,0.04721958937863451
421,1,0.0038790301850847916,0.0032811157942529696,0.001051043791477215,0.010190276100041126
421,2,0.042966471308064635,0.03534159915651765,0.006847621960547636,0.12505484173569684
421,3,0.012893470227846862,0.01144942617607312,0.0033077412206943563,0.03146242617477346
422,1,0.04246702693993988,0.041053454692292005,0.02054759336801837,0.07243245694101805
422,2,0.024491806281585482,0.022712674003732117,0.009146667736615231,0.04980242576901125
422,3,0.03334438419069201,0.03271249811718308,0.020293658044600458,0.04994416340431486
423,1,0.004021867458335375,0.0035411090030936045,0.001295494030679779,0.009586511942070613
423,2,0.0449462648591629,0.03920067603068407,0.007418229927595656,0.11662403200967655
423,3,0.013411721108270096,0.012277433631773756,0.004078645814276754,0.029702441077122683
424,1,0.003765529674306331,0.0033181269796025013,0.0010330045296961501,0.009139455652706227
424,2,0.038653260990405405,0.03577556431802047,0.008384651606649493,0.08652365525814956
424,3,0.012694211060336394,0.011548556830849054,0.0031027924775456723,0.02902741582574866
425,1,0.021702002476286484,0.02031517147479682,0.008825907111282415,0.042418516627788685
425,2,0.00873132864350452,0.007352256373765111,0.002141685613658083,0.023378862527009908
425,3,0.02129300596600156,0.02082351218995069,0.013759387153543773,0.03160822523280243
426,1,0.005436115554496307,0.00464398292756428,0.0017620200407776803,0.013778141617927418
426,2,0.0659195601705076,0.05136831751332596,0.008090333146944705,0.20800218103757517
426,3,0.01787784448576221,0.015827099843404614,0.006140681840834875,0.04218307484702859
427,1,0.03504880333254479,0.03318892903440854,0.015290203610395525,0.06535633917206932
427,2,0.020338828292440145,0.01828856519043708,0.006892459644833984,0.04586775135001758
427,3,0.026997227841434802,0.026335860049731326,0.01714419782407153,0.0404445364874532
428,1,0.026263028498419373,0.023180713381172877,0.009420007024101375,0.06151484267810785
428,2,0.010778477653700422,0.008460104789638425,0.002219880311543012,0.03304230515190194
428,3,0.025886678072505016,0.023483575244615633,0.013427984048527231,0.05253205507615779
429,1,0.004882819735206316,0.004477414841581303,0.0019264796141269423,0.010203151173695465
429,2,0.06170850450167341,0.04844620699016587,0.007591531810677857,0.19066173032684428
429,3,0.016111291221469145,0.015314237888012906,0.006724814680869777,0.029980017617282098
430,1,0.023545337837150262,0.020494934862961757,0.007714765056076273,0.05742715813729002
430,2,0.00934706620871278,0.007483824184884091,0.0020169605022185046,0.02748661243612573
430,3,0.022384740389193733,0.0207469187292618,0.013314943299299564,0.04140099016524657
431,1,0.024105707183184524,0.021462994649105598,0.008827786070850219,0.05446245635330102
431,2,0.01355453178921098,0.011972630479375215,0.0044983895752916565,0.03178658682639267
431,3,0.017944910802265564,0.01691302907179975,0.011807524554616517,0.03074556465721332
432,1,0.006312484307796989,0.005460904274122193,0.0020313041606699316,0.01574489899526044
432,2,0.0742421852372286,0.06025677595707157,0.010056736424102394,0.22104779386644968
432,3,0.02101385697743601,0.018700061442137497,0.006700170022452213,0.04947893240358273
433,1,0.05380396608811151,0.05293960346203043,0.031368120458829155,0.0811056163083099
433,2,0.032319767700449226,0.029434748801450163,0.010916420102336802,0.07004895628346815
433,3,0.04397698695931516,0.04247687600919736,0.02281048574315366,0.07349135472297667
434,1,0.007107627605292001,0.006342842606113676,0.0026392589319368244,0.016081110348001977
434,2,0.09130458907702298,0.06980509301024908,0.010111127712179997,0.2915519815749982
434,3,0.023219933903015754,0.02152082500876913,0.009973955310518636,0.04636492126835519
435,1,0.005135106986801543,0.004428856827909602,0.00153654592887857,0.012790343731832354
435,2,0.05648613419585292,0.04823068221458737,0.009605839759662624,0.1522259263564954
435,3,0.017329214335408415,0.01530534219166094,0.0047567580910288145,0.042123419791708694
436,1,0.024148943290510774,0.023498822685670395,0.014407071847920958,0.03753983350510005
436,2,0.010704493240601319,0.008552314733528089,0.0021885751937528322,0.031940026801607145
436,3,0.026040027762320832,0.02454683611095798,0.011390800240384687,0.04905643953699545
437,1,0.03219956816595441,0.03138503929303017,0.017877860640331686,0.05116779898326536
437,2,0.01938216940645494,0.01740457792675775,0.006321945221832063,0.04357849594779698
437,3,0.026178769472617755,0.025218745052234003,0.013459366002513847,0.04438290501807685
438,1,0.004916130416716094,0.004278915747342838,0.0017102144911463472,0.011950889847554238
438,2,0.058697262603050075,0.04732376716407328,0.00794670378551443,0.17553383815664547
438,3,0.0164384522572796,0.014713760611156049,0.005485304642889106,0.037860148749599844
439,1,0.017553173425718504,0.01589267956853623,0.0062483943569694314,0.03825170091190337
439,2,0.006753386838551729,0.005858684735028115,0.0017538404289744033,0.016837133266298335
439,3,0.01689093692859525,0.01651076127759045,0.010121442117080237,0.02577688808671947
440,1,0.01899011529915022,0.017579645263895008,0.007417657706891617,0.03876315164466218
440,2,0.007685794593495849,0.006343427895970561,0.0017962714959204285,0.021370431106484955
440,3,0.018493099691357862,0.01794406602330363,0.011975626366910857,0.028202393613687548
441,1,0.003449737747006903,0.0030772446252164487,0.0012226423512241705,0.007790433879848636
441,2,0.04016516303719128,0.03413367152263581,0.005992337054367261,0.10738389755108729
441,3,0.011393569875647954,0.010659994883426387,0.004040082449727244,0.02283022610468539
442,1,0.0057185384879786935,0.005066321197776476,0.0018873780296966229,0.013366252674022546
442,2,0.06622871961184223,0.05585278842852873,0.009741611731658724,0.18252792375830107
442,3,0.01898817896431908,0.017447953634358304,0.0061377678877597265,0.04088180091293136
443,1,0.0024277968670231346,0.002181861300283367,0.0006900370622406207,0.005617623534617113
443,2,0.025151847705377796,0.023378306790608087,0.005532846664679361,0.055663686908481266
443,3,0.008168588876212876,0.007643212637750248,0.0020889012142994608,0.017392611634055765
444,1,0.007897197288808598,0.006944506251321982,0.0026991379164277005,0.018692379600967868
444,2,0.09940858942983408,0.07665819015181172,0.010906012464164118,0.3176629994304984
444,3,0.025517024599234828,0.02357955685813971,0.010471476608204498,0.05192667240148957
445,1,0.03206978664717186,0.030312554398281333,0.014435511569760043,0.059695327752518956
445,2,0.018672815137316962,0.016813902631134435,0.006304045246260483,0.04173863005101465
445,3,0.025087438053607435,0.02410188683378832,0.014430654913332234,0.04141760745556862
446,1,0.030411289660875244,0.027875971188333515,0.01148299683266225,0.06397943285707018
446,2,0.012101713706524806,0.010119605679088272,0.0028879255698799925,0.032881677221171315
446,3,0.02957461515235182,0.028510036265910824,0.01803293105767038,0.04720318664990952
447,1,0.03810825022877241,0.03516753953934646,0.01485113126205512,0.07833614015609511
447,2,0.020904808951670625,0.019659645953440746,0.008310920816846448,0.04067585540592341
447,3,0.02868456259840554,0.028194808884682704,0.018239196709566165,0.04184995803844775
448,1,0.005842732620139198,0.00503958079848753,0.00184530862314718,0.014564837615269737
448,2,0.06846422871751426,0.05593319660651558,0.009191621558702848,0.20035200454918928
448,3,0.019162679364714066,0.017318793803837402,0.006319993960896717,0.04305305700787685
449,1,0.09717491120626824,0.09541128888687107,0.055624490409106,0.14929624671628317
449,2,0.0500265001394438,0.04662943050430671,0.019977217289334773,0.0992588659658784
449,3,0.0654828093565454,0.06372188881501642,0.03554459815026555,0.10570747484708194
450,1,0.006504927401051488,0.005491783716970012,0.0018819065755891458,0.0170854861181697
450,2,0.07440771663198253,0.060817345543214066,0.010165503910613733,0.2186795745409606
450,3,0.021358229700425606,0.018924397331382733,0.006357725318873812,0.051201695069708904
451,1,0.0035505860046715345,0.0032252768370118366,0.0013691791840335556,0.007658326628874619
451,2,0.04783651014878308,0.03392268274490461,0.004509435528584518,0.1714559831931243
451,3,0.011300803495931546,0.01093477596622634,0.006208500198470295,0.018496758917971565
452,1,0.028502024952547316,0.026800617557617458,0.012018372829683313,0.05468450222524408
452,2,0.011669977366178723,0.00967291024385501,0.002736497661725583,0.03227092621594723
452,3,0.028323867472639076,0.027484146965813607,0.016997501223104755,0.04441738308925722
453,1,0.003493020052858179,0.0030865543681976096,0.0010966321695067098,0.008305397163299299
453,2,0.03825041391481634,0.034282978687286234,0.006571605494821965,0.09396087975764532
453,3,0.011556210950499158,0.01079316776786787,0.0034852529422026036,0.02433070132982715
454,1,0.0035594613812834114,0.00316019647529028,0.001197849923064322,0.00820531812524934
454,2,0.040552265525876985,0.03498105488080314,0.006367869461155202,0.10712243521796723
454,3,0.011826174514640157,0.010964375708451577,0.003827001447258266,0.024979342566185246
455,1,0.005884795474138373,0.005237911361008353,0.0019488600444015943,0.013579488627539972
455,2,0.0673386431364544,0.057795997261184645,0.010289094872371913,0.17946045754657441
455,3,0.019561149352874837,0.018161440437399715,0.006233065985753993,0.04128900350013685
456,1,0.03276599868335725,0.031791991393879476,0.015844601287128085,0.05516828780254603
456,2,0.018610938254126942,0.01763406894070036,0.007517892131969022,0.034992839879339856
456,3,0.025957850197456694,0.025291414910285224,0.014685167121787171,0.04099630656219995
457,1,0.005297253508983764,0.004666016778262192,0.0016106449780538248,0.012673942388987794
457,2,0.05737034268725435,0.05162612169412201,0.010069537070316928,0.13810194767112602
457,3,0.017537315903408627,0.016305482060417764,0.005103793364957202,0.03730862157367949
458,1,0.026991611717726915,0.02471433745199,0.010054986034321653,0.057210392416391566
458,2,0.010391156953615721,0.009060260375598431,0.0027628852314331123,0.025589686462025817
458,3,0.025967471374137817,0.02552783488853668,0.016867560774021493,0.03771452544287944
459,1,0.012538477562011293,0.010343499129487734,0.00403547570612841,0.03455217735371733
459,2,0.15747784495148678,0.11466268006346604,0.01724250515509712,0.5557591937212141
459,3,0.042291986628867545,0.035211910786172154,0.012943935018404474,0.11484294936598005
460,1,0.022830134395516156,0.020944637976963693,0.008894177353743746,0.0478792080191932
460,2,0.013031403317481108,0.011575669839344452,0.004327761282924909,0.03014436346288774
460,3,0.017093748979406544,0.016591670552083403,0.011760588767210794,0.02546223978448639
461,1,0.016702591049461604,0.01548839833157883,0.0067112154138295466,0.03362063458399463
461,2,0.006785967466438701,0.005597876656902187,0.0015988139386363758,0.018806598052100873
461,3,0.016316806478520164,0.015801588494539588,0.010725335223465157,0.02498183672882247
462,1,0.0061209779648384805,0.005424518147353641,0.0021998218857468355,0.014137232046454612
462,2,0.07634383569787415,0.0599327362196008,0.009006510231382197,0.2350364295014233
462,3,0.019960510913335797,0.01851418746947945,0.008106233013797827,0.04038451958540978
463,1,0.019521102920718073,0.0180819171778433,0.007979520390856733,0.038638401184430904
463,2,0.011211763905363185,0.00996983595300268,0.0038121795445220743,0.025339032901071062
463,3,0.014742042674261045,0.01435557125733921,0.010418361671760827,0.02035414361870849
464,1,0.031195482506286676,0.030435301516524665,0.017528625561526047,0.04910916213052776
464,2,0.01886741312305001,0.01689060179383432,0.0060585243119210255,0.0429835193043559
464,3,0.025375274014450565,0.024496247401071244,0.01314559794626913,0.042709768026806476
465,1,0.024996564123517598,0.023828307561553255,0.011241756126602236,0.04543304009043577
465,2,0.010308874972548517,0.00859822158437628,0.0024378367895387756,0.028138342680011322
465,3,0.025168339226296844,0.024486155752503673,0.014652178123607083,0.03946106644997148
466,1,0.005216539575558385,0.004364820014807943,0.0016161671391947774,0.013840904985088083
466,2,0.06263140008969759,0.04840549175066128,0.007669897257960963,0.2025570416016744
466,3,0.017153891812654865,0.014927590386771486,0.005535792788084088,0.04264051041045546
467,1,0.004149100693367572,0.0037128185262724008,0.001423003510261998,0.009431708281159754
467,2,0.04719023736377524,0.04144760171358848,0.007383263854865806,0.11983416019881199
467,3,0.013660595760546542,0.01293191474294805,0.004693013159090011,0.02694745650431666
468,1,0.017889756974179983,0.017012635210236746,0.007940173885330824,0.03279830059852896
468,2,0.010355812557615479,0.009369733398188678,0.003611841105533178,0.02272525056835724
468,3,0.01371145566925965,0.013549118195159672,0.009442178810410727,0.018909487777392823
469,1,0.006032943991441203,0.0050525201224265025,0.0015551008233210587,0.016260524698155115
469,2,0.06488926744718301,0.05495386814861807,0.010742499553664289,0.17760470809949325
469,3,0.02007876048732577,0.01755155963309084,0.004935179359286734,0.05023981179960729
470,1,0.005687236688095227,0.005198104490786213,0.0022218735415255454,0.011965274006204377
470,2,0.06942347833073602,0.05718376338675858,0.009345746215995246,0.196006933792746
470,3,0.01896188823132234,0.017808424580596886,0.007337830840414345,0.037318763053657014
471,1,0.003674541754024444,0.003396297994633059,0.0014914361450787447,0.007471535143156259
471,2,0.04614969444256568,0.03733538365094775,0.005863091987423215,0.13444955174849754
471,3,0.012100442195790312,0.01162944009807635,0.005291923224231064,0.021578822408117305
472,1,0.004244283850861769,0.0037758387974095335,0.0016459438324952823,0.009300565550867395
472,2,0.05299003411412397,0.041816134927078495,0.0066016460691598255,0.15800598231948565
472,3,0.013978243929134224,0.012916649705100352,0.005839730078495327,0.02719271714401779
473,1,0.03051060089596303,0.02811981549637775,0.012068754736055832,0.06231068150970547
473,2,0.012616514625148527,0.010133080650723728,0.002747906808248301,0.036939126184506364
473,3,0.030235050489670467,0.028780680482522393,0.016985955209979198,0.05201917278934848
474,1,0.00383437558023087,0.0034496796373988674,0.001503895669323142,0.008308411913095073
474,2,0.048969237140403285,0.038048521270300506,0.0057360421564167045,0.15222210960379712
474,3,0.012511287985447447,0.011808769005846688,0.0056307040809073835,0.02313124925517273
475,1,0.01758649905997267,0.01591148768114908,0.0070832502774449795,0.03782374752889466
475,2,0.0072703072143310244,0.005782036099271776,0.0015844461821185388,0.021634666240866463
475,3,0.017522973372415585,0.016102311610276317,0.009972856818370937,0.034348841493101266
476,1,0.006663920336724992,0.0060008218570339516,0.0025221880216692214,0.014689176086974374
476,2,0.08324092474264788,0.06615369502603499,0.010143296837185468,0.24981319010320388
476,3,0.021923385557664304,0.02045531001873839,0.009052542889472203,0.04332159042269458
477,1,0.017773033814533004,0.01645877319147673,0.007249986111434191,0.036084638867417584
477,2,0.007283278749432971,0.0059506307241040364,0.0016673147132984488,0.02053728965660783
477,3,0.017592796216807736,0.01673359988307895,0.010581342242333341,0.029968949744003305
478,1,0.020841900052814975,0.02012776182163247,0.010454577584687997,0.03523099425541455
478,2,0.008692750489002239,0.007295012676765961,0.0020688224118625615,0.023328344028824707
478,3,0.021508311804051192,0.020781421156259576,0.011460342012216676,0.03565442808852986
479,1,0.0200984909250914,0.01760363102048382,0.0075614852058105645,0.047877518662980956
479,2,0.00829757198890326,0.006421362092996674,0.0017208149566952412,0.02589395737258889
479,3,0.019899887187216855,0.017744035234747425,0.010767804547660131,0.042917004251743066
480,1,0.016092234576882143,0.014833802891083476,0.006858093467357833,0.032434698246053315
480,2,0.006556043563211947,0.00541164746710406,0.0015438534439374382,0.018107378916077162
480,3,0.01615438924309467,0.015186614605102325,0.009012926169396385,0.029349493431392957
481,1,0.022920975212918214,0.022069817146757202,0.010934318912327105,0.03990093230403316
481,2,0.00958534948757579,0.00792773761550528,0.0022436778967050643,0.02647240435333447
481,3,0.023291260054912843,0.022706285921559148,0.01337873478163717,0.03658654582345752
482,1,0.05348222524991049,0.047892362533648564,0.018798993470415217,0.1208992851717614
482,2,0.030206774399606343,0.026617566243956396,0.009450777947495752,0.07210016479162547
482,3,0.03970234887557875,0.038153998006210374,0.024159493091829548,0.06415189989391741
483,1,0.02060000890216517,0.019428644716104233,0.009491156037172129,0.038543141191130795
483,2,0.008756649770433033,0.00702440860862832,0.0018758635621655643,0.02572171854948972
483,3,0.02107807341053475,0.02005286238865088,0.010946194999453936,0.03737003577118108
484,1,0.017211677588810727,0.01575550944626655,0.007297298776231755,0.03561900080185009
484,2,0.007163705956162154,0.005704805009446072,0.001582568815043169,0.0211552367300146
484,3,0.017234446688221442,0.016043145073709568,0.009908431118368892,0.032083844706618
485,1,0.006868964515168708,0.0059577764603235914,0.0023190832565159435,0.01691882085992317
485,2,0.08001156752757281,0.06583573419192613,0.011759003467464916,0.23232255194342136
485,3,0.023262091272711047,0.02040361406464791,0.0071298570965438275,0.05677023138913006
486,1,0.024438572649075615,0.022015937789392592,0.008751380415206612,0.05430174643166901
486,2,0.009748983350925397,0.008000092665138323,0.0022308938540876416,0.027472104606853263
486,3,0.02355091263684654,0.022453988023178793,0.01439319238931461,0.039190845360861
487,1,0.0189247267605932,0.017044036465902235,0.007846071134070645,0.04122659221671285
487,2,0.007815203970716713,0.006214683131139849,0.0017160941615696529,0.02313442703313014
487,3,0.018987929903767357,0.01733372502562053,0.010325317630260296,0.03801859719419645
488,1,0.01906644472341415,0.01814672971274892,0.009731489143006247,0.03324365549684196
488,2,0.011516730314761086,0.010003509444742546,0.0036272584009551198,0.028119164654171875
488,3,0.01518534718972749,0.014493934911958571,0.008632867904070553,0.025459339491804765
489,1,0.0045069386652364625,0.003722182935085157,0.0014850057850574528,0.012064424705681216
489,2,0.05506154230853368,0.04164890679138528,0.006481717317799287,0.17890827962923062
489,3,0.014801119138686118,0.012696696087484655,0.005173878414886134,0.03772259110468048
490,1,0.005439069768300865,0.004719973109611373,0.0017342593247231693,0.013463725471008154
490,2,0.06243714681163694,0.051983535164607575,0.009355268653523634,0.17853100610205253
490,3,0.018205059344315388,0.016243746523458648,0.005520040763457468,0.04281275597121466
491,1,0.01948282905648682,0.017893011163778054,0.007730360875940479,0.04059131541766171
491,2,0.008025485564769279,0.00646585689852981,0.0017743619445375757,0.023336438146369813
491,3,0.019216798129646374,0.01815610519186629,0.011477134435215012,0.03338927945751732
492,1,0.0032105268892169136,0.0028340024979967085,0.001075160588942927,0.007263604245577838
492,2,0.03651858076317652,0.03132852038934909,0.005815674177052815,0.09437279789753748
492,3,0.010634925241957362,0.009892660394998025,0.003453203901498727,0.02122086892421525
493,1,0.0399440302734112,0.03569467321035282,0.014969410200048602,0.08998152017578376
493,2,0.02348806861455108,0.019823455362688903,0.006582743121176522,0.06194911387217299
493,3,0.03100468242093732,0.028167536076418392,0.015398029693777052,0.06303707662953005
494,1,0.023500994937419233,0.020900642089518383,0.008063400879867703,0.054087722890610104
494,2,0.009174792153350203,0.007634284795255301,0.0021570780308219407,0.025078337532736694
494,3,0.022244894365963545,0.021467824790386954,0.014254190382430846,0.03482281233751487
495,1,0.02463471011310153,0.023991934849029242,0.0129614019446724,0.04011790735480925
495,2,0.01038733657291929,0.008686273831987081,0.0024309268340519307,0.028124988228113088
495,3,0.025563795711061283,0.02479244911795661,0.0136061401616641,0.04186537581873931
496,1,0.03310426583765915,0.03174926587066841,0.017403268638688466,0.05663048182639481
496,2,0.02008070655674243,0.017656043240842106,0.00614917439055646,0.04801622930460605
496,3,0.026820244544375194,0.025624029022783136,0.013352866228945626,0.04729245950277378
497,1,0.019647135471384494,0.01766865368143507,0.0069904978097414415,0.04374981927590774
497,2,0.007745619969970362,0.006435314383801119,0.0018239247676991753,0.021246648530876808
497,3,0.018725904186460824,0.0180812987609874,0.012292395842596933,0.028954920639441592
498,1,0.05539985224823421,0.04825325513013308,0.017549590552754693,0.13505944031402117
498,2,0.022401362524388947,0.017544320439259183,0.0044276289627173645,0.06919600550472839
498,3,0.05408140727642858,0.049341777172562454,0.02493180919192337,0.110394399577182
499,1,0.02458984970157491,0.02340610750853729,0.011218720596377461,0.04466032042536087
499,2,0.014301262991252575,0.012937326948879318,0.004949189875993692,0.03155565726188508
499,3,0.01907567421355403,0.01864257742940937,0.012039030748126366,0.028710293601939038
500,1,0.03997937717792509,0.03678680034579558,0.016638461572580632,0.08189651451762485
500,2,0.016761937907676192,0.013400758560453026,0.0034782007327071904,0.049901461324758235
500,3,0.04100147691132988,0.037883597439515554,0.018741135691282572,0.08120743865321758
501,1,0.041382314773892946,0.036432992282507064,0.01400639739742119,0.09730407098616384
501,2,0.023435411818130646,0.020280210384840236,0.007051649428551294,0.0581826692324225
501,3,0.030738936329373093,0.028785345373642725,0.017918937514951983,0.054795333418505184
502,1,0.004136546673300219,0.0035664968616259413,0.0014412941448852187,0.010211108799730789
502,2,0.05176353218430763,0.03971074360327392,0.005883887990818577,0.16575127135054643
502,3,0.0134240171928621,0.012119208702077156,0.005496705669389737,0.029334375912102088
503,1,0.02026855310833106,0.01855775145762549,0.008101587060362387,0.041888457862695946
503,2,0.011676585345422642,0.010235072376613847,0.003800786019168327,0.027696765676991426
503,3,0.0152694309523469,0.014640653493252519,0.010574572704506867,0.023404982066495276
504,1,0.005689541879939866,0.00482161863735721,0.001604316341486448,0.014940439923717635
504,2,0.06331453441509322,0.052963952251269535,0.00946702224833111,0.17802356990349535
504,3,0.018846766117007013,0.01661225768087008,0.005209686353766269,0.04581522572342278
505,1,0.005027205327837887,0.004093671648813954,0.0013716853601666102,0.014310108580874314
505,2,0.05682727794086844,0.044866856825922605,0.008008139181564069,0.17956395181010593
505,3,0.016710576170261227,0.014065912450540258,0.0044001373101297415,0.04560896451986725
506,1,0.01545537391982376,0.013145320447900247,0.004489439909703148,0.039855303290446294
506,2,0.18632864234627758,0.14396430849310893,0.02167966962154475,0.5967507948294838
506,3,0.050823893290950474,0.044965980189685395,0.015637257787951817,0.11951009252782847
507,1,0.006071434192298594,0.00561646318119923,0.0024402114956926808,0.012308304478065944
507,2,0.08005122038234944,0.05798435838680963,0.008053417739778784,0.27767577845754277
507,3,0.020016838024374796,0.018966299003050767,0.009120487647436436,0.036852170933419616
508,1,0.0045102383692212054,0.004000217056309862,0.0015395985912151828,0.010485137028914331
508,2,0.05271972246489228,0.04459355516771221,0.00738727257237207,0.14435267230311102
508,3,0.014757013916840148,0.013863613902081382,0.005276879016786737,0.02964739461623666
509,1,0.005561126887167624,0.004864634624967255,0.0019066541832800075,0.012799559940820377
509,2,0.06641687179413933,0.05282160413140101,0.009310218684154737,0.19989282173032413
509,3,0.01887207435289093,0.016671901426887625,0.005880387508655711,0.043242647985174985
510,1,0.026701371619385274,0.026012496811660797,0.01466853275809145,0.04263554263640775
510,2,0.011474259944919565,0.009430030170803082,0.002559361294047399,0.03231165051871585
510,3,0.02806831266045618,0.027050069302966967,0.0139198467404175,0.048040297925341646
511,1,0.030348866979735684,0.02927546671400999,0.01708260977505831,0.04995515400391387
511,2,0.018496587074424035,0.01638641644607566,0.005676490237366744,0.04351910045428713
511,3,0.02501569354700952,0.023618585680321415,0.011742812099796473,0.046401168564158234
512,1,0.0033240947048088693,0.003027547331305367,0.001282770341483086,0.007078765973052516
512,2,0.04262177407645113,0.03295480971319871,0.004926060090521881,0.13483824996951535
512,3,0.010769915201606884,0.010392417399570534,0.004943466230012113,0.018833421925286798
513,1,0.005894019790804922,0.005350155617584082,0.0023002138027947844,0.012747983726631806
513,2,0.07478980788818965,0.05888515947933765,0.008904260518687156,0.2297503601300482
513,3,0.019378060653078746,0.018151607028978813,0.00834438745817318,0.037535000148961724
514,1,0.006315021217881957,0.005659774235212437,0.0023554534507881516,0.01412686796606298
514,2,0.0817066755571094,0.061819397400001204,0.008958418688811906,0.2668284795668905
514,3,0.020609968407242177,0.019195272022606978,0.008912635467405061,0.040534368448353335
515,1,0.025338980680398793,0.024440731095469174,0.012563249044182965,0.04334747840893649
515,2,0.015108718713730486,0.013468982932801243,0.004912122115042576,0.03487894932160648
515,3,0.020078984670324332,0.019511452932011245,0.01154682725649378,0.031890189263216816
516,1,0.004067604594864977,0.0035531655473183934,0.0014462313237626407,0.00971741204002631
516,2,0.049815499554916126,0.0395815565235174,0.006163775104116023,0.15103509281938696
516,3,0.013256660075541217,0.012139250361401958,0.005281227584969638,0.02813886036617323
517,1,0.027775870403568503,0.023660745435726844,0.01289746208979633,0.06986131021262516
517,2,0.011921331461894367,0.008979166292404448,0.0022285017005419746,0.03906119312158307
517,3,0.02970953393034009,0.024959159766953485,0.011095245205178576,0.07814994038307299
518,1,0.010529066239209288,0.009094746934505744,0.0031093366962218682,0.02642297949008371
518,2,0.11978541563093349,0.09944346550361471,0.01773631187753218,0.34153422668852945
518,3,0.03541225146756628,0.031159877065834504,0.009849897916374245,0.08587373745527176
519,1,0.01836517269784102,0.01740201092790485,0.009372789466615943,0.03315876221698149
519,2,0.007954101594174277,0.006332438072038741,0.0016633924952747009,0.02389479578322657
519,3,0.01916289082097071,0.018098536281040696,0.009409744119566927,0.035345969390144234
520,1,0.0035753416834107656,0.003225279544096218,0.0010620731470925412,0.008087116901310705
520,2,0.040225757677525516,0.03389233223378052,0.006655046280256769,0.11176272479291378
520,3,0.0120070566039004,0.011174147386993025,0.003319233561666865,0.025563188076891626
521,1,0.0040075335674867535,0.003561882267318085,0.001194945287066457,0.009401847667067281
521,2,0.042733935381228536,0.03876314739061479,0.008327424675011996,0.10053196141364974
521,3,0.01347530917245576,0.012384840733981429,0.0036621803949099235,0.029788406037676678
522,1,0.008611594279322893,0.00721031680292023,0.0027327461480272067,0.022988923512967
522,2,0.11157962540042259,0.07894789905096265,0.010814685240572492,0.4030300810316529
522,3,0.028152136743345282,0.024321926488815614,0.010119065287874563,0.0689996653819528
523,1,0.005104239448940283,0.004232517176987535,0.001232846140625211,0.01419019228214962
523,2,0.053759354909492095,0.04458821243526998,0.009838263631738755,0.15427049609741433
523,3,0.017262435309653695,0.014665712340773001,0.0037648353766779954,0.04689334973862065
524,1,0.01615846750827077,0.014955708184802192,0.00836143953003423,0.03167324855217231
524,2,0.007031957385010386,0.005501051318891906,0.001438708406541098,0.02168136775907542
524,3,0.017031962131156635,0.01563595231803921,0.007794381445199837,0.03466597391098876
525,1,0.007302046631975076,0.006555497684261002,0.0026643345342444746,0.01630632358090986
525,2,0.08965859461408023,0.07246968206626686,0.011344768934790368,0.26516826601899274
525,3,0.02406175551519792,0.022450016109984205,0.00936704504323706,0.04827184579080547
526,1,0.00546787195602736,0.004810080707194069,0.001603183562113793,0.013212129830862365
526,2,0.0589201120868797,0.052384840711285366,0.010741923014066514,0.1457777894264318
526,3,0.018328250905197484,0.016700487431256284,0.004956341772516931,0.04149317178275498
527,1,0.00598650486103799,0.005226369111955481,0.001749564280181857,0.014669132513292181
527,2,0.06545810802991323,0.057155192874049576,0.011024253777922249,0.16880155698593508
527,3,0.019946201220994123,0.018086638271564957,0.005486827183268494,0.045285251604762995
528,1,0.006291044955492211,0.005373875418952205,0.0020456953735518914,0.01596316548053731
528,2,0.07769916112151619,0.05986015457493203,0.008774812659652539,0.24942014532185022
528,3,0.02037874935503201,0.018279343015756955,0.007743314614018204,0.045734653591113825
529,1,0.003731567705155734,0.0034417699379978104,0.0015105335920661033,0.007631559978909496
529,2,0.04744570391417406,0.03770392769094882,0.0058113642009458705,0.14397428809559348
529,3,0.012237961320027487,0.011803716174966365,0.005498354140850433,0.021496079592401802
530,1,0.004014796766509666,0.0036495851376442115,0.0015017894456865694,0.008651561201180612
530,2,0.047160989070706164,0.04050556751621239,0.007050069506622462,0.12411321215676477
530,3,0.013327651905404341,0.012622476511585486,0.0049175815407754495,0.02607284280700293
531,1,0.005420557466646996,0.0045479858460108595,0.0018087419209881317,0.014241052350471135
531,2,0.06671213691873565,0.05041015089210505,0.007887070780819279,0.21865813659362868
531,3,0.017867982708835585,0.015466463901949494,0.006285845835245671,0.04416929873464578
532,1,0.016682485566370562,0.015255429258275064,0.007539063108883678,0.034001926753640464
532,2,0.007086310013324263,0.005528614594418106,0.0014990828629432705,0.02146208671600983
532,3,0.016997996560499072,0.015631017522347936,0.009012330416142002,0.03349247667887588
533,1,0.005289824130657956,0.004693332868461408,0.0019011769401784532,0.012180383739968896
533,2,0.06593323096346702,0.052040197219304835,0.007661027257368609,0.20089053637634458
533,3,0.01711763695477409,0.01602095240774125,0.007337650038493674,0.03336363797257848
534,1,0.005536069288834694,0.004910292601272617,0.0019395531091860696,0.012842523797533817
534,2,0.06665910152272832,0.054288941602459395,0.008716983962223961,0.19519477877886926
534,3,0.018190046410663577,0.01680818007694152,0.006718875624624729,0.037737667419505426
535,1,0.026866844763964212,0.024222384076154766,0.009536255585764243,0.05949202374318514
535,2,0.010739681019999085,0.008792721818256626,0.002435133863270385,0.030524921023939385
535,3,0.025618786535606914,0.024902392157165634,0.016655113309901885,0.03883456437057452
536,1,0.033041046941087046,0.03113721717396083,0.014358025935885834,0.06264387833105083
536,2,0.0192409622588051,0.017189972257710046,0.006368408252828843,0.043885435214408484
536,3,0.025506156702014386,0.02472443921675064,0.015802965970014366,0.03971302569527905
537,1,0.0053322890793248805,0.004609692286830223,0.0017273170565818407,0.013225233426382424
537,2,0.06237674445602544,0.051039114805543045,0.008624186113652633,0.18183293471552486
537,3,0.017671229616124988,0.0158026963339364,0.005782122662863651,0.041001856289068765
538,1,0.009657722120027685,0.007812117720298006,0.003116918128581573,0.027871788811699258
538,2,0.12603107982422135,0.08566296289881536,0.011794768380284362,0.47657548007684747
538,3,0.03195789667031441,0.02630501570439401,0.011046322993772447,0.0882337758651011
539,1,0.004281682454875908,0.003918194411619081,0.0016123024231388956,0.009002726548157682
539,2,0.05038041210800525,0.043183648812824105,0.0076423417953869945,0.13253699844968256
539,3,0.014360979271575983,0.013515379512204693,0.005113202263111277,0.028496699748915836
540,1,0.008043334117946508,0.0069994533817762765,0.0026322101494140097,0.01962979336939334
540,2,0.09754615324710918,0.077363801010468,0.011820995710813978,0.2985253239679015
540,3,0.026379371150922138,0.023883805989518246,0.009284478835075428,0.05801283196297128
541,1,0.005252078081614541,0.004854348777393145,0.0020651800423951107,0.010760035445575876
541,2,0.06636607484244979,0.05077154441222309,0.007815992139867781,0.21308936558141764
541,3,0.01741681255943809,0.01654455241461667,0.00724550511843362,0.032876057517719895
542,1,0.004641196330757558,0.004298744718173864,0.0019305067531000188,0.00927430509716666
542,2,0.06062641919418754,0.04693474686299715,0.0070111103390974655,0.1909752174499257
542,3,0.015246065363346111,0.01464030061694787,0.007209769367436619,0.026812005437133146
543,1,0.00431137088406748,0.0038412858172929268,0.0015502813343199148,0.009799693847744073
543,2,0.05243316806728762,0.042706841722483055,0.0066793278683242,0.15173160042331232
543,3,0.014006507700891818,0.013203323230451869,0.0056548760166183,0.026914227602231392
544,1,0.0378883074588471,0.03396143527671611,0.01306710841505486,0.08608929429656462
544,2,0.014493414463359177,0.012480799103669617,0.0036582548075793915,0.03671840073493932
544,3,0.036212856457941554,0.03493505940914342,0.021554191712502488,0.05809124376684438
545,1,0.005888356068871384,0.005017871036231926,0.0019986996953538744,0.014985422553450088
545,2,0.07109078256373064,0.05583795087120834,0.008927030582317556,0.22016277107683874
545,3,0.019474397988549514,0.01713413514089593,0.006815973191644098,0.046772501529945
546,1,0.0035897410033956735,0.0033198253271426188,0.001381841711119448,0.007326100562264484
546,2,0.04296198653251776,0.03651477298608027,0.006335353346219609,0.11568676612390735
546,3,0.011917652354389272,0.011505519162689144,0.004542269556269508,0.02180631696471366
547,1,0.0055300477905770775,0.004639078939774891,0.0017611449903804533,0.014697760221737138
547,2,0.06587359143772234,0.051524873618397145,0.008444002008457007,0.20990465341796982
547,3,0.018346760736834025,0.0158488960880404,0.005860312498699337,0.04644691205599058
548,1,0.025575489330135197,0.023527736187786585,0.01017079299103249,0.052604120019606994
548,2,0.01056047728779278,0.008515236919804586,0.0023147290679093246,0.030658537032086854
548,3,0.025370280886166243,0.02404031951589516,0.01426230831630427,0.04443842329488762
549,1,0.006509284137909942,0.004906552466719656,0.0010423603209324228,0.021200070015906795
549,2,0.05257063451286201,0.05049317687880738,0.02342754793745177,0.09352415982199658
549,3,0.022671262966918626,0.01674222459166999,0.003024505471268682,0.07533293972812379
550,1,0.06433064900261805,0.05735493509092949,0.019093501555802278,0.14927039703985417
550,2,0.021582772831469352,0.021149579110903018,0.009391041156245594,0.03641200086623644
550,3,0.062365887205870676,0.06045230432521357,0.025704641513923647,0.11003864878780921
551,1,0.041904499961713415,0.02422020636801569,5.541213950224718e-10,0.15478456682570518
551,2,0.02149625992147557,0.009951605196149646,2.2398865177805182e-10,0.06448106856190329
551,3,0.050761125754458944,0.027720647274919814,6.338554930929953e-10,0.16815032908939495
552,1,0.0036144208584394074,0.0026907841019181513,0.0005672400371400146,0.011988120773890524
552,2,0.02887573055591716,0.027609666834862323,0.013136929963080047,0.051917192849187
552,3,0.012605142919559826,0.009181974438919674,0.001642296141218503,0.04285424803118893
553,1,0.06125602167738124,0.05411957275041485,0.018536632505057445,0.14503698068500415
553,2,0.021023874230226988,0.020049354859027316,0.007867012433778835,0.03959383004153799
553,3,0.05867090283244333,0.05699317062646664,0.02650851914398268,0.10037425868246577
554,1,0.02904193071086105,0.026192066390490182,0.010417401770358551,0.064142899809746
554,2,0.011349728192519863,0.009571531570757286,0.0027727802078682325,0.030182425686295807
554,3,0.027541870897136042,0.027066153784929603,0.018783930784031858,0.03905207261723688
555,1,0.0028004855382036025,0.002543440803271027,0.0010529006229129734,0.006064006257285328
555,2,0.03336183550031264,0.028343681574747696,0.0047089614189843015,0.09015867024135499
555,3,0.009122559194434006,0.008833367486274574,0.0036715856951286194,0.01624882964824802
556,1,0.027096308296888038,0.024348714472046236,0.009553158806808718,0.06053543207990886
556,2,0.010582233489535997,0.00887727272613908,0.0025493410751705864,0.02850938846227474
556,3,0.02569829377552026,0.025079162160226456,0.016957864978653734,0.037829337602262154
557,1,0.0026168266043551116,0.002383302598105142,0.0010356913969724196,0.005534027376666481
557,2,0.03297884562364337,0.026386822250395785,0.003999063856582303,0.09833357610560886
557,3,0.008447163696858944,0.008208299949665803,0.004000385636828136,0.014241607716189568
558,1,0.005354946676180334,0.004529175550617979,0.0015102678918430604,0.014072431972798222
558,2,0.06080770420025073,0.049971916130541125,0.008425178847133575,0.17662763752346033
558,3,0.017599078490200648,0.01560791259404376,0.005107334998265484,0.04191766951958821
559,1,0.0029825221677279848,0.0025903951268624083,0.0008623491452444364,0.007422439269502908
559,2,0.031567907185591805,0.028519767767426984,0.005905968013496894,0.07565948118220144
559,3,0.009891513570812525,0.009062820821045064,0.0026901945693450433,0.02223828759028766
560,1,0.0036044416190430563,0.0030036971436894115,0.000936499954871395,0.009845352819176213
560,2,0.038189140171531646,0.03261529445665028,0.006626357028626286,0.1042248231965833
560,3,0.011993515381856905,0.01043534774384729,0.0029620382101681933,0.03073753230437523
561,1,0.02948661220265947,0.025009201460213716,0.00896745491736907,0.07622445805967971
561,2,0.011597380739530611,0.009191703686500071,0.002433243768052086,0.03476477475290943
561,3,0.02790744954659418,0.02529961911521545,0.015379418035994769,0.056091242762058124
562,1,0.007406576660030186,0.006402630464753126,0.0022273494548660623,0.018454824858701473
562,2,0.09011488554669182,0.07056709901481478,0.010271263731692395,0.2793649974925851
562,3,0.024086851399747665,0.02191993305878713,0.008069355606552975,0.0524436889526945
563,1,0.01981895542321562,0.017820901670573864,0.007100086761171319,0.04428428085048869
563,2,0.0077292228509394205,0.006523074158597507,0.001892532931849287,0.020562085332378095
563,3,0.018760632642140822,0.018436502578189386,0.012917850738910481,0.026404241729465542
564,1,0.0035682779548712167,0.00299156307874164,0.0011455197538179575,0.009525298766438978
564,2,0.042361600383902485,0.03343502067780663,0.00530647934337525,0.13056639276882878
564,3,0.011634993349487418,0.010227591095367743,0.004044897660248273,0.028173573314138025
565,1,0.024538900728321718,0.019184908379945437,0.006446572375169329,0.07555736717480402
565,2,0.009749240338521153,0.0070790029098700205,0.0017589368819536208,0.033632803475520154
565,3,0.023310092775023026,0.019081126078334894,0.010912080214300533,0.061956176479013005
566,1,0.002105830434618697,0.0018365064650369546,0.0005423793527710728,0.005258475555210178
566,2,0.02229214023084414,0.019455542323491528,0.004217634971585125,0.05727010786081572
566,3,0.007018841207781705,0.006434851668371765,0.001694918985494954,0.015849500816235623
567,1,0.023351557528049335,0.020978616164009905,0.008268560340929636,0.05203341708396103
567,2,0.008914381991458026,0.007728132960657405,0.0023242464692464163,0.022274003823186592
567,3,0.022150368642567687,0.021743037518822415,0.014624959392012391,0.032057044498301504
568,1,0.002530155553877679,0.0022968862806535296,0.000971901524766225,0.005426820987092852
568,2,0.030543101125672337,0.0256958193938528,0.004175049558903669,0.08287046065313412
568,3,0.00824177794991982,0.007987144775888622,0.003525898338612982,0.014401639132328874
569,1,0.003091323227151139,0.0025840173677501906,0.000722950437448657,0.008458487747682354
569,2,0.030663654945907448,0.02749121572617224,0.006752402774141931,0.07375848114052962
569,3,0.010384272415217237,0.009008470331361595,0.0021948949859768615,0.026706649735430864
570,1,0.001824438450361411,0.0015119144388704502,0.00036060119415611165,0.0050774460281963535
570,2,0.01763210326232173,0.01537988959122089,0.004267512312264527,0.04457527325434574
570,3,0.006146934886788755,0.005287147465623143,0.0010804349754372168,0.01611149637989423
571,1,0.00511673767241625,0.004248358580731779,0.0015784408589655946,0.013929879552894465
571,2,0.06076210620922326,0.04752130939276885,0.007373735947530124,0.19069889613530125
571,3,0.016668234393715887,0.01446769797074407,0.0056024067237217,0.04127659409048175
572,1,0.006850813741951148,0.005229556490969407,0.0018349806621171185,0.0218457680089345
572,2,0.08677936315752093,0.05854070608734121,0.007831665200081848,0.33607285631176004
572,3,0.022095420821755418,0.017443275897705203,0.007102020241577099,0.06552003252275108
573,1,0.0048648226413444675,0.004009261747965096,0.001133658669252588,0.0136954519465913
573,2,0.05025754105233279,0.043033264805794474,0.009074399150661475,0.13402849822532978
573,3,0.01625544935529789,0.013884330572282538,0.0035227924946077994,0.04322909583930911
574,1,0.019249691027004853,0.016464587691006352,0.00612314967354754,0.0485891360700827
574,2,0.007620578747443436,0.00605363831094103,0.0016272306537902308,0.022839343560847835
574,3,0.018255908383512223,0.01666887773873089,0.01079212908797233,0.03560502560129321
575,1,0.0034857735421570412,0.002996945584068435,0.0011692820720016195,0.008711380453120575
575,2,0.04138969584097161,0.03353420214183468,0.0053846426270336,0.12191318470561642
575,3,0.011357904706198324,0.010295092582710653,0.004139298557268481,0.025225740142264783
576,1,0.014785861341462944,0.01334273508641114,0.005340567417403665,0.03261064611357941
576,2,0.0057632919546504475,0.004878003044499013,0.0014236329856878135,0.015231841501417548
576,3,0.013971280971100506,0.013810820175390377,0.009994600382558094,0.018863923632715728
577,1,0.001983343445900125,0.001748815822012896,0.0005460125280558198,0.004802080532040466
577,2,0.01996695160553728,0.019053283063410996,0.004628010302053633,0.041143126166059155
577,3,0.006643623512085675,0.006172697337398864,0.0016526281748761227,0.014359672269248813
578,1,0.002999811293816831,0.002671832499391286,0.0011321893863693526,0.006703818257817662
578,2,0.036441520405060684,0.029872095668140253,0.004746416194851328,0.10268115983177989
578,3,0.009748605099120714,0.009223269774993877,0.004104546970637376,0.01801940873498747
579,1,0.014063456292525653,0.012526169164273125,0.004958539140833108,0.03213467121439317
579,2,0.00550507955394668,0.004585319539893133,0.0013164854641218259,0.01509456928723677
579,3,0.013305578789633095,0.012869816110728492,0.009194177782318078,0.020006939141501884
580,1,0.018058496958730977,0.01590144613215791,0.006140264487869407,0.04242418848288199
580,2,0.0068008658015374385,0.005877042402445094,0.0017859978844213553,0.016917021391066933
580,3,0.017107876586922553,0.016338917580477515,0.010695828013778703,0.02819759583683089
581,1,0.022957996707498825,0.020568533527640227,0.008102771813565727,0.05151166667706085
581,2,0.00900648221259693,0.007506468312004074,0.0021549880045002206,0.024407674781983326
581,3,0.02170440583430362,0.02125568634830842,0.014846733435741203,0.031132639393403994
582,1,0.004106090804510064,0.0036282409691368103,0.0014211446737618296,0.009558297685233802
582,2,0.04817519432272751,0.04053525299042392,0.00673712850921475,0.13190289155003448
582,3,0.013421197362241089,0.012544296669287826,0.004885037840398511,0.027103526543380198
583,1,0.0028637912759650747,0.0025999930648748916,0.0010910040201429936,0.0061416327714693434
583,2,0.0345168517650507,0.028940499907684283,0.0046891588624989895,0.09443390778995775
583,3,0.009318003551666525,0.009035908290148373,0.003926042156729189,0.01636291927119167
584,1,0.0042651067759785525,0.003556015624605196,0.0012211390735185365,0.01159869645972152
584,2,0.0477355699167109,0.03949879884659563,0.0069259009616809575,0.1377801191408335
584,3,0.014053724098816268,0.012292166641152746,0.004024193864896332,0.03532429841570404
585,1,0.00195482102588869,0.0017173542158918217,0.0005148008094769207,0.004801418081097792
585,2,0.01940144472610594,0.018529168316897618,0.004735583915957929,0.03963344494930836
585,3,0.006568280973807148,0.006042532730884851,0.0015516324491141227,0.014579635622768221
586,1,0.0025636980879244742,0.0023067280582634367,0.0009359299101949956,0.005631343935514768
586,2,0.029703096237387986,0.025869771059012527,0.004476977104664801,0.07540129085421779
586,3,0.008400044738051067,0.008070352669280828,0.0031641693307914065,0.01552340082341744
587,1,0.002747973515759208,0.0022546124337244604,0.0006053191655820072,0.00783675836407545
587,2,0.026831707167555893,0.023710324739962905,0.006127740882619932,0.06725550138616083
587,3,0.009258698124742016,0.007846900516983838,0.0018192442690142087,0.025054569377359708
588,1,0.025088009743272514,0.022199584600300044,0.00850574470315443,0.058406947900670324
588,2,0.00983669495842638,0.008101518872967471,0.00226789856008034,0.027346274504050725
588,3,0.023714904177640096,0.022834498243785195,0.015081513254469943,0.03755900935701951
589,1,0.002680222797682745,0.00243347675673398,0.0010527698026992374,0.005705618257220567
589,2,0.03404975992275608,0.026875619964748715,0.004009830256751897,0.10346368968294314
589,3,0.008642941059821494,0.008386591435403164,0.004161602662787699,0.014628844632475612
590,1,0.01613429076074168,0.014565736356630575,0.005784058925680815,0.03566143163429937
590,2,0.006111272316391926,0.005378185650961929,0.0016802334858364968,0.014689406601393194
590,3,0.015317527359092064,0.015155175852884836,0.010306014040888902,0.021214625919078592
591,1,0.0024220496720946645,0.00215111690072303,0.0007626128684983378,0.00567611646766649
591,2,0.02622205802215511,0.023882819165851096,0.004783871095687374,0.06190110679168437
591,3,0.008013408987723018,0.007562301279454413,0.002400332593070788,0.01645117353098344
592,1,0.002063656236628674,0.0016575163722680817,0.0004290302462959008,0.005928144616614591
592,2,0.019490630538493738,0.017258683491845367,0.005137944548196056,0.046063522782139925
592,3,0.007019247220283228,0.005773412836631376,0.0012726397038001567,0.019112051511536186
593,1,0.004590363995274169,0.004008012850475857,0.001564454994778915,0.01106237953464424
593,2,0.056101464019066995,0.044685950334768715,0.006795241371307034,0.1695130896675046
593,3,0.014889227206031886,0.013662617232832401,0.0057602649176135695,0.03120067176553555
594,1,0.008680080656223868,0.006788168411557846,0.001747585373752702,0.02707021085738084
594,2,0.09396196395774895,0.07309678754943777,0.012084951348642927,0.30129393099837276
594,3,0.02860942797601068,0.023246039707883692,0.005720581320512949,0.08350257185719091
595,1,0.024717778834504565,0.021890306211498442,0.008397606891802877,0.05736701299687295
595,2,0.009584912128852633,0.008051180944963862,0.002296360849833051,0.025922582655495987
595,3,0.023446815671299363,0.02246195800922615,0.014599642127005577,0.03800143466891096
596,1,0.00292315221254888,0.0026658294367590653,0.0011492279449332587,0.0062033795086964055
596,2,0.0371291800167499,0.029369756930646272,0.004380659650906347,0.11275369279438159
596,3,0.009433274677207542,0.009159675600560687,0.004528546014570071,0.015916690614754377
597,1,0.004947764340582691,0.003995630697001284,0.0012361926335022967,0.01440190711363688
597,2,0.05404196223410094,0.04367832765572403,0.007934509145465148,0.16325593703172417
597,3,0.016351129784095263,0.013791578228995873,0.004013070215537116,0.044148747191211896
598,1,0.00852221258933927,0.007615297303917161,0.0030948998249960297,0.01922182254674346
598,2,0.11003684725037509,0.08365559495983502,0.011829239042796839,0.3543044074657674
598,3,0.02744212815346848,0.02587297642403502,0.012585776408375344,0.051167941642708714
599,1,0.01675614658985349,0.015199653714319097,0.007166661466782695,0.03483826645263057
599,2,0.007030266910264837,0.005502350220245767,0.001506852966173691,0.021354953887845217
599,3,0.01687622965448022,0.01552930312688543,0.009335505887143101,0.03225803610842569
600,1,0.02334253104054575,0.0214398833736653,0.009423008484740671,0.04810971899721947
600,2,0.013486932692449867,0.01184772207777293,0.00437999684245729,0.03217174056326447
600,3,0.017701774536996066,0.016874903237978287,0.011753005809231897,0.02885188140370248
601,1,0.029090626865602397,0.025778296894937235,0.009840513000899455,0.0672932903221527
601,2,0.011232554579032347,0.00947947425242432,0.0027128133266943587,0.029869128832248005
601,3,0.027738121410577268,0.02646796315854975,0.016565407981653124,0.046594186645925795
602,1,0.015792158082632544,0.012574362386395949,0.0038500110212926044,0.047035177671433316
602,2,0.18700468883302102,0.13725921852190132,0.020326892763556217,0.6530168480505812
602,3,0.05215626204630858,0.04275386099949911,0.01319538980321289,0.14693110832438275
603,1,0.004980409689515899,0.0044258475762352055,0.001730995805013467,0.011534953716150351
603,2,0.05857840400565958,0.04930184136189755,0.008142581125102393,0.15972303983706485
603,3,0.01625561744565341,0.015293835551249791,0.006029921469731489,0.032180000836505566
604,1,0.02082506036062273,0.019112655348611066,0.00806377788395345,0.04355095104148201
604,2,0.011820680932979671,0.010599728140546992,0.004033757451456766,0.026713564291275263
604,3,0.015505148150205822,0.015312750583883615,0.011180372741129466,0.02090610462545637
605,1,0.004189789571286959,0.0037073132808040686,0.0015589333446094245,0.009665439982439902
605,2,0.053144398242268624,0.04124859495250224,0.0060668035287969385,0.16637413305948978
605,3,0.013552962933061604,0.012606719997010574,0.006126404890148109,0.026667451064979794
606,1,0.0055798476767200565,0.004814736739521284,0.0015848273317985962,0.014021169684966564
606,2,0.06035397158189958,0.05280285056087228,0.010310874296288118,0.15526184292074532
606,3,0.018490239851870562,0.016783670307918795,0.005038056888201011,0.04226197545194927
607,1,0.036151802754772124,0.03360883640172663,0.01427058955052015,0.07278850442912008
607,2,0.014279583529044149,0.012207798741941826,0.003620616817178556,0.036664172898695675
607,3,0.035239365122302614,0.03453101315509964,0.022555485290813422,0.051938716292077365
608,1,0.005032368074583356,0.004529172190026736,0.0019051839935164182,0.011070805920144559
608,2,0.06607821791309806,0.04966817325347979,0.006914773340821819,0.21654408883537818
608,3,0.01616303913599647,0.015379126319287506,0.008021910010410499,0.02890593711510325
609,1,0.006292295846415137,0.005363717582635052,0.002043353616228984,0.016052397568828255
609,2,0.08355255798524197,0.058689414998084465,0.007712828577877192,0.29922697497724515
609,3,0.020158488781650684,0.01799121499810511,0.008651877139709134,0.044450836734260944
610,1,0.007484513429739231,0.006575177073682052,0.0025699843295035945,0.017688422167987956
610,2,0.09694370771932735,0.07213926401933304,0.009943668492786998,0.3235323794781629
610,3,0.02409636783023006,0.0222877607092676,0.010412622491851048,0.04811870333702837
611,1,0.030668313843255354,0.02798093688718413,0.011724083423802814,0.06510444937051962
611,2,0.01754161204031859,0.01550522822639867,0.005686449453670516,0.04117243206662764
611,3,0.023011272890219255,0.022198523005024867,0.015022135503897839,0.035766588667143336
612,1,0.007775508255564648,0.006970919248007024,0.0028610079701756304,0.01733032093950977
612,2,0.09703731064953254,0.07740926371550767,0.011580440688011751,0.29037177245105644
612,3,0.025181977691943316,0.023901353880951645,0.0109486348712537,0.04683672177861927
613,1,0.07874065719091866,0.07609989504239215,0.038714147526256903,0.13364135345646294
613,2,0.038914874064482005,0.03719686070354703,0.017773216685665755,0.06994415410779012
613,3,0.05153923222815159,0.05050454329010535,0.031198152119292263,0.07785594244103627
614,1,0.005172410851110967,0.004623184884221687,0.0018757267953594845,0.011677829368845923
614,2,0.06368853658081977,0.05143765131277139,0.007826950686854014,0.18911386329343624
614,3,0.0168155111656426,0.01584095171764759,0.006936861138721568,0.032482802606876
615,1,0.0030443253160130817,0.002712517858775294,0.001170071404223296,0.006722527767230537
615,2,0.03817792093456405,0.03016469200744356,0.004519400102015674,0.11300118604480108
615,3,0.009830631663951692,0.009284566687148499,0.004582314675841983,0.017617979997541285
616,1,0.053083043643772705,0.04873049862936683,0.02047367268829063,0.11075826165693707
616,2,0.0299616069672476,0.027054740025307045,0.010347347629981843,0.0658294500808554
616,3,0.04012980661123945,0.038833524644420414,0.024605388788005757,0.0632089142978097
617,1,0.004203983218040174,0.003781803560128521,0.0016063317021690355,0.00926870667668419
617,2,0.05460315638290786,0.041581432898245826,0.005935877884596547,0.17411902300320384
617,3,0.01351886118694248,0.012861138032580374,0.006631952479964461,0.02416733782395716
618,1,0.003349845656640387,0.002963546923645502,0.0012296669967386494,0.007720779280132893
618,2,0.040675283779598184,0.03308366001834924,0.005111740670547578,0.11699938894680975
618,3,0.010893200911712425,0.010203948567736532,0.0044672761146555395,0.021472341157125756
619,1,0.03305654069262576,0.030663205147400077,0.013246953064175922,0.06651840840999261
619,2,0.018211876552369416,0.017131190923834055,0.007335418810490846,0.03536189986749931
619,3,0.024897907850415193,0.024620896268318024,0.016581331452203835,0.03474537947815589
620,1,0.0048327372149374005,0.004338440747307335,0.0018193707763226952,0.010738877992260277
620,2,0.065558921720776,0.04704804606402816,0.006418053672551378,0.22977955534206437
620,3,0.01541928107135179,0.014653247663999745,0.008046375933848837,0.027318368351267375
621,1,0.003694042139481195,0.0031267622455327052,0.0013094777184961073,0.00923318792334354
621,2,0.047296509283551225,0.03489883466144181,0.005002378769869622,0.15503891771460526
621,3,0.011891002270713703,0.010574157094249376,0.005282050649199909,0.026398210239494367
622,1,0.0048783813940655,0.004387231911713845,0.0018322936699165986,0.010807591059314395
622,2,0.0642618106147982,0.04787020845674558,0.006659024840014753,0.21098457305446247
622,3,0.015649910600867255,0.014864102911150775,0.007753982882172454,0.027952092408894704
623,1,0.003587707270175129,0.003260739837071942,0.0014139904469745049,0.007640213116866198
623,2,0.044964380967493736,0.036201772495743315,0.005501539564749986,0.1313822500030044
623,3,0.01161927511536996,0.011185881562144805,0.005446273047017469,0.02028877357368852
624,1,0.02114665305478218,0.018815439138867292,0.007272241110784016,0.04843344108435152
624,2,0.008354028034188657,0.006859791518940573,0.0019072070735677185,0.023528517395469777
624,3,0.020021027099549782,0.019288923541681116,0.013103793677672297,0.031253166957934335
625,1,0.007821991907819478,0.007001888747181348,0.0028439355794749126,0.017633962660889683
625,2,0.10010552067225537,0.07740231736210694,0.010996873712603725,0.31565710949498577
625,3,0.025209054850629017,0.02382562039651723,0.011438189125962638,0.04706495662554507
626,1,0.0048247553302027055,0.0043493465964532,0.0018341088121022304,0.01058136188996026
626,2,0.06032514304606076,0.048122824552284046,0.007254082581015831,0.17940046119099376
626,3,0.015627187623007993,0.014900491236668582,0.0070559270356855466,0.028375391578830934
627,1,0.004486925941223642,0.003944748090937958,0.0016271620943489773,0.01051525158192146
627,2,0.058457750504750855,0.04367694024810083,0.006077615057986475,0.19491226925782698
627,3,0.014442611017080983,0.013370774366824722,0.006644898204145782,0.028709538825181756
628,1,0.005672445196423309,0.0050404886165125035,0.0020733032328239054,0.012890002135185704
628,2,0.07568911247094734,0.054971181546137365,0.007468374634103624,0.25996257528821115
628,3,0.018164677827437574,0.01705923008337952,0.008836485443292942,0.034061735639701766
629,1,0.02450251915289844,0.02248817077725708,0.00951103451889682,0.05125142578495918
629,2,0.01383941734385013,0.01249363847200097,0.004782100027807801,0.030578599060737007
629,3,0.018281062315006636,0.017960922371797097,0.012837863537227292,0.02567095109284311
630,1,0.002933926373892421,0.0026723809456031845,0.0011644023930057002,0.006190370380329062
630,2,0.03805807165388214,0.029333374081326854,0.004235021374365368,0.1202640314287681
630,3,0.009427024632931297,0.009140734679072043,0.00478329489973504,0.01571610617090136
631,1,0.004399800249687622,0.003950866009512036,0.0016771059589857516,0.009729750414484326
631,2,0.05650794755263843,0.04355988602310029,0.006287385140744154,0.1777034665395428
631,3,0.014165778703951668,0.013447004069073353,0.006792490350759758,0.025681114778197553
632,1,0.003440232074809722,0.0031234356119299285,0.0013349785381688267,0.00739965699697273
632,2,0.045389609383669476,0.03351476706328191,0.004771359939071806,0.15236000954570741
632,3,0.011004668436727547,0.010652593792161979,0.005702425234414798,0.01828519075224628
633,1,0.0099349330789366,0.008374440470572116,0.003000264693085407,0.026049329394415028
633,2,0.12700649807134717,0.09235880354706102,0.012427140102746167,0.44088524693957515
633,3,0.03202875619877675,0.0283596251734399,0.011813958070563896,0.07426252011226785
634,1,0.025429277433692197,0.02273352186667131,0.008890884266820637,0.05784664156928072
634,2,0.010038485552564671,0.008299034539868667,0.002319710794683745,0.02793260985298468
634,3,0.024125420764150668,0.02336264933341612,0.01574821248367707,0.036844435009775314
635,1,0.0037486157938323166,0.0033362490019816097,0.0013439023379044246,0.008552137303630207
635,2,0.04424584837815581,0.03736748376111282,0.00615336901885476,0.1202706651656766
635,3,0.012238133612823904,0.011549334101838744,0.004708702631742976,0.02383843134325056
636,1,0.005769444972106613,0.005177503147178218,0.0019790616261471127,0.012978719353854994
636,2,0.06582666005277323,0.05771911779825033,0.01029124476007488,0.16682374288278184
636,3,0.019033940692428367,0.018023186933793865,0.0065353177977972585,0.03745845622137666
637,1,0.0048414223413604605,0.004265916128021877,0.0017416743511642384,0.011300934085363949
637,2,0.06453999163649278,0.046813394740429407,0.006246316400332978,0.22230164204417083
637,3,0.015526477406342571,0.014391321465724617,0.007470887238017796,0.03038172134124548
638,1,0.004294922353311896,0.0038938729995030173,0.0016328556457482408,0.00925316250474637
638,2,0.051681444208912415,0.04359279738505321,0.006986723667233401,0.14054318737065788
638,3,0.014023975968043417,0.013472976040465493,0.005817363585115973,0.02545671442123298
639,1,0.02439891858200281,0.02194383046313841,0.008989860064694183,0.05405111955381709
639,2,0.01389386690433429,0.012137825511942979,0.004443011466828685,0.033618110934939584
639,3,0.01810314658842833,0.01731157985156163,0.012411184871001776,0.0288514100537892
640,1,0.0050829271069459,0.004522080745945461,0.0018768931448749247,0.011582705141363166
640,2,0.06408427960279234,0.05002871695657898,0.0073667027750597735,0.19818541594151465
640,3,0.01641618277208118,0.015441623624210525,0.007300249870441127,0.03130496100269933
641,1,0.0034708114736206755,0.0030502627243803935,0.0011996587960461165,0.008121502684858194
641,2,0.04020160101530311,0.03411720778402526,0.005918871868567282,0.10825685836795447
641,3,0.01142132883737616,0.010604133941554433,0.004019033216334456,0.023494403843732352
642,1,0.03875013310155094,0.035840720363321955,0.015301829192612436,0.07889324428792839
642,2,0.02117364837230521,0.020057141500145693,0.008770892838500485,0.039851072156742
642,3,0.029261082201408176,0.02881436067949707,0.018391360936534956,0.042545162678089596
643,1,0.021820135508958883,0.020324408617225335,0.008780566562293946,0.04320756008193147
643,2,0.008784194554798291,0.007352280784724577,0.0021301306723078032,0.02371952632942041
643,3,0.02126365453877922,0.0209081609247337,0.014243876667874187,0.03038697789122852
644,1,0.030008473800381776,0.027815927233188077,0.01203882991081651,0.060453757937303704
644,2,0.016766570359188694,0.015505914373140734,0.006203513371512689,0.03448326816134164
644,3,0.02275012739557686,0.0221756058462386,0.014380606749675106,0.03444885954699234
645,1,0.005304137968410414,0.004775815477160919,0.0019383480408620046,0.011759794698346959
645,2,0.06271655535170476,0.05328989731474705,0.008953419748437328,0.1686407414317394
645,3,0.017373059489299094,0.016530049358577943,0.006704163885910233,0.03315348673730413
646,1,0.03290262320319872,0.030615357416428558,0.013338070992747638,0.06544352892019059
646,2,0.01814925774707974,0.01709089754277949,0.007335644393704527,0.03477104733779354
646,3,0.024882370902614838,0.02454039262952487,0.016370049167011434,0.0352082370178793
647,1,0.00500897627025751,0.004518493277314687,0.001807685586318784,0.01104580378568694
647,2,0.05836413381582657,0.05056141244991139,0.008533649107664399,0.15115271560884946
647,3,0.016412336173305616,0.015714346350149313,0.006161830233797797,0.030841420823087225
648,1,0.004074947759180721,0.0036123524498903985,0.0013872312359580656,0.009519040461082639
648,2,0.04684173272172696,0.04013261587882494,0.006964477915482949,0.12457001822576698
648,3,0.013421143391366349,0.01251247632607749,0.004620097512220519,0.027651543816763925
649,1,0.005451218154933242,0.004893664822121585,0.0020076547916312356,0.012131576516453949
649,2,0.06621013621862967,0.054604210794798075,0.008531690768295588,0.18791978202619938
649,3,0.017757888669874468,0.016828400521772743,0.007271536375139388,0.03354642826842652
650,1,0.003664903861277977,0.003333716071439826,0.001435358418116546,0.00782387359763008
650,2,0.04551500415133623,0.03699951382039812,0.005630282270719273,0.13106153509198282
650,3,0.011892042813353505,0.011462703427031535,0.005457225240757701,0.020892820442238343
651,1,0.005775129858158804,0.0051424577630182974,0.0020943106083880568,0.013164127808680004
651,2,0.07206747690588097,0.05704085455453051,0.008557736298260466,0.21892772737835223
651,3,0.018727846666814103,0.01758928303159899,0.007945100233583685,0.036101664783631394
652,1,0.005615761353552467,0.005004652041699182,0.002031472537373606,0.012738998625344795
652,2,0.06878372216521905,0.05555659528106646,0.008569872859476291,0.20074428770494326
652,3,0.018252658753068366,0.017198721748189143,0.007504415196803873,0.03513274252595432
653,1,0.03136783071988877,0.028803447616737667,0.012143331555418427,0.06539372120895452
653,2,0.01749043353820102,0.016093350415094944,0.006355849491575914,0.03675869149110786
653,3,0.023385002953897633,0.02307735928597637,0.016327386535179064,0.032260118664397666
654,1,0.03258165047833284,0.029823395341730972,0.012126809471090079,0.06934265933263584
654,2,0.012943795718415193,0.010817533364545617,0.0030988122077918122,0.03514830336913972
654,3,0.03137387344577974,0.03059537567218904,0.020351186486708348,0.04684776257937671
655,1,0.030711968854638432,0.028287398241437077,0.011787477046006602,0.06392990538192668
655,2,0.01248593822867961,0.010210882854121568,0.002831154438222732,0.03537812282784952
655,3,0.030029761591147116,0.028915760705058163,0.01805381553547447,0.04843771146307611
656,1,0.025913996099976935,0.023551402457738367,0.00972622668742266,0.05575883485403698
656,2,0.014725155800372416,0.01303843250315195,0.00482494793284423,0.034375965059016314
656,3,0.019246776850693505,0.01870087477274776,0.013308360167690271,0.02845612481435337
657,1,0.035200698477709944,0.03292980058020287,0.014523099830909712,0.06919719277491382
657,2,0.020164558131640146,0.018161418127316947,0.0069336046307190875,0.04469674125659117
657,3,0.02657822543225828,0.02619990763154697,0.018717068900661993,0.03652427088141336
658,1,0.005558461666165544,0.0050381984434182715,0.0021249577255068376,0.01210828324459145
658,2,0.0703265865563424,0.05554755308785407,0.008221667623641371,0.21257392263773445
658,3,0.01797196249656575,0.0171532270091864,0.008374096441760799,0.03226891093138946
659,1,0.019403368400571934,0.017369966239658866,0.00672718824053111,0.04414081205466731
659,2,0.007683801819017467,0.006288315683253132,0.0017721519326555422,0.021747242336466584
659,3,0.018342654838268115,0.01778135409120093,0.012433822194094526,0.027582523743776118
660,1,0.004806621913434026,0.004105044239782532,0.00164541741573539,0.012109159772580758
660,2,0.06424244947850057,0.045446194358327696,0.005981276109036882,0.22878819371853712
660,3,0.01537847341482469,0.013745020716071116,0.00710207639492101,0.03361530041695438
661,1,0.023741425452999315,0.020878966980903454,0.00800301598135312,0.056196315798813505
661,2,0.009510188824547471,0.007615535665876303,0.0020455947184908887,0.028182156278873202
661,3,0.022740470328692603,0.02104834855913241,0.013413386438160398,0.04213088580795821
662,1,0.026591096620844943,0.0234243992601856,0.008878334396652587,0.06266996319585896
662,2,0.010577951999319254,0.008522777424636387,0.0023077958439350343,0.030833210465328796
662,3,0.025118778845695706,0.02402465310550164,0.01563582805776676,0.040845123679175754
663,1,0.020894700623583413,0.0186650296864394,0.0072860129771648435,0.04739374049685308
663,2,0.008316127550209164,0.006799515552855725,0.0018763556458719747,0.023692734943689973
663,3,0.019765265049889805,0.019186493523003816,0.013295231430500553,0.02952210646924459
664,1,0.023339987017290842,0.021110258330372004,0.008737044374238136,0.0507342463284534
664,2,0.013283846050939482,0.0116976774126239,0.004324520111957178,0.03152459743588675
664,3,0.017333176430368417,0.0167069750266226,0.012023518162297298,0.026487037789425464
665,1,0.0038662935730549453,0.0035081975319995653,0.001516131190910915,0.008295678310172052
665,2,0.04966331386792662,0.03866728848522761,0.005667026955907536,0.1543630640943578
665,3,0.012471745092043827,0.011955087268533324,0.006138380567588539,0.021746371265575156
666,1,0.006986779902331466,0.0062692570864399996,0.0026048705996776235,0.015491912501952572
666,2,0.087615983621269,0.06941799648985886,0.010258445771686968,0.2633982486384865
666,3,0.022645434299536138,0.021477579482521745,0.009974894146316913,0.042150976966470764
667,1,0.004417939175677986,0.003950792578825242,0.0016402860410970304,0.00991942284598812
667,2,0.058751401630325155,0.04312701461848969,0.005987450839049968,0.19900729274169054
667,3,0.014153651674681212,0.013377164322184502,0.007018368915523769,0.025930728155188033
668,1,0.004394192926316974,0.0039236396724726084,0.0015323548247705575,0.009985963339988312
668,2,0.050976814814390176,0.043840928691077294,0.007467779858984115,0.13415806324401547
668,3,0.014383603322253961,0.013622190095913882,0.005227062770388654,0.027926111250787422
669,1,0.03177837327427158,0.02971944315263649,0.013008491238281216,0.06229937915070163
669,2,0.012768291716946682,0.010762765464501178,0.0031294724534873916,0.03393897267873529
669,3,0.03115706737625509,0.030562038397098437,0.020122515363426415,0.04574791482319285
670,1,0.0034412446508945743,0.0031204191873588595,0.0013685946691884185,0.007286815291774185
670,2,0.043010921589212416,0.03463474542584334,0.0052431217425707236,0.12419279755932536
670,3,0.011177495642692029,0.010717418344618757,0.005178286507162574,0.01947297243019904
671,1,0.02370497002598189,0.021099970249641463,0.008094205432967237,0.05472823634107957
671,2,0.009486406650330388,0.007631303200855486,0.0020892728517265553,0.02778062390233137
671,3,0.022463083551510495,0.021587027667804924,0.014380874205396334,0.03566465831699591
672,1,0.005141952086259912,0.004421836960194259,0.001742169365739602,0.012920012309775469
672,2,0.06699542712371777,0.048781269207366126,0.006718320220055489,0.23141162015230776
672,3,0.01651652327527429,0.014833138197322447,0.007191144021175525,0.03579391482987824
673,1,0.003448714018988189,0.0031392194150637468,0.0013508675620398764,0.007322427066926901
673,2,0.043587685311850755,0.03461032342546542,0.005240514296818034,0.13060679519614288
673,3,0.01116656272245252,0.010795084541716087,0.005163074105005924,0.019207019971063014
674,1,0.005285189705245656,0.00435627414161798,0.0017679070173843626,0.01428950307586508
674,2,0.06570157238498239,0.048632547939488034,0.007429953358942621,0.21891264932147322
674,3,0.017402292382760254,0.014764480045274638,0.006297743282660358,0.04505272860684607
675,1,0.0029065056527794522,0.0026523912871693964,0.0011570222594440844,0.006154783002665179
675,2,0.036435398609571706,0.02935842998893641,0.004480509052186181,0.10645506730803586
675,3,0.009395930286846137,0.009136586140457054,0.004480241066674467,0.015887964519931866
676,1,0.003819593466905107,0.0034212582478302133,0.001472722971946205,0.008455904556186888
676,2,0.047572357887377605,0.038139666631372374,0.00578158045470857,0.1413807788512758
676,3,0.01242519169448071,0.011718363438549026,0.005527055072416677,0.023453721910553324
677,1,0.0037041314621852404,0.0033309121148939044,0.0014067242531158612,0.008179234197990605
677,2,0.04619684054609069,0.036894579587726024,0.0055978707560404295,0.13747595694712134
677,3,0.011988511260733307,0.011406777125585807,0.00535902946771824,0.02189753273923936
678,1,0.02766535198373622,0.025610468864802748,0.010822526402829416,0.055590146789443344
678,2,0.010968184878974864,0.009300359730922046,0.0027300420280175763,0.028709972898571454
678,3,0.026852034364414027,0.026371814323085052,0.017817530651181065,0.038665786550771256
679,1,0.027957821187500866,0.026963404436728622,0.013542678547041227,0.047840679321839594
679,2,0.016432911379862677,0.014859365715309556,0.005668773684826228,0.03631005389554299
679,3,0.02189972059079,0.02151372623905588,0.01370370508969461,0.03232023549933717
680,1,0.00396365738482937,0.00358134656800309,0.0015325061354174337,0.008640786044113818
680,2,0.05063390090989068,0.039563259240591675,0.005802156313416508,0.15620076846807449
680,3,0.012788675370995631,0.012233264974033544,0.006163602842628514,0.022664944951715615
681,1,0.030214707677460165,0.028027844211576308,0.011896011753218865,0.060943386871295364
681,2,0.012173285495344442,0.010123312177695753,0.0028995540659042672,0.033245993750514145
681,3,0.029302381564844982,0.028785125921622114,0.019773591989799538,0.04181239678466145
682,1,0.011392862577737863,0.009753097342930426,0.00356046198099397,0.028940916479089616
682,2,0.1487699337132402,0.10610818775924845,0.014289584874577306,0.5321335063409217
682,3,0.036672110156438974,0.03294521201386451,0.013979414182875499,0.08086437387013838
683,1,0.003415031600564395,0.0029625875495652206,0.0012554864780436668,0.008044563169622267
683,2,0.04384391989276776,0.032892448624266865,0.004770804504820615,0.14194060459980315
683,3,0.01100724250007123,0.010096563237219143,0.005029930973055407,0.021741776198714365
684,1,0.010157592385921342,0.008877635461315137,0.0033732083050338852,0.02422046743162752
684,2,0.13763858849568517,0.09622328371304435,0.012501078535030106,0.4973415556681469
684,3,0.0324187559025881,0.029969218607261094,0.014647617161157879,0.06450444837777103
685,1,0.02473994733261635,0.02162307084967488,0.008104493984471058,0.05995625910799934
685,2,0.00983565315052659,0.00788232840089631,0.0021203418341311634,0.029069734487488792
685,3,0.02341084105200714,0.021998841994674945,0.014183841192813408,0.04094878020535291
686,1,0.005189697632177224,0.004666010228847958,0.001878885019640962,0.011486412970295859
686,2,0.06128144332377255,0.052052952586227524,0.008613687367715936,0.16418652504717687
686,3,0.016985076951166033,0.01616273051850188,0.006557796548592027,0.03226441226310223
687,1,0.027452224396160303,0.024717209566594404,0.009733252834885282,0.06088824081343643
687,2,0.01093496237449115,0.008964251102030751,0.0025065101517621176,0.030887901223649428
687,3,0.02602850575783513,0.025469830194051087,0.017537567251790363,0.037709361049074935
688,1,0.004526385891014703,0.003933447863566447,0.001515942376600774,0.011003164154670182
688,2,0.053664889979299836,0.04386850118781452,0.00703748800046456,0.1550408776711601
688,3,0.014760612103818366,0.013539795644206931,0.005372855862073234,0.0314930827970745
689,1,0.006078387370120058,0.005513228544852594,0.002331233419081608,0.013066438785529114
689,2,0.07490765030123007,0.061251896775237805,0.009599520564395893,0.21501036020419778
689,3,0.019825310614004187,0.018956613850149247,0.008569522766160749,0.036177617193137994
690,1,0.004991685714416787,0.004374018381070921,0.0017495540211293873,0.011895587308099281
690,2,0.0655803413977576,0.047969720482953546,0.006621289026266886,0.2243908455181352
690,3,0.016028217998421895,0.014700416947259022,0.007329140385868058,0.032566198138746096
691,1,0.008068224442526558,0.00676100126167101,0.002185937969678762,0.021763622257279066
691,2,0.0905377174736503,0.0743023195109428,0.01271545500930188,0.2637619883738973
691,3,0.026600413083772964,0.023277580497498437,0.007259669729105973,0.06574746209897173
692,1,0.0040680586192317625,0.0035857963318496363,0.0014997442287606327,0.009527102925472418
692,2,0.0528527370490628,0.039549277229043577,0.00557028236274741,0.17349704311071915
692,3,0.01308479745691907,0.01211937406784423,0.006157653745297816,0.02577400247647901
693,1,0.0035851041475241595,0.003177768679681197,0.0013521867277500937,0.008160823444283448
693,2,0.04711954270767004,0.03518988215458069,0.004917993611567243,0.1558412258172625
693,3,0.011515698981779112,0.010728266220669434,0.005724051526936265,0.021812140672282165
694,1,0.005372308362322835,0.004725068323025106,0.0019011588926861158,0.01259487072720614
694,2,0.07101747499980629,0.05175280105297203,0.007067589932785881,0.2445881407737993
694,3,0.017216157184513678,0.01594801994720356,0.008002297883630355,0.034026523610383205
695,1,0.004925288018320714,0.004399615747417007,0.0016928669460106165,0.011281565851179145
695,2,0.05671686485095132,0.04917425784111844,0.008432154594765708,0.14733327386548525
695,3,0.01615004540020135,0.015294111676290134,0.005759577463477285,0.03175066799979097
696,1,0.031056794519981744,0.02931444530055425,0.013282453122078824,0.05865668551411742
696,2,0.017452757187980193,0.01631037954340877,0.006732494829959776,0.03471029556800674
696,3,0.02371788548056269,0.023399215036826015,0.015769050401133144,0.03353060389455962
697,1,0.006073131098659202,0.005476849614566447,0.0022737998798085467,0.013354629211637999
697,2,0.07417330140073836,0.060915786929588336,0.009555598123043886,0.21132820373411618
697,3,0.01974837945504974,0.018837133200222247,0.008356598158020392,0.036313906083756245
698,1,0.030187811300423674,0.028144137848124372,0.012120886089687564,0.05999662871608118
698,2,0.011965616878838589,0.0102201581461882,0.0030444924137327345,0.031059848192561076
698,3,0.02939933038123259,0.028928478370643218,0.019576017808579163,0.041937432051056156
699,1,0.017878191573825503,0.016053115744512327,0.006354784298520984,0.04028966849373138
699,2,0.007116548426277335,0.005816628013119883,0.0016382963746442206,0.020120519408654666
699,3,0.01690474711795342,0.016523049102760555,0.01171704409165037,0.02440261232783225
700,1,0.0033638791310933286,0.003000587406059259,0.001254444119669462,0.007598550738981988
700,2,0.04228995105881704,0.033171599551664474,0.004949300114416634,0.12899734892889236
700,3,0.01085834138811275,0.01024584093799559,0.0048992686230203124,0.020431757387486257
701,1,0.03291064836798313,0.03043996008371847,0.012917704007611134,0.06664147547534915
701,2,0.01303105435207468,0.011072891729588624,0.003265134564597288,0.03395225713505864
701,3,0.031884077829609246,0.03138474141393477,0.021434405403974982,0.04520066899427079
702,1,0.027610077077385612,0.024777365591545385,0.009789261028541342,0.061746528445360896
702,2,0.01069403490281106,0.009086315326280427,0.002626934855898309,0.027954753772079413
702,3,0.02625876985684391,0.025572950806617787,0.017061461789767668,0.03941878997612938
703,1,0.028742377754650047,0.025069339294048053,0.009265184539792519,0.06971713315159193
703,2,0.011419506600404977,0.00911237090565269,0.0024337004104294773,0.033851629320516254
703,3,0.027286468483459544,0.025539622081856977,0.015602944785060127,0.04923752920149408
704,1,0.006390825901551713,0.005435620138486396,0.0020443299728766734,0.01637657839962545
704,2,0.08531488516061073,0.05938861392555168,0.007729747464494005,0.3134744109002123
704,3,0.020464007850688002,0.018222234416855873,0.00864993351057358,0.045692356843223265
705,1,0.03397855074842567,0.030578408598719693,0.01227184234156447,0.0758652574349037
705,2,0.019218279439049128,0.016972722409543547,0.006142378475798264,0.045461926553713256
705,3,0.025339928849191534,0.024183234625344954,0.01565639198513218,0.041713889881549275
706,1,0.07435244711485199,0.06504593354099229,0.023971410139361913,0.17845186578153877
706,2,0.04205249259146047,0.03613825673698761,0.012153857822170499,0.10612839811770416
706,3,0.055070028552216245,0.05176511541570934,0.029661718453962534,0.09931677768308582
707,1,0.027070660891235207,0.023648233138233894,0.008784553391386694,0.06553172118095274
707,2,0.010742466760353382,0.008601884142498632,0.002308650407122779,0.031704239217125056
707,3,0.0255704686263248,0.02414541784075322,0.01531221562735929,0.04408187553531039
708,1,0.005334770310740885,0.004637238408202002,0.001550550466480099,0.01324794810273587
708,2,0.057508516126244476,0.05105847033761952,0.010042092439809922,0.14370001442906355
708,3,0.017686216791752602,0.016184468648286224,0.004855547628649452,0.03951498759990253
709,1,0.039193391638449704,0.036194635960474134,0.015467372527624314,0.0798754183076723
709,2,0.02237054679123834,0.02000695351013563,0.007479006159537316,0.050591487302817366
709,3,0.029583310306592663,0.028807712288506506,0.019287729798837725,0.044416308255273866
710,1,0.01713950448986881,0.015335057986900536,0.006030206263886501,0.03869680152685995
710,2,0.006816030125006853,0.005576065723776384,0.0015683486904508003,0.019333972444805784
710,3,0.01619581959872286,0.01575111512360815,0.011246951088116377,0.0237371960122644
711,1,0.003906053236711265,0.003437514126466915,0.001221390265606155,0.009312175020814953
711,2,0.04310691234791354,0.03808321949265824,0.00720345698148449,0.10785801501274495
711,3,0.012892741939126979,0.012023531773958249,0.0039618736126753006,0.027176018613368783
712,1,0.003498277806008672,0.003176788900731044,0.0013726272952750448,0.0075017597569288445
712,2,0.046031899373701626,0.03464348372071815,0.00487062532110296,0.14881252231635825
712,3,0.011217777981748295,0.010779655300384796,0.005862256791023835,0.01911364594155706
713,1,0.004614695090830493,0.004133146664666614,0.001706832226625714,0.010349810468343558
713,2,0.05768785227558218,0.04582363506262151,0.00682540512571225,0.17387073852195337
713,3,0.014934595266813967,0.014137706894365182,0.006581311495327201,0.027884361714124024
714,1,0.03133794865851456,0.028152584665786674,0.011286465988698693,0.07016416979652665
714,2,0.017769614447429184,0.01561810858649313,0.005620247451712184,0.04245907094616202
714,3,0.023215300847010494,0.022310222916770518,0.01515280759178963,0.03657853286243997
715,1,0.005093348664037469,0.004427382682298433,0.0017161303636250502,0.012436819389386755
715,2,0.06284301035720714,0.04913806846336182,0.0072274839121289555,0.19649122359316717
715,3,0.01649927067033394,0.015050646725225903,0.006489729407147684,0.035106495598064155
716,1,0.007297912039856607,0.00646201043784576,0.0025725220452346665,0.017015921561993583
716,2,0.09398170297746127,0.0712189228319206,0.009929430196057092,0.3049865116330777
716,3,0.023490958879057788,0.021934122209256945,0.010342022659330619,0.04576599225834985
717,1,0.03279054148208008,0.029713842913765443,0.011726961453250348,0.07185165441324867
717,2,0.013067553223978557,0.0107483183034847,0.0030131803856906173,0.036448108632746605
717,3,0.03136446115713522,0.03045908439715457,0.02021819677888415,0.04763288998256259
718,1,0.0035067522373024027,0.0031158893177574472,0.0012411406712470418,0.00802865461922269
718,2,0.0415647007873017,0.03490482783835967,0.005656511078556705,0.11479080483485653
718,3,0.011443984600552638,0.010775155271307117,0.0043807808725918294,0.022421060957717526
719,1,0.019209541091684736,0.01754693515633325,0.00721270597976571,0.04069862269214839
719,2,0.007483964456188245,0.006415489832105889,0.0019043820221518446,0.019177081610978915
719,3,0.018396538348429595,0.018102810865461966,0.012615835631189497,0.025872822272142125
720,1,0.006551449919391921,0.005674884834892273,0.0021837591309199606,0.016082468974161317
720,2,0.08478069619451709,0.06244272389948679,0.008469997617671376,0.2896825350866756
720,3,0.021085263602054642,0.01913670450506129,0.008838411551731947,0.04481368899586874
721,1,0.04139863112596062,0.03803464653164189,0.015979002580485516,0.08624868174461839
721,2,0.02354328094918025,0.021047584458507324,0.00787367156845055,0.05334849531005274
721,3,0.031061863909846235,0.030276334330293458,0.020341410879592476,0.046396561324804915
722,1,0.004104065414285847,0.0035687677228612162,0.0014786495042201188,0.009818881214452629
722,2,0.05409216611810446,0.039368651874794006,0.005375866129333701,0.18548640740501773
722,3,0.01316873619639303,0.012012681488284896,0.006279302300760722,0.027086547139407592
723,1,0.03436944203822842,0.03046901502181162,0.01197831805438247,0.07930559666613163
723,2,0.01957160062518519,0.016915039296063594,0.005926479507758389,0.04891673119153985
723,3,0.02547752400583997,0.024111437902874785,0.01570581631628554,0.04328128640643825
724,1,0.005900173125960433,0.005007379520301385,0.0017955986015981773,0.015202255559996746
724,2,0.06985416598155833,0.05559065767700719,0.008667599572342288,0.2148592826287003
724,3,0.019242584757333297,0.017106706309466157,0.00629511682932551,0.04470429665529139
725,1,0.004400253161179559,0.003921798085629447,0.001601621797701506,0.010007802542019464
725,2,0.05403654765477774,0.04358024643973738,0.006688444445309202,0.15946436453347576
725,3,0.01426945630191754,0.013404612349557653,0.005987123763576283,0.027387488467561626
726,1,0.005743458277134416,0.00510405814003081,0.0019926822021094155,0.013173792590812562
726,2,0.06694928164353256,0.05698149223222075,0.009571435469726667,0.179477956456603
726,3,0.018806834159899255,0.017683711057108132,0.006800434186137607,0.03731553333820956
727,1,0.00502685218034616,0.0044984748482899154,0.0018707583185512398,0.01127925295417465
727,2,0.06493603097038696,0.049591671384610424,0.00702024362141204,0.20838868221596707
727,3,0.01616724035847121,0.015281985807613625,0.007633758811999167,0.02988552843589345
728,1,0.02867484411645823,0.02651062887037981,0.011371728845661806,0.05837808485809776
728,2,0.016136953778272272,0.014745768336778028,0.0057815177829595174,0.03450703177353965
728,3,0.02150374940706309,0.021196854516475395,0.014963079956246251,0.02986456373022504
729,1,0.03786772670977626,0.03452764140124692,0.014297567353037072,0.08065704014766124
729,2,0.021519841538213413,0.01914980354274925,0.007051212869967596,0.0498607456306029
729,3,0.028314235356731113,0.02751001490233659,0.018409089696544673,0.04291005403273496
730,1,0.029617241240962648,0.026759526146182103,0.010870545494566375,0.06492851044697728
730,2,0.016852757287968773,0.014805428354718833,0.005385935072691649,0.040086263453242045
730,3,0.02199267970776009,0.021257203297680723,0.014674105376392617,0.03375732352915983
731,1,0.03336380150458973,0.031125807046973458,0.013749179864758822,0.06566693744897688
731,2,0.019065089258789577,0.017248930589296052,0.006626475635872083,0.0422195915126044
731,3,0.025287115906287776,0.02479973926329973,0.017124914190929905,0.036120989643928646
732,1,0.005414977170203098,0.004878382085388712,0.0020681307732001194,0.011898298100352474
732,2,0.06906885374413169,0.05411492666452114,0.007845161802117974,0.2129650095329786
732,3,0.017488687480887194,0.01664821876819715,0.008209124575607631,0.03158927181266995
733,1,0.02309338551581079,0.021097398675499264,0.008575579345925108,0.049085279228483186
733,2,0.009256303552808176,0.007643188078808271,0.0021544710294367133,0.02566991759350822
733,3,0.022185098441452496,0.021656407036687447,0.014802933209798632,0.03259051474017527
734,1,0.005595165920801221,0.005015964665750642,0.0020879468227235315,0.012468622521805655
734,2,0.0715147826473259,0.05538280489950288,0.008066818292338691,0.22302618268260635
734,3,0.01803200920912982,0.0171123775119916,0.008367286038202604,0.03298831610255829
735,1,0.003792841856921425,0.0033101085824044406,0.0011048808444748819,0.009278008166933454
735,2,0.04068639523308605,0.036510595883190014,0.0073779310484748655,0.09966216628231307
735,3,0.012575808002638971,0.011587291088998829,0.0034666824751918733,0.0276214307665845
736,1,0.030621469520354563,0.027615482132922507,0.011149870636778771,0.06752659127409949
736,2,0.017234185331086577,0.015367916390418963,0.005696919916230943,0.0396025940273062
736,3,0.02276189439280163,0.021895305386454338,0.01480504700392308,0.03579120973816199
737,1,0.003432612659291891,0.0030980467686641446,0.0013307402237982653,0.007496173212075557
737,2,0.043402632622952964,0.03431024368756473,0.005088868189459342,0.13108937886589594
737,3,0.011081635003765916,0.010618399406017925,0.005220737940199936,0.01969916509344994
738,1,0.004164331403427895,0.00363381676936198,0.0015084328843607837,0.009925407139946288
738,2,0.0531742133764393,0.0403974596007037,0.005780989039746435,0.17139214736888228
738,3,0.013442973996206963,0.01230692652148994,0.00599511616089881,0.027672349555474894
739,1,0.0061554521011346714,0.0054045719067762924,0.0021292560476334067,0.014447371592637556
739,2,0.07791532006546664,0.0597263279211625,0.008520182868130936,0.24800809521485395
739,3,0.019870922588990206,0.01835955772285163,0.00839773340389086,0.040017421157727065
740,1,0.03248154372752103,0.029723000604014102,0.012411485064817032,0.06840197307708892
740,2,0.01832688249220914,0.0165323211121041,0.0062706687106744395,0.04083432135725697
740,3,0.024276284725618553,0.02369895507647822,0.016276240515629276,0.03562232066948
741,1,0.006450985467885612,0.005749470947843487,0.0023116681074565842,0.014622385161913479
741,2,0.07895014053369974,0.06388853247505548,0.009769849229668849,0.23241050188867618
741,3,0.020972917121713317,0.019703236448865596,0.008473033330461621,0.04067132104065393
742,1,0.005098936301276632,0.004572931430121914,0.0018001593383378184,0.011441460713135607
742,2,0.05884612396898872,0.051174574544154944,0.008793947589972288,0.15127170720061522
742,3,0.01671947762665957,0.01594882788206746,0.006038899578104526,0.03200767551561257
743,1,0.0047580093698952625,0.0042162128440332396,0.0017051465984436918,0.0110048660041777
743,2,0.06128246165496569,0.046276570602286904,0.006533222238238716,0.19875512511215196
743,3,0.01531479276737854,0.01428516771406672,0.006944874146578426,0.029759150807976406
744,1,0.03219978048025315,0.03093137043800942,0.015053431086463447,0.05654365795075172
744,2,0.018526707608782018,0.0171305875502913,0.006821951548132986,0.038225688369131476
744,3,0.02507186747452762,0.024662670549868343,0.015766462652462357,0.036734193127522755
745,1,0.026162226757930545,0.024202862941312922,0.010188848051234219,0.05346729928407557
745,2,0.01050183652032212,0.008761292311874721,0.0025089211159435017,0.02860281016030482
745,3,0.025362301382654658,0.0248713482456085,0.01687840648588883,0.03665725225456575
746,1,0.004032749159313072,0.0036455559706182208,0.001569187073518018,0.008744627973872572
746,2,0.05305356773454331,0.039860743999291515,0.00557365277562586,0.17360187393011603
746,3,0.012934145003368105,0.012362026210123212,0.006664050328607376,0.02244141485579656
747,1,0.032710635107573986,0.03045108836895776,0.013281321877978395,0.06487354016126727
747,2,0.018687793988879958,0.016813805542567017,0.006422061982755275,0.041516136655054416
747,3,0.02468255568974801,0.024271602603487333,0.01709849860707995,0.03452555198564802
748,1,0.06563166638296616,0.06371871814916327,0.03345707800617421,0.10874130442474522
748,2,0.03310440869526602,0.031062520005019453,0.013785556913787942,0.0640479007928631
748,3,0.043174785193766954,0.04231812797990721,0.02598572275680732,0.06526252445537267
749,1,0.0030821539450983666,0.0027775495432042297,0.0011261336327365876,0.00682639010969039
749,2,0.036167903936938556,0.031124232816813324,0.0052224110816335,0.09489575320120176
749,3,0.010069525757482177,0.009658869249716486,0.003872974296845184,0.018754363838618702
750,1,0.004555462080668858,0.004006708789612374,0.0016305040374287143,0.010674081616279802
750,2,0.059302898417955344,0.0439770181340069,0.006244235643891502,0.19776094066305847
750,3,0.01461913025872228,0.013535706525109888,0.006715020203527383,0.028832209949360817
751,1,0.003429544979453185,0.0031188849185012765,0.0013272736910042147,0.0073411522553418485
751,2,0.04137243373121474,0.03482421861646812,0.00566161768843427,0.11157516491368125
751,3,0.01118216897091149,0.010794083324697112,0.004740506155378734,0.019842477043759653
752,1,0.0463198563825996,0.04190230190940704,0.01680295483283891,0.10109642923376669
752,2,0.01820423149090745,0.015321552069893218,0.004391564336590537,0.048809719085245847
752,3,0.04409998298846036,0.04330374521944644,0.029909364078436466,0.06263304674808899
753,1,0.004726238771018486,0.004194893343401357,0.0016346687338485242,0.010936041804400916
753,2,0.05552130006050523,0.046799448661720616,0.007686664172705695,0.1518865920598525
753,3,0.015446699615099105,0.014518363954249634,0.005640740352300275,0.03072255413092943
754,1,0.04179208030627734,0.03788248533915279,0.015426155100594356,0.09072704645029692
754,2,0.023722277816867157,0.021025559125419223,0.007667001408782403,0.055539292670191524
754,3,0.031005071499069912,0.030219831239859267,0.02061122045116944,0.04573541348980123
755,1,0.03927709892471239,0.03447404569310071,0.013310833290991014,0.0932508276215826
755,2,0.0221929573198565,0.019239414786304837,0.006719657611032193,0.05524167668169259
755,3,0.029267946125313887,0.027186917210178466,0.01681343611516929,0.05372662823813102
756,1,0.0059173952508491,0.005181906348357123,0.001941166338550566,0.014143734574887448
756,2,0.06892046648430952,0.057727357375026433,0.009564611174709404,0.19213462139923507
756,3,0.019364501032657005,0.0178736580566724,0.006685392780833949,0.04063649370592277
757,1,0.020303905488121755,0.018587074490187015,0.007820716773857974,0.04262933685709967
757,2,0.01155696458632627,0.010321554186982688,0.0038595793992353003,0.026531676653211916
757,3,0.015068898836176268,0.014902550096733908,0.011045388791464505,0.02000880234388625
758,1,0.004282460662642526,0.003774637150711144,0.0015560013552139579,0.009997777035396869
758,2,0.0554585151750664,0.041677103070280136,0.0058617945844437825,0.18254544426962688
758,3,0.013774533623455052,0.012735405778557496,0.006388591397664623,0.02718026267768745
759,1,0.02493402879104609,0.022084245157521755,0.008406812128304766,0.05801441502141222
759,2,0.009929054734870246,0.008017336523135604,0.0021929101631426476,0.028712598252577604
759,3,0.023600732827540293,0.022646300957283556,0.014932898601072957,0.037816636733809555
760,1,0.003159080631089051,0.0028456117884118233,0.0012301473117450501,0.006813327686161592
760,2,0.04197954960710651,0.031228192952241385,0.00430156573283141,0.13896485403305203
760,3,0.010121844618641239,0.009654859166886676,0.0053703413083075,0.01712380136432575
761,1,0.004364033865247546,0.003902603248059673,0.0016434232829212385,0.009735565764779266
761,2,0.055675344240075926,0.043072016844578766,0.0062833927459086695,0.17453268818791617
761,3,0.014089993827900863,0.013279296205879344,0.006545383454555473,0.026304847934538588
762,1,0.004779742009023419,0.004098734789580608,0.0016364850025402384,0.012014018868910195
762,2,0.064392373371784,0.04477126224818204,0.005935578725096169,0.2363599018900564
762,3,0.01526111258395954,0.013690208846307672,0.007081606654116392,0.033110668455393705
763,1,0.03959529329194603,0.03646828094564568,0.015568210540541574,0.08139573944097098
763,2,0.0223807583904937,0.02027215281844689,0.007774446168096297,0.04916183429947642
763,3,0.02966857808082887,0.02916498484712434,0.020329702514135222,0.041942959411075745
764,1,0.02118278538314783,0.01862694888895125,0.007116943621470478,0.05017003875462705
764,2,0.00840274556684775,0.0067957382253676715,0.0018588677471511868,0.02428229788112193
764,3,0.020040409136935975,0.018961234092225103,0.012746646066811746,0.033668334037500566
765,1,0.00603958285708411,0.005222344469540612,0.002022569458954075,0.014809004423147662
765,2,0.07644860732075008,0.05784787101470015,0.008171792779714748,0.2504454085367841
765,3,0.019530016582506,0.017698323641728252,0.007905457176832161,0.0420973573322576
766,1,0.004575055192051739,0.004098352897186815,0.0017146216777554537,0.010240603278557562
766,2,0.058326499050409854,0.045217686714868255,0.006636378746631648,0.1833223208547595
766,3,0.014781977967608441,0.013921984197102132,0.006817252530056135,0.027747284541640146
767,1,0.006590010155096596,0.005874320494062401,0.0023379737053714086,0.01500610108823862
767,2,0.07927018899894032,0.06529881065695237,0.010322257457643945,0.2254700294781831
767,3,0.02143430934698202,0.020209523223216966,0.00836824154383683,0.041504891676313924
768,1,0.009027645277544091,0.007966302670651395,0.0030938475968378966,0.021117498297575272
768,2,0.11681480129687649,0.08688223456501482,0.012081740923425467,0.38904193160119377
768,3,0.029007745826670275,0.02693299953336393,0.012499591264535327,0.057463251802845526
769,1,0.0037413486983793715,0.0032733059306335978,0.0013680466518964697,0.008873202205262536
769,2,0.048716616712715675,0.036112593448186125,0.005142885296217063,0.16149952807825332
769,3,0.01203806625839464,0.011067248192586341,0.005687205984392518,0.024094018484744198
770,1,0.03492099627220205,0.03242953837472551,0.013832055958421734,0.07018491045183557
770,2,0.013872905622633807,0.011756997763708938,0.003469251370274052,0.036265390621478384
770,3,0.03391400630206538,0.0333802826381453,0.02270531806234144,0.04823940251523395
771,1,0.00543408057762954,0.004561415130115451,0.0017423638892000656,0.014291700339889904
771,2,0.06886966777816811,0.05069313949845241,0.007101855323827141,0.2357285605479457
771,3,0.017536921652041945,0.015390825783923544,0.006817412774450836,0.04114481599108369
772,1,0.0499570151726014,0.04454297115093206,0.01712503223421008,0.11477089965378655
772,2,0.028263926824269255,0.024667908793882316,0.008698312462463997,0.06869503961596898
772,3,0.03708792929222106,0.0353294774695338,0.021843456613674102,0.0623632675372714
773,1,0.004154161745308267,0.003744937068933628,0.001598973413663103,0.00904882883949979
773,2,0.05291966562188512,0.04135518715687381,0.00611223090035184,0.16263639420999348
773,3,0.013401213041736965,0.012790544240500561,0.00637637107989222,0.023938588774003917
774,1,0.004580126302716515,0.004062169015448277,0.0016763894320647639,0.010471734502659856
774,2,0.05790306803394017,0.04510027137121363,0.00652182156484901,0.17974723292889552
774,3,0.014790861441062318,0.013856815922464683,0.006576613300491124,0.02855484385472062
775,1,0.0052618970673674135,0.004687692491612269,0.0019055102155709062,0.011923620270504304
775,2,0.06493060411441326,0.05217000154704476,0.007833300781955054,0.19151766617595528
775,3,0.017041860919260115,0.01609382351005724,0.007211868796292929,0.032355953151227426
776,1,0.029574088926963955,0.026534020545407953,0.01031825977016836,0.06649310285677155
776,2,0.011799503293777812,0.009632758600020067,0.002667792729877721,0.03360938316156673
776,3,0.028233901332641944,0.027197122733753798,0.01763546457873341,0.04469728671613087
777,1,0.010307912283033559,0.008830046066990649,0.0032036061367514816,0.026009422747327107
777,2,0.13862264256932494,0.09600306719507874,0.01222232300403357,0.5055230494747237
777,3,0.032987135269025976,0.029738892330079574,0.013429277584079389,0.0715069800756777
778,1,0.030487485644079985,0.027747078618298567,0.011206508178180585,0.0654507562191888
778,2,0.011895174574011262,0.010145894401560229,0.002994373873089565,0.030811824186592895
778,3,0.029241325475898028,0.02856117931017588,0.0191329824796606,0.04326798865125234
779,1,0.051743629441145175,0.044446599270074355,0.016256136039498967,0.12995004062891355
779,2,0.029365505225740454,0.024688905502013154,0.008139403450356677,0.07752131280150593
779,3,0.038443651925527976,0.03509305346640943,0.01993103918641216,0.07691239635933259
780,1,0.004603039136867806,0.0037816320901803333,0.0015135321265082088,0.012660186504234996
780,2,0.061061953318235905,0.04194160898858626,0.005615745479610855,0.22459493859363486
780,3,0.014737716314481454,0.012609309849752047,0.006412121841160404,0.0366256656911049
781,1,0.04163261176389709,0.03841156848475867,0.015963909629884827,0.08580135712003403
781,2,0.016725879654392595,0.013867028134770188,0.003967331545875264,0.04624438928829369
781,3,0.04018941138141375,0.0394960928136373,0.027073968345335712,0.05737753732013976
782,1,0.015647136422230278,0.01388267563930431,0.00547542388683611,0.035587704879449206
782,2,0.006200393817106716,0.005040852765065695,0.001416995791503959,0.017624073030244467
782,3,0.014747544782633168,0.014223546540230659,0.01034715677180043,0.021524167917590157
783,1,0.027965614972451657,0.02547557955373058,0.010266284656086028,0.060273954753934246
783,2,0.011147420354436527,0.009246572917952549,0.0026232379175738724,0.030788992371046545
783,3,0.026816043992153742,0.026171929383202404,0.017661722757497007,0.039605418797794834
784,1,0.004173089073521461,0.003764139182712363,0.0015933591006427829,0.009183107959729923
784,2,0.05347635971151411,0.04144581714956275,0.006014599281110054,0.16641973023851023
784,3,0.013446470326373666,0.012819707980888023,0.006424121407422955,0.02407996351030427
785,1,0.014704110613639458,0.013254634965016356,0.005303683778602094,0.032531696308971965
785,2,0.005854162476311807,0.004809410826762627,0.001369945747144598,0.016374993747866013
785,3,0.013899925308815625,0.013745923610766778,0.01014649476460454,0.018574774654836337
786,1,0.03374262333458168,0.029622159854346422,0.011015490632993,0.080319510750237
786,2,0.013404079310748057,0.01079296862117917,0.002901920799443822,0.03945130452652147
786,3,0.032030417157819804,0.030369963957496908,0.018620235311137344,0.05494773332457961
787,1,0.03789293563385533,0.03391415520083336,0.013267860693666837,0.08612368866518852
787,2,0.021515022665807546,0.01874770933098964,0.006647479980757898,0.052196904764083306
787,3,0.02806890287824902,0.026910756525805067,0.01751286320233822,0.04529776675032177
788,1,0.004887585600516258,0.0043978524252948435,0.0017844473507663398,0.010841280845721004
788,2,0.058277480879966224,0.049077491428591004,0.008037734846146656,0.15924473688113985
788,3,0.01595455147033242,0.015206120443821834,0.006316383363617716,0.02993602583032276
789,1,0.020148828349332876,0.017944405306941958,0.006969736029285278,0.046126062035382887
789,2,0.007994316134844604,0.006526798495385195,0.0018152990923044848,0.022627613416446254
789,3,0.01905706040685594,0.01838752357793405,0.012558439696169505,0.029520230169787057
790,1,0.0036955970241872326,0.003289882274348452,0.0012696574590770784,0.008434538824348373
790,2,0.042516107727181104,0.03668437523574483,0.0063837838076786415,0.11125134884282237
790,3,0.012121323663383577,0.011440762392988104,0.004283037187919046,0.02398172681051961
791,1,0.02582110992787789,0.022976685239808763,0.00881968295688729,0.05949349904532976
791,2,0.010252961441473158,0.008361073991595875,0.002305200968208448,0.029236298208595867
791,3,0.0244001436283541,0.02364859273340649,0.015804828049241913,0.03727909775400231
792,1,0.0030940582519130596,0.0028288632541459114,0.0012533520529018174,0.0064646560751188496
792,2,0.04098277299329101,0.03090500730802421,0.004367067166271312,0.13263021746562426
792,3,0.009922203136099208,0.009617820925710917,0.00536788276705639,0.016109190759828043
793,1,0.004359541760455451,0.0036145986976103394,0.0014927973060707284,0.011473703579871765
793,2,0.0582585526214441,0.03980596583570192,0.005389283791771077,0.21296676048599186
793,3,0.013947523904533653,0.012084540418703299,0.006398169414358044,0.03307466546327846
794,1,0.00333599549675658,0.002931600096851954,0.0011774926085355338,0.007908388368303
794,2,0.0399219421932545,0.03269743009044891,0.0052206225597403585,0.11423916464909674
794,3,0.01087420618352535,0.010064755932621131,0.004173988615495568,0.02230848152164529
795,1,0.005853741324850176,0.005092509938313208,0.001982355655728557,0.014144856793352836
795,2,0.07629161899444035,0.05595562523947461,0.007742623174173676,0.25761538185409627
795,3,0.018821267942410493,0.017201259142039384,0.008119550878607096,0.03885908685495548
796,1,0.0033513400895769808,0.0029112431906960193,0.0012456993877967488,0.007795862783258112
796,2,0.043451624129205474,0.032292201392116845,0.004601190878875978,0.14066978367946226
796,3,0.010834881218576627,0.009878067296659573,0.005052359459606553,0.021126751886693114
797,1,0.02434390368966916,0.02160578685910878,0.008251831400348077,0.05598234380898361
797,2,0.009679374319731376,0.007848623195405923,0.0021680876369501233,0.028007897709288715
797,3,0.023012526835030144,0.022188214343632426,0.014815089493230165,0.035995152044504715
798,1,0.024575853638499942,0.022640616961544117,0.0094723905395446,0.050752271712213984
798,2,0.009840023835304265,0.008187622744369221,0.0023484526927183285,0.0269497401079544
798,3,0.023706430652995446,0.023256766892950843,0.016042486268978175,0.033911077482591485
799,1,0.021510016786456938,0.019105112103434595,0.007317300248785726,0.04944734319476487
799,2,0.008569535452464574,0.0069439210293543024,0.0019020429783897833,0.024852643912890528
799,3,0.02039491432810304,0.019480050883426685,0.013151221449446623,0.03299277399833124
800,1,0.019299212198523368,0.017184575232391183,0.006672684723836459,0.04418176101141441
800,2,0.007663630482549485,0.006245082726319798,0.0017365351065149527,0.021754955352695463
800,3,0.018277837092120865,0.017564772840634423,0.012129512825653433,0.028799967515247493
801,1,0.003540155669617987,0.003214787423535023,0.0013951231672137672,0.007573424024556605
801,2,0.04674490383773714,0.03518997996132833,0.004952108090859784,0.1520092791596786
801,3,0.011352448019087196,0.01091985294339166,0.0059700527956988315,0.01923465637819479
802,1,0.0036471958570796995,0.0029917067312300386,0.0007822832985412888,0.010313114497489737
802,2,0.03506782840398919,0.03145672797645255,0.008437113473265074,0.08327511522143445
802,3,0.012329844180646038,0.010414177645254149,0.002361555814095837,0.033534205397736015
803,1,0.0045626028610175765,0.004079052940015435,0.0017093886537742843,0.010263660545487873
803,2,0.058960384025049974,0.04496278564042882,0.006327760081784708,0.1893216637459453
803,3,0.014665048325637682,0.013873901903059649,0.006987837135320371,0.027016722601960037
804,1,0.0039340931902995535,0.003528016557212382,0.0014770088322382567,0.008733769097298416
804,2,0.048703379234810946,0.039170897296738734,0.005971466119766671,0.14280391314859134
804,3,0.01275108802726319,0.012094724289089575,0.005576062703960977,0.02374034149043071
805,1,0.004615258202381816,0.00395887839966471,0.0015499405615324595,0.011609523099181913
805,2,0.0574183117412571,0.04411412800191077,0.006480890423338525,0.18496147566917645
805,3,0.014931098855963797,0.013435366936166614,0.005928830424778891,0.0329931505878288
806,1,0.005049267605487205,0.004475804084072487,0.0018182140818127947,0.011649639477117226
806,2,0.06758631517943077,0.04883041847494364,0.006586169651324647,0.2351481785967625
806,3,0.01617340671148889,0.015067187730962307,0.00781536781989309,0.031043890469512152
807,1,0.005782477243484824,0.005130763937854675,0.002066830490403234,0.013285839550783888
807,2,0.0764274248071451,0.05591407411734315,0.007642657247299689,0.26043727036379327
807,3,0.018532780848588722,0.01733449567805163,0.008753615976330514,0.03516697966790322
808,1,0.005410804386179768,0.004824314146236014,0.001961104972134836,0.01226010832009506
808,2,0.06591876430221451,0.053953921498095324,0.008333775133030023,0.1905023169174431
808,3,0.017584363367883944,0.016579200198714138,0.007200041312527346,0.03376857943419749
809,1,0.003403198473513774,0.003003041364199602,0.00128818928400744,0.007754693963153515
809,2,0.043394564601786985,0.03327634942659088,0.004854472078275397,0.13440942475960097
809,3,0.010990900419423183,0.010219512979667791,0.005135482951208205,0.0210194231136859
810,1,0.0033128173495424926,0.0029409905365785937,0.0012585466874757692,0.007422342766751895
810,2,0.0431603803307513,0.032276710894287644,0.004614564962496149,0.1406016622671831
810,3,0.010645851871190704,0.009997004456313957,0.005175892566767932,0.019388127066220468
811,1,0.0037096484410065645,0.0029862377276010793,0.000991159068554285,0.010828776089698771
811,2,0.0413459760076671,0.03281955749485002,0.0059408780747738565,0.1282593260661814
811,3,0.012225707605809193,0.010330684767424676,0.003236531662131305,0.03318064408948253
812,1,0.004476750433807559,0.003822238514966371,0.0015244748781112845,0.011289553060210159
812,2,0.057267837036348544,0.04240961089650633,0.005980713792970243,0.19129212008223065
812,3,0.01443292461571877,0.012896972952420772,0.006059245547817014,0.03211784801186669
813,1,0.00525351070148604,0.004666068095966167,0.001918091975194108,0.011999933956159864
813,2,0.0703593003193369,0.050967054004024674,0.006887645258636085,0.24259788918071915
813,3,0.01679498290144803,0.015736853410541204,0.008293204012504546,0.031363626763919364
814,1,0.008981768191931796,0.007974720036336683,0.003102092339948378,0.020907891846869003
814,2,0.11076285089179566,0.08797378466373222,0.013200439754018179,0.33510368448205935
814,3,0.029142377198648352,0.02721920997282671,0.011510605406188925,0.05783552306511109
815,1,0.002313913813660855,0.0020433357136816358,0.0006212365539733846,0.005594231713986729
815,2,0.023345806847563523,0.021987438193278093,0.005374744324782265,0.049699255357865735
815,3,0.00775720049464157,0.007164920910820416,0.0018847863529091707,0.017028972142879274
816,1,0.0330239075080853,0.029520296839801966,0.011400330381824588,0.07460410537260166
816,2,0.012961802933736938,0.010739820733298428,0.003019521555982827,0.035331474439972636
816,3,0.03140484438247712,0.030379520026206034,0.019505505846866483,0.0491580605369006
817,1,0.005285486948819582,0.004510563444455074,0.0017118703401770036,0.0135155780318631
817,2,0.06770583824507846,0.04992528662503265,0.006956268713710907,0.2307555236885326
817,3,0.017076004019444674,0.015227058889038827,0.006822967890389327,0.03845079163657296
818,1,0.004057063765060185,0.0034536412531680372,0.001409931647960921,0.010264449213407884
818,2,0.051098283485160184,0.03852744647927055,0.00562696732598415,0.16659210439406325
818,3,0.013110333476154559,0.011716391208387581,0.005514928564837912,0.029416194491782326
819,1,0.0035104302998052827,0.0031157125031912383,0.0013194584473266069,0.008034642418342751
819,2,0.045008997278975005,0.03441757406576745,0.004990256012340686,0.1427143739149746
819,3,0.011320675296995698,0.01059669120904492,0.005283541916304381,0.02166127245220373
820,1,0.005511550819422497,0.004865855581891447,0.0018672174705517256,0.012861786369812292
820,2,0.06468541201496836,0.05436401697988252,0.008943160712626524,0.17973063596493494
820,3,0.018034232509584514,0.01681567444409704,0.0064621074456403926,0.03670048481446526
821,1,0.007251191384105026,0.006430822167912167,0.0025471501816958474,0.016656035061974286
821,2,0.09119392011246151,0.07100118402048758,0.010383901143045075,0.28251764581220407
821,3,0.02342507407919496,0.021969466360662493,0.009916960783910436,0.04523798394815215
822,1,0.029552878376411316,0.026647390113440424,0.010612884725945303,0.06533803227312322
822,2,0.011737171342005047,0.009703299488941856,0.0027301684851286315,0.032603808237074594
822,3,0.028099719014544538,0.027495495399185478,0.018915213527065065,0.04069482649329584
823,1,0.005395947075780784,0.00470645635119016,0.0018275071789713097,0.012976198635065059
823,2,0.06620771276111656,0.052226764877633766,0.007901960427667326,0.20465479659022937
823,3,0.01752568400666814,0.016090917614923525,0.006715708553612088,0.036860364531688034
824,1,0.004384125139458256,0.003930877224283232,0.0016287532126259955,0.009800336653951797
824,2,0.05415953611145333,0.04372467271286945,0.006626421894589668,0.15932017017883487
824,3,0.014221752563891351,0.013496106178165457,0.0060774451388502975,0.026596785284353518
825,1,0.006301126532675546,0.0051603857305059534,0.0017894035122021778,0.017657880685012967
825,2,0.07446254183440043,0.05720503310938084,0.008877582086931929,0.24218472705618607
825,3,0.02057964645290098,0.017547787263022523,0.006285988914557795,0.05312566693038666
826,1,0.0031582650951551793,0.0027055080314268274,0.0010144517146488134,0.008004196095168045
826,2,0.03626469919428334,0.03019015955945959,0.005259178497225764,0.10203506218782811
826,3,0.01036345767163014,0.009388503617383203,0.0034006864334907684,0.02334724792507061
827,1,0.005973342563047122,0.005202716006385293,0.0020050271161149236,0.0144060876842629
827,2,0.07431587224817394,0.05775841607708391,0.008456844756152562,0.234007044516923
827,3,0.01934632032170375,0.01776482580459493,0.007659366941134966,0.040247338830099226
828,1,0.003859993698496333,0.003272658809653553,0.0013098975501086149,0.009845732868267999
828,2,0.047348089358926454,0.036736827864270225,0.005555081695042852,0.14930887348219204
828,3,0.012533514335571377,0.011171090853542896,0.004885262989213691,0.02878854501656721
829,1,0.019676035901927506,0.017535898682796848,0.00683755491426451,0.04507021667504889
829,2,0.007849322906390737,0.00635433626214738,0.0017743894298776772,0.02267211426707586
829,3,0.01859082726688255,0.017982381581396104,0.012450790045302718,0.028348080927379022
830,1,0.023684144024433113,0.020579367249327074,0.007724411139332801,0.05777547006351557
830,2,0.009379826021225328,0.007507584143063479,0.002033115386555831,0.027594273221386086
830,3,0.022376314064002218,0.02092625786130419,0.013529867932039374,0.03996116233963512
831,1,0.0029552685839952272,0.0026554141577008754,0.0010313155367131042,0.006594827860042911
831,2,0.03386557216083119,0.029615665266853795,0.005310398301808686,0.08618191582120818
831,3,0.009697792210859245,0.009301087224403254,0.00340913125797504,0.01840652399987795
832,1,0.006149854743312014,0.005196480786510012,0.0019681489691527766,0.016081220749728637
832,2,0.07813494343002994,0.057434650523883496,0.007862470406843024,0.2657585042829206
832,3,0.019830247771471854,0.017514455807028272,0.007717552730267697,0.04545765060653311
833,1,0.007319199764200443,0.006458987499661283,0.0024907886395127664,0.01707049627447088
833,2,0.08928680491579595,0.07183555607691289,0.010915222497005434,0.267180623042493
833,3,0.023782881403419956,0.022151557281856832,0.009162635409632396,0.04786621781852985
834,1,0.01820608451833625,0.016282021597119632,0.006340258107755577,0.04129696966801943
834,2,0.0072346149363917475,0.0059157876576897365,0.001656010816836646,0.020452035921766247
834,3,0.017195887841254334,0.01672756158462202,0.011838109175033827,0.02529837817678761
835,1,0.00292022862792065,0.0026324240436593578,0.0011072994958795073,0.006346754521268463
835,2,0.03474541027423477,0.029507669372630666,0.004847455915757053,0.09252065719376168
835,3,0.009538015321390146,0.009135411169727697,0.003853308702789317,0.01732271809557619
836,1,0.002754515112500885,0.0025111562354326942,0.0011010713299384415,0.005823520280188096
836,2,0.03520467948672316,0.02772061073062833,0.004100584441237008,0.1067860841734728
836,3,0.008886780045889603,0.008630693902242872,0.00443667280791399,0.014841267826639977
837,1,0.0032514904736227947,0.0029331607821079125,0.0012294303589042719,0.007118172284096284
837,2,0.039342747557406715,0.032708626487090026,0.005220544001146737,0.10972563381269755
837,3,0.010572562996780353,0.01013308331030877,0.004470809504819413,0.019184423632730922
838,1,0.004286531505339102,0.0038222464144598988,0.0015891772747431082,0.00966893714415741
838,2,0.055176329010254904,0.04224244629377372,0.0060284195747861554,0.17707584111093985
838,3,0.013799229937472344,0.013000361844928619,0.0063797862262542,0.025743105504466623
839,1,0.003374134364794724,0.003002710152620714,0.0012833894603773827,0.007600692149124163
839,2,0.04318168600959553,0.03313934353420046,0.004855093620429282,0.1355717353968921
839,3,0.010886683451179824,0.010210652442873582,0.005146051566779965,0.02050932151048134
840,1,0.0062822477162283435,0.005550201571112603,0.002214005742279317,0.014574868646838803
840,2,0.08440184438482701,0.06027962070145841,0.008087350824627563,0.29637338041972555
840,3,0.02009819591295222,0.018718586928136004,0.00952892622361629,0.038789399007625666
841,1,0.01952874843411079,0.01766220903376677,0.007070865378539318,0.04285441462556402
841,2,0.007767223839293059,0.006415221457662773,0.0018186962087537958,0.021596336066851726
841,3,0.01854335373222244,0.018193469064555306,0.012915403760353907,0.02622197182124044
842,1,0.004594923522685437,0.0038910015330610986,0.0014778028903974147,0.011878042209826939
842,2,0.05391333511674779,0.04350863464072231,0.0071219708995013216,0.16181903513894194
842,3,0.015048068177911576,0.013403610325648314,0.005080058563581773,0.03521065493519682
843,1,0.027846221711707343,0.02555481059546192,0.010490112606569952,0.05854477326485098
843,2,0.011014219362148449,0.009274313311200495,0.0026855030805572546,0.02936098925198564
843,3,0.026820342241574577,0.02623195214796735,0.01780046376261998,0.039189875749520243
844,1,0.017948097663355332,0.016211038468447056,0.006505991576104021,0.03956442290462711
844,2,0.007160569142177402,0.005868958548598055,0.0016531098356137276,0.02008808353769189
844,3,0.017072423923003597,0.016635167315650783,0.011758653916346713,0.02498692782909412
845,1,0.007219298449388947,0.00633388314451597,0.0024746621595186967,0.017195407901254296
845,2,0.09284716910691815,0.06983293707997935,0.009684792791834266,0.30406465103215763
845,3,0.0232480411185181,0.02145302764644475,0.009936012989312801,0.046930108725390704
846,1,0.0052684841530782935,0.004664393580714229,0.001874956627464728,0.012169377811637428
846,2,0.06550309394032489,0.051888475431438305,0.007686210450954278,0.19993357954442278
846,3,0.017043954604052426,0.015956417850504997,0.007201002047827084,0.03318706190608665
847,1,0.005230348660465757,0.004695155977835583,0.0019575692271726185,0.011650836364191673
847,2,0.06665679511717654,0.051809224653865484,0.007560113946579257,0.20764130581994142
847,3,0.0168904507379858,0.016016334174745087,0.007794115021212715,0.031162938598979215
848,1,0.030150629522042154,0.02741027223765429,0.011019556633881027,0.06516398716387559
848,2,0.012001463498635576,0.009927006565239862,0.0028158696798777903,0.03320136284466584
848,3,0.02887752945032465,0.028157319912662116,0.018927416454852745,0.042986681751151605
849,1,0.0037697445226542257,0.003295237758134426,0.001126397271013429,0.009274777443222894
849,2,0.04066665090966188,0.03644713822070092,0.007316012170658707,0.09967408612252453
849,3,0.012496581853127723,0.011513573988994734,0.0035622536391930744,0.0274312741634725
850,1,0.0034737684105793512,0.0030280514553999794,0.0012820072396895093,0.008232237178906318
850,2,0.044856973916573235,0.03351889137017655,0.004743660271187878,0.14628779465700348
850,3,0.011182521681704308,0.010257902972243667,0.005268066927279645,0.022470388062211393
851,1,0.0028010976253629925,0.0025029190189702587,0.0010931692227174265,0.006148733349522099
851,2,0.03554738726462351,0.027767990552239462,0.004119882488217326,0.10730773482137672
851,3,0.009033746942912124,0.008559260822368187,0.0043639320006535,0.01598352879631973
852,1,0.022749992803958466,0.01967950979597173,0.00726624471520107,0.05638305968523254
852,2,0.009078815698886068,0.0071556239820893975,0.0019025759326760947,0.027674159202297606
852,3,0.021523104659194173,0.01990090059743834,0.012691853077298122,0.03996949781025796
853,1,0.0045434397841656645,0.00406001732723529,0.001700102589169541,0.01019543734838147
853,2,0.057909526790684264,0.04484579428033301,0.0065214449248799464,0.18004523444109352
853,3,0.01465819341371699,0.01383501074871843,0.006751246323074198,0.027288974885337564
854,1,0.007378223091233031,0.006500022391833829,0.0025453211379348603,0.0173053903689034
854,2,0.09580960852511607,0.0714416246716919,0.009799624536046957,0.3195221652215957
854,3,0.0237063750410523,0.021982570061775595,0.01046250829331715,0.04676957692292282
855,1,0.0031928965741830143,0.0027858952212387335,0.000871600200701595,0.007891647346609316
855,2,0.03270132733721292,0.030220420820582537,0.00698256261000728,0.07346320978854469
855,3,0.010678496645347393,0.009789499860962083,0.0026600897343370816,0.023986760827717925
856,1,0.03378448687239517,0.02818838075103239,0.009635534948810648,0.09123858252571992
856,2,0.013439752187480012,0.01028025713760835,0.002593354869376007,0.04277462245347479
856,3,0.03200454414411016,0.028555061576654328,0.015897526041212178,0.06839982716509561
857,1,0.003362418143406409,0.0030083325093070478,0.0012873411975873861,0.007423924606236716
857,2,0.04593244256748751,0.03255542935959088,0.004393456748344685,0.16139898579057493
857,3,0.010722524681368487,0.010115912682087948,0.005868319858662363,0.018455335068837543
858,1,0.003504253140374146,0.0030507012221326303,0.0012885305007703152,0.008320664040307506
858,2,0.04480194756965237,0.03377005132927442,0.004894712733563035,0.14379330483834935
858,3,0.011279019701000006,0.010357748840993195,0.005188637379423065,0.022779163852891294
859,1,0.003611549586239269,0.0030890611702251783,0.0012875590101802418,0.008836184474915753
859,2,0.04642933960174545,0.03461025392943129,0.004990764378853726,0.15226234490707327
859,3,0.011667045284226414,0.010495835727594178,0.005187318462075217,0.025402591652304636
860,1,0.003279216717862122,0.0028686412706056675,0.0012064723793098018,0.00763106342506785
860,2,0.04107830223310456,0.03185102034841123,0.004778051300360833,0.1272662330493684
860,3,0.010610561037828333,0.009827386809622547,0.0045988999598684695,0.020911124196098398
861,1,0.003002788066971932,0.0026801509745510684,0.0009772081318861208,0.006920296815382366
861,2,0.033043079198223205,0.029771164936477468,0.0057176333365034715,0.07891845789906643
861,3,0.00992724336341513,0.009387017981011749,0.0031182305669771215,0.02006172755731983
862,1,0.0037905250125292566,0.0033357573743785563,0.0013643472566042547,0.008875891591893647
862,2,0.04665241418104655,0.03723345328070661,0.005674737883006606,0.1394437763428315
862,3,0.012292870405304341,0.011398040913513466,0.005095199680348226,0.024778725047352377
863,1,0.002643169779758072,0.002332336621379784,0.0009078526280005218,0.006045603479528317
863,2,0.030417028990507577,0.02603453592700083,0.004571202076853121,0.07922645815567815
863,3,0.008665366484859275,0.008155610309866059,0.002994927974726399,0.016629172577161743
864,1,0.007423777094597618,0.006493290679759694,0.002523684408253641,0.017800825085320212
864,2,0.09355526005603733,0.0719052756000467,0.010257900268625681,0.298246304017145
864,3,0.023995015852660558,0.022054388015326706,0.00977031514914319,0.04942319089996425
865,1,0.006164847907602467,0.0050567062141198505,0.0018622885726869351,0.017092439136462162
865,2,0.07819222121836061,0.05638692571034896,0.007707382402113207,0.27623647746114827
865,3,0.01988432022888317,0.016992064729023634,0.007288750024957791,0.04993277406612258
866,1,0.003420417165964976,0.0030278588986393062,0.001242449268347327,0.007930802216322124
866,2,0.04176989722500498,0.03388413837170173,0.005224461741772802,0.12246648514955985
866,3,0.011116516171582462,0.010378108974687203,0.004571383374799829,0.022035748751234808
867,1,0.004642659712515242,0.0039055743169143717,0.0015088091640771298,0.012232971545894521
867,2,0.05724814366271477,0.04368011918156893,0.006383343565426347,0.18610314466092887
867,3,0.015057582604077005,0.01324655819268617,0.0057326065839547425,0.03586835499432519
868,1,0.03490099103682867,0.03211174731266546,0.013374404446599953,0.07255327718906339
868,2,0.013794679300075769,0.011655038135347434,0.0034340917440344385,0.03644692409881268
868,3,0.03358986044726156,0.03305646375350907,0.023086406789420477,0.04705675939497375
869,1,0.03094561046702399,0.027690626557403723,0.01067892304309573,0.07055492267281482
869,2,0.012208269180677831,0.010086996454172294,0.0028148049133119085,0.03390609906815271
869,3,0.029360938661661565,0.02843218282710929,0.018793209053856282,0.045233382363334816
870,1,0.0038157531561272794,0.0034215511956079913,0.0014199959826447675,0.00848609976269566
870,2,0.04677062275435134,0.03811054410242636,0.005897689287102413,0.13505055354817247
870,3,0.012387696777723532,0.01176787335704645,0.0053004624917417685,0.02318339680812456
871,1,0.0030015671746548437,0.0027406266773550114,0.0011986270901878538,0.006357611931059519
871,2,0.040970905870303845,0.02964808837204837,0.004036432212271969,0.14146216325844127
871,3,0.009599046270807552,0.009314265236802705,0.005397863830927363,0.015398438815546438
872,1,0.0038819164913301246,0.0033252255590608265,0.00137068935283366,0.009640972913924403
872,2,0.04867693579282978,0.03718657305497326,0.005440331835793027,0.1554906279021771
872,3,0.012556512193461412,0.011292284589341391,0.0052656548801155835,0.027509281574136894
873,1,0.029328070643436194,0.026694826140191,0.010833340556796876,0.06267143971283165
873,2,0.011616674916339768,0.009713997928571989,0.0027774732090304365,0.031436172975636334
873,3,0.028148208472013218,0.02747985119380223,0.018502708622633326,0.04161150134554551
874,1,0.0028619073671033324,0.002576367462698296,0.001108928357177968,0.0061692549410135205
874,2,0.03607432136219868,0.028530065857354146,0.004268070238291698,0.10853577542679536
874,3,0.0092365454134901,0.008838693796078347,0.004341506457828305,0.01597292700840588
875,1,0.003980513326411682,0.0035016380997203974,0.0013292054172645191,0.009429227740430141
875,2,0.04587831337320046,0.03920975680675552,0.006720948914112502,0.12284069185988371
875,3,0.013042956239362498,0.012173026968768739,0.0045177645029305415,0.026908624531791225
876,1,0.030395123391939727,0.027355644884013805,0.010748079638204273,0.06772662233378078
876,2,0.011901123272239161,0.009990145423562346,0.0028651820906356543,0.03194098101457857
876,3,0.02893586571993554,0.028166833387429473,0.01888523183227095,0.043456843038454124
877,1,0.00326593160847989,0.0028297629842946,0.0009742380107569815,0.008112586896871134
877,2,0.03546613110842648,0.03128249254921986,0.006102755882935578,0.08951742419654517
877,3,0.0108166783512586,0.00989557837911945,0.00308581702939779,0.024279759808511003
878,1,0.003798328683048787,0.003187693469272781,0.001267545482234501,0.01006605511842227
878,2,0.046738899711724236,0.03573402147392432,0.0053721740408697516,0.14905330804552147
878,3,0.012314768485904867,0.01081911346667724,0.004744338006360578,0.02900507197501717
879,1,0.005437697545957535,0.00474651720943548,0.0018876423995378194,0.013005143713718996
879,2,0.06955400867511022,0.052624434942340106,0.007452344046580699,0.22864651781381964
879,3,0.01753747048438339,0.01611915443094036,0.007480902236174838,0.03589716491465693
880,1,0.004675821879429705,0.0039753576545701295,0.0015806967963061893,0.011949484840108937
880,2,0.06144622666890631,0.04404407051412998,0.005887932769958882,0.21728665901458727
880,3,0.014993408368120294,0.013297247856830802,0.006603873416312005,0.033631491575100224
881,1,0.0030539131565478846,0.00273804013248013,0.0010286318200692119,0.006932453134071474
881,2,0.03403515962992259,0.03047493387993546,0.0056526174140579,0.08248924639945222
881,3,0.010073910265282116,0.009592945708815921,0.003310185481042519,0.01986329661952629
882,1,0.021151366572793828,0.018984067197458692,0.0074381727041946686,0.0473969906755648
882,2,0.008393788662641618,0.00690107230908986,0.0019281412046649273,0.023554706840610166
882,3,0.020013383725969097,0.01952422978792827,0.013643499118243783,0.029066910735703992
883,1,0.027584364071422944,0.024270391842057593,0.009113212960189016,0.06574501410487366
883,2,0.010897064900912655,0.008822570969025419,0.002396267380484956,0.031380949667905396
883,3,0.026097045094417157,0.024841044742561713,0.015848313588695845,0.04383806918523432
884,1,0.0028052158405252256,0.0025604431008720493,0.0011285622786950185,0.0059143338093413985
884,2,0.036571500756358614,0.028147555932587418,0.004053543330736771,0.11473177237209793
884,3,0.009022150228475393,0.008759719652138575,0.00468612539294625,0.014863610903588554
885,1,0.003381805848518992,0.0030237269646743157,0.0012052603380417791,0.007564112533918791
885,2,0.039404939469847966,0.033906288454909575,0.005739452565814218,0.10428990336887962
885,3,0.011078706036129118,0.010518692031457355,0.0041431319439236836,0.021400926576907287
886,1,0.004620964122769227,0.0039771405490673034,0.0014839458185432416,0.011563422611277139
886,2,0.0542053265430529,0.04448448346542705,0.007176569208901811,0.15808302481024303
886,3,0.015099249269763861,0.013655659291598026,0.005137302808400325,0.0336333571285541
887,1,0.005624223973272814,0.004959438121228281,0.0019942344780652203,0.013166702971151113
887,2,0.07037430534422952,0.0550355730808475,0.00799915265651532,0.217610717675778
887,3,0.018184251405304008,0.016894075717423754,0.007670909308841434,0.03624040465593388
888,1,0.025623053338692272,0.023308381248875867,0.009423950870322339,0.05539361609517322
888,2,0.00994880559984323,0.00852626187220253,0.0025367585912594052,0.02544858907351054
888,3,0.024536204543135758,0.023983100063623183,0.016112665290448358,0.03605258115445812
889,1,0.002934779297649996,0.0026785699493660485,0.0011793368860837186,0.006205858190735169
889,2,0.03738333697817272,0.02966438716075029,0.004391328922645488,0.11223844736802695
889,3,0.009466978844938368,0.009190675995086712,0.004695017991198332,0.015817729240104644
890,1,0.0038901823530720888,0.003397202126757377,0.0011645479458157317,0.009513106428712885
890,2,0.04237023760892828,0.03730033824628606,0.007251542038597211,0.10764559996006931
890,3,0.01288308792383034,0.011845798256148864,0.0036792321681573003,0.028327027483601466
891,1,0.0036813115656915414,0.003228625238330011,0.0013402897652343708,0.008716613806232173
891,2,0.04633347826113076,0.03598414054839735,0.005272231278788121,0.14541742807996139
891,3,0.01190031245354314,0.010970431813315317,0.005219058559775824,0.02420798844423188
892,1,0.0033877571569889808,0.003059608301215186,0.001307800636532804,0.007378327778622758
892,2,0.043642948783867035,0.033619981808415404,0.004879708309480791,0.1380753928967438
892,3,0.010908284607191567,0.01047650652757097,0.0052287311712774275,0.019105153129088726
893,1,0.005086850503877384,0.004334239694497744,0.0016164754730068791,0.012922615119136697
893,2,0.060869705968532965,0.04850547016182796,0.007460377548117509,0.18585129896535862
893,3,0.016575239560431443,0.014812970285096115,0.005763965638026894,0.03777021024459623
894,1,0.002920116312361141,0.0025611950830407904,0.0010655826824217168,0.00677056686696099
894,2,0.03590411893746371,0.028602838370483087,0.004411814984591115,0.10725248989441072
894,3,0.009472203190483582,0.008789390935474487,0.003958656224250158,0.018384355643327202
895,1,0.003985152780283612,0.0034785460040892948,0.001229418696757714,0.00974472056065488
895,2,0.044302208328739726,0.03855575731426964,0.007078851499960604,0.11471407957646453
895,3,0.013132580035870778,0.01210592695304767,0.0039904892315547206,0.02838435286299028
896,1,0.004899013223966961,0.004265871803655058,0.0016228529456795344,0.01192968541850938
896,2,0.06017755027750957,0.04729070914006695,0.007079158592730709,0.18670712936848854
896,3,0.015913517628898897,0.01457958940500442,0.005971012391578052,0.033725603797373216
897,1,0.0027840881944075683,0.0024874230143788673,0.000912184664560011,0.006400623658856181
897,2,0.030639817542263355,0.027683351188904165,0.005299650931672277,0.07338735547955513
897,3,0.009190494155999915,0.008696190859393282,0.0029104314289270117,0.018350572791967553
898,1,0.02369332571523068,0.021268783576324994,0.008361620783848377,0.05337668082529457
898,2,0.009391410942985625,0.007733485904107195,0.0021632635715831887,0.026216887654416734
898,3,0.02255056204590132,0.021791110367328278,0.014591901260744503,0.03478807100201882
899,1,0.004642976540152194,0.003727222727743277,0.0013538761968165552,0.01343191119895716
899,2,0.05587991231158251,0.04140043222623903,0.006391404257471396,0.1923838855775573
899,3,0.015131415169834838,0.012706218470246718,0.004814660521150555,0.04085144840415221
900,1,0.002272170819066887,0.0020463401359440757,0.0007584797916486895,0.005101662357636719
900,2,0.025000342008909493,0.022751855791335797,0.004420328636331131,0.058459514755391455
900,3,0.007509500870922144,0.007219537214972815,0.0024042153152368014,0.014437236590542456
901,1,0.02222208119340774,0.019510978376334517,0.007381142812823748,0.05298814424720069
901,2,0.008715256327761725,0.007116076073187697,0.001981928859746045,0.024589137637669563
901,3,0.02101673005021316,0.019856539813476865,0.01311197087451505,0.035896152701288334
902,1,0.002380302654947574,0.0021507868662051,0.0008419063025103734,0.005241521603323495
902,2,0.027251344153444407,0.023870063775664405,0.004273724587314066,0.06898547954781871
902,3,0.007797422966601197,0.007530432661532251,0.0027938847090564134,0.014450616548715342
903,1,0.002207157959783354,0.001981314151584822,0.0007047590448636661,0.0050497923858765234
903,2,0.024323386135718317,0.021695735231988374,0.004282412155782386,0.05972757928646946
903,3,0.007318106623721602,0.0069783586513055,0.0022191450374926544,0.014556212617250935
904,1,0.003054265983940887,0.0027921773103949145,0.0012270641077212529,0.006407636476027918
904,2,0.04040623398645698,0.030471416238233302,0.004382093480691123,0.1309074053659382
904,3,0.009797723692306555,0.009501473927997738,0.005267077865413602,0.015985467611109423
905,1,0.003388978353217194,0.002951548345572169,0.001168252821360649,0.00820368726371768
905,2,0.040749366693301516,0.0329734164670336,0.005205296891035184,0.12102895672519615
905,3,0.011030811178259887,0.01017630370837613,0.004155845612330409,0.023059559990833013
906,1,0.0032903312865458847,0.002998292156414295,0.00130290837596839,0.006987671291978759
906,2,0.04188437078436073,0.033025259958822155,0.0048704372149983985,0.12623468995996817
906,3,0.010622126041167572,0.010246722056964364,0.00520781787066652,0.018142740060839588
907,1,0.004279606139770854,0.003512348426719361,0.0014034344504334929,0.011242117732329719
907,2,0.05690908406838304,0.03844507947282632,0.005145151743793656,0.20802908979028484
907,3,0.013680924293340488,0.011781211103363871,0.006038808502641974,0.03243548221030297
908,1,0.0036099339127919168,0.0031921039240782032,0.001124633067672379,0.008556004220428398
908,2,0.03952175002850676,0.03533381992042787,0.006780043945869072,0.09666182449544958
908,3,0.011939330659089087,0.01114095592415476,0.0036088996496400866,0.02502587297331379
909,1,0.004704391701924091,0.0041232313936974945,0.0015802577418839309,0.011234419316036012
909,2,0.05571855824499267,0.04586987187131902,0.0073444937129829085,0.15981546897098098
909,3,0.01536730181559817,0.014166834003493091,0.005547051567575049,0.03231015288399638
910,1,0.0028351334103710467,0.0025792580514005085,0.0011071472380791193,0.006001631198383184
910,2,0.03543643303509991,0.02850934944382777,0.00441140639449496,0.10443869815268889
910,3,0.00918530484571293,0.008907125833242949,0.004169739628036334,0.015745404030303944
911,1,0.0032201349787600248,0.0028821363730622573,0.0012083374437196334,0.007212449533352437
911,2,0.039342089489898834,0.03212197415482148,0.0050280114249941135,0.11249975900320007
911,3,0.010456161350794873,0.009927020293494376,0.004481896656146618,0.01952324943206233
912,1,0.04040355508564879,0.03376541093163201,0.011618167442933036,0.10917253843522039
912,2,0.016153944602478924,0.012307621241376021,0.0030509619594324927,0.051776428681432604
912,3,0.03863609597610935,0.03411249540216514,0.018176288373693634,0.08576913395147046
913,1,0.04243660336742822,0.03841154285230111,0.01533485413967582,0.09233921457606897
913,2,0.016631825633777086,0.014014656810983711,0.00403896734075353,0.04406099189338499
913,3,0.04058651036925053,0.03967343956653438,0.02610007233485696,0.06029740979823468
914,1,0.004802811554364285,0.0040771515092695885,0.0013060819232869727,0.012586008160769862
914,2,0.05245017447839276,0.04444822481053638,0.008283551360686833,0.14391270029239533
914,3,0.01585855143046831,0.0141516468304424,0.0041997120855158335,0.037731303421089386
915,1,0.00255055515655636,0.0023161680960957194,0.0009544233288409648,0.005522809825769135
915,2,0.0300789892698098,0.025907324513189674,0.004346888529828488,0.07900933244293096
915,3,0.008332961025838399,0.008068010125939332,0.0032931109290326483,0.014961062003984397
916,1,0.004789006264230979,0.004085778999978869,0.0015607763088956788,0.012203190335398068
916,2,0.05824986706603274,0.045664499534799674,0.006896731032301018,0.18138364046048114
916,3,0.015558616376682936,0.013904916320331782,0.00580278852712097,0.03528612683778887
917,1,0.003134529834193248,0.002814632458643656,0.0011819584456212806,0.00684181304755792
917,2,0.03768538293441779,0.031442520087343356,0.005159989231720511,0.10332954919941427
917,3,0.010215237861892911,0.0097577834299152,0.004189564159703108,0.0184355811119165
918,1,0.00205086234012262,0.0016985676989817013,0.00042373918510071727,0.005695094512620486
918,2,0.018507287043259886,0.017642854683407046,0.0060265052207496535,0.03602526310233331
918,3,0.007013092443494889,0.00589600547434515,0.0012483392202813392,0.018906346014622454
919,1,0.0023178874421985202,0.0019038116407674012,0.0004647222056314409,0.006621086574224032
919,2,0.021042058633460488,0.019632766231485323,0.006507090764415935,0.0441880350653613
919,3,0.007912722114163273,0.00658017364070259,0.001366470107465453,0.021878935463576037
920,1,0.0034021038747807427,0.0030585099874608393,0.0012728871284539344,0.007599991650471385
920,2,0.04127656077831743,0.034096255175453796,0.005402437940311475,0.11641941995481049
920,3,0.011067014049341465,0.01053259551770364,0.00465880276094192,0.020611711364102392
921,1,0.025897802037083948,0.023901035526749725,0.010118779162793844,0.053088049970367646
921,2,0.010272946354087896,0.008715900798857028,0.0025241944026467536,0.02706876971599579
921,3,0.02548349366333222,0.024443646356231793,0.014827931597328651,0.04219769078616841
922,1,0.0036306118081866666,0.0030478803628202975,0.0012526282752600211,0.009311250854499404
922,2,0.047690581338600886,0.03367568242834294,0.004669588023455247,0.16726257170627512
922,3,0.011645525743338395,0.010252537680887741,0.005265323956025732,0.02656639722323538
923,1,0.0031434957376633797,0.0028672010141186036,0.0012488977250862717,0.006622599860169315
923,2,0.040850669682498016,0.031405299567755805,0.0045525386805058046,0.12900233711932163
923,3,0.010129982544977724,0.00981605250802724,0.0050715962644813165,0.016966392110697073
924,1,0.0027519711350618326,0.002153243396675303,0.0005345183855726903,0.008556669658926892
924,2,0.026289899596968785,0.022295249122234198,0.005998198981038455,0.07198497427040838
924,3,0.009300102821922824,0.007502109895772001,0.0016070985906905797,0.027762536716162543
925,1,0.0043922201318778685,0.0036409257755222143,0.0013786043088004209,0.011898351102183551
925,2,0.05475628176812337,0.04073433100330519,0.005895564321425558,0.18485501793328663
925,3,0.01423956614908835,0.01232670869409163,0.005219294469233902,0.03497804390212903
926,1,0.008683083938597333,0.006109080606630588,0.0016375012600593258,0.031196082337472068
926,2,0.10236320765845593,0.06633705144265521,0.009325111716858955,0.41261336170056984
926,3,0.028404067804588963,0.020661949609324527,0.005735162771075535,0.09762211439573161
927,1,0.003859537221262309,0.003306284631356616,0.0013449243086670842,0.009719634052423471
927,2,0.04847600998863787,0.036826408911759964,0.005383659340801584,0.15687206972720602
927,3,0.012466803808000923,0.011215162060897718,0.0052032237778611955,0.02762259870020006
928,1,0.002919725954046062,0.0022596135273500986,0.0005621530213694501,0.009179488309088258
928,2,0.028559251158494444,0.023352248982962415,0.0060229378659605514,0.08304867132762106
928,3,0.009868359894554847,0.007910614710089333,0.0017001196518958393,0.029942129868502473
929,1,0.002623725582550256,0.002384039322049861,0.0010075173606422093,0.005607291196971863
929,2,0.0316256493632847,0.02667475859905876,0.0043163924932582386,0.08611550186050829
929,3,0.008554419034500903,0.008299071379932459,0.0036208106848312346,0.015014686076124011
930,1,0.019152173942603802,0.017251077264516926,0.00686719250032946,0.04237796046789566
930,2,0.007479035534444394,0.0063006708002109665,0.001821737237260058,0.019859162308776178
930,3,0.018168974812408513,0.017812777546798934,0.01247938818082828,0.02592699825932058
931,1,0.0018686375774174039,0.00162449291535756,0.0004664525383052496,0.004660574799180056
931,2,0.018246917707525356,0.01729976998984995,0.004711146428633543,0.03747846753680183
931,3,0.006297354748959265,0.00570625711468427,0.0013865671275479351,0.014454623945072818
932,1,0.0062437399498239685,0.005188318927806813,0.001904364578977617,0.01689260518252924
932,2,0.08114693492023886,0.056495943969739296,0.007501507959555717,0.29778343474444957
932,3,0.020045945709856502,0.017478445002481482,0.007602849682227294,0.04779184202944731
933,1,0.025814531956097488,0.02254795614281143,0.008433370616535424,0.06225807062114652
933,2,0.010057397687748874,0.008285790638947348,0.0023017002421628165,0.028197445380046267
933,3,0.024481391823608437,0.02303701389261762,0.014520852522257396,0.04309356572850728
934,1,0.02364098351530324,0.020881654010411928,0.007941024097031145,0.05519087435532112
934,2,0.009387171110397113,0.007579747941573553,0.0020672283434187916,0.02723908693969248
934,3,0.0223675085217463,0.02131975375293011,0.01405887361473701,0.03664393450525651
935,1,0.004766341673646092,0.00391736691237166,0.0015028103399036524,0.013091133551472008
935,2,0.05946203577440436,0.043858685381070454,0.006333425380743337,0.204282371867091
935,3,0.015439707782497649,0.013268883455986973,0.00564794855818281,0.03877897955363644
936,1,0.033123337919726166,0.030682874549569323,0.013241815263651521,0.06693185174945594
936,2,0.018632609140693156,0.017088542638762895,0.006711345513033051,0.039549989832983225
936,3,0.024882534892937742,0.0245200526473088,0.01729788485819304,0.034435074882251185
937,1,0.008197534750480902,0.006402664911587225,0.0014230214841604073,0.02553039679072586
937,2,0.08187344983094395,0.06734337172993123,0.01364636225924389,0.2356064699554513
937,3,0.0275414076515145,0.02213535042064657,0.004474045386971668,0.08269469389250293
938,1,0.004359912372462892,0.0037365265789100523,0.0014681945050160252,0.0109796431279975
938,2,0.054824230511779884,0.04153550929718104,0.006086842675648043,0.178361511862527
938,3,0.014083162818572161,0.012678795768659603,0.005712731643312473,0.031057069405238166
939,1,0.0038004632142758835,0.0031108495187046697,0.0012172967725436522,0.01038537149370788
939,2,0.0466139303145433,0.03482245347777739,0.005237956037534795,0.15390727367151424
939,3,0.012330819426170933,0.010575243406582276,0.004486728345458505,0.031270363015192974
940,1,0.0031436561836335106,0.0028190722487164014,0.00111078115530378,0.007081527408759448
940,2,0.036354224057795016,0.03144103794614656,0.005467929052847761,0.0944359159296772
940,3,0.010311398275708622,0.009794546539946849,0.003744604980281184,0.019986772022133805
941,1,0.004457718471507391,0.0033650351864590463,0.0011290266397102826,0.014520137014526487
941,2,0.05240917543374031,0.03706028437187516,0.005917123040332864,0.19236011087534294
941,3,0.014565305240901329,0.011505644058422505,0.003867312096057638,0.04468378740825864
942,1,0.0285941980100941,0.026411261938919073,0.011442024978143828,0.05825288002520678
942,2,0.016300649521744738,0.014639100655536467,0.005541955779183326,0.036652879099331924
942,3,0.021682064638858283,0.020944030609047006,0.013970887994971582,0.033695760551725934
943,1,0.003741757129370933,0.003135266197994317,0.001263739812011396,0.009732860063234356
943,2,0.0472621252443333,0.034902268322750805,0.004998435606401489,0.15698957253018103
943,3,0.012074886656355815,0.01056789205912502,0.004936447420729815,0.02855533091341189
944,1,0.03015695930333495,0.025909533086694723,0.010138657774544651,0.07534970036489375
944,2,0.017118887893052753,0.01442650443355388,0.005047297372589583,0.04502968973434526
944,3,0.022421984802894764,0.020126397458662675,0.013290502388432155,0.04581968710576535
945,1,0.0023694476930801655,0.0021423044644885126,0.0008681015195004891,0.005134163340861255
945,2,0.027908202552677345,0.023939141264762338,0.0041009251267340495,0.0738058881681341
945,3,0.007766295736109738,0.007525173694381339,0.0029709016787202733,0.01403763892983537
946,1,0.004180238528906172,0.0035848303467569754,0.0010579209115147608,0.01084719769093694
946,2,0.042667535129375274,0.03859012206074494,0.008704189328268646,0.10162370047420502
946,3,0.013993460768080874,0.012493618798777126,0.0032279894468194613,0.033531359234498966
947,1,0.006066569794394616,0.005286275761955824,0.0020078527636238595,0.014791053880249018
947,2,0.0770104366440931,0.058041045157025455,0.0081721733361319,0.2513803105184275
947,3,0.019597496886796604,0.0178984472139868,0.007873082546897415,0.041373055094591986
948,1,0.00356869124425342,0.0031567762140297263,0.001324843915021179,0.008211106152290884
948,2,0.04451197419343819,0.035202105448261065,0.005276304192401536,0.13398543147342545
948,3,0.011547773406555809,0.010793327430102848,0.005055963122987752,0.022583007084491114
949,1,0.004879844670013895,0.004193144302903928,0.0016337121434059861,0.012142064344770715
949,2,0.062290733901875554,0.04634307181538934,0.00646713640889921,0.2079553395639893
949,3,0.01572670128512544,0.014129612798360586,0.006495813982111199,0.034559618761017465
950,1,0.002281879877607277,0.002048483676263914,0.0007316964391555934,0.005166993971341764
950,2,0.024817368219216183,0.022609344341848213,0.004530375770110414,0.05822433970533529
950,3,0.0075527033210097344,0.007210734383141624,0.0022841660512301566,0.01491638350948411
951,1,0.028318255939032137,0.025445484482394625,0.010277467767929241,0.06303364969746275
951,2,0.016059264814190056,0.014095753398369763,0.005134524406435794,0.03807101488832866
951,3,0.021060868676320014,0.0200775539285737,0.013673521499151693,0.034295404719455226
952,1,0.0029946310433526025,0.00264978387737475,0.0011172618158746942,0.006716862098105128
952,2,0.03709983545540934,0.02951657817299996,0.004530379406613768,0.10948965955951705
952,3,0.009725796442430962,0.009133904424713606,0.004129425598556694,0.018109696067943517
953,1,0.004580208168957825,0.0040030295869882115,0.001322406263506338,0.01126099958304033
953,2,0.049601103076141496,0.0440600333149221,0.00850588056612462,0.1231474079112447
953,3,0.015179314164523979,0.01395024051047514,0.004244855736651252,0.03333437159333032
954,1,0.002652296700525286,0.0024069403241000252,0.0010205223211505483,0.005668366342677206
954,2,0.03203005275573112,0.026931652704380367,0.004343615432678805,0.08756729297025924
954,3,0.008631841647842527,0.008373089643815855,0.0036678210891172517,0.015127893397623451
955,1,0.004133237529717732,0.0032452517662670843,0.0010087288687483987,0.012604104910657788
955,2,0.045460590384885084,0.035193704695253195,0.006630726968930442,0.1489862235131264
955,3,0.013673329445277166,0.011230113862636747,0.003242769334886729,0.0397321279767723
956,1,0.0033858156921055794,0.003040979486144251,0.0013037677475580052,0.0074661964477749565
956,2,0.04422516627428502,0.033428334654348635,0.004767463410913227,0.1431743367875362
956,3,0.010876108910689485,0.01035425676615466,0.005414663063470806,0.019443244502237077
957,1,0.005743785592271432,0.0049105424117699414,0.0018170255724832803,0.014509965277277619
957,2,0.0714807968651791,0.05443685992459914,0.007792194512014335,0.23429831808832297
957,3,0.018594990108468268,0.01671733455806132,0.006895781803490961,0.04133708940668875
958,1,0.0022937415780256024,0.002047132833541489,0.0007005806636027547,0.005333819347711531
958,2,0.024252593017194762,0.022528780570400767,0.004812828559855062,0.05402876597535915
958,3,0.007611788061380613,0.007212776950376762,0.0021670499944185565,0.01546061240966198
959,1,0.0031911179255006204,0.0029064614865864113,0.0012644403890733787,0.0067118282370693064
959,2,0.04021925509746889,0.03214175010958582,0.004917843442951896,0.11892667692828528
959,3,0.010326935597427638,0.010002646727801668,0.004919490967044507,0.017574526480263187
960,1,0.02868122810993799,0.02502640335585252,0.009291696947767972,0.06886390106303349
960,2,0.0113514067867908,0.009128564210440348,0.002453668294858828,0.03340183921698518
960,3,0.027105820706062864,0.0256261461948357,0.01608250507287966,0.046875185787197605
961,1,0.004211308719697705,0.003521378688629808,0.0014153860677095335,0.01111334378797538
961,2,0.0534741989681774,0.03934700102883558,0.005626516005278615,0.18167620806244236
961,3,0.013611355647168952,0.011897617940695278,0.005521371642561138,0.03245045545549272
962,1,0.0027702715249897708,0.0025209261209254673,0.0011038770361875133,0.005879069458505139
962,2,0.03463080563596107,0.02810431280757915,0.004273561580342411,0.10025298965311549
962,3,0.00896304655027831,0.008701832310586653,0.004230167446661661,0.01516655135686228
963,1,0.005484786757451288,0.004561859641137315,0.0017522526577147012,0.01472505454743648
963,2,0.06820828819169845,0.05095058465567504,0.007425141658752338,0.22799533517981416
963,3,0.017826216107449423,0.015425076537944418,0.00660678263592688,0.04387605512583554
964,1,0.003553002694224935,0.0030900325224172617,0.0012861137867998145,0.00865526298347919
964,2,0.04487455018251199,0.03434213672161911,0.005046670930415468,0.1413958018736269
964,3,0.011485338150844978,0.010505297418963028,0.0050396313410594855,0.023830952282277003
965,1,0.03793681589959382,0.0333569582501095,0.01225195605836123,0.09051628139257846
965,2,0.015022691848756878,0.012125935331265169,0.003251143381682999,0.04345650781727518
965,3,0.03600645258892715,0.03426389194577069,0.020502952674682523,0.06162832610443834
966,1,0.0034798674883878083,0.0030105808651808294,0.0011902069129225044,0.008556334469338341
966,2,0.042037970305239196,0.03348748819255341,0.005299015018765795,0.12694591935121985
966,3,0.011331740727797692,0.010329307742771826,0.004283332633811281,0.02450124257112997
967,1,0.004584319234210122,0.003716119750975731,0.0014287005809854748,0.013186869273962884
967,2,0.05878038224362035,0.04142703428140677,0.005722435425739057,0.21319924175684904
967,3,0.014782181395346806,0.01243040971931152,0.005692377730172586,0.03858527290204012
968,1,0.004593625389924264,0.004082062472429022,0.0015693255517517247,0.010633847217916886
968,2,0.05390150283705061,0.0453523886025082,0.00746168386497733,0.14717485483429044
968,3,0.015030328297614153,0.014094600298457008,0.005443298391668601,0.030044713585897657
969,1,0.005435421627987138,0.004523014666090485,0.0017041542723971012,0.01456997907116366
969,2,0.0711743150533685,0.0498574589128264,0.006552851677474728,0.2596893228457963
969,3,0.0174366658763094,0.01517013720273386,0.006973434590004361,0.04146814454617311
970,1,0.002656769617648116,0.0023092670207342774,0.00079036697883456,0.006510160262753353
970,2,0.028492991295956026,0.025392183486323418,0.005219612762396967,0.06963575190295124
970,3,0.00880951026644767,0.008105350399315439,0.0024783490623045646,0.01929476386188157
971,1,0.024261326317597896,0.022178205406735308,0.009081366755036886,0.05150440498878711
971,2,0.009573104327312206,0.00807532587445606,0.002345636008299582,0.025426436817894263
971,3,0.023323008564324305,0.0227729208042581,0.01548528329726388,0.03434319467122898
972,1,0.005852079346361801,0.0048935950964860715,0.0018378740351164809,0.015599786688261497
972,2,0.07581691009083276,0.054122463344147276,0.0073293834125638425,0.26942078307815953
972,3,0.01885514818003525,0.016400450307177482,0.0074491990325559025,0.04499486365507724
973,1,0.004017464926722572,0.0032967557811132207,0.0012524481439777047,0.011121526802665515
973,2,0.048924550178067704,0.036855133041989535,0.005555629807374527,0.16203353849093297
973,3,0.013075180731101525,0.011218653402395858,0.0046092210849442644,0.033306233736096105
974,1,0.003734286214469459,0.003157290220985518,0.001186089453538485,0.009790995005742672
974,2,0.04371683783585562,0.03519247876833691,0.0057851810293025755,0.1300981973696804
974,3,0.012215359298147245,0.010871584031354018,0.004114379316298582,0.028704673157262398
975,1,0.0045358569446128415,0.004004040181108877,0.0014967547011488374,0.010713247355554376
975,2,0.05261909655869319,0.04446091757311099,0.007505190647668168,0.14352055912788073
975,3,0.014862073137430657,0.013878540731089309,0.0051243985172407655,0.030591548545899662
976,1,0.0024699698415468776,0.0022203843929455586,0.0008504838118344501,0.005571564262198661
976,2,0.028792145435304062,0.024483519360032267,0.0042828187371996606,0.07813686652058048
976,3,0.008073369028640937,0.007760577521384192,0.0028664692303924104,0.015134580812928677
977,1,0.027526792676918307,0.025314014870599456,0.010490511238322628,0.056887105679779205
977,2,0.010760671974690645,0.009254295036883055,0.002771804599999339,0.0273035565856489
977,3,0.026540516995343686,0.026113871232236525,0.017803080499255844,0.037703738810014036
978,1,0.0017407786088843788,0.0013648638843378315,0.0003081637825480783,0.005295331587846694
978,2,0.01456669862331081,0.014041373073225366,0.00609327459463437,0.02590611633737542
978,3,0.00602680885760404,0.004681140936938026,0.0009007506892802015,0.01836071216235559
979,1,0.024401809254894966,0.022397949259549858,0.009291293035996046,0.05096246907093392
979,2,0.00963270263723263,0.008170934456716595,0.0023891575104585364,0.025421340338658997
979,3,0.023497831043003712,0.02305697658426898,0.01586721155278855,0.033581424118885775
980,1,0.0031690487662604716,0.002679365746012887,0.001078820449684444,0.007954351717566114
980,2,0.03854590166534483,0.0299452243967101,0.004694818168907819,0.1191029373199243
980,3,0.010297240360797034,0.009195356762879905,0.00389188792000663,0.023012303251544828
981,1,0.0023483200326636765,0.002116602256841808,0.0007902554275041941,0.005278905854586384
981,2,0.026280549680424946,0.02344966326547293,0.004350634736160382,0.0646815873884226
981,3,0.0077442101303560025,0.007435656968173993,0.0025438641898925017,0.014927645354911223
982,1,0.0030074459848184144,0.00274172963136083,0.0011993976413764778,0.006368375220133263
982,2,0.03846586583620841,0.030227495559272375,0.004505572122216658,0.1171234290070277
982,3,0.009693069569457927,0.00940572205164383,0.004832560768789027,0.01615460853540273
983,1,0.0027058272413261167,0.002353257365194478,0.0008894252410663855,0.00645968920387673
983,2,0.030413564749685373,0.026267597426259774,0.0048420934197857535,0.07805617843840312
983,3,0.008905510556654415,0.008224022243213204,0.0028871876429677015,0.0184441701847704
984,1,0.0020573932233432053,0.0017660239513561814,0.0004881653220198617,0.00528926437756896
984,2,0.020415969899525314,0.018641102346110425,0.004754660767918158,0.04663448604039059
984,3,0.006902996653610362,0.006209269430244477,0.0014746246506275142,0.016325544645862465
985,1,0.0017192740417618201,0.0014756227353562824,0.00039862477184215143,0.004461812609066749
985,2,0.016247542832874395,0.015489622178442203,0.00455012714140142,0.032462802205466997
985,3,0.005805388712270641,0.005129571928240963,0.0011819033107546987,0.01407686694188886
986,1,0.024106528223312596,0.02135813034686755,0.008161057530946172,0.056022999598774444
986,2,0.00950947476089288,0.0077569918501703495,0.0021537716907827557,0.0268267119410661
986,3,0.022830804246690817,0.02187783784669093,0.014430832494017512,0.03675698020248857
987,1,0.0028673201078213144,0.0025617244141136735,0.0010960810814044728,0.006332286662537873
987,2,0.03594273251521257,0.02841574201128421,0.004328483734450277,0.10786384094181684
987,3,0.009278268572464431,0.008795418600155723,0.004168352099906608,0.016699790624734312
988,1,0.0032141039633531016,0.002911274890568154,0.0012503388204977912,0.006915797915882623
988,2,0.04212431135050936,0.0315604485119301,0.00451311978203079,0.13842720128174446
988,3,0.010296758301383588,0.009972439060665965,0.0052659774914980036,0.01716538200484502
989,1,0.02397112661796553,0.020998425739862783,0.007938610623976943,0.057143966964224045
989,2,0.009459152584057383,0.007678168275102648,0.002089618089621084,0.02722368818300617
989,3,0.022671347597764378,0.02146324361054562,0.013804702751884647,0.03868060584732886
990,1,0.004545686102348673,0.0034286231672162795,0.001178866139597684,0.014828465539923974
990,2,0.05254352313591608,0.03837324032845541,0.006217520433545315,0.18752151671039122
990,3,0.014887406861053738,0.011759234859083166,0.004000571216738264,0.04587216796323765
991,1,0.0028430559624708514,0.0025465251034027647,0.0010790665660722345,0.006207031103161911
991,2,0.03465918020968998,0.02836496894159521,0.004454449685032171,0.09658815784954455
991,3,0.009227761384818685,0.008780925696856248,0.003939513736963132,0.016439163890482084
992,1,0.0018965993600347337,0.001640450060218734,0.0004481834411574287,0.004894706657390596
992,2,0.0186041112545457,0.017205925517979333,0.004609277625402994,0.04103817817915017
992,3,0.006391083496587743,0.005744407759061336,0.0013486733055220284,0.015103375619631768
993,1,0.0027722915531096697,0.002530626811678968,0.0011070597223366647,0.005876955549864305
993,2,0.03499544465439795,0.02800503953533056,0.004200137592670794,0.10307741549409817
993,3,0.008951636785527396,0.008683124529887731,0.0043617408601966095,0.0150209958710464
994,1,0.0053105523633266835,0.004566406424358722,0.001679933997341098,0.013414119002813616
994,2,0.06319827454472333,0.050738583753841854,0.007860172771724456,0.18940289259804985
994,3,0.017301746982054684,0.015659437423222906,0.005979778495616789,0.038461471530952085
995,1,0.029906845412305753,0.028408100919607805,0.013032348120324578,0.055330768395745494
995,2,0.016711363370833447,0.0158388826017234,0.0067810632400409805,0.03181737138388355
995,3,0.0232568347902283,0.02264735813337931,0.013440100266770984,0.03652387349665258
996,1,0.00481503316890206,0.004176054779789543,0.0016334055298067628,0.01176452070999759
996,2,0.05902300412163554,0.046565186869665084,0.0069842141414197065,0.18329996228777648
996,3,0.015632127987217186,0.01424811895727809,0.006047033394305175,0.033510729940999344
997,1,0.020212258309849355,0.017902141288051034,0.006855048948537349,0.04685446583534918
997,2,0.008040974599055388,0.006505528056856539,0.0017855910482796908,0.023277117581444903
997,3,0.019111732140179007,0.01827590569090503,0.012399175334994017,0.030774455244249915
998,1,0.004390417348340426,0.0038012969658348396,0.0015302925040164973,0.010682138535376026
998,2,0.05592506011846739,0.04212313955776649,0.005980859552793138,0.18246517471942605
998,3,0.014169762896846532,0.012863335023439185,0.006066121581852154,0.03004102179019785
999,1,0.01784298228476518,0.015416331374734103,0.006116191296226421,0.04268277515761387
999,2,0.007143950860194302,0.005620123809451845,0.0015502340037001395,0.021420393674072613
999,3,0.017027577266437614,0.015546778973501964,0.010854497310176098,0.0327932135877608
1000,1,0.006155377496871916,0.0054444086417410435,0.0021489521553053905,0.014365240318056555
1000,2,0.07467131901351548,0.06059893561822759,0.009329137127497068,0.21922687837959176
1000,3,0.020035437486650935,0.018678002350590684,0.007795206339867778,0.040183554978710505
1001,1,0.003369123042519315,0.0030725889349996535,0.001328073667088136,0.0071639129355241474
1001,2,0.04449371019423328,0.033481078849955284,0.004717646001393757,0.14552599054970683
1001,3,0.010808534111847533,0.01039100127149931,0.005694943694458765,0.018297887151295707
1002,1,0.0064434620575445885,0.00560241553637994,0.002173698960867427,0.015617947102019978
1002,2,0.08203879599506653,0.0618501665958148,0.008732497783224404,0.26917841564507955
1002,3,0.020795736933419507,0.01900908090682439,0.008547854249539416,0.04360538839657263
1003,1,0.03311528898193791,0.030286944814454105,0.012720684853451274,0.06954620251907094
1003,2,0.018715063023325484,0.016854826733294692,0.00638548191124331,0.0417293917849779
1003,3,0.024805003201931183,0.024156175515283047,0.01636637530759635,0.03698962241552983
1004,1,0.016765542604233123,0.01490818627923264,0.0059365337885653865,0.03846066168698359
1004,2,0.006641931110800473,0.00541933835409034,0.0015349007923319883,0.01872739262171698
1004,3,0.016001773751059187,0.015119152725461143,0.010609468785956987,0.026868911937977982
1005,1,0.029874146978856302,0.02674579666964155,0.010300896200123429,0.06779419480504004
1005,2,0.011899922619066413,0.009700320873470737,0.0026801592517597655,0.03392745213060377
1005,3,0.02840742263524799,0.02742206487050729,0.01794725102927088,0.04456009878032289
1006,1,0.003603784903047891,0.0032069768156126614,0.001318983093214806,0.008182819440759386
1006,2,0.04312897766456983,0.035916293914847575,0.0057743235569453835,0.12053113278608822
1006,3,0.01177467168358701,0.011058398984294372,0.004636298978144576,0.023090628702960067
1007,1,0.05942430852401591,0.050636157798764785,0.01800165327320183,0.15211206069507927
1007,2,0.0337579146439975,0.02816937856042282,0.008997616927501425,0.09161652234533539
1007,3,0.044198445761061085,0.04009350604994927,0.021470810938629497,0.09060094112602828
1008,1,0.009224216738302498,0.007721829699078903,0.002753709272639808,0.024549707513785473
1008,2,0.12482814472479314,0.08402757644865236,0.01050072645733034,0.4735618352310531
1008,3,0.029453748532280673,0.025845847618314044,0.011573424752695322,0.06870351217497148
1009,1,0.004163221559560962,0.0036762146546183297,0.0015106228995429944,0.009689377306738575
1009,2,0.05523056791974625,0.04039081340232979,0.005505203442141248,0.18814252013037894
1009,3,0.013350117099875538,0.012361859193688898,0.006466833534352939,0.0262710423835019
1010,1,0.030096314191046296,0.02754207290537647,0.011464811199948667,0.06364831444098369
1010,2,0.017050198623011104,0.015263905117664078,0.005751396883316877,0.03864242339450385
1010,3,0.022386219345844147,0.02198560159168586,0.015599063061141423,0.03156481119713104
1011,1,0.02648616982940675,0.021784663166772616,0.007706658246453573,0.07368669842626754
1011,2,0.010464419241364818,0.007978387547137221,0.0020569949793179773,0.03348280850413945
1011,3,0.025058921047708523,0.021705842908117133,0.01303963504852358,0.05746781733121356
1012,1,0.0036281990513560088,0.0031514080004795856,0.001327168033952196,0.00862624701706879
1012,2,0.04697551764262733,0.03492687482320997,0.004998539255629364,0.15448011895725203
1012,3,0.011684310451099938,0.01070093992843414,0.0053631272287423684,0.02365368241265368
1013,1,0.004463380563983663,0.00398128019472442,0.0016429665611737301,0.010105940387174064
1013,2,0.055259580407237066,0.044254724077088914,0.006692638480023165,0.1645159834952367
1013,3,0.014497580509759862,0.01363017923473122,0.006172611611213815,0.027926273551899763
1014,1,0.03946343500152064,0.03609386631951425,0.015011857882168867,0.08350157275566912
1014,2,0.02242469605847839,0.019990416734800273,0.007436413737296446,0.05143821398645115
1014,3,0.02942286176099904,0.028786112646052138,0.01991740708427024,0.04261514389166061
1015,1,0.05241032309843657,0.043425509615526194,0.01413498261804729,0.14311857759239915
1015,2,0.02082050361382584,0.015869556845776595,0.0038168790728153614,0.06715561691591646
1015,3,0.04972215469528541,0.04447435746864907,0.022116533415290393,0.10761523014833974
1016,1,0.004152759299714016,0.0035172928139054135,0.001309197948136781,0.010844540100967576
1016,2,0.04921464828011639,0.039097192451228974,0.0062649573481524225,0.15255585890975176
1016,3,0.013578531606953968,0.012037512362179193,0.0045476217760921644,0.03197515509277333
1017,1,0.0301477249100313,0.025941528407580013,0.009393970445238202,0.07547001143189226
1017,2,0.012014232407767318,0.009455230346017977,0.0024674547274887073,0.03661547614923478
1017,3,0.028470976147191313,0.026439728705779555,0.01598650838497224,0.052774360331904205
1018,1,0.007761659701471006,0.00664743962151874,0.002516714997364569,0.019405524070597847
1018,2,0.10587083347000091,0.07240603134268855,0.00923761732764785,0.3997801477943753
1018,3,0.02475253399092989,0.022373940623562027,0.01075454436680766,0.052726551344428316
1019,1,0.029474021580435147,0.02736194392173389,0.011682093970260599,0.0593694560713927
1019,2,0.01188664104557413,0.009919304291823545,0.0028202227503586366,0.03235139161540528
1019,3,0.028916738845658516,0.02804785699104586,0.017812987570019853,0.04503222866991779
1020,1,0.027964005781553513,0.02500520152328612,0.009677323312362544,0.06394804179210328
1020,2,0.011127711948616639,0.00906710243548959,0.0025013028159789653,0.03177538975524868
1020,3,0.02658360152163747,0.025610049202848137,0.016713645834475505,0.04194092080568059
1021,1,0.0066111862207824165,0.005723262230108459,0.0022238837796026314,0.016309166859824017
1021,2,0.08817448129378559,0.06218035131698499,0.00834496922844825,0.31280093494415573
1021,3,0.021211356015560345,0.019239910675766688,0.009261325884770352,0.04474201129746195
1022,1,0.013811948474282796,0.011831688700817923,0.00421900573220265,0.03494861634603152
1022,2,0.1733202423298412,0.12969138965265503,0.018177708366606354,0.575469768531411
1022,3,0.04466815742005621,0.040158199888572076,0.01611456376386676,0.0992909274785556
1023,1,0.004957123350665719,0.004302983530687213,0.0017098891435703934,0.012049739285685115
1023,2,0.06543199074916498,0.04728955651142911,0.006425152096033483,0.22720965563531187
1023,3,0.015917663867590356,0.014474666872846268,0.007149857823367373,0.03337843684890536
1024,1,0.004691069204325402,0.0037727348067179817,0.0014753464227281418,0.013392408387815993
1024,2,0.060978942547359374,0.042315124272858766,0.005695563099009704,0.22220738131830414
1024,3,0.015098769539266027,0.012629276138784565,0.005982340918915646,0.040093587719325495
1025,1,0.037924903019144696,0.03414689056701351,0.013234839352320471,0.08467228383164378
1025,2,0.015043584520020047,0.012396930986790917,0.003431367156063863,0.04184215597272352
1025,3,0.03618920244348206,0.03509923816470494,0.02274067012513689,0.05604860242731566
1026,1,0.024372911746440122,0.02074930858523124,0.0075560014126943315,0.06277990378942003
1026,2,0.009716125130377179,0.007575979545462632,0.001994720514218952,0.030281273167177374
1026,3,0.023068217117866597,0.020811466923022267,0.013244453325391238,0.046472735210571756
1027,1,0.004828436152268927,0.004059498891360305,0.0016469114753273988,0.012568486508363372
1027,2,0.06375023087591601,0.0448809326267834,0.006069850336772092,0.22886373517904213
1027,3,0.015521161291237064,0.01359158025194856,0.006816847543110341,0.036279689946681494
1028,1,0.005388894201747924,0.004618512382002016,0.001802964950194643,0.013501230401052826
1028,2,0.07014746448691735,0.05099247461723293,0.00695166017474446,0.242096502246336
1028,3,0.01730599968271089,0.015586072422769538,0.007368345050074896,0.03750368690242591
1029,1,0.04336958269931202,0.0404732171845842,0.017460785240915027,0.08580774507621028
1029,2,0.01731344075894193,0.01466435300199858,0.004318873491833471,0.04533499651373194
1029,3,0.042358698374529866,0.041656112765939474,0.027861353202351627,0.06096369101307433
1030,1,0.004495092578854222,0.003808380079173411,0.0015039510368988873,0.01161201346892602
1030,2,0.05746857042483111,0.042387929958741605,0.005935833031968486,0.19504011147179576
1030,3,0.014493755467808135,0.012851815427942039,0.005987881593149819,0.03318814974878231
1031,1,0.0035445831356489053,0.0032206107723936474,0.0014009340856333643,0.007574635424669971
1031,2,0.046930716458854264,0.03516560321888593,0.004932107734683129,0.15374103729150265
1031,3,0.01135701654163859,0.010948714526035519,0.006030769086622639,0.01902598433279231
1032,1,0.007009646879210317,0.00624101962638935,0.002447404385657436,0.01606584912720075
1032,2,0.08336884306391495,0.06934189439291735,0.011212438009910732,0.23289945868979575
1032,3,0.02292041066910411,0.02153679284160319,0.008500371447131422,0.04522717763796171
1033,1,0.0038578713923974346,0.0033861802058899474,0.0014353301711625892,0.008754174444232639
1033,2,0.04826513237933043,0.03733370122198273,0.005802567481561658,0.1504671721768779
1033,3,0.012622012667526215,0.011600695638856507,0.005215124955734502,0.02466541394344508
1034,1,0.024974142627909122,0.022635849513621454,0.009450189346153735,0.05367216881182774
1034,2,0.014128440785713828,0.012625895685126643,0.004740829909650389,0.03244336556895717
1034,3,0.01866734881972391,0.017957546833685008,0.01244627450937437,0.029216135779971546
1035,1,0.00359863624834314,0.0031662874856023347,0.0013346641237892318,0.008377735711772725
1035,2,0.04654559279274968,0.03495769804611948,0.00495721478922528,0.15164629403199567
1035,3,0.011585605232135886,0.010745730494920076,0.0054333840974881255,0.022809801038335444
1036,1,0.028298912119816878,0.025188818937540415,0.010003908769129011,0.06471464261232869
1036,2,0.016005077761643567,0.013981027896637183,0.005066062042155585,0.038604379772045366
1036,3,0.02100300907616909,0.019838423836496068,0.013283535586033587,0.03580587706503072
1037,1,0.004610576783889342,0.003947130158723671,0.001480897730496537,0.011613924586748568
1037,2,0.05452889955332928,0.044070968977397956,0.007104473579296473,0.16293330164651887
1037,3,0.015066877624956782,0.013523579844145511,0.00518245342220335,0.033915578291878856
1038,1,0.005707190163206545,0.004979251774047278,0.0019420008224896805,0.013795367300675316
1038,2,0.0778513001907842,0.05383586487775021,0.007069772895905488,0.28755711014564933
1038,3,0.018221917721065208,0.016652396146924323,0.008562461853544851,0.03736152119433494
1039,1,0.0065100953836100825,0.005580894515704995,0.0021348197887758906,0.01636726297976993
1039,2,0.08526853770720291,0.0611965080377024,0.008210378895215472,0.29970544956681955
1039,3,0.02091832845877026,0.018814735376202367,0.008758994399022956,0.04540032033013066
1040,1,0.039456518219520176,0.03449114494883788,0.012694296400324913,0.09523086624475019
1040,2,0.01568536241099591,0.012543275901854585,0.003331054946276102,0.0461905599438213
1040,3,0.03732992422454678,0.03541657239004385,0.021363765963634433,0.06446412713816725
1041,1,0.004409464699267757,0.0037068960046755667,0.0014791288901942847,0.011578069864634714
1041,2,0.05702324599056613,0.04132242490731096,0.005683555349403776,0.19813614521056663
1041,3,0.014192624707613531,0.012447649678232243,0.0059785171050818955,0.033365480964233515
1042,1,0.043265131972705914,0.039635963523551754,0.01620528956752848,0.09107434877890824
1042,2,0.01730355256906524,0.014380043410115152,0.004028820435421822,0.04764113887725392
1042,3,0.04194657889854473,0.040685463603011854,0.025904065251970743,0.06516770132374874
1043,1,0.013327060203726192,0.011712883965636094,0.004460106453202164,0.031562765779891984
1043,2,0.17083170264286218,0.12841172993942598,0.018148066072095664,0.5644126846078387
1043,3,0.04294850155019238,0.03973095176322772,0.01772678635500844,0.08651090821428052
1044,1,0.003601409548930857,0.00324415102886786,0.0013924658894132287,0.007887152954319368
1044,2,0.04657736166482445,0.03579557348580777,0.00514642724767046,0.1476257251113627
1044,3,0.011595474900114155,0.011025280801581489,0.00567768967676796,0.020797278883881495
1045,1,0.002990081225361152,0.002737657158081588,0.0012104174846885645,0.0062434609807940165
1045,2,0.039258074817392276,0.030023965168243485,0.0042694023113567835,0.12448827849744112
1045,3,0.009612613887969034,0.009329114889956532,0.005125701334064046,0.01575731337749532
1046,1,0.004851614693975272,0.004302648592333385,0.0017098121798438898,0.011206998689453632
1046,2,0.05897174557863887,0.04778905567584254,0.007466326149402644,0.1727024054415036
1046,3,0.015791747808706565,0.01475044723115353,0.00621067645911895,0.031562920000269244
1047,1,0.03308115281787763,0.028777702425582575,0.011315454249765456,0.0797943756936455
1047,2,0.01888938626280684,0.01596674250766348,0.005548678232321912,0.04933457091814615
1047,3,0.024746878018379975,0.02251426334608595,0.014139241089464905,0.04866578841541134
1048,1,0.004148745350425381,0.003424153376388509,0.001354403885998181,0.011162329635384284
1048,2,0.05187190796119654,0.038058047220714424,0.0056541803482086,0.17398712808558955
1048,3,0.013471503470988284,0.011602590245320964,0.005065935495360127,0.0333684529150126
1049,1,0.00654954701092411,0.005836152368400183,0.0023607092905272805,0.01495033476787387
1049,2,0.08300859714573537,0.06428223563642346,0.009336135234221,0.2605452319360362
1049,3,0.02120881860819471,0.019826691251064697,0.0091582843647257,0.041262848993713956
1050,1,0.0034540500694269557,0.0030679383461165244,0.0013081820378788834,0.0077021608860558255
1050,2,0.0474754479861055,0.03316410303600272,0.00450707708545076,0.16896862792325346
1050,3,0.01100650721994029,0.010326206956995852,0.005955855305679104,0.019449343840958803
1051,1,0.0648310882708794,0.06257277524929944,0.03153690265792203,0.11116638979855706
1051,2,0.03260954177192948,0.030388076986669628,0.01343384166343237,0.06444952948302403
1051,3,0.04215336468818298,0.04148620382341077,0.026804949265804467,0.06129103073404053
1052,1,0.05375929660374409,0.046708043845419385,0.01666015042590329,0.1318117651036485
1052,2,0.021335907782459345,0.01702798068399526,0.00440942048266003,0.06371874925060272
1052,3,0.05119151982828041,0.0479883798645617,0.026674047833334203,0.09404147118389346
1053,1,0.008062083235176576,0.006974743712974649,0.0026411312835642616,0.019962839994538746
1053,2,0.10414296093450273,0.07630606159359543,0.010377623690721831,0.35517521072131425
1053,3,0.02591321387118855,0.023598803069457407,0.01062279087810247,0.05480572859475419
1054,1,0.04456588018300955,0.04089342603623518,0.016986689335805712,0.09290954452047964
1054,2,0.025289222167157694,0.02269168897689981,0.008492587064517375,0.05696138845121066
1054,3,0.03339040005986291,0.03261399165155415,0.02204331010964349,0.04918486666184688
1055,1,0.005268221619143641,0.004561997983956696,0.0018002240556120527,0.012994557910245482
1055,2,0.07215074642294286,0.0495871939949972,0.006478074041187927,0.2701633382987092
1055,3,0.016816544099879684,0.01520446392983046,0.007955382179146871,0.03559716459352103
1056,1,0.005961174973805614,0.005295060259772557,0.002122418216624869,0.013726482561178343
1056,2,0.08105164427782026,0.05722269374944376,0.007529347037894484,0.29063379309604503
1056,3,0.019029274466845866,0.01778743923643463,0.0093216166770751,0.03604014908393005
1057,1,0.027951156044992105,0.02407557265749917,0.008740419042662366,0.07008246958106212
1057,2,0.011051246363378476,0.008782031400756668,0.0023139209707200878,0.03321774837384919
1057,3,0.026515866833310142,0.0243530864300786,0.014765101242717767,0.051220478045570485
1058,1,0.006049946749513484,0.005449281553754308,0.0022858758477251437,0.013285955807329974
1058,2,0.07921592772668788,0.059761536055204956,0.008463971338212873,0.25835214302281584
1058,3,0.019435843630031136,0.018487885802256798,0.009554698933682493,0.034697520738664264
1059,1,0.022216877854147346,0.019085952119820365,0.006984643500719397,0.055654861232931264
1059,2,0.008890128291696563,0.006960873417453929,0.0018323015956765274,0.02736941606352191
1059,3,0.02100995039361973,0.019253562486367105,0.012346122230280063,0.04020307550661737
1060,1,0.0037998575215308673,0.00325063897228464,0.001362995524203163,0.00934639865157213
1060,2,0.04949665237420916,0.036130102630327635,0.005073383472637475,0.1652971791108966
1060,3,0.0122289760772486,0.010981370556184058,0.0056587934571639435,0.02601380222329856
1061,1,0.0033340621790085793,0.0030314208863140746,0.0012914381249177608,0.007135513115731408
1061,2,0.046337869901279076,0.03215580667772956,0.004332534197584799,0.1688619860551556
1061,3,0.01058244521670171,0.01025428776032488,0.006032227799041363,0.017074991350760283
1062,1,0.012876107879813204,0.011226685205344538,0.0041987424896172895,0.03121603764802269
1062,2,0.1738202425205133,0.12140662568619873,0.01585666249222803,0.6377047361951022
1062,3,0.041153445756627105,0.03784669184935708,0.017606567991383996,0.08357104807392937
1063,1,0.005610380218189301,0.004928703979753887,0.0019387852456613898,0.013350884836283905
1063,2,0.07604947874020043,0.053350320992012826,0.006977334118005009,0.27515245093836316
1063,3,0.017896011141588255,0.0165286639872844,0.008500197505191667,0.035471848865116555
1064,1,0.0034114307361796485,0.0030403401547492255,0.0012926000633945657,0.007666621730639594
1064,2,0.043911147093193374,0.03361042231482092,0.004821144020593155,0.1394178369263993
1064,3,0.010985852984169675,0.01031500862153311,0.005265418669727695,0.020655364547870758
1065,1,0.020495470166115488,0.018224239349233014,0.007012622553905528,0.04728036843570845
1065,2,0.008143559182403011,0.0066254673378951644,0.0018300567834144046,0.02329771368863092
1065,3,0.01936690841325446,0.018669949365829695,0.012678258030898953,0.030198291086866967
1066,1,0.00321234807012935,0.002910510955755975,0.0012377558504950905,0.006957630694555248
1066,2,0.03982141312749792,0.032276784476701056,0.004998794007406681,0.11563889521001536
1066,3,0.010418782886307078,0.009992703817107882,0.004642284427398709,0.018649622193022228
1067,1,0.008499076959355036,0.007425580617296151,0.002877556247246405,0.020459043425659556
1067,2,0.10788724577615341,0.08176140051332127,0.011699004566916544,0.35073193467366126
1067,3,0.02749951463645919,0.02526509942110288,0.01107858118947874,0.0570945171809123
1068,1,0.04848002324255061,0.04384239716969748,0.01713620393502526,0.10662344513299207
1068,2,0.019459702066842187,0.015831261357986487,0.004320718207686136,0.05544847003523985
1068,3,0.04672354056032388,0.04503556575540277,0.02768207085458692,0.07553605182942763
1069,1,0.004406569108100518,0.00398038466248569,0.0017093071697737892,0.009507408384959492
1069,2,0.05869191056381806,0.0435028821209201,0.0060911029288650935,0.19533986542700194
1069,3,0.01418609484849241,0.013502792994863996,0.007225227827155803,0.025207320073425236
1070,1,0.025494796725708594,0.02183648281875466,0.007896145946638958,0.06454341794795643
1070,2,0.010132067373343752,0.007965503181164266,0.002094899093193951,0.03083384226027073
1070,3,0.024141141969940903,0.02204730280178015,0.013575430997260683,0.04721964496720309
1071,1,0.007885035291040409,0.0070733024804190605,0.0028960043456843407,0.017532809889792177
1071,2,0.09623106105233611,0.07871741223725767,0.012220497519761392,0.2760931045920839
1071,3,0.025635024578686206,0.024371128447176763,0.01061046805801579,0.04806129460237184
1072,1,0.0048195628857105105,0.004067717410301499,0.0016169284578619269,0.01257851416732311
1072,2,0.06484976326625057,0.04466019296533267,0.005879626822580417,0.2380638380014728
1072,3,0.015420203104949128,0.013546773299345897,0.0070002219458029456,0.03543441014476183
1073,1,0.009440940573586729,0.008420740635716904,0.0033885900886702802,0.02145886705785331
1073,2,0.12133553932602434,0.09256757937187034,0.013140507406334162,0.3896131721446899
1073,3,0.030473095116445203,0.028671490371700928,0.013474301092775864,0.057708379503864926
1074,1,0.004744525918429461,0.0042044746253111845,0.0017444883462181262,0.010847623114006789
1074,2,0.06259467325734078,0.046071640266387694,0.006399657873313848,0.21002607334970885
1074,3,0.015204695894001346,0.014250206495511225,0.00734208379710846,0.028641368657047507
1075,1,0.005140819211473226,0.004314650007385351,0.0017589730327555355,0.013432240327797969
1075,2,0.06688840817697277,0.04804485048324097,0.006611296644077865,0.2343351365670121
1075,3,0.016605130781994857,0.014488732906274063,0.0071324798527201165,0.03917732957066633
1076,1,0.00552026673460225,0.004872511107106873,0.0018839671760097535,0.012951774513047984
1076,2,0.0662692823742424,0.05412738625818604,0.008580341163722156,0.19348087266066688
1076,3,0.017998476919647514,0.01674442142781315,0.006778603339717474,0.036763077632412954
1077,1,0.05550149405926812,0.04780165055553044,0.017376014108166596,0.13948076979255583
1077,2,0.031667184576956026,0.026489946833331744,0.008624298567576781,0.08501275891378346
1077,3,0.04151274028002049,0.03766850476531304,0.020650388198534514,0.08482294364935833
1078,1,0.003171517444856748,0.002877915724447986,0.0012329037842919712,0.006789805667368533
1078,2,0.043243419732306325,0.03089106739110084,0.004250056560991849,0.1512132349733426
1078,3,0.010099027774953839,0.009775655297551561,0.005592479835446337,0.016408417051320824
1079,1,0.004536943913232151,0.0040037267872969386,0.00160538366998111,0.010625296599144417
1079,2,0.055791211131100533,0.04445570955779409,0.006736575366756253,0.1669380078203529
1079,3,0.014726635172384303,0.013679292954405564,0.00595318833872416,0.029453920329318515
1080,1,0.008761412303542465,0.007552163246471249,0.0028167826927067733,0.021871370350067254
1080,2,0.1162742802239906,0.08235316099451595,0.010863168700683774,0.4184083608311648
1080,3,0.028080466689478785,0.025501635013664342,0.011632116001605443,0.0599710119185112
1081,1,0.0029054660024001315,0.0026578849561544517,0.001159471213888716,0.006093723361117053
1081,2,0.03800917539585432,0.0289963436930007,0.004202462569174178,0.1215744655387644
1081,3,0.009333976635360655,0.009055991875351119,0.004831809440764016,0.015325068176240053
1082,1,0.008326290829744775,0.007313149502818218,0.002825351681308383,0.01977879740122466
1082,2,0.1075097472631907,0.08030582317500938,0.011096798609813496,0.35888388022582396
1082,3,0.026817641118309952,0.024759960420191147,0.011405492936557671,0.054296197225944885
1083,1,0.0034551967162439316,0.0030613775702461703,0.0013107229364503746,0.007802567392499035
1083,2,0.042895361620827244,0.03409606160726461,0.005269206682014505,0.12651165826775948
1083,3,0.01122285031809461,0.010510269268828204,0.00495155880549013,0.021278711129482118
1084,1,0.005222848323370697,0.004601706891875722,0.0018307040440974243,0.012265535411743633
1084,2,0.06477632262678476,0.051073454969666976,0.007628287268327781,0.197334364113651
1084,3,0.016925741067495344,0.015670261692956468,0.006898350281222332,0.03423159828393344
1085,1,0.020312958462299774,0.01874265847609722,0.008123780727502588,0.04148304734958659
1085,2,0.011668038953976417,0.010357256103362168,0.0038825758366548813,0.02706518748918271
1085,3,0.015260739158253503,0.01484209426940044,0.01081553481134051,0.022080229369888488
1086,1,0.0053848746931774525,0.004413506254622671,0.001666166906508256,0.015161370173709181
1086,2,0.0717951542955937,0.048851035345836624,0.0063782505180468504,0.2708301918353287
1086,3,0.017241041930051996,0.014715856591596877,0.007104655304549137,0.042982531813738505
1087,1,0.007275101131848987,0.006271766419541535,0.0023769437680272337,0.017861756107091994
1087,2,0.09140866056051894,0.06941755344989764,0.009882574077396433,0.2988265606821984
1087,3,0.023461676969506247,0.021382221409845827,0.00918502659242385,0.04987580929041356
1088,1,0.02688600845889808,0.02464654466330673,0.01030432873585402,0.05652261420971293
1088,2,0.015258005774032567,0.013662035349474551,0.0051471614389094695,0.03475155722246011
1088,3,0.020155006571226257,0.019518570044706172,0.01344833909185253,0.03064065710397511
1089,1,0.0038690224718606024,0.0033043385715976824,0.0012895043926434704,0.009782785149798802
1089,2,0.04683920187597128,0.03701273245563627,0.005691027811112731,0.14412242488301963
1089,3,0.01258876059226049,0.011300493641246936,0.004658524490313706,0.028547860026831684
1090,1,0.00400713676662469,0.00320398044702159,0.0011733936853404502,0.011644336844000382
1090,2,0.04880373173613731,0.035508993030496344,0.005448492052897424,0.1702089285567751
1090,3,0.013003741326652283,0.010974510094846346,0.0042145854640099,0.03464119270482503
1091,1,0.042879986755131945,0.037696971261444015,0.0143284624550246,0.10129354889673252
1091,2,0.02432600674332493,0.020963808209556126,0.007186500982349856,0.06114162972666547
1091,3,0.031838052918322236,0.02981479975347107,0.018182983398464053,0.05734492988530805
1092,1,0.005844800079701519,0.005202064496246939,0.00213309231750863,0.0133230882159082
1092,2,0.07673455144002017,0.057041466173176736,0.007881805298837407,0.25548548038906305
1092,3,0.018759927781328175,0.01761744366134974,0.008881766514373534,0.03531174275742931
1093,1,0.0040898415354595815,0.0036910821689625038,0.0015782364935668137,0.008899973310157261
1093,2,0.054011973427700616,0.040444981938861604,0.005654374747426434,0.1779068695912293
1093,3,0.013113685929028389,0.012500316345925536,0.006769200645081127,0.022977373590408353
1094,1,0.003994870413097904,0.003455085120572482,0.0014119676857747875,0.00975522864090093
1094,2,0.05109481076030035,0.03811267547572851,0.005426391924791739,0.16778744990109715
1094,3,0.012878648916665954,0.01167181388743592,0.005582513407056075,0.027494609832182913
1095,1,0.006141285250428176,0.005432186462418862,0.0021714785827618853,0.014310832940115968
1095,2,0.07824955862576495,0.059808232170809134,0.008564595250859314,0.2485104731952946
1095,3,0.019808602305611298,0.01845943646094744,0.008626817443523244,0.039003264799824446
1096,1,0.003228998885943345,0.0029047628586654035,0.0011993131829068871,0.007130338982340067
1096,2,0.041115484963466266,0.03148561959219278,0.004665227431521796,0.1326042065732521
1096,3,0.010396765497281836,0.010011843705344428,0.004695859377375624,0.018232011974626913
1097,1,0.0031327634067167018,0.002859602046077216,0.0012511500169195048,0.006597719095145528
1097,2,0.042100023756565144,0.031089868676324003,0.004325522677416424,0.13990797120549628
1097,3,0.010011730985942362,0.009723331348673583,0.0055732470796426405,0.016159984659740785
1098,1,0.007523433283646253,0.006610078327555006,0.002587341290511176,0.01772765965544572
1098,2,0.1020909394064629,0.07156747606850597,0.009372746841805259,0.3672175379434392
1098,3,0.02400706764467695,0.022256901033957856,0.011242579013420904,0.04727020185249543
1099,1,0.0037810495614220524,0.003383856432065427,0.001410918562916972,0.008461242855736833
1099,2,0.04756259678314449,0.03742161423992411,0.005554423069238853,0.1454350593434315
1099,3,0.012220767190963938,0.011561713385183421,0.005491340879087304,0.022758932727651705
1100,1,0.028496038025960457,0.025471453547844063,0.00985477474352879,0.06457344023110091
1100,2,0.011315297771445616,0.009271338787093051,0.002549394904354474,0.03212230684115668
1100,3,0.027229180584336526,0.026038411510002468,0.01658846271662694,0.04462111422132591
1101,1,0.03816134249802884,0.03491055589485893,0.014527122918574933,0.08058581427183567
1101,2,0.021521268448085176,0.019386574630368497,0.007348034446438092,0.048073115323700275
1101,3,0.028700267327498346,0.027735800582786733,0.017999059747742064,0.0449386901794631
1102,1,0.00814055339731548,0.007012530346886538,0.002529227313282788,0.020301053303920354
1102,2,0.09752397463422265,0.07737055206450799,0.011949939684771625,0.2988130689614188
1102,3,0.026616149375870573,0.0239343990758085,0.008975277980964815,0.059950942856232536
1103,1,0.05093946433687376,0.044477716458734856,0.01644326339382929,0.12352313623490013
1103,2,0.028962472468463,0.024656557973684105,0.008238510626715233,0.07494118899818732
1103,3,0.03784629051696491,0.035152235799370865,0.020400280563147476,0.07071982455087049
1104,1,0.0047241704241396424,0.00416842921509878,0.0016829831400646286,0.011013400786141903
1104,2,0.0590009107753046,0.04624792519568599,0.006824343331089004,0.18214208155246744
1104,3,0.015310487406178661,0.014194148145455637,0.00640411441317485,0.03070482948556961
1105,1,0.0029603738343311876,0.002625387007059217,0.0011061200223961307,0.00663990107232882
1105,2,0.03605483492993848,0.029313147901197323,0.004676245601791342,0.10311226943194025
1105,3,0.009653126690832186,0.009055111423421715,0.003993446912051717,0.018275765440244576
1106,1,0.01894583434104106,0.01654094256356558,0.00645880989305878,0.045371768921207443
1106,2,0.007589507374302796,0.006005939230332211,0.0016430663560784077,0.022663010089285278
1106,3,0.018124593871806226,0.01665647814164503,0.011228765834150016,0.03446775875096037
1107,1,0.0036862832662531864,0.003305020149761602,0.0014012752344677718,0.008201532680771638
1107,2,0.0476146519585829,0.036328173829476035,0.005258963527162791,0.15251298647534464
1107,3,0.011871310791630335,0.011257533337600956,0.005641236322290565,0.021731778036972044
1108,1,0.005090657344658568,0.004517442870938795,0.0018852030118039218,0.011653228816775578
1108,2,0.06623374524418527,0.0497894261613059,0.006949369516863719,0.2172633368925649
1108,3,0.016410188990498852,0.015297813190676943,0.007672291708011998,0.031640896016494266
1109,1,0.03657759711831786,0.033514544178813034,0.013647085800052925,0.07688370071356967
1109,2,0.014525827080374296,0.012131147101967405,0.003480106420442596,0.03921241170712308
1109,3,0.035297436285255224,0.0344781843787028,0.022619305718196304,0.05289304074398976
1110,1,0.0033146020956849953,0.002876888679647395,0.0011810023181002426,0.007945892157751537
1110,2,0.04003113362018442,0.03223217648682355,0.0051022165351532105,0.11636094833662114
1110,3,0.010793291229364479,0.009901808487566206,0.0042463174319614305,0.022557184532355473
1111,1,0.006815741312051849,0.005947155405079887,0.0023051321963628063,0.01643777079333093
1111,2,0.08601025183249139,0.0656012800547096,0.009313164874229644,0.2756067282337177
1111,3,0.022007453164683315,0.020208617642231183,0.008969778743930403,0.04554942696873117
1112,1,0.005672092672527837,0.004675605028772468,0.0017262889041676174,0.01555032897154425
1112,2,0.07008518646802624,0.052017049224233725,0.007557801316885614,0.24084332076986717
1112,3,0.018436236633787195,0.01575188049046458,0.00646814133681069,0.04691189575345655
1113,1,0.010550622359507343,0.00916493628757145,0.00342731780916924,0.02576233346683129
1113,2,0.14145890317054435,0.09963497142147136,0.01303572182761709,0.5097695694298242
1113,3,0.03372421226099153,0.030971372001951304,0.014495008238533705,0.06912873368538382
1114,1,0.004332934976210245,0.003511692493332831,0.001379851781632309,0.0122735349149078
1114,2,0.0574706284440719,0.03886364093502093,0.005205248451822938,0.21669458876202918
1114,3,0.013894605591540894,0.01173723760547956,0.005834838909811206,0.035491535555273554
1115,1,0.023741000305343377,0.021358322589743413,0.008382263697764824,0.05306258890895623
1115,2,0.009449394879539372,0.007750569407583702,0.0021548092322436992,0.026452513627247466
1115,3,0.022625636469436827,0.021856114236019006,0.014640537077713215,0.03497671329637182
1116,1,0.027686765391471767,0.025544350975935395,0.010704656394236272,0.05672600466861359
1116,2,0.011272143243018696,0.009205784068670331,0.002583854417077439,0.0321096264036968
1116,3,0.027031573729031835,0.026158778601249967,0.016727422172258102,0.04240760935820328
1117,1,0.003148844756311143,0.002810258512417221,0.0011043328047388803,0.007035577053249553
1117,2,0.03656213452936638,0.031118848191834785,0.005532556713335771,0.09734213009833147
1117,3,0.010394248958334292,0.009785275945412342,0.0036309588647661507,0.020383705742708456
1118,1,0.03367757901507671,0.031550054437120396,0.013830388571881813,0.06582386525154287
1118,2,0.013743140491951305,0.011368751609177802,0.003209882308885943,0.03800477630738806
1118,3,0.033371983650625145,0.03228770455284453,0.019716907523589153,0.05306072360400126
1119,1,0.019222105166723347,0.01762174366850236,0.007921184350085464,0.04002544857230617
1119,2,0.008002638046017599,0.006376216558117219,0.001741094941357153,0.02379355073300515
1119,3,0.01918010400545228,0.01790552132772568,0.010929217006101248,0.035263884643151666
1120,1,0.005323679648667063,0.004761947616223575,0.0018709389629260656,0.01198687858667682
1120,2,0.0623872850903355,0.052806263703685914,0.008953885552844027,0.16970409206365294
1120,3,0.01761560762126017,0.016438941109141885,0.006203020643638141,0.03593655284894671
1121,1,0.005952285633802131,0.00517145457871003,0.0019149279539677475,0.01458627918958276
1121,2,0.07019248283188063,0.05730960948459088,0.009309075548143173,0.2059192636771375
1121,3,0.01953433850457781,0.017750605506443556,0.0065763876863616675,0.042795324870184566
1122,1,0.009180970117369328,0.007854103211244336,0.002966272291967233,0.02319899612069033
1122,2,0.11555310601463123,0.08622109028519934,0.012578166702200641,0.38880315727097664
1122,3,0.03028191648091654,0.02657020746110282,0.01057447579129125,0.07233244448085992
1123,1,0.021920567081651347,0.02075506253307558,0.00943170869794849,0.041118746781583185
1123,2,0.008964848133953532,0.007472942520427798,0.002157228943192468,0.024423717398957146
1123,3,0.021749939095561693,0.021305809165074234,0.013725804171435398,0.032369032234489954
1124,1,0.02453992043775413,0.023938401002388206,0.012911773181685042,0.03963183252746924
1124,2,0.010466536191323721,0.00860072896691365,0.0023684991764765153,0.029387166231788286
1124,3,0.025410298711841132,0.024757196315345967,0.01370196260770248,0.040826998216210705
1125,1,0.02176952727008882,0.020657007443975292,0.009428120311493895,0.0403614277094587
1125,2,0.00893110879884726,0.007428436510886214,0.002138178153967465,0.02438249508683717
1125,3,0.021587286168694344,0.02119802200322467,0.013864807772693576,0.031474703331548275
1126,1,0.01747401427427706,0.014984445754279319,0.0050349314479982525,0.04451890122635946
1126,2,0.22009519334472835,0.16290823037299468,0.022582590307980717,0.7479326970883794
1126,3,0.05707159813293316,0.05100579521071963,0.018313404123424117,0.1315051245776542
1127,1,0.01721783692649762,0.015563130026821668,0.00614580517521956,0.03790838341501947
1127,2,0.00676244495082004,0.005696353550125484,0.0016397704629389329,0.018012876767713445
1127,3,0.016421149480648146,0.016158985501645518,0.010893866100822179,0.023464260642001675
1128,1,0.017743845224941858,0.013972132951126991,0.004461330587119549,0.05379010911418901
1128,2,0.24129702654488827,0.15173586236571363,0.018079848757744696,0.9920318676490258
1128,3,0.05762965847843891,0.04699788908257666,0.017253519866264597,0.16164997297339836
1129,1,0.011806019604660059,0.010020813693272599,0.0036683571933722224,0.030456357816045086
1129,2,0.14317693331562487,0.10977238666076522,0.017020271311161204,0.46112392334230845
1129,3,0.03950296188513107,0.0340647420505424,0.012016417669448543,0.09877869739018284
1130,1,0.014059619586310726,0.01218843784741082,0.004369701334926569,0.034664534487526585
1130,2,0.17423894994163242,0.133129830715156,0.019693371826160343,0.5653470847679978
1130,3,0.046392566937697235,0.04145018794741286,0.015304376400604036,0.10617249908802441
1131,1,0.02751765757115043,0.025879190543650517,0.011924409409242732,0.05257851762666105
1131,2,0.011576868543039241,0.009313511078313744,0.0025239387899523634,0.03387422610969334
1131,3,0.027749608141892187,0.026582465395365563,0.015156917986998485,0.047115727483469046
1132,1,0.030594030808889866,0.029817164820375646,0.015763904165305338,0.04997850856294775
1132,2,0.012883885943674525,0.010747287117576693,0.003025448995427104,0.03503076458062969
1132,3,0.03155442141135829,0.030784578725659595,0.017279068249591998,0.05009544858468187
1133,1,0.012960922549593232,0.010671210364380231,0.0035826175852757066,0.03608841273011248
1133,2,0.15161816068841133,0.11643050401462376,0.019541039861306803,0.49699873583602094
1133,3,0.04413023689031389,0.03639855811930213,0.011041055200212714,0.12344836698553067
1134,1,0.02636722826456888,0.024506146309755193,0.011661026667691246,0.0519301458950583
1134,2,0.011165531773622646,0.008920247119253169,0.0023536614788832616,0.033126363998057934
1134,3,0.026966617046930676,0.025251697660677194,0.013481060837919183,0.05076987110611424
1135,1,0.0034206909263423562,0.003044916197518283,0.0012276357977605615,0.007753472972069633
1135,2,0.03985077810800043,0.03389908631830888,0.005915567297373396,0.10576545707992327
1135,3,0.011300122986873115,0.010535541282190598,0.0040277878652818415,0.022874044094612127
1136,1,0.003543299683527444,0.0032797998362110933,0.0014708318844712568,0.007129579888097798
1136,2,0.04640387396563669,0.035616504503388734,0.005290175123987587,0.14775991437447908
1136,3,0.011529069458384592,0.011176028372775926,0.005749937600140786,0.019228646636728533
1137,1,0.030019445062935142,0.027356076786428256,0.01128257064243167,0.0643627757493647
1137,2,0.012315341946806177,0.00988241265038415,0.0026643127400796736,0.036150565367437625
1137,3,0.02951695307727482,0.02788594021123931,0.01655552684337371,0.05198294548748764
1138,1,0.007465357372337219,0.0064981499760346185,0.00217986803017327,0.018320897255895207
1138,2,0.0822697789602156,0.07125927586309883,0.01352226108758623,0.2156890231587519
1138,3,0.024917854342517306,0.022571918326046873,0.006879233893055672,0.05681004526931408
1139,1,0.01590115835706516,0.015192967155027241,0.008066440170357216,0.027919969688957297
1139,2,0.006778917643354709,0.005497303089763442,0.0015079718691217395,0.019546895819593735
1139,3,0.016404155622357114,0.0156967885081006,0.008775577782243084,0.02804632365982806
1140,1,0.0038612748881442197,0.0033685879696169294,0.001381233140127242,0.009100099455223548
1140,2,0.04602423028234534,0.03760112728130461,0.00624173210067937,0.13102300818398957
1140,3,0.012718695187606592,0.011621541926680988,0.004693238898024919,0.026979037725467652
1141,1,0.029859428440116926,0.028526663047227604,0.01333689930656532,0.05382366825038996
1141,2,0.01200544534709586,0.010346726109719444,0.0030978180191610955,0.030319023669023684
1141,3,0.029846509098750626,0.02930625087910721,0.01844325650492523,0.044306556675054995
1142,1,0.025350237598439424,0.022628763452872378,0.008984268477639164,0.05786213244199421
1142,2,0.010251631952637083,0.008202082272540911,0.0022348703992130146,0.030370324902377625
1142,3,0.02470607846451157,0.022910436780940936,0.013764014505147719,0.046217970187982974
1143,1,0.032258088548602966,0.030471464433298123,0.013865205827428747,0.06085074200690101
1143,2,0.013223477140875014,0.011002008621749437,0.003127586702336541,0.03626465483617538
1143,3,0.03209205311407326,0.031314970456809185,0.019429885226373813,0.04919003120024401
1144,1,0.03378840576130432,0.031208509679122517,0.01305623850609958,0.06943492134275651
1144,2,0.013594061219318745,0.011280928026136866,0.0031877102315077508,0.03749982532389981
1144,3,0.0328343416152924,0.031986619400647995,0.02093299157094052,0.04961428212748858
1145,1,0.004438121338294002,0.0036824560269491406,0.0013810000529563664,0.012109623303742444
1145,2,0.05267427413397074,0.04098108675131058,0.006607688562419972,0.16850571494275401
1145,3,0.014570508038018976,0.012612325900040307,0.004734255977545348,0.036748618604336855
1146,1,0.005096134284906267,0.004578775556142929,0.0017062818096860988,0.011456042258784608
1146,2,0.05754454045112032,0.050531277623334855,0.009432293269466666,0.1464118251230174
1146,3,0.01701987769900265,0.015874911274145146,0.005375547973508234,0.035461633215420126
1147,1,0.02125381381846703,0.019410734984893027,0.007910474093150514,0.04526824331238927
1147,2,0.008487529225039734,0.007041112295120885,0.0020076785883289127,0.023343424356163173
1147,3,0.020421008118658386,0.019929881305116394,0.013655539095787986,0.029979294378854163
1148,1,0.007052642225647755,0.006050894354944278,0.0028026197759716638,0.017246914732898945
1148,2,0.09492818721905957,0.06673469692372679,0.009440115910765226,0.3365989452524223
1148,3,0.02352385353569142,0.020426081506422247,0.009885015805619098,0.05638273980786675
1149,1,0.018782869380399938,0.01785526260622209,0.009336617166684063,0.03373789402545464
1149,2,0.00808623113979765,0.006475362501904514,0.0017293955782757989,0.023908363349968327
1149,3,0.019454462301646103,0.018499956760827226,0.009873372395971327,0.03476233063343313
1150,1,0.005074806194021544,0.004654912343300146,0.0019392521495448824,0.01059602309348809
1150,2,0.05965738109904482,0.051546849856479275,0.009032788682115092,0.15441452793079932
1150,3,0.016893717554384992,0.01611523826635443,0.00626556934804341,0.031944469148427294
1151,1,0.03964574633260787,0.03898121616104369,0.022409476497796545,0.060983666604983985
1151,2,0.016921958400850718,0.014055618069564178,0.0038995502998499525,0.046233397337839446
1151,3,0.04167316704965284,0.040332163182101255,0.021266317110134797,0.069130631294418
1152,1,0.02112675771538207,0.02036317111577836,0.010057287568445473,0.03660469025511492
1152,2,0.008888278625393414,0.0073138453020840585,0.002054842436167278,0.024917931786244053
1152,3,0.02142372237690329,0.02098693749876987,0.012493845992408843,0.0330015228558798
1153,1,0.014247917303683149,0.013577898496105176,0.006332401984449166,0.025863373973933276
1153,2,0.005785468536402624,0.004905212973325041,0.0014556549877078205,0.015209091582163875
1153,3,0.014171698541020326,0.013964737258549013,0.009094552198704461,0.020346378442613514
1154,1,0.014273369590044535,0.013626204230787288,0.006651876265128718,0.02518097932717006
1154,2,0.005969914092657626,0.004890715748877086,0.0013890865063603903,0.016718929833551912
1154,3,0.014381154659847174,0.014013559983358969,0.008723868499718653,0.02169856374353397
1155,1,0.022883012214618498,0.021851614238417926,0.010258807985951237,0.0417023588210982
1155,2,0.00950778276173506,0.007855830036888643,0.002211770315027162,0.02641752121650927
1155,3,0.02298495198541901,0.022400647095210433,0.013679273266510332,0.03572294674854229
1156,1,0.0038201942973572216,0.0035485754322822517,0.0016018615865695744,0.007568118594669458
1156,2,0.05014250029172191,0.03833684784526654,0.005709940968022079,0.16003761006708303
1156,3,0.012502932167931772,0.012094659072345016,0.006114704919859097,0.021138837632657125
1157,1,0.0218477377479661,0.019693415084900155,0.008921843406257242,0.04769852071123927
1157,2,0.009206654181259898,0.007164598718289834,0.0018748346698124832,0.028461229818227185
1157,3,0.022085450792027544,0.02009913004612803,0.011073892620343974,0.045329919035772326
1158,1,0.003251619688218587,0.00286497614654436,0.0009611958405736641,0.007737650515308423
1158,2,0.03443062463357816,0.03144944985590281,0.006745947442589748,0.0800070954443884
1158,3,0.010863077948237092,0.010034463650290348,0.0029717008430219893,0.023895535871927203
1159,1,0.039978138366021106,0.03719055693915341,0.015957926144806536,0.07940769756580515
1159,2,0.01620550011901141,0.013451203530927772,0.003793304061914336,0.0444481074683729
1159,3,0.03962484110764668,0.0381785178012711,0.02252592923201957,0.06524131107018315
1160,1,0.02753949750532515,0.025710171470491087,0.01123250324594713,0.054510980231135514
1160,2,0.011189348980525938,0.009308899444303971,0.002596742481913169,0.030776361771083227
1160,3,0.02724784122994166,0.026345062518378218,0.01618533519101618,0.04368458969428722
1161,1,0.013832464987185236,0.013461237242294432,0.007144302253595606,0.022577934870057048
1161,2,0.005930574504265682,0.0048219058057268884,0.0013213635478269005,0.017001143120928285
1161,3,0.01429023233133531,0.013943592789802431,0.007740501096897213,0.022819510099056587
1162,1,0.016031869171795287,0.015086868728011592,0.007949325892438564,0.02986085217051594
1162,2,0.006922930814774102,0.005464896679250578,0.0014648368388495616,0.021028230415938216
1162,3,0.0165631477777895,0.015583412822045874,0.00857462262084688,0.030434449782459162
1163,1,0.0215080481058821,0.020660228088440962,0.011464696976920149,0.036534534269261676
1163,2,0.009216511990069332,0.007525344546525536,0.0020259375768481545,0.0262266790557716
1163,3,0.02266653494718519,0.021516829167684853,0.010685110029254671,0.04126421923216843
1164,1,0.007562875322447485,0.006754366803986805,0.0026377160846137683,0.017124527141202356
1164,2,0.09086823912576981,0.0745351153373226,0.012139670682638737,0.2616397509227558
1164,3,0.025092882634106483,0.023124869376832405,0.008923890619085767,0.05255491945583759
1165,1,0.027590730084637815,0.026038189968270953,0.011939126924758146,0.05190168927577598
1165,2,0.011432817131848322,0.00937537464606439,0.0026302658473637023,0.03235746192664622
1165,3,0.027540709949528838,0.026769415666950885,0.016390120248733174,0.04311879873831739
1166,1,0.004352051072488124,0.00384431897324556,0.0012800500592050972,0.010437961805915911
1166,2,0.04644102409645175,0.04196431722626616,0.008822503012513956,0.11130609325177047
1166,3,0.01460242741386317,0.013355663672663151,0.00393543985921609,0.032745803130232905
1167,1,0.028397957870920608,0.02628032296921837,0.011117571717371415,0.05763370738241775
1167,2,0.01136586921639635,0.009527424006021041,0.002759588488316968,0.030753960787041908
1167,3,0.027571908960809466,0.027022965285069776,0.018157885316091294,0.040176749497165494
1168,1,0.021607316357157288,0.020523290197043936,0.009567752974445303,0.03988766805194872
1168,2,0.00892586786126438,0.007386846307106535,0.002107154376618965,0.024745534777028334
1168,3,0.021630331626888256,0.021049443508756625,0.012996807139080347,0.033626673347816445
1169,1,0.003931091051892159,0.0036394737144734954,0.00145244166167407,0.008096091001717055
1169,2,0.046546351228152205,0.039375434112760906,0.007094171492531252,0.12717426713418983
1169,3,0.013129794970516662,0.012618531808909393,0.0046099411702667506,0.024724469646181507
1170,1,0.03457942177287628,0.03163566691953444,0.012986468971324725,0.07325998414398405
1170,2,0.013905796457970005,0.0114601884085055,0.003200520003866213,0.03855633637553896
1170,3,0.03404278599862487,0.03234421788383317,0.018846821165570276,0.059239729695741754
1171,1,0.022185043644497533,0.020445787270839455,0.008829663295575557,0.04597971957820008
1171,2,0.009181606553719975,0.007368030422134016,0.001986440939108633,0.026907842602136196
1171,3,0.021984301293468424,0.02079272730041288,0.01264209765508941,0.03850749451165863
1172,1,0.018847957968661094,0.017359299243486646,0.007254508825456394,0.038954121536847186
1172,2,0.007589978463183914,0.006280311486959446,0.0017926410864190071,0.021044516399974192
1172,3,0.01827483963043375,0.017752979794825402,0.011990650648134933,0.027665024159202654
1173,1,0.004784179880189811,0.004258534214429882,0.0015884344178341114,0.011035165857793091
1173,2,0.05405413238999142,0.047391678793562625,0.00858044158119439,0.13749705575597393
1173,3,0.015805609879710115,0.014807765549498966,0.005170351636497809,0.03237467866965623
1174,1,0.00899516208739935,0.007587906376694559,0.002737452297683172,0.023474186378422267
1174,2,0.1105665609274498,0.08362078791794073,0.012284055314648223,0.3651421937682743
1174,3,0.029570609415878003,0.025751921186371186,0.009742458820382334,0.07203150478653739
1175,1,0.005631504643630175,0.005117582517536289,0.002213168900534606,0.011971426788754574
1175,2,0.07154825435482157,0.056442134557672566,0.008453007766529436,0.2167723258857326
1175,3,0.018456695852650442,0.017489691446488115,0.008174706468972188,0.034469529669623654
1176,1,0.01961822888939153,0.01824066231516281,0.008727736292581435,0.03892746721635649
1176,2,0.008281253469046342,0.006615104156956287,0.0017813641420001043,0.024438447492433894
1176,3,0.01996287288633102,0.018694914893780945,0.010497511700109062,0.037311971390818044
1177,1,0.007574626695712115,0.006304137029392323,0.0023137585828993464,0.020277730938010358
1177,2,0.10006745179697954,0.06869523075576993,0.009166616930686206,0.37375251011465305
1177,3,0.024414351047815367,0.02119072567060247,0.009294728222754118,0.058670524580353225
1178,1,0.017012277760336095,0.01609999087256732,0.008945352010445646,0.030187203734935067
1178,2,0.00737717551526795,0.005850329134240244,0.0015611164562529623,0.022016978296757774
1178,3,0.01778818740924939,0.016734637806052707,0.008768539964342719,0.03251130192288983
1179,1,0.006429189562823313,0.005370183309008784,0.0019079962026303469,0.017355736691742618
1179,2,0.07494222562789907,0.059236231689228466,0.009893684210477361,0.23471157290484973
1179,3,0.021303692827986453,0.018341326840512567,0.006317594550728295,0.054537029534545256
1180,1,0.04068779858305058,0.03697307358014196,0.014958187504634346,0.08780454954335999
1180,2,0.01625528157756303,0.013411786075020804,0.003776541806561806,0.045241711564015304
1180,3,0.03886746599459117,0.03815112784579229,0.02619150638094619,0.05566607731937032
1181,1,0.006029047179207446,0.00542969624084365,0.002284455617794857,0.013267310005492035
1181,2,0.07573531523883872,0.060121259271553845,0.009016133760038776,0.2278838492194066
1181,3,0.019502021834550524,0.018600979176231387,0.008907665561965128,0.035378944762920986
1182,1,0.05347240865029993,0.04841948148443416,0.019361863339979808,0.11674433762795886
1182,2,0.02118191920054247,0.017593648437772048,0.005012323171965966,0.05818613649217892
1182,3,0.05088929834513808,0.04998686732803273,0.03454782653390775,0.07237260125244283
1183,1,0.0054470736214750235,0.0048486865833405265,0.001989604601175336,0.012423790695222226
1183,2,0.06958501410416212,0.05351502890716331,0.00760353041370106,0.22126461499829492
1183,3,0.017559262108262634,0.016466695083870792,0.007994385516981128,0.033573949094262936
1184,1,0.009213372140769028,0.00826787594863234,0.0034202760138148294,0.020459016257860632
1184,2,0.1173881476383908,0.09121115078580369,0.013089046052220717,0.36460988735575517
1184,3,0.029727438553611832,0.028192892598997397,0.013579003106341976,0.05473410908414522
1185,1,0.008807212055742203,0.00793283657020775,0.0033307791855269817,0.019340890793636628
1185,2,0.11046013543732164,0.08804443246254268,0.013116091865686793,0.3297820491195626
1185,3,0.028469405053752634,0.02724291604152236,0.012830680215207406,0.05131440934858756
1186,1,0.008410767628945246,0.007417673318989415,0.002930842457353204,0.019684616752046045
1186,2,0.10559369181037546,0.0818616793398405,0.011892430769527288,0.32976383593771225
1186,3,0.027172343680397098,0.025292339382135987,0.011320679627031363,0.053803571551060615
1187,1,0.005889075075588056,0.005218197342242284,0.0021083007476104328,0.01353021078335759
1187,2,0.07550183500546949,0.057456051517049064,0.008161274922533044,0.2417233970770375
1187,3,0.018961943981202684,0.017710085481958106,0.008542072767024449,0.03653267122357873
1188,1,0.0066677425449956276,0.005997797581743203,0.0025023875684937434,0.014701270659529576
1188,2,0.08329104203972895,0.0666738618450862,0.009908056337366834,0.2468289805786699
1188,3,0.021564777053360535,0.020561104290839457,0.009692523197278903,0.03914405694734858
1189,1,0.031648960540631196,0.02853003543642696,0.01128902729389868,0.06996726966029532
1189,2,0.012551090991539657,0.010370195845768617,0.0029365104265822646,0.03502848201360556
1189,3,0.02996835091081996,0.02944872498079624,0.02073518875287573,0.04207706538925014
1190,1,0.0071641876011188125,0.006141016278853869,0.002299649520083813,0.01801116163605307
1190,2,0.08967926858207269,0.06769653364017209,0.009671264822953479,0.29354662994373304
1190,3,0.023151984300740395,0.020779876432237502,0.008866559460012621,0.05130690560239712
1191,1,0.04065187045581127,0.03598556085691428,0.013590646336030866,0.09457675945735851
1191,2,0.016111850462515613,0.013154768523874118,0.003572239553441003,0.04621083720444123
1191,3,0.03845526492780838,0.037161048106026176,0.023692739528666823,0.06094556526382998
1192,1,0.008884945298918414,0.00799486440342538,0.003291883155771864,0.019779338874720016
1192,2,0.11513635190137438,0.087764297065733,0.012287673296173232,0.3687114543290758
1192,3,0.028581760880158878,0.027114389630748637,0.013499601790865104,0.05201453582956001
1193,1,0.008734985138687118,0.007842569296690216,0.00327384864589646,0.019305041275499184
1193,2,0.11195549804928465,0.08659635106385437,0.012416042981160388,0.34997419897354315
1193,3,0.028128128132969176,0.026793579166294035,0.013193817122625282,0.05078525267486082
1194,1,0.006121280245255082,0.005501928213218949,0.002208884621637317,0.013608674772344315
1194,2,0.07172703775531819,0.06160858683816291,0.010406944077011808,0.18849961134345908
1194,3,0.02001585658668359,0.019138050139952817,0.007688027654570551,0.037495764007459194
1195,1,0.04546714605197022,0.04091822035815834,0.016227590251227424,0.1007034651266053
1195,2,0.017985843168740127,0.014914978291173818,0.004241338938300407,0.04974595977510404
1195,3,0.043052216319635454,0.04235453153431784,0.029613958673246035,0.060361880151179076
1196,1,0.009053506235409823,0.008058055304486538,0.003102720926227191,0.020885049317687865
1196,2,0.11350131430946064,0.08864297758898637,0.012887220520645663,0.3531597690343162
1196,3,0.029389517928204295,0.02757230042601827,0.0115923891723422,0.05753856046817206
1197,1,0.04147830850651441,0.039617485089726207,0.018784422550070855,0.07505409385667626
1197,2,0.023816483143155553,0.02190259794578788,0.00874086519234181,0.04980603879465941
1197,3,0.032017840124439666,0.031544504818522924,0.021026426779428356,0.04564464679784249
1198,1,0.039785319620904515,0.03861654418822935,0.01992662696258676,0.06640335753307536
1198,2,0.023297836929928498,0.021296137132477203,0.008278106906253283,0.049741669193465496
1198,3,0.03135106539355069,0.030816842326695237,0.019276451986255702,0.046568112958540124
1199,1,0.02711912074941646,0.024896016153031046,0.010245418006241234,0.056878580106895976
1199,2,0.010865586474453535,0.00902444410540092,0.00254392256916252,0.029912052891446324
1199,3,0.026308148509145226,0.025546343236294258,0.016451375803345904,0.04043564442888922
1200,1,0.004294637648729861,0.003827268619299768,0.00139338440696752,0.009939081592242506
1200,2,0.0482956039344626,0.04239479374203137,0.0077473862396927615,0.12312093645700634
1200,3,0.014203437772344852,0.013288078672055316,0.00448221100835868,0.029318693947922983
1201,1,0.03158222511782593,0.029221469105067403,0.012564668740770892,0.06419637335924215
1201,2,0.017934918263968286,0.01616499927503994,0.006178562897963474,0.03980755830578608
1201,3,0.023652534128797406,0.023317937041956758,0.016756933668793668,0.032444040248550285
1202,1,0.034638773152257094,0.03214298460988797,0.01392272830099384,0.06959400386658626
1202,2,0.01973533916698448,0.0178051269828097,0.0067951038180516605,0.043737794556580244
1202,3,0.02611353571973143,0.025620143638232156,0.01781863314919024,0.03721435826385647
1203,1,0.027446006971478715,0.026768547305861416,0.015470435575840663,0.04338050534965616
1203,2,0.016555669687125046,0.01486976839115307,0.005356437058240636,0.03751336052428119
1203,3,0.02235073126824959,0.021492198254793978,0.0114822973313494,0.038006075060241555
1204,1,0.006716752059047858,0.005890192265633452,0.002050676762394432,0.016201517863670904
1204,2,0.07573609223144363,0.06484554840623392,0.011555524746493812,0.20311627073968258
1204,3,0.02231481133469925,0.02032277026306659,0.006590339630703094,0.049518997679477164
1205,1,0.035865147041755974,0.03365062276212198,0.01505900294369093,0.0693946017144537
1205,2,0.020253853218895636,0.018724177207216634,0.007491937034713531,0.04184775673162528
1205,3,0.027293151773565387,0.026873865850707397,0.018118069204430088,0.038890869330853374
1206,1,0.011446819772857653,0.01002715050242483,0.0036117225585363018,0.027544179611637687
1206,2,0.14741052135012878,0.10946843976274567,0.014582466064478907,0.4922884579272092
1206,3,0.03682945390718315,0.03418255243912291,0.014139642035924355,0.07469444352578677
1207,1,0.03628963594414281,0.03436676153099101,0.015882116059774513,0.06722674135383055
1207,2,0.0209228078535368,0.018964387427213736,0.007359256025985644,0.04582272427071456
1207,3,0.027801551118945843,0.027368381470487486,0.01879826962609441,0.03927318242157279
1208,1,0.03228804748705671,0.030844058791103295,0.014444859801203351,0.05824457883366617
1208,2,0.018189969280064704,0.017114793240280445,0.007246249481670038,0.035172513825409604
1208,3,0.025094017044426764,0.024585014792067428,0.01519294948116889,0.03785215238699501
1209,1,0.01063305236370216,0.009053420885579824,0.0029908938602830155,0.02741236911312858
1209,2,0.1262421995828642,0.09944669057444422,0.015013443605090814,0.39230640778667675
1209,3,0.034877517967537366,0.031026841829706733,0.010325099458915599,0.08268930112156239
1210,1,0.03704746060909802,0.03543930754412958,0.016554828411015264,0.06659488229785328
1210,2,0.0206762329017074,0.019707886363603953,0.00864318406027743,0.038168188287115525
1210,3,0.028818227026937294,0.028272704114153217,0.017212561893826646,0.043500743337019095
1211,1,0.03495422725456503,0.034541987665346066,0.021147875699959795,0.05120036475383768
1211,2,0.020954879774149646,0.019306896261200367,0.007103953290350904,0.044046551301623375
1211,3,0.029071835557727067,0.027604841013209994,0.013888140410788017,0.05269112707696897
1212,1,0.03345914827642701,0.030738441024810673,0.013007741272539656,0.06929686415408327
1212,2,0.019047320978086653,0.017027281643039467,0.006362686964971407,0.04333943436125852
1212,3,0.025151768345506392,0.024436874970514607,0.016513705724238766,0.03791255240707973
1213,1,0.02435259302002602,0.02245351099854817,0.009442652837623827,0.050070870119269924
1213,2,0.009783194753761429,0.008130264391922541,0.0023179193427128727,0.026821907466387074
1213,3,0.023757131169186464,0.022979755306396663,0.014761094433535136,0.03710361156160406
1214,1,0.01806556021796998,0.01746696920808715,0.00912495581232867,0.030476093542986717
1214,2,0.007655330746120811,0.00629988878230422,0.0017550046427386762,0.021593721012678205
1214,3,0.018567648212303344,0.018045040063622772,0.010230172549088005,0.02989374409410571
1215,1,0.006959040035367674,0.0060807039964585665,0.002088469331145512,0.017042723300382215
1215,2,0.07852388976702017,0.06708413777641306,0.011720187702292172,0.21158800990829252
1215,3,0.022973810898182588,0.021042361015318783,0.006877881475087126,0.05066216699300818
1216,1,0.027851865999718412,0.025874131793179177,0.010901222715801262,0.05623738209816823
1216,2,0.011211831914821906,0.009355392598776779,0.002674679902580775,0.030614766855114977
1216,3,0.027156058904838333,0.02654242389192877,0.017281336678894345,0.0405811100101105
1217,1,0.029105257217162984,0.027374388230564012,0.012240359253977793,0.05575811925595241
1217,2,0.011909249306286613,0.009901109391356463,0.0027780053120754246,0.032631206208343665
1217,3,0.029059050682311616,0.028131338210241635,0.016654790014641072,0.046844643462102716
1218,1,0.00770048360861056,0.006804862785695026,0.0025105029332817387,0.018029794213777352
1218,2,0.0911068403676343,0.07556456641284223,0.011935998746850392,0.2567296871133415
1218,3,0.025246064190650726,0.023506249916597145,0.008764496984946557,0.05220808602995313
1219,1,0.0702828989592827,0.06932175105248436,0.04461872083505692,0.10159690103712456
1219,2,0.0371119244885529,0.03397995950610849,0.013607519287828196,0.0780824096839146
1219,3,0.048540192442939036,0.04647120152047962,0.023587339732651168,0.0856049063124422
1220,1,0.05780748189821132,0.052372451772244755,0.02106397766753042,0.1259462976611499
1220,2,0.022815258327063177,0.019062298218618424,0.0054561498996235375,0.0616485578649643
1220,3,0.05499359640869072,0.05413537087310935,0.03794941235404521,0.07701018241364596
1221,1,0.04281053521088622,0.03880918440950855,0.015482616553384652,0.09392398793522012
1221,2,0.01689781941534109,0.014076297491554608,0.004028358119641083,0.046341189797319424
1221,3,0.04071949426686427,0.03998486119072975,0.02764030595975854,0.05811998398321595
1222,1,0.04892647138549205,0.045367194231493796,0.019612357121962177,0.09870843152796278
1222,2,0.027428328088695983,0.025207136733257876,0.010115252251750953,0.05731563602449433
1222,3,0.036749024386965735,0.03627095444173431,0.02553513002158017,0.05057601481764635
1223,1,0.005683390273427007,0.004918747747702559,0.0016894471328045976,0.014098759032893723
1223,2,0.06408718654336622,0.0541607843414435,0.009602485060139962,0.17632050902356913
1223,3,0.018704899492600707,0.01706372188680145,0.0055773650762389534,0.041350859055322306
1224,1,0.05323349906459562,0.04924787744803832,0.021292092813365162,0.10763975165799541
1224,2,0.02940050162774524,0.027533840984942923,0.011557829872306219,0.057689049054956136
1224,3,0.040045145721171564,0.039567513721251266,0.026770638373066934,0.05597702987986154
1225,1,0.007717703121434455,0.006864848558186881,0.0025805572348599017,0.01779045274379725
1225,2,0.09095393208679432,0.07630644082932625,0.012393270693259984,0.251080150125767
1225,3,0.025220029659010917,0.023751690220664326,0.0090448865225315,0.0498657288368319
1226,1,0.037200842999932676,0.034286392833877175,0.01439197986247216,0.07645681659777315
1226,2,0.01449606351057045,0.012523278313569385,0.0037818547570821577,0.0363584809928464
1226,3,0.03596113634274552,0.03542452339367311,0.02389365404115816,0.051186977676266454
1227,1,0.06039495301018091,0.054643703598909674,0.021904090366699838,0.13285988146976574
1227,2,0.02365690828467779,0.019940681279615072,0.0057721114717156526,0.06286226771947584
1227,3,0.05740215447186721,0.05645217923645541,0.039289776555439554,0.08094162252859839
1228,1,0.053204302311477096,0.04938993203602923,0.021476183249083042,0.10679318098393449
1228,2,0.02942587545801768,0.027601739388569652,0.011625801146497363,0.05750221027576124
1228,3,0.0400960581645779,0.03962704839301467,0.026974939519769165,0.05578841653842393
1229,1,0.0179332749055205,0.015041595540116463,0.004173213076216558,0.04856835195098241
1229,2,0.1943989868449278,0.16243668351172233,0.02942599039000569,0.5482061709371342
1229,3,0.05960269644337127,0.05202619164145176,0.013450794786567995,0.14971820030664018
1230,1,0.04293231267532762,0.040033710017462316,0.01768440006930056,0.0850320795763595
1230,2,0.02402481960753662,0.02229098961914957,0.009144357380962252,0.04863991497401664
1230,3,0.03245547785743403,0.03203993650898378,0.02213275533775004,0.04508683651850731
1231,1,0.03970027028969106,0.03713909699522677,0.016532242754788925,0.07735591194615035
1231,2,0.022549498575468865,0.02060028405518867,0.008123483081909659,0.0481479624472685
1231,3,0.030060260733401022,0.029664117311128755,0.020953408745625814,0.04148928684459609
1232,1,0.10819629648050605,0.10410742784526826,0.0516936363572039,0.18859157773556204
1232,2,0.053202229185432964,0.05084528221937534,0.02442247738651208,0.09563807948137724
1232,3,0.07046918438608163,0.06905849393245739,0.042864085682816924,0.10597532971524493
1233,1,0.03275245753948765,0.029970605511680196,0.012347761861125637,0.06888664373844877
1233,2,0.012772880163348755,0.01094901511178599,0.0032908672143623337,0.032697501988962416
1233,3,0.031371505399892266,0.030972592816984407,0.021758506783818753,0.0431923507136581
1234,1,0.007358117512125189,0.006535861120156856,0.002613634241458461,0.016935051526180394
1234,2,0.09470486207455964,0.07202855300000863,0.010206319503830882,0.3061591693178707
1234,3,0.02370618870396161,0.022183036519820263,0.010613574695097099,0.04557587802671296
1235,1,0.005369633849997393,0.0045723900595417005,0.001700812237444192,0.013801375023534042
1235,2,0.06288296517194797,0.05098639810344141,0.008348179716077774,0.1867285831203708
1235,3,0.017627924489131804,0.015692058058094385,0.005811060373263375,0.04160713444355783
1236,1,0.005911674302750366,0.0053355595139494005,0.0021916238760912843,0.012984797432122039
1236,2,0.07015306404309593,0.05958678263907034,0.009787922555940805,0.18623116691268335
1236,3,0.019280945759091297,0.018497695457201847,0.007767433612970307,0.03540188752098442
1237,1,0.006562365121264251,0.005853614823215156,0.0023767403318554403,0.014815446390408757
1237,2,0.0818502159411845,0.06487427936194456,0.009627390323839177,0.2463636001437654
1237,3,0.021231828703080855,0.020019900161345215,0.009117560548639853,0.04035201903078576
1238,1,0.008010443815903642,0.007202498651018319,0.002989369953142783,0.017718156142275697
1238,2,0.1007162267730032,0.07986245311770235,0.011870713281264971,0.3029204529674686
1238,3,0.025881531701257357,0.024617789567475554,0.011691547912728655,0.047241968896740066
1239,1,0.005459724375082945,0.0049478783421012616,0.002108693667920925,0.011777558268316576
1239,2,0.06985499135045309,0.05453401645326094,0.007899703609461824,0.2159429569898874
1239,3,0.017611356577558128,0.01684361128541014,0.008450132311161209,0.03110026043048053
1240,1,0.0029441458382334887,0.002555134337845092,0.0008567582238929307,0.007143230620413309
1240,2,0.03104860056674675,0.02803162128297379,0.006054854768918727,0.07223693185073694
1240,3,0.009821546223161485,0.008975376103531298,0.0026303171250259827,0.021275756489258463
1241,1,0.028391526300760625,0.0258281332576893,0.01070718960014563,0.06092740795006431
1241,2,0.016067000729516546,0.01433627224818091,0.005367152385336331,0.03674387366765349
1241,3,0.0210672662027336,0.020616737396249342,0.014632157205686011,0.03009208233083923
1242,1,0.03158078017174229,0.02835530447217206,0.011191965195728482,0.07050930977683703
1242,2,0.012515250601471578,0.010308169666178651,0.0029050072518218453,0.034777246285752295
1242,3,0.029909956230142365,0.029271723179760307,0.020224036691088323,0.04328999853184313
1243,1,0.04168583991964533,0.03698913392779833,0.013994066112303789,0.09643220891376306
1243,2,0.01646744766203602,0.013461508284785694,0.003690927199790283,0.04668708615934411
1243,3,0.039397520899319534,0.038124479511650156,0.024554575110039365,0.06153379519982462
1244,1,0.02991473927158418,0.027812565247574562,0.01186841879654329,0.05998239930572464
1244,2,0.011980236976358713,0.010063140644061894,0.002933139405673986,0.03210917959011296
1244,3,0.029053568549179582,0.02857421205526147,0.019588512963878535,0.041191346077885854
1245,1,0.0037746083935566287,0.003412676880237304,0.0014112647085896394,0.008223504974385235
1245,2,0.04489341629898049,0.03808775595513107,0.006303796386748803,0.12047681140074872
1245,3,0.012322869303516656,0.01183529329189623,0.0049609880752300205,0.022528109759959055
1246,1,0.023249933136756815,0.02156859408353335,0.009071598378995885,0.04730692986208532
1246,2,0.009283661169531571,0.007809897086909183,0.002273043956069908,0.02478932264099405
1246,3,0.02250125360171028,0.022143970617184372,0.015428133051637817,0.031617858131159554
1247,1,0.02924221777942367,0.0264208453740603,0.010504689571313272,0.06434536441529673
1247,2,0.011602313514215687,0.009606892620089812,0.0027213496265507784,0.03211007141695132
1247,3,0.027919182557555246,0.027154371637886143,0.01821701623719747,0.04209697878489942
1248,1,0.008896891924638065,0.007936675129890974,0.0032024456003646017,0.02022471193782099
1248,2,0.11238662409110302,0.08741294426177532,0.01269606216061832,0.3471205996979055
1248,3,0.028737020811027622,0.027113754516719577,0.01253956449083373,0.05445386554870322
1249,1,0.008037099373782752,0.007197909328179129,0.0029118221777531938,0.01807055910905564
1249,2,0.09622939679239854,0.08045129047216142,0.012776062079301369,0.2663593386431275
1249,3,0.02618130993226783,0.02486420905131783,0.010380151110780726,0.04974717393097296
1250,1,0.004588680400087695,0.003984482385396214,0.0012255516138712026,0.011406290145024298
1250,2,0.046597419314985775,0.04327331800512474,0.010213943611196265,0.10307824000489985
1250,3,0.015391522307718092,0.014003677734417248,0.003710987858831233,0.035206794067043204
1251,1,0.005335234164492198,0.004796366815737803,0.0020225063125358335,0.011783090816069392
1251,2,0.06802621682663659,0.05289681350287634,0.007709939256060726,0.21157346756169154
1251,3,0.017194204688288233,0.016366945260668574,0.008105675838790767,0.03096562070205823
1252,1,0.022101276038751512,0.019936115178684446,0.00791667181743439,0.04874828420713121
1252,2,0.008728272483310612,0.007252572110320448,0.002084679704750785,0.02387288889425627
1252,3,0.02094875522822638,0.020585072218639665,0.014585212873127675,0.029451294674105715
1253,1,0.0037944167710355684,0.003443195857049414,0.001488906347728236,0.008129459124332362
1253,2,0.04794224690406097,0.0381902923235965,0.005645109381342039,0.14271308073834033
1253,3,0.012251393022613409,0.011814235610641778,0.005884617114467303,0.021149846370932493
1254,1,0.0034656496654166323,0.003122534437460341,0.0012893602869198475,0.007634094245757844
1254,2,0.041125527320259134,0.034916156106027024,0.005748220684193979,0.1102976387268675
1254,3,0.011307426393812355,0.010840806316881224,0.004517865237425559,0.02081759305220344
1255,1,0.006361977110791773,0.005609733440135227,0.0022163148425810133,0.014910724562607348
1255,2,0.07875218052331495,0.0622190976541757,0.009143131420439885,0.23940704039358116
1255,3,0.020604957049074082,0.01919378811833877,0.008344546789636054,0.041168841464250414
1256,1,0.03048541954292816,0.02789116568936837,0.01143848424102026,0.06440374608175259
1256,2,0.012103513270303028,0.010138739608482647,0.002909456981549404,0.0326453819083862
1256,3,0.02923454100313199,0.028702231436753822,0.019964935390599292,0.04147373302230453
1257,1,0.005219196029585645,0.004632112175904453,0.001854775981788034,0.011975504477826918
1257,2,0.06266967027377177,0.05157183488543357,0.008225026247440951,0.177773489700751
1257,3,0.016975216413376733,0.015976482325219032,0.006673847041384965,0.03311399610990027
1258,1,0.030475649571972862,0.028620335913412766,0.012622031908265333,0.058582537015691445
1258,2,0.012427820147238986,0.010308095429640864,0.0029575543646701134,0.03399374271547122
1258,3,0.029923994467699867,0.02940195928347746,0.019655212156858885,0.04315780512029361
1259,1,0.006123277241375739,0.005505232264529085,0.0022949914562607372,0.0135326987636958
1259,2,0.0774403297518083,0.060879818538262555,0.008965905243336722,0.23665386211055778
1259,3,0.019751755039273643,0.01883298730356166,0.009086081225444083,0.035762196492388085
1260,1,0.005744230078627554,0.005063004760543138,0.002034218236349592,0.013453975240946024
1260,2,0.07054320955472215,0.056581575962609654,0.008475973310415847,0.21094993705781467
1260,3,0.018633409551086787,0.017347780181701154,0.0075432664271911,0.03715243079036456
1261,1,0.029905478383771878,0.026841303195827004,0.010524683573640344,0.0672491106621441
1261,2,0.011846319400650009,0.009775359195498858,0.00275058758573983,0.033025757486293696
1261,3,0.02829365760358425,0.027722096651450232,0.01922780878037616,0.040641732591327466
1262,1,0.004197302991465846,0.003807113694724922,0.0016111162838765665,0.009007260216340922
1262,2,0.05107356352428833,0.04250586884563768,0.0067866224466845435,0.14188937717963537
1262,3,0.01369031335195352,0.013110700321929493,0.005837885660475486,0.02492878755908223
1263,1,0.004283015210084191,0.0038919942054746067,0.0016803205639293395,0.009200307109246256
1263,2,0.055538845416320926,0.04270792201856516,0.006189432984431724,0.17448833211778209
1263,3,0.013790525512853506,0.013229426184928134,0.00689166915949594,0.023914419699903693
1264,1,0.00508969419812758,0.004597210459598787,0.0019238490946983649,0.011166427739192557
1264,2,0.06223464882546012,0.05115623163425902,0.007971322386637319,0.17661698716464214
1264,3,0.016541349653253597,0.01581000299112109,0.00708266036579544,0.030044539772738042
1265,1,0.0047498845021458295,0.0042979811675863434,0.0018344153028520226,0.010279100652204916
1265,2,0.060475867418446266,0.04746851517802711,0.00690316434122529,0.1846240985838159
1265,3,0.015316819862110007,0.014687916675463805,0.007369284571050882,0.026890630706066843
1266,1,0.03215142840989358,0.029902234510256177,0.012765261340541584,0.0643368461285884
1266,2,0.012714702745716958,0.01087679638396748,0.0032419681441351,0.03282404123802818
1266,3,0.03122641191437045,0.03075847970763939,0.02104728787443402,0.04390867835032311
1267,1,0.02960893350798254,0.0273523411126971,0.011691300458495662,0.06052235343334154
1267,2,0.016849613867641975,0.01514007134058535,0.005753006736171902,0.03775862679683816
1267,3,0.02227053652924469,0.021707545811041028,0.015093605751532046,0.03264156169582244
1268,1,0.0056237084264545495,0.005017913778213219,0.0020463404825307096,0.01275615570580484
1268,2,0.06955914388971544,0.05558985240100714,0.008366983201149028,0.2079475085281284
1268,3,0.018217767949684386,0.017157523018772616,0.0077818741689850346,0.034772453891739545
1269,1,0.006798643267199158,0.006070197273028002,0.002491778139881642,0.015346122566604654
1269,2,0.0864626182188714,0.06698976745462362,0.009720266816019197,0.2711276649584492
1269,3,0.021935375708310157,0.020730701691121255,0.00990084635946499,0.040982803327519725
1270,1,0.004731770964249891,0.0042608256320420534,0.0016797145022537379,0.010501102408197788
1270,2,0.05450281056773852,0.047691089572663034,0.008384127188867977,0.13799489358426392
1270,3,0.015527203838837747,0.014887508013405482,0.005675699719819654,0.02928511108987205
1271,1,0.023338871583241185,0.021539544808228554,0.009036561767393904,0.04787715226596926
1271,2,0.009352086485165811,0.007797011925582201,0.002231676759146445,0.02547145367274809
1271,3,0.022488137400168865,0.022132630162637716,0.015656023182100458,0.03127854316653846
1272,1,0.03054870682534783,0.028288597525051258,0.011925774510975647,0.06209042938254897
1272,2,0.012171690698318995,0.010249589154538396,0.002997938474266822,0.032469726691925924
1272,3,0.02953181953458453,0.029089860455874,0.02029470168517759,0.041198461103323904
1273,1,0.024027654796375513,0.021468667630015124,0.008344461764171045,0.054669557579356765
1273,2,0.009559222486413737,0.007817158543810572,0.002157949095939272,0.027266915235053334
1273,3,0.02274682835731394,0.02204545537713467,0.014960777396637332,0.034469150520875
1274,1,0.06270729818784236,0.0592015885942268,0.027234999034958053,0.11836719091662386
1274,2,0.03080348780579871,0.028892215836267936,0.01310078283875058,0.059487770460443304
1274,3,0.03983402943764674,0.039278080752724626,0.027077642768266193,0.055700751175555265
1275,1,0.005315716547272906,0.004025171197476451,0.001569949648462372,0.0169809695553251
1275,2,0.06806862321703461,0.04552687994936841,0.006321180216730983,0.2595109239361621
1275,3,0.01723395031314424,0.013475184269670256,0.006233129953093103,0.05236559733729426
1276,1,0.0040056717750104375,0.0036262153916368158,0.001432146945438212,0.008788037331173509
1276,2,0.04617924854996382,0.04046597485550733,0.007134942198641721,0.11763333548438831
1276,3,0.013172556277616272,0.012635385425192845,0.004770290660454553,0.024819063535152043
1277,1,0.03807884855706064,0.03489015930880254,0.014572750244879884,0.07997390114368899
1277,2,0.021562518173078842,0.0193196819982389,0.007286658418487293,0.048699884792234284
1277,3,0.0283747621222535,0.027846678802869923,0.019619921213255412,0.04018983584223722
1278,1,0.0205039719122449,0.018391939281204278,0.007259651171023084,0.04590624309094035
1278,2,0.008075845723097688,0.00669066909317223,0.0019082935112515209,0.022303306865586865
1278,3,0.01938645176565298,0.018922482332049226,0.013393863634904307,0.028062469358296316
1279,1,0.00426270221965244,0.0038586877220351374,0.0016199558286655704,0.009258175433355937
1279,2,0.05150668764752862,0.04302486955891702,0.006877529020175419,0.1421838010353313
1279,3,0.013882920071568026,0.013329434690364284,0.005870567043245705,0.025243124044875612
1280,1,0.0324900323847222,0.029705380304558156,0.012412635838174807,0.06859626955618478
1280,2,0.018403570165200823,0.01647424052823921,0.006172795619232175,0.041998205762256165
1280,3,0.024099502222779953,0.023764341329604817,0.01731310882751161,0.03264435228013321
1281,1,0.0023578288586894266,0.002003714104505427,0.0007101387629344355,0.005850079485123431
1281,2,0.025787695823997148,0.022133706491240312,0.00441135491392697,0.06499292094673577
1281,3,0.00783068083376062,0.007016304852166472,0.002224499716720273,0.01748668828308474
1282,1,0.007520146057245523,0.0064467335067666725,0.0018947664701858928,0.019457094737995173
1282,2,0.07645289203866583,0.06944499570168186,0.015789607572006596,0.17996719179097256
1282,3,0.025175839713318982,0.02248516124518775,0.005807284282131913,0.060148443108068946
1283,1,0.033953108319286995,0.03204806141513997,0.014631783833565577,0.064095326148884
1283,2,0.019454698631204387,0.017715153271586844,0.0069084196482530145,0.04192521801320995
1283,3,0.025851555841091445,0.02552170230945957,0.01806773301583449,0.03553111041667142
1284,1,0.007175542998213038,0.0064855376817447696,0.0026989741669971486,0.015738154084873005
1284,2,0.08748231905904384,0.07225839502163454,0.011262691509187997,0.24628758141794563
1284,3,0.02334487615571188,0.022315493216219284,0.009819262115798758,0.04277921765984627
1285,1,0.008278835225134503,0.007458167566473645,0.0030925377725924143,0.018166986506869064
1285,2,0.10209312792994718,0.08292926498840175,0.012700126733258925,0.2972907684022999
1285,3,0.026843315296479167,0.025637658947504166,0.011623117121967346,0.04907678783457783
1286,1,0.003865942420773997,0.003489331115830394,0.0014913119539491097,0.008397171135656138
1286,2,0.047894139124114214,0.03896529774628435,0.0059620623507873165,0.13836645827401606
1286,3,0.012525870502138816,0.01201046778937622,0.005620541448013273,0.022435894794376837
1287,1,0.0055400677648077545,0.005008213047254623,0.002132479942910836,0.012048899502259095
1287,2,0.07012431385643547,0.05530450579401057,0.00814668185175429,0.21249401235390278
1287,3,0.017901020565463666,0.01711339219445706,0.008333183084961445,0.03202901480987338
1288,1,0.004793694278827138,0.004266296728311631,0.0017530555527973874,0.010873457258875105
1288,2,0.05935411414469278,0.04747106831757708,0.007124476660537129,0.176393390419984
1288,3,0.015538217944753801,0.01457839824290754,0.006619651366070522,0.030145933818872622
1289,1,0.02669143470310938,0.02398881000287323,0.009447281874904446,0.05964556647203792
1289,2,0.010554556446915712,0.008734955100691149,0.002479656792716051,0.029039335036687926
1289,3,0.02531137054269349,0.024737713084824253,0.01693580988397013,0.03702275698559114
1290,1,0.0046508472403439406,0.004149540843816237,0.0016993875193744156,0.01052024917850537
1290,2,0.05754605319154647,0.046160129722834536,0.00697597088292627,0.17118330597590392
1290,3,0.01506211443189588,0.014192912857307595,0.006441479647011999,0.028704654979796997
1291,1,0.03104478440897098,0.027732246769483895,0.01070465336431593,0.07073914311068005
1291,2,0.012311357827845513,0.010094509695387636,0.00278170102269037,0.03488422786841166
1291,3,0.029461906675504065,0.028513163071876176,0.01871834701756576,0.04576425586616253
1292,1,0.04151226608114126,0.038058572561808265,0.015895505643867526,0.08708426119481104
1292,2,0.02367582780669373,0.021063917832231233,0.007786801117147428,0.05455000361124923
1292,3,0.0311773273225448,0.030254342165665242,0.02017096612771764,0.04761213396712087
1293,1,0.004750430761557922,0.00411708155132563,0.0016458631030227642,0.011608716699356904
1293,2,0.05927448529339687,0.04566629393760442,0.006724880050857631,0.18768242227695428
1293,3,0.01534688230054299,0.013992034897823573,0.006309364694753032,0.03265877987193288
1294,1,0.02331667109675752,0.02169487737613593,0.009300705175338427,0.04670079666460804
1294,2,0.009365398813413108,0.00783593153645097,0.002287109436473708,0.025340597000723896
1294,3,0.02262833962828122,0.02229621708674242,0.01556794273443355,0.031601206557429845
1295,1,0.004074841604292719,0.0036535018159890645,0.0014950788862657664,0.009101433750070406
1295,2,0.048687187839042405,0.04081044670036571,0.006596906324482812,0.13328435738895594
1295,3,0.01327773944784222,0.01264887422974048,0.0053159547500753355,0.024963303044683277
1296,1,0.040478864305482545,0.038275312898963396,0.017480741047663683,0.0764714948949629
1296,2,0.02300222726486697,0.021201456840896186,0.008524246170519566,0.047780250708310004
1296,3,0.030874989834571646,0.030488003637721285,0.021192704185388975,0.04269836655688612
1297,1,0.0039521893251340595,0.0035412469043164885,0.0014061902973084765,0.008869134492972367
1297,2,0.04607228752253871,0.039727421012951486,0.006700193012017517,0.12107401410409786
1297,3,0.012940642524368867,0.0123177439418245,0.004793745263883726,0.024769867210980356
1298,1,0.006790521649859458,0.00609859780700929,0.0025260255948580707,0.015113577751034644
1298,2,0.08661096322714255,0.06744643127247119,0.00975804803517637,0.2687580259406885
1298,3,0.021899279513503088,0.020823042415052506,0.010111129174120435,0.040022485843951454
1299,1,0.0036395972251926974,0.0032212210900316746,0.0014058330476409597,0.007950685235634808
1299,2,0.04710580106431682,0.035651484244703706,0.005169996128647401,0.1485157886223968
1299,3,0.011684934753565322,0.01097432321381509,0.0057842081672220234,0.020596252479680263
1300,1,0.004270388838436508,0.0038696098037114273,0.001671401897120152,0.009190295669058875
1300,2,0.05360768924508643,0.043030370396253084,0.006454624884826222,0.15823330161533472
1300,3,0.013807669497828976,0.013300319440222193,0.0064943630426374434,0.024145106050481487
1301,1,0.0037107442124548837,0.0031804707957144786,0.0013208707168400574,0.009200156358945381
1301,2,0.04671690117617307,0.035488782249251734,0.0051272829193324656,0.14915038834582303
1301,3,0.01197171659465944,0.01078282490611001,0.00518720244959138,0.025937850243842916
1302,1,0.006750852480033264,0.005971653329019392,0.002374546903300754,0.015626745042921546
1302,2,0.08579957181990917,0.06593017299686102,0.009485578760298461,0.27251291574282166
1302,3,0.02179396582820435,0.020287861487507244,0.009398899691955481,0.04288940718957261
1303,1,0.03917411376227626,0.03587667482812381,0.015129185836096987,0.08232443283273186
1303,2,0.021947683027358344,0.019972140665239557,0.007783208808967417,0.047377260119652
1303,3,0.02918360119034288,0.028738412763029488,0.020285871650709067,0.040614365626205365
1304,1,0.006549840028145237,0.005867521213508567,0.002421617125617651,0.01460766170755919
1304,2,0.08604280017841888,0.06452672548416766,0.00888932850114551,0.28207958426219315
1304,3,0.02103575843209585,0.0198686780342159,0.010169417274930929,0.03862346667272081
1305,1,0.01073614035243136,0.009453828496836026,0.0036597096627584555,0.025301411190124704
1305,2,0.13448589320558788,0.10455398500808036,0.015125272973040333,0.42298516282958515
1305,3,0.034725220319921535,0.032192759145738326,0.014022649845279568,0.06970831206267443
1306,1,0.023734776249254824,0.022334392394081682,0.009915903629762917,0.045417161099390015
1306,2,0.009636957510228337,0.00806526747153161,0.0023388961987326432,0.026036418959330634
1306,3,0.023299426267172324,0.02297889951379671,0.015609556586832815,0.03288868061692911
1307,1,0.037651740948863914,0.03456889814107406,0.014549150641698002,0.07863551873912607
1307,2,0.021369220802185132,0.01914534361074248,0.00717303342937617,0.04843567079842514
1307,3,0.02805018075302773,0.02760048873021565,0.019681570274621987,0.03891670119232414
1308,1,0.005068077384539816,0.0045222573408693805,0.0017469392528139769,0.011608540034517395
1308,2,0.05907040588686922,0.05044128923348129,0.008406964853964917,0.15863609012269447
1308,3,0.01658445718209031,0.015608612107535853,0.006044608178896662,0.03278006936409063
1309,1,0.004289063579350511,0.0038900819408609127,0.001681854336526533,0.009169123921185535
1309,2,0.053646975714452066,0.043204410783183655,0.006489995448643742,0.15684398215251708
1309,3,0.013878879849801927,0.013348153139951194,0.006484931366502515,0.024249069099004827
1310,1,0.0058796202389201566,0.004874915305768893,0.0016011001974940773,0.01609618280398445
1310,2,0.06559644175719685,0.05398493043092375,0.009380774624542364,0.19097007703816954
1310,3,0.01937599272589152,0.016778317708528785,0.005338347837156044,0.04944195614096753
1311,1,0.0069113611361972535,0.006235074157019213,0.0026262837736627906,0.015087305074593754
1311,2,0.08956516964309366,0.06850876179631148,0.009746285084907415,0.28449100530294635
1311,3,0.02223421211437058,0.021224910475146797,0.010820422843889937,0.03949179293737563
1312,1,0.0048372059087283615,0.004375335653722319,0.0018617428565870515,0.010496728963340737
1312,2,0.06139718210923992,0.04834325817561044,0.007112650454434154,0.18603075808233163
1312,3,0.015607296247915818,0.014950012487335037,0.00738421204474063,0.02751485692545701
1313,1,0.00496527871707391,0.004425822349898141,0.0016296247455863887,0.01141600556620431
1313,2,0.055091447917733516,0.04917357620471488,0.009252697871903158,0.13438871926200688
1313,3,0.016388167603285705,0.015481279093832711,0.005240500291507955,0.03280746811848924
1314,1,0.03843204802811401,0.035795334132140456,0.015324898748440709,0.07704417210750605
1314,2,0.015203773928475764,0.01300389842921746,0.003870647388204067,0.039134365036718584
1314,3,0.037323353456332774,0.03678672712990088,0.025262750279928657,0.05238654920622838
1315,1,0.04816726053831982,0.04725163694713452,0.026659290565816753,0.0754257899232757
1315,2,0.02474732708574179,0.02296889874122908,0.009892742108838216,0.0497762727008502
1315,3,0.03213335180475598,0.03147132052448773,0.018473855457779673,0.04942487560006701
1316,1,0.005127016335367912,0.0045656429138316865,0.0018805627516680409,0.011696376035376328
1316,2,0.06406574729074782,0.05067668874061059,0.007460387755721761,0.1936334485039941
1316,3,0.016592728833462925,0.015608670399713764,0.00718915192046999,0.031923609001972435
1317,1,0.006719035612892591,0.006026717301239647,0.0025047388009296874,0.014880853308727989
1317,2,0.08575184074971363,0.0665936392124516,0.009660316765267053,0.2683956708451821
1317,3,0.021647478001123755,0.020573193873490714,0.010098441874254935,0.03912043995735596
1318,1,0.028600964107182422,0.026784155568059728,0.011942579428094232,0.05571049060899694
1318,2,0.016217702108956674,0.014843832480172993,0.005875438124035427,0.03441195664903946
1318,3,0.02164845845817102,0.021359312098147114,0.015083860030657972,0.0298354360275571
1319,1,0.004285474968728135,0.0037858599069551515,0.0014358824222310165,0.010045703841872413
1319,2,0.049116688875242474,0.04238034113181279,0.007334320906448154,0.12910197878345286
1319,3,0.014053760845839725,0.0131473956781106,0.004831321219578401,0.02865206283953003
1320,1,0.0033191256406715597,0.0028848496424598844,0.0008655359123171478,0.0083154292326124
1320,2,0.033213008682504354,0.03124260671517668,0.007640857273712509,0.0707907073926671
1320,3,0.011137479746474992,0.010107671096341819,0.0026263244830160353,0.02554005132667496
1321,1,0.022251059033919975,0.020099394994161246,0.008033307681006943,0.04901490839264173
1321,2,0.008850160904627308,0.007290834101888211,0.0020568283845947707,0.024695172565829003
1321,3,0.02122330320752907,0.020623276287321503,0.014065341145153164,0.031861514790849504
1322,1,0.009294305799283567,0.007654430060766208,0.0026763520245163784,0.025605047897364445
1322,2,0.11784916777073083,0.0847553874721712,0.011252509270016073,0.416012305659324
1322,3,0.030027807236036937,0.025855330597353676,0.010345446125953851,0.07386552909683718
1323,1,0.022829197253760616,0.02077357646257747,0.008410260875898887,0.04914837560477462
1323,2,0.009067319907046975,0.007545113776587631,0.002163468166510518,0.02480808650203877
1323,3,0.02180093155066381,0.021379492341769175,0.014949408284891847,0.031044007925365012
1324,1,0.0038022916238295294,0.003420324043136239,0.0014515872931483021,0.008464214083212806
1324,2,0.0483691489758465,0.03779669379418599,0.005523349998156562,0.14909020654871452
1324,3,0.012259780691320882,0.01164951986842478,0.005778549672815643,0.022364322558285393
1325,1,0.03326505409658814,0.029354346296909743,0.010943564974146808,0.078624596835423
1325,2,0.01316066050508553,0.010689226725002176,0.0028711159909394763,0.037724499493497404
1325,3,0.031692422984540405,0.029966100941749528,0.018347828210236432,0.05532772041386884
1326,1,0.035801586702701116,0.032646642633119755,0.013583078403013713,0.07625690099527078
1326,2,0.020138125176096745,0.018153889660409768,0.006934897944557654,0.044632469210140004
1326,3,0.026660276377262267,0.02612761343454932,0.01813563023930403,0.03822644904954718
1327,1,0.0043243085855498384,0.0038688858681895973,0.001383553285853345,0.00997579709942121
1327,2,0.047129399357331306,0.04298058873894825,0.008404521174304139,0.10996200561809198
1327,3,0.014301324562796473,0.013559085859506556,0.004436288936301263,0.028640803982776096
1328,1,0.003094036465733195,0.0027825063998951132,0.0010799223541393707,0.006920445699684872
1328,2,0.03515893145934113,0.031065126383337513,0.005625350246774058,0.08760980511284304
1328,3,0.010172530309909132,0.009730624089684458,0.0035495883967164386,0.0194930581471936
1329,1,0.03363520027594961,0.03061661564207664,0.012754833933232514,0.07170926697949231
1329,2,0.019045927833171265,0.017042533773765287,0.006334091470426998,0.04348803296296859
1329,3,0.025057193386762502,0.024457652098346463,0.016980143643787245,0.036495769931063016
1330,1,0.020614546909629734,0.0187973953538777,0.007642206359484205,0.04423619400261773
1330,2,0.008192823377717401,0.006812102169189128,0.001958676543581026,0.022354972925900433
1330,3,0.019688381987528633,0.01933146833535697,0.013581267844947776,0.027853237963738002
1331,1,0.0025391239473343398,0.002227082673514261,0.0008375137933988448,0.005979331210646297
1331,2,0.028138530403492946,0.024864931714940322,0.00470375072594063,0.06894801214223982
1331,3,0.008369699928611909,0.007786702649159289,0.0026801454369001472,0.01703975970797772
1332,1,0.015291400492475628,0.013150044891034314,0.004446296567311388,0.038850190959744846
1332,2,0.17486288459871743,0.14501465482884027,0.024241071126108814,0.4977919528319801
1332,3,0.050224269555146195,0.045368886469785985,0.015011952774481575,0.11328550409740012
1333,1,0.0024933092995022468,0.002197440080470636,0.0008148867110891148,0.005781957434446866
1333,2,0.027441641179152872,0.02451485792170488,0.004673768042665,0.06592838900908166
1333,3,0.008222088389900982,0.007721237745699116,0.002598030746064497,0.01646612219796225
1334,1,0.00822542016148563,0.0073534106432688,0.003034856029258712,0.018359380531455038
1334,2,0.1043217248106761,0.08161524820950752,0.011785905609587179,0.3228743538870928
1334,3,0.026521590800451612,0.02513629188892343,0.012091868620295236,0.04891256159625288
1335,1,0.04191065499189464,0.03906260729557132,0.017142405320856882,0.08278966124210436
1335,2,0.0236310488810675,0.021710614660177006,0.008623016177941843,0.04962651794691382
1335,3,0.03168054448806835,0.031194869971685774,0.02152617434501903,0.04461812484983048
1336,1,0.019742366521063363,0.017505004449428152,0.006772662611074695,0.04568193584025437
1336,2,0.007809831393677415,0.00636305165219648,0.0017766264671273712,0.02223568982931362
1336,3,0.018710893356680237,0.017854748781714946,0.012102098338044159,0.030480398666942667
1337,1,0.005148816178055983,0.004576122505405021,0.001882889230553097,0.011763011880935245
1337,2,0.06630561928451664,0.050547106046855625,0.007128119496109132,0.21338526553880077
1337,3,0.016556885053731228,0.015522166568429295,0.007665472839309982,0.03131118408913083
1338,1,0.0046940836673674035,0.004189349274769468,0.001695889285832955,0.010633731858203124
1338,2,0.05608341262577511,0.04672684112831737,0.007464875566454661,0.15595562848517805
1338,3,0.01529131711569973,0.014480995425396999,0.006011060190844223,0.029262123951551186
1339,1,0.024176211747711358,0.021630816536767964,0.008435801798583515,0.05501145670603949
1339,2,0.009612161613210199,0.00784676131111902,0.0021889217136641733,0.027325549924442024
1339,3,0.022844120561964606,0.022282602747647588,0.01530906899890569,0.03358744345309305
1340,1,0.0035871087911673247,0.0031666319481324064,0.001184668049039536,0.008442151648194042
1340,2,0.040313406492470234,0.035311471307794357,0.0064065016869848295,0.10277235445609037
1340,3,0.011812899287142981,0.011013898391880217,0.003875347549317006,0.02440345333228747
1341,1,0.004664878865455807,0.004182293886345334,0.0017067280754710925,0.0104496145848839
1341,2,0.05652264813599482,0.046736380682974865,0.007347009106307427,0.1583677493892726
1341,3,0.015158420959526298,0.014398875998435394,0.006251603660928358,0.02848828838560447
1342,1,0.003510744413734589,0.003035913538462697,0.0012836306705369344,0.008361092871755432
1342,2,0.045084618811054925,0.03374929735127312,0.004817109413067797,0.14541809077734755
1342,3,0.01130385480562214,0.010281009942634204,0.005242117540098539,0.023110036350197604
1343,1,0.08947661454555228,0.08539525405470551,0.040800723418000465,0.1615512202829972
1343,2,0.04417163953675154,0.04159319467596474,0.019065769523894743,0.08364344132073227
1343,3,0.0574064796488369,0.056602390776128185,0.03813346095187417,0.08115828688705391
1344,1,0.018946891813684044,0.017047820171211266,0.006716781814738027,0.042403263493402295
1344,2,0.00752463571194213,0.006187216316316408,0.0017487994890244493,0.021127148980214096
1344,3,0.01790408260287514,0.01759188518218823,0.012585509573763216,0.02505715908766841
1345,1,0.004562714057232791,0.004057859933552455,0.0016330686989647963,0.010413282267134156
1345,2,0.05519960239497476,0.045351389420145924,0.0070896437124773485,0.15824154436556248
1345,3,0.014846020356623028,0.01394927405337721,0.005966682951593541,0.02895052141533324
1346,1,0.033544280781566356,0.03047502118552252,0.01248705539637282,0.07271310773199952
1346,2,0.01899237033000035,0.016903989718307706,0.006262775383165699,0.04375529443928382
1346,3,0.024923488996050326,0.024297232101267892,0.016769080467856173,0.036717828567603444
1347,1,0.005380708943777203,0.004837562578905628,0.001956322564543091,0.011974615349801378
1347,2,0.06368228905715047,0.05396693854725547,0.00877861769768642,0.17192102494965947
1347,3,0.017557313441797475,0.016755703847710073,0.0068594258951314695,0.03301953938077396
1348,1,0.0056132445776269245,0.004980522929124289,0.0020082294479000203,0.012850859649405631
1348,2,0.06984190491613834,0.05533504491654456,0.008188072583914716,0.21133013889540953
1348,3,0.01817468145137527,0.017061541760432307,0.00764111363085093,0.03534754593955175
1349,1,0.003459774681050403,0.0031516427811328876,0.0013764574150169177,0.007289148408053944
1349,2,0.04479200371967764,0.03469590643690868,0.0050464124903937604,0.13921232728322452
1349,3,0.011123990849013506,0.010764441000528868,0.005719208239300499,0.018550985128846682
1350,1,0.0030244882517227985,0.002734899710994857,0.001076156231424384,0.006657821917538165
1350,2,0.034267020422889566,0.03046370107805489,0.005585572446062178,0.08356869964932223
1350,3,0.009958801655765794,0.00957580307713005,0.0034918073489586107,0.018783139715047477
1351,1,0.004201589725288168,0.003541301298696678,0.001432185871924692,0.010910454462995448
1351,2,0.05408574481480636,0.03947018727946193,0.005545716961301449,0.1844747033100825
1351,3,0.013530217964477426,0.011913678443357851,0.005842423582785528,0.03140944846890353
1352,1,0.0031437663069340993,0.00278947659542217,0.0011656590844850438,0.007095069523461284
1352,2,0.037916934701391916,0.03123148213526485,0.004995466062594954,0.10592153801376077
1352,3,0.010234497145460887,0.009648974862131522,0.004181806490896409,0.01927927838078313
1353,1,0.0033772701576373137,0.0029221148305644566,0.0012345003911856081,0.00805018959771041
1353,2,0.04219272797991063,0.03256409713578989,0.004878182300086798,0.12996920296130918
1353,3,0.01091742594933452,0.009961734532836934,0.0047797461424327675,0.02238474521350729
1354,1,0.0044572046270966665,0.0040256178172013895,0.0017113084521718216,0.009722839800061717
1354,2,0.05688665475704752,0.04443861866765712,0.006549186764808959,0.17473958242872922
1354,3,0.014397107809709337,0.013774771935694693,0.006840768362720499,0.025662165469836972
1355,1,0.008562597961064598,0.006866847579225871,0.0021980988686422153,0.02488040578422411
1355,2,0.10048094436543308,0.07587338470116814,0.011628535836682219,0.3373621926484804
1355,3,0.028037415231254158,0.023490295949850536,0.007697504687751601,0.07602543066381591
1356,1,0.031752025279544606,0.028712237285229095,0.011665257068362274,0.06955740471366122
1356,2,0.017970893545669837,0.015942968827506593,0.00585733683759859,0.041911508983154135
1356,3,0.02358927702165556,0.02280212235080939,0.015531196380577613,0.036237991602694766
1357,1,0.002950187699982986,0.0026937965070096596,0.0011946982191659448,0.006197687515785457
1357,2,0.03835209393038135,0.029600487311435667,0.004267079706561977,0.1195999679884325
1357,3,0.009489810725069384,0.009212482689273289,0.004981965160021998,0.015564076672317637
1358,1,0.002661595149649477,0.0024093506135398884,0.0009810462036044054,0.00579521612370328
1358,2,0.03073167149818107,0.027074856828094712,0.004691066114574809,0.07678951672446872
1358,3,0.008724027047738076,0.00843512204213373,0.0032752263870114754,0.01594129213963727
1359,1,0.0037610643680497787,0.003402864083542273,0.001431413979319744,0.00817116360064412
1359,2,0.04574272942194668,0.038001420412191095,0.0060156778273575085,0.12705289538946032
1359,3,0.012216914982139958,0.011743139538030026,0.0052592571926201835,0.021926223635606368
1360,1,0.001973908339689957,0.0015622288501964325,0.0003600424364062658,0.005953288065179183
1360,2,0.01693304206217794,0.016072978952501617,0.006369309715625924,0.032424986998659346
1360,3,0.006784686355439707,0.005410216884259301,0.0010594319796869605,0.020017023718002448
1361,1,0.0036601877293077714,0.00326672857986915,0.0013738700519690407,0.008231237940762583
1361,2,0.04605762889023784,0.03633324934037102,0.005360383125381997,0.13991662181729222
1361,3,0.011821107021968074,0.011152380419544089,0.005407877583552067,0.022256091369564343
1362,1,0.00641478674077296,0.0056700753622029205,0.002229990703324145,0.01489727415577104
1362,2,0.07903115292437618,0.0629035510744432,0.00945751030681735,0.2379696904582869
1362,3,0.02082050118098918,0.019412510695608533,0.008342208681236637,0.0413879308638041
1363,1,0.0044483484497834245,0.003971256864226843,0.0016580097403178528,0.010026564454786672
1363,2,0.05709762016688386,0.043871981766118257,0.006247488360611578,0.180974099691584
1363,3,0.014321340672727624,0.013527583202895509,0.006715122238322285,0.026540986021283103
1364,1,0.02601699087586172,0.02366246608316655,0.009851979323825975,0.0557735454776973
1364,2,0.014621327861873987,0.013181182948556115,0.005036107254876444,0.03254961799558389
1364,3,0.019319896175859635,0.01891582000737058,0.013469114112060731,0.027617978003758068
1365,1,0.003988830826255107,0.003608074370571216,0.0015465376229324217,0.008618193053335412
1365,2,0.051090702683621085,0.03978209108038774,0.0057864084973137,0.15759629568575437
1365,3,0.012847487560973543,0.012322521896513996,0.006273225843059212,0.022455395332156586
1366,1,0.004808157325328891,0.004222935028051289,0.001445217236519986,0.011628405076075557
1366,2,0.05191825122543858,0.04648653645062105,0.009298022404267055,0.12598451983667242
1366,3,0.015933469188521864,0.014776775865780058,0.004527199527338997,0.034221614097797115
1367,1,0.003808368584474245,0.003448149621659598,0.0014565322426196353,0.00822457104470373
1367,2,0.046492428426637214,0.03844578456089219,0.005995704723538079,0.13033463601583262
1367,3,0.01236786955574984,0.011921048803668444,0.005317772076583737,0.02204938648349769
1368,1,0.024574564354948453,0.021950259110818375,0.008550629632721449,0.0556440460487551
1368,2,0.009751945380647215,0.007978825278194088,0.002223368074864437,0.027602340640494185
1368,3,0.02340688389010096,0.022444690827993538,0.014822896033652501,0.037564569611195545
1369,1,0.002326883851845552,0.001988815683382273,0.0005431543779476731,0.006034386305278071
1369,2,0.022067068954432757,0.02105099501915483,0.006181003317215081,0.044189112399288216
1369,3,0.007887671968387288,0.006962708332809412,0.0016036553269453602,0.019271944431900567
1370,1,0.002844363639965387,0.0025283774755625746,0.0010612247243686902,0.0062893417045576504
1370,2,0.034200663579760815,0.028327664673625907,0.00454530723521344,0.09379052226111406
1370,3,0.009260892025567142,0.008744574844228529,0.003817219786721638,0.01696171966080798
1371,1,0.024614228094635995,0.022528400798952342,0.009249414417328542,0.05192676086001708
1371,2,0.00971883306956816,0.008205635951119002,0.002374421291052375,0.02591192584994967
1371,3,0.023650958738732037,0.02319443936373969,0.015903060349490603,0.03407892323472733
1372,1,0.005347939415693701,0.004818162443615189,0.002006986540447309,0.011769164657163139
1372,2,0.06577148918163553,0.0537327809626937,0.008194863722238762,0.1896158864126044
1372,3,0.017339222154972637,0.01659364033314238,0.007552979561584915,0.03144966695303934
1373,1,0.005025182007671322,0.004454994895583669,0.001783155406184405,0.011682318512021027
1373,2,0.06180139228433516,0.04943498573571472,0.007481437150036397,0.1850125774422444
1373,3,0.016310530855383396,0.015216469722779843,0.0066210168623231,0.03228280463310326
1374,1,0.004317828556523467,0.003896168604684235,0.0016348350005014607,0.009488055634539243
1374,2,0.05251371904813923,0.04333499139046021,0.006828425730843565,0.14710905165083663
1374,3,0.014040684689283444,0.013410640133917868,0.005980446317731616,0.025685432853701444
1375,1,0.0025611529143821613,0.0022949760255285795,0.0009540035189670317,0.005612594765677195
1375,2,0.030537862054353423,0.025682366872333943,0.004204184844744395,0.08215586156586231
1375,3,0.008349263707856719,0.007970998168968235,0.0033535328336820117,0.01513306188904544
1376,1,0.02582322397467545,0.02284678434000407,0.008644449593059473,0.06073356739746711
1376,2,0.010173703021332444,0.00833527239816891,0.0022988669100400174,0.02871564763369297
1376,3,0.024577179925776512,0.023241285030714168,0.014820462402642563,0.04193101751592781
1377,1,0.005923743913355617,0.00524683667095093,0.0021367354957329216,0.013662242610413218
1377,2,0.07579269697380749,0.057879028651052496,0.008285436734731559,0.24214685286546397
1377,3,0.019087564391028346,0.017901485473352234,0.008528357781518198,0.03667246446323007
1378,1,0.07231279861074041,0.0688011582238859,0.03260318470022324,0.1320988029280898
1378,2,0.0353480224570065,0.033637621554787195,0.015921506966310724,0.0643485084110734
1378,3,0.04642984973447136,0.0456578812522233,0.02981551191554268,0.06740365282722884
1379,1,0.003050058422087687,0.0026769303421472655,0.001143627663698333,0.006941933610134765
1379,2,0.03836649846675722,0.029969303669958973,0.004480659336917344,0.11595882699181939
1379,3,0.00986960054353631,0.009175074295476971,0.00444515943323458,0.018396482806666507
1380,1,0.0029475601471672455,0.002652826671149949,0.001044760530356952,0.006539579031887937
1380,2,0.03368573732496504,0.029751919568243176,0.005244108325115031,0.08434215511268929
1380,3,0.00966795335234858,0.009272664500123009,0.003499165235605128,0.018184911851989012
1381,1,0.003409252877060332,0.0030647493814125234,0.0012100842988235336,0.007613364022527004
1381,2,0.03925963035519541,0.03434989763638157,0.0060037162632137955,0.10047026774161605
1381,3,0.01116963599914699,0.010682588420535183,0.0040774615532218166,0.02114908057965498
1382,1,0.005485048790498941,0.0048749161382086684,0.0018126269338830097,0.012633596803676069
1382,2,0.061738850533578395,0.054246225499683706,0.009807756789596745,0.15633561226831588
1382,3,0.018095833450940443,0.016960744042395125,0.005901731558814418,0.03699714559791509
1383,1,0.014960228665486236,0.013349727623001423,0.00532413042787279,0.03376472676117862
1383,2,0.005932277416062639,0.004851351442923476,0.0013733188828187676,0.01671653634878314
1383,3,0.014136685372793204,0.013717878211883895,0.01000191903769647,0.020311158291983676
1384,1,0.0034244566201245014,0.0030651589795476475,0.0012361884939450902,0.007687767786762954
1384,2,0.040254535218925705,0.03437601579332582,0.005699860361531715,0.10725000815770161
1384,3,0.011186007926422385,0.010646249871516704,0.004300947818060871,0.021291906784879775
1385,1,0.02729897090403524,0.02467390615584776,0.009844919125888692,0.06005342461234913
1385,2,0.010808839364930153,0.00897378881713202,0.0025662104112639996,0.029738150835733102
1385,3,0.025886460715561693,0.025501095596872296,0.018128804138755214,0.035893535717566975
1386,1,0.032998225271010984,0.030447919294162372,0.012992614289949711,0.06760476687246898
1386,2,0.018537013351376037,0.01692916232943242,0.0066470963660691905,0.03948463005498703
1386,3,0.024791571359071805,0.024308897367907804,0.016616417845075088,0.03584771184616749
1387,1,0.023468267298975058,0.02136350289543342,0.008998872698267059,0.04998736367648888
1387,2,0.013309587010294659,0.011880352602495932,0.004480102253313308,0.03041034536716549
1387,3,0.017549003713751732,0.016925373636561502,0.011955239159174645,0.026795577950278152
1388,1,0.004533098854605949,0.004008098456863172,0.0015468426752920663,0.010641899680039233
1388,2,0.0528251741040319,0.044718071270182756,0.007399970574456489,0.1441423868389156
1388,3,0.014818282854700621,0.013899376378710736,0.005264756272564081,0.029890784586332868
1389,1,0.023473820890306037,0.021538936203327183,0.008831641500478278,0.04892605546571262
1389,2,0.00941630946168541,0.007797112307951612,0.0022136913966036517,0.026030015481360268
1389,3,0.02260916572702436,0.02211701541728149,0.015222910470202819,0.03288378800438416
1390,1,0.006273182343828457,0.005507874318054917,0.0020878260070542817,0.014880170065151598
1390,2,0.07417540741425167,0.06121180629446494,0.009899030359553683,0.2102410381112234
1390,3,0.02051095325288622,0.018955391866521797,0.007383798338928709,0.04278105325380543
1391,1,0.0031132193256623243,0.0027721845386528316,0.0009683215922957642,0.007242947785908239
1391,2,0.03335655808899279,0.030682454490286788,0.006301191056715864,0.0763337462950318
1391,3,0.01033426116881918,0.009775933070347492,0.0030101037285970573,0.02119785842179273
1392,1,0.005622582439552262,0.004631299123291219,0.0015770614110223718,0.01554552802466697
1392,2,0.06458275992335358,0.05153672079433887,0.008430704500591319,0.1998299493518851
1392,3,0.01842669844689605,0.015872113311729486,0.00534150091365919,0.04685943164106794
1393,1,0.003729895272162142,0.0033479927060446947,0.001335639079868088,0.008323184657433567
1393,2,0.043794161937037376,0.037341147568462525,0.006223111416952414,0.11704095546355381
1393,3,0.012192073091506939,0.011603336290316488,0.004607374955585938,0.023301350316070796
1394,1,0.0026195075007579877,0.0023793028759046568,0.000953439088737229,0.005708948495111123
1394,2,0.03024881712134722,0.026528473735672436,0.004651557331534199,0.07621776259776518
1394,3,0.008600388383142001,0.00832483102201685,0.003186900607421493,0.015729568444829187
1395,1,0.018091593072609907,0.016279929507123522,0.006484089725969632,0.04024555765987679
1395,2,0.007187422042835927,0.0059147503546441845,0.0016725740851280366,0.020034543768938682
1395,3,0.017099906900420018,0.016818487430366794,0.012110607939244854,0.023707107421769937
1396,1,0.0028348281332265988,0.002578021602783016,0.0011066292850217883,0.006025389706846811
1396,2,0.034914018682639894,0.02865956874586404,0.004464118347680622,0.0989723887628957
1396,3,0.009186953949176072,0.008894552461485157,0.004147622415807269,0.01589546707385279
1397,1,0.006113422282759891,0.005108812090220055,0.0018767469122409313,0.016387156651740713
1397,2,0.07552721757401792,0.05684216630264685,0.008079985379381009,0.24948832967323595
1397,3,0.019818781527579293,0.017282602924932822,0.007074728529306368,0.04749194536973723
1398,1,0.038078487652022264,0.035125646673854566,0.014938092065332547,0.07801876861969596
1398,2,0.021409729230530784,0.019561578845121594,0.007639984846979371,0.045452283570342936
1398,3,0.028628834651258653,0.028097440978627906,0.019176248970532262,0.04109694380160287
1399,1,0.0023533777031696217,0.002069006739884867,0.0007154257837264188,0.005561255358365715
1399,2,0.02510458304887346,0.022808374787898288,0.004754549778938234,0.058444341952931335
1399,3,0.007809039051225923,0.007272554034046584,0.002208778479953359,0.016318915951724453
1400,1,0.0045027562666454446,0.0037660361610158625,0.0014654832625975757,0.0119018813278074
1400,2,0.0558333957562723,0.0421518499571026,0.006138111021125082,0.1833370078014782
1400,3,0.014580329468179729,0.012768460126577466,0.0055855974515332234,0.03499854044613267
1401,1,0.005021671485189733,0.004513391620353423,0.001875441533708899,0.011111459798710472
1401,2,0.06143480762983518,0.050315377237922315,0.007791681121008567,0.17538688694854293
1401,3,0.0163133047377387,0.015531304449619275,0.006924893918179547,0.030187649921343224
1402,1,0.02946852871026657,0.02696371321351758,0.011291966102749944,0.062105816503948565
1402,2,0.01664981645672374,0.014998101074796315,0.005678030653266482,0.03723334766419347
1402,3,0.021962661243866536,0.02156650626226573,0.015229701283445446,0.03104606575981577
1403,1,0.004878513844355083,0.004379871458322486,0.0017621795938573925,0.010892545396612179
1403,2,0.05755905492143355,0.04897199241599463,0.008042968572083432,0.15507131749773628
1403,3,0.015926463033300562,0.015201315730182826,0.00612946143731133,0.029919845622584974
1404,1,0.0040524623300153455,0.003746147846522126,0.0014875417307137736,0.0083190554351562
1404,2,0.04689734959578305,0.04087194945120746,0.007656979731838641,0.11994877207129592
1404,3,0.013652198173216093,0.012946795542429309,0.004602915333083355,0.026679045098595533
1405,1,0.004798998946539607,0.004287537525156714,0.0016818458896214394,0.010977012807299992
1405,2,0.05733168069399722,0.04743989377866386,0.007659882536925747,0.16253011206748114
1405,3,0.01570221631742989,0.014727210392738242,0.005951823020663528,0.03132706944030408
1406,1,0.0045737797694252085,0.004264485825658162,0.001973251122624637,0.008928545105420441
1406,2,0.06346483653364139,0.045425383593554886,0.006304525074538612,0.22149210681366363
1406,3,0.014878984829737728,0.014391393451235735,0.008202799007769069,0.024331442699670535
1407,1,0.009254528015865465,0.007968780783551434,0.003151027236513717,0.023149869344654357
1407,2,0.12251385746013593,0.08714547351385565,0.011856877805988363,0.4335462272242128
1407,3,0.030381633013504085,0.026707229656504246,0.011887243631286055,0.07068017272324134
1408,1,0.10771841715358854,0.09124404674128876,0.026279886656110623,0.28515561531302025
1408,2,0.06462760173061133,0.05049169413653935,0.011654161646016861,0.20104331110323795
1408,3,0.08552151321517067,0.07310765742579778,0.022240967604410276,0.22025169987958534
1409,1,0.004735838530091594,0.004421217417074302,0.001780736575401388,0.009554296430076038
1409,2,0.054564860309850145,0.048281659915752936,0.009125780733206365,0.135951997798764
1409,3,0.01607241947791935,0.015193006579268687,0.0053753163437228225,0.03192009997657708
1410,1,0.003002144224825887,0.002758601047547121,0.0011526591038966457,0.006233286126983585
1410,2,0.035161860899304745,0.030710901185272265,0.00536153829009976,0.08940489679998886
1410,3,0.009920680060471013,0.009567843303703326,0.003818978267799345,0.017986748600381613
1411,1,0.004421314042456604,0.003963232918691936,0.0017341729255270493,0.009489150863740227
1411,2,0.0572717354840794,0.04286914266630656,0.006371210383893986,0.18812724665117286
1411,3,0.014424977191800133,0.013492545291214643,0.0065917913302857775,0.026384298420673215
1412,1,0.006351018748570566,0.005521310757110043,0.002191463022675233,0.015369130892026094
1412,2,0.07700805458890048,0.06122302681393684,0.009754923029054428,0.2340892036972099
1412,3,0.02108796949786352,0.018897015720225285,0.007352806548630157,0.04830807976398751
1413,1,0.010626796524486743,0.008951287559333323,0.003325304219384372,0.027756286265217534
1413,2,0.14334313436880622,0.09757524195254182,0.012490991572624035,0.5425801608755179
1413,3,0.034478438440946925,0.030091099143828418,0.013135786858982692,0.08155231345467723
1414,1,0.006989410454646767,0.006716915155865144,0.003186371888992258,0.012292070281436014
1414,2,0.08872361827561277,0.07161195947455526,0.012202716993560557,0.26421532150995175
1414,3,0.024299302332239425,0.022762464443546685,0.008965492541079936,0.04816366957389913
1415,1,0.008431247085248469,0.007518192267093895,0.0030687600282828407,0.019109802823508264
1415,2,0.1129901884759796,0.08170218169076807,0.011118731293181309,0.39346163350391894
1415,3,0.027400964929861108,0.02537520286291406,0.012273489859407984,0.05450874997133535
1416,1,0.00542710322842355,0.004985487129333287,0.00238311773204302,0.010877209324644787
1416,2,0.07176510479043847,0.05452677813562613,0.008129099870617882,0.23055827645088486
1416,3,0.018051323467996493,0.016882229500438516,0.008438046656007203,0.03378973114000128
1417,1,0.004782891160666526,0.004535169224985381,0.0018174755538444582,0.009180866207827584
1417,2,0.05512616623735767,0.04914708001185495,0.00963808675818313,0.13548709104675555
1417,3,0.016485611494877008,0.015502839255677272,0.0052988954104321705,0.03357159930222877
1418,1,0.023402914335357718,0.02172234178755042,0.011008016845609448,0.04582519359581143
1418,2,0.010042462768899283,0.00794697996194886,0.0020696248124941158,0.03045846238200792
1418,3,0.024309871234905273,0.022536598871904415,0.01137766784675334,0.04775059729891757
1419,1,0.005041228507770968,0.004435487223955069,0.0017850722616730298,0.011962915466583126
1419,2,0.06192524361499576,0.048916012154263395,0.0077330143179935515,0.18945691492172034
1419,3,0.016592772997665633,0.01515388783686658,0.0062234699266522225,0.0356229351046991
1420,1,0.026374377168917263,0.02514063419618516,0.01227516279024791,0.047495701240360344
1420,2,0.01564199322945946,0.013890751637315096,0.0050115033543469065,0.03639109217445427
1420,3,0.020791235784667517,0.020088071111668937,0.011594679688998058,0.03425389235694993
1421,1,0.018942192667707126,0.017987286505265508,0.008617315893098691,0.03481974365587069
1421,2,0.007919571182767376,0.006479023621315854,0.0018143575935344102,0.022306186916968413
1421,3,0.01914001452917694,0.018482167804105297,0.010946779613446627,0.03129341045412005
1422,1,0.009448866829942303,0.007805915612000886,0.0028243577508326187,0.025974892903482292
1422,2,0.12343241939497897,0.08545881613889714,0.011416845009764379,0.4608294578742574
1422,3,0.0308195224879398,0.026176381437257416,0.010757089707263596,0.07833338667140931
1423,1,0.006584913720093318,0.005659026500080058,0.0021442642540028052,0.01646362186294627
1423,2,0.08391148773836461,0.06240325878918296,0.008661892531670122,0.28129431056716747
1423,3,0.021294212911658447,0.01916462155164432,0.008363590817002258,0.04687992965928754
1424,1,0.004074673692089687,0.0037774120036844763,0.0017373190685192577,0.008102383955992016
1424,2,0.052789179801359366,0.04144851914497508,0.006181668779061731,0.16051833283510938
1424,3,0.013317257421981473,0.012908129781197791,0.006644146303092789,0.022351741829002972
1425,1,0.004154855972346407,0.003767067116339955,0.0016297300510657638,0.008817591087726784
1425,2,0.05145493076047708,0.041496712850701514,0.006698344030047652,0.15194433937368806
1425,3,0.013758135688640295,0.012906645179268539,0.00559462213647416,0.026370309901038093
1426,1,0.03240151749968564,0.028846353594003137,0.01110861324099165,0.0743939020109329
1426,2,0.012936449936751804,0.0104905780503755,0.0028556723453581653,0.0373340009168272
1426,3,0.031080800264296035,0.02949607281826011,0.018136097283234537,0.05330802357810146
1427,1,0.03098524411488592,0.029181173335614007,0.013072424984175938,0.059212944815576075
1427,2,0.01263041149435937,0.01054420092485904,0.0029954417341786026,0.034396601368564
1427,3,0.030744650220273523,0.029923289646681013,0.018725475348426605,0.04733015595825037
1428,1,0.020498954434254025,0.020113136192001366,0.0127844755994981,0.03042562665093013
1428,2,0.009135878840122643,0.007279280902589426,0.0018792324256171058,0.02728607073126305
1428,3,0.02216811517232854,0.02103307826930239,0.009835066917892833,0.04100972885551342
1429,1,0.019722042217170194,0.018131094549127865,0.011304435178374542,0.03798801079294889
1429,2,0.008934278607922248,0.006789000730984661,0.0016125333312461394,0.0291425625733583
1429,3,0.02169243896298453,0.01928168390215004,0.00801497460921537,0.04959783326871229
1430,1,0.0071167738565709555,0.006536211474032095,0.0034581287673547917,0.013546057786431772
1430,2,0.09998953553965939,0.06944565517815159,0.009932091993592575,0.35375925435577316
1430,3,0.024084347909804866,0.022079333428274155,0.011201818578859503,0.04627115716171356
1431,1,0.007212493189435803,0.006764244807208534,0.002694487783396383,0.014330904809830541
1431,2,0.08649410512004428,0.06835909372281612,0.011697847460602982,0.26658599314372644
1431,3,0.024505178371782118,0.02300445442792245,0.008403354816444822,0.04948263231683965
1432,1,0.005002553604155262,0.004388796913809982,0.0017858509611018232,0.011917269400705652
1432,2,0.06505273204353693,0.04825994981778333,0.006781875051017752,0.217183780169772
1432,3,0.016122891619316678,0.014803625852546153,0.007234374787189717,0.03299659403388705
1433,1,0.03430921979643721,0.03199057186650029,0.013853477317859584,0.06795246472781355
1433,2,0.013911050957969276,0.011571739662777192,0.0032630695930403303,0.03819047225492663
1433,3,0.03378730972123005,0.03278260480492269,0.02052215910678842,0.052652488212563735
1434,1,0.008146441888037013,0.007075897755016328,0.003023606768255117,0.019620397251539225
1434,2,0.11155251802039008,0.07636404952199266,0.010315712331294165,0.4190338372981806
1434,3,0.02676701537645301,0.023673012869020463,0.01159308790455862,0.06075579437531674
1435,1,0.024776621170264634,0.020629257539373398,0.0053732261596771405,0.0691798443649846
1435,2,0.27436430503848946,0.21120420956962516,0.040671853751944154,0.8797473110821388
1435,3,0.08633747581504002,0.07002882487128936,0.015794584002317,0.2526052727146868
1436,1,0.0051924509629014915,0.0048969209706668185,0.002380544740691655,0.009705110892473305
1436,2,0.06986378624584771,0.05268388520035385,0.007810836305205378,0.22681072998041213
1436,3,0.017213045616714166,0.016604927856269793,0.008679652171740918,0.029285012450572766
1437,1,0.004266205380390977,0.003883109211939487,0.0016665116620082664,0.009067111128173025
1437,2,0.05245741931914774,0.043083423563909956,0.006820687960633681,0.1481886649252852
1437,3,0.014008089555734432,0.013363690183156442,0.005894810424865742,0.026074019328482908
1438,1,0.00543189814573801,0.004878697949843617,0.002149221366695776,0.011519673932419768
1438,2,0.06719503502769877,0.053772426251998434,0.008840310233030746,0.1976976231502594
1438,3,0.018248234028311303,0.016699505463996817,0.00692876454849809,0.03746318757995527
1439,1,0.007056238045809183,0.0063077938601760345,0.002545843642974876,0.015916782992187916
1439,2,0.08669495328844518,0.07003348822965226,0.010753403250172296,0.25437943716682976
1439,3,0.02308195240244926,0.021609209115732123,0.009201567324231876,0.04555102243789299
1440,1,0.018252201780739778,0.0169815511676989,0.007372989078707737,0.03644748996470054
1440,2,0.007504605103390422,0.006105720329544569,0.0016999138167525134,0.021370309966814403
1440,3,0.017965598676727312,0.017308672037403758,0.011205352443847315,0.02860072968848785
1441,1,0.007399555938170029,0.006726224763820763,0.002798439708077154,0.015812494995297525
1441,2,0.09017580777283479,0.07438550686790613,0.011997930357009199,0.25678618205532766
1441,3,0.024514676809366406,0.02310312341327604,0.009507831751259365,0.048084131319863097
1442,1,0.005471973816230868,0.004829528268041799,0.001990747199749552,0.012767733298151276
1442,2,0.07016143947605127,0.05312222112740086,0.007801962641321415,0.2282364208425947
1442,3,0.017892032706951274,0.016337523312213505,0.007490346295286018,0.03753385738627385
1443,1,0.007527986393181631,0.006400838309639817,0.0020276183495808284,0.019678585202699446
1443,2,0.08162148273420333,0.0690827654678044,0.013689667562293511,0.22413368166054592
1443,3,0.02532838100054883,0.022065882476931694,0.00627680641892515,0.06438557839730376
1444,1,0.00470337709667603,0.004306371665492321,0.0018320361850818483,0.009834661002089478
1444,2,0.05700610625509944,0.04783829096051839,0.007822644391991953,0.15586012788092518
1444,3,0.015487931958596332,0.014842404504203693,0.006389202583510223,0.02839745726280144
1445,1,0.005972119294568221,0.005640497789181643,0.0025408260442896127,0.011362976532778759
1445,2,0.07302932932506338,0.06146808231380598,0.010651675405007227,0.19849875281601162
1445,3,0.0204161861456174,0.01921622468807272,0.007621787140721458,0.040176950366800995
1446,1,0.004243141971639217,0.0038572180532587437,0.0017133627961829535,0.008964740563882731
1446,2,0.05783044229945673,0.041735069437916134,0.005831743166470854,0.20046642689274913
1446,3,0.013737360834853073,0.012949570674664315,0.007300747561554178,0.024555799076597933
1447,1,0.005265087487447762,0.0048424096713127526,0.002045603949411031,0.010949073443932762
1447,2,0.06328125065137448,0.05349788419182518,0.008911268192039875,0.1713315111212338
1447,3,0.017492099393329203,0.016695783391777456,0.006796481454049467,0.03305362789369314
1448,1,0.017957409483491688,0.01721332732257519,0.00843333289629026,0.031758972597246096
1448,2,0.007525415937544289,0.006192463878174625,0.0017322743096958918,0.021036492538123223
1448,3,0.018208070394158407,0.017685766490960455,0.010556557555730497,0.02890160798880056
1449,1,0.004160504629832515,0.0037638615651601854,0.0016756130459284811,0.008860544015680025
1449,2,0.05464099691401849,0.04114422060636634,0.006020581790794817,0.17713946403984282
1449,3,0.013557934247823268,0.012810249785621751,0.006525754838505485,0.024642747346794367
1450,1,0.02171560993306227,0.020545798618814646,0.01128508119754141,0.03917089914443207
1450,2,0.013096365468213696,0.011462177328381725,0.004080091270237816,0.03167469694470931
1450,3,0.017485307438546826,0.01648913660994112,0.009146024538387167,0.03188115800215684
1451,1,0.007778663237699917,0.006923749394087455,0.0028043642441453005,0.017722602964667624
1451,2,0.10094361455970319,0.07577555814469168,0.01072288871388306,0.33298534339709407
1451,3,0.025331952560550475,0.023392195904523905,0.010832567627900101,0.05103260767297281
1452,1,0.004036821070349161,0.0037652995077366797,0.0017303654804385583,0.0078843095108768
1452,2,0.05257811379079018,0.0409929852180012,0.0061931432469851935,0.16362524833264178
1452,3,0.01327658500900372,0.012839669609565221,0.006373406762026983,0.022656254979921128
1453,1,0.0027310177326971556,0.0024106127692478767,0.0007532247191166056,0.0065940106379099575
1453,2,0.027812851997240186,0.02604225484046436,0.006256669743070783,0.060211086550458114
1453,3,0.009196618403017436,0.0084296914954187,0.0022684096175917857,0.020694708666653124
1454,1,0.004309885713927043,0.0036673151623437946,0.0013139051268880413,0.011140923640006071
1454,2,0.04880318631438381,0.04041036575265282,0.007416159306852468,0.14018516498992492
1454,3,0.014340649352395365,0.012676002281774588,0.004195263855944216,0.03482617718740608
1455,1,0.010699729425816002,0.009279636933207613,0.004140694606547872,0.025865140054946056
1455,2,0.1445650142382556,0.1012593349167642,0.01433688527950867,0.5267822271602682
1455,3,0.036152572816861225,0.031452526979336,0.013505618212735769,0.08764852816557481
1456,1,0.0049370197647886326,0.0044596911569680705,0.001820334044488556,0.010845508376991858
1456,2,0.058522123932017694,0.04946848342353784,0.00833894300461462,0.15931288015470832
1456,3,0.01633815318923474,0.015388145263824855,0.006057859475959199,0.03231305326792464
1457,1,0.005873838950617485,0.005336950696234407,0.0023225355118248817,0.012531203541644765
1457,2,0.0737275876749951,0.05867462071105643,0.0091694998202826,0.22221765851220604
1457,3,0.019482663265399495,0.018217666755187344,0.007984869521599734,0.038362973706893316
1458,1,0.004645287954049248,0.004159130762929284,0.0017156677676572014,0.010412505376758766
1458,2,0.05684040540643206,0.046200905846767566,0.007142420019631424,0.16545441161493363
1458,3,0.015147816954885504,0.014270920279304778,0.006256727024505769,0.029071782814555303
1459,1,0.014234390148610611,0.01324851155882429,0.0057323635843600845,0.02834974454213683
1459,2,0.005741688564230405,0.004792400152882822,0.0013791559754063542,0.015533636641965892
1459,3,0.013826831729165752,0.013643338184562356,0.009517748766008907,0.01918449455796386
1460,1,0.007366598903543581,0.006610758681020252,0.0028328044135410113,0.016254613084152738
1460,2,0.093180707582396,0.07318895172379468,0.011078020296458657,0.2873064311309585
1460,3,0.02450254498452289,0.022435512857549304,0.009695700881528555,0.05110186263997658
1461,1,0.005890596960359534,0.005176893227860154,0.001919823184075658,0.013984142346637985
1461,2,0.06844540049854891,0.057560571339495575,0.009713349639206474,0.18856179531799028
1461,3,0.01937812478764005,0.017885688778265185,0.006506356398870658,0.040944950294199825
1462,1,0.0035051223510452452,0.00314704049195522,0.001261265000036534,0.007821813229496708
1462,2,0.04144119018033263,0.03505372294439531,0.005886157034343389,0.11334523125484784
1462,3,0.011489894172870179,0.010895968827993114,0.004338246542170932,0.022314821198718332
1463,1,0.007417469579273334,0.006289099810919405,0.0026808272422444938,0.019064135397139057
1463,2,0.09210508613020801,0.06941125571004285,0.011344954804268939,0.3024986506827079
1463,3,0.02519237990483102,0.02144977429288262,0.008323109537185916,0.06510152976934817
1464,1,0.020365603688870873,0.019211105854291907,0.008601281794209811,0.03866919218688732
1464,2,0.008361121239367438,0.006910747989201539,0.0019642136858446157,0.023324430819938055
1464,3,0.02009506906313879,0.019703253170300018,0.012924813321634906,0.02946242740056701
1465,1,0.020935754718541918,0.01898199218319167,0.00864240065131855,0.045004361519378505
1465,2,0.008580649077035195,0.006949140160082754,0.0019132761984522733,0.02458459163713485
1465,3,0.021154188151014174,0.019400205291762427,0.010795085211132198,0.04239050974202956
1466,1,0.011935487588682956,0.010173552089342827,0.00421208469878342,0.0303637892801116
1466,2,0.1577293973524207,0.11014398476657966,0.01562920432554478,0.5803750803323185
1466,3,0.04029675352507452,0.03434502575355503,0.013911907689587468,0.10263279546322841
1467,1,0.01789307614833751,0.016819132486494786,0.007966843538924313,0.034235726713490164
1467,2,0.007537273159663823,0.006063098940400386,0.0016621658994719103,0.022128657243323753
1467,3,0.01805680744156536,0.01720191593833837,0.010177848974133284,0.031096382878116963
1468,1,0.003959350185107649,0.003586977535835488,0.0015960916484325928,0.008345476864155986
1468,2,0.05433854681754918,0.03883618292619177,0.0052774009137457846,0.19044092907956967
1468,3,0.012745515760305456,0.012086937901912015,0.00691252576437461,0.021687966869740692
1469,1,0.01581785848813848,0.014483554344219218,0.006321708062799619,0.03237034181640628
1469,2,0.006483850263331054,0.0052270779122799175,0.0014750556750683602,0.018778193996298854
1469,3,0.01551604425313778,0.014732169509610338,0.009855223041527535,0.025480326911920117
1470,1,0.00768320483039519,0.007112058820633861,0.0030468900120275044,0.015634938107439537
1470,2,0.09275082117747167,0.07800987792706461,0.01353188895799769,0.2553278802718553
1470,3,0.026212026532933527,0.024254592493518988,0.00926413626920317,0.05476420021054178
1471,1,0.007805019072353971,0.006779953299898554,0.0030425982357593887,0.018658596810139136
1471,2,0.10275396823186034,0.07477799203236124,0.010959378589547632,0.35198346488057636
1471,3,0.02602960965435169,0.022902862814825287,0.010592012248322935,0.06092620329128996
1472,1,0.017024725129315264,0.0165177207433517,0.008517576788921283,0.02840581752166919
1472,2,0.010153735555846814,0.009050113959129587,0.003369342951077017,0.023295287837663964
1472,3,0.013361861839486601,0.013182412684830485,0.008507026032911261,0.01919186224198411
1473,1,0.005004854991423183,0.004407844877479835,0.0017643985459925504,0.011699634383120074
1473,2,0.06095404344047757,0.04908907729241822,0.007692066606260902,0.18171509123770235
1473,3,0.016354351478662845,0.015091992868340013,0.0063643643340524445,0.033717550558699856
1474,1,0.0035102871203419425,0.00304755090004097,0.0012404954937300576,0.008437175399621261
1474,2,0.04275165672502909,0.03414196841283579,0.005264736042012567,0.12703842133255888
1474,3,0.011409364810292828,0.010442615620022678,0.0045621168859062275,0.024152537787095602
1475,1,0.01386159052913884,0.01367927129970144,0.009465126125878881,0.01929706302142312
1475,2,0.008846212042877903,0.007588539930637831,0.002440895106679061,0.02241116575834492
1475,3,0.011774948882440583,0.01105393173251138,0.005125446449830861,0.022496264562922835
1476,1,0.00560781705731751,0.004874875781351657,0.0018552357669381252,0.013765985620570397
1476,2,0.0671772715420653,0.05421618317886678,0.008474394975981315,0.20048356005940446
1476,3,0.01836245760862294,0.016706490384111136,0.006505070730912464,0.04013398007820139
1477,1,0.011790894712123868,0.009613901505727482,0.0031488677176493107,0.03336442716012246
1477,2,0.14189183583563775,0.10509116609547478,0.01599934292865314,0.487091607359031
1477,3,0.039159905836881496,0.032761903993533785,0.010566720072948543,0.10621972389758405
1478,1,0.005563540394440148,0.005075819438677949,0.002181455713896795,0.011706279303389643
1478,2,0.0683280265839786,0.05617727153098526,0.009019938777644912,0.1956436766636274
1478,3,0.018503015596342702,0.017408080717767976,0.007320808844560433,0.036314918647984695
1479,1,0.00939668738545158,0.008628632537537553,0.0036403993482747783,0.01954225675478568
1479,2,0.11383653040132745,0.09469972466196193,0.016104006131871147,0.3201595537551471
1479,3,0.031989353800749756,0.02946384356762238,0.011130138712760652,0.06750618731681807
1480,1,0.00436058545711771,0.00383065163045401,0.001442428426940475,0.010414919387568118
1480,2,0.05117647028429533,0.042036872609896,0.007312226708573612,0.1488198036188834
1480,3,0.01446337324346184,0.013227706842683887,0.0047144489122454385,0.03183924791282434
1481,1,0.005590039250083796,0.0046002712016408286,0.0018254833481164518,0.015340596660457525
1481,2,0.07511560462521667,0.05082176311044254,0.00670488033061873,0.28423905989140313
1481,3,0.017983797509968102,0.01532897482889744,0.007653778112783972,0.04502101565972746
1482,1,0.019078276223347523,0.013537336035938746,0.00370455315384138,0.06757908604083998
1482,2,0.22393073419311055,0.14391781240815593,0.02222965506533173,0.9093475695742265
1482,3,0.06474156713266498,0.04604574220358734,0.011614015018228216,0.23199727606995535
1483,1,0.010082298292052112,0.00871281071818566,0.0034368272722735366,0.02486801608040915
1483,2,0.13318211185471837,0.09531501133403648,0.013111653822810763,0.4759704890823774
1483,3,0.03316410158224292,0.029371003781931075,0.01277100645068394,0.07613239625011908
1484,1,0.0046726607294547825,0.004112304238471882,0.001797046672139995,0.010696570776696801
1484,2,0.05916490956123296,0.045574932387645053,0.006943946850171683,0.18618556990405824
1484,3,0.015357545477496478,0.01401196856386053,0.006463689433674019,0.031758603003096963
1485,1,0.027219248236175598,0.025569569200836206,0.013452362061217976,0.05080650595114249
1485,2,0.011893365424822971,0.009308230985109177,0.002363956756366124,0.03679980733365719
1485,3,0.02858550715147263,0.02665087726400357,0.01286693282458176,0.055824330637536175
1486,1,0.004852672922727577,0.004318067453265042,0.0017554189496473218,0.01105392901444561
1486,2,0.059974708576592775,0.04804171426843258,0.007140017760195711,0.1783409035944383
1486,3,0.015752908093220604,0.014766581076932747,0.006608663462606036,0.030706310117799434
1487,1,0.019182657981781846,0.017213272388098784,0.006778098956608125,0.04288793350649416
1487,2,0.0076189940493514305,0.006251662427937801,0.0017546872868881129,0.02137315208571882
1487,3,0.018171601620171948,0.01767683510539047,0.012321554934342685,0.026852817265906978
1488,1,0.006889666506995405,0.005614788845960677,0.0019930128851295727,0.01944056350259026
1488,2,0.0853705002528214,0.06213475143613094,0.00876737429895549,0.2979457029231814
1488,3,0.02229278918864148,0.01893606562184349,0.007520661217798989,0.05709359270334075
1489,1,0.0035822833208131503,0.0031961095817749433,0.0013255846593360592,0.008064023779042914
1489,2,0.04423028686331166,0.03564669076940023,0.005490344541257899,0.1306712132858843
1489,3,0.011619769248813631,0.010960988230425295,0.00498534667678985,0.02221538518081266
1490,1,0.007619439792932532,0.006478967399283804,0.0020719291247554643,0.01971900278810075
1490,2,0.08276518394760009,0.07099287984818081,0.013282751130850165,0.22215627295895005
1490,3,0.025176158725432173,0.02247455045765919,0.006683173239290997,0.06001568478281257
1491,1,0.003786805884865662,0.003342983149994474,0.0013624812478852425,0.008835341341994428
1491,2,0.046617007285589006,0.03710137698839712,0.005626803906713604,0.13977812013373855
1491,3,0.012279615190155592,0.011434940957535899,0.005081987599372655,0.024556500800138593
1492,1,0.035276161631521724,0.0314038952573899,0.012344666453787557,0.08082780640228789
1492,2,0.02010348354228182,0.01738459413073098,0.006133652622795227,0.04998614067286036
1492,3,0.026311296740401672,0.024718679355913965,0.01575089655718667,0.04620610130219557
1493,1,0.004497292396942018,0.004001390286228852,0.0016466944501708075,0.010212945255265869
1493,2,0.05623766802360437,0.04442835905153204,0.006557378280917316,0.17070019107576262
1493,3,0.01454827892071082,0.013679867300016166,0.006361748882765746,0.02798020764561028
1494,1,0.01897331573764733,0.016876264269160432,0.006569217713158022,0.04375415211708808
1494,2,0.007536995385796311,0.0061319795206236875,0.0017019979329701421,0.021626624637268135
1494,3,0.017920301601213665,0.017326579461989854,0.011993598216664566,0.02745175955340145
1495,1,0.03861363639611298,0.03528257564534499,0.014301552796297821,0.08201451796731007
1495,2,0.01535907390720005,0.012810241104918508,0.0036524059555983262,0.04175326039528053
1495,3,0.037254468776650285,0.03628284549368829,0.023535470797311633,0.05651222494519667
1496,1,0.025676561251989756,0.02346025181362571,0.00955434548183606,0.05461615569667845
1496,2,0.01016731481589312,0.008518965610464592,0.002458631514992776,0.02746600618288111
1496,3,0.024636771973995806,0.024151563140514684,0.016600985047128664,0.035426551035727255
1497,1,0.005988145482696292,0.005256928092133035,0.0020161413339022695,0.01420616738810624
1497,2,0.07136377221233205,0.05840547064524386,0.009385198617320518,0.2063366245010844
1497,3,0.019552498429348475,0.018072657634053614,0.0070809211867349274,0.04037087222766897
1498,1,0.02074646669451381,0.01871774246381351,0.007844944476897276,0.0448123714106919
1498,2,0.011755242023282365,0.0103945224228819,0.003920491499545752,0.02714364115537523
1498,3,0.015417736219007086,0.014890923717579888,0.010923473485098494,0.022420577750410862
1499,1,0.02309628953192272,0.02071093439266626,0.00813963123113618,0.052164017722618604
1499,2,0.009214469039552415,0.007523340322276051,0.002083398859964125,0.02612848563305788
1499,3,0.02205393703075673,0.02113075181222069,0.014086098198256276,0.03554214207211206
1500,1,0.009813103979136626,0.008801294725924634,0.0035764429647769467,0.021890470057733334
1500,2,0.12340510595475535,0.09718971812039576,0.01433006428260491,0.37856962481795114
1500,3,0.031737929793369736,0.030121560612302496,0.013846752199918799,0.058938836087758545
1501,1,0.035690754017182046,0.0324465041249242,0.012877353988025359,0.07702339144135567
1501,2,0.014310629905516499,0.011704417462400765,0.003284974271823413,0.0401551032959102
1501,3,0.03427581294881147,0.03331478823203833,0.021756268738922595,0.05223238537972422
1502,1,0.005872719799039646,0.0050230300142895855,0.0019217049204777504,0.014785615718893952
1502,2,0.0740531186828792,0.05584426629798901,0.007832494030888449,0.24408849487655815
1502,3,0.01896299536301288,0.017026541080921456,0.00751007677720821,0.042085893820802356
1503,1,0.004917014773963843,0.003994630643269669,0.001522086132023167,0.013794183001947383
1503,2,0.06168263037948329,0.04455254562153691,0.006286885309129095,0.21554463831836196
1503,3,0.01585763433977141,0.013445300676062102,0.005840182692490088,0.0409636230859529
1504,1,0.02967982234852936,0.02746875208875834,0.011769445010505336,0.06046360757974668
1504,2,0.016837411428927047,0.015214137319896797,0.0058179074844027815,0.03724460192814146
1504,3,0.02226371301686927,0.02188887605210483,0.015478283108687083,0.03116104961643417
1505,1,0.006326001181384609,0.005151081449964415,0.0018291878675536777,0.01782920838138356
1505,2,0.07807226481438212,0.05738423906489604,0.008155603891094846,0.2690307520765312
1505,3,0.020466005808174047,0.01743167366927857,0.006957252869841711,0.05224929646542681
1506,1,0.006866456941572125,0.005963057079740751,0.002299320095236192,0.016777034608880168
1506,2,0.09200876011630545,0.06499920492236212,0.008554265568686993,0.3314655367263716
1506,3,0.02198762748782377,0.02001253998997362,0.009712146319588342,0.04571178960098325
1507,1,0.02038538457561277,0.018156459432492947,0.007037177968467427,0.046713205913777096
1507,2,0.008077822854266793,0.006616147256067357,0.001829883992670255,0.022882185359053057
1507,3,0.019281444235479672,0.018625309493796254,0.012708553036716018,0.029675367756401207
1508,1,0.006871214220134602,0.00587615899996962,0.002215364017914074,0.01748279406112363
1508,2,0.09200410741511246,0.06415510310797301,0.008400892225624238,0.3356218501269974
1508,3,0.021959772167408242,0.019743701060790368,0.009369324485449531,0.047689235875519737
1509,1,0.036614593732195846,0.034053853775753096,0.014851770766527918,0.07296264843166204
1509,2,0.02076673641029466,0.018879028951646663,0.007328191069804833,0.04493973677830649
1509,3,0.027621255847855724,0.02716143851137787,0.01897196148402241,0.038829979507475784
1510,1,0.021275019160205223,0.01925015054718364,0.008003609413708273,0.046093737718055534
1510,2,0.012050413799324188,0.01069956879931974,0.0039987403244658905,0.02802387946522041
1510,3,0.015791606041328177,0.015295649974718908,0.01116759843913833,0.023136692082316942
1511,1,0.02783671185720067,0.025525623385222677,0.010519952126567911,0.05856832366526408
1511,2,0.01125655320743826,0.009215405562528752,0.0025610866946265648,0.03186857673320169
1511,3,0.02703700507099594,0.026151203492251612,0.016808214878575266,0.042428915052810955
1512,1,0.029329073185206642,0.02627117192523161,0.010243170236833752,0.06630902402504385
1512,2,0.011780558541811254,0.00951436523049808,0.002598852071320095,0.034223402833953476
1512,3,0.02810345574279408,0.026837502698737057,0.01708992816519941,0.046298349252177164
1513,1,0.004581258730591751,0.004069789191414564,0.0016790608221785353,0.010350714203275409
1513,2,0.05743246578132966,0.04534589250094265,0.006695170426229161,0.17557141729284842
1513,3,0.014806560239446737,0.013953615355925545,0.006478057363917123,0.028123488856600543
1514,1,0.005942504938770248,0.004908483733719304,0.0018190959556096684,0.016291047709499334
1514,2,0.0756938639987667,0.054589201137988805,0.007494188433479159,0.26614502446288535
1514,3,0.019193295899294242,0.016425990898733714,0.007186977147601358,0.04771021682591311
1515,1,0.03073085761574485,0.02662748166552844,0.009561024664342648,0.07580422522855336
1515,2,0.012203374880410981,0.009665521816734635,0.0025442658964298813,0.0369414964681593
1515,3,0.02901251366907217,0.027157726390784113,0.016361241306885953,0.052350932001887035
1516,1,0.005462703026620712,0.0048224258996643,0.0019358324624414716,0.01273637885050969
1516,2,0.07301574030274811,0.05260816675225612,0.0070241239362284985,0.2539359526058021
1516,3,0.01748196407357779,0.016257218409074216,0.008306730038996487,0.03409328825332112
1517,1,0.050600363540971076,0.043894153419310716,0.015790504651956572,0.12482488255854052
1517,2,0.02046491953294677,0.015924743613849532,0.004032205246812745,0.06386485369478402
1517,3,0.04886625814796033,0.044567935343625534,0.024130808389321603,0.09831256787448965
1518,1,0.003151585258416277,0.0027774754547218302,0.0011850994060606714,0.0072008395070331825
1518,2,0.039349114943169415,0.031129177968621,0.004632550389953069,0.11752547913597612
1518,3,0.010202504911566391,0.009511492401286736,0.004522747568917003,0.019660334909867162
1519,1,0.00274316860161951,0.0024971477709441105,0.0010775143947917706,0.005825507810189333
1519,2,0.03392348912266195,0.0277372591511962,0.004324754217300785,0.09688304596643466
1519,3,0.008889341991952003,0.008626544002657166,0.004053605056993726,0.015217161552422753
1520,1,0.00514293701790074,0.004500033763665542,0.0016654622053276723,0.012359140958996533
1520,2,0.0593566320138417,0.050098087379985494,0.00850056593021671,0.16415353219810658
1520,3,0.01690783701612439,0.015558035909179747,0.005627325782378065,0.03620091605226239
1521,1,0.03246641455226414,0.029572268503808972,0.012281398962427291,0.06923876853816535
1521,2,0.018269502002733654,0.016438017280398027,0.0062601315328228635,0.04069833861842817
1521,3,0.024125727250666838,0.023683321523714992,0.01670500596533086,0.03413662558759442
1522,1,0.010117552607171934,0.008734905636822303,0.0032559773553508895,0.025174746145747603
1522,2,0.1321740475906019,0.0956768073066939,0.012742970108075583,0.4598002508294213
1522,3,0.0325036990387976,0.02951446163032818,0.013236707626807913,0.06914668042558265
1523,1,0.004236005965669382,0.0037744363798768764,0.0015627431520559153,0.009631041200605404
1523,2,0.056688479599691824,0.04125312832335614,0.00567792437258224,0.19467691491822475
1523,3,0.013577655853841854,0.012777052273163485,0.006770151849785203,0.025087872374497028
1524,1,0.04062064710917785,0.03670304878191265,0.014678029085006785,0.08896314325770724
1524,2,0.016042750008649492,0.013374233101046587,0.0038179297173769372,0.04381205940243411
1524,3,0.03865977382959703,0.037955897375576725,0.026054410367860555,0.05528612122639012
1525,1,0.004450908100072889,0.0037243183339795887,0.0014639035706973105,0.011726284544785403
1525,2,0.056151952457620516,0.04165753433374958,0.005922080330384273,0.1894631220868326
1525,3,0.014369748521791074,0.012567163456866808,0.005680465729741278,0.034259733888968955
1526,1,0.003000503678394977,0.002738029739306809,0.0011970908779184637,0.006307958434852421
1526,2,0.0400860553267768,0.029876719461120207,0.004168999786034059,0.1315825463874411
1526,3,0.009611632305604486,0.009323790703944334,0.005248264078746037,0.01564023029662291
1527,1,0.007022042509508349,0.006175640266393018,0.002403087391385117,0.016588242444099958
1527,2,0.08814865274719144,0.06829138055049348,0.009869438549592043,0.2773392758731938
1527,3,0.02271405999807835,0.020986700600439445,0.009241801964666917,0.04601867779445659
1528,1,0.004066766416044985,0.003421848832051793,0.0013946927167413801,0.010621775642878254
1528,2,0.05134552095475504,0.03824089491327182,0.0055467614131209575,0.1694403645620341
1528,3,0.013146528142579144,0.011552541965181268,0.005469417623243614,0.030740007481260732
1529,1,0.0036533699556596973,0.0030694526599578543,0.0012886224217383484,0.009136643950063014
1529,2,0.046244416762093336,0.034435450716770385,0.005008645023958807,0.14716007484882793
1529,3,0.011798064908759698,0.01041476841974533,0.005055527086246267,0.02634926648159675
1530,1,0.024998799204678738,0.02245851599839533,0.00876422494000299,0.05609151639169072
1530,2,0.009995787013772022,0.008132760319222877,0.0022373030496029346,0.028648572561559418
1530,3,0.023867248851551913,0.022943123474211014,0.015132612304478136,0.03787213223555512
1531,1,0.004778486918206754,0.0042526509576966956,0.0017371850637391915,0.01085522871028956
1531,2,0.059485822259060704,0.04716327582328055,0.007053013771788309,0.1795341396703195
1531,3,0.01546007784667201,0.014544035075824979,0.006682433391857517,0.029622082551236467
1532,1,0.0028618816237948055,0.0026098992839477674,0.0011458789027156634,0.006024878094766562
1532,2,0.035710235455628424,0.028961155601542013,0.004432545724610226,0.1035054430864642
1532,3,0.00926345477589061,0.009003589531919279,0.004381990864492134,0.015648987396366627
1533,1,0.07004301706302417,0.06770662460056232,0.03435145105796682,0.11934513969637907
1533,2,0.03520315554478749,0.032928402773426506,0.014642415811213906,0.0689511418819796
1533,3,0.04562229328987244,0.04486742743904971,0.0288181543765449,0.06657762489583129
1534,1,0.025920666199403867,0.02329665659081211,0.009160735414641236,0.05783669751816317
1534,2,0.010160968087865875,0.008496946314126268,0.002437909947385164,0.027530578104805227
1534,3,0.024617997609159035,0.023992235227721537,0.016218669781424333,0.03654416912319976
1535,1,0.03322184788395636,0.030435173729454604,0.012770187683374812,0.06981184187523627
1535,2,0.0187315251933081,0.016902514589364405,0.006446858048506583,0.04166732905543514
1535,3,0.024713626801047953,0.024339945958992304,0.017376881558890608,0.03421539849525739
1536,1,0.005683380036510806,0.005045102379168331,0.001975593342642564,0.013060093429842667
1536,2,0.06645468217431454,0.056353586413145584,0.009417659884489907,0.180059958114226
1536,3,0.0185952572661366,0.017476002015952626,0.006754934121448799,0.036805279068566524
1537,1,0.00494871355412927,0.0038992759942242305,0.0014932438214382252,0.014745423506917647
1537,2,0.06635943691475522,0.043211544427785215,0.005631594561843506,0.2594547998437438
1537,3,0.0158342286026694,0.012951006786930687,0.006359824612085842,0.04348223182586718
1538,1,0.005122327672926527,0.004402964463669662,0.0016621482472049488,0.012817617449729507
1538,2,0.062103884929178996,0.04893598379347598,0.007407644501043179,0.19280105031747022
1538,3,0.01664891758006107,0.01498022780277368,0.006088019136774872,0.03715238167079157
1539,1,0.024001856130155277,0.021799538032586524,0.009081214890487965,0.05167027361774279
1539,2,0.013622204968927734,0.012100504128146367,0.0045115286096053695,0.0315470748062696
1539,3,0.017900077343343902,0.017237919896679492,0.01222895284020022,0.027640997621204352
1540,1,0.006903169334662517,0.005866993932966588,0.002055733961466255,0.01787754604970195
1540,2,0.0805972167004017,0.06495775358425275,0.010479581571858283,0.24156668849889237
1540,3,0.022604824980164445,0.020142956843523033,0.007118281403715379,0.05239306108381158
1541,1,0.003529827268471552,0.003042806342656265,0.0012630811911804685,0.008568027856296722
1541,2,0.04378779109719307,0.03398358583572801,0.005126198894915897,0.13561776654863686
1541,3,0.011440766274743646,0.010363928480706257,0.004803036169948092,0.02449479831130661
1542,1,0.029216891625203262,0.02613555464733762,0.010508724859999917,0.0655125571982924
1542,2,0.016595476580458283,0.014495474257425417,0.005240953764216182,0.0400959748117313
1542,3,0.0217377734105113,0.020684341745577005,0.013808690089836415,0.03610934449793712
1543,1,0.00495609549572356,0.004344886679832275,0.0017495143006728677,0.011822602376173117
1543,2,0.06418403102750413,0.04788135773178495,0.0066712739559513425,0.21343336277713634
1543,3,0.015952487813581905,0.014687188064225708,0.007150252253584572,0.032306424780182
1544,1,0.0083316809387954,0.007236211929282012,0.0027680585618146338,0.0201377085558264
1544,2,0.1123476483991671,0.0784493231020768,0.010292604487604006,0.4075335978038901
1544,3,0.02660524382565293,0.024391309034649113,0.011758142640253438,0.05432890109052208
1545,1,0.003544240797053787,0.003032899542365208,0.0008840530203459162,0.009127829955233391
1545,2,0.03525095147778081,0.03253444319395253,0.00802953911388786,0.07900268468124907
1545,3,0.011905425938127089,0.010622922109678978,0.0026728693936301207,0.0284680983407411
1546,1,0.005473585875555689,0.004794371903474642,0.0019024634707052654,0.012968378977495585
1546,2,0.06978350319245581,0.053067451954153286,0.0075696413043710685,0.22613918650839515
1546,3,0.017660806245934642,0.0162786864483832,0.007560829998912963,0.03589542474875412
1547,1,0.0043530004565852575,0.003662870087014887,0.0014446942585693043,0.011369293101669418
1547,2,0.05527455840853179,0.040731197922232634,0.005753560763910216,0.18617639414498882
1547,3,0.014062984080504291,0.012320330792107722,0.005722177428478173,0.03326012827053421
1548,1,0.004777045586816948,0.003905995278353752,0.0015286694269640068,0.013363891074775668
1548,2,0.06107349773322791,0.0435778800583871,0.006051923185840077,0.21584497226789406
1548,3,0.015378769740720286,0.013115126946514346,0.00606656693620939,0.03894982474352062
1549,1,0.009741229902244432,0.008520518586612185,0.003263127376572651,0.023302980507472874
1549,2,0.12484255191079793,0.09358294787792754,0.012920952795391391,0.4122362980005924
1549,3,0.031461331165939105,0.028881794627718074,0.012816965825030306,0.06495455432200066
1550,1,0.002816650146327508,0.002559548638553872,0.0011121165538088046,0.0060151046246937285
1550,2,0.035803509971429594,0.028184354814045538,0.004185181133567948,0.10831727043971369
1550,3,0.009058058739292954,0.008777705756200942,0.004434852907865581,0.01529953260835721
1551,1,0.003524841449617131,0.0031842177646064004,0.0013720713309566368,0.0076785251511041815
1551,2,0.04653111767332885,0.0347999269734995,0.004871890731601477,0.15283837646486584
1551,3,0.011305942944585617,0.010784928071757542,0.005875449523396776,0.019647957963939977
1552,1,0.0034533615906627807,0.003181272251356112,0.001418039556857315,0.007056789007712786
1552,2,0.043568328105158025,0.0350640269663661,0.005406885824425462,0.12807800555814616
1552,3,0.011275090379003216,0.01092642152798588,0.005231397465899503,0.01930529237643332
1553,1,0.038652158360244215,0.03386042702224119,0.01250597837453307,0.0923855168882313
1553,2,0.015410630050172538,0.012329184756379605,0.0032654408942506983,0.04540887848128615
1553,3,0.036830977622547736,0.034671111418330694,0.020355374065930947,0.06559810561517601
1554,1,0.0058423068582679795,0.004826745499344467,0.0018477106837272168,0.01605739305376704
1554,2,0.0776535094580786,0.05337358988498985,0.00703937705056854,0.28655123514213743
1554,3,0.018729269835364458,0.01612148736687146,0.0077455087947084595,0.046083815072449956
1555,1,0.007927994971643183,0.007014792836888778,0.0027801887347261504,0.018536244738782584
1555,2,0.10056694546850073,0.07731303919385618,0.010960643186403465,0.31962191491405717
1555,3,0.02559127355885695,0.023901053421336936,0.010860985961820648,0.05008705988738028
1556,1,0.003497669864474411,0.0031464784612623884,0.0013339144931212245,0.007746863704799345
1556,2,0.0432506355895599,0.0350175308518978,0.005318386914529661,0.12649417027794183
1556,3,0.011331837920599932,0.010819803253324519,0.004989069535044936,0.020675531905447558
1557,1,0.0038467079453994545,0.0034150137152039774,0.0013335043265644447,0.008895807068197129
1557,2,0.04481318461666535,0.03812010918056902,0.006440007852312163,0.12190842426278464
1557,3,0.01263947664072507,0.01179640466884074,0.0045023285273835785,0.026001321195373614
1558,1,0.037767059308832264,0.03315074508565528,0.012293591629921784,0.09005745415925516
1558,2,0.014675018492462086,0.012152058457607518,0.0033744033315444223,0.040436177510146665
1558,3,0.03579637945979936,0.034082644148427196,0.020676537660308934,0.06093538546124473
1559,1,0.005057500050288136,0.004550704999160642,0.0019104640468313749,0.011183451378572134
1559,2,0.06562029068818721,0.05011355076214298,0.0070986840580361706,0.2095553836687961
1559,3,0.016262050765485026,0.0154742463115717,0.007922238934246767,0.02932622892609645
1560,1,0.004776287127894923,0.003852386251944449,0.0014803615707551633,0.013681145694134722
1560,2,0.0605538934876121,0.04310446643980219,0.006036586860353156,0.2138738960424706
1560,3,0.015437037579517919,0.012907070920944971,0.005806099000925215,0.040982878209838564
1561,1,0.021435413488792528,0.018644787807080062,0.0070113255102925995,0.052506543211662794
1561,2,0.008549486276144257,0.006795098904040255,0.001822758670260309,0.02586742775527387
1561,3,0.020257616718980964,0.018885574320144552,0.012505197292094171,0.0363121121519092
1562,1,0.00372954648831115,0.0031638913964468496,0.0013199317065499332,0.009343265028242495
1562,2,0.04704845082177385,0.035436690916797534,0.005199348428335105,0.15308017214985184
1562,3,0.012050195554047361,0.010760916308330103,0.005139368750716927,0.02687818026941493
1563,1,0.005442862919852171,0.004768912484612194,0.0018362320931080533,0.012984676866812971
1563,2,0.0652470386362129,0.052730753410754866,0.008515438596337075,0.19390695966486865
1563,3,0.017909650362761705,0.0162790503145071,0.0063484941311428055,0.03910866893622142
1564,1,0.007972554869928192,0.006835757174427898,0.0025279112483108253,0.020192976939599584
1564,2,0.10317120115446794,0.07506871792309888,0.010134051363752684,0.35903388264963093
1564,3,0.02564112094366291,0.023058862422792644,0.010226007362175547,0.056537580750523266
1565,1,0.003258430484273135,0.0029063715280475263,0.001135547842240823,0.007415012164675066
1565,2,0.037563723458314,0.03243449303501395,0.005563683601529251,0.09836312766569227
1565,3,0.010687049225798058,0.010102055706166537,0.003814926625758708,0.021222978556380494
1566,1,0.009788684727534759,0.008228804537470394,0.0027871338064473176,0.025799804456753634
1566,2,0.11277206499996074,0.09138825756574133,0.014620250883454682,0.3341234073219597
1566,3,0.03209440054708939,0.028289018023399014,0.009508577728100423,0.07666639018291294
1567,1,0.0031104255653912095,0.0027940123887170306,0.0012041658612310026,0.00678501115866717
1567,2,0.038198257376901225,0.03115806188689438,0.004869942540681871,0.10859602484843112
1567,3,0.010112607960868611,0.009614383551045075,0.004469534700831756,0.01811196255735588
1568,1,0.04032106323272938,0.03744186161831448,0.01616981012738095,0.08103791139783491
1568,2,0.02290618642112061,0.020755669071439817,0.00794201215512602,0.050295020517558305
1568,3,0.030484880781085445,0.0298010546973408,0.020050759697674576,0.04472692563799079
1569,1,0.03735131807732083,0.032726461949355065,0.01201516026636842,0.08962755990746149
1569,2,0.014830252303958355,0.011892182415711956,0.0031835289951058833,0.04377193459985832
1569,3,0.035326168160376585,0.03357584733828979,0.020359487097238272,0.06042922335422391
1570,1,0.003849145838831185,0.0033959204842675646,0.001186654277437082,0.009247558042163937
1570,2,0.04193513467356598,0.0376621385854031,0.007304350639102975,0.10246527564281606
1570,3,0.012755974300989048,0.011829422447327563,0.003739114762108811,0.027252808931743176
1571,1,0.0030847110870195022,0.002802109654824643,0.0011969211110357191,0.006625024704048435
1571,2,0.04134833625911273,0.03029675981601222,0.00420260602340025,0.14039967972185655
1571,3,0.009846847018425656,0.009531329039703712,0.00524088355340669,0.016277120728280452
1572,1,0.0030410149162308814,0.0027161384448146555,0.001155505591675215,0.0065691927929001255
1572,2,0.03796064964847967,0.030127483836368443,0.004612743972137476,0.11250397771572525
1572,3,0.009842036669865961,0.009334942942357278,0.004411118405360033,0.017289151654559326
1573,1,0.005429681386351211,0.004706786068175681,0.0018542825916318874,0.0132814633431346
1573,2,0.06713052309895874,0.05243043299364876,0.007843822067123862,0.20994183452061527
1573,3,0.017626065337559813,0.016007942743511503,0.006922650076552801,0.037788874657364684
1574,1,0.03654114186792741,0.032709718453534084,0.012929589981404574,0.0821748452331111
1574,2,0.020683780525994795,0.018186799711167653,0.00652430756536887,0.04937395322057127
1574,3,0.0271279735905583,0.025968219783597167,0.0170238912155673,0.043990623244445894
1575,1,0.009424395462963767,0.008035336171239318,0.0029088971663786727,0.02409576217552122
1575,2,0.11855358711989074,0.0886738074312858,0.012470427102855574,0.39745050891401423
1575,3,0.030451845308934584,0.027263691696315588,0.011247279623199371,0.06821310862060813
1576,1,0.0027776890452240687,0.0025292214396696057,0.0011063829953786104,0.0058743398554344664
1576,2,0.03488616571393537,0.028049407543780144,0.00424423602280303,0.10210097359796612
1576,3,0.008975524031559023,0.008713009677315905,0.00432220163688914,0.015178615018695623
1577,1,0.03195787555432997,0.0296603601006305,0.012774927886274028,0.06443287137949352
1577,2,0.01812123205647529,0.01641018789763403,0.006339824529933143,0.039719352011593226
1577,3,0.023977461203259137,0.023650190655490188,0.016979646312092672,0.032809510609160236
1578,1,0.003488477192965245,0.003142529579000476,0.0013619918640864392,0.00763799866778824
1578,2,0.04558513184061306,0.03466087211274072,0.004895463243754409,0.14677373606140448
1578,3,0.011205676875015115,0.010676531894570296,0.005701047191054315,0.019746141337611798
1579,1,0.0043244558253680045,0.0037212948483479084,0.0015229418674340496,0.010708742714985042
1579,2,0.056131622882620524,0.041223209426286725,0.005776609424737862,0.1892147633857254
1579,3,0.013905054048858223,0.012553801485839355,0.0062391834225607986,0.029942660127799888
1580,1,0.00549484791341239,0.004938681863534224,0.002046174126975815,0.012230357712957936
1580,2,0.06905160177212664,0.054637969616979906,0.008135713860349197,0.2085650849061078
1580,3,0.017789959835395344,0.016836791649961776,0.00798228710139484,0.033150153276546857
1581,1,0.033024102582012084,0.03174400895114466,0.015610971335943363,0.057639295716212444
1581,2,0.019217947436609078,0.01751867337460409,0.006800181770461783,0.04130969449546366
1581,3,0.025694591522400556,0.025325991366521652,0.01662228413653343,0.0368875736955367
1582,1,0.0031059727068564877,0.002770151127111062,0.001019393865148573,0.007113842155824638
1582,2,0.03439279879800307,0.030822811374767917,0.005877888756894526,0.08368882663529469
1582,3,0.01026252707054422,0.00971552843921222,0.003265956259820338,0.02059213457442198
1583,1,0.003227615135442098,0.002789229261447488,0.0011745951953801843,0.007386068301606891
1583,2,0.042304906894489104,0.030471916036507937,0.004335966425496689,0.14208681798397496
1583,3,0.010381448248277865,0.009469328677332516,0.004916170462367715,0.019501220381016274
1584,1,0.0029379367075394276,0.002668543325722374,0.0011585247307559765,0.0062825236235719666
1584,2,0.040520287489511274,0.02869607950559007,0.0039089833992121195,0.14351476815130426
1584,3,0.009344411803379311,0.009055057788122312,0.005275961496040686,0.015105923125049962
1585,1,0.0066615072090657245,0.005784333953948497,0.002269730190004248,0.016219994801007682
1585,2,0.08527389893373563,0.06384827685936695,0.008967936610080468,0.28151094780995983
1585,3,0.021537866495075688,0.01954644339243508,0.008914679791941875,0.04565852713640281
1586,1,0.003850441199007617,0.0031568840127018574,0.0012430037024906077,0.010530974882586993
1586,2,0.046833721757912936,0.0354375294731981,0.005421613575391432,0.1516137795526191
1586,3,0.012502423794984167,0.010737274091476717,0.004597216286629291,0.03161512626567788
1587,1,0.006331988009307448,0.005505314873851199,0.0021177252352709776,0.015373083543779201
1587,2,0.08326318689806661,0.0603672054538175,0.008195701576418045,0.2883652791527645
1587,3,0.02033983162466256,0.018585402457019166,0.008766670837432352,0.042352147032097984
1588,1,0.005029231285961291,0.004452473801236808,0.0018051150511896067,0.011677988483427914
1588,2,0.06383526929909528,0.049171476803576614,0.007072788753014899,0.20154039203523452
1588,3,0.016213239260299484,0.015121806712298727,0.00717594962123799,0.03172528788369415
1589,1,0.005650912206840508,0.005008174882268797,0.00203075709900981,0.01297286254285828
1589,2,0.07158189536002736,0.05568486299823251,0.008017565066041264,0.2254749603986301
1589,3,0.018243336206425927,0.017075744460065354,0.007979767713826115,0.03534154001588979
1590,1,0.0023626621313059693,0.0021270082981148003,0.0007924361478176041,0.005318906468216652
1590,2,0.026030673710997803,0.023708529641170838,0.004619921328491546,0.061121571618810606
1590,3,0.007803476637060303,0.007473282912854803,0.002508976598540279,0.01505977472743314
1591,1,0.004481261324677417,0.003980581969009001,0.0015249171641653076,0.010323894648726352
1591,2,0.05144129442928338,0.04458191254792591,0.007679294102478945,0.13420057441526678
1591,3,0.01469215321337265,0.013879493788043228,0.0051227824617537335,0.029100712546848186
1592,1,0.007241650428223838,0.00633074700526469,0.0023966495453771374,0.017409611342771122
1592,2,0.08644848370517541,0.07037218592808651,0.011066462197733275,0.2517947637424234
1592,3,0.023645138317248897,0.02175694495787315,0.00849585199911893,0.049801874210974824
1593,1,0.003469209383014889,0.0031114816018832847,0.0013302508110594625,0.007647066607509459
1593,2,0.04433661113395714,0.03450046058457511,0.005045998761859162,0.13785645608472574
1593,3,0.011186902538320742,0.010629453703887626,0.005359079754945772,0.020284381456300488
1594,1,0.025132452652424954,0.022694400969940687,0.00937105664237927,0.054580226003045594
1594,2,0.014241007088537908,0.012609670900074805,0.004688951052045231,0.033300133665004
1594,3,0.01874100493526159,0.017931233649617295,0.012453707232702152,0.02986130994668938
1595,1,0.009763009722227474,0.008310106629219167,0.002966315090613718,0.024999392563801424
1595,2,0.1214877761167676,0.09178346827609499,0.012904736022251801,0.3983694783709155
1595,3,0.031607961993134974,0.028247110870802977,0.011352258608698856,0.0714961488885655
1596,1,0.004048079668395962,0.003570367490468619,0.001453461751316603,0.009407493610903697
1596,2,0.05022456344879377,0.03971586100673054,0.005955526119974314,0.15403841217203088
1596,3,0.013109707058744098,0.012228630815081831,0.005465010708697655,0.02613223998502712
1597,1,0.021213365089342823,0.01886163416345643,0.007301169099788696,0.04890119213301808
1597,2,0.008430579938299739,0.00688117430270007,0.0018967099464730927,0.024255240108175233
1597,3,0.02008716584247535,0.01936637940271663,0.012999526580398458,0.03146401703765558
1598,1,0.003016729546003317,0.002745284359277499,0.0011781714387484855,0.006459395768411237
1598,2,0.03933008531965335,0.02995824383896411,0.004354370369691148,0.12589435858446463
1598,3,0.00968773512575626,0.009397867924676498,0.004867221341246027,0.016180937645126636
1599,1,0.00814058609346169,0.006935983839482225,0.0025394650680212673,0.02080006070176921
1599,2,0.10422967182479936,0.07637330161141545,0.010454746363942282,0.35722545106002224
1599,3,0.026207682991915386,0.023476389387256047,0.010045084421781711,0.058331905771593404
1600,1,0.09172165981720945,0.08977445078363092,0.051718200517534944,0.14288711890481312
1600,2,0.047512331647833944,0.04376636017384457,0.018368626920194083,0.09840307825050713
1600,3,0.06166618361779301,0.05994580355200321,0.03361050470748487,0.09919840564893202
1601,1,0.0038651374148731426,0.0032966447148883938,0.001322486868168332,0.009761018671945936
1601,2,0.047744868014790026,0.03674473137328257,0.0055697349009020455,0.15182844301627518
1601,3,0.01253764638042233,0.01123309013559977,0.004907137992196447,0.028149845909300364
1602,1,0.0019059090824096003,0.0013896802319289317,0.00029140577712640533,0.00653355067224647
1602,2,0.015130577573975398,0.014211351771324415,0.006939909374292589,0.028740145750179608
1602,3,0.006663806389982112,0.004765197107340378,0.0008459540620768335,0.02327260613728338
1603,1,0.0031534416699320164,0.002360385393981077,0.0004989733029284135,0.010492779551850705
1603,2,0.027081915564022077,0.02370707325158218,0.008784251330475626,0.06554567658775023
1603,3,0.010904370324714361,0.008116503715501445,0.0014648521010496491,0.03652631837854785
1604,1,0.015153453010297717,0.013642114150345722,0.005421117748825203,0.033718717039453644
1604,2,0.005974515555365135,0.004967050427208993,0.0014235370933826494,0.016386361004297276
1604,3,0.014311343175425767,0.014140062682853373,0.010157751039910826,0.019498475742957252
1605,1,0.025443383899743065,0.022102033571162475,0.008193649547347411,0.06252348016867387
1605,2,0.010103147888306033,0.008050542395166617,0.0021648311188041704,0.03009182272751297
1605,3,0.024063902762684587,0.022454369726437384,0.014347685792881891,0.043402531767254254
1606,1,0.0026635476101385096,0.002404680620245176,0.0009724991795190337,0.005838821659226989
1606,2,0.03232662558051469,0.026635579862855963,0.004311694239684909,0.09261794143064359
1606,3,0.008688623931922148,0.008378332747684642,0.003449928471846421,0.015742143485056
1607,1,0.028371988374207135,0.025403036570888892,0.009855043331832201,0.06391855943316264
1607,2,0.011107895868620363,0.009278164226447541,0.00264291723176486,0.030035353712210663
1607,3,0.026935503753124927,0.026173516487966064,0.01722464745088878,0.0408790362962589
1608,1,0.002251939432616114,0.0020123407803476186,0.0006909969743443859,0.005187982919527045
1608,2,0.023719066311447254,0.02222198998071597,0.004799347209265059,0.05161274244814326
1608,3,0.007493633422048319,0.007104898694020721,0.0021402841196791916,0.015236442235748207
1609,1,0.0028242135147504553,0.002575897587916054,0.0011098974330772545,0.005995235165881208
1609,2,0.03458531043728855,0.02862879913351482,0.004521785281315097,0.09650979180007688
1609,3,0.009167358843609794,0.008908917345114861,0.004113807290777955,0.015760086444850784
1610,1,0.002831727977282698,0.0025589061871699064,0.001045444887812112,0.006221520338143462
1610,2,0.034815166900797244,0.02826516704871171,0.004431952601958177,0.10132108389270456
1610,3,0.009189287776217383,0.008856603267847842,0.0038537415430905044,0.01648827399767678
1611,1,0.002716038865355689,0.0024679746427517892,0.0010430482617961607,0.005796630252950447
1611,2,0.032798699711025614,0.027498338455707472,0.004445647286808355,0.08985842139066319
1611,3,0.008827957373255447,0.008560621963249204,0.0037516944862208503,0.015399249087580105
1612,1,0.011772471462038305,0.009774807534465236,0.0030456281079031455,0.03240652638603414
1612,2,0.13740404961251282,0.10720324710829462,0.016126203693678454,0.4348257110277166
1612,3,0.038424146675687006,0.033386944104278636,0.010646740522108303,0.0955005047006099
1613,1,0.002814692216224278,0.002551505140856827,0.0010908279385517556,0.006070512610029432
1613,2,0.03519311818146171,0.028280272790971183,0.004265334239169199,0.10400465368663735
1613,3,0.00909418298661963,0.008777602408078948,0.004126434123912109,0.015828029856767806
1614,1,0.002919846651043411,0.002663930974726012,0.0011597401582780728,0.006172119238566395
1614,2,0.03651946349673457,0.02953446396429906,0.004546411093865714,0.10631133105606436
1614,3,0.009445509458733743,0.009165075780717695,0.0044606480442541075,0.016048485655189543
1615,1,0.004468901754160205,0.0039979903919844266,0.0016431656531708165,0.010017873318694994
1615,2,0.05452814972154713,0.04462848400612125,0.006936341842781421,0.1553742510459177
1615,3,0.014500480703150761,0.013799379735537345,0.006082632511518734,0.027024868692041085
1616,1,0.021588283335783515,0.019359300012348597,0.007593716429704903,0.04843798931471988
1616,2,0.008497579720618067,0.007056501151393484,0.0020008132026151796,0.02344529202477279
1616,3,0.020414587193787755,0.01996483348659777,0.013895369094556938,0.029633565219536938
1617,1,0.0031222127958053856,0.0028156463697819436,0.0011607298500145228,0.006850288161370327
1617,2,0.040867420855177285,0.029547259779667157,0.004097148630454737,0.1434057222860106
1617,3,0.009965302353667788,0.009596862630504278,0.005113366318942989,0.016902209887897073
1618,1,0.003954825594697649,0.002736437137351307,0.0005145742655690324,0.01466139048454955
1618,2,0.03187666861685176,0.02741236207778007,0.010875988442935301,0.07903907012395645
1618,3,0.01379632008877875,0.009362966782228616,0.0014966624777985225,0.051786991846317076
1619,1,0.002977924851460894,0.0026753071884542843,0.0010651097316059456,0.006638524494981804
1619,2,0.03661273227510414,0.02890270613150575,0.004495428773850726,0.1133949495300865
1619,3,0.009623483665474077,0.009273911319268514,0.00389492885846572,0.017324233402041585
1620,1,0.0030908697766591285,0.0028048713963803452,0.001184080257146436,0.006658481676197038
1620,2,0.03907732498971243,0.030659121561408608,0.004618473492704726,0.12079036048745923
1620,3,0.00994139608016179,0.009643143123482883,0.004620770639489025,0.016931882164211008
1621,1,0.002189098323887406,0.001898280006725413,0.0005606444499286793,0.005491014973713426
1621,2,0.021511163408758693,0.02045481686884351,0.005337339845073743,0.044356087889887263
1621,3,0.007369484262951773,0.006672349487287402,0.0016731167313703426,0.01706073350767158
1622,1,0.019006855566380525,0.016491456015900456,0.006311545705539646,0.04653456439372579
1622,2,0.007513214687783647,0.006020703475243526,0.001666281103265004,0.022057564768138412
1622,3,0.01796065066531546,0.01669511070683203,0.011532215942735196,0.03257320995460184
1623,1,0.002592102008154367,0.002347019786540921,0.0009624780942794446,0.005685104972634361
1623,2,0.031160379852098467,0.025996306882536666,0.004205961238080238,0.0871782660607716
1623,3,0.008422173753170744,0.008165235143699684,0.003388239640337211,0.015004211023599678
1624,1,0.005047620604043409,0.004113195811491495,0.001039186944092801,0.014617589656779555
1624,2,0.048451388289393126,0.043176693351222206,0.01121329662128933,0.1166001408339139
1624,3,0.01706207925774085,0.014270337191409306,0.0031391275456292,0.046926231723528875
1625,1,0.02254061449966867,0.020164568133134376,0.007866682944082114,0.050959289644630625
1625,2,0.008919230475000747,0.0073521817621533,0.00206476610043696,0.024993766288705123
1625,3,0.021325584359828426,0.020773130794358517,0.014223037267014208,0.03166671981011693
1626,1,0.002855189856505213,0.002590558230464814,0.0010920260089682017,0.006196692390513754
1626,2,0.036516483006538134,0.0282631143963596,0.004160634251945882,0.11495435001951461
1626,3,0.0091819081476557,0.008877287075116733,0.004297108460989899,0.015817577908118954
1627,1,0.004185836170158914,0.0036242300756324035,0.0014407682253526836,0.010252681980081795
1627,2,0.05107482763727154,0.040434542425026004,0.0061904748218034366,0.1557222842983475
1627,3,0.013621704520292117,0.012360832634965888,0.005321432795090518,0.029523888569556987
1628,1,0.0028757847919425946,0.002601169328408471,0.0010693036915837852,0.006299315855613634
1628,2,0.03511605267787059,0.028675064030656467,0.0045744703611144775,0.10146889945121797
1628,3,0.009330263670737214,0.009024623853548897,0.0038524483740520134,0.01660252424299816
1629,1,0.0037360336871028466,0.003177051641276081,0.0012667607993189934,0.009415787655483506
1629,2,0.045248821565692876,0.03563518053628115,0.005504645341735399,0.13724323610494793
1629,3,0.012125132564417261,0.010835797262636285,0.004618845461006718,0.027574859166610777
1630,1,0.0030552748927580244,0.002754731451962607,0.0011229425563099276,0.006750009125645644
1630,2,0.03770612419333747,0.030151136754632952,0.004725332968632675,0.11385176101404414
1630,3,0.009904632271172782,0.009549348209115047,0.004078360066024634,0.017680472599140597
1631,1,0.033080617415676514,0.028724883334650942,0.010389452182904293,0.08097790252501746
1631,2,0.013107982348993985,0.010449896572048815,0.0027990774909431564,0.038981446214517365
1631,3,0.03132113692259451,0.02945822364805887,0.01742516532850688,0.05581696500160195
1632,1,0.02970958662326315,0.02649997787974589,0.010188342711391907,0.06734887662888346
1632,2,0.011638882523472121,0.009656408104631352,0.002717388917530257,0.03192378684053541
1632,3,0.028100596707694686,0.02739700222309191,0.01815678341154621,0.04212763517995712
1633,1,0.0024517643079956246,0.0022243427340791575,0.0008682852958252696,0.005383903517915179
1633,2,0.028272104206581574,0.024715135712696734,0.004395542662468663,0.07256204337138018
1633,3,0.008046674986521125,0.007768368582926821,0.0028973204314788,0.014868529347452936
1634,1,0.004499435540820945,0.0038219010813956185,0.0014850708043756575,0.011631607264250724
1634,2,0.05449354508976445,0.042755453501445856,0.006529331188356881,0.1697500252291729
1634,3,0.01459509830639658,0.012992265209458616,0.005420211934977036,0.03368872589128238
1635,1,0.01124067821078109,0.005331380440660241,0.0014492318382647719,0.05886884676248497
1635,2,0.13537792970239582,0.05429012317355481,0.0062709741808464285,0.7454937712101919
1635,3,0.036432208722400335,0.01738044537440596,0.005898856428824326,0.1858090097489768
1636,1,0.0021249235735135374,0.0019009663981581393,0.0006598720052889885,0.004885953973596166
1636,2,0.022847506061340426,0.020912148545368055,0.004338275601804322,0.05254228627836232
1636,3,0.007048121439225258,0.006709652064308097,0.0020573064412109823,0.014054825285957173
1637,1,0.004467672411829299,0.0037800566563594997,0.0011776029809068753,0.011770938700157189
1637,2,0.046923076502354104,0.04141216944637352,0.008533888444191694,0.11838532791695375
1637,3,0.014863556387841904,0.013206889208127775,0.003690478678095003,0.03590036122012635
1638,1,0.007903809750695467,0.005328710327585645,0.0015427634678185918,0.03060914739755313
1638,2,0.0924338817490104,0.05869758128391777,0.008739151195181621,0.38794904348304493
1638,3,0.02584484897753518,0.018051003915669654,0.0053876664271536295,0.09510967891207384
1639,1,0.0035075685546020053,0.002954278459653032,0.0011138269972431638,0.00897377835040961
1639,2,0.039772441358013846,0.03311953754125034,0.005925503739208685,0.109504261804758
1639,3,0.01151273036001729,0.010262032566625525,0.0037149271063777246,0.02628112447149868
1640,1,0.002741308503728029,0.002448644704438828,0.0008964470335092604,0.006306347397459961
1640,2,0.03192208869113809,0.02676971656114936,0.004676576901639696,0.08867828555646666
1640,3,0.008983547987722438,0.00859894066883584,0.003022713882466641,0.01722113775364683
1641,1,0.005734514884751931,0.004986349527207537,0.0018856514991519191,0.01397489486522247
1641,2,0.06942806941011277,0.055503111405496505,0.008451545425850446,0.21019109917853857
1641,3,0.018643277526258488,0.017054282202061392,0.006897948135450209,0.03959322764636037
1642,1,0.002683565396396749,0.0024500966079557826,0.0010585889120605398,0.0056979877748670905
1642,2,0.033500661193082,0.027159140537333433,0.004166686918460459,0.09641897642023514
1642,3,0.008682859108225194,0.008417974320201287,0.004110930526877468,0.014716775112185665
1643,1,0.0017440685603122162,0.0012754836581907213,0.0002735142675778716,0.0058023533329574365
1643,2,0.01424174449788131,0.012888191298254267,0.005908194371616567,0.03069585199898511
1643,3,0.006066383803633078,0.004364583362832868,0.0008004549926383943,0.02042913194075779
1644,1,0.0028532651117220836,0.0021688113498897965,0.0005060823545835065,0.009344378360644738
1644,2,0.025774538956921483,0.022104411925361347,0.007072324857782643,0.0676347803858703
1644,3,0.009735030203125584,0.007506732521694514,0.0015063998125476137,0.031064758536277513
1645,1,0.0037689499966829317,0.0031986820050193096,0.0012528685978683638,0.00958534188348304
1645,2,0.04483142344150835,0.0360155068907857,0.005689780675251896,0.1338466175602285
1645,3,0.012289537696745385,0.010973768582695135,0.004425005157676724,0.02832647522442976
1646,1,0.0038226489906051657,0.0030788682348380425,0.0012119034991644616,0.011001310612505906
1646,2,0.046572210984255,0.03475782276450098,0.005272398950059698,0.15500686718840476
1646,3,0.012460978950805609,0.010473512780357677,0.004417397818142912,0.033512956009444546
1647,1,0.005155721538450656,0.004471299689215107,0.0016504088225230851,0.012723971873679622
1647,2,0.06010871651491575,0.04971218557366518,0.008096305183442698,0.1717714520068707
1647,3,0.016846556580183695,0.015365649553996693,0.005695113439362922,0.036752211759145524
1648,1,0.020575587684236427,0.018184448715363524,0.007047147652842202,0.04822641769815499
1648,2,0.008151377851140423,0.006623769092978682,0.0018395600070726468,0.023397961447309868
1648,3,0.019419151467719935,0.018603262978428105,0.012731372724451963,0.03095877268944568
1649,1,0.003049314459235622,0.0027810639454699283,0.0012089537218293526,0.006444547010980397
1649,2,0.038905776589990095,0.030624690880824628,0.004586534296592449,0.11887330027774859
1649,3,0.009849719154928029,0.009544372985435312,0.004759117732245476,0.01664399470210624
1650,1,0.0036173435125953857,0.0029969103222028427,0.001210609153651293,0.009628153179022858
1650,2,0.04468548318900636,0.033682368658495554,0.005036068521549543,0.1443606773622834
1650,3,0.011704042131838848,0.010170255018644627,0.004561084681516078,0.028464490132995145
1651,1,0.0025879643498773657,0.0023411776469369205,0.000917222918262085,0.005672558146880259
1651,2,0.0294498445732073,0.026085863097851263,0.004772529990172541,0.07308585581162994
1651,3,0.008509944272769939,0.008217131345666767,0.003001739797621652,0.015799419438539304
1652,1,0.011942576661051429,0.006813205121998414,0.0018052101555209982,0.05359250892070448
1652,2,0.15283169075576972,0.07456958253277042,0.008278706683607882,0.7784258209329343
1652,3,0.038274262333827504,0.022599025620269636,0.006969475713920331,0.16731094800026813
1653,1,0.009181123742371344,0.007609764512808974,0.0023337326638509922,0.025286990355319346
1653,2,0.10368373423686264,0.08323384473405965,0.013702186385510502,0.3123528540295435
1653,3,0.03018878742855377,0.026161750083765055,0.00789410395805021,0.07639611526852312
1654,1,0.006400676048411885,0.004536752103164313,0.0016047435101054022,0.022762509716457803
1654,2,0.08646496804147494,0.05011254832806088,0.0060972657358265995,0.38132284981396186
1654,3,0.020405326501743783,0.014922603707967491,0.006896847541882173,0.06936426832660327
1655,1,0.0027605819736539476,0.0024681919829256955,0.000966487329738007,0.006233672669359745
1655,2,0.034287699985178915,0.026576573622769578,0.004075059581315709,0.10925011555796507
1655,3,0.008912050530943075,0.008532306164849693,0.003626951568158665,0.016365453186470376
1656,1,0.026769448661611628,0.024072509130573516,0.009382911670049801,0.06022588944755868
1656,2,0.0104883859176658,0.008748210813689022,0.002490458408809637,0.02851243852329875
1656,3,0.025360969252730837,0.024813994990244233,0.016727762103066677,0.037069182301526345
1657,1,0.004138723588397167,0.0036285339183203596,0.0013293107327585197,0.009924209753749694
1657,2,0.0468748219817984,0.040407907566350876,0.00707479178491903,0.12376181970036604
1657,3,0.01360414445260061,0.012620709248560458,0.004405427739489611,0.028802511659899343
1658,1,0.0030244318382008995,0.0027054117840990097,0.0011718799684799699,0.006574932304773152
1658,2,0.03898370732402684,0.029820705945083327,0.004316918248099597,0.12183772836079702
1658,3,0.009732120186426711,0.00921553959676798,0.004826354093096344,0.016984673692491622
1659,1,0.001965589412092363,0.0017394870011154708,0.000656848637923251,0.004610136728944584
1659,2,0.023757569157883653,0.018708401014849982,0.0029312121913735523,0.07301032372259275
1659,3,0.006363923512072269,0.006028031888688467,0.0023455842806017133,0.012326401514939963
1660,1,0.0028625531957020916,0.0025473048372765565,0.0009144779711860529,0.006642930875486841
1660,2,0.03351794763294307,0.02737956113063815,0.004739828482132657,0.09862108089227611
1660,3,0.009358185227713903,0.008928565688912314,0.003117259526385013,0.018157050742192392
1661,1,0.003465401179123106,0.0030776348541996473,0.0011769412206272063,0.008030749153708525
1661,2,0.0408635061481116,0.03011169311832118,0.004489408913865461,0.13907121547737022
1661,3,0.011072982408710528,0.01058085079285834,0.004800840566395528,0.0200964981106945
1662,1,0.004437317075485725,0.0037044982772852825,0.0014768891497350706,0.011668105983971923
1662,2,0.056529491345963086,0.04121198568706272,0.0058026415156430065,0.19309856586211088
1662,3,0.01429150454988794,0.012431952612965879,0.005852939553449118,0.03427090147383399
1663,1,0.0023898483552239084,0.002161796881306693,0.000839079206351497,0.005261793962803973
1663,2,0.02731036850590862,0.024026893636744855,0.004360637594852835,0.06864082588142888
1663,3,0.007849221762280336,0.00758697326397227,0.0027770746233217753,0.014572053683298591
1664,1,0.003380071746200496,0.0027855474953257533,0.0010666972986319019,0.008498907218232217
1664,2,0.03968121840855124,0.03102540953153227,0.0052435926267149794,0.11668186566629676
1664,3,0.011071712128722155,0.009674944337681412,0.0036236604819626077,0.02474155985492267
1665,1,0.004119656983975276,0.0032604845054107962,0.0011171329343804331,0.012362860789776012
1665,2,0.046860904620548864,0.03624778042792194,0.006182916229456574,0.15433585341995515
1665,3,0.013533942952212304,0.011185212404106217,0.0037150551947380947,0.038575773316828
1666,1,0.003377971402874438,0.0030301630852322546,0.0011904466691949347,0.007607523649925928
1666,2,0.03887125875188905,0.03380145173660849,0.005907848918124264,0.09943788468984846
1666,3,0.011074019760992839,0.01055476941294357,0.004008055026757222,0.02123109063678185
1667,1,0.002795981618321228,0.002499001956844862,0.0010638352947112103,0.00610639341576887
1667,2,0.03412638362029421,0.02795698100392382,0.004390866209538911,0.0961381023868959
1667,3,0.009085561955285095,0.008624228016137167,0.00391505710622114,0.016310000577416824
1668,1,0.0027092093963020547,0.0024695814653990316,0.001057001733036062,0.005760456584074714
1668,2,0.03312489832441642,0.027386916553528536,0.004313685175170009,0.09283734061237957
1668,3,0.008795075648229794,0.008550041345721175,0.003858217851545788,0.015173470697699991
1669,1,0.027840623544455767,0.024477858346414614,0.00915556344340797,0.06610911019014581
1669,2,0.01101625762519039,0.008930506455362355,0.002442043505043402,0.03174190906084194
1669,3,0.026297951575797496,0.025095822517292563,0.016075048218335122,0.04361562531962277
1670,1,0.00848266949427583,0.007182171735086735,0.002550549314817833,0.022096813818074445
1670,2,0.11014327243272296,0.07833263074492486,0.01026332714114265,0.39138563347503075
1670,3,0.02724186278206779,0.02424764198333716,0.010171265120077922,0.06211060810763596
1671,1,0.002561807187470253,0.00231880729605058,0.0009120726846120621,0.005605385936168448
1671,2,0.029515898418774514,0.025836210076012636,0.004563939105640962,0.07512153663887251
1671,3,0.008400372803389611,0.008100803547846504,0.003022028042961703,0.015562024864890011
1672,1,0.004634731350702501,0.00391045733761571,0.001359488493450198,0.012222126248907464
1672,2,0.05278549672611489,0.04341886457019299,0.007433743051330572,0.15435064814623536
1672,3,0.015255600510202118,0.013513639734621562,0.0045180928398204975,0.03673196139043625
1673,1,0.004166731672543943,0.003545867926300345,0.0014255700288349322,0.010702695570020808
1673,2,0.05286944692796238,0.039533915466443734,0.005672519823534323,0.1753349866829155
1673,3,0.013440497578682568,0.011977312509924294,0.005632147977009762,0.03040418261951127
1674,1,0.005270862390232426,0.0043604697811849644,0.0016152758752714352,0.01433566537252213
1674,2,0.06493527022687089,0.048643069937397976,0.0070939188308199565,0.21741186069740068
1674,3,0.01710753438585674,0.014794445117038604,0.006063505810243577,0.04217986550719415
1675,1,0.005005826458232345,0.0036401462358384823,0.0007426462466245525,0.017451040663181386
1675,2,0.04490739222269195,0.036721960977710605,0.010830611431586435,0.12823272364557026
1675,3,0.017111130177871026,0.012565469080099981,0.0022148695820601205,0.05924770333647728
1676,1,0.003393396887030188,0.0028712312753200334,0.0010384307453586907,0.00885164912963257
1676,2,0.038330570928229606,0.03193966332214193,0.005641021442063908,0.10856393909334791
1676,3,0.011160234992793408,0.009940546027630278,0.0034272148702405307,0.026600496650304874
1677,1,0.0037213404572416196,0.0032512115073169362,0.0013313394901085659,0.008904100556429576
1677,2,0.04676197524385902,0.03618762457088325,0.005312907434096705,0.14790236432745196
1677,3,0.012025845234956416,0.011042682830026147,0.005190391712977416,0.024782346002310426
1678,1,0.03003620418420642,0.02641389557467869,0.009911330076452462,0.07154050898066316
1678,2,0.0111806893478543,0.00974377791243356,0.0030642771995591134,0.027597794403570686
1678,3,0.02915073936965761,0.027019090549905804,0.014627575693255812,0.05639106701970492
1679,1,0.0030164417379685035,0.002654729120639854,0.001072848457320655,0.006953890867375331
1679,2,0.03608796834641958,0.029485232678190046,0.004827842656071325,0.10194283106424215
1679,3,0.009831012813207769,0.009231744524276147,0.0037558819839197985,0.01891830010520221
1680,1,0.004859186280076391,0.003981185059089718,0.0010038815577561098,0.013960385650024847
1680,2,0.04663836382413026,0.041622723212403456,0.010986975695652936,0.11235835205497446
1680,3,0.016473898319104546,0.013795703231515816,0.003039779534799476,0.045455162015909094
1681,1,0.00402467510022968,0.003170964226992265,0.0012363745904292332,0.011412857055672236
1681,2,0.04847854296346798,0.03586769345536269,0.005521487390507292,0.15791161141998458
1681,3,0.013087901294882865,0.010853791666002463,0.00448838896109504,0.03510683659360318
1682,1,0.003988508287258208,0.003241839144183562,0.0010541828067384261,0.011353591640080356
1682,2,0.04370760139637781,0.035623549111390304,0.006636890538199321,0.12961027023843702
1682,3,0.013159724719580452,0.011280256870389199,0.0033921225611721543,0.03484428994166713
1683,1,0.004585629548801296,0.004031816655029014,0.0014344764830608655,0.0109904029543414
1683,2,0.05139355800224566,0.04450108961590733,0.008126506462440047,0.13444263391663552
1683,3,0.015087543758522639,0.014017132350302455,0.004712885465155837,0.03204992973792679
1684,1,0.03310188826973899,0.030698556984887795,0.013033803484817115,0.06701747678153318
1684,2,0.013054048571320214,0.011182196621174183,0.003314643624997742,0.03350884025254497
1684,3,0.032072487752633966,0.03160762121423366,0.021726161855661456,0.04513912542381591
1685,1,0.002906125887104606,0.00262723057097361,0.0011044514095306024,0.0063270753073284385
1685,2,0.03721886385442885,0.028424655342722878,0.0041452611595840065,0.11850828005680474
1685,3,0.00934879450919035,0.009034456738177325,0.0043746255137623894,0.016188706933171967
1686,1,0.003400095466081815,0.002956557338516147,0.0012688793351969404,0.00783896518447844
1686,2,0.04325323161275046,0.03306324154063102,0.004811486444976818,0.135365213282732
1686,3,0.010966039757497683,0.010108373370521718,0.005063203570731736,0.02102711144240358
1687,1,0.004873862694609374,0.0039014351655425215,0.0015107148834832696,0.014285928590337166
1687,2,0.0622814493639121,0.04356266313913589,0.006073084862340877,0.2254736933155407
1687,3,0.01575070046118259,0.013043151641258098,0.00601307595975078,0.04253226078773944
1688,1,0.002729376239947562,0.0024854679235013655,0.0010638637709766085,0.005805553934198815
1688,2,0.03367484849570338,0.02762983133363453,0.0042932958980098045,0.09638920727020911
1688,3,0.008852203384862525,0.00859436195497057,0.0039328410675264144,0.01526998280487953
1689,1,0.004239304748302923,0.003566259542755742,0.0014354444967451688,0.011058240010884403
1689,2,0.05395659881945823,0.039948418517215985,0.005654577390232554,0.18140841262275584
1689,3,0.013689167258181287,0.012070638009645815,0.00568289616270175,0.03181116529390054
1690,1,0.00395951252411218,0.003516642747897982,0.001464222733759312,0.009036590333902798
1690,2,0.05137766396718571,0.03873140584161887,0.005444474525322396,0.16767391324038625
1690,3,0.012744530044030762,0.011889814373551105,0.006043826356064424,0.024531946615329765
1691,1,0.0030328900582161145,0.0027467532976413523,0.0011496370588620459,0.006575684318018673
1691,2,0.03831117460010474,0.030138054820097675,0.004559576889078549,0.11773434250403887
1691,3,0.009803359571481138,0.009455796461085453,0.0044228470072422464,0.01713036246575835
1692,1,0.003177282117271649,0.0028740370838083538,0.0012256272339472413,0.006855602890306738
1692,2,0.0416168221625358,0.031179609871675285,0.0044424906159437035,0.13709116900426094
1692,3,0.01018172483190211,0.009859686267363927,0.005119193828544841,0.017042573899162076
1693,1,0.0029836950629872913,0.00271855814154085,0.0011764388767227726,0.006343077928378744
1693,2,0.038851612502928755,0.029794023482093018,0.00431446244633607,0.12384183410197094
1693,3,0.009590266640544605,0.009288148646000402,0.004818619365674523,0.016085746699144074
1694,1,0.002925020343961195,0.0026359992633655316,0.0010864996155449107,0.006464722612389267
1694,2,0.037986703642329325,0.028060406993015777,0.003907516258351341,0.12810299006588752
1694,3,0.009360851217531309,0.00899986070467049,0.004571883530510601,0.016164710004204035
1695,1,0.002576586197267551,0.0023363863916186743,0.0009571389290967249,0.005616950660441858
1695,2,0.030851677837085558,0.025872266162892756,0.004280240170603399,0.08548399523134025
1695,3,0.008404579758536814,0.008156895807290895,0.0032922816340463542,0.015018005669569092
1696,1,0.025862550631644877,0.023419840136300038,0.009271314164515205,0.05662060009434667
1696,2,0.009872291318090172,0.008612842652422695,0.002620065512130763,0.024353971358787172
1696,3,0.0247820718074743,0.024124600381105567,0.015384120806554899,0.03799534957406258
1697,1,0.0030376462025992635,0.0027116789712092644,0.0011782497463009643,0.0067284251067158355
1697,2,0.03901375007470495,0.030011382397429835,0.004366956270840569,0.12118699131669193
1697,3,0.009788083014614582,0.009247124352856712,0.00479731780388941,0.01737233897746713
1698,1,0.002946534116602226,0.002685383400671777,0.0011580537369264587,0.006309963573368192
1698,2,0.03798232677239652,0.02943478602356885,0.004291787682305953,0.1183450434306784
1698,3,0.009485636253993901,0.009200372889820695,0.004709341431226978,0.015889891143463397
1699,1,0.0031472770641120915,0.0028459044744454432,0.0011709908598730935,0.00686418704842371
1699,2,0.039170540553965315,0.03134735482412508,0.004808386877719295,0.11796149318775427
1699,3,0.01020434844321144,0.00984644891549326,0.00438190528654185,0.018041282411812166
1700,1,0.003922627805792623,0.0031970077602913064,0.0012782521427486917,0.01085009844384093
1700,2,0.04944869673761273,0.03579669182264107,0.005106446933750206,0.1703984909152744
1700,3,0.012649581255677849,0.010766187603293793,0.005020087637891436,0.03222134661798827
1701,1,0.004021037587851426,0.003571469436281285,0.0014872578392383484,0.009191411436362177
1701,2,0.05132770991188219,0.03947118385398593,0.005678800159525256,0.16231430880019876
1701,3,0.012960285923372462,0.01215268918130298,0.005911063448500084,0.024903674688836586
1702,1,0.0027338764849288463,0.0024075458039713987,0.0007281232647474183,0.006675459354074353
1702,2,0.029563699153049957,0.025170506371166725,0.005306574660294786,0.08032221637782785
1702,3,0.009076442826589485,0.008500691156456831,0.0022619764989845748,0.01940513471696223
1703,1,0.0237300282472474,0.02071200911008007,0.007776838965245051,0.05726668237307596
1703,2,0.009415390270128155,0.007558864152425902,0.0020425258190899173,0.02773527093515744
1703,3,0.022493183975719262,0.021101407979477436,0.013453254262906082,0.03967999046599009
1704,1,0.0037979599426310783,0.003288542587665224,0.0013784240674235583,0.009065353665278515
1704,2,0.05110078279991363,0.035939502912664775,0.00483095469924009,0.17925994118099461
1704,3,0.01214158380836792,0.011032386551273284,0.005999698452572284,0.024644552485929404
1705,1,0.002509563872872867,0.002249079149462598,0.0007756605039292511,0.005734967915609912
1705,2,0.02681419755005335,0.024670437197576268,0.005192893080185275,0.06104290643485085
1705,3,0.008345283082402786,0.00793207804861693,0.0024066949845525576,0.016822078476623592
1706,1,0.002621267713604441,0.002383458695610597,0.0010277220548240698,0.005582985949286112
1706,2,0.03243339455390227,0.026442060265412057,0.004084413558641762,0.09263074854691791
1706,3,0.00847390236224147,0.008221661066143198,0.003875693305665341,0.014463810178805643
1707,1,0.008038736454360585,0.006939796928403442,0.002485074353626832,0.01998550955273032
1707,2,0.09873575976392153,0.07621726249383726,0.011306704896554588,0.3141450138333469
1707,3,0.026063790771126336,0.02368463645749327,0.00920593438579238,0.056982320162852346
1708,1,0.0031382073633072203,0.002796869371361329,0.001084597465731795,0.007148626804512532
1708,2,0.038278731214941374,0.02969098388202525,0.004639195871936103,0.12123711884144847
1708,3,0.010112082354398587,0.009703197865053529,0.004019193564153999,0.018590545761241212
1709,1,0.0027242959061804443,0.0024701857439413536,0.0009996527374557457,0.0059232899250105595
1709,2,0.03198970957043587,0.027487386238598015,0.004684936616475187,0.08470280853327052
1709,3,0.008906837282855101,0.00862718377516153,0.0033948196666619065,0.01616115824589719
1710,1,0.0028590052898042374,0.002483332476372926,0.0009506252722692897,0.006872862629673301
1710,2,0.032419168151385645,0.027764812979091613,0.0049663701424361535,0.08521077607126597
1710,3,0.009383680756229213,0.008664286866032603,0.0031563456871260736,0.019779719814885008
1711,1,0.027361140206899205,0.02490800267906467,0.010108259845516578,0.05876372378639448
1711,2,0.010754484390453458,0.009079628028647906,0.002656263891204133,0.02860907905184821
1711,3,0.02611539028797925,0.02571814764690971,0.01804490652412639,0.03650853297380631
1712,1,0.0038707811914760193,0.0034582621069969145,0.0013671322570476562,0.008818067803579844
1712,2,0.045569713228999116,0.03847532384936904,0.006371761460099315,0.12380394665583908
1712,3,0.012645849600775212,0.011963186719137563,0.004756244227516192,0.024630740092982488
1713,1,0.0025556654655748486,0.0022976129997571,0.0008836623896924204,0.005731286607266425
1713,2,0.03066869222661748,0.025180865996298013,0.004220034688240531,0.08876973534947977
1713,3,0.008343990550438319,0.008016565449072024,0.0030882589948306085,0.015492198845722964
1714,1,0.002537864884270436,0.0022487253451437157,0.0007764233398654224,0.005947942532074319
1714,2,0.028420575544342748,0.024410407822973882,0.004688168324271866,0.07604475680720676
1714,3,0.008359073372898757,0.007903626583010932,0.0024906982218069465,0.01697183041414994
1715,1,0.005203371069811911,0.0031926490206313648,0.001140079561027568,0.019827949071778025
1715,2,0.06388733348973974,0.033335307217987074,0.004263374296141366,0.2750804681295398
1715,3,0.016331257237235268,0.010670443923284596,0.004780951562432509,0.06047934543164076
1716,1,0.0032380110314239145,0.0028489609480640285,0.0009596261330226961,0.007796592183628509
1716,2,0.03459309440643055,0.03133972844258944,0.006398462582997425,0.08289809344395944
1716,3,0.010734761657525651,0.009949962904470477,0.003001785522287114,0.02314952039250295
1717,1,0.02073282683650361,0.018285877750686762,0.007015487384106839,0.04856909169045554
1717,2,0.008172497980351929,0.006671786712756823,0.0018514166793022432,0.02312619623109253
1717,3,0.019582460354857494,0.018698568067674257,0.012574575185097449,0.03190083058279558
1718,1,0.004275042589605102,0.003695939224276021,0.0012752341743480053,0.01072421200665389
1718,2,0.047328598870304585,0.04091819168491748,0.007595360741391062,0.1252773929725315
1718,3,0.014095248462928986,0.012899228487274744,0.004119029853746,0.031368528739822654
1719,1,0.003059574484239988,0.002786547175910969,0.001216820433706631,0.006476866365457729
1719,2,0.040719002918465565,0.0303789808414329,0.004293552973606138,0.1341753126517073
1719,3,0.009792763281923165,0.009503963462733859,0.0053103902546079475,0.01595149963045953
1720,1,0.004444836914248659,0.00387515799995745,0.0014902821918002685,0.010776626727240024
1720,2,0.05388043900951432,0.043096063856422645,0.006679029439299579,0.16441941692323186
1720,3,0.014462896187528046,0.013281450392716863,0.005350896162209485,0.03056720155559845
1721,1,0.005110559082633703,0.004406198296235777,0.0017239603550508555,0.01264896578442629
1721,2,0.06402618586843252,0.04885343961929522,0.007104918604384961,0.2061617970794302
1721,3,0.01650492864784363,0.01495516371844876,0.0065807275815446195,0.035504450024863785
1722,1,0.0058367822503492955,0.004976150044943646,0.001692193295426846,0.015032503601892329
1722,2,0.06650395536897463,0.05498969353591938,0.009224328627048327,0.1911612741676905
1722,3,0.01916270738600801,0.01720693324125277,0.005659101267857548,0.044286506442879535
1723,1,0.0029755797549975943,0.0027124021059533295,0.0011669691781903634,0.006338720786174094
1723,2,0.039439600987600514,0.0293872807144751,0.004139649796768103,0.13045420395449606
1723,3,0.009526190616869039,0.009240721803639773,0.004985150818487382,0.01567220960651215
1724,1,0.0026130394067868856,0.0023657583870014655,0.0009990423037310797,0.0056350772183368075
1724,2,0.03160859565576692,0.02648011184575988,0.004265757059178432,0.08715463306540006
1724,3,0.008512496964825627,0.00825554213318101,0.00360515970853291,0.014916167074381573
1725,1,0.003045866707369329,0.002689445200658387,0.0011484382241871269,0.006921281103802159
1725,2,0.037772681047132904,0.030064400557582686,0.004571502311298466,0.11107056842291473
1725,3,0.009865653515531293,0.009231363937372186,0.004354035201258058,0.018700489497243886
1726,1,0.004281217148240754,0.0035833850137435355,0.0014500957446071097,0.011325915136765568
1726,2,0.056423430384653646,0.039676904380321565,0.005376802069403172,0.2018171853824478
1726,3,0.013713429324620934,0.011982051734805259,0.006118083602357308,0.03211541541223279
1727,1,0.0027822091048401144,0.0024454389504099394,0.0008078876263693881,0.0067373756084203335
1727,2,0.029295355109255957,0.026750601338789107,0.005697921278654125,0.06771140673502701
1727,3,0.009252583662582843,0.008589232128015316,0.00251659718293468,0.020099375620965847
1728,1,0.0040971316608834464,0.003399709917044294,0.0013368589677476784,0.01101565869722149
1728,2,0.0505103435724513,0.038063924870557944,0.005677972539691483,0.16619368167135756
1728,3,0.013275197111367106,0.01154385681639394,0.005015798961086156,0.03234496016255911
1729,1,0.0046674978762476895,0.003895998398982862,0.0014236686322434387,0.012457314809368175
1729,2,0.05590436951783734,0.043355403456088785,0.006733546035485364,0.17968955078841478
1729,3,0.015239846994739068,0.013330005511548008,0.0049629482351461985,0.03734416737167735
1730,1,0.002789649075310952,0.0025429888032007294,0.0011002820903442628,0.00592189451885702
1730,2,0.03422397577303742,0.028358411712531565,0.004448091103494059,0.09578287341353688
1730,3,0.009058811899922721,0.008798001667025011,0.004086817930257707,0.015592650569376598
1731,1,0.0031211207335855385,0.0028197137510376355,0.0011893201631563988,0.006831093023040936
1731,2,0.04131140366065324,0.029786167755492764,0.004109816233233781,0.1438245457532067
1731,3,0.009928445756407986,0.009588084022852026,0.005252947084585377,0.01651738767001471
1732,1,0.005953171928492056,0.004895851204499313,0.001291781875675732,0.01673737032483887
1732,2,0.05971648820721448,0.052081679744911936,0.011737234096191871,0.15327483831161198
1732,3,0.01997864337478152,0.017050765983492006,0.003971074690924996,0.05352811113128553
1733,1,0.023932362992994834,0.021768428978484355,0.008853899978187852,0.051495221589115875
1733,2,0.009423776568708783,0.007936290474976026,0.002307802781286045,0.02507444747069886
1733,3,0.02285570998253705,0.022435952041414055,0.01567026941619364,0.03230524142817093
1734,1,0.02221847793916018,0.019579034336503372,0.007438160580061583,0.052630966158452516
1734,2,0.008830017519653953,0.007117331371298731,0.0019529660051049913,0.025709440225292264
1734,3,0.021025757088898894,0.020011977835950438,0.013193955612116637,0.03493331403037584
1735,1,0.004261299578146021,0.003652649526048484,0.0012065778369985084,0.010885259918717074
1735,2,0.04583979885465837,0.04022456277951339,0.007878633449890602,0.11746776707729142
1735,3,0.01412984513903041,0.012733053084207281,0.003805074360762226,0.03276241471229303
1736,1,0.016076376826687007,0.014506176954620678,0.005784493040241397,0.03558905386165111
1736,2,0.006396029865214295,0.0052720497643214724,0.0014946688915040425,0.017945213849704742
1736,3,0.015204923304803337,0.014974943751102312,0.010857680193362465,0.02090717287984944
1737,1,0.002302219641544286,0.0020724097193097644,0.000747669023491763,0.00521700588353179
1737,2,0.024931022287759494,0.022983138062735994,0.0046387668689866525,0.056716787797127674
1737,3,0.007626086993900532,0.007294962149438934,0.0023401372562455703,0.014968310170060617
1738,1,0.002872383376500303,0.002620521691360978,0.0011388804937353435,0.006062607570432504
1738,2,0.03648673108338906,0.02896425977853111,0.00430277742159262,0.10989529411784939
1738,3,0.009270855491338256,0.008991943532550093,0.0044754683933997536,0.015640922934837445
1739,1,0.0028280639806748708,0.0025507433476228344,0.0010582143820688378,0.0061921986320047796
1739,2,0.03705027183518874,0.027509929306381735,0.003908960249216135,0.12435095824554483
1739,3,0.009063215498132429,0.00871001527664085,0.004422599997578716,0.015703635185974008
1740,1,0.0025930136445360334,0.0023544804622597625,0.0009856098316990327,0.005547826514382742
1740,2,0.030793100357635057,0.02628667117161977,0.00436396824420504,0.08203341718944224
1740,3,0.008442735435777463,0.008184722112198908,0.003417402904991198,0.014963200752987087
1741,1,0.0033766237292137164,0.002930928168600212,0.0012588054278957273,0.0078101478059402155
1741,2,0.04362559038833499,0.032611446997909806,0.00469265377069305,0.13978814540882936
1741,3,0.010890414481559623,0.00996245118110042,0.005099976664278042,0.021086043671701953
1742,1,0.002644585777211257,0.0023277260337447275,0.000741945682446852,0.006389537307929307
1742,2,0.02937623436497777,0.024178205547814798,0.004632424549031154,0.08574688754960821
1742,3,0.008687099668093234,0.0082174630772326,0.002349409632955226,0.01794786177628726
1743,1,0.001908803125161738,0.001417968834015791,0.00030214515066461,0.006322057964603373
1743,2,0.015887190193127548,0.014248284645747955,0.006096471636967283,0.03598158303105609
1743,3,0.006614511578019914,0.004874361066105903,0.0008843876688895156,0.021949763597498267
1744,1,0.002890154876910091,0.002635636919898021,0.0011517885851171914,0.006118031300772036
1744,2,0.03750262482459144,0.028967147977499986,0.004207874606146851,0.11762202960251292
1744,3,0.009301475795025252,0.009021210689235283,0.00472832008891428,0.015458198551196933
1745,1,0.014051122186824392,0.012669758771367466,0.005069887082396022,0.03102325998742673
1745,2,0.005588182089347695,0.004611272722625682,0.0013173411909892495,0.015502355431845418
1745,3,0.013284492399751666,0.01312652966876219,0.009717105936748969,0.01769330795364103
1746,1,0.003575837849777757,0.003153426355103099,0.0012484920499013878,0.008342258078232818
1746,2,0.04256447751221267,0.03521498590847523,0.005730615551142191,0.12130283893019614
1746,3,0.011655961990901867,0.010908486145039921,0.004384981193019879,0.02330379234461729
1747,1,0.0038292833015659547,0.003181311877268941,0.0012525872579889354,0.010288098972888465
1747,2,0.04649602029422037,0.03575846303582443,0.005458768375443826,0.14947123212458888
1747,3,0.012456688169226016,0.01082235345133752,0.004544236108947655,0.03066364556355112
1748,1,0.0033146145049857668,0.0029792138190616016,0.0012192780800068174,0.007406675212680115
1748,2,0.04320327049074013,0.03138017417660976,0.0042940422770195346,0.14937535470483765
1748,3,0.010592964391807845,0.010172529473478697,0.005288641587254769,0.01827767449330185
1749,1,0.0038049934936464328,0.0033864027866442586,0.0013734078112950306,0.008667407518013343
1749,2,0.04619662215594378,0.037794687518936255,0.00585978211707275,0.13315119816900822
1749,3,0.012369059919142935,0.01166192241701311,0.004987267556425633,0.023841389014358207
1750,1,0.004101719688751376,0.0033503068868513024,0.0009318895042359573,0.011656667389062951
1750,2,0.042881129286891716,0.03596253028244536,0.007165925944640528,0.11874288506965078
1750,3,0.013661882054682583,0.011557872346646497,0.0029372569491108824,0.03632444531559957
1751,1,0.07465606348148093,0.07099596510097547,0.033373372362870496,0.13681170785268543
1751,2,0.036011982079714275,0.03476636305813316,0.017518744430190577,0.06157038800454096
1751,3,0.04807444829239074,0.04721405642797037,0.029443224656096348,0.07152953441249252
1752,1,0.004764387874469154,0.003911372330230003,0.0011346518501131654,0.013419881036026288
1752,2,0.051370938230015845,0.04235138432844848,0.007654698240501739,0.1458443716576306
1752,3,0.01574657810047884,0.013476717253531426,0.003683678856146613,0.04103990182121835
1753,1,0.0036675338330035114,0.0029097591571792783,0.0007227033065059084,0.011079020753903514
1753,2,0.03603580656187838,0.03059109868086856,0.007096915213975913,0.09581310226444412
1753,3,0.012334144349301647,0.01005353132732155,0.0022061252750290895,0.035549043964750345
1754,1,0.003178227021842548,0.0027931128781002955,0.0009831189795132071,0.007576101214901738
1754,2,0.03754299226488008,0.030302474321223988,0.004902416749230593,0.11328337854255836
1754,3,0.01036514412494565,0.009677084528593869,0.003385611974864819,0.02134365862038064
1755,1,0.0019597724851466818,0.001695944809764302,0.0005117700760402052,0.004930884247369631
1755,2,0.021377496606603895,0.01758477287012223,0.0034838879434153794,0.062137285586265106
1755,3,0.006438284837629367,0.005989860320955031,0.001631435829762845,0.013970594585919049
1756,1,0.00420851071531575,0.0032793598167638626,0.0007860175825141379,0.013006838295100454
1756,2,0.042216524966204816,0.03433007459054507,0.0072977286600048995,0.1219753502308803
1756,3,0.014111429296025622,0.011274910011189666,0.0024443592807151487,0.042126232970070406
1757,1,0.003315274867595726,0.0026163138383456723,0.000884616938525175,0.009778523378619825
1757,2,0.036680224881533205,0.028744617469966947,0.005364910929811154,0.11401624600785293
1757,3,0.010970158750512115,0.00908929690134735,0.002836548068872655,0.030926571841650194
1758,1,0.012266617301919889,0.008323327495573634,0.001452728229572492,0.046696823193698465
1758,2,0.14027392904346145,0.08643976755149489,0.009792575873054387,0.5901815519842128
1758,3,0.04034928774726478,0.028493497600035805,0.00505698673411987,0.14623173616701332
1759,1,0.040890473503333545,0.03610036243954669,0.01354628175029261,0.09579476409000157
1759,2,0.01573553567112939,0.01330253203975038,0.003772135043941362,0.04149435702840926
1759,3,0.03883768471578689,0.03726833027612523,0.022748131454757806,0.06393289558769633
1760,1,0.002134703363472888,0.00183512397755456,0.0004965492917215782,0.005505992834312472
1760,2,0.02043747815415725,0.01930804088678457,0.005495729552286676,0.04221356228202143
1760,3,0.007227657263053852,0.006401006027892896,0.0014824550934040824,0.017563376451536314
1761,1,0.00717052744022111,0.005438979723384441,0.0010841213066844582,0.023593816578932995
1761,2,0.07443637626796694,0.05710063693443253,0.009160588643555708,0.2370931912927655
1761,3,0.023916468457721045,0.018565972443443005,0.0035092930029484433,0.07460650274569788
1762,1,0.0026481519706539587,0.0023693221598590926,0.0007935172659202541,0.0061568096556852405
1762,2,0.02783476421195685,0.025905591112355932,0.005716568973675835,0.06155690145159668
1762,3,0.008825518763391264,0.008331004396180997,0.0024343791712204935,0.01814711148139295
1763,1,0.015733009639959536,0.01422679954470324,0.005602010329614803,0.03469602316627111
1763,2,0.006242698084842657,0.005159456963492159,0.0014617380426172417,0.017289322300266623
1763,3,0.014963990958902135,0.01470822894715732,0.010007821937430142,0.021343640753244696
1764,1,0.04430076775635336,0.04005607919227444,0.015894682923775216,0.09700853453148442
1764,2,0.01674597979635301,0.014789867925580062,0.004572182667668282,0.040118476858789956
1764,3,0.04227277863903511,0.041576375973012024,0.02669970581683799,0.06159427437370266
1765,1,0.003859825318179589,0.0031727455354251892,0.0011522851660225558,0.01056180164123169
1765,2,0.043563677400496506,0.035302084878040624,0.006326304177130093,0.1290232917558601
1765,3,0.012734011603057557,0.01096992367937983,0.0037089422332056655,0.03226789745965065
1766,1,0.03405078233273908,0.030365460984402792,0.011748620525592711,0.07748749769589507
1766,2,0.01307284607062357,0.011192665180892247,0.003262114328076804,0.033744419787000206
1766,3,0.03247598667561966,0.03125828779121308,0.019552649481577963,0.052213210385306005
1767,1,0.008279303738944562,0.007419547559938649,0.0030359571058746608,0.01859125441442931
1767,2,0.10689958523547051,0.08142159663410589,0.011528934058543364,0.3414984405385655
1767,3,0.026634422991118394,0.02523850104279666,0.01245616153254112,0.04871658087445252
1768,1,0.007227060599701573,0.006434672937816644,0.0025952244994348356,0.016506969238888836
1768,2,0.09222515441521162,0.07097686701633582,0.010074747319572367,0.29286090296636685
1768,3,0.023310011996348013,0.02184964623472701,0.010330918296047086,0.04469868585115172
1769,1,0.0061446971240873725,0.005521374942201991,0.002300930491573374,0.013569514365720976
1769,2,0.0759518062596156,0.061239080055078964,0.009302366035523162,0.22201523006751062
1769,3,0.01991921968829165,0.018994832297964344,0.00866817593726038,0.03639651781036463
1770,1,0.00768539502137311,0.006875748903389581,0.0028353272266717,0.017219847850095414
1770,2,0.09962553102617693,0.07553798928723424,0.010709998114495389,0.3233326795597133
1770,3,0.024738039632129057,0.023385011523388656,0.01156003386459851,0.0457179673730325
1771,1,0.006720858319734856,0.0060440170695484656,0.002441657334577592,0.014880944783308881
1771,2,0.08003207328635942,0.0674330761512383,0.010953196443181093,0.21760678035991815
1771,3,0.021907717462763193,0.02089066324029933,0.008623090828557781,0.0410939765022146
1772,1,0.04079318770357048,0.03693332649075208,0.014711959933013042,0.08942038558069412
1772,2,0.015986076402357663,0.01345887824400908,0.003898374140353006,0.04267417014213143
1772,3,0.038801590693137024,0.03811979720896682,0.026031011564418914,0.055292277234868514
1773,1,0.006698114605135021,0.0060649349525641865,0.0025464686952097427,0.014566023307452927
1773,2,0.08224716835336653,0.06734795668773898,0.010466757880630777,0.23532546014944164
1773,3,0.02174833290986212,0.020870713795864075,0.009517919670361783,0.03904052833179501
1774,1,0.04561308156013413,0.04151487544214409,0.017140698778002766,0.09825128462642847
1774,2,0.025741244702687308,0.023047730980104646,0.008585187211985656,0.058146390405305955
1774,3,0.033887505160438466,0.03325912637123331,0.022755059309480918,0.048609805261554985
1775,1,0.04149752465675211,0.03774953906010885,0.01544828261909115,0.08908946366447598
1775,2,0.023355767071621705,0.02093834091284081,0.007870677157106315,0.05271517795860375
1775,3,0.030883463155764717,0.03012298137519824,0.020352407012751296,0.04571123472558478
1776,1,0.0064698169634488075,0.005811446876202825,0.0024080979925768394,0.014318427252225673
1776,2,0.08038094199951011,0.06446217733862826,0.009690896022833845,0.23807719824778575
1776,3,0.02095480121200786,0.019937886050981284,0.009122111124987252,0.03869164973822421
1777,1,0.03548853134560076,0.033074774964001755,0.01400793234477762,0.07102811001005256
1777,2,0.013823929917667559,0.012051596382303494,0.0036846284763075534,0.03387623822325023
1777,3,0.034701965950272584,0.034037318105880995,0.02178231130271121,0.051566347531014724
1778,1,0.03809525718744251,0.03538420733992599,0.015176675061054924,0.07669127009690838
1778,2,0.0207675081271923,0.019807548290000657,0.008835594198586028,0.03829323621661964
1778,3,0.028801506357405363,0.02844688596023759,0.018221218265405095,0.04145475090750792
1779,1,0.03284936440344821,0.031233673368313404,0.01471956866208049,0.05976661621345143
1779,2,0.018799293569964265,0.017313180427090222,0.00691635327380893,0.03913028332010162
1779,3,0.02529022675839562,0.024935127454995668,0.016769007209301082,0.03578348643854639
1780,1,0.04240389572648107,0.04043749515070747,0.019167559733487882,0.07653082977972493
1780,2,0.02407230805893236,0.022434297734610885,0.00926894081330621,0.04809351552712893
1780,3,0.03283678688648963,0.03230027652620113,0.020724296901310682,0.0479997795705321
1781,1,0.0300091811396308,0.02711398921803184,0.010836137440705237,0.06537264576734361
1781,2,0.011852861686095006,0.009866401690421219,0.0028095479333001493,0.03221085559621933
1781,3,0.02854505944279753,0.027966986259862173,0.019341699336371684,0.04110233656596363
1782,1,0.02720549056887383,0.025608206828108125,0.011360059170297292,0.05193108451438189
1782,2,0.010686573802406915,0.009348530924663652,0.0028533829412717548,0.025972836261138076
1782,3,0.02702400156648405,0.026334161273734787,0.01593232919485284,0.04212373087812205
1783,1,0.06040600569396016,0.059125551181391345,0.03327593767308579,0.09438379728015828
1783,2,0.030573411009053024,0.028996317746498898,0.01310432957062557,0.05706834203047277
1783,3,0.04058505044043979,0.03940715371332619,0.022092093082678517,0.06587802053572742
1784,1,0.03713411051651745,0.03489547875325874,0.01566853821181523,0.07140240114863382
1784,2,0.021187278470217157,0.019296663318326236,0.007550273496220246,0.04552383781562515
1784,3,0.028189266051396177,0.02780281089734042,0.01953636347962643,0.03893681615035992
1785,1,0.09538510931677696,0.09052071252485305,0.04143445215597414,0.17699166698843533
1785,2,0.045476519598447306,0.04426881797310491,0.023485755388194175,0.07444619075586181
1785,3,0.061631260590840065,0.0601376939079967,0.035397727148614284,0.09625614415673547
1786,1,0.047630291195696506,0.04363997236206062,0.01828182455115113,0.09942068340446357
1786,2,0.026697136393584137,0.024316239885343028,0.00945414756554018,0.05757323100482439
1786,3,0.03555984466541484,0.0349404887974742,0.024194040790691398,0.05048561594278903
1787,1,0.034143170790988546,0.03217949429802837,0.014168235109500295,0.06509988777015271
1787,2,0.013343896504214966,0.01174760923916271,0.00363630445895114,0.032067054657677896
1787,3,0.033823129286408585,0.03312698863338874,0.020257625362996867,0.051222375782833215
1788,1,0.03771526733370843,0.035392887387331186,0.015236481573576663,0.07346874166172908
1788,2,0.020435702626718698,0.019739583853482595,0.009326748338475308,0.035637000025532724
1788,3,0.028924585020276148,0.028401725238990087,0.0165803234259655,0.04433583475175073
1789,1,0.04377845053260001,0.04076253661150911,0.017755829552322622,0.08697070798706222
1789,2,0.02455744433437356,0.022694858148435533,0.00913488073797608,0.05070250065368956
1789,3,0.0329764011822024,0.03257474144717666,0.022976017246871937,0.045277606430798485
1790,1,0.03637139124229009,0.03357560584695337,0.014388636436147262,0.07433730993027088
1790,2,0.02005005219730109,0.018799863027465655,0.007880089872027896,0.03948751770148227
1790,3,0.02729309513906858,0.026969802490755555,0.018349196583796846,0.03803194462582714
1791,1,0.03528434422740077,0.032484393359905425,0.013943485891530468,0.07254126787320413
1791,2,0.01985919300621066,0.018111858589034635,0.00706992407938761,0.04271500666462218
1791,3,0.026367592545058997,0.026033953996792748,0.018816017067917655,0.03578551767768236
1792,1,0.03262385504593112,0.03064809212200041,0.013318866159656117,0.06337210401982524
1792,2,0.017749688496301437,0.017092330641395294,0.007920985476856966,0.03133504997922496
1792,3,0.024997086031169784,0.024572102548094756,0.014709521559596974,0.037684693707706725
1793,1,0.03525571383733388,0.03311626712213675,0.014827360174077294,0.06796077127553324
1793,2,0.020243332579489057,0.018310618087750717,0.006989183020541251,0.04480249013156921
1793,3,0.0269544570163118,0.02626490384478325,0.017360248931775162,0.0404680157846501
1794,1,0.03878883195020425,0.036388507201631046,0.015876391819820427,0.07563960374675088
1794,2,0.021294611787776304,0.020297299407274035,0.008998636239944511,0.03925875317862927
1794,3,0.029605386583970383,0.029113876530514633,0.01818559951253524,0.04380150957443863
1795,1,0.04210782292307251,0.038584761854629605,0.016191028239765745,0.08855818407625508
1795,2,0.023643328393116902,0.021473622648161148,0.008295750024976999,0.05135897513766769
1795,3,0.031414739227939754,0.030849111814411766,0.021400487347127878,0.044662050491500044
1796,1,0.03731377625061156,0.03575762139644681,0.016755078056175845,0.06699149354003896
1796,2,0.020832955041860984,0.019861878997881,0.008745166316580509,0.038395909171682695
1796,3,0.02910857442434385,0.0284832888520585,0.01702880288175681,0.044730989403837726
1797,1,0.03331246908313397,0.030286919640210852,0.012204390734847229,0.07154347537703969
1797,2,0.01312106230468655,0.011018961110689425,0.003204934470373167,0.03494010560248811
1797,3,0.03191826609868831,0.031150892177033533,0.02089186935920371,0.04712578772122769
1798,1,0.05159539159485833,0.04675220127034316,0.018489843065091164,0.11186777366706915
1798,2,0.0191303992565698,0.017355919349788168,0.005661288353776638,0.0424370085534925
1798,3,0.0494358024954999,0.04876588730635252,0.03006066816886801,0.0724073518583992
1799,1,0.010188723549939842,0.008291080970090695,0.0024574360512594024,0.02926133440006723
1799,2,0.11694431914584114,0.08947773995854817,0.014404950497540137,0.3834270966635196
1799,3,0.03350806710697293,0.02847538491851668,0.008261107981317423,0.08824867786099769
1800,1,0.004249818437948223,0.0035540600939141104,0.0009255158081309358,0.011632975117339432
1800,2,0.04024450631298796,0.03738607329404885,0.010491337251389114,0.08693862906092464
1800,3,0.014399007268441195,0.012398325565699954,0.002776366920898737,0.03723711190768329
1801,1,0.001965700840905633,0.0015175529282358507,0.00033943039369635313,0.006133124042996361
1801,2,0.016390181466649084,0.015542924232707676,0.006779171483396823,0.030733882361943795
1801,3,0.006808284952078215,0.005210570853309591,0.0009787234106876297,0.02131930544162833
1802,1,0.003140875399762618,0.0025633423138327295,0.0006944954418189762,0.008943107696808936
1802,2,0.03073350961694807,0.027127308063614266,0.0070437449881032305,0.07649973488540654
1802,3,0.01058118810189066,0.008958192618485687,0.0021228548278948867,0.028831430884071314
1803,1,0.0033401244964906943,0.002839071870947581,0.000765709331996679,0.008870314399696114
1803,2,0.03177963718024663,0.02996536767983131,0.008575063932747342,0.06612875695522767
1803,3,0.011324898337290982,0.009881705577568563,0.0022858964255568995,0.028499476346245493
1804,1,0.0017647281151153265,0.0013196502684638066,0.0002676316309278242,0.0057827109090015545
1804,2,0.014488168806718708,0.013497522103366806,0.005593916111668941,0.029156624003960522
1804,3,0.006130457014816831,0.004532970538959265,0.0007891012658832368,0.020431578968839226
1805,1,0.05088731885735918,0.04526717374621975,0.01684966906204587,0.11752230671499028
1805,2,0.018456293528599944,0.016844039478163972,0.005584474339948979,0.04045265913885931
1805,3,0.048642910195956734,0.04729360604675187,0.02590938291631069,0.07923500508200065
1806,1,0.0030520028741443856,0.00258241516102375,0.0007041105616932909,0.008102968771025362
1806,2,0.029245976563875908,0.027418577544083653,0.007581053768234771,0.06224410307009257
1806,3,0.010317184844990416,0.009029653892277795,0.002097595395083564,0.02587554945636951
1807,1,0.0029855675929875407,0.0025518241212304426,0.0007223794022399813,0.007791335148867537
1807,2,0.02918814402225035,0.0272348313386438,0.0070592782846865725,0.0632251873031627
1807,3,0.01004967501543411,0.008927744587847425,0.00217282028550617,0.02446843007913299
1808,1,0.002717429674262076,0.001976405271581414,0.00041816115383867976,0.0092103932793715
1808,2,0.023007013065378674,0.01982441050923546,0.007825194291794044,0.05794226426035354
1808,3,0.00940336777041119,0.006789076270636974,0.001216387103513269,0.03193386112794577
1809,1,0.015137667172154723,0.009983579179017842,0.0017345168300208298,0.06033351250517441
1809,2,0.1412212817844444,0.10236917257231193,0.02140613931896395,0.4957739369807357
1809,3,0.05127107474023007,0.03420036674028283,0.005331801816348389,0.19939308108659173
1810,1,0.003546892457291427,0.0027602522615495506,0.0006842231383287208,0.010997475156676597
1810,2,0.03364879543349422,0.02854465291322033,0.007909885391212719,0.09150481155093354
1810,3,0.011999530495118451,0.009615431487961387,0.002054021414527801,0.03632239698716671
1811,1,0.002865339482233443,0.0023346875766248588,0.0005664562583429211,0.008274882155659443
1811,2,0.02577099903765612,0.024154297923530285,0.008099087754943843,0.053031222148156636
1811,3,0.009787346014717318,0.008075464747127455,0.0016741282033342216,0.02742027077133512
1812,1,0.0023980792969716326,0.0020936229206775948,0.0006657409800402067,0.00585492311022197
1812,2,0.02443042328498137,0.022769080216387204,0.005428260374012954,0.05290972181479612
1812,3,0.008024588901627841,0.007356137422000397,0.0020133689748376674,0.017631907144387532
1813,1,0.003325185081135611,0.002900504557304639,0.0009719186294454619,0.00816456300888658
1813,2,0.03534547445877097,0.03188274546492767,0.006584032481866097,0.08485210032216658
1813,3,0.011046214928640257,0.010192457467976077,0.003008737324490923,0.024302182258766153
1814,1,0.0035314440248004017,0.0028290197028828443,0.0006678892054436615,0.010515264108031861
1814,2,0.03189301890972971,0.02906770369242115,0.009440485258682295,0.07074916356657658
1814,3,0.012058390889099232,0.009756060126243447,0.0019838188485624716,0.03496626408994838
1815,1,0.0022848765662052783,0.0015121098905683814,0.0002947030553569866,0.008888236280317352
1815,2,0.0164558785420228,0.01569521712276399,0.008865679868225389,0.02827069710538673
1815,3,0.008123482115200151,0.005141930034965594,0.000850352948242027,0.033464923079314354
1816,1,0.004230295855453853,0.0031013570466166054,0.0006322175805985736,0.014554882256595496
1816,2,0.036569153191775845,0.031075195023301395,0.01050867508327545,0.0952255694910545
1816,3,0.014525697839674896,0.01065984222315414,0.00187441350096001,0.04924973339589024
1817,1,0.0038503049052838094,0.0032433716855464014,0.0008605152040718082,0.010365437789024944
1817,2,0.036348964058403196,0.03423888355250637,0.009932236406383535,0.07580718160014188
1817,3,0.01304875479724423,0.011295666979070838,0.0025738540847896002,0.0332870155887506
1818,1,0.0033735959170123416,0.0026854503921176377,0.0007176710705950672,0.01010813098647064
1818,2,0.03308147964830861,0.02818439893508138,0.007206009201613155,0.0896708440043961
1818,3,0.01135737965147267,0.009332554805652642,0.0021687692456036486,0.032557968790194375
1819,1,0.0023029523307902455,0.001690334446343253,0.0003536489871050056,0.007744763905107559
1819,2,0.018150462461353527,0.017290876236667856,0.00857049831424627,0.0325480535320252
1819,3,0.008052352444379508,0.0057725637863567224,0.0010199381466289073,0.027918247689437604
1820,1,0.002820535173713786,0.0023906269871874176,0.0006824142757891999,0.007545180232325982
1820,2,0.027928914191620524,0.025496591084459244,0.0064342878997999215,0.06474813928227191
1820,3,0.009482409680063903,0.00835951255133258,0.0020478546103573692,0.023604585162413386
1821,1,0.054063865563214096,0.04864384398865454,0.01886303942681534,0.12087814021840733
1821,2,0.02007414261397653,0.01799895370473031,0.0057498373489413565,0.04587891887922298
1821,3,0.05164968847760266,0.050518499957186776,0.03027944926169973,0.07920674787394451
1822,1,0.038968146453828574,0.034729725223090105,0.012643116559518842,0.08994350162813086
1822,2,0.013853852289771842,0.012931419532192493,0.004569796320503055,0.028349465998099135
1822,3,0.03719750364921228,0.03641417478845749,0.019340982261847082,0.059649413104317976
1823,1,0.003882792195431648,0.0031163267300167346,0.0007248632594854392,0.011415984482761989
1823,2,0.03440884426468918,0.03210955348553354,0.011189902231811263,0.0707172763538373
1823,3,0.013299864327547657,0.010788854103964594,0.0021416533153644918,0.038192417528721816
1824,1,0.06802526188710703,0.06106489870000717,0.023663997169619408,0.1525958346645076
1824,2,0.025307807104215218,0.022612048511640517,0.007125206971675608,0.05846503051520785
1824,3,0.06469176344673286,0.06361294613257679,0.039490674688858814,0.09600364369466123
1825,1,0.0023106133776805075,0.0020414593018267483,0.0006403894391325129,0.005569648331580789
1825,2,0.02351477800929499,0.022183061547908597,0.005278857836987698,0.0501371228222489
1825,3,0.007727243916598091,0.007213883891144137,0.0019319263503333182,0.01660026142573956
1826,1,0.002576534142031686,0.0020518708745789374,0.0004936519076775343,0.00771343126527074
1826,2,0.02303508856926634,0.021111934179812695,0.0072324614947690685,0.05038816828909392
1826,3,0.00881374085808387,0.007102607857340326,0.0014424408446985805,0.025599997154882724
1827,1,0.0047253063169878755,0.003868885531780101,0.000965791100627071,0.013566150225454475
1827,2,0.044206862628124496,0.04028784897398299,0.01153371050000169,0.10013980008141567
1827,3,0.01602295522180158,0.013422098862583798,0.0028742872664135896,0.04382772862909848
1828,1,0.04175914084251781,0.03622135706406893,0.013104587978677992,0.10293493640270937
1828,2,0.01576897548367655,0.013357481051830693,0.0038514836632305986,0.04162330716713877
1828,3,0.04001332734771625,0.037084814356715234,0.020281189679157922,0.07708584662316885
1829,1,0.002862339806308913,0.0023051294855586184,0.0006381870854348901,0.008304221654604892
1829,2,0.02823535645872505,0.024277271241155907,0.006213966257144488,0.0733507594080265
1829,3,0.009631570600053915,0.008077572933596507,0.001919682789058502,0.02641674745704707
1830,1,0.028689466903286193,0.02577075059252592,0.009974284696842507,0.06463458219410113
1830,2,0.01060596549352607,0.00957235830667616,0.0030814966053538196,0.02392619778522309
1830,3,0.02736153035022785,0.02680440147331458,0.016251725551059117,0.04157966649502762
1831,1,0.04410581264842814,0.04101477470057936,0.017606224001352373,0.08861654764459372
1831,2,0.01751928756166126,0.014878759071056685,0.004383395109014974,0.04571177768689749
1831,3,0.04288239589434532,0.04218715140686378,0.02849809051076084,0.06140720075236821
1832,1,0.006043975058237661,0.005501783613764711,0.002369872566887917,0.012851695263719811
1832,2,0.07833272385464804,0.06022191974744702,0.008661003407666913,0.24635889179015974
1832,3,0.0194429861964975,0.018750923317410045,0.009819140816465696,0.03302904672931485
1833,1,0.06082070001928836,0.059665129711989805,0.03209273699116694,0.09658909263749484
1833,2,0.03019861124951044,0.02918798170322339,0.014103537142792175,0.05179421509673754
1833,3,0.041118061558809975,0.03931532278653138,0.021019431141986296,0.07127614128803689
1834,1,0.03832843885710948,0.034999300510111686,0.014212769563063983,0.08194134284120826
1834,2,0.015115235078303554,0.012717509266310004,0.0036892068226466635,0.040398812903252035
1834,3,0.03665915791347908,0.03602003030952965,0.02500920551356771,0.05186615805745036
1835,1,0.005252079063545403,0.004749143693383319,0.0020030681028789543,0.01139055197056843
1835,2,0.06330720838122779,0.05296457660145629,0.008567650644078599,0.17318334229153445
1835,3,0.017092330291049382,0.016442101826216533,0.00718615126617702,0.03069348565785968
1836,1,0.00825268354570216,0.007429249009294036,0.003015375051302413,0.018273806091365467
1836,2,0.09918346538882633,0.08258112145508692,0.013186250242502516,0.27500027254599396
1836,3,0.02690844992101046,0.025581176360004305,0.010748683562423447,0.05062111307730051
1837,1,0.007045872620028649,0.0063477209043205154,0.0025673927393098416,0.015498206941339163
1837,2,0.08261409764929069,0.07113717337440183,0.011923415854851856,0.21620326286674751
1837,3,0.023050079010430304,0.022060557011065775,0.00885512101259478,0.043106653189661726
1838,1,0.03170458414986314,0.028986277361650922,0.011852520106059994,0.06734038700499652
1838,2,0.012652444032987133,0.010497533456024074,0.0030017591096955887,0.0349235218805672
1838,3,0.030426038379249364,0.029793403150034217,0.020368340805218932,0.04400751791175607
1839,1,0.0066424714655276655,0.005929872069014054,0.0024389178736438544,0.014962947393789838
1839,2,0.08359312642685514,0.06574233446815786,0.009611746327588105,0.2545896619084031
1839,3,0.02146635567980612,0.02024312828982076,0.009465455840212472,0.04032347635129587
1840,1,0.008824198903591495,0.007937262434488774,0.0033044255981529024,0.019451551458261225
1840,2,0.10953894486969928,0.08827624926493687,0.013391374502619631,0.3231392196159705
1840,3,0.02862746004390943,0.027271941893162843,0.012484663690576818,0.05263467737434589
1841,1,0.016071869822133097,0.014390160198374868,0.005552516124708974,0.0362692421063234
1841,2,0.18302210327721005,0.16163628188768625,0.028420823144571727,0.46024390783645547
1841,3,0.0528088158291852,0.05030896219919999,0.01837123827829273,0.10178568988341619
1842,1,0.008034944660137086,0.007235495316722766,0.002957985052507722,0.017796993308816823
1842,2,0.09776671667358165,0.08061507346688851,0.012446431766192185,0.27735436251558476
1842,3,0.026111570542628866,0.024876144109691987,0.010826536563009151,0.048279297124913974
1843,1,0.009877380509504494,0.008807565740713508,0.0035321718343323816,0.022299824937992836
1843,2,0.12002014606501693,0.09800563282819301,0.01511885890640478,0.3456797199069541
1843,3,0.03207835533230377,0.030333925265969577,0.012943775491752994,0.06122019902699491
1844,1,0.044330011210943314,0.04104029776248045,0.017330318312763545,0.09010899413175198
1844,2,0.017450409540125653,0.014948145949389133,0.00444829064154338,0.044803430439474254
1844,3,0.0429379478748708,0.04223693559772469,0.028580572389270472,0.06129108048063403
1845,1,0.07781878423843143,0.07385288533375847,0.03450356008216929,0.14313844339668647
1845,2,0.038541769909687926,0.0359911637546146,0.016044425948084844,0.07543548511206444
1845,3,0.04964083862484477,0.04899011972177918,0.03390408642631976,0.06918965903114695
1846,1,0.007651198728892524,0.00690061047851661,0.0029203400637542085,0.016684975504805123
1846,2,0.09883758788094257,0.07603382335611192,0.010887315613095964,0.3127644054490276
1846,3,0.024667742399929353,0.023522696686968776,0.011819878470378995,0.04432408710190105
1847,1,0.011199375274100528,0.00991205765004765,0.003727982284553645,0.02611324709778886
1847,2,0.1289081955217739,0.11036712369652407,0.018947021995582757,0.3419057017424481
1847,3,0.03677707296026668,0.03440381095731432,0.012544825351209031,0.07516751639911844
1848,1,0.009893096496144624,0.008718460843230694,0.0033551991294881378,0.023133164949175895
1848,2,0.1191097070841437,0.09698442236976451,0.014980822126092348,0.3443847258928983
1848,3,0.03221775826314606,0.029972507875488788,0.012125088262484936,0.06521185324455415
1849,1,0.005405042260389913,0.0048359116045515425,0.0019499059827446073,0.01211641266862567
1849,2,0.06426764316104602,0.05404114059642012,0.008697058309723756,0.17476951908967406
1849,3,0.017637270915878467,0.016733781930078268,0.0068396367332603574,0.033638756557598605
1850,1,0.008856821704218653,0.007955890999748895,0.0031147281369574066,0.019883563772836916
1850,2,0.10324643857167781,0.08842182318086739,0.015032385302252,0.27212818679184536
1850,3,0.029055265706300282,0.027569714240975884,0.010550377443257711,0.05597116303409481
1851,1,0.0032373942905015904,0.00294588091890923,0.00127687633513795,0.006912484648711977
1851,2,0.040927411218227294,0.03263544195835498,0.004870362536888676,0.12264732424709711
1851,3,0.01044478205020721,0.01014116508468792,0.0050154984422316464,0.017649221476731185
1852,1,0.03612618776199879,0.03236550316429424,0.012555240725076534,0.08190990780293245
1852,2,0.014319022755925545,0.011730368572197752,0.0032798323054831677,0.04034196947830709
1852,3,0.03417878496328387,0.033373222016647865,0.02242016769359835,0.0505510668466323
1853,1,0.03985255772009111,0.03590099902355745,0.014133718750048818,0.08860922035981067
1853,2,0.015780209723705245,0.013030861775332811,0.003649062223099853,0.04358854244627182
1853,3,0.03817519607781219,0.0368528896883743,0.02344941535778899,0.06052697471612093
1854,1,0.08405690791355715,0.0819650378266494,0.0434096704509787,0.1366321807609546
1854,2,0.04195976988828056,0.040043656777645445,0.01878851169473834,0.07608094740502866
1854,3,0.05566076011063984,0.05436483579072431,0.03216658582225416,0.08649205442650298
1855,1,0.004713382897069149,0.004263609132816799,0.0018256963114215163,0.010186238188976238
1855,2,0.06083048325026794,0.04695471722932255,0.006715505970608383,0.1908053564663637
1855,3,0.015169453284496951,0.014535839224896128,0.007472991931658405,0.026528795402010634
1856,1,0.035527522940302564,0.0324437210687554,0.013433519157155556,0.07567125387661698
1856,2,0.020140906286229297,0.017988416505345634,0.006699217822617686,0.04581963577589698
1856,3,0.02651372811227359,0.02582403261225444,0.01772706125330881,0.03920583536201227
1857,1,0.023936054696358188,0.021590875095625843,0.008641724261226327,0.052803488061759676
1857,2,0.009488155488089385,0.007838679679001613,0.0022225820019841024,0.02637167143864501
1857,3,0.02269012548665854,0.02226623303873001,0.015667611890687067,0.03211425567957913
1858,1,0.08079893967602637,0.0769984197500642,0.036658959876973596,0.14607324929602242
1858,2,0.040111487414606795,0.03747331738060352,0.016858624461867335,0.07824526109680487
1858,3,0.05178843714530829,0.051088254779093095,0.03475574952868894,0.07287215496598863
1859,1,0.004991986498265666,0.004420740121171626,0.0016380623785208113,0.011674054016238701
1859,2,0.056372471159885654,0.0490853091697874,0.0088356557017515,0.14472191420109737
1859,3,0.01640988125555245,0.015410462945930712,0.005395512294307118,0.03336724419578598
1860,1,0.032847824776532294,0.030994580106321487,0.013923773602277909,0.0623052964783473
1860,2,0.01827910138768973,0.01723383166423316,0.007397222042079699,0.035026076716527764
1860,3,0.025105221737716468,0.024754618080685346,0.016269449727852454,0.03599940058928155
1861,1,0.15607801279110617,0.14881293012221913,0.07105526546415938,0.2812374534937623
1861,2,0.07593304301509454,0.07293460942236875,0.035793963882141316,0.13294071124363296
1861,3,0.10075630409497717,0.0989914934741328,0.06248109530880531,0.14917565998948362
1862,1,0.045033155333622905,0.04183804936732144,0.018127241716669802,0.09038478115278352
1862,2,0.02565284578467166,0.0231842242432075,0.008865564023345478,0.05694467314984652
1862,3,0.03390304781069028,0.03336172755946602,0.02357214721864256,0.047307812583745674
1863,1,0.03224408188770941,0.029459795081929793,0.01205105504821933,0.06821645947534687
1863,2,0.01274339968073666,0.010727669461256778,0.003113362736247857,0.034005713103736214
1863,3,0.030901029904682176,0.03037745105975464,0.021044002082887227,0.04368217150234069
1864,1,0.03529346087951365,0.03272376009276555,0.013908100026201794,0.0711920144904598
1864,2,0.014051139197984034,0.011870701159644722,0.003482443312943898,0.03722154385834365
1864,3,0.03413876394605328,0.03368907969300859,0.023709686965922582,0.047198375506629434
1865,1,0.06735618768955365,0.06147167535315691,0.02525875816430151,0.14394123153978244
1865,2,0.03810937385939124,0.034153496038418864,0.012691508173559199,0.08660840240398161
1865,3,0.050211183614909075,0.04907617914601245,0.033344553433154234,0.07320250238517419
1866,1,0.02908028412520066,0.027085891566146936,0.011620685655760217,0.05782468531206521
1866,2,0.011390857335898138,0.009873074263841432,0.002991433864611641,0.028211480580455778
1866,3,0.0283126239201621,0.027888073194473117,0.018673455502711562,0.040280130428002485
1867,1,0.04683082413422695,0.042844798771486656,0.017889352123263206,0.09808711034667203
1867,2,0.026657103315327613,0.02377829697012742,0.008752016942350579,0.061049831810629694
1867,3,0.03515444686718903,0.03413907769319272,0.022596796971652077,0.05349834368821138
1868,1,0.03273018849371605,0.02943677446265315,0.011704515721007887,0.07276148685307306
1868,2,0.012988059848715391,0.010703153578886442,0.00301472897284525,0.0361956747763421
1868,3,0.03098478183144768,0.03041537728312895,0.021334995441685437,0.04388746828833943
1869,1,0.009211149885757075,0.008287413462054874,0.003405524603394942,0.020327883161675903
1869,2,0.11214574482191057,0.09245219575040248,0.014513102584481215,0.31861836146589123
1869,3,0.029938240894600582,0.028533345309576727,0.01259712743234404,0.055373591345599445
1870,1,0.0490806980154677,0.04514895730347797,0.018876332630991803,0.1017354238921165
1870,2,0.027356957852883706,0.025133204543292733,0.010003074274647415,0.05751616407043365
1870,3,0.0368123867119401,0.03606766713455134,0.02407477764165001,0.05385631555049143
1871,1,0.0821498387922404,0.07866832382262727,0.037401870667090595,0.14613573971869442
1871,2,0.03939859869818233,0.03851353903113995,0.02065996001811576,0.06345407419550009
1871,3,0.053776238153720714,0.052272893409307825,0.0297173133622962,0.08659678591598281
1872,1,0.03877790147839798,0.035425965118790155,0.014447665207687883,0.08230274934374032
1872,2,0.015343312431223602,0.012866327543215058,0.0037102325476019485,0.04107665079131382
1872,3,0.037148208811877574,0.03654075130597858,0.025261685727047282,0.0524347238926782
1873,1,0.06819447007677229,0.06432640819642924,0.029714619866673654,0.12852906786254217
1873,2,0.033141616395406887,0.03151862948443217,0.014890163308172702,0.06048428216754774
1873,3,0.04348164007090527,0.04275189517483587,0.028156824141895048,0.06289869850906019
1874,1,0.02847745400806927,0.02679935362587277,0.012045514565458043,0.054578118479828325
1874,2,0.01594704877358237,0.01491161968681142,0.006223677867004787,0.03154198257742064
1874,3,0.021713256987245143,0.021391808371400086,0.014336475554615126,0.03091153477266612
1875,1,0.0068993895480063995,0.006255214273717131,0.002654218291288132,0.014880098611806697
1875,2,0.08590587172507465,0.06960517350851725,0.010598250858902522,0.24913362617587484
1875,3,0.022344605343213024,0.021475222919986055,0.010199028039900299,0.03942387142150058
1876,1,0.037281897680379816,0.0334958487511349,0.0131659204048324,0.08311665819210756
1876,2,0.014706239778046751,0.0122318694120108,0.0034542308580275197,0.04050424370691534
1876,3,0.03534751053439293,0.034594292843268336,0.02343383935302578,0.051657922432200465
1877,1,0.0338499001915426,0.031169735872107068,0.012885605411914088,0.07022493900769806
1877,2,0.013352108066229858,0.011317633850986736,0.0033162902686723825,0.034963374383472946
1877,3,0.03283302583200944,0.031967042122920876,0.020750508710130445,0.049641206581053594
1878,1,0.02747812314522011,0.02439350771777231,0.009379514376368902,0.06335162183441782
1878,2,0.010853165746179274,0.008881908622668876,0.0024477062704525796,0.030764687622869397
1878,3,0.026029165700557095,0.025006686960256718,0.01642998213406931,0.04153955730357851
1879,1,0.00944797498720145,0.008282596127977587,0.0032131430817067264,0.02258838691604149
1879,2,0.12252581498434985,0.09078448424350813,0.012492906641142087,0.40949382304393633
1879,3,0.030374402811644195,0.028035207657813508,0.013061692051021572,0.061354654261211866
1880,1,0.007245882778721633,0.006503418363924264,0.002655205190357249,0.01611886957619115
1880,2,0.08873395333638526,0.0724330515434608,0.011209741116412259,0.2563482474244474
1880,3,0.023557260298677284,0.0223642570321088,0.009801957060562649,0.04443325369575306
1881,1,0.006695436212817847,0.006041850272181848,0.002566758613664088,0.014605086358609732
1881,2,0.08351855965430593,0.06723034947422465,0.010033794395988484,0.2439079323970915
1881,3,0.02168525616995391,0.02075883424939181,0.009827341533684917,0.03898754613637243
1882,1,0.04151102761534654,0.03881196054272672,0.017152327078698917,0.08134129002848996
1882,2,0.023117758497406566,0.021612208839041344,0.009057945487671611,0.04572373271800993
1882,3,0.03141797309439324,0.031046767713175483,0.021204494799638395,0.04373851582466966
1883,1,0.007483084001389707,0.0066119573567448055,0.0021656471026403144,0.017846722850421756
1883,2,0.07845325430602519,0.07251342768372196,0.015636040077377674,0.17751605298688874
1883,3,0.02497771345979087,0.023210464966488646,0.006712890230694979,0.05389197796349535
1884,1,0.025958644348674953,0.02311171535651589,0.008832444672531841,0.05977304865637001
1884,2,0.010318458632131081,0.008380500658405558,0.0023221094695320492,0.02955274404949025
1884,3,0.024577223760347575,0.023689383159317907,0.015726737428476557,0.03856087427319582
1885,1,0.05421325617241607,0.04894123271521819,0.019370588392879473,0.11900782863753588
1885,2,0.021027247940455712,0.017935334907648082,0.005244161327056259,0.05472819129398091
1885,3,0.05169223110317203,0.050586798317610704,0.03335849124906364,0.0764837944300553
1886,1,0.041017632362069706,0.037645621767601535,0.015548418295648583,0.08648285304633177
1886,2,0.01609524356175221,0.013714576626626836,0.004041008697110611,0.04180371208397259
1886,3,0.03940265354455122,0.03874137806797258,0.026663649937669825,0.05572811115624559
1887,1,0.04024797771624074,0.03595501753939657,0.013862359841292226,0.09144252501102058
1887,2,0.015989199083562326,0.013050847773664873,0.0036195478941902256,0.04551020628579784
1887,3,0.03812612758552253,0.03707510038877834,0.024402141078563526,0.057810162540812435
1888,1,0.048349561622509106,0.043170787313381455,0.01669196541086154,0.10892852184921122
1888,2,0.019229246435010727,0.015698315438643258,0.00433661651435939,0.05470343262171197
1888,3,0.04602948907902601,0.04452605620140844,0.028345041562127346,0.07231385763976747
1889,1,0.04337317900681948,0.039832985810199575,0.01664058000168914,0.09076577934748549
1889,2,0.0245159554909373,0.022081764858311405,0.008379123729663854,0.054652965408572375
1889,3,0.032406178514001696,0.031762348662229635,0.021964121365482047,0.046574287338149806
1890,1,0.03965246426382518,0.03755762160065952,0.017089167053572857,0.07422220805836323
1890,2,0.02209255076149804,0.020910038194247187,0.009030104566308534,0.041906119719402404
1890,3,0.030480609092184717,0.03004014919088357,0.019144150476314313,0.044366980774891186
1891,1,0.006176046046578332,0.005496596023051334,0.0021983905033006288,0.014033662111100817
1891,2,0.07453226349851087,0.06146757929488042,0.009664532597203571,0.2128246874479258
1891,3,0.020138628026787297,0.018901557265169695,0.00789690967457917,0.03958049101413596
1892,1,0.005691169957330386,0.0051095032454955905,0.00209567190543895,0.012605582248833201
1892,2,0.07492455542632279,0.055649875639332214,0.007730786722501479,0.24833952973742573
1892,3,0.018254172566427865,0.01729401746711043,0.008880157595400012,0.03322897139888073
1893,1,0.026513344594687828,0.02497694260353814,0.01113823380756794,0.0507247540534209
1893,2,0.010645396016599532,0.009050471313675174,0.0026581620328395366,0.027756459540650102
1893,3,0.02618221006822109,0.02566038795380344,0.016459901972513177,0.039070247743422284
1894,1,0.03031230511749479,0.026919183324970626,0.010263400674193669,0.07038290790868117
1894,2,0.012045558152709109,0.009764460089388749,0.0026655283945411323,0.03450175031669699
1894,3,0.028954611113125785,0.02746047955476539,0.017254559103508635,0.04921490383039224
1895,1,0.006402800144505899,0.005294998067541912,0.001917539516150983,0.017616046778260536
1895,2,0.07888308120249084,0.05873314264412277,0.008536593521576548,0.26736328745837196
1895,3,0.020760564114238374,0.01795194980016921,0.0070970253823683035,0.05154721478734388
1896,1,0.018748221479579996,0.01821948383900535,0.010551166906244963,0.02947810409222423
1896,2,0.01136037090230896,0.01008416404667386,0.003650561387773282,0.026414875798483558
1896,3,0.015148341664973709,0.0146401216097394,0.008260010514609442,0.024635478669817062
1897,1,0.005738410779985287,0.005060604505422891,0.0020409318378249563,0.01333394881414976
1897,2,0.07257709469950563,0.0561425021860324,0.008098708796910215,0.22873821221413976
1897,3,0.01852759560807808,0.017233505194831553,0.007986136216635699,0.03646873717554377
1898,1,0.0036190797755716675,0.0032112450647466487,0.0013493202464515215,0.008189370750618786
1898,2,0.04407507737901631,0.0358254424532776,0.005595714585427139,0.12580361075348445
1898,3,0.011773783894870335,0.011034840929063629,0.004897637496037155,0.022556803832123645
1899,1,0.008278819586207811,0.00731066406454979,0.0028402190559417458,0.019278873021650947
1899,2,0.09931931894040143,0.0807957705060498,0.013054032214823845,0.2888782375889126
1899,3,0.027172528595066373,0.02507166451260154,0.009876505668525448,0.05670116744194504
1900,1,0.004656119285698887,0.004370290695890468,0.0018684284785996045,0.009064276305583664
1900,2,0.05491162869369154,0.04805522599357351,0.008747811679736798,0.13889813759572273
1900,3,0.015734284308307953,0.015051220247715866,0.005757676184211822,0.029809408320371232
1901,1,0.005994664417474126,0.0052208159402362155,0.0018048403053319256,0.01464345454482048
1901,2,0.06653366700290282,0.05745520288783856,0.010827340615208668,0.1762857012346824
1901,3,0.020028020699847885,0.018088268247478806,0.005684748035075068,0.04583059952870316
1902,1,0.02561681755695483,0.023535347131237387,0.009792933182574275,0.05309428661798517
1902,2,0.010225128289970352,0.008558159560228595,0.002461860268096308,0.02778348320499033
1902,3,0.024640163266054456,0.024242218642007603,0.017056542789933717,0.03450238147345395
1903,1,0.04702828883652955,0.0428991967213045,0.017435469827220752,0.10072993337504438
1903,2,0.01861982019515327,0.015589538978713992,0.004477027010662077,0.050326878833702224
1903,3,0.04499606046939635,0.044240263038330924,0.030514187508108644,0.06393232077434628
1904,1,0.027352551618475225,0.024906700555527107,0.010087414735222613,0.0589240676174973
1904,2,0.010822887627186162,0.009050238223413838,0.002596532871035968,0.029327513881919936
1904,3,0.026247963305517104,0.025591055081646854,0.017222896404146527,0.0392855318675508
1905,1,0.034491996573923295,0.03263006934978162,0.01517369711921952,0.06434719828152188
1905,2,0.01972416730134491,0.018091266825089873,0.007121150601175879,0.041588950249844256
1905,3,0.026638356695165056,0.026005568259831004,0.016509830338657428,0.04041597271435542
1906,1,0.016980984645558892,0.015450117706506302,0.006287297859259372,0.036329610176646265
1906,2,0.00671261019078478,0.0056082785060045486,0.001625644443754259,0.018116059379704758
1906,3,0.016171359635739235,0.015927184206734536,0.011528011339793129,0.022196453346395036
1907,1,0.028909147220934992,0.025093028290481774,0.010199748814877185,0.07074872730822186
1907,2,0.016512120846965392,0.013955731904406493,0.004977673410179317,0.04333121383080513
1907,3,0.021885994814926157,0.019475791036997234,0.012315054313038214,0.04663283430754256
1908,1,0.005404768024894376,0.004882629882211928,0.002017137266698271,0.011889391301720209
1908,2,0.06480230388586644,0.054466153297066625,0.008719051903017052,0.17704949494846353
1908,3,0.017628708682476627,0.016884667760195985,0.0072127324888453465,0.03246424652423702
1909,1,0.003884789865882922,0.0035611948753097714,0.0014426478239221744,0.008231763579323502
1909,2,0.04522547464909956,0.03940539904459277,0.007029375718407286,0.11586235959896614
1909,3,0.01288869585097512,0.012330911972396483,0.0047374345352651755,0.024389302161246705
1910,1,0.03399433743490183,0.031197148061851403,0.012820976586450851,0.07084804207473311
1910,2,0.013410145509455861,0.011353652615370451,0.00333005663534408,0.03522563277430119
1910,3,0.03276350779256455,0.03211506005595212,0.021752685229136728,0.04742312293927008
1911,1,0.037592252191906185,0.03436569199823921,0.013964158569006364,0.07970242567474774
1911,2,0.014842115258178695,0.01250841346948612,0.0035912652425535113,0.039485529183067226
1911,3,0.03635865938419361,0.03526299471682692,0.022450934878734955,0.05654466982272918
1912,1,0.006886817638544682,0.006032050935556874,0.0023305085068829477,0.016448450911204494
1912,2,0.08470099741866284,0.06688416088446342,0.009973344308640155,0.260065460068808
1912,3,0.02235832540211927,0.02062086244841181,0.008736683356190064,0.046216755895709456
1913,1,0.005299793255604865,0.00439480618840681,0.0016616142916758055,0.014516690741434473
1913,2,0.06302430110929662,0.04893921622174505,0.00794177229063281,0.20138616727613542
1913,3,0.01754022853681204,0.015031582943053257,0.005558883760487727,0.04529245034071166
1914,1,0.003045757112423221,0.002779051909941636,0.0012096708531247982,0.006432887219220589
1914,2,0.03918949256203586,0.03052663238742332,0.004479579862403826,0.12152285049147574
1914,3,0.009818233440482873,0.009510945510757497,0.004863366773406854,0.016511029858864934
1915,1,0.0043299559717863605,0.0039245137117534246,0.0016131952889477975,0.00936260937137305
1915,2,0.051081851950304596,0.04378239034764024,0.007371399255580025,0.13469285106478107
1915,3,0.014233553923141276,0.013617786362552009,0.005506137140573896,0.02665130864534443
1916,1,0.005074540332711386,0.004572871899604702,0.001714059070515326,0.011318141424010972
1916,2,0.056946079055670444,0.050666505279380186,0.009489915591538754,0.14076792105062202
1916,3,0.01689434949991821,0.015913505591654435,0.005440215609950284,0.03410140319465639
1917,1,0.006245585358699622,0.005627357404117982,0.0020977623133273584,0.013998618773591789
1917,2,0.06959172820716959,0.0623667889219455,0.011783931368971096,0.16865400901728092
1917,3,0.020735617054116764,0.019622747702486655,0.006713806449133826,0.04151706592713117
1918,1,0.023666468895487274,0.02297024178116619,0.011675879967960668,0.039766176319176214
1918,2,0.0097670784945929,0.008289233629139022,0.0024075046275518824,0.025532570075448187
1918,3,0.024160278934248037,0.02366598540816389,0.013942057590706648,0.03726803094209019
1919,1,0.02724070136396671,0.024987660888825362,0.010527679040251842,0.05718847431357611
1919,2,0.015461851400880716,0.01383260638746089,0.005232888447011281,0.035154332820193465
1919,3,0.020437505524648746,0.019813370391334784,0.013570531614247724,0.030963733126514955
1920,1,0.009275390191715829,0.00812608644755949,0.0030788868947959633,0.022068136598036733
1920,2,0.11045358645046206,0.09001793958125763,0.01437707977124889,0.32035599276380383
1920,3,0.030280362446608054,0.02798178395861811,0.010814328970651313,0.06298164763944855
1921,1,0.026824561750294924,0.02469706091636846,0.010183211961124367,0.055838169524502795
1921,2,0.010678134345240741,0.008927069539810137,0.002571220532922476,0.028776171386956338
1921,3,0.025842157576948445,0.025323725695358533,0.017430716284395433,0.037149343246225354
1922,1,0.019487500349208955,0.017539018071952843,0.006995652173865855,0.043177590175910836
1922,2,0.007686647001321819,0.006416438109600411,0.0018214422608106879,0.0210000425363325
1922,3,0.018563886232347643,0.01799662746398225,0.01245097400273846,0.028031023027896316
1923,1,0.005760943665012561,0.004958431747630509,0.0014589702491189583,0.01476264408239425
1923,2,0.05868421420528891,0.0532582451021678,0.012320040543548539,0.13826973074542204
1923,3,0.01942320690691864,0.01720901343039204,0.004437904143770031,0.04743665698895821
1924,1,0.036555410944759295,0.03524609895886904,0.017324900604994472,0.06305816819027596
1924,2,0.01486839307896905,0.012797615097984189,0.003789757788825172,0.038002573203884366
1924,3,0.037082711124128524,0.036344357364845585,0.021537744598712084,0.056962273392719094
1925,1,0.030746708915715314,0.029502113009982157,0.015729851259810284,0.053127183102379474
1925,2,0.013282213561559274,0.01065232656893084,0.00280973048657644,0.038840968947776985
1925,3,0.03222551887613142,0.030647513542214386,0.015270504879935441,0.058237926117852716
1926,1,0.030796023743548458,0.029315948014900683,0.013604634535383124,0.05640438415709835
1926,2,0.012485839202564651,0.01059174196099186,0.003106001119310323,0.0326449949953666
1926,3,0.03067730741998883,0.030132782521679,0.01920175139270572,0.04540512765058792
1927,1,0.02309086899737898,0.02204766733399515,0.010691495897960625,0.041469447595747805
1927,2,0.013436631599921275,0.012168388296931412,0.004693088589338871,0.029427066993262967
1927,3,0.017974632416390055,0.017536802103572578,0.011222966243566779,0.027277759643049522
1928,1,0.034674849949459206,0.03296001942561409,0.015358543912487905,0.0637718147955923
1928,2,0.020018588061320834,0.0181649324620576,0.007006143243989405,0.04371191055485906
1928,3,0.02667938459129215,0.026201885911909896,0.017490826924223015,0.03851449124402994
1929,1,0.019093678438383246,0.018515541904308607,0.009488414146680365,0.0319406390160591
1929,2,0.011344800933880298,0.010149121910257006,0.0038171592420619765,0.025682952317939187
1929,3,0.01500128826321501,0.014764158297028894,0.009406956075921733,0.02182717466146976
1930,1,0.0026823242643822676,0.0023813957360752733,0.0009275589992475229,0.006083734523831977
1930,2,0.030987920112856938,0.0264442944562341,0.004670260791475429,0.08069637142007946
1930,3,0.008798553085299319,0.008321082104164768,0.0030808358655975486,0.016766961824584103
1931,1,0.0050137329543262395,0.0045004405628188285,0.0016547957690886358,0.011364113833890138
1931,2,0.055961333269255904,0.049620473517495434,0.009400359631045562,0.13878562031653738
1931,3,0.016726926037713565,0.015642414039813632,0.005228204807163886,0.034673849533857166
1932,1,0.0032394952696909894,0.0028679015634181845,0.000860744069726767,0.0077772500060675235
1932,2,0.03246746302624326,0.030674897845356205,0.007854957310655579,0.06810487122019251
1932,3,0.01099777206692562,0.009985321980236798,0.002574494563216747,0.025270627575942062
1933,1,0.03236690617715401,0.031230748883235494,0.015484012506402405,0.05575104382976906
1933,2,0.013315401481299945,0.011303894741127472,0.0032784576655628746,0.0350720429670108
1933,3,0.03281455178526726,0.03214454818501998,0.019219359994405695,0.050020720658379175
1934,1,0.005092924443140488,0.0046082766353623935,0.0016264816314399185,0.01142534703795982
1934,2,0.05552541650254916,0.050165001897478655,0.01034729290150203,0.13225482858319465
1934,3,0.01725797692846332,0.01595490720346763,0.004935441081348386,0.037316289969147584
1935,1,0.00399872184421017,0.003595949155003597,0.0012663299744333182,0.009089780063694715
1935,2,0.042987729073686844,0.03961086972485089,0.0082359775430383,0.09766854269341807
1935,3,0.013358616352895255,0.012599079209220104,0.003925077172725163,0.027398689875170214
1936,1,0.00761733554191678,0.006794928259472861,0.0026937539586660564,0.017398871400127337
1936,2,0.09241116350713711,0.07552813025142394,0.011749293763772574,0.26547167458779963
1936,3,0.02476698245391402,0.023335760792935423,0.009904943882616724,0.04767997330045545
1937,1,0.03818426388172311,0.03454302201714733,0.013743675152886797,0.08350812096082023
1937,2,0.015020989427565627,0.012594570671182699,0.003611900644735604,0.040592529922551086
1937,3,0.03635994595800996,0.035627779365077966,0.02413591246312545,0.052675044050988495
1938,1,0.016031428078068344,0.014235109438979305,0.005136590288883846,0.037287996948535136
1938,2,0.1852978511071729,0.15556640220939427,0.02758339762842965,0.5126196119304361
1938,3,0.05407813576785831,0.04880696664644782,0.01610177509045558,0.12306528677698246
1939,1,0.014785757519493138,0.014297097433005137,0.007166243094486814,0.02507919278386919
1939,2,0.005992550732597159,0.005188637289272194,0.001554439702219857,0.014930165871393715
1939,3,0.01507301297136074,0.01471099920464083,0.008623652308551092,0.023391522454816686
1940,1,0.003722649199055955,0.003080479964071557,0.0010073762767276648,0.01001718415734352
1940,2,0.04107493092035612,0.033158876665591086,0.006578737727884913,0.1210954334561431
1940,3,0.012417381744918868,0.010688599416069628,0.003127960653343226,0.03160857173550292
1941,1,0.029311855165715432,0.027446614616282485,0.012273026591973482,0.05685976470381311
1941,2,0.016721934717608182,0.015185077445988848,0.005910769118796771,0.03633438290446393
1941,3,0.022286475534299424,0.021863598405761686,0.014973245478683495,0.03200417312899835
1942,1,0.007549882840068384,0.00650560242542303,0.0021226488909990675,0.019102440873303324
1942,2,0.08098063611310205,0.0712940107610564,0.014079049359728495,0.20427089779853153
1942,3,0.025060344648340747,0.02263058945136934,0.006668009809944526,0.05751943365826936
1943,1,0.028704348741599967,0.027066353456372764,0.012318343535659625,0.05469149919829365
1943,2,0.016432821177148733,0.014970466348068989,0.00585270706999952,0.035465382477168045
1943,3,0.022096746860730106,0.0214892316136579,0.013781652967688489,0.0338575333062701
1944,1,0.007875035303537347,0.0068765710478688735,0.0024519483738716665,0.019219448077413846
1944,2,0.09004639948321519,0.07594764617504428,0.013288274456073475,0.25082107326271036
1944,3,0.02609417630019911,0.023672823445415797,0.008034620524886836,0.05851899156778474
1945,1,0.004857482835346817,0.004303992618406064,0.001453868746533145,0.0115067733423839
1945,2,0.05232179866519896,0.04703108782411031,0.009559342417031231,0.1254040895353236
1945,3,0.016201369866321567,0.014988700815614299,0.004534693864101971,0.03510909012315845
1946,1,0.00756452807270511,0.006851692377136186,0.0025089496892748164,0.01678068220771004
1946,2,0.08456771927802428,0.07529063601567383,0.014397228874683773,0.20847797098707382
1946,3,0.02532646046742199,0.023724054196749167,0.007850503473461168,0.0522741007076453
1947,1,0.042297190332681776,0.038618508739268156,0.01594005745949751,0.08938665042456798
1947,2,0.024016058990306215,0.021444616110937544,0.007896582364207759,0.05520336070283713
1947,3,0.03176993702746768,0.03068764853068883,0.019951121236618154,0.049891883501411695
1948,1,0.006558606475769111,0.005850629149745294,0.002337215646542833,0.014885208513899564
1948,2,0.07983432402777887,0.06482912233914026,0.010083928205277218,0.2319059076126728
1948,3,0.021348073886450842,0.02010882557064282,0.008521199555678163,0.04134031743712786
1949,1,0.011371620223471568,0.010028089363704844,0.0037853394573405977,0.026701713980905255
1949,2,0.13423208450799645,0.11139460336727039,0.018118894401301797,0.3773292192720409
1949,3,0.037148845991235774,0.034616449073095905,0.013196634617915693,0.07590086143215853
1950,1,0.027417384871274788,0.02429214566111898,0.009208831408594714,0.06416008307677297
1950,2,0.010848362459530109,0.00883366138422909,0.0024293237983209204,0.031158339637068284
1950,3,0.02598550046955628,0.024833324070531286,0.016087259123937037,0.042602530337859615
1951,1,0.010241845386884711,0.008960249907797396,0.00327224271080826,0.024877978509938285
1951,2,0.1216427190118112,0.09831569266915306,0.016104096536744373,0.3628453282460871
1951,3,0.03405226143416504,0.03061702690348514,0.010920588032515853,0.07759633694772353
1952,1,0.05925564313890845,0.05776067812356666,0.031088274731668118,0.09591009448821973
1952,2,0.029872045301665616,0.02816513535497213,0.012792388034750538,0.05661237495175154
1952,3,0.039233290701135626,0.038383241255695706,0.022978612407742783,0.06022577032065432
1953,1,0.008394723233276438,0.007005513043547094,0.00245044782819633,0.022607969258309806
1953,2,0.10245849596776549,0.07746408443518597,0.01128300760199817,0.3404331070743827
1953,3,0.027238587337094635,0.02372577914684506,0.009087040027899899,0.06652121159571643
1954,1,0.0055406580305334616,0.004728829606972177,0.0014903296957100279,0.014329001988931063
1954,2,0.05925319173833676,0.05147825409069022,0.010303672642586822,0.1549188264868959
1954,3,0.018475389309933813,0.016428845959372856,0.004666082293150826,0.044523920376921274
1955,1,0.03255292328734273,0.029779677301635686,0.012133313742730415,0.06859144109664927
1955,2,0.01293069302014948,0.010826547531683509,0.003103473183100506,0.03501005478176484
1955,3,0.03139541798547809,0.030606604553958087,0.020232093998481776,0.04707429299491994
1956,1,0.029337084249524477,0.028007525871184914,0.013706374397596761,0.05271733342567141
1956,2,0.01228156330367245,0.010114751972599801,0.0027835696202767202,0.03429791853011594
1956,3,0.029988644049696,0.028853194582526748,0.01599046758815651,0.05054838959479184
1957,1,0.0392586138865587,0.03622765833701451,0.015123628176963359,0.0810997054159702
1957,2,0.01570425898420975,0.013116199441805806,0.0037650608220780165,0.042447299337009345
1957,3,0.03798378945091146,0.03716760668732237,0.025024099788747606,0.055416466207429294
1958,1,0.007417188159311212,0.00663609104154759,0.0027192356319641698,0.01667402984464069
1958,2,0.0897024884867978,0.07324937116445655,0.012167169622538528,0.2604076925461763
1958,3,0.024836203040082945,0.022690164884962775,0.00891611045995846,0.05362584739365623
1959,1,0.02085099229867205,0.019381489894844162,0.008283233821508498,0.04165948314834306
1959,2,0.008259310008419287,0.007049714838123002,0.0020775075579519335,0.021361741259607558
1959,3,0.02027132907473742,0.019912424514998077,0.01358325626331308,0.028990547768127484
1960,1,0.03476551467399985,0.032172302326812716,0.013550617750732581,0.07055697328981693
1960,2,0.013688768169605563,0.011708315062832202,0.0034768305243246147,0.03542423136286816
1960,3,0.03368542112027481,0.033125369202467364,0.022422660579803022,0.04818468444936147
1961,1,0.005185002992165055,0.004460048550042292,0.0017786282772651622,0.012899697900020783
1961,2,0.0629731156670748,0.04971011725250292,0.007815613700382855,0.19479044722507743
1961,3,0.017007779602224243,0.015205519196894909,0.00628918298567496,0.039041347566720015
1962,1,0.005597562934705377,0.005030759917285247,0.001970413623920233,0.012550102430038011
1962,2,0.06555301293093989,0.05558177490301708,0.00964613945115938,0.17815610170087992
1962,3,0.018580261552222362,0.017327927164297045,0.006505233222222857,0.03808641414199426
1963,1,0.02689495872635142,0.02455699770364726,0.00998543217178166,0.05727089777029129
1963,2,0.01076156749828269,0.008904766546065125,0.0025060026476659866,0.02990625422056383
1963,3,0.02609051065099781,0.025092633104982207,0.015978418689592815,0.04212367664025774
1964,1,0.0031830053987031374,0.0029137616077825734,0.001214990531538613,0.006706958695816877
1964,2,0.03783826400532967,0.032341055770537586,0.005492923218525428,0.10035593466555645
1964,3,0.010468850611642603,0.010120244295889778,0.004087069064457301,0.01891313875306549
1965,1,0.03049231169584242,0.02860243590197266,0.012672148256270535,0.05929885491875395
1965,2,0.012583380490838224,0.0103176583808263,0.0028529647790790113,0.035528324176982165
1965,3,0.03034183755632647,0.02930268476280129,0.017713595882203392,0.04907891883144806
1966,1,0.038555935631606655,0.036865749054216156,0.01759069535773588,0.0693858540534311
1966,2,0.015989114930327734,0.013262775687297437,0.003751644638961581,0.043839463604241
1966,3,0.03904972634836188,0.03792949271448033,0.021952212544063744,0.06267996980635906
1967,1,0.005065238614610115,0.004532815124620865,0.0018743576000754144,0.011346789855630581
1967,2,0.06254755189563797,0.050378058842573945,0.007696133535583566,0.1844013395296284
1967,3,0.01645105208491583,0.015547925174982533,0.006972021663456506,0.03121449319599363
1968,1,0.024651208492059477,0.022511767010166123,0.009134316381777877,0.05269241592390725
1968,2,0.009701270703040502,0.008186927604033728,0.002378141068888133,0.025745751421031495
1968,3,0.023608742295543737,0.023149791183658314,0.015927540310600764,0.033957708507847184
1969,1,0.0037723389720016264,0.0033825156639440144,0.0012436803851068857,0.008551486322148943
1969,2,0.04197217154710565,0.037393585860964244,0.007195747975464032,0.10370017124634968
1969,3,0.01258208621447396,0.011764444215866834,0.003902825068068365,0.026235001944400812
1970,1,0.0027466719020049226,0.0021414434698308407,0.00048076375953525407,0.008391625791093265
1970,2,0.022753546404253866,0.02200026143241754,0.010050447027819015,0.0396403247152217
1970,3,0.009597709554314845,0.007311646101957411,0.0013975728117432491,0.03033012121480859
1971,1,0.022102156563146836,0.02030596238991584,0.008553001635757193,0.046010866774663664
1971,2,0.008963435783538998,0.007350510783494229,0.002052072599079847,0.02514509083284175
1971,3,0.02166053707758444,0.020657251077205577,0.013186074010309887,0.03600200310811206
1972,1,0.03282055323789249,0.03094570125345166,0.014082786220126677,0.06225265116359769
1972,2,0.01884558640794687,0.017137599766866157,0.006602086909924006,0.04093887886907024
1972,3,0.025184383964278596,0.02459890255504215,0.01620210601374972,0.03749637533896407
1973,1,0.006749559626848161,0.006061066844693312,0.0024358322965381415,0.015049510519866196
1973,2,0.08200541454889328,0.06720410222331144,0.010501247421051487,0.2335500913453709
1973,3,0.0220133651834057,0.020829498532839705,0.008856577936612974,0.04208978332135575
1974,1,0.004461046762822279,0.003872627837009947,0.0011463750098815962,0.011239556882844661
1974,2,0.044781113991558506,0.041439118878275234,0.010190058525195111,0.09934479186679357
1974,3,0.015084742682661146,0.013512412705214177,0.0034215880131615063,0.03592529070667092
1975,1,0.004784056315285996,0.004208345724344028,0.001238144581355504,0.01171046289525776
1975,2,0.047912666196195414,0.044861584065927676,0.011402839708708234,0.10336339745480133
1975,3,0.016308319310546437,0.014591555912519715,0.0036713631686259712,0.03894038245395867
1976,1,0.004618434707214532,0.004159404630558167,0.0017001179332284358,0.010159562622878763
1976,2,0.055013127442637415,0.04641816643780819,0.007578724226165139,0.14883915942489565
1976,3,0.015121221283897606,0.01436960768114975,0.00595876946786959,0.028659305584660486
1977,1,0.03119818156008536,0.02786815028307393,0.010741863201434804,0.07093478474194431
1977,2,0.01246402951161044,0.010120414863390801,0.002764961085371486,0.035755184239257345
1977,3,0.029717040820777064,0.028562947351030314,0.018420601487446692,0.047422178477164574
1978,1,0.006728590899095496,0.006028553413874911,0.0024275036825371584,0.015116118942798618
1978,2,0.08019692179174648,0.06724977053984921,0.010811465194919004,0.21978378297290238
1978,3,0.021956222115818325,0.020868342492930937,0.008570927380318004,0.04171647975599
1979,1,0.003731551973923889,0.0029955329191911633,0.0007552890213085631,0.011004549924374373
1979,2,0.03501743010325882,0.031227359538116284,0.00897407613182294,0.08456979238791275
1979,3,0.012667063245786855,0.01041880858422075,0.002264370365913924,0.03638515205555083
1980,1,0.006704770812706356,0.0059521697067212685,0.0023932793175200045,0.0154123605608907
1980,2,0.08416591124165819,0.06587869845883093,0.009629273048525901,0.25994871538524694
1980,3,0.02171019011735757,0.02027733883749531,0.009214430689755478,0.04245744427791845
1981,1,0.0037340452298506807,0.003409904608034646,0.0012820662488934014,0.008024017431085603
1981,2,0.04301398182527945,0.03715836345619335,0.006881228245022132,0.11335162289482575
1981,3,0.012424232204423865,0.011862992807592733,0.0040830187369965115,0.02410137940578876
1982,1,0.02693668783256258,0.02533328245174729,0.011396923794242465,0.051631541725590424
1982,2,0.015265147313837074,0.01406752763771232,0.00565335395897792,0.031774331971682404
1982,3,0.020516784612924943,0.020212218120175852,0.013822900995103148,0.02895359524233579
1983,1,0.0038060337265135905,0.003454472840917905,0.0011657255119586424,0.008541532476703806
1983,2,0.04024613856853654,0.037386162005948964,0.008430340947183956,0.0899134806180903
1983,3,0.01290923388467839,0.011975408124275087,0.003464874965519771,0.027706441754404308
1984,1,0.05890466831298869,0.05661376341818208,0.02809332278305827,0.10262849504727013
1984,2,0.029240931666515247,0.027641520102593124,0.012697596905462573,0.054798049871405304
1984,3,0.038186137737134286,0.037578157294689385,0.024340168941221155,0.055515551147098934
1985,1,0.004488559648661972,0.003977570833484387,0.0013727380009310088,0.0105772596475156
1985,2,0.04852373760200651,0.043164400843204484,0.009181911478801505,0.11852102759620042
1985,3,0.015209329635549503,0.013793021313670195,0.0041275605854604195,0.034912308172836616
1986,1,0.017839214504522753,0.015427317027090829,0.005481433071198057,0.04422151491894758
1986,2,0.2225127739043749,0.16762672766744832,0.025086451261074377,0.7439235438336732
1986,3,0.05940403729067216,0.0524736975969385,0.01880803924967036,0.1415932330807077
1987,1,0.008556454369135097,0.007624439627859054,0.003059844779495333,0.019421663844646896
1987,2,0.10477634875328187,0.08476210169338724,0.013020241443102815,0.3074518795381554
1987,3,0.0277896858364953,0.0261923401655649,0.011290244933510147,0.05364869262990878
1988,1,0.02566192915023108,0.024178070434967697,0.01115138991467638,0.04891814759994199
1988,2,0.01054511037553676,0.008732188274216231,0.0024636644327703993,0.028986428326864194
1988,3,0.02582659829267702,0.024769404304617895,0.014420871156290586,0.043193773588479804
1989,1,0.004040676140772219,0.0036284336528265666,0.0014727798800855208,0.009051691506229233
1989,2,0.04784342121904131,0.04052072707811883,0.006678897404753756,0.1288991027663669
1989,3,0.013198061369416085,0.012575740867382081,0.005170927930424506,0.02489164794709528
1990,1,0.009910595189309904,0.008773489501034435,0.0028014911467982204,0.02356115345349053
1990,2,0.10432021406109213,0.09487146090459819,0.020937230082872873,0.24438067516066203
1990,3,0.03348557670227675,0.030450620601621965,0.00851238365512692,0.07654456891321383
1991,1,0.021148692741717136,0.019011576872508772,0.00748337170093939,0.047225751580813775
1991,2,0.00833839309366838,0.00689914903909455,0.0019699803782955052,0.023020765028543694
1991,3,0.020124757637430768,0.019448241684878242,0.013304244118313062,0.03093283728000314
1992,1,0.003970449095452028,0.0035366055369733035,0.001471868900216329,0.008970095703524692
1992,2,0.04915794236815721,0.03945476612056315,0.00596180347324167,0.1450912226262501
1992,3,0.01287439855921258,0.012124274204967981,0.005571247690344402,0.024527537692972706
1993,1,0.002469661306240148,0.0022348767004051343,0.0008957161459404556,0.005405815144853909
1993,2,0.028659551798830507,0.024946782038013753,0.004304182533592307,0.07374606249153222
1993,3,0.00808372651581043,0.007803406787736659,0.0030473365241261642,0.014807678517813411
1994,1,0.004055663736582427,0.0034038599899438022,0.0013257837665548704,0.01061630654988587
1994,2,0.04998912980130579,0.038243161997471256,0.005636489455658388,0.16258704593956416
1994,3,0.01314603199676535,0.011546288307388547,0.004955366091021812,0.030954057165325292
1995,1,0.0014605889713274198,0.0011773042579452662,0.0002774921072011774,0.004207195951721076
1995,2,0.012501318707950716,0.012212337666361506,0.004962211234978676,0.021644333827976484
1995,3,0.005025040052682336,0.0040495116291100475,0.0008131569248464942,0.014366531258565836
1996,1,0.0029926554922456135,0.0026956069679524223,0.0011146214762597297,0.006576886686166353
1996,2,0.0386580350337085,0.028383481770350615,0.003989908627689748,0.13168225107334128
1996,3,0.009549417202455794,0.009227015050637985,0.0047762646192195364,0.01614902086379959
1997,1,0.0027746737260050816,0.0025257254510348674,0.0010801501646124265,0.005905434946148173
1997,2,0.0338755870403321,0.028128702865636568,0.004431149684330848,0.09460184145267365
1997,3,0.009002738666401984,0.008739969181592144,0.0039734203633230505,0.015532956592763965
1998,1,0.0036422411459092444,0.002974529865791984,0.0012085501367581212,0.00991511818070735
1998,2,0.046123722703699375,0.03321024151627294,0.004775778337706256,0.16021039976373672
1998,3,0.011700810920189595,0.010080288015496344,0.004714542820333453,0.029314908864930486
1999,1,0.002521552201818255,0.0022918629421057224,0.0009686862077652919,0.0053971493492583926
1999,2,0.031010919001158672,0.025482420074819052,0.00398807011371224,0.08863181162233376
1999,3,0.00819520909064081,0.007944987974134511,0.0035612376350315977,0.014241303967707872
2000,1,0.02317972214439281,0.02083778872456465,0.008257037515642383,0.05159311081110963
2000,2,0.009128577781222363,0.007593334638440669,0.0021506479159378233,0.024987298069146225
2000,3,0.022015425632270214,0.02144496858682219,0.014641300217770398,0.032602727959832906
2001,1,0.04614291308768019,0.04146832907517467,0.015934886624772583,0.10326706034639896
2001,2,0.01835889280352583,0.015053010562286629,0.004119615578427936,0.051998102152000014
2001,3,0.0442492904944568,0.04263679617169398,0.026064240280242738,0.07191003495460585
2002,1,0.002995621202903746,0.0026309789420332764,0.001119160434643206,0.006719498360016963
2002,2,0.03767727503575158,0.02930524805751268,0.004474737642642273,0.1132760196385832
2002,3,0.009719464678291222,0.009072449115613068,0.004225542278269314,0.017813834195761182
2003,1,0.0047081505375185856,0.0037951997198448703,0.001328136511098198,0.013513886398539567
2003,2,0.05863530114596365,0.04208206760268123,0.005856033163311485,0.20721375974757256
2003,3,0.015218050568020003,0.012752225930509472,0.005071608242202683,0.03973597416002566
2004,1,0.0029394920490852963,0.0026649206046770817,0.0010952094455235028,0.006372044711208206
2004,2,0.036396042730468744,0.029145400046264126,0.0045560103498618896,0.10903032451604282
2004,3,0.009531647181638944,0.009238674645828436,0.004040633887914224,0.01671847310126163
2005,1,0.005910051199876782,0.004164712734104595,0.0010446193486218374,0.02117924399266879
2005,2,0.06446352785302012,0.044183495908633394,0.007273882335678852,0.24052922555194042
2005,3,0.019546466902941186,0.014057208229332166,0.0034773105571819693,0.06724832735766495
2006,1,0.002681810045635252,0.0024314943244496037,0.0010261386328917408,0.005788635906167053
2006,2,0.032474747069697954,0.027209435127811855,0.004367649281005825,0.08958244528616963
2006,3,0.008747511247883139,0.008467098307475041,0.0036595606599734917,0.01545474661308802
2007,1,0.004364001034290515,0.0034949558751162443,0.001353140582384008,0.012654757210858576
2007,2,0.05456596008244836,0.03920130411477525,0.005631985276280268,0.19262577447629978
2007,3,0.014097278591460417,0.011730810140140189,0.005186917987180703,0.03818385034408846
2008,1,0.0028490323674657462,0.002593861679953463,0.0011107681207706205,0.006066395964118627
2008,2,0.03557188585810641,0.02863236506307991,0.004404397886731662,0.10467230785002739
2008,3,0.009226632568940794,0.008949858040517709,0.004181122544583671,0.015790877691779063
2009,1,0.0026708018940918054,0.00241857168923489,0.000987856172854164,0.005768897235927402
2009,2,0.0317506998857747,0.026900804988853846,0.004517354983894065,0.0861017608248826
2009,3,0.008728352270865464,0.00843699477438336,0.003405504566525653,0.015761675960984604
2010,1,0.03055474620736794,0.027417921168648135,0.010649374343184106,0.06890785842500964
2010,2,0.01202331527020737,0.00998850987146025,0.002819946148442509,0.03297066173425566
2010,3,0.029133962988039212,0.02814441193267499,0.018276472581641202,0.04566889670700824
2011,1,0.0029266964366976445,0.002659489396848997,0.0011313995645893292,0.0062841681283928265
2011,2,0.036422705515011866,0.02948222058767918,0.004529209798124652,0.10648747090049229
2011,3,0.009463866108733085,0.00918881693872877,0.004320862583989295,0.01624057867145381
2012,1,0.0030643226696218024,0.0027917608239858113,0.0011965355000262664,0.006514241560571232
2012,2,0.040979679696475244,0.030241151001955614,0.004211993409379323,0.13770309139669315
2012,3,0.009793121137337062,0.009491064370417301,0.005237084737993876,0.016072199161325573
2013,1,0.008757146874117555,0.0062899461573657015,0.001598957102184719,0.03036531114563908
2013,2,0.11231752242008428,0.06737630869598792,0.007683058208232689,0.4819035087895547
2013,3,0.028266393681749956,0.021476017442672822,0.0062659701765598414,0.0906854790777742
2014,1,0.0028902742751557783,0.0026230809742749986,0.0011326602032272048,0.006153969444413135
2014,2,0.03722602980384727,0.028891067529806583,0.004238173352551444,0.11622926215707394
2014,3,0.00930126599252005,0.009011478914463768,0.004576598415349673,0.015674278640002145
2015,1,0.0031247562298477942,0.0028499262593657676,0.001242573149321827,0.006606681755751382
2015,2,0.04241811159275315,0.030905361751690494,0.0042645218865586705,0.14613204008605069
2015,3,0.009963368611072282,0.00966332070605509,0.005619205497547866,0.016037405065974703
2016,1,0.0028551713617400248,0.0025937632956840586,0.001119342452473017,0.00607433299924985
2016,2,0.03661017952764181,0.02855258399645199,0.004215093987326879,0.11303333797511726
2016,3,0.009184846802138835,0.00887324221533561,0.004536996917553342,0.015563434226230577
2017,1,0.017386696346377968,0.014530049130699545,0.005654724224742846,0.04260032562903971
2017,2,0.006867145664598077,0.005298394355445808,0.001464821049386188,0.02052930043041928
2017,3,0.01631588220548342,0.014678537360985126,0.010466094511038316,0.0313159139398272
2018,1,0.0028116693152685315,0.0025586295267230855,0.001092432572183657,0.0059601455489119185
2018,2,0.03458968178947487,0.028492653432509348,0.004452761926981357,0.09764612082844894
2018,3,0.009132229683269013,0.008863001526246809,0.0040618047482323056,0.015710080503664892
2019,1,0.002028783496251468,0.001826044906848727,0.0006655677596626151,0.00457828398446719
2019,2,0.02205169435379833,0.02022502552159485,0.004074558632237367,0.05064741610877721
2019,3,0.006720054071297743,0.006426822648471336,0.0020776275231894252,0.013168800747136077
2020,1,0.0030448325265987476,0.0027122879273990264,0.001074412897895657,0.006968389157381991
2020,2,0.03552214102380927,0.030289895094600665,0.005115162655664051,0.09451976389102973
2020,3,0.009962203166619213,0.009394626470986434,0.003684046439592006,0.01958982159378665
2021,1,0.0040076217817682,0.0033073930410903946,0.0012407324007282562,0.010988763731072049
2021,2,0.04866371608120939,0.03695171949033855,0.005590384339732465,0.16004724540702134
2021,3,0.013039318803682098,0.011193510927630499,0.004565192511814313,0.03282354815524559
2022,1,0.021211143285658873,0.018835416425568935,0.007290734462714993,0.048956962038354195
2022,2,0.008360692827420213,0.006872610442301644,0.0019311718902363165,0.02349855081158755
2022,3,0.020118943246017235,0.019251224428033894,0.012982772923857779,0.032381185843861335
2023,1,0.0021322714897848605,0.0017654719265173431,0.00047793385381017343,0.005861682018166824
2023,2,0.02017214253250853,0.01866532081863908,0.005409645268781012,0.04371776737345928
2023,3,0.007218508638739065,0.0061673995307675485,0.001421629798555828,0.01865200239675724
2024,1,0.003746219219099175,0.0031756813479589512,0.0013521510728103827,0.009334910150026098
2024,2,0.04943904495622756,0.035174962707439666,0.004892798850080971,0.16886648799608445
2024,3,0.012060786738262464,0.010723544307423687,0.005636739452468784,0.025980238523382118
2025,1,0.036402747027374734,0.026367445826549055,0.008141425893782262,0.12575734760736773
2025,2,0.014457590724114778,0.009784793674524683,0.0022597177917204367,0.055008783842801334
2025,3,0.03472136035728839,0.026198731516471,0.013115491823189853,0.10865176881691294
2026,1,0.0026162790932219263,0.0023763902799966686,0.000998671437761776,0.005614966096652913
2026,2,0.030968344776629082,0.026657462433117556,0.004458765407710475,0.08057649300819633
2026,3,0.008540851557929897,0.00828475991672687,0.0034868024592666744,0.015127049816728393
2027,1,0.0057747900472656655,0.004392815039931085,0.0014795519644158935,0.018317627770871814
2027,2,0.07327896927932243,0.04901391119811124,0.006446335930689395,0.2891409688781561
2027,3,0.018594799598545046,0.01462283032229805,0.005782418206335557,0.055298182843266215
2028,1,0.0023505045645059383,0.002121049605466165,0.0008132317967277182,0.005218255651459825
2028,2,0.026293661156973385,0.02372467973312177,0.004419726001725297,0.0629162294459883
2028,3,0.007741087795245883,0.007457988879859177,0.002619961510994108,0.01457953743513679
2029,1,0.002895969927919293,0.002637556301242485,0.0011570820238349096,0.006130508443467963
2029,2,0.03688910471274451,0.029193712483723887,0.004336532132501684,0.11125183082758282
2029,3,0.00933551270658898,0.009056649559244009,0.004659690881709911,0.015639051767757723
2030,1,0.02382373243173765,0.020591396372198326,0.007523955223493323,0.05919088518905875
2030,2,0.0095272418650563,0.007518159883550471,0.0019915834926073736,0.02875377525876863
2030,3,0.022595111232626027,0.020951580893899778,0.013061660033232367,0.04199015520346328
2031,1,0.007453874590957729,0.005661418047646353,0.001458556053427881,0.024217634525819237
2031,2,0.09143287905145106,0.060043497164300325,0.007338567088400165,0.35695639687246583
2031,3,0.024181274899508456,0.01924388857751521,0.005459764155542766,0.07161959063804979
2032,1,0.0017433256646645315,0.0011852525071208275,0.0002299363577817444,0.006501377344990756
2032,2,0.013219534386231944,0.011917806888132591,0.006319814893337181,0.02821406601266874
2032,3,0.006151886520074002,0.004041297144071628,0.0006763404518818842,0.023888833686539917
2033,1,0.005752450338088379,0.004559026111765022,0.001482359074991076,0.01704714731347709
2033,2,0.07061144730997661,0.050161992006741006,0.006942788148100041,0.2578664261690996
2033,3,0.018701700395006182,0.015341167524544752,0.00550088670285638,0.05113701895035236
2034,1,0.003680839779068253,0.003330849740150702,0.001435794552660424,0.007968004134716237
2034,2,0.04928517121884529,0.0353790564793639,0.004878592450772016,0.1718210423017957
2034,3,0.011708268384640407,0.011329285608089098,0.006331215716536012,0.01924125454030309
2035,1,0.0022726370353162943,0.0014274987793747218,0.0002504065607008729,0.009448430620466686
2035,2,0.016753919355790382,0.014275720730839467,0.006574978354933476,0.04144643023937494
2035,3,0.008055783907726755,0.004855059076635632,0.0007268200592637679,0.034515703486772464
2036,1,0.002904160274720854,0.0026187326716581457,0.0010204504918610287,0.006471902150045396
2036,2,0.034686390110254484,0.028683607008633868,0.004766843883316328,0.09913732435122483
2036,3,0.00947172472296871,0.009123643242971309,0.003532120447092506,0.017494443939557732
2037,1,0.00299555062411645,0.0025898977512095744,0.0009760378604224149,0.007408704870960647
2037,2,0.03442911501351498,0.02882425129381159,0.005030899659547114,0.09585665950404604
2037,3,0.00983276107417921,0.008940983454372775,0.0032896672367390524,0.02177799404953141
2038,1,0.004063202236513288,0.003198231000406353,0.0012814535320222766,0.011585309656814605
2038,2,0.05112612369649488,0.03590460177633818,0.005257635444753042,0.17677107608702106
2038,3,0.013119661978858378,0.010865416185414645,0.0048951182989987125,0.0351615629600375
2039,1,0.004220029157249634,0.0035281756540434758,0.0013739762227801,0.01115728384045381
2039,2,0.05300760121173623,0.03932138121034007,0.005607334258778675,0.1780839488989793
2039,3,0.013646253810009874,0.01187561848521608,0.005350597762046006,0.03288254599909402
2040,1,0.0026416335033051814,0.002378946357834899,0.0009077894765390607,0.005901885596313918
2040,2,0.030472075385556477,0.026240468445845492,0.004617232404691892,0.08099930524698584
2040,3,0.008643207809347193,0.008329513295976636,0.003034144044308858,0.01618081031444933
2041,1,0.003745738611087045,0.003245283774757107,0.0012617524445183539,0.009188018896692754
2041,2,0.04564392037493492,0.03609164899092916,0.00550832122370528,0.13993382637923954
2041,3,0.012169832675920027,0.011069207424523947,0.004632203194642777,0.026162999270752163
2042,1,0.003969926848863861,0.0032548454690784837,0.0010938487452280305,0.011196719700160175
2042,2,0.04526875141722083,0.03605303142488685,0.005973284956009095,0.13961781242301047
2042,3,0.013022011300808494,0.011122240647909978,0.0036836188482401596,0.03365747994280501
2043,1,0.03460844683394125,0.030747915258032527,0.011734559899799617,0.08022566250210321
2043,2,0.013642843993751095,0.01123947954551607,0.0031040940579193828,0.03844629081342666
2043,3,0.03305997571329593,0.03151148560925236,0.01948834588184211,0.055823711375545704
2044,1,0.0037319973597317495,0.003155706449697935,0.001308906064934007,0.009469286606197853
2044,2,0.04932306014205967,0.034905678105675964,0.004778870701519875,0.17310888307918676
2044,3,0.011930054981065539,0.010613509792465156,0.005580557238423722,0.02636095773323571
2045,1,0.0029433506658761086,0.002589709482746642,0.0009822432442620022,0.0069455522380838484
2045,2,0.033807577991849025,0.028895162837039953,0.005005641987765008,0.09139110765048851
2045,3,0.009671259805543437,0.008975637555860382,0.0032647241061343544,0.02031851712776993
2046,1,0.007125563808232833,0.006191153527545167,0.002366405162897568,0.017343942828617558
2046,2,0.0962684360915425,0.06722421187043283,0.008703203357167363,0.3485861086134576
2046,3,0.022755285983078924,0.020796969382418748,0.010238671158247397,0.04666615762091044
2047,1,0.02523408016087687,0.023233734802656322,0.00976063979491498,0.05203007150554974
2047,2,0.010130083096683373,0.008394209488192281,0.002395640166572863,0.027737707514381725
2047,3,0.024374877723225417,0.023904386552810998,0.016357910339621497,0.03508120470511303
2048,1,0.00767795737381805,0.006848976819930354,0.0027848936897120007,0.01743326861018348
2048,2,0.1006999349618807,0.07474868592599646,0.0103331398292174,0.33545384833105985
2048,3,0.02465707129460052,0.02318386029651809,0.011525404769403889,0.04619555593003168
2049,1,0.04399590108155723,0.040512021761640635,0.017053373086532403,0.09104852573808046
2049,2,0.025116881256731522,0.022419219282858414,0.008329090782384625,0.05748168124316254
2049,3,0.03302072770249821,0.032298693912865356,0.0220447513087478,0.04813985127962328
2050,1,0.007421170624449403,0.006666930813184889,0.0027070369081067646,0.016538022157970882
2050,2,0.09105331616715244,0.07396557051627983,0.01136200615049632,0.2636105643449979
2050,3,0.024079026018696863,0.022876190152759587,0.010224804980468396,0.04490820101305305
2051,1,0.0054798355036974455,0.004942138489760167,0.002061154676708759,0.012027844292666585
2051,2,0.07272799651580168,0.05379512340187259,0.007386618768467883,0.2429481172722922
2051,3,0.01755222502366319,0.016746933498265715,0.00878891982931307,0.03099762391927934
2052,1,0.026384269132850833,0.02360968132278126,0.009224146189108193,0.05954972883667933
2052,2,0.010540537531367966,0.008576755591063707,0.0023535772145491917,0.030269250586301193
2052,3,0.025175679094885814,0.024094894385806614,0.01589637541186829,0.0406344374617053
2053,1,0.025509910272445972,0.023014829520284292,0.00939360361685672,0.05598628429155407
2053,2,0.014477734756413087,0.0127725024186041,0.004691186654871815,0.0341196687825368
2053,3,0.01891773063329331,0.018245795007957456,0.012865923127771904,0.029024939532125434
2054,1,0.03354043616975135,0.0313245340158377,0.013797159261546883,0.06602240588060333
2054,2,0.019014735875919234,0.017373409357661504,0.006811962741012962,0.040530375120109374
2054,3,0.02537687751525113,0.02498001423370911,0.017415924957769998,0.035723019254466575
2055,1,0.025610032967250125,0.02156035174089403,0.007813474904092496,0.06725131961464913
2055,2,0.010184556595946878,0.007900918620415389,0.002059340431826855,0.03185542202077141
2055,3,0.024238429163411592,0.021647124929195974,0.013441793671771755,0.05088803960364753
2056,1,0.004244705696431469,0.0038293160132389934,0.001629253439544671,0.009234198387663947
2056,2,0.05402307095436671,0.04224003543438429,0.006209183034335647,0.16494589905497364
2056,3,0.013697125361119597,0.013089835809043071,0.006514545355371573,0.0243794999602812
2057,1,0.026093224583042515,0.023902945008592604,0.00993481196632348,0.05463315069185602
2057,2,0.010449068059022636,0.008668622155622877,0.0024835464685213737,0.02886804482730742
2057,3,0.025106176831365023,0.024607884893126267,0.016976327994148634,0.03603112654543394
2058,1,0.03518233623147712,0.032255043779545176,0.013494981346786977,0.07382508332932329
2058,2,0.019936607780314298,0.01789732860495461,0.006770876434416023,0.04511747561939735
2058,3,0.026165822380362455,0.025792024334311957,0.01861002043272816,0.03586321770976353
2059,1,0.00569120454667444,0.0051034016551740665,0.002138710057144509,0.012708296718679164
2059,2,0.07161965219216526,0.056588410790525415,0.008380733745578064,0.21762962506530542
2059,3,0.01840806849526882,0.017496653598469032,0.008265124379245124,0.03384402604924406
2060,1,0.005759360202285431,0.005182649185603571,0.0021542345324335275,0.012712555356685537
2060,2,0.07356608962945743,0.057035482058620864,0.008250906027102562,0.22895678760385396
2060,3,0.01858747601670084,0.01759569330893694,0.008646904777307675,0.03426329706865986
2061,1,0.005131939925433477,0.004596928189364562,0.0019057030673038764,0.011516750106051138
2061,2,0.06670252252590386,0.050325205050438096,0.00703984137154192,0.21666006169663754
2061,3,0.01649826939613206,0.015585428872402317,0.007868050982733372,0.03056679317478705
2062,1,0.0065639659378247135,0.0058160183036876645,0.0023391007893944047,0.015175332568970513
2062,2,0.08475545930399661,0.06405647582519622,0.009030638345916192,0.27335627282595704
2062,3,0.021110771744509635,0.019735062869736954,0.009531156869200625,0.04079842727386307
2063,1,0.06146275126933148,0.05983188980896777,0.03185031474707488,0.10050519924351164
2063,2,0.03126275404496557,0.029087986939020205,0.012686529803315631,0.06225241920507671
2063,3,0.040455283245258676,0.03977524753453494,0.02460455941060995,0.06015558225670792
2064,1,0.005016481372282496,0.004407390310113407,0.0017935447299984191,0.011758779431605967
2064,2,0.06517372392216483,0.0485790801989981,0.006707835254314547,0.21548358646017818
2064,3,0.01613704639970998,0.014886896642487041,0.007355818060596188,0.03221128840154239
2065,1,0.004488715684326243,0.0039716330499987434,0.001515517571125947,0.010622105661398333
2065,2,0.05236338698081563,0.04428894926135405,0.007340187671395646,0.14248059887656642
2065,3,0.014692599526973741,0.013703167576126905,0.005236427156724899,0.030081040161055374
2066,1,0.03134223211523196,0.028896134320069385,0.012288460721058887,0.06437658887595094
2066,2,0.017625316661482128,0.01606231460890406,0.006277211540985263,0.037759390056944286
2066,3,0.023508344816822402,0.02307948577564227,0.01595282796133801,0.03356248483685
2067,1,0.040115968189255356,0.03592891752612466,0.013742092561540738,0.09079379279063082
2067,2,0.015991187666721276,0.01301097909214323,0.0035521020148846665,0.04583209449717962
2067,3,0.038607683810995275,0.03672989268609446,0.022197393225568605,0.06584257338453464
2068,1,0.031155425151833407,0.029212012584638302,0.012953491108180957,0.060522766147031046
2068,2,0.017867587900558722,0.016109156774585055,0.006163209955703965,0.03957877908833958
2068,3,0.023596602019363817,0.023236055845204308,0.016385757338100188,0.03290103760026192
2069,1,0.0065072072205052825,0.005733406310730823,0.0022680241027875398,0.015204726580085764
2069,2,0.08091402582352299,0.06378672438197744,0.009289404112554358,0.24832421173010535
2069,3,0.021062690712813387,0.01959214610428056,0.00866188878866607,0.04192919657181192
2070,1,0.07076482627236275,0.06849082454642444,0.03516376440346757,0.11941665497182012
2070,2,0.03557149865333839,0.03329606135193077,0.014975530988179582,0.06894584092368146
2070,3,0.04619459445810217,0.045453019759072344,0.029115539536309902,0.06760899398671388
2071,1,0.019288137399209208,0.017286512684562765,0.006793179269599973,0.043230899746079916
2071,2,0.007592547748429764,0.006295823704109748,0.0017996219017591354,0.02087480441871239
2071,3,0.018240479862042407,0.01781266268400734,0.012510180127954405,0.026504145361552864
2072,1,0.0032390150413923566,0.002905772831221325,0.0012485405871752334,0.0071379042631555855
2072,2,0.041603357657544714,0.03205180892930473,0.004649974467797544,0.13027483517876168
2072,3,0.010444294116913909,0.009857463188691466,0.005048987447411481,0.01887712284513987
2073,1,0.03611311470517477,0.0325902615403328,0.013251065738409895,0.07962170624939922
2073,2,0.020462089540899103,0.01809829329075137,0.006567817426780832,0.048160364556495326
2073,3,0.02680597710944162,0.025967214843850173,0.017543784915705875,0.04091268743334903
2074,1,0.03398111664570312,0.03090578087162269,0.012363180584842526,0.07311732360452257
2074,2,0.01346227388105071,0.011255649642439275,0.0032304743917595763,0.03654089754791224
2074,3,0.03251009041455769,0.03179008806144171,0.021566432733652795,0.047504975105103445
2075,1,0.0085557724316468,0.007448495631635334,0.0028583153639576107,0.02070530654282592
2075,2,0.11159353024701796,0.08167259844481227,0.011081672383801271,0.38084251366026683
2075,3,0.02748716860453746,0.025154144603201926,0.011627423263925718,0.05640891820030867
2076,1,0.058734430282899784,0.05682834944604649,0.029343184931400656,0.09834935988816963
2076,2,0.02973574424211552,0.027649960444602523,0.012097464321074225,0.059279333875680046
2076,3,0.03836472700809732,0.03781006289922419,0.024201815943720804,0.055984349702928864
2077,1,0.009241968758505512,0.008174861327991088,0.003169931784758631,0.021571550113953022
2077,2,0.11160409084666509,0.09116757757503566,0.014030568589880063,0.32308493142400907
2077,3,0.030051574878869277,0.028108932173345813,0.011554246818408975,0.059946498347325544
2078,1,0.005199208940286882,0.004392059367105131,0.0017161288559096326,0.013478475360008277
2078,2,0.06672782114123066,0.048838862635060556,0.006749479387819529,0.22823960621001219
2078,3,0.01676293749275522,0.014772341361803156,0.006891503427816412,0.038597320774626145
2079,1,0.005464643165990598,0.004791104220514522,0.0019086922963353437,0.01297286047000484
2079,2,0.07313538154694295,0.05230604256381092,0.007043576028891994,0.2552652825218793
2079,3,0.01751550263434538,0.01607165732377335,0.008153152365307104,0.03525646377841125
2080,1,0.005983679253267759,0.005275058475582944,0.00200857132689813,0.014129816568133466
2080,2,0.07014117241315938,0.05894810099137608,0.009570006777294523,0.19485614951204433
2080,3,0.019547489421395395,0.018228939297258183,0.0069549234158746255,0.039892244672081224
2081,1,0.005541409809141263,0.004910448879163386,0.0019999600194416053,0.012792800489444261
2081,2,0.07253911485872679,0.053753549141585505,0.007437582200364528,0.24112397969238653
2081,3,0.017789086530058295,0.016633638150456508,0.00833591790336132,0.034139502724906706
2082,1,0.023420111201492656,0.021090439906307535,0.008679154919139115,0.05156967655656732
2082,2,0.013257449763378957,0.01171126897019942,0.0043603058399578195,0.030999215734733857
2082,3,0.017375230008285517,0.01669529025073909,0.012040831660142512,0.02686005588266268
2083,1,0.004280533050200506,0.003747041557246409,0.00150961185576939,0.010120851552777447
2083,2,0.05858107631462782,0.04075444049354082,0.005337822124186787,0.21393921393879162
2083,3,0.013646438931296957,0.012536425256717557,0.006759346339891476,0.027105943759920315
2084,1,0.005453233279012284,0.004900233712560327,0.0020073772968316164,0.01218431713672149
2084,2,0.06670247715384708,0.05464434409699216,0.008421525011200196,0.19213234368401888
2084,3,0.01770280682167336,0.016828507816328723,0.007449195423857201,0.03301254186697021
2085,1,0.004089133224624086,0.0036483017633959954,0.0015055335970943383,0.00932142309512242
2085,2,0.05532739248628716,0.03957260757032978,0.0052994285778540364,0.1942491915739064
2085,3,0.013066291932233732,0.012211758436414873,0.006704987361383859,0.024473739898993038
2086,1,0.028250267005129164,0.025461262311092497,0.009977508991567142,0.06260910206385369
2086,2,0.01132584915937558,0.009222529483158302,0.002543897574992523,0.03257323022640568
2086,3,0.026990205843053977,0.02607113234458118,0.017219550401981584,0.042005825242346084
2087,1,0.005770081492102569,0.005118272036884851,0.0020900874846440584,0.013157235575061727
2087,2,0.07333235440172378,0.05674810077998958,0.008066255805343852,0.2288735234224306
2087,3,0.01861603611048221,0.01747890799868622,0.008241304063105201,0.035628037103227206
2088,1,0.03937187150402638,0.03628644703066931,0.015452804326703817,0.08116096900225632
2088,2,0.022340561325330542,0.02014814926745947,0.007671489362446041,0.04971528841512954
2088,3,0.029492160649333056,0.02897780095868628,0.02036424810156671,0.041461432496491424
2089,1,0.027196833837909423,0.02431918898388813,0.009436500519065829,0.06140434403396286
2089,2,0.010822209576883417,0.00884902998806325,0.0024574468829258868,0.03088348459780904
2089,3,0.025779473912697668,0.02504542096191522,0.016892510062030585,0.03891914476953946
2090,1,0.032214435293303076,0.029729547935636126,0.012655235217556014,0.06587184388097606
2090,2,0.01828623363182125,0.016494376823634735,0.006307281230937146,0.04067685529291893
2090,3,0.024143425325655644,0.023709261698434,0.01673208625888596,0.03398772898627769
2091,1,0.005290008971011437,0.004725412199702192,0.0019483781288369222,0.011940530259781085
2091,2,0.06649487288349223,0.052346293358200825,0.007668394470065444,0.20313148088950037
2091,3,0.017103126115054684,0.01609736807501276,0.007587927367731703,0.03250444040120318
2092,1,0.038717254360471645,0.036084270302819056,0.01587881732933128,0.07617434297531084
2092,2,0.021963182919141785,0.020030678888602972,0.007818785043665752,0.04711563001889878
2092,3,0.029280715005693413,0.028822416770918548,0.01995952412341508,0.04123637292629497
2093,1,0.03363624726359944,0.03174625797855568,0.01409043151246095,0.0637938340560932
2093,2,0.013636948355059426,0.011436961238002207,0.0033244504885313604,0.03671562844430971
2093,3,0.03308170640405504,0.03254490089714007,0.02190588747278223,0.04724673502942064
2094,1,0.047511757845858975,0.04266855477322512,0.01708750350241872,0.10554714934943858
2094,2,0.02717038978435181,0.02367819541453734,0.008311521728133533,0.06622667481813262
2094,3,0.03586797714590165,0.03378166781263606,0.02023009460310021,0.06340985822229948
2095,1,0.029768628168610454,0.027718152443266253,0.011837236867863999,0.059368022817134866
2095,2,0.011996193371170806,0.010016454690172677,0.0028823156782202906,0.03272102652322042
2095,3,0.028964388404045253,0.028424173561103837,0.019342183651381323,0.041613738804532736
2096,1,0.005489921444306245,0.004964074734786273,0.0020599117962395615,0.011992235822595622
2096,2,0.06637525252415694,0.05510906852374274,0.008774200486698303,0.18428048215528867
2096,3,0.017898651021496875,0.017111348291706713,0.007436189663768579,0.03303089201962869
2097,1,0.03081636735277751,0.028233412382922866,0.011836702060324495,0.06457031977158859
2097,2,0.01744989454034285,0.015661766009025548,0.005895622126366237,0.03930590504893931
2097,3,0.02290650481227477,0.022586444119414576,0.016375223628748246,0.03131539169501172
2098,1,0.003315299993200365,0.002981978553753731,0.001291568187758873,0.007203744724589899
2098,2,0.04445381646615731,0.03244107932548468,0.004498038546026358,0.14919884231205835
2098,3,0.010600298770739211,0.01008012808895083,0.005712534550936009,0.018121086275057808
2099,1,0.007049101186854336,0.006165258819450763,0.0024319990750519176,0.01682615106033457
2099,2,0.09140590097851355,0.0678803543384337,0.009375262517020868,0.3076924877350646
2099,3,0.022671542992021586,0.020884937334376685,0.009804114312203186,0.04566033296871687
2100,1,0.02484650022876884,0.022343461079175973,0.008822096879244616,0.05520437158185254
2100,2,0.009854065428613553,0.008121043766149555,0.0022919312382372226,0.027409569864830185
2100,3,0.023573979100241574,0.023032716648510837,0.015871569172831647,0.03446540472364859
2101,1,0.007639832471287147,0.006716690991941198,0.0026275663945742006,0.018027726370952162
2101,2,0.09722387977942303,0.07396122709063732,0.01050945076710626,0.3141336848027322
2101,3,0.02463627386828929,0.022864275511702815,0.010378198957498246,0.049325020789498894
2102,1,0.03089200667395887,0.02919833124599127,0.013197097308534573,0.05830918707022283
2102,2,0.012560822146806044,0.010510242407834767,0.0030651510356758025,0.033955456049383125
2102,3,0.03041450705659959,0.029976443174076765,0.020209422190307205,0.043032529041531
2103,1,0.005029100979095113,0.004431304342083811,0.001785128854625748,0.011745451178327955
2103,2,0.06297746613320876,0.04908842272345911,0.00717204403671002,0.19623080100537046
2103,3,0.01627142635782908,0.015080195552891983,0.006862473213941138,0.03289717912814346
2104,1,0.059422775064561464,0.05284479763926668,0.020406642973939144,0.13634703251706579
2104,2,0.03372399050488168,0.02933988150921756,0.01024337859063236,0.08277898612914679
2104,3,0.04411921326592375,0.0421724681584431,0.025735118328065718,0.07392489678000114
2105,1,0.006069108266054738,0.005478954022124782,0.002297867458232767,0.013321908635973812
2105,2,0.07661729172040575,0.06055166868483251,0.008920090080117156,0.23209879839238132
2105,3,0.019605646270095027,0.018720977259629255,0.009042038041107528,0.0354223931782947
2106,1,0.010227256880062704,0.009050966182730014,0.0035482910920319297,0.023765371239399816
2106,2,0.13595180042152796,0.09877325892210667,0.013307861791489108,0.4720628501837951
2106,3,0.03282513081308489,0.030559017169952678,0.01486669872922312,0.06399693616883255
2107,1,0.028994536192804857,0.025611924188447377,0.009608058953622347,0.0679116749337824
2107,2,0.011502297757182442,0.009302177431475121,0.002523297896689989,0.0330907989456042
2107,3,0.027460408053234468,0.026202697840681854,0.016923386727140863,0.045304427274183504
2108,1,0.0051651244991562685,0.004558542678961161,0.0018273984741047867,0.011970119408847605
2108,2,0.06384461778863931,0.05070818377566236,0.0076182569041418164,0.19257630571206552
2108,3,0.016737085027033353,0.015604826433777894,0.006863602652993005,0.03305482925831856
2109,1,0.04165036827628167,0.03722268058347489,0.014669027237100285,0.09463599522596888
2109,2,0.023661810451058363,0.020630379320814463,0.00732654790385503,0.057977891990526935
2109,3,0.03087353220983238,0.029560579410861543,0.01914604257686117,0.050031947665022475
2110,1,0.03084633411400497,0.028340271132748375,0.011987023188399878,0.0641627353832727
2110,2,0.01763334930588499,0.0156955394926855,0.005802791599261723,0.04076771504282362
2110,3,0.023131312521187383,0.022509917957039,0.015583859274733573,0.034243690313975755
2111,1,0.00589315449405115,0.005161245534429487,0.0020342377060208147,0.0140097661565419
2111,2,0.07697629915534829,0.05661824464391193,0.007820681920775313,0.26002716261088565
2111,3,0.018936404652857338,0.017404204472136676,0.008347114472555917,0.03846977728197772
2112,1,0.030669395746521663,0.027811550994781144,0.011130907874922227,0.06692019664030041
2112,2,0.012192939317826322,0.01009562637074253,0.0028684329069694945,0.033722484046891134
2112,3,0.029238727490767398,0.028627049508707328,0.019737931040315376,0.042156492347775944
2113,1,0.004557195196403738,0.0041167946240960925,0.0017560916388960335,0.009939659576958552
2113,2,0.060331048168022726,0.0450445539389487,0.006261808287218524,0.1996852856820079
2113,3,0.014607011247417475,0.013945526751570406,0.007511232055997081,0.02545758458683872
2114,1,0.003861820022458946,0.0034704712944926925,0.0014389193463561943,0.008542260878948695
2114,2,0.047247378615229124,0.03871571933621887,0.005948341765083611,0.1352900071605291
2114,3,0.012538507782768306,0.011925035434419876,0.005365365253553983,0.023382022343608137
2115,1,0.030213144861696465,0.027597416457380775,0.01120418307664692,0.06417698982286649
2115,2,0.012131759368926043,0.009980022734330324,0.0028094204367451812,0.033906025699056395
2115,3,0.029116988730667034,0.028322767557005336,0.018743717812558017,0.04403726039369068
2116,1,0.0065128395613020225,0.005847038637848391,0.0024510570366391604,0.014469603341315555
2116,2,0.08262325094856124,0.06457892212339568,0.009478655516246711,0.2548888302816882
2116,3,0.021083802209010072,0.01994796668307633,0.0095712794800161,0.039121722265185406
2117,1,0.005158603135062629,0.004572672866324607,0.0017598463299058084,0.012001095455513129
2117,2,0.05983885836103226,0.05100824055512029,0.008649517799193937,0.16006833795268102
2117,3,0.016907851437241547,0.01583665579587884,0.0059574215769336945,0.03397651262858345
2118,1,0.007045071987876503,0.006365274839076949,0.0026982131149209227,0.015330514401405903
2118,2,0.09143428323265715,0.07000778764240602,0.009957735841830366,0.2912486076398504
2118,3,0.022675946499048267,0.021650578828964796,0.011079340173945686,0.04005359930648781
2119,1,0.005589689001755302,0.004991665150083769,0.002022233137033642,0.012660199131128341
2119,2,0.06807180722460202,0.055573915084147475,0.008627293431384509,0.19686464273878163
2119,3,0.018175878671351862,0.01714482505695959,0.0074353736154117245,0.03482573004349771
2120,1,0.009050985781986738,0.008072001822113522,0.003291035325568865,0.02042925117127786
2120,2,0.11536147231650888,0.08893445932992025,0.012804664116621118,0.36245086824412326
2120,3,0.02920927630367723,0.027557871878937046,0.013018367865041411,0.054711308413302163
2121,1,0.030822643413151486,0.028310066699356966,0.0116934449882199,0.06444695805405753
2121,2,0.012347681459816937,0.010251456589668896,0.002934905820466503,0.033956420762149525
2121,3,0.029583255805334552,0.02912686708229656,0.020574300793020858,0.04127961544257655
2122,1,0.033891136104732704,0.031612953485956094,0.013699006519442994,0.06689934761306947
2122,2,0.013632814380618804,0.011440377571760967,0.003339018150236669,0.03665083328905331
2122,3,0.03297822338341708,0.0324728874324617,0.022599247592279468,0.046053070355050636
2123,1,0.02394419030358942,0.02199867946584794,0.009127570705238742,0.04996568614424021
2123,2,0.009611140777544106,0.007954608889114423,0.0022751908488557356,0.02655053765223829
2123,3,0.022985577957492828,0.022652806740130413,0.016065255858299436,0.031832270424777286
2124,1,0.008108105236253698,0.007268957189323015,0.0029767316629844363,0.018177414906817457
2124,2,0.10313044015953542,0.08023714175142647,0.011571505232905297,0.3217306115112104
2124,3,0.02616093329637721,0.024760915684035066,0.011814169632853103,0.04846424885988296
2125,1,0.03140018387945579,0.028473687044205255,0.011678109161374609,0.06796184645318527
2125,2,0.017670909318481694,0.015845664120498194,0.005903888118092833,0.04000689773306768
2125,3,0.023392519165373,0.02265026193343263,0.015314268101054256,0.03565253899633256
2126,1,0.003438444948951078,0.0031204990808106218,0.0013497037424637125,0.007376097800981277
2126,2,0.04361839723648188,0.03444368023396514,0.00506183862422963,0.1308417301589239
2126,3,0.011085835366922635,0.010661908342323443,0.005377422248298682,0.019124652096647793
2127,1,0.003085735724563832,0.002815960468509771,0.0012409361814076738,0.006543233738815705
2127,2,0.0408984024496142,0.030728457911051676,0.004310956751493483,0.13355496838494557
2127,3,0.009875216782382026,0.009576916096545535,0.00529608784903449,0.01611604865409208
2128,1,0.02769005450788079,0.02557345823958914,0.011012555101705332,0.056264049598256344
2128,2,0.015616294932755563,0.014229911365376897,0.00552497136417396,0.03353482526964448
2128,3,0.020762372282045197,0.02044590596581301,0.014545519142990073,0.028737002877371073
2129,1,0.006227783101978649,0.005610043346033888,0.0023793820616776966,0.013659152295167029
2129,2,0.07947455907611185,0.0619690308076285,0.009022608389506533,0.24649450614265547
2129,3,0.020072775557227182,0.019165424639389243,0.009522909991917659,0.03577271703309993
2130,1,0.006157549728204951,0.005552951658791714,0.002339134443609189,0.013447323613194825
2130,2,0.07751266720147876,0.0615349081363967,0.009144131577019349,0.23295518239107021
2130,3,0.01989927724700464,0.019030373994750716,0.00917252731329957,0.03564803416229597
2131,1,0.004025218960525003,0.003605956085735473,0.00152309706360506,0.008968555838171657
2131,2,0.050144661567172115,0.04006851598571503,0.006065150196230705,0.1496531422821903
2131,3,0.01303686436099444,0.012378653819959149,0.005770976885209981,0.024312206510470454
2132,1,0.03019538369899196,0.027245985449690334,0.010765216141641876,0.06672256529175806
2132,2,0.01192252477480938,0.009911468244269903,0.002816008749364521,0.03268835462176577
2132,3,0.028679890784671907,0.028048529411698227,0.0192473880939066,0.04163138541182998
2133,1,0.009189369237566672,0.007897756631207264,0.0029283601983159206,0.023073617786263472
2133,2,0.11807126986033743,0.08677824213007893,0.011848682385883255,0.4027767966688202
2133,3,0.02961030699801865,0.02663070453073323,0.011471938517183707,0.06478213907213079
2134,1,0.003868377096063664,0.002978064429331638,0.0006457236820581027,0.012157650710078549
2134,2,0.03249402128815061,0.03039295017573459,0.012245682973953165,0.06468474018840611
2134,3,0.013377948300110439,0.010209253570811976,0.0018844381049647808,0.04248555318885271
2135,1,0.005017243546573296,0.004105889127568988,0.0012912054255701487,0.014179731378714262
2135,2,0.05412919960807919,0.044886773110551156,0.008639683817171085,0.15643776960526845
2135,3,0.016641764412951742,0.014251429591538866,0.004113952980663415,0.04391439145236912
2136,1,0.0029375357981379652,0.002469001314044229,0.0007130950292166839,0.007995130397606996
2136,2,0.029220140865200528,0.026396939258102034,0.006550655648384343,0.06978131046344681
2136,3,0.009877370801330717,0.008617849065124639,0.0021587278995717444,0.025040216465378577
2137,1,0.005272927645518299,0.004114277746285279,0.0010691323425796905,0.01645266584318336
2137,2,0.0527560390565868,0.0433862634347721,0.009767001851369401,0.1537984659229701
2137,3,0.0176828138198056,0.014243483224951718,0.003256792121073461,0.0530872756960701
2138,1,0.004207839208208991,0.0036407353545978424,0.0012575399975402418,0.010493387157399286
2138,2,0.046233532675707845,0.04016578274760531,0.007613479922863567,0.12007365330119824
2138,3,0.013924493032818045,0.012673405642990283,0.004041233434861454,0.03139984145341457
2139,1,0.006652038914628628,0.005560453179557435,0.001686497752544588,0.018211166819346845
2139,2,0.07060901749869478,0.06025825627623661,0.01203693218211599,0.19174687465978218
2139,3,0.022140594710523175,0.019205896259322525,0.005337001070431567,0.05633741666636998
2140,1,0.004772044608356963,0.004109538692375067,0.0011974877163606719,0.012286749164199313
2140,2,0.0477075303669903,0.04407021761387972,0.010670349597614004,0.10719391753108642
2140,3,0.01603230013356021,0.014351234229174687,0.003635903247337002,0.03822875310933566
2141,1,0.002803725056598426,0.0023865615610988034,0.0006369657970656407,0.007362922715671651
2141,2,0.026269677485171852,0.025209319812284726,0.007624149727407885,0.05135529238488182
2141,3,0.009523058054295356,0.008310164752960697,0.001896609039507612,0.023820580865700103
2142,1,0.03366492515898176,0.031043765781936995,0.013132460569770838,0.06923252795935658
2142,2,0.018715223712272893,0.017322269482319276,0.006975923948341027,0.03836169193642837
2142,3,0.025290898601629346,0.024853309359737674,0.016688625533800634,0.03644930738779396
2143,1,0.00500518015938319,0.004355564651109504,0.001325270827700078,0.01244367634280461
2143,2,0.05062432171789933,0.04705993985370653,0.011156807980833232,0.11178379295990237
2143,3,0.016785428067635402,0.015251198864785466,0.0040164191069666415,0.03860069513638534
2144,1,0.005729420435781253,0.0045777309656345275,0.0010554756515902281,0.016950123129631765
2144,2,0.04972801760568822,0.04727907822429689,0.017617936420670322,0.09593542947218767
2144,3,0.019696174116263333,0.01576045325749424,0.003109496302819062,0.05786495487018301
2145,1,0.0036588476274130857,0.0030907896990862867,0.0008300167555615126,0.009826082547908684
2145,2,0.03503230144273689,0.03254179524998331,0.009036307191042068,0.07620456979029712
2145,3,0.012400958880360401,0.010730228379057221,0.0024651783678826863,0.031696309104626876
2146,1,0.0026145744497185802,0.0021206901921915875,0.0006220386365697166,0.007131882326303448
2146,2,0.027131222350638626,0.02257817373919345,0.005191565701524622,0.07287995579786805
2146,3,0.008712162839037293,0.007488240177124979,0.001931392277579754,0.021713769269401384
2147,1,0.03996924602001549,0.0369189969408614,0.015822385337507985,0.08149803443735365
2147,2,0.022202089250571003,0.020612211290623756,0.008416565097649584,0.04494802767903955
2147,3,0.03012322897010004,0.029604972553645227,0.019685646262322245,0.04344007048140378
2148,1,0.001858547186256767,0.001613299114620177,0.000453751018196906,0.004669791228478071
2148,2,0.017761474638673204,0.017192342356338746,0.0049037223915132724,0.03430535448262424
2148,3,0.006277951754006489,0.005632280365468758,0.001352859995358851,0.014758150386518499
2149,1,0.030511263510688162,0.027587441746052037,0.010764180002946946,0.06768350454497157
2149,2,0.012024211090355296,0.010074297268155757,0.002786372160714039,0.03255526042963163
2149,3,0.029973540187251516,0.028346685183356087,0.014879702197383982,0.05466233147548854
2150,1,0.016041357324933284,0.014518765048281292,0.005843125540526362,0.035145864703041936
2150,2,0.006220504776685553,0.005313195190966931,0.0015763960549217406,0.016013021441698177
2150,3,0.01522306980302594,0.015047786357823157,0.010698433473270853,0.020802826053650587
2151,1,0.0027531471092902757,0.0023386362321733793,0.0006327585334686413,0.007319170872535272
2151,2,0.02626954252612317,0.024643273517541902,0.006955913497260732,0.05534408578432203
2151,3,0.00932002392488647,0.008138991076209339,0.0018836393943925307,0.023350175624065047
2152,1,0.028153737786609394,0.025910611105682196,0.01096935411562842,0.05832873684827949
2152,2,0.015589752041973307,0.014475072436088565,0.005906749164339154,0.031678968094859074
2152,3,0.021059214590282645,0.020756914162367197,0.014333876519274449,0.029512201268111774
2153,1,0.00397787168597011,0.003370351634381875,0.0009809419065022152,0.010592337121899678
2153,2,0.040375083543187744,0.03615515351552919,0.008253584080163225,0.09837025149122086
2153,3,0.013332267599635909,0.01174321400961164,0.0030000755495908234,0.0332548175732702
2154,1,0.00355069361532414,0.002991495570485678,0.000802454665360647,0.009542507175306436
2154,2,0.03354472171147921,0.03168157155302547,0.00913211231869388,0.0695637720198088
2154,3,0.012021765474134336,0.010444976490395694,0.0023747069950032767,0.030556810198722358
2155,1,0.0022337698580744067,0.0020167171134435457,0.0007515507938377249,0.005003235390084201
2155,2,0.024538799191213965,0.022361966074041558,0.004313812012967518,0.057054105348339414
2155,3,0.0073555023199702065,0.007066940901814545,0.0024008602093303316,0.014087607657132404
2156,1,0.003562554446828798,0.0029312809184123202,0.0011203445558583306,0.009652395523457867
2156,2,0.041452742641716056,0.03281411092527188,0.005403003441064393,0.12624758402554317
2156,3,0.011607918379829987,0.010033222141671209,0.00383192188561823,0.02901143397955481
2157,1,0.017819250982493554,0.016125057519768168,0.0064872355406159045,0.038838586968234785
2157,2,0.006863926820256619,0.005931457438305986,0.0017752184975921709,0.017331076519911066
2157,3,0.01695812786012181,0.01666349309077208,0.011549200023707648,0.024003641032712
2158,1,0.004059819180924618,0.003548431859971823,0.0011568774397967213,0.009962973183807596
2158,2,0.04269201344516609,0.03891081576067757,0.00826911876880546,0.10047082632215205
2158,3,0.0135156173290852,0.012416935623774331,0.003592566917902868,0.029956772875553497
2159,1,0.026638070429576638,0.02447215817750443,0.010384276662560211,0.05526584273786463
2159,2,0.01488971311802492,0.013627874811061896,0.005394111735268647,0.03148171630486741
2159,3,0.019899122309413736,0.01958367235396888,0.013819250474119329,0.027784006385240947
2160,1,0.0027791776342065908,0.0025311263761787373,0.0010875279786482933,0.005918727330469284
2160,2,0.033861570783821224,0.028164605690806987,0.004491129191233673,0.09374369659036094
2160,3,0.009040029075432325,0.008770921276235185,0.0039688948471478715,0.015657060663648276
2161,1,0.0026984688931580673,0.0024361397881696133,0.0009240009699147895,0.005962144430058815
2161,2,0.030126287460006465,0.027119772557908435,0.005143161185324789,0.07219432182279407
2161,3,0.008921357270945564,0.008559599388670517,0.002960314684797536,0.017043780855390406
2162,1,0.011937952791791976,0.009248219619257758,0.0022420246225592004,0.0376225896530082
2162,2,0.1209352968035471,0.09758052964796247,0.019901761646464917,0.3625513781116413
2162,3,0.04011067101037177,0.03195428752527124,0.006952225105884602,0.12187505805816454
2163,1,0.007132860842872871,0.005480679115954263,0.0014595625191526629,0.02282192869576643
2163,2,0.07443457701485298,0.05864849197875606,0.01143745335673172,0.23318196782815306
2163,3,0.023756716451548723,0.018939114216436716,0.004583288234322906,0.07165159616990052
2164,1,0.0025322936361429826,0.002179906543124747,0.0006362941685715899,0.006465870453252213
2164,2,0.02484447777507347,0.02339991628840487,0.006082250555980691,0.05280639511284097
2164,3,0.00851982466815925,0.007629137214002956,0.0018997702742207254,0.020107040415922702
2165,1,0.004199278598903371,0.0035672219602494006,0.000977944841611368,0.01116481477511004
2165,2,0.040815833185723224,0.037784342137306144,0.009936521562481508,0.09019410768260978
2165,3,0.014191998727340466,0.01243190023710997,0.0029394774830028476,0.0358039911858525
2166,1,0.0028996404674678706,0.0025209678523040215,0.0008055625450129433,0.00721821271518856
2166,2,0.030151822834820097,0.02744114807958948,0.006053834292475589,0.07081795907377342
2166,3,0.009679686350239752,0.008844780457360391,0.0024755230466603014,0.022023263051519325
2167,1,0.0037769746100383204,0.003232360810340348,0.0010542589525901751,0.009722138364195464
2167,2,0.040244588750953846,0.035397910888278095,0.0072148282747670255,0.10254316018321878
2167,3,0.012534996421188617,0.011283963153731046,0.0033127922207050885,0.029490678021709005
2168,1,0.005084092261114329,0.004290689266826401,0.0011989248121114045,0.013568916405263297
2168,2,0.05033559260709737,0.04585568769470039,0.011344474506054398,0.11657537546835546
2168,3,0.017094046731055353,0.014967030332008014,0.0036695998202999755,0.042557480358909154
2169,1,0.004153212145093848,0.003570040224293609,0.0010999387722496771,0.01061152970464893
2169,2,0.042583154617755435,0.038754692941721555,0.008738595101347732,0.09975855552402278
2169,3,0.013884048528599046,0.012476858157461052,0.003373827607819675,0.03261092481544099
2170,1,0.005656162058261581,0.0045888982395000865,0.0013957678055906103,0.01625410826912634
2170,2,0.061298272109586376,0.050146456022125876,0.009291245570422563,0.18107222624693795
2170,3,0.018709626817264204,0.015820971344251242,0.00453532159314238,0.04999712774507256
2171,1,0.004072528630136153,0.0034886812691838917,0.001224372294497402,0.010429965063288875
2171,2,0.04540942125673188,0.038805489994636864,0.007024207482783695,0.12277086082680291
2171,3,0.01342609307802424,0.012122199303879307,0.003972840053473249,0.031067718119936655
2172,1,0.0024342362197432095,0.0019988869974154047,0.0005317482900591015,0.006823305466222426
2172,2,0.023014272206392142,0.02099063999832363,0.00607405902339487,0.052490332154548104
2172,3,0.008250368825611138,0.006966455252597261,0.0015818785183053614,0.0218949048296811
2173,1,0.0027793763685338784,0.002443873162404118,0.0007491832887250752,0.006776387751322085
2173,2,0.027805481354111015,0.02651936117069433,0.006565378671921733,0.05725916100899701
2173,3,0.009328857078386219,0.008593206638452179,0.002247707070989017,0.020760086992658893
2174,1,0.03338522541280721,0.030448600560979016,0.012658871795511346,0.07081046964400602
2174,2,0.018597267540680033,0.016965926844572606,0.0066576213357144535,0.03962833753655163
2174,3,0.02487122106460466,0.024359164462405207,0.01660059802318199,0.03617686127338147
2175,1,0.02516041533452165,0.023350463272415425,0.010117802655398685,0.05051405189945344
2175,2,0.014186526242027191,0.012974477379296318,0.005102528826636912,0.030165650932861707
2175,3,0.018956170599811195,0.01861793444110363,0.012973786753245797,0.026849542396237706
2176,1,0.002470826554405636,0.0020899644569948765,0.0006333370853603858,0.00647999463591804
2176,2,0.02480351492352573,0.022600594617937925,0.005507331862878498,0.057211890587097976
2176,3,0.00828867472563628,0.007328589277276571,0.0019080561772214747,0.019999251607876967
2177,1,0.02694536461978792,0.024361334997124978,0.010012706676584713,0.05849353762521628
2177,2,0.014933204421797686,0.013626230466162587,0.005369741029219337,0.031965958528868674
2177,3,0.020088781714425488,0.019406831531530434,0.01302114917867477,0.031104422694969887
2178,1,0.0028677620455727776,0.0024661038904353694,0.0006910668431689438,0.007443450679812925
2178,2,0.027614212433252173,0.026193036849628086,0.00726165531691068,0.0566130785944036
2178,3,0.00970919567657078,0.008602610959921864,0.0020409674062538898,0.023684042735010225
2179,1,0.0037110404701057734,0.003131569258259895,0.0008932970538291277,0.00997132600165661
2179,2,0.03692112205136868,0.03351392378749074,0.008175676499434,0.0872191998543855
2179,3,0.01247488796111437,0.010948996807825843,0.0026865113801554123,0.0314082201358426
2180,1,0.0023581273456521833,0.002072392790670243,0.0007713933472738303,0.005505737163031704
2180,2,0.02600798037353038,0.02332692723952738,0.004509652156754784,0.06154793024422081
2180,3,0.00782683621115968,0.007330566616085315,0.002459784353960607,0.01556333743861228
2181,1,0.0032294122356763453,0.002663813431082074,0.0007087909531315712,0.009098049804540796
2181,2,0.0310685815665668,0.028109328606619348,0.007533013658847273,0.0728173980847942
2181,3,0.0109067502282211,0.009315880841079125,0.002124971055102909,0.02905055359289179
2182,1,0.005649538394625851,0.004745446719122913,0.0012500228142576506,0.015340351894672043
2182,2,0.053397843251374255,0.05012780639557097,0.01417559969412282,0.11198978307426011
2182,3,0.019117452603442227,0.016486870017552543,0.003744172815812664,0.04913337482920215
2183,1,0.0035492029434279616,0.0030322067830808423,0.0008847371176826153,0.009253239609612267
2183,2,0.03551084826751831,0.03252861902530853,0.007859332959223767,0.08149153407098464
2183,3,0.011912445043982197,0.010640429801775311,0.0026618498768679866,0.028809828465863378
2184,1,0.00384124589849756,0.003240920682571166,0.0008555670116928574,0.010240194799409715
2184,2,0.03613086405935017,0.034103117353558615,0.010131886735723291,0.0743057308364172
2184,3,0.01305945366605929,0.011299457387849297,0.0025084724986800607,0.03338671383266366
2185,1,0.0044367617427699775,0.003851991194998296,0.001294557262419197,0.010960388603779162
2185,2,0.04775840913532074,0.042556895546023814,0.00841312655290135,0.1178227352838573
2185,3,0.014709867727783153,0.013483804783073074,0.004089658669101864,0.032850725091681354
2186,1,0.005212203933045077,0.004273305714773497,0.0011169675546929643,0.014847420141902839
2186,2,0.0506283892153591,0.04499138917897207,0.011544335219993797,0.12338593438026779
2186,3,0.01758133878532171,0.014845068978502804,0.0033928372124855397,0.047712875058715506
2187,1,0.002944562216106981,0.0025419915445043934,0.0007218585803394498,0.007550295040242943
2187,2,0.028628858419162566,0.02704827059476848,0.0072472191045560306,0.059548829134150015
2187,3,0.009944030667019123,0.008877231630337518,0.00216130546537662,0.023713682343684116
2188,1,0.07029376021612356,0.06700355987062243,0.032196883220876875,0.12643612039931412
2188,2,0.034531136539663006,0.03280236221474962,0.015377403828245538,0.06361935088324465
2188,3,0.045252307559988984,0.04451988457781439,0.029162878065962926,0.06552463286940657
2189,1,0.02989246847863064,0.02771556806534982,0.011848328840466594,0.06060673960176465
2189,2,0.016494848627781607,0.015452880843283388,0.006522393228982885,0.03240867533916681
2189,3,0.02263671467869411,0.022125487608635135,0.014169618767700445,0.03402095013648124
2190,1,0.022441422251093576,0.021083585320386553,0.009490096360115725,0.04317036910465903
2190,2,0.01253282413611567,0.011744617929176096,0.004949431205746685,0.024548108253987566
2190,3,0.01709305517204749,0.01687667982215698,0.011331088021000557,0.02412338076903228
2191,1,0.003798178036905015,0.0032424853806463814,0.0008838255607075719,0.009974036710384436
2191,2,0.036040503243992196,0.034408499909728454,0.00986357998012079,0.07232495553520449
2191,3,0.01286040619062426,0.011294009533016739,0.002655892461647328,0.031623316752332584
2192,1,0.032469984640179014,0.029467566910400873,0.011938894618646615,0.07028443488371112
2192,2,0.017854992186930905,0.016469572932677472,0.006602127755285021,0.03691921485560793
2192,3,0.02418007818350433,0.023542935752054503,0.015491916179515895,0.0365823544489389
2193,1,0.005204946208392322,0.004563345947639168,0.0015112619613283716,0.012631314806661628
2193,2,0.05504112911855553,0.050129696827547976,0.010487158050013915,0.1289085441907809
2193,3,0.017327881510662838,0.015963897749438537,0.004680361538881632,0.038104194872292066
2194,1,0.0029963261318648464,0.002617522518998923,0.0007872622958204511,0.007405970329560652
2194,2,0.029799386440265644,0.028319794948569843,0.007151630723520927,0.061407441502817385
2194,3,0.010060934262109135,0.0092086997848525,0.0023715806397426684,0.022679582272665713
2195,1,0.005145846721904444,0.004385436248791797,0.0011989525051535152,0.01349274436003088
2195,2,0.049608743652968045,0.046604132757291805,0.012634426698572815,0.10481699619564347
2195,3,0.017382531053859042,0.015331170180441639,0.0036166951131056555,0.042968781035997314
2196,1,0.004288387869445772,0.0037498943006252818,0.0011579839246318663,0.010579705205944173
2196,2,0.043703615443942516,0.04061781009790034,0.00933411313293607,0.09656632352024926
2196,3,0.01435660321069966,0.013107185667393374,0.0035191443244856806,0.03243634351719047
2197,1,0.003648150140063533,0.003117697679011308,0.0009195576819683291,0.00951960609405861
2197,2,0.036296720516934354,0.033522427048766484,0.008297191310792124,0.08106341092564702
2197,3,0.012240703537731719,0.01091654530505871,0.002750171960505153,0.029445250843588174
2198,1,0.004075696391853412,0.003466073774858573,0.0012048781333838083,0.010547440650638968
2198,2,0.04538901089482316,0.038309512905574494,0.006938472821793957,0.1259563921406493
2198,3,0.013423091018684503,0.012014696160173467,0.0039010478679323,0.03168004116385389
2199,1,0.02837915548177436,0.026023081364140513,0.010872595203400712,0.059493513269704326
2199,2,0.01553013894748653,0.01456371809509011,0.006132073466485931,0.03032789979230183
2199,3,0.02119113592185684,0.020914003385931527,0.014112733173714,0.029853580428288853
2200,1,0.0035514487131284283,0.0030615086239088266,0.0008740933585598265,0.009090339705545467
2200,2,0.03459906642272495,0.03269525393343971,0.008714292677384864,0.07204433077137881
2200,3,0.011980308235573547,0.010662871898928606,0.002607255791530416,0.028556920207201797
2201,1,0.02230354310746786,0.020050666687784293,0.007766475252642441,0.05005925706449064
2201,2,0.008339743055980392,0.007403687353653341,0.0023316460289174923,0.019573996020828464
2201,3,0.021268900340359363,0.02072399235502108,0.012908563488628283,0.03273998535873206
2202,1,0.00438500116409749,0.003870028229398698,0.001339115348386494,0.010513874065830242
2202,2,0.04743477816249952,0.04262387174991189,0.008407587043569368,0.11432373911525727
2202,3,0.014535802333703128,0.013497347325121173,0.0042585623987378834,0.031163938224100192
2203,1,0.002218042731608757,0.0018496877597499455,0.0004671414358745191,0.006083637864244635
2203,2,0.02002997159663362,0.01927878915869396,0.006593971769297305,0.03796449643637657
2203,3,0.007581113293491822,0.0064171812930715775,0.0013666867797213636,0.020169560003452925
2204,1,0.0032998409064542654,0.0026787664378872993,0.0007482282453976855,0.009616857111436986
2204,2,0.03270869980390478,0.028420186382204733,0.007043496386224155,0.0863536761043724
2204,3,0.01111061046176229,0.009332323565644868,0.002269779248423574,0.03083033862991923
2205,1,0.0681453049399027,0.06441232699431872,0.02982087816004749,0.1278386655986544
2205,2,0.03308417407693404,0.031528368128466266,0.015116596735537441,0.060004071796623856
2205,3,0.04343880707619967,0.04279734575425137,0.028530794059218226,0.06204315999160223
2206,1,0.02611150931689319,0.024088966559849146,0.010263276512815056,0.053462819797580455
2206,2,0.014387006828627919,0.013480425292474266,0.005628188731244433,0.028249222747236964
2206,3,0.019612019959581464,0.019320635225511328,0.012990116855101897,0.02785734147433426
2207,1,0.005202065091323733,0.004516336122339627,0.0013902267959582503,0.012956020938668936
2207,2,0.053092510838788874,0.04903366825614969,0.01126381464351776,0.11894684637641603
2207,3,0.017406943070615626,0.01583155956462555,0.004242484433035691,0.039763871496156816
2208,1,0.005446181680004887,0.0047081185647509256,0.001701022388321434,0.01348417873267762
2208,2,0.06264962461012036,0.052525317780177314,0.008819411312622373,0.17541013738715713
2208,3,0.017878050275049715,0.016276631985428773,0.005751663242323691,0.039595293779663074
2209,1,0.0032923848954689726,0.002960229211616424,0.0011829349696761936,0.007264666562303277
2209,2,0.03865260227898284,0.032971582355061146,0.005569578988978525,0.10420804577697328
2209,3,0.010768640050930558,0.010303241683836156,0.004016486609531064,0.020214254361217772
2210,1,0.005246492935487275,0.004425900799377918,0.001468526990440452,0.013878713765367255
2210,2,0.058074340114257605,0.048761536045129034,0.008805770758113294,0.16299798917977731
2210,3,0.0173102906162053,0.015269729942776466,0.0047833488420674095,0.04207806217432267
2211,1,0.007809007137316607,0.006711516224375202,0.0024250570624803334,0.019628449727577397
2211,2,0.09260480503372207,0.07454411775503833,0.011572621489252241,0.276611342309644
2211,3,0.025471865801933564,0.02304888284367569,0.00861801489121481,0.056558003427456816
2212,1,0.03125197971030215,0.028032419147163277,0.011094568970630263,0.07002160607314259
2212,2,0.012109544488035688,0.010305027216737164,0.0030073986309343556,0.03168986102161757
2212,3,0.029651794079956745,0.029036408248494364,0.01962351502755814,0.04329696708101488
2213,1,0.047810154569048316,0.0437550581298802,0.018314493378668188,0.10085378862611064
2213,2,0.026527713649033408,0.024431281900531548,0.009778830469199475,0.05545870339144736
2213,3,0.03562142902794722,0.03509321163286723,0.0243736465107064,0.049907967979746615
2214,1,0.007369095418020172,0.006489944664765242,0.0023182209781512073,0.017512438104217563
2214,2,0.08350096518774242,0.07179671796908052,0.012673119377263174,0.2213278690382342
2214,3,0.024226796368634847,0.022507829138285043,0.007696364423773707,0.050925344144191316
2215,1,0.030078947597577014,0.027299043248375784,0.011185687580396984,0.06544496823647211
2215,2,0.01683018787403332,0.015193685654196824,0.005788570189676695,0.03739003944216985
2215,3,0.02236857037740812,0.02168416573156348,0.01488517301922066,0.03386215527864066
2216,1,0.005454036476658402,0.004857832052777034,0.0018147690436845338,0.012573232764938084
2216,2,0.062274235136750476,0.05409408785979514,0.00950077771463549,0.16118344060016312
2216,3,0.017911785539459452,0.016888405901339484,0.0060703967087713945,0.03600388288959886
2217,1,0.044154658837131634,0.03748119894392683,0.012910124177076904,0.11413193369193332
2217,2,0.017340932568053975,0.0137053813422062,0.00352827931974218,0.052504872075051646
2217,3,0.041685993043678225,0.0382918658595371,0.021166588536883597,0.08226224819514556
2218,1,0.016377351617710815,0.013736995065933224,0.004376643234104348,0.04391800251098854
2218,2,0.18737757856781642,0.1507252528493465,0.024168553012085613,0.5648969601722833
2218,3,0.05369571400004341,0.047154528364094395,0.014723748504455044,0.13063105546568088
2219,1,0.026088008521528802,0.023435664096347397,0.009282280338736928,0.058359432230336905
2219,2,0.01022758317297807,0.008554551051718956,0.0024497207305721165,0.027613118198701447
2219,3,0.024674740860602052,0.02421750539177369,0.016927574904642258,0.035037253669909785
2220,1,0.006167469023499246,0.005489020484963977,0.002097744445134829,0.014218553071857534
2220,2,0.0712899461370773,0.06111802110894529,0.010454676798862703,0.1887888311718148
2220,3,0.020203221160840563,0.019035531103068947,0.007120549318445518,0.040000648683166454
2221,1,0.005479774802331972,0.003739393219645907,0.001125698022064988,0.020571037587735163
2221,2,0.061280345002693255,0.04113640334911804,0.0070872313210611,0.24221347931814333
2221,3,0.018114274629311224,0.012846990484721415,0.0036786407353715444,0.06619073684435371
2222,1,0.002724120376144703,0.002473814890979804,0.0010079207885278407,0.005916878401240398
2222,2,0.03193031028551334,0.027660010348759374,0.004726669410639238,0.08282324205152296
2222,3,0.0089326996424212,0.008653392726200242,0.0034206600334365646,0.01607428999071718
2223,1,0.007013346208969835,0.005540965911394092,0.0017646784651016657,0.02106829799572704
2223,2,0.08084523043402204,0.06113743767364005,0.009606739840573171,0.2706832842131467
2223,3,0.022998875329374082,0.018854109851662304,0.0060401244396363525,0.0652603470678765
2224,1,0.0074729628214468035,0.00637829433981902,0.0018629170986825577,0.019520652979903342
2224,2,0.07664272905294092,0.06863850929855396,0.015150005297706283,0.18579753392968348
2224,3,0.02497895755799615,0.022210020691414263,0.005754614098616534,0.060656147104093415
2225,1,0.02796051246715792,0.025203029743880084,0.010021750678476387,0.0618567962023341
2225,2,0.01086262771339022,0.00921838659302161,0.002694571439785316,0.028377709712208467
2225,3,0.026498537838238436,0.02606265850388753,0.018168509605955986,0.03722574443437183
2226,1,0.02617851259927211,0.023290410167825112,0.008997881363935796,0.05999064405713803
2226,2,0.009831597687997625,0.008612120760030586,0.002639783945925193,0.02387694183241728
2226,3,0.024854668626788666,0.02406766243527519,0.015201087262715155,0.03904073046871885
2227,1,0.022345383160027942,0.02006892980796001,0.007920650691032883,0.049947364642159174
2227,2,0.008745439414470273,0.007340027665549387,0.0021179553579644215,0.023513829799943483
2227,3,0.021152767055082844,0.02069365111174165,0.014448535062060544,0.03046954253170549
2228,1,0.0066694769255431375,0.005820255175353759,0.0019069501752836254,0.016406098474826002
2228,2,0.07090821662587114,0.06381197927824683,0.012962642437608654,0.1700023555080001
2228,3,0.022150630993879605,0.020410221199802802,0.005958807908750118,0.04884574843373158
2229,1,0.019021653262227316,0.015942822043593458,0.004872422632020892,0.05125157308414282
2229,2,0.21736239558105205,0.17374524086508525,0.02788678054492904,0.6602029205157418
2229,3,0.06254873494675302,0.05475126133327561,0.016477488680489812,0.15374758605752795
2230,1,0.03635965120992642,0.03283647092343971,0.01311927452525119,0.08002961219162039
2230,2,0.01412344432175631,0.012021103797648244,0.003514867568270422,0.03682619011947532
2230,3,0.034484278831308765,0.033967962845818,0.023750723443815368,0.048208833298948144
2231,1,0.008637314026770086,0.007615161528146647,0.002628794594334194,0.020628286599977213
2231,2,0.09462380174307287,0.0839349042559803,0.015970034602367032,0.2341712105437741
2231,3,0.028580620213604736,0.026518949155330623,0.008352127132610642,0.06100592287292168
2232,1,0.024130323373486733,0.021676909003061337,0.008623518125135917,0.05382643481764267
2232,2,0.009400337465448326,0.007921249741812034,0.002311527035757056,0.024899573267735033
2232,3,0.022830733785713937,0.022418851641179675,0.0157066205568537,0.03219206253436451
2233,1,0.0030707697740040367,0.002650410062220272,0.0007983635250961228,0.00784744165447733
2233,2,0.03084584889918707,0.028594183746712843,0.006949924685274029,0.06879883261519933
2233,3,0.010302087800293628,0.009271673871853984,0.0024147331595643783,0.02416252441354589
2234,1,0.025975844261830017,0.02342299827375017,0.009363551378016945,0.056880543748807036
2234,2,0.009822638420717025,0.008663486378807123,0.002684324150100216,0.02344171640193447
2234,3,0.02469426940155743,0.024396854604352806,0.016310222872694506,0.03476697764615597
2235,1,0.005469038405926028,0.004386778528530567,0.0010931032393647773,0.01617507524164396
2235,2,0.052790544959984816,0.04601883991438095,0.011741271880529671,0.13338218149591988
2235,3,0.018451543913855086,0.015234763981002576,0.003299147274780994,0.05259103358205558
2236,1,0.12655977938513022,0.11831730290497758,0.05281623846085091,0.24663483661527869
2236,2,0.06120262285272413,0.05799026880459936,0.02716401197460371,0.11319138404286745
2236,3,0.07984878153425094,0.07878397748594929,0.05408031789889042,0.11194277692340542
2237,1,0.032738044044059125,0.029333785097378558,0.011469336629712407,0.0739650554135457
2237,2,0.012630564281543378,0.010769243956391703,0.0031628757186402882,0.03285607966881379
2237,3,0.031053482293146025,0.03031852719117819,0.02014347362377,0.046174809818316585
2238,1,0.004108234597721845,0.0029928313200715748,0.0010906231350729912,0.013508891160666957
2238,2,0.047730127711070824,0.033763489924256644,0.005425792231626301,0.1668936689589222
2238,3,0.013503374918414435,0.010275309928302646,0.0037186842703385513,0.04292550253230899
2239,1,0.01337267043538427,0.011660098627553565,0.0041047985887108975,0.0326755251709777
2239,2,0.15410449382244829,0.12914715248143915,0.02128770964861557,0.4304173099318248
2239,3,0.043860596749822324,0.0402461175289056,0.013983499421738828,0.09469509525373535
2240,1,0.005393244070581945,0.004578760826775566,0.0012968523385117302,0.014183432988729816
2240,2,0.05358410495549987,0.04892041148134651,0.011987468839963737,0.12291021436504153
2240,3,0.018126918145158478,0.015988543141787003,0.003921597724633421,0.044666944817906326
2241,1,0.006431053454829035,0.005582114920824336,0.002053241474624102,0.015800794914435215
2241,2,0.0756022786288777,0.062141468954022144,0.010010845593586237,0.21776195791305375
2241,3,0.02100839483772003,0.019214916372424617,0.007235745453607525,0.045543745048741355
2242,1,0.0027637537159552303,0.002509297837024958,0.0010674900818067239,0.005932423205647108
2242,2,0.033703111686652895,0.027909285001925653,0.00446612967337992,0.09425732573112067
2242,3,0.00896922736630269,0.008711718759962742,0.0038956825314563,0.015469922265351904
2243,1,0.006124786462084927,0.005234402863703219,0.0016427991283161577,0.015914041443436774
2243,2,0.06464467300413373,0.057022754967854555,0.011656638588467817,0.16258225098090087
2243,3,0.020371035513696678,0.018255397087630958,0.005138649960664123,0.04820172146567915
2244,1,0.0577868290120452,0.0530561520220666,0.022331613764155638,0.11983447973435589
2244,2,0.03149984718332188,0.02977301358321887,0.012784271712466027,0.06002361629021826
2244,3,0.04335597063833325,0.04274547615367575,0.027682932451941065,0.062233131688468266
2245,1,0.002729877534469735,0.0024544888698806184,0.0009378059703719055,0.006114601829688718
2245,2,0.03128956665711645,0.027184323769697327,0.004908916797898969,0.08088764189770707
2245,3,0.008959732721544158,0.00860070571269761,0.00307776776182241,0.016969342255349063
2246,1,0.04512583298222249,0.04098582845547481,0.016801538576784143,0.09742034667213348
2246,2,0.024879622276801912,0.022945349922644347,0.00916798031988434,0.05170548496742705
2246,3,0.03363011039631789,0.03284187435129661,0.021627105327350894,0.05015839246960327
2247,1,0.02354271182336055,0.02120417829912895,0.008423962889607962,0.05194847592342417
2247,2,0.009320132730181625,0.007713783680264181,0.0021877665152955474,0.025719054383957902
2247,3,0.02233838389207925,0.021871208878007854,0.015226498827526544,0.03213727739480163
2248,1,0.07270681643548428,0.06917915398624447,0.032428346217543355,0.13378262645973735
2248,2,0.03607740770970338,0.03360792946800581,0.01488320510147021,0.0715711895909789
2248,3,0.046341003960181745,0.04573592071454996,0.031957748438689496,0.06421112108431633
2249,1,0.03425333667819582,0.03126986214160952,0.012967799254010063,0.07270772728293098
2249,2,0.01950124136413989,0.017325368856713597,0.006391080752895147,0.04518404855830111
2249,3,0.025440823483765654,0.02499400884158115,0.01776566210926282,0.0356594844429158
2250,1,0.03494147187728167,0.03249270121973074,0.01403491681522963,0.06999119842585966
2250,2,0.020000110481802193,0.017928296597350953,0.006779116785753763,0.04527498540700583
2250,3,0.02627265658744309,0.025859599705380956,0.01841349317201245,0.036552791622290144
2251,1,0.004833244326317297,0.004397077724201049,0.0018956860911779011,0.010319219571737578
2251,2,0.06414439309981179,0.04792518496098506,0.006715202833000112,0.21166709357806734
2251,3,0.015477120617058018,0.014931609009534242,0.008207180458682744,0.025861736892245694
2252,1,0.032795777217311535,0.030011190885432252,0.012250051445274761,0.0694469310777947
2252,2,0.012700149479702067,0.0109852087045397,0.003309687021972848,0.03170072163431832
2252,3,0.031423254849212705,0.03098396516550271,0.021399272766951853,0.0439123974156458
2253,1,0.024846427098225075,0.022442259729265862,0.008921053923237967,0.054499066510235256
2253,2,0.009902623409414361,0.008136559841304215,0.002294368366851112,0.027888302714183216
2253,3,0.023566766403775696,0.02316150878999189,0.016372457110568853,0.033069943946893034
2254,1,0.0056075246389517925,0.005098158344831059,0.0021989167626222097,0.011926646593138248
2254,2,0.07309297379684675,0.05603520480892392,0.007922990892389861,0.23075287206953163
2254,3,0.01802121682250717,0.017369931365955077,0.009239280960376345,0.030646105247776896
2255,1,0.043852952800471995,0.04052700192245316,0.017406643103909356,0.08964146593541537
2255,2,0.02464486128593311,0.022555561098197757,0.0088360737687605,0.05230461845972179
2255,3,0.03282856685308578,0.03239545582826276,0.0232018379657816,0.044856006454814475
2256,1,0.039828630771707216,0.03635107679182214,0.015167961576075013,0.08453766090959831
2256,2,0.022580902066337834,0.02021184025343634,0.007528237792721901,0.051336505621548095
2256,3,0.029580173597585337,0.02913467887674079,0.020797660087882724,0.040904340773918725
2257,1,0.027281376104815177,0.024800388248185992,0.009985200601407184,0.059236459625574785
2257,2,0.010900032884867546,0.00897100629511966,0.0025311027115089385,0.030554501468440607
2257,3,0.025971645958281796,0.02549804833439227,0.017973402143460066,0.03659453756673407
2258,1,0.003216223350817975,0.0029349717074455862,0.0012772719090389025,0.006745813399260369
2258,2,0.04155414763134571,0.032200439341980344,0.004734379978743747,0.1300121981180471
2258,3,0.01036827937448682,0.010058017496265993,0.0052188182320974125,0.017300724329035906
2259,1,0.030737628342627516,0.02741740450400183,0.010504501727251307,0.0705317375943015
2259,2,0.012214469147898043,0.009980719363936762,0.0027414875067427896,0.035034035288786035
2259,3,0.02921513072939762,0.02807706022968887,0.01825365244512807,0.04676536350011155
2260,1,0.02845321271710175,0.02587048771843215,0.010473084737535414,0.06135358979835801
2260,2,0.01121889957803778,0.009420736382136852,0.002736208488653411,0.03011525856385485
2260,3,0.027141017738713562,0.02669802152211069,0.01888082238376041,0.037883197069378774
2261,1,0.03570655495407784,0.03314002714024005,0.014390218069505398,0.07202540270264118
2261,2,0.020043206707588496,0.018427114162690494,0.007374919497391801,0.042010206997581345
2261,3,0.026841474938307353,0.02648567183470965,0.018726622875813538,0.03688052557129377
2262,1,0.0048760113117795375,0.004415797392754122,0.0018910115394544654,0.010534822592697658
2262,2,0.06461479618652223,0.0481938543458328,0.006774345242699583,0.21362950076179382
2262,3,0.015639994726282337,0.014980512391844357,0.008117480538750747,0.026994380376141488
2263,1,0.005120917854982421,0.004658492271819003,0.0020332792508848735,0.010921627154557691
2263,2,0.06481480567233683,0.05145911192900092,0.007695262135474849,0.1941338295775153
2263,3,0.01655969195213575,0.015981763597516668,0.007944614341432859,0.028667371243251933
2264,1,0.0070771441385078125,0.0063619912638582295,0.002632839950350044,0.015711162144185966
2264,2,0.09112781324086118,0.06985034244431051,0.009980020170140406,0.28989157430730855
2264,3,0.022803917673948463,0.021591179810505144,0.010667602822079198,0.04177962202732929
2265,1,0.005385885902531536,0.004898917760130057,0.0021199858970010203,0.011497892311673107
2265,2,0.06879613306537397,0.05407926027006278,0.007890025049428588,0.2099445268112427
2265,3,0.017379254340337377,0.016744009370794254,0.008490057903762548,0.029989147020533815
2266,1,0.005932578259532127,0.0053357235150075085,0.002226578344258966,0.01309783246736445
2266,2,0.07683426780047008,0.05861246746598743,0.008254868178939808,0.24542575689797316
2266,3,0.01907261853871118,0.018132314236522014,0.009169837933089252,0.03444429986288639
2267,1,0.03226705330355945,0.029458236514468505,0.012031670140450245,0.06834228722462947
2267,2,0.012755093756993317,0.010700832392778577,0.0031091886427085562,0.03424659736260234
2267,3,0.03086286405370455,0.030356417918529548,0.021314562622286794,0.04327867373736921
2268,1,0.03681737998937356,0.0345872045323248,0.015166795919773247,0.07154511634257114
2268,2,0.014726308468052266,0.012525814397605728,0.0036857441475840053,0.03824762135045179
2268,3,0.03618782615340262,0.035514422844252276,0.023152621663757117,0.052910150329049305
2269,1,0.03372455902502296,0.032368068583349265,0.01578850322191701,0.059032637391875184
2269,2,0.019576995359288227,0.01791111768978932,0.00696241377817658,0.041783056334010596
2269,3,0.02619255264992554,0.02580583930655065,0.017043616351002586,0.03747186901108348
2270,1,0.011607786353115391,0.01034888523670357,0.004140797934856386,0.026493891654923836
2270,2,0.15265353671185902,0.11272279362487794,0.01548798429843264,0.5124119763228615
2270,3,0.037250015705060265,0.03501169960850162,0.01723521820438295,0.07027248518453354
2271,1,0.028615345083882717,0.026278974323343154,0.010919109834659269,0.05960457769528859
2271,2,0.011412196128574465,0.009527752036087106,0.0027500336161558987,0.031057768365644334
2271,3,0.0274837213784823,0.027060042095618957,0.019184511987894146,0.038169381816238385
2272,1,0.04026440889101815,0.03714162959369668,0.015752556375051976,0.08287081201184522
2272,2,0.022961790652880173,0.020512220057321815,0.007669553124794163,0.05228637168095705
2272,3,0.03017021609373442,0.02957188541970406,0.02057955903314395,0.04317433478270593
2273,1,0.003424186929893565,0.003136435628279477,0.0013322080548858956,0.007197421307418585
2273,2,0.04072693803888697,0.03506771153639425,0.005864846472576468,0.1064516294677794
2273,3,0.011246784857376128,0.010895276006351954,0.004575307841148862,0.019996171303048826
2274,1,0.02864979128659166,0.02583492183930105,0.010302566706794962,0.06334962823633196
2274,2,0.011359783779719313,0.00938285030961995,0.0026454939903350298,0.031461070094295544
2274,3,0.027288757189735925,0.026621408734050694,0.018063889076417112,0.040381066401463314
2275,1,0.00595786539602436,0.0053507533924511425,0.0022410658822633427,0.013149408771679059
2275,2,0.07566346700298704,0.05931104605406794,0.008566844779323948,0.23421946552840908
2275,3,0.01923449055769803,0.018300787493541297,0.008816069159373344,0.03495492460100053
2276,1,0.007068876452717811,0.006119423815277367,0.0023516169293309372,0.01733964675272285
2276,2,0.0883771623835962,0.0679061661731382,0.009775108636504817,0.28176107991915
2276,3,0.022917730891484175,0.020758847220207384,0.008991161654000508,0.04944977817031849
2277,1,0.005843169981291368,0.005311465167568884,0.0022728333197501592,0.012519136112897173
2277,2,0.07343048991286859,0.058953735383120695,0.008880381729095329,0.217778032336084
2277,3,0.01894730206575806,0.018177167426600076,0.00875934100319897,0.033429489755826255
2278,1,0.005236891662191475,0.0047558661172748705,0.002049106498086912,0.011242006847805314
2278,2,0.06751494481954884,0.05219815234349926,0.00758810504479512,0.21046139060125077
2278,3,0.01687951725900194,0.016220768968458678,0.00835995749516148,0.02912606039892737
2279,1,0.004967479564880275,0.004503460304593666,0.0019304299867276087,0.010689789181042025
2279,2,0.06708115991775586,0.048950144752556074,0.006690956738785047,0.22947412389671296
2279,3,0.015870700734421705,0.015246541271259602,0.008518137376232806,0.026747342346037997
2280,1,0.006020927153658126,0.005388711480137283,0.0022301088990032978,0.013549235799390704
2280,2,0.07624636093888226,0.05961361659348298,0.008611656348019532,0.23696335059220064
2280,3,0.01943932861522776,0.01837683955006171,0.008739616088151278,0.03623435875425325
2281,1,0.03569712357196582,0.032311553448842414,0.012900675813995741,0.07797720884572629
2281,2,0.01400998725476028,0.011787142200606848,0.0034061639894988204,0.03720739378427569
2281,3,0.03400683417741856,0.033310612631463815,0.022803583371455077,0.04911250310267969
2282,1,0.030704392409755987,0.02799734056290762,0.011441130164976342,0.06575577759660874
2282,2,0.012098915175278193,0.010170708135582993,0.0029685660574093526,0.032153755101067834
2282,3,0.02931427178053987,0.02893065413739358,0.02050767033811147,0.040485473484584596
2283,1,0.03175748690787112,0.02925630881068597,0.012399668628809256,0.06559103255440323
2283,2,0.01810051497280148,0.016211609029199058,0.0060925214371926936,0.0410984486121283
2283,3,0.023730575347606024,0.023367140029973636,0.01674422014599266,0.03281430605372328
2284,1,0.026690488359279535,0.024064582184113115,0.009560953263378568,0.05886238615582564
2284,2,0.01041567865440887,0.0088038618797135,0.0025527957446383797,0.02755528263271328
2284,3,0.025376554443264164,0.024839061161417614,0.01699217554784864,0.03683630768548261
2285,1,0.03023547531093875,0.02775307158591826,0.011505977867264481,0.06293063329657508
2285,2,0.011663681319630042,0.01017832016348046,0.0031117237584295924,0.028487289593447068
2285,3,0.029119456753602127,0.028696657788802,0.0193716482572553,0.04132243106186764
2286,1,0.02914477516645554,0.026738545579827903,0.010993904456010168,0.061020505414952665
2286,2,0.011441716618918529,0.009725461818171953,0.0028647203541018237,0.029884817603533054
2286,3,0.027942298383200306,0.027551073358649657,0.019399247679196416,0.03878674879550097
2287,1,0.03425803428037915,0.030988022957140007,0.012247714218370854,0.07561498790971594
2287,2,0.013665970672505934,0.011229589847843084,0.0031298342201139776,0.03827384583968773
2287,3,0.03267798188338606,0.031824606139758224,0.021283959655537043,0.04896860977925851
2288,1,0.006611534051067523,0.005929588737304573,0.0024639873720151825,0.014620333720343957
2288,2,0.08618005588026709,0.06518192159912758,0.009185714979735088,0.27839234743522523
2288,3,0.021270652187468937,0.020135050938758538,0.010064398749834745,0.0389547702253398
2289,1,0.006284894594346376,0.0057096183781222155,0.002473328059560697,0.013412266197357707
2289,2,0.07960895764445712,0.06318796222178458,0.009398514230226,0.23823643235191666
2289,3,0.02032862019609165,0.01956458964032429,0.00971619481487879,0.035403765563874416
2290,1,0.00692406422931155,0.0061823118830624454,0.002542663476341695,0.01557568468285037
2290,2,0.08863560905711303,0.06840964092181323,0.009726076857648567,0.27994658014585455
2290,3,0.02230589736864417,0.0211157433507589,0.010198737080056591,0.04152126646274955
2291,1,0.0053226864990328195,0.004744315376012797,0.0015823044212281902,0.012365068871894902
2291,2,0.05583786923439336,0.05208094076620526,0.01139505817518265,0.12287686369030144
2291,3,0.01779478403133751,0.016656303404809333,0.0048638583182423105,0.03746770377808181
2292,1,0.03755315125854495,0.0352858601929739,0.015749481040375136,0.0727254215943054
2292,2,0.021258783051364073,0.019565148070641636,0.007830483949832066,0.04443533100682909
2292,3,0.028495689475767305,0.028114151588525774,0.01966022594293876,0.03945568523767327
2293,1,0.005727200103928203,0.005044199709236422,0.0019976974632493223,0.013399053335317187
2293,2,0.07013118197666106,0.05611067648576068,0.008578697783805826,0.21033689801414496
2293,3,0.018587885353749698,0.017271156551298343,0.007431564304428596,0.03736164397764486
2294,1,0.031819348578842915,0.029156175336339553,0.012083127796218186,0.06688135804461987
2294,2,0.012477986231573987,0.010629101065220588,0.0031287500113727127,0.03232222115572649
2294,3,0.030524374233806474,0.030094150225361407,0.020969763827902665,0.04252653861739547
2295,1,0.0061103260331083495,0.005520545996409517,0.0023112270998691857,0.013392906927329475
2295,2,0.07602934629244545,0.06120559737587383,0.00927525389227806,0.2223205945813926
2295,3,0.019791640633509154,0.018919200247194963,0.008860715998742948,0.035837600865249716
2296,1,0.025057405691404456,0.02254843812294198,0.00893849094499364,0.055750753466674234
2296,2,0.009962256938319015,0.008182655618838115,0.002305368319235866,0.027959651355883748
2296,3,0.023707185702552733,0.02328587905304137,0.016510801148022402,0.03324470674223373
2297,1,0.07057033817250373,0.06934996339964464,0.039914460892722804,0.10848832741478649
2297,2,0.03604732517591548,0.03387424396373005,0.014913045017383796,0.06941346873544924
2297,3,0.047532050848081,0.04618086077066784,0.025722250171559213,0.07719315609906921
2298,1,0.005801362616118267,0.005186143965932264,0.0019499630983333242,0.013222205571052088
2298,2,0.06522372293243507,0.057889130709085024,0.010610287497964705,0.1614011579418939
2298,3,0.019135666398719414,0.018122179785042925,0.006406571051547328,0.037997247660440776
2299,1,0.006197117326341384,0.0055750566362083075,0.002341654443808822,0.013702696658810286
2299,2,0.08035773326166556,0.0614397342978309,0.008648823464992171,0.256040180213343
2299,3,0.0199367443204249,0.018943627052011677,0.00962539208929408,0.03588619976361322
2300,1,0.0057203599786896184,0.005174523814866262,0.0021704869075994874,0.012448783565327453
2300,2,0.06928009707535522,0.05778104281817428,0.009142324399667107,0.19204133537538287
2300,3,0.018621775815311516,0.01786395287272518,0.00785196028676735,0.033790645270114945
2301,1,0.005286547258562736,0.004748936190942824,0.0019965405378369236,0.011683171534928904
2301,2,0.06846127898734582,0.052307331077780864,0.007467164921065481,0.21842436877891191
2301,3,0.01700797095799327,0.016161664047094418,0.008213280595914417,0.030814215331021796
2302,1,0.005485835769087499,0.004980289015468643,0.002142724688715801,0.01181984183766019
2302,2,0.07115019030295454,0.05448438379338925,0.007937422224931063,0.2250286964944219
2302,3,0.017657197609029705,0.016953914486683205,0.008846927610677867,0.030531255299533946
2303,1,0.011487147377733032,0.010236821745692366,0.004071665518321768,0.0263895579006461
2303,2,0.1503672635845393,0.11138790009527323,0.01542590152183344,0.5029264535985583
2303,3,0.03684727223365341,0.034715595623693,0.016762668843838653,0.06917872739193792
2304,1,0.004671070487500893,0.004251238888174136,0.0018487218796477164,0.009956175078473977
2304,2,0.06091905210598932,0.04670026852926844,0.00663029095781973,0.1929278405556299
2304,3,0.01500098347596526,0.01449154359425275,0.00776564305859066,0.025185363416621802
2305,1,0.005948423459502884,0.0053344553698920815,0.00222013607658618,0.013295387270926154
2305,2,0.07945149213134899,0.058164656422662615,0.007956544083301363,0.26892648859561635
2305,3,0.019040370876592307,0.018058564315676488,0.009573781999443007,0.034327795684462606
2306,1,0.007332181546150088,0.006535041012570995,0.0026599869504254515,0.016691708780966655
2306,2,0.09298299607145843,0.0721294241441893,0.010430193950139124,0.2914074818258546
2306,3,0.023757475534492138,0.022235642980470482,0.010311979979886301,0.045942174135203684
2307,1,0.0066141521214505795,0.005932015962047146,0.002457602640911064,0.014741984435345355
2307,2,0.08557873504811928,0.06538968629156162,0.009190728149624332,0.275808972488246
2307,3,0.021276806925816433,0.02018946061862814,0.010047886154179116,0.038977504176749195
2308,1,0.006284840630190317,0.00569037856374911,0.002420327148647893,0.013659904901638067
2308,2,0.08228327833682791,0.06208448680979621,0.008811712295917803,0.2660380354329177
2308,3,0.020167984139566504,0.01930697862895523,0.010167846463881292,0.03509365159141183
2309,1,0.03640625318108602,0.033512028853843086,0.014294529669133757,0.07514060873495595
2309,2,0.020714598432907756,0.018583782253403937,0.007047908703750675,0.04652326583015783
2309,3,0.027191551692651642,0.026815325476994868,0.019319126557202467,0.037255340228100946
2310,1,0.004935298303491964,0.004471352624415768,0.0018798473475086458,0.010711775850092068
2310,2,0.06073810338086993,0.04955813562714906,0.007630950653888704,0.17411938626158432
2310,3,0.016032739030487957,0.015349690309837623,0.00700401015130554,0.02902711089419316
2311,1,0.03434624747940201,0.03163146229381365,0.013490729707100618,0.07079909480490214
2311,2,0.01955748933143491,0.01753408155157271,0.0066154309582683885,0.044241888709561326
2311,3,0.0256113621309035,0.02530603940873099,0.018610328679756483,0.034213883218112605
2312,1,0.02390735548222709,0.021472171462955048,0.008419357460700643,0.05367390924587775
2312,2,0.009516559713961049,0.007782081546651606,0.0021788430498599076,0.02689086755906118
2312,3,0.022619720116746553,0.022138576469802315,0.015418406697028849,0.03267685994230574
2313,1,0.030058757169001034,0.02754328559183062,0.01137017535395179,0.06313695891762226
2313,2,0.011926997491667708,0.010011759664287922,0.002888596968119055,0.03208159089558483
2313,3,0.028782131498335715,0.02837291980944189,0.020226078537289915,0.03962656702204108
2314,1,0.03795861152339026,0.03422715890015196,0.01371500064302055,0.08370293999922977
2314,2,0.02142389947700907,0.01898800347167659,0.006977068538352606,0.04971040762185076
2314,3,0.028202906807695226,0.027206218077895986,0.01804423750011711,0.04404844496923932
2315,1,0.045610452107280874,0.04172677019174201,0.01730844080227789,0.09629674922332453
2315,2,0.02566311785627488,0.023157819931376826,0.00884008158868667,0.05660937784453901
2315,3,0.034033525402689925,0.03334289001793396,0.022640962372737456,0.04938957599528702
2316,1,0.0390747282450291,0.035703814047091456,0.014913264751406748,0.08240984326541595
2316,2,0.022051645438007972,0.019872586821993228,0.007522925430860517,0.04928266567902778
2316,3,0.029268333034898668,0.02851619823475133,0.019155928216596157,0.04385915004428592
2317,1,0.08036149995852732,0.07557882341413003,0.034559547977774364,0.1531321684064873
2317,2,0.03885398731361341,0.03710216499939348,0.017813153322260907,0.06992128111447249
2317,3,0.05112597006661602,0.050330666311051334,0.033207786122445425,0.07347801683415019
2318,1,0.0477380252493848,0.04337247798591136,0.017659238187502306,0.1028902728993672
2318,2,0.026946203709273673,0.024050501739252095,0.00895563447283592,0.061639915257902814
2318,3,0.03551201513198679,0.034651797267629916,0.02327997634822706,0.052754221356700486
2319,1,0.0051339345679358005,0.004421002892155058,0.001800879181737506,0.012749453788162146
2319,2,0.06415004222436106,0.049159271137705726,0.007342750594814255,0.20433965670581403
2319,3,0.016810552336128968,0.01497924622095299,0.00661965417020659,0.03822179162297586
2320,1,0.02217914701717764,0.020978447803797456,0.009571226260055464,0.04141667896543943
2320,2,0.009082696064628677,0.0075687297978849315,0.002166465818379174,0.024718257046786273
2320,3,0.021992409901435885,0.02155536520238243,0.013922015079309742,0.032647833894014565
2321,1,0.013847343604268904,0.010238083110139035,0.002474569826876595,0.04726251899273515
2321,2,0.1450350352713611,0.10589361592978781,0.021776227341482,0.5048580884630179
2321,3,0.04755936912464035,0.035067376492675315,0.007464449718198433,0.16429201985004777
2322,1,0.026928915710650335,0.024983924778055062,0.01064389902712573,0.0540457963470813
2322,2,0.010849376537326098,0.009040047225383901,0.00261015594552997,0.02958503055197142
2322,3,0.026164855182302094,0.025687104139297368,0.017519715049692623,0.03754295898672331
2323,1,0.0075803282446273695,0.006456087346085234,0.002727665898108202,0.019493737398385887
2323,2,0.09749080313343314,0.07127258365657657,0.010656080096623747,0.3403995257184897
2323,3,0.025258591761204062,0.021835830685032726,0.009379614984527503,0.06274593763841645
2324,1,0.004196706131043615,0.0038467108660245677,0.0017738049518632025,0.008448026202659565
2324,2,0.053887981867895854,0.04213491746215956,0.006456592183673352,0.16186193538850172
2324,3,0.013835708361328988,0.013117701558687243,0.006421816031648746,0.02472528572842438
2325,1,0.02891234686450161,0.027021766852563918,0.011650477352844272,0.057170836556915496
2325,2,0.011607957919606126,0.009759003046891507,0.002833952167029072,0.030956659907189366
2325,3,0.02828218932658268,0.027686888407035797,0.018271441242414116,0.04162009326007915
2326,1,0.02750432941051207,0.026017542845802464,0.011825964649990011,0.05136718357089357
2326,2,0.011187766915808854,0.009404543016339889,0.0027210248418183362,0.030019180274289882
2326,3,0.027267568673050465,0.026744038135200876,0.017202805920803046,0.0403914771685351
2327,1,0.014016500436405012,0.013595510922936732,0.006812287044782156,0.023674243083586035
2327,2,0.00589807350340198,0.004862106206708426,0.0013754326889993864,0.016422781312074163
2327,3,0.014205053656308055,0.013994761309179732,0.008601000735510523,0.021087912059976094
2328,1,0.031158403488659885,0.029556310566324136,0.013518376918656223,0.05771633038412389
2328,2,0.012728158487500267,0.010660458569007273,0.003067553255463538,0.03429340758574813
2328,3,0.03085806038027297,0.030374625872674012,0.020010043736508654,0.044414226238831005
2329,1,0.006875301156854128,0.006050880102864676,0.00221660457700946,0.016349925244961948
2329,2,0.07892867696583208,0.06692532319336517,0.0116200421414361,0.2143722896990509
2329,3,0.022702754811288795,0.020884840318564427,0.007337692624269811,0.04843682473109743
2330,1,0.02766304003056475,0.026310951813825853,0.013272354922674296,0.04975175373749369
2330,2,0.016585224073105604,0.014530904166521807,0.0051463937311409125,0.03984193530874407
2330,3,0.021936284826660407,0.021011930092298257,0.011985226977709014,0.037232100885018056
2331,1,0.009093072263458206,0.008021050215984458,0.003039337972579663,0.02134655233879665
2331,2,0.10842031436290865,0.0884065106858827,0.014314079287218817,0.31511890960647737
2331,3,0.030062678184258493,0.027512988156442715,0.010419432541397692,0.06479945685511784
2332,1,0.007226827043018056,0.006493964861840105,0.0027375158559583045,0.015969600304663868
2332,2,0.08959796610732448,0.07185017507252647,0.011222194000279682,0.2682658028923939
2332,3,0.02394035309066235,0.022166908119350806,0.00940744219942049,0.04894285513665934
2333,1,0.0071624064296089696,0.006305528254099592,0.002330225398668081,0.017086198525611277
2333,2,0.08295421884140085,0.06971424830035611,0.011887653389074384,0.2305823021410903
2333,3,0.023775842594775703,0.0216820513500885,0.007614238873563595,0.05245558052866969
2334,1,0.024458481742666904,0.023379798753125264,0.011504078325864859,0.04365777583593614
2334,2,0.010368399428954251,0.008428190068603106,0.002294254677592579,0.030131894590194316
2334,3,0.02493153726117425,0.024110425580564122,0.013634510160691175,0.040951813325902926
2335,1,0.007976858645478506,0.006892903597561716,0.0024213382651682583,0.019833152732463034
2335,2,0.09074743305269649,0.07553450771759809,0.013459865264429924,0.2539906309403898
2335,3,0.026748797268011357,0.023662438586392776,0.007702544170537563,0.06432591797904495
2336,1,0.02894833681783708,0.027391244951208954,0.01240095680529698,0.05438145173444392
2336,2,0.011866932028476463,0.009874178693442112,0.0028107849225455874,0.032553998193264086
2336,3,0.02882693373533159,0.028088632063728195,0.017421290731650278,0.04439206792162429
2337,1,0.023865275112965233,0.022148376835812306,0.010210946964069408,0.047753571747639265
2337,2,0.00992925254944217,0.008028325272935228,0.002204245795828978,0.028640124544159276
2337,3,0.0240909087521005,0.022664369977494193,0.01289786276885881,0.04395602342112626
2338,1,0.02786321181618328,0.02569875565022671,0.013018557672813716,0.055554760984263686
2338,2,0.012029641917432478,0.009435260510693183,0.002386601749162641,0.03704942086732174
2338,3,0.029204602122346456,0.02673839509348213,0.012723758160119798,0.060319835466509854
2339,1,0.02216743378471485,0.02146327137024597,0.010888951593529103,0.03762274882223949
2339,2,0.00937395342372733,0.007693541761281338,0.002134185167331988,0.026327428596959565
2339,3,0.02269134954908808,0.022118266739321976,0.012673722388824802,0.036056621246722216
2340,1,0.007375235257054384,0.006656356749110949,0.002740204659179873,0.016201382739434493
2340,2,0.09002769381744223,0.07374712497316435,0.011750869503910666,0.25869291038353137
2340,3,0.02424198482729063,0.022828015365891206,0.009684729190392862,0.047040648317473434
2341,1,0.02760397481872469,0.02593546686107783,0.011346594732071067,0.0534791629997572
2341,2,0.011067078471090652,0.009372785870212503,0.0027505924904993196,0.029103722377780344
2341,3,0.02704081873895405,0.02660881378357826,0.017970384553794256,0.03860835073548905
2342,1,0.008738085398768067,0.007735549313158476,0.0030002202320746573,0.020373588720404137
2342,2,0.10587999914919076,0.08544621696036135,0.013392836434588119,0.3132418729553077
2342,3,0.028765060177795277,0.02653001473057364,0.010462092637687463,0.06019479515552721
2343,1,0.004298723871370901,0.003936558531644227,0.0015772062633819795,0.0089854996552782
2343,2,0.04952489454622974,0.043249359272834895,0.008075176162655249,0.12349247283463104
2343,3,0.014490592891713975,0.013574079138102834,0.004925233422961628,0.0288002243488563
2344,1,0.025251145292927643,0.02344358810746082,0.009944841627985267,0.050629429340763525
2344,2,0.01011199994044092,0.008484778395668986,0.002447125667496553,0.027118097811114458
2344,3,0.02445802339251487,0.02411415649324372,0.016926793435712514,0.033907681937597314
2345,1,0.028702062224855277,0.02661925244451937,0.012150014935235924,0.05742199389773735
2345,2,0.011766168634082705,0.009720372578359891,0.002676473305730168,0.03264761196596444
2345,3,0.029198297781660082,0.027327255321023695,0.014566582345999937,0.05464114769505039
2346,1,0.026886831417185526,0.02505922824826173,0.010937264897519621,0.05301540302458387
2346,2,0.010986489913752541,0.009070847658622082,0.0025530010958632566,0.030618604485030555
2346,3,0.026586207904874842,0.0256874075751001,0.01587241622354651,0.04255605762493197
2347,1,0.046796086730473786,0.04325066150132034,0.01858225090849149,0.09518678763632703
2347,2,0.027196933491919185,0.023970633086265986,0.008462727476472491,0.06514293086573912
2347,3,0.03617539928888866,0.03448270185052557,0.01926925582606072,0.06290639885855315
2348,1,0.022238125074190096,0.020970983901923604,0.009390597978232504,0.04235115319491913
2348,2,0.00910174987200657,0.007551365006114476,0.0021308435157933367,0.025062500585467565
2348,3,0.022008616676940256,0.021467814065962265,0.013763046757123733,0.03332491229279047
2349,1,0.010669137341420531,0.009579612554529963,0.004044906225311388,0.023623717073706058
2349,2,0.1339200835728207,0.10525997320758664,0.016420407735001457,0.41564269586663927
2349,3,0.035893056265828706,0.03257423786740868,0.01310010904785215,0.07804417354414227
2350,1,0.026813268845996753,0.025059801347506152,0.010917060960372978,0.05294720707055185
2350,2,0.010786752874293658,0.009066232733732249,0.002651563028601899,0.028922605123229025
2350,3,0.02615116360503976,0.025777724843692125,0.017727644691287913,0.03683891792529215
2351,1,0.00485069177050732,0.004530109611065697,0.002126026819094229,0.009402038938292827
2351,2,0.06390746958733205,0.04942122165269182,0.00736061425999748,0.199387309134084
2351,3,0.015925483993973515,0.015413440910595023,0.008059206486421206,0.026628848121849576
2352,1,0.0047348496508669725,0.004252230075796684,0.0016823037329682497,0.010517866399391371
2352,2,0.05599817227502719,0.0465484285035951,0.008293841724094097,0.1584307905929044
2352,3,0.015896918376432936,0.014659451063584444,0.005290913200081418,0.03359130634410694
2353,1,0.009645443488372318,0.008147924896866329,0.0025153587049021563,0.02546647961897595
2353,2,0.10395689009256097,0.08756092624028564,0.01764886211185705,0.28816203540933405
2353,3,0.032729318781919876,0.028038877601351795,0.007711237609078258,0.08537359011145415
2354,1,0.014731633344042127,0.012858695987906916,0.004438886885856372,0.03603545208558577
2354,2,0.1714328201448327,0.1411667324393417,0.023333048335957035,0.4950146920922293
2354,3,0.0488361622621732,0.04420589929356309,0.014820138811347108,0.11056189407231704
2355,1,0.004573305075969228,0.004109265265533936,0.0016901158655187097,0.010177370850987523
2355,2,0.05521569416443773,0.045693265309963836,0.007360419452262276,0.15398215099202903
2355,3,0.014907216230372928,0.014153718357753146,0.0060716791852087094,0.028067159084889666
2356,1,0.008686097519273102,0.008016492239778742,0.0035280936500312163,0.0176921803789772
2356,2,0.10708420173002378,0.0883524610934229,0.014509288553311999,0.30204056198465534
2356,3,0.029177537819545043,0.02738783741049014,0.011431936001551063,0.05739731945885517
2357,1,0.03210790856562917,0.029099311250091103,0.011605549542921896,0.06993530916630929
2357,2,0.012779687098339767,0.010558720563698571,0.002975593536753548,0.03542994015642558
2357,3,0.030745719430243693,0.029904961689055636,0.019778689576726106,0.04656249981359761
2358,1,0.03098060905616506,0.030198987594736854,0.016235925990851826,0.05005349185655227
2358,2,0.01312397732946395,0.010888936952549631,0.003045708581242909,0.03609985366758692
2358,3,0.03208801964550311,0.03128008617870069,0.017344831137843887,0.05156582597291154
2359,1,0.02591538427834583,0.023656049787225582,0.010077572946271098,0.05478963773429839
2359,2,0.010347679843417107,0.008641145904249158,0.002463489963826928,0.028002427888376057
2359,3,0.025704140473222874,0.02410979646797607,0.014121629486623261,0.04685516315764981
2360,1,0.025006787040290614,0.02355528158693989,0.01052546393774471,0.04758410212695958
2360,2,0.010114085436989629,0.008509834475437645,0.0024748272450315655,0.02708544508971198
2360,3,0.024614289945951346,0.02421726029745546,0.016153264978244167,0.03541930493142983
2361,1,0.02211544387087726,0.021362699446907087,0.011086872135134406,0.037548158473593586
2361,2,0.009377969305992278,0.007699464184241081,0.0021306553127970074,0.02633281222059183
2361,3,0.022800650311397393,0.022071457318195813,0.012197505058439792,0.03767080398515389
2362,1,0.024786213465536753,0.023018518111306542,0.010238106486597724,0.049438445657442084
2362,2,0.010304478457371952,0.008331035360963758,0.0022727949891133098,0.03009154991150434
2362,3,0.024788569300462783,0.02351702123358016,0.01379364117362256,0.04330293223739798
2363,1,0.006291828647133551,0.005663959879868745,0.002561667555375892,0.013642952327092762
2363,2,0.0786206102873549,0.06297322027197146,0.010008906499296432,0.23490430488401395
2363,3,0.021166817536328764,0.01930341048009286,0.008335033464663286,0.04505259294509277
2364,1,0.030808353762078203,0.029144877138482978,0.013415518095091943,0.05765831733772885
2364,2,0.017840926359786367,0.016055617074549985,0.0060860018506795266,0.03980864834461008
2364,3,0.02376385097705182,0.023194861014610497,0.014762170573904247,0.03605443906821477
2365,1,0.00278014907310244,0.002530219610831057,0.0010879231896133463,0.005906857490928909
2365,2,0.03499090751425175,0.02794495519891738,0.004258024193750129,0.10428419381424844
2365,3,0.00899518310257062,0.008724935739669936,0.00416175223333711,0.015409280264974741
2366,1,0.002334437817807795,0.0020075604506645775,0.0006148875363747927,0.005995672114653842
2366,2,0.02360557618516698,0.021706199672236456,0.005173655791424331,0.0534499744151463
2366,3,0.00781498367889941,0.007062062466750136,0.0018659763841619799,0.01822972292792741
2367,1,0.0014939311912370863,0.0011747175716023137,0.0002664231139871477,0.0045412170231087295
2367,2,0.012524234754317872,0.01210580904047251,0.00519252584461599,0.022124482608991955
2367,3,0.005170384980266741,0.0040434895190853744,0.000781112929023073,0.015657675962757345
2368,1,0.00260634575857603,0.002351553186452756,0.0008645310521682099,0.005834179074363176
2368,2,0.028480932359167658,0.026144049210288792,0.0051679261256525845,0.0650216430979086
2368,3,0.008627040839029208,0.008287991948456266,0.0027426497541578137,0.016747011601215507
2369,1,0.003865957421580302,0.0034202071272902037,0.0013402408249837225,0.008996544576110455
2369,2,0.04618773403190227,0.03816765484369873,0.006028737658231103,0.13156025560193618
2369,3,0.012600555436362999,0.011769587864466559,0.004771920139018603,0.025340283786431446
2370,1,0.003497677746910665,0.003066005326597578,0.0011422526704809525,0.008397807242523987
2370,2,0.03986593485639256,0.03425453050777305,0.0059177472148178745,0.10577677264435123
2370,3,0.011480969423418743,0.010612617735840813,0.0038199528424826983,0.024121907197933046
2371,1,0.003184037522257742,0.0027112856942568164,0.0008756140213369359,0.00829767378180823
2371,2,0.03442672687637339,0.029529803724701875,0.005801414483730573,0.09321297715931265
2371,3,0.010550432753711987,0.009418271607043727,0.0027987261730315466,0.025380106555493456
2372,1,0.002390192017982687,0.001468535296553808,0.0002629909658859851,0.009894456372187317
2372,2,0.018567087119316986,0.014331243283894518,0.006327151342712447,0.05785053782053818
2372,3,0.008413601326287849,0.005029810234522319,0.0007765699869833796,0.035730061488846075
2373,1,0.0024976350528602485,0.0022624297103512963,0.0009271252491807397,0.005428050565303607
2373,2,0.02929670888531274,0.025219494520535252,0.004278585737050778,0.07671216528447072
2373,3,0.008140674554342359,0.007897469212341317,0.003160372480594488,0.014554716506295298
2374,1,0.0029127810616191457,0.0026356875319534586,0.0011098988095664419,0.006258394314676729
2374,2,0.03723668575724107,0.02894671086468894,0.004258917362962005,0.11652573982747384
2374,3,0.009372901298078325,0.009071089852317724,0.004414182740379495,0.016046592513745853
2375,1,0.001693220748947332,0.0014602235784407188,0.00040491936573460276,0.004332986300799458
2375,2,0.016009065633968804,0.015534280322705828,0.004590291640853645,0.030349308421024672
2375,3,0.005738565607608155,0.005109338162660635,0.0011975822458599442,0.013751980980856017
2376,1,0.0029371169125674136,0.002544117733771133,0.0010608191696940023,0.00702516003496841
2376,2,0.037037163135240664,0.028242775393834095,0.004225764288874024,0.11635798104907162
2376,3,0.009496941610441218,0.008705979860196934,0.004082491317144341,0.01915293438827125
2377,1,0.0055462961522500355,0.004584118020210538,0.0014461931332509458,0.015360010175863923
2377,2,0.06416705629598761,0.05037012376033141,0.007865176924055004,0.1999396682667921
2377,3,0.018172191964694065,0.015688301242754256,0.004983904420338758,0.045965428314107576
2378,1,0.003024962853825666,0.0027054133470379082,0.0011312205316476138,0.006746126036423953
2378,2,0.03655718558834738,0.03029063378055378,0.004842718558650579,0.10215264108388701
2378,3,0.009842321621571544,0.009350965939494508,0.004104495163221283,0.01836138771164303
2379,1,0.0013851838501404156,0.0010530850216834936,0.00022801049842464263,0.004460809459769874
2379,2,0.011053428547883493,0.010753527620027807,0.005385522194193455,0.018415517328480534
2379,3,0.004819187694273159,0.003578283575938224,0.000660068707833824,0.015995225671208764
2380,1,0.016393524624894316,0.01476612956502561,0.005891331266477638,0.036213699709596876
2380,2,0.006484007384526266,0.005404942919517628,0.00154002741289234,0.017729314930332182
2380,3,0.015533131441023102,0.015346344890762705,0.011126310078492354,0.020981586508891682
2381,1,0.006923550720051681,0.005493948513172338,0.0016242830784840593,0.02085548961572653
2381,2,0.0842028633361114,0.05989717751952443,0.008085649737745289,0.3022551651080245
2381,3,0.022510414283139508,0.018697108644208846,0.005959491098960431,0.06169386706336106
2382,1,0.002541522581256794,0.002295631825014522,0.0008995003279486423,0.0056154909003278955
2382,2,0.0288346735957728,0.02565359217646496,0.004641678671005,0.07082750518534635
2382,3,0.008349062462338838,0.008068741586635828,0.0029401826985964133,0.015478722633255077
2383,1,0.0028653114112530127,0.002615588346266041,0.0011477857367724765,0.006022427615982832
2383,2,0.03735336456347866,0.02866561225716692,0.0041630883206782,0.11742635864442379
2383,3,0.009204840897574168,0.008931264987759495,0.0047869808612115445,0.01519708616341353
2384,1,0.001684849497708045,0.0011388737393333106,0.00022317234788723142,0.006382048114167375
2384,2,0.012870884164427304,0.011341157245488884,0.0058675066012235395,0.029561967171576983
2384,3,0.0059131578603675026,0.003867643192757551,0.0006520494198293487,0.02295333429249519
2385,1,0.002830597093925404,0.0025806489279427184,0.001113119336626791,0.0060289143267049025
2385,2,0.03642712435309418,0.02837127682375036,0.004163621869678707,0.11336862360579131
2385,3,0.009128208815261683,0.008858076319350785,0.004471999257624323,0.015337614616510105
2386,1,0.004973140127148959,0.004037659189483858,0.0015372979030769222,0.014114034468073433
2386,2,0.06771059738542701,0.044421766936521265,0.005643667078077003,0.2636058663297804
2386,3,0.01586107610525871,0.013378453886428648,0.006721389255484473,0.04057027912197994
2387,1,0.003103179198475404,0.0026702398231189615,0.0010079756740679691,0.007513537309655327
2387,2,0.03521165037341773,0.029849595867587245,0.0053757034457015485,0.09422090905294178
2387,3,0.010213210987958665,0.009329136509245953,0.0032943497685227123,0.021960462357221915
2388,1,0.0038491052941471283,0.0031048270732110107,0.001240852981438779,0.010342262028932934
2388,2,0.04923756152794204,0.03406453335340346,0.004816587597052068,0.17661197090566821
2388,3,0.01227463738551047,0.010500297164458244,0.00500578444743737,0.029561438921514104
2389,1,0.0025314314912601044,0.002298916940656842,0.0009368663767438746,0.005503739152558777
2389,2,0.029902957790883505,0.025562921987007332,0.004328806166828339,0.07935322975103558
2389,3,0.00827626886812524,0.008034631718242938,0.0032064391352725737,0.014865344548753368
2390,1,0.0029363769175892443,0.0025012651662840914,0.0009509599699298648,0.007393380904407402
2390,2,0.03381657169248152,0.027998565151889292,0.004869801059426608,0.09447723855960072
2390,3,0.009647067150554222,0.008694105374165652,0.003159742014988857,0.021543573954382837
2391,1,0.0025251003347066658,0.002278206987347146,0.0009112128826708595,0.0055921285281020664
2391,2,0.030864430829235904,0.024995671505129997,0.003972393719395429,0.09101335740818357
2391,3,0.008189749540057623,0.007914189950961468,0.003281719124772375,0.01473776070585262
2392,1,0.003004046367861438,0.0025738907473610486,0.0010643530376309865,0.007461202489546749
2392,2,0.037358686088752376,0.028766743567314155,0.004296060314710236,0.11629158298597772
2392,3,0.00971603235544109,0.008770127339559855,0.004035065767906129,0.021080638867943487
2393,1,0.005289371597764758,0.004179885132506785,0.0014877577434841529,0.015873948623285908
2393,2,0.06643817538680803,0.046495983737469104,0.006471524735197953,0.24650695753163018
2393,3,0.017040057401765642,0.014034094254965065,0.005788709027121942,0.047045587307565424
2394,1,0.0026960948209205308,0.0024650430778309406,0.0010836059184375995,0.005673296753689016
2394,2,0.034999081932620676,0.026987452140953397,0.003934933430556996,0.10991159802314515
2394,3,0.00867220176742057,0.008412087594714582,0.004464383954872226,0.01437313452654622
2395,1,0.002881906143563799,0.0025981073745405324,0.001024645824399515,0.00639064803706951
2395,2,0.034451168318538936,0.028706872274905634,0.004711757237958819,0.09667948389882333
2395,3,0.009402145057368017,0.009042091160462992,0.003579093020376352,0.01744994302850934
2396,1,0.003349208004197104,0.002808546705892935,0.0008827987387136776,0.00899124617040487
2396,2,0.03571496466663485,0.03068410858657043,0.006078181214693836,0.09599436120084724
2396,3,0.011108912428809738,0.009777868112152258,0.002796988944102923,0.0275736815753007
2397,1,0.003394738691808403,0.002903626822702745,0.0011859704494821249,0.008475766629921831
2397,2,0.0421048018899478,0.032837884265604925,0.004909849883424725,0.13254414218832855
2397,3,0.011023566611928472,0.009948734898939507,0.004467992169248284,0.02417456242549515
2398,1,0.002799132474604007,0.0025230778264893404,0.0009820950012229045,0.006247393896591728
2398,2,0.03381920368076432,0.027504879684739303,0.004495694608576245,0.09958251980126051
2398,3,0.00911687985044269,0.008775083034743492,0.0034591671136105493,0.016753729131776605
2399,1,0.002788437297112754,0.0018878045699598778,0.0003589650592215542,0.010684309785380623
2399,2,0.02296302168383558,0.018730206732151197,0.007006211402251277,0.06469712704484906
2399,3,0.009659627905724477,0.0064719248780114634,0.001049077288075196,0.037252594782051486
2400,1,0.002704734145942355,0.002447988575979548,0.0009912702531560604,0.005918521545325897
2400,2,0.03246414845182983,0.027253362856341803,0.004417171691241397,0.08962912538930752
2400,3,0.008838262474355884,0.008509427094547965,0.0035149124233418722,0.016069450399715232
2401,1,0.0021514517418247873,0.0018667731066062314,0.0005380771822479302,0.0053932346692547525
2401,2,0.02279163564573573,0.01948672378655492,0.004329693278066599,0.06150147409966328
2401,3,0.007153972685570077,0.006577310129567578,0.0016760501884557904,0.01602581554243664
2402,1,0.004410953620022664,0.003851005855972049,0.0014857849020187932,0.010589293301032057
2402,2,0.056858033627640206,0.04231767000720115,0.005970373446746542,0.18914617570922643
2402,3,0.014239521932150348,0.013070405641661384,0.005928511474165252,0.02934829599335823
2403,1,0.003589726769782781,0.0031290478224156146,0.001281778700620917,0.00860359439882708
2403,2,0.04388348351441385,0.034939695745546624,0.005401988393119795,0.1319321047777091
2403,3,0.011653876107116004,0.01072015300550345,0.004733350042577428,0.02436714071700277
2404,1,0.004551796993812531,0.0038449353455214203,0.0014496818727686728,0.011840593190105591
2404,2,0.05558994210532422,0.04283783793819578,0.006357527927830901,0.17867488021792569
2404,3,0.014779635266103205,0.01309368746721697,0.005343371563217063,0.03438809897893173
2405,1,0.020909726100412623,0.01864427153285231,0.007222071381194413,0.04781178371425407
2405,2,0.008266768979196034,0.006792906630512064,0.0018849088295058885,0.023197200283202237
2405,3,0.019818395012493693,0.01912853188452085,0.012772415806922757,0.030899845366062297
2406,1,0.001714931488141258,0.0014474005806187394,0.0003822951038136622,0.004561586525060484
2406,2,0.015656682488561918,0.01522059766317525,0.00497024135530429,0.02890372813335994
2406,3,0.005811641069618678,0.00501489298476885,0.0011168594187905532,0.014614613426283823
2407,1,0.02768224107141549,0.02397929453070835,0.008769807810704675,0.06800172298324887
2407,2,0.010984390869941258,0.008788431707396554,0.002345689987442224,0.0326800642412024
2407,3,0.026203554174361002,0.024596249675530563,0.015002680510171632,0.0466896178415278
2408,1,0.0032743212841764378,0.0029756895360969343,0.0012764242640629154,0.007021005167055332
2408,2,0.043841082000982204,0.032044127130665394,0.004451020339474103,0.1501275381845887
2408,3,0.010461822226599988,0.010118311824594817,0.005588562389524398,0.017242005970137475
2409,1,0.0069317440118865,0.005192022484426912,0.0013865151359631193,0.022849872063013334
2409,2,0.07956057289502476,0.056360647395745644,0.00799076597749908,0.28886515496405524
2409,3,0.02270870589807309,0.017664969738396635,0.004785106366842442,0.07056692586095731
2410,1,0.021980389924032045,0.019470336606759182,0.007510036987818824,0.05121939765541036
2410,2,0.008668859912769165,0.007097934834062935,0.0019759971441442046,0.024471901654182285
2410,3,0.0208777914016538,0.0198280043600382,0.013178020117045391,0.03495105690381163
2411,1,0.0014869830630212743,0.00112505359111467,0.00024193696800326042,0.004797231224210966
2411,2,0.012023456258765533,0.011549772466207264,0.005442587984037746,0.021240301374247515
2411,3,0.0051612608371866,0.003855524645548488,0.0007024608998966999,0.016840479595096422
2412,1,0.0033002141221906214,0.002992010573855254,0.0012838579930479932,0.00709269427437356
2412,2,0.04557585102860084,0.03177182052764348,0.00427303686267893,0.16451936351040536
2412,3,0.010474388364068948,0.010136420575407042,0.005957645567317631,0.01690662666695658
2413,1,0.023103735483819082,0.021052937853499223,0.008593471983522808,0.04918488034506675
2413,2,0.009146733640299172,0.007660068483592245,0.00220726055324655,0.02476541987135476
2413,3,0.02217878263271014,0.021676514922220738,0.01472580510609146,0.03262751966973443
2414,1,0.0033529396699998352,0.0026763614295300764,0.0007959821476939136,0.010017214711371979
2414,2,0.03478047002429593,0.028927095712593495,0.006138772057792285,0.10077140002198148
2414,3,0.011175606257436875,0.009322692413083922,0.0024720649099019554,0.03184112040592118
2415,1,0.0031004445816772168,0.0017406411860936264,0.0002698169305675586,0.014177657184483543
2415,2,0.02175604942607306,0.017629319800424162,0.006969741183686107,0.06125229163112178
2415,3,0.011128206465187734,0.005879580515857878,0.0007970094318945391,0.053656968714627724
2416,1,0.026058081957088162,0.02339789520366581,0.009206302987638379,0.05813468988250322
2416,2,0.010108950759826714,0.008590094870662904,0.002487931330344879,0.02641534638744066
2416,3,0.024727211880402163,0.024190835329364772,0.016328714633887,0.03618698972505328
2417,1,0.0033640154427003487,0.0028676097035522955,0.0011875319925385834,0.008280090082146845
2417,2,0.04232439668490441,0.032076690838110475,0.0046820964585221805,0.13265084301834218
2417,3,0.010887487423373811,0.009755826266335076,0.00457643939302494,0.023505269424640506
2418,1,0.006818662119395967,0.005187744938125804,0.0015252743773899063,0.022015071374738217
2418,2,0.082092716738075,0.05605995562103353,0.008037211467896474,0.3148893497257662
2418,3,0.022186664565160892,0.017571491104849034,0.005487490125884644,0.06674838774781176
2419,1,0.0017121070174207936,0.001456174476928081,0.0003860271888409491,0.004535026834033651
2419,2,0.015764391527883552,0.015368488580495079,0.004934632440431693,0.029102924368909884
2419,3,0.005820416127885165,0.005064183637397996,0.0011313115367772013,0.014483236289582771
2420,1,0.00280520283590696,0.0025449938074661293,0.0011060998110821803,0.005982753214637406
2420,2,0.037041712864593984,0.027693796765794563,0.003974112106646804,0.1221495856461027
2420,3,0.008986827547043328,0.008705784966949444,0.004666484827612878,0.014916446738600932
2421,1,0.003617387183499713,0.003106775643297353,0.0012756767534962917,0.008941762063423361
2421,2,0.046176705925059056,0.03423764843825375,0.0049748531283790925,0.15307721722904302
2421,3,0.011658390570339384,0.01056041357636737,0.0050093832031964,0.025017411032074506
2422,1,0.0026406574633575128,0.002393373042474004,0.0009691915378413088,0.005775056298631399
2422,2,0.03132216458929269,0.026578946520569486,0.004465260149722835,0.0848897624153264
2422,3,0.008601050855097271,0.008314749936231054,0.0033615374780699985,0.015458486717120575
2423,1,0.00322714253637047,0.0029332900229755007,0.001239694070600784,0.006929218494429846
2423,2,0.04237144119812678,0.03148116468060759,0.00447533652429079,0.141649957363995
2423,3,0.01037411104906719,0.01001794462984852,0.005219434174272572,0.0175255696971471
2424,1,0.0025713257176894137,0.0015810307307060163,0.00026523320145070033,0.011003630631966698
2424,2,0.01842569710242869,0.016461305595685552,0.006764922919614429,0.04202639468510552
2424,3,0.009190217454336345,0.005349170128520079,0.000779240349017632,0.04124270971907229
2425,1,0.0032343648995907,0.0026339500536828537,0.0008640617750472864,0.009071731800220752
2425,2,0.03467591439975018,0.028932490807769704,0.005717997412544325,0.09915847436490054
2425,3,0.010727594241989304,0.00917075239388437,0.0027142993473161106,0.02841238976137424
2426,1,0.030578748017572724,0.02617319725629517,0.009299305997849061,0.07808243390582927
2426,2,0.01212115104051714,0.009538066090296268,0.002470087681370763,0.03713349874212706
2426,3,0.0289036999595338,0.026636974842385187,0.015646460865145043,0.0554618356190792
2427,1,0.015736975866341364,0.014009297688546373,0.005573060716574821,0.03596898093407148
2427,2,0.006200064562976286,0.0051036340540289785,0.0014614102528813786,0.01716319106899534
2427,3,0.014912410304556454,0.014325903251494443,0.010241017912348245,0.022964189300161184
2428,1,0.002291132440783582,0.0020602299097291312,0.0007069440158423472,0.005243962904628594
2428,2,0.024650317919252842,0.022512674722346644,0.004663053117831587,0.057526070202270733
2428,3,0.007597714572279877,0.007244788239795923,0.002210823229103924,0.015174284528925558
2429,1,0.0033569941337717223,0.002998935442610676,0.0011917657595304108,0.007614772398732039
2429,2,0.03952585633081961,0.03350987508256518,0.0055437301571626615,0.10657572174497791
2429,3,0.010970597885842148,0.01038663730954156,0.004143689401010063,0.021291652540979575
2430,1,0.002908181701716154,0.0019141586667589978,0.0003549654413690739,0.011459043901077147
2430,2,0.023222995572344002,0.018769240899238027,0.008038956462594386,0.06599461934107995
2430,3,0.010200764481212442,0.006557581787619615,0.0010551682522341509,0.0407626811834269
2431,1,0.028996924694754872,0.026043613765466947,0.010177454162110569,0.06489460153921991
2431,2,0.011494277657976263,0.00946661329816665,0.0026438134859786155,0.03215763366394817
2431,3,0.027613429242128687,0.026755960741677562,0.017732405605210756,0.042405025213417234
2432,1,0.004787326206872196,0.00417913529607593,0.0014376441629078017,0.011630339597459485
2432,2,0.052367293666996294,0.04607954071199223,0.008838148365833583,0.13267189225521056
2432,3,0.015841804826290013,0.014559063753489716,0.0045740799971370006,0.03465569912938139
2433,1,0.013207066152881641,0.01118982453975898,0.003943647839685107,0.03418485348429864
2433,2,0.1705418139760987,0.12301593067278394,0.01627134833523305,0.5990448513411062
2433,3,0.04254597899684311,0.037844744718436255,0.015714095644784414,0.09663154968979254
2434,1,0.003743759397450563,0.003270245120048191,0.0013678004869329813,0.008747726589484221
2434,2,0.04640859360105725,0.036447791774707444,0.005514391623013526,0.14105876847671686
2434,3,0.01216961917931322,0.011209105271177345,0.005042367316525398,0.02460247747560547
2435,1,0.023736060288530526,0.021513711283565322,0.008571968556370735,0.0519681875357316
2435,2,0.009440192188793833,0.007802482710907464,0.0022205922290277212,0.02625024906532882
2435,3,0.022557105783679136,0.022176872832762547,0.015712658319358728,0.03158808442574421
2436,1,0.02439801281686082,0.02218571440430174,0.008971065794020742,0.052531622468927563
2436,2,0.009671977629318559,0.0080648900962793,0.00231708654833881,0.026322013691301563
2436,3,0.02333096855021398,0.022810195036096725,0.015698789440594003,0.033972169392986536
2437,1,0.025406820263449245,0.022469097144351136,0.008524546012441531,0.05956136876995918
2437,2,0.010089743080742999,0.008178837869159555,0.0022287764429727744,0.0290847653112661
2437,3,0.024001042264612887,0.023016950868613693,0.015153483539837156,0.03872703236184669
2438,1,0.022984731996260922,0.020587403066344816,0.008511233593617717,0.05102187024925773
2438,2,0.01311867169750471,0.011403968450789326,0.0041716595751549596,0.03196218463432245
2438,3,0.01712596790668019,0.0162020307727505,0.011561874880047675,0.028648760923882414
2439,1,0.007274642816156748,0.006344517073427671,0.002470833478861678,0.01747852374639698
2439,2,0.09163764824174433,0.07007342274969475,0.010109632023487736,0.29339873239983455
2439,3,0.02359321145777417,0.021550992178084392,0.009437879930333333,0.04971660549045211
2440,1,0.03683600666874351,0.0329989525390804,0.01278610438019761,0.08359843583522608
2440,2,0.014693441499741198,0.01196021978143475,0.003310124423423343,0.04202926681698976
2440,3,0.03494609729047147,0.03396799368909188,0.022566589835658027,0.05284968665136359
2441,1,0.032470292564766065,0.02943658915357157,0.012133488808739669,0.07008479277960808
2441,2,0.018370296802146326,0.016402757857006522,0.006072256480056037,0.04217143559714175
2441,3,0.024209715801145847,0.023424258021664646,0.01586254002921312,0.03713455842531113
2442,1,0.031323695135839526,0.027848233762169113,0.010754073130280133,0.07238798974819867
2442,2,0.012680191498082635,0.010077222396679235,0.0026568290168159144,0.037949911778724706
2442,3,0.030199268345982896,0.028413673314522263,0.017020066896144017,0.05381055592806485
2443,1,0.003589671478426314,0.0032475067675823994,0.0014128797729182452,0.007716258323030366
2443,2,0.046622795624290767,0.03576407837289752,0.005106164221091783,0.14643986601970937
2443,3,0.011540226144689943,0.011071252942232667,0.005869656006714823,0.019898200705764205
2444,1,0.005817743206355215,0.004987883437797089,0.0019220662353814702,0.014655754428736857
2444,2,0.08028162703366402,0.05389949050957876,0.006782790298395277,0.30641094760748594
2444,3,0.018501241724083236,0.01666331206934048,0.008522584254901943,0.03975295432847279
2445,1,0.007782916791193898,0.006772107092558224,0.0025990562347970067,0.018850967430914117
2445,2,0.10086525596374396,0.0741747838551656,0.010175686449263812,0.3424189225026181
2445,3,0.025049313070694374,0.022875985888670496,0.010522432154803625,0.05223675353876592
2446,1,0.004549707780987034,0.0040779254214589,0.0016497184149146665,0.010203822566694293
2446,2,0.054750348012092484,0.04547127710458878,0.007270972690331718,0.1545723277828994
2446,3,0.014833949523064258,0.01404460372533536,0.00588907071073288,0.02824373380680138
2447,1,0.015447805582339245,0.014203098058280045,0.006031918841903299,0.03156415054853547
2447,2,0.00612530725535202,0.005160567396031399,0.001523049134677749,0.01615758726540978
2447,3,0.014967654474157543,0.014560625346230587,0.010168550633389388,0.021438335658299366
2448,1,0.007877048455574067,0.0070126487329767295,0.0028173791894289518,0.018048570285872274
2448,2,0.10354744791746849,0.07648690623246654,0.010560871445659033,0.34663365606472835
2448,3,0.02527255168186156,0.02374678373900318,0.01175577133131246,0.04774039801632876
2449,1,0.08614375466168078,0.08339864449775103,0.04298502205117835,0.14522183716928005
2449,2,0.04332126121948164,0.04059672242556678,0.018151773987475646,0.08379675391624918
2449,3,0.05642966772815776,0.055309408795339896,0.034449134150530955,0.08450244603673474
2450,1,0.005242271525127811,0.004526798612787708,0.0017486924390076716,0.012974440344392633
2450,2,0.0659682762510973,0.05010391023247572,0.007263254832799607,0.21569874162017985
2450,3,0.016963713224214534,0.015346392291314539,0.006773690224316561,0.03693005018407867
2451,1,0.015261604359795441,0.012841684908778316,0.004209088532003681,0.04045441840678401
2451,2,0.18009039517197115,0.14059393285759042,0.021585572919853163,0.5625270719439497
2451,3,0.04988265588816259,0.04395201482339092,0.014832415006908012,0.11964682795267274
2452,1,0.023194072572165474,0.021426175085688847,0.009188991619427942,0.047449297225866785
2452,2,0.013240476356903846,0.011828454725664007,0.004456079939767542,0.030125379379237836
2452,3,0.017376767656351662,0.017051350545882055,0.012292644623701585,0.024379899618286755
2453,1,0.00724247060854917,0.006353025653624322,0.0024496197982248396,0.01717804890158596
2453,2,0.08897624136631441,0.07029924860818934,0.010721800726083724,0.27267119982665916
2453,3,0.023603960842899677,0.02172104490046371,0.00899339371157748,0.04935748047804529
2454,1,0.024663727265276734,0.023473508947375266,0.0115392854187794,0.04455646957727778
2454,2,0.01457384772581838,0.01294414253214134,0.00478771738138363,0.03378406982547712
2454,3,0.019293156596172475,0.01867463022106579,0.011692114132083709,0.030542761554451247
2455,1,0.008015869816736973,0.006898168801820441,0.0025982287739829495,0.019929809885180436
2455,2,0.10210698864117049,0.07637888227688507,0.010587288936484255,0.3402706295646638
2455,3,0.02585173538005057,0.02340301961746625,0.010222609502519268,0.05587103854896336
2456,1,0.004001941297089434,0.003555278217677465,0.0014712705520568672,0.009145901285966965
2456,2,0.04931924983552583,0.039692097094708674,0.006030049032041112,0.14507467252348707
2456,3,0.012982669755340657,0.012175971050430582,0.005499911264703368,0.025151006264940774
2457,1,0.019070732181303545,0.017703576266105636,0.007538397558542857,0.03831080612854795
2457,2,0.007679368527814121,0.006408084768954008,0.0018360881693498083,0.020947873505824742
2457,3,0.018527690084958956,0.018172192379378692,0.012441522528439155,0.026699842977193806
2458,1,0.004719319234518448,0.004167903838632184,0.0016982692019322273,0.010931812915825841
2458,2,0.05862626160100625,0.04634494791803109,0.006929544366402692,0.17912731449636882
2458,3,0.01532187406258942,0.014238832181442201,0.006390473074716158,0.030731422880496972
2459,1,0.02399512515825446,0.021070349562096635,0.007940238449114343,0.05715595781850164
2459,2,0.009576600139529448,0.0076525991279637415,0.0020631454114395254,0.028397953828222137
2459,3,0.02268525291177679,0.02144366329710999,0.013948635322167667,0.03886484322562902
2460,1,0.00579625255794174,0.005211674833975085,0.002181887328669414,0.012840782754490075
2460,2,0.07330464717836294,0.0576468121870107,0.008451325893232694,0.22394883708280214
2460,3,0.01872248078422675,0.017780131561533845,0.00852172316205998,0.034113400910385776
2461,1,0.003985467385094175,0.0035672245105623653,0.0014943660947188326,0.008987481471610652
2461,2,0.05136621650439465,0.03926170784073648,0.005608041028940648,0.16356128406156514
2461,3,0.012828545025497629,0.012105679460603053,0.00608957946217537,0.023922216745496026
2462,1,0.027654954304607814,0.024621149468831857,0.00947512832327368,0.06344121055388274
2462,2,0.010791306026798462,0.008998851015040762,0.0025510717279045507,0.02940099376961256
2462,3,0.026312852267886853,0.025267296065007452,0.016255160682287325,0.04263306270342443
2463,1,0.027664034791273315,0.025976903677710023,0.01138506549727751,0.05324874531664877
2463,2,0.011170044332298587,0.00937896139091297,0.0027449083123584662,0.0300126549096687
2463,3,0.027098094919269282,0.02667914179826656,0.01810735399257563,0.03840505751843711
2464,1,0.019192206804763145,0.016453077195536698,0.005764105929931767,0.04844047686964881
2464,2,0.25972792623516794,0.17691368430986382,0.022377236815457148,0.978949576786455
2464,3,0.06124949540174477,0.05564309041971742,0.02404347658146864,0.13167234592214286
2465,1,0.0071350280736520765,0.006363636361046859,0.0025592029479096657,0.016307400548027498
2465,2,0.08626846512785749,0.07064825805946716,0.011365517190367772,0.2511706998819765
2465,3,0.023651665026658837,0.021772771729977818,0.008590830872396777,0.04976143353416925
2466,1,0.003213383583981744,0.002894968071004693,0.0012716757911431602,0.006932087201580351
2466,2,0.041883936663743716,0.031784025234871345,0.004585371693939315,0.13320495553130096
2466,3,0.010342866348988056,0.009860796534986496,0.005267906026063426,0.017793961091422096
2467,1,0.024791183511350425,0.02192219157011413,0.00832365955085431,0.0581682182381964
2467,2,0.009885068080808359,0.007935110506538268,0.0021539707695811534,0.02901493168295202
2467,3,0.02346808159229527,0.022383401218374774,0.014680516100820802,0.038742555756212625
2468,1,0.006446181689392127,0.005780047753508594,0.002325014706790107,0.014488373873501735
2468,2,0.07696114574414549,0.06389600560595207,0.010824523606989449,0.21753021276722698
2468,3,0.02152942693183066,0.019808277770748534,0.007579622830007961,0.045590850575399744
2469,1,0.004592816721232824,0.0039847268716045915,0.001634858871918747,0.011155715793447714
2469,2,0.059316918980099526,0.044008044968674484,0.006210570564815651,0.19808156461261894
2469,3,0.014812215893114105,0.013428740869195252,0.006557863578522904,0.03136440790181958
2470,1,0.00480959444472691,0.004327145774700747,0.0018206493910018072,0.010631214065191588
2470,2,0.06110511179336591,0.04782278391219777,0.007035803624293853,0.18915101929795727
2470,3,0.015558082697908919,0.014747986067179784,0.007150561186108785,0.028685405463772934
2471,1,0.027422159972803402,0.024721353163270756,0.010295181203174226,0.060094918637450236
2471,2,0.015702482205681052,0.013679614357856192,0.0049739441280957425,0.038087250170443857
2471,3,0.020573098854465652,0.01943520242924975,0.013248164210172358,0.034876854551392944
2472,1,0.0053513962985308906,0.004238229487187971,0.0016025680132660501,0.01595779047274759
2472,2,0.07049099455151697,0.04708780899266732,0.006236496056466958,0.2679591293778893
2472,3,0.017188927805726714,0.014062883084081584,0.006623503199825403,0.04752908161387858
2473,1,0.0037522321305481217,0.003329095293653943,0.0013594431010986495,0.008591824518556621
2473,2,0.04569089146591349,0.037179102092246445,0.00574629287060224,0.13270362036477584
2473,3,0.012189969549081001,0.011459979574921134,0.004944698363608519,0.023816457237515742
2474,1,0.005026415783833683,0.004226718560442215,0.0016389200205433945,0.013177469663008262
2474,2,0.06289106048969706,0.04721594305683148,0.006780808961569508,0.20893497207037554
2474,3,0.0162574681781423,0.01433010886051651,0.006330744594242853,0.03827298647471035
2475,1,0.019617892951266647,0.017664015799724292,0.006997107897559662,0.04329793445093186
2475,2,0.00776103785358433,0.006428381840345951,0.0018116967074891794,0.021448900145792083
2475,3,0.018592938250140533,0.01818752324387959,0.012848880617956006,0.02666854961467689
2476,1,0.004010173535527533,0.003462523312939278,0.0014261944908152855,0.009761286440431588
2476,2,0.04934415701597046,0.038719403632939284,0.005945194610527093,0.1519762839725926
2476,3,0.013042254819911682,0.011850365358321839,0.005254279203451814,0.028133719732959903
2477,1,0.028556966475475506,0.026266429465802,0.010874558607275084,0.05906473817378695
2477,2,0.011373465050704676,0.009531354134031056,0.0027660018428060755,0.030709803174971077
2477,3,0.027470462850593198,0.02707706784946462,0.0191626340589489,0.03814576278928679
2478,1,0.005557834409906129,0.004781041609319118,0.0016129915665492659,0.014001981326150504
2478,2,0.06110088386230816,0.05236538774678144,0.010078079436804454,0.16395728719660843
2478,3,0.018539672623142236,0.016570567058941874,0.005097672115522704,0.044149154380068036
2479,1,0.007832965478857451,0.007050641791783728,0.0028132834298695906,0.017416311911706336
2479,2,0.09399134171157786,0.07820750502985116,0.01283488074730954,0.26532772522823284
2479,3,0.02591338009090702,0.024183893212996802,0.009528149266629423,0.0524146710769368
2480,1,0.005883708797589992,0.005248951205305321,0.0021459123998667697,0.013275210909169005
2480,2,0.07413643929625895,0.05817377058285116,0.008535417064269987,0.22907340713354996
2480,3,0.019011175051662516,0.017912126013831513,0.008398541516506541,0.036009389632381844
2481,1,0.002816511240808758,0.0025657299677526997,0.0011071583073343845,0.0059654751911678355
2481,2,0.03514711667350607,0.028434372296861618,0.0043478500183255515,0.10232552742300365
2481,3,0.00911553407503856,0.00884801112281235,0.0042079885677052285,0.015524018233284743
2482,1,0.005007922107355252,0.004425444652288349,0.0017414484366424631,0.011666635724204646
2482,2,0.060780223176469875,0.04910500909378784,0.007636157530079583,0.17983908151541175
2482,3,0.016300321222624592,0.015156398625198207,0.006374829585339331,0.03308961217466548
2483,1,0.030483712013797234,0.026888618827226797,0.010139434505627482,0.07158370038743267
2483,2,0.012010127064067797,0.009792653573224792,0.0026878680732566637,0.034252633178034675
2483,3,0.028914173081160174,0.027535235429764122,0.017336682984548612,0.04860945744894543
2484,1,0.007984319401611796,0.007072721414285232,0.002776889411561379,0.018432485453276044
2484,2,0.0976633614618095,0.07848276060942397,0.011969651343941972,0.28886975907818596
2484,3,0.025933005869292088,0.024237325874407672,0.01029023473289194,0.051497803346638026
2485,1,0.005123858270053301,0.004582660730168772,0.0019061027014149034,0.011452942927329178
2485,2,0.06686946902365004,0.05040580530978091,0.0071289031954643745,0.2184836757558328
2485,3,0.016493835350032054,0.015530048940015162,0.007826771050119188,0.030708659236343812
2486,1,0.041542000871469434,0.03686659052086667,0.014360770750539603,0.09579308569424201
2486,2,0.023370355780141558,0.020552901088698818,0.007344576047415658,0.05599491189806389
2486,3,0.030900668683158477,0.029308570369980448,0.018174648423633925,0.052772525909331416
2487,1,0.01740542852621352,0.016769586752214093,0.008279691677236758,0.03022100304445233
2487,2,0.007279498676298213,0.006018479703348056,0.0017053781467124096,0.020191832758291756
2487,3,0.017652211622714773,0.017236162958816945,0.010369191966289593,0.027415002509496838
2488,1,0.02396306786993745,0.021362825867918142,0.008295839166585415,0.05458363440593825
2488,2,0.009525650331112984,0.00776878829299193,0.0021443740281290465,0.027111064708446184
2488,3,0.02276129321727199,0.02188783483632319,0.01458275238409567,0.03595984027910171
2489,1,0.00429111986111676,0.0037852963740059595,0.0014857304516922188,0.010056618677546855
2489,2,0.051286798848043866,0.04217319951695103,0.00668712686620469,0.1470554566831606
2489,3,0.014001110994029493,0.013007343544184303,0.005308112932351543,0.028511804338239
2490,1,0.023136334408717183,0.02162431578902583,0.009586465952969936,0.045400298025823474
2490,2,0.013258399879140998,0.011966129434885479,0.004599264809700881,0.029520824053602936
2490,3,0.017555360467051154,0.017186324000753456,0.011965994209964258,0.025300271516734727
2491,1,0.007230449945558576,0.006090346655130121,0.0022271855575254898,0.018913041657488226
2491,2,0.08999698010153591,0.06764204017275731,0.009662675802642752,0.30249738624084377
2491,3,0.023417251592989557,0.02065942913179964,0.00846136972018762,0.054540535101531826
2492,1,0.005511520062959075,0.0048637378775377065,0.0018752433390768555,0.012952483554222611
2492,2,0.0654894267748602,0.05418873710408281,0.00860189105200169,0.18661144504939742
2492,3,0.017988429743805358,0.016728625810122643,0.0066169080461046526,0.03675849287740248
2493,1,0.02020077176699662,0.01905953293368195,0.008481023903733818,0.0385113732549271
2493,2,0.008138951179287557,0.006887801330498922,0.0020147046419072196,0.021495712037224626
2493,3,0.01991585364108896,0.019553028406402023,0.012881863278363085,0.029039628028579848
2494,1,0.005360346737142266,0.004263726530856694,0.0016200650023513708,0.015828613618993376
2494,2,0.06863086069250728,0.04776915103182753,0.00653013619571519,0.2535399126668035
2494,3,0.017310422023892123,0.014256610258599227,0.006363748607750461,0.04725637426239108
2495,1,0.016720337597769613,0.015103764899904028,0.006176193958013787,0.03629347695586595
2495,2,0.006757346292554885,0.0054616453388242475,0.001538023367518806,0.019556061507593998
2495,3,0.016049769137907944,0.015385744277987261,0.01090567746943372,0.02514921538185908
2496,1,0.0038391351254307613,0.003372935908801719,0.0013557830351411968,0.009073038648927603
2496,2,0.04574011646401103,0.037572846746567364,0.006096459819260118,0.1308477406627943
2496,3,0.012559858142703889,0.011628683364893429,0.004706502925690038,0.02606994806428334
2497,1,0.0054641551217799005,0.0048895638416199035,0.0020081217054547756,0.012261625259099181
2497,2,0.07373123398344601,0.05297592042276206,0.007121245023820307,0.2571574049310166
2497,3,0.017465688602893718,0.0164810224098018,0.008709298433939095,0.031946535292707134
2498,1,0.006015877699351463,0.005250431855886293,0.0020036910698902613,0.014530467592289044
2498,2,0.07425270760732203,0.0579338279211945,0.008600793491600445,0.23296851979997568
2498,3,0.019510590184551733,0.01791011026238813,0.007387530587375226,0.04089688678101007
2499,1,0.006085938456065669,0.004603565930782557,0.0017009916795261708,0.01981403944158812
2499,2,0.0786767197505693,0.05153680124374025,0.006836567078109471,0.30834111883362303
2499,3,0.01962097032425159,0.015271753890678662,0.006861513249105915,0.05994460699386278
2500,1,0.020425863712417464,0.018267367562641044,0.007153753745964715,0.0461803320931104
2500,2,0.008080001457758492,0.0066412741892012996,0.0018557808749686037,0.022602018905405728
2500,3,0.019359129799851642,0.01870831172450394,0.012903332264631159,0.029583367939342093
2501,1,0.006810695416343348,0.006058163141837885,0.0023709221088035444,0.015597695010490364
2501,2,0.08098445137745187,0.06745774477219899,0.010926561930618703,0.22629664927160686
2501,3,0.022220453526387657,0.020893204103249408,0.00842195493555661,0.04350467847407811
2502,1,0.004576833453802656,0.003973212303740232,0.0015223668020535209,0.011110820184752073
2502,2,0.05430614163837979,0.044304802336408586,0.007085107319598292,0.15801227200053816
2502,3,0.014934467505441928,0.013687349442294099,0.005317879565295758,0.03213979277512963
2503,1,0.0192119224007245,0.0173388345347052,0.006947510972693439,0.04219067656780315
2503,2,0.007653678643958191,0.0062901655245237035,0.0017684012916120385,0.021291530937778455
2503,3,0.018251656743270093,0.01784909087786639,0.012613009306956616,0.02620050936865385
2504,1,0.03424446330683644,0.03162270752950272,0.013505044026318677,0.07021807067149034
2504,2,0.019440559937295498,0.017518656551687654,0.0066958748527153585,0.043247050154312086
2504,3,0.025822707544992673,0.02513463285543381,0.01685377846463195,0.03870763145356243
2505,1,0.033422808552007015,0.031589634272934125,0.014476073333321156,0.06275527901551253
2505,2,0.01909329740559312,0.01750740175732029,0.0068813589378568735,0.040369292674953726
2505,3,0.025656205710233727,0.02517318221419424,0.016610552497960562,0.037385271488619344
2506,1,0.006544198380140357,0.005708143218518333,0.002225763820821014,0.01586199670905728
2506,2,0.08616520995942908,0.062445776226571284,0.008364923980120521,0.2983006070938301
2506,3,0.020978167545835563,0.01921648023323603,0.009287014739546762,0.0429612394950312
2507,1,0.016967909931199388,0.015019939833871874,0.005872812468151812,0.03937741568939955
2507,2,0.006711833836134673,0.00547218359980035,0.0015350073392972213,0.01896646747197526
2507,3,0.01603426451200795,0.015348088855920011,0.010932076256851353,0.025248198303884768
2508,1,0.0062202131860819914,0.005588442833031923,0.002161485901925912,0.014012018704450617
2508,2,0.07129987211459902,0.062257692298536005,0.010822097053418252,0.18131454471725203
2508,3,0.020398558836756397,0.01950172332777455,0.00724237887404122,0.03919036865622227
2509,1,0.04727728813717412,0.04657205555664409,0.029024002765047033,0.06952728302473395
2509,2,0.024764569494856777,0.02279558571792019,0.009352305014791257,0.0513456116291539
2509,3,0.0323175258712123,0.03121574742662562,0.016476469183908955,0.05443112850022772
2510,1,0.025866297117848196,0.023143236736382737,0.00937887913708048,0.0582480913327069
2510,2,0.014631135700523022,0.012865830557132571,0.0047036024097970395,0.03482648260870265
2510,3,0.019256285501587686,0.01819897995001209,0.01253276800725393,0.032617468232161134
2511,1,0.015686879930869247,0.013988869266971047,0.005577678186418971,0.035486676603433784
2511,2,0.006245267233204757,0.005074539324129694,0.0014325086120119035,0.017789296523069834
2511,3,0.014892808199748654,0.014314895072585626,0.010316138287161025,0.022480415714167853
2512,1,0.029575901362170903,0.026713508094832722,0.010603209083134743,0.06511228952252447
2512,2,0.01178918294457121,0.009668657404820098,0.002744681869135707,0.033326954740595105
2512,3,0.028063221650859418,0.027551144167939606,0.019338681386388633,0.03963455413284668
2513,1,0.02847747441054403,0.026523244026217294,0.011670105168917439,0.056668569742799386
2513,2,0.01621880718564512,0.014701709831742989,0.005658108218569824,0.03569319703271044
2513,3,0.021515142718455286,0.021136437449354666,0.014782112945307785,0.03039156778427766
2514,1,0.02283008443189246,0.02170767335256113,0.010218596529311372,0.04187582298039473
2514,2,0.013344239386755146,0.011930984960492061,0.004494960798582161,0.030294062859729833
2514,3,0.017603581305993078,0.01722046943157271,0.011566255647019751,0.025753131273588102
2515,1,0.04839335735895168,0.04185222494543349,0.016477443794428934,0.11970170550593937
2515,2,0.028124697354180075,0.023263256342807487,0.007634349678710367,0.07759862762865492
2515,3,0.037063732957114334,0.033020606196154476,0.017682551806594185,0.08046584371311469
2516,1,0.021605753195709926,0.01886670105013672,0.007144898364783814,0.05221128661046789
2516,2,0.0085605333750059,0.0068881295072052385,0.0018806945304768795,0.025145413186809486
2516,3,0.02041990967394855,0.019130105177153307,0.012846039833377556,0.035738575933327486
2517,1,0.03271275217626135,0.02745968289738195,0.009552363347390826,0.08715980560894056
2517,2,0.013003573779852218,0.010030254083465018,0.0025409865650635024,0.04102310123584884
2517,3,0.03094342969486325,0.02782292239853447,0.0158545540945263,0.06463000847874886
2518,1,0.016817256879372584,0.013851166634515898,0.004490721721893083,0.0465979878465141
2518,2,0.21651329473534484,0.15119962386528518,0.019385233405815,0.7875610964304586
2518,3,0.05412543057187147,0.04675230570610563,0.017549783713317793,0.13338369833289052
2519,1,0.003921052843264587,0.003469250183064539,0.001317085521866417,0.009116236415074976
2519,2,0.044976235614954965,0.038671286114458935,0.006660422888932332,0.1191589536517095
2519,3,0.012873270842549987,0.01204567554722895,0.004408245900890571,0.026325838737645515
2520,1,0.03555184148179293,0.032085800809806136,0.012621634914190598,0.0788525271407154
2520,2,0.014091853660873496,0.011659976913984545,0.003285465572392244,0.039034691338664655
2520,3,0.03387096730027486,0.03301992968821095,0.022046968005262707,0.05064547744617056
2521,1,0.007904134750412744,0.006635368580756763,0.0023363754524517327,0.020876698243082928
2521,2,0.0943721838563438,0.07389348663556577,0.011075066149567991,0.29666994877742436
2521,3,0.0258111526531456,0.022669585502153297,0.008263447118995905,0.06173516278656976
2522,1,0.0047315702179135275,0.004245519834880742,0.0017814426124634127,0.010493408675165074
2522,2,0.05947486085669827,0.04707747021847599,0.007028565786095673,0.18029499325438023
2522,3,0.015325212747011041,0.014514142676761708,0.006859964494176341,0.028519763795182486
2523,1,0.00835645144104103,0.007371726430593772,0.002874533917294894,0.019490359861259424
2523,2,0.10472207392459032,0.08158152393902492,0.01188599942457492,0.3273538852500262
2523,3,0.02703811076324935,0.02513360889818296,0.011084740458054156,0.05408498983897418
2524,1,0.029085259890783633,0.0268282372577293,0.011425046865385365,0.05959140387096933
2524,2,0.016356779707322956,0.014917405258950368,0.005795998689605772,0.035178405755201814
2524,3,0.021779384535093687,0.021436291445401927,0.015100896850922908,0.030370824625120675
2525,1,0.038047560400577725,0.03519371804125839,0.015047984535072742,0.07764550257849838
2525,2,0.021651945692434327,0.019498975534274404,0.007387093238443529,0.04824876034392068
2525,3,0.02871227738899065,0.028026240175879,0.018830461925928355,0.04261494189275855
2526,1,0.004718858554187585,0.004104256743111462,0.0012151596761718708,0.01188487097019023
2526,2,0.047595058331414246,0.04393400771827178,0.01061633260736929,0.10713061438889854
2526,3,0.015936860832177897,0.014297226973507458,0.003661392564374818,0.038021794064986326
2527,1,0.005692263451524423,0.004590696405431824,0.0010972583494331123,0.016784017742522042
2527,2,0.05315588440143084,0.047519511779025296,0.013405135466767934,0.12607565269944793
2527,3,0.019293107681911968,0.015857481000360205,0.0032786840981220934,0.05492253711201343
2528,1,0.003081905044548999,0.002709303677591851,0.0008576714420303138,0.007542017467975536
2528,2,0.03166963132443253,0.029406673585626687,0.0067613342531980545,0.07021853978696196
2528,3,0.010334040781030781,0.009476882411569527,0.0025840027468067646,0.02309089563115971
2529,1,0.020837917039299606,0.0180591126852378,0.006896046950128637,0.05085370525186596
2529,2,0.008100527480642291,0.006638880523750017,0.001879851946764835,0.022684524166255878
2529,3,0.019774594594139945,0.01826772840184691,0.012130611320941205,0.03714053512604021
2530,1,0.014649922392642328,0.013268564990055036,0.005332855523847769,0.03201604236241748
2530,2,0.005779041557376131,0.004827241154575905,0.001398661607579209,0.015664679746054268
2530,3,0.013888127130771874,0.013724127298839928,0.010036286153820797,0.01866140988671504
2531,1,0.014828186665773761,0.013391768473809797,0.005304606995766884,0.03294723132730539
2531,2,0.005906712441018038,0.004896667751711027,0.0013829990179996085,0.016239837260855306
2531,3,0.01416840938386069,0.013941164724433748,0.009673743641979319,0.019882751634427046
2532,1,0.0227232099557145,0.020552959102224575,0.008246630576440213,0.049509432521202115
2532,2,0.012040832416741008,0.011548271136194837,0.005461272081341994,0.021435485154655955
2532,3,0.01703466413749472,0.016616973666675913,0.009752938901024898,0.026722706395703493
2533,1,0.07291138516790167,0.06622824699910808,0.02648942807588777,0.15857515489778273
2533,2,0.04100554215833114,0.03675173443718887,0.013557646971781835,0.09296826627408623
2533,3,0.05541360689770259,0.0525434795212021,0.029814352087145606,0.09717657234546133
2534,1,0.003444959088784926,0.002535798401136433,0.0005996973730855378,0.011905605737720378
2534,2,0.03394986135773552,0.025949845905185766,0.006347324193448015,0.11232805443151353
2534,3,0.011573736535642445,0.008799726282749125,0.0018425913939134936,0.03858313868889992
2535,1,0.041517205124612065,0.03682510104058374,0.014367517409591274,0.09623133194367885
2535,2,0.023044046414123123,0.020543325775260413,0.007690839832557143,0.05299536226211148
2535,3,0.03099111240118062,0.0291806540751358,0.017783295978013963,0.05490896068642388
2536,1,0.05358134928686215,0.04897476964678604,0.019764139129409355,0.11392302057494846
2536,2,0.029087219018390016,0.027279456755236447,0.011716482914077115,0.05636593486999407
2536,3,0.040525484102307156,0.03923235412695382,0.022732872859545183,0.06566752359691021
2537,1,0.005682125153096494,0.004138955031996811,0.0011672705290522154,0.019735113018871837
2537,2,0.062334441251323786,0.04471145533115366,0.007891975276665651,0.22607275426105727
2537,3,0.01881519083630318,0.014145641729457691,0.0037956137926517222,0.06330264950785817
2538,1,0.003281563571357778,0.002761282697927893,0.0007149274850285198,0.008841579567683193
2538,2,0.030420331432480473,0.028962330664096595,0.009067317067585746,0.06073902559162495
2538,3,0.011176826645140078,0.009620710549272334,0.002109899416839699,0.028850175199628597
2539,1,0.026134013771996093,0.024888123223188632,0.011507890315540514,0.047810639561272225
2539,2,0.010447782786491153,0.009031859946543886,0.0027191991530001614,0.02618696847745866
2539,3,0.026089542716683276,0.025587453319417624,0.015902592892824693,0.039034060272554814
2540,1,0.07272531185410673,0.0684826838422391,0.031144209664416986,0.13861639022454939
2540,2,0.034673178668433176,0.033614707189782225,0.017408485782894303,0.05806704264658324
2540,3,0.04644493035092625,0.04567698855956209,0.02854749917276566,0.06874544305594868
2541,1,0.006663749677692823,0.00559840618077205,0.0017696951995254005,0.017860278104592862
2541,2,0.07250838102212431,0.061102473790362044,0.011430621134832859,0.20003650787294572
2541,3,0.02202482671692447,0.01937719885295424,0.005660301806316676,0.054064285845368314
2542,1,0.0025873990863402576,0.0022264155437930174,0.0006236017061264451,0.006671005091596273
2542,2,0.026813213400254336,0.020893748261318595,0.004015330394633891,0.08671640064203316
2542,3,0.008430639746755753,0.007899981787718537,0.0020173986045471676,0.018202235045603272
2543,1,0.023512778822270257,0.021026819779476957,0.008159826100782959,0.05318112390118082
2543,2,0.009083618574737334,0.007696022897397183,0.0022311839353519086,0.02382982896572373
2543,3,0.022318328979155425,0.021569571090938565,0.014342443491554925,0.034639415816882194
2544,1,0.021982478024813394,0.020776935538345212,0.00941112727616596,0.04172337672696559
2544,2,0.009021747983563883,0.007475118754575368,0.002126626845720028,0.024749272902659998
2544,3,0.021842142959721405,0.021263582402241625,0.013454056629358372,0.03363105054983259
2545,1,0.035001279411509,0.03310449790655128,0.015061023646565362,0.06541061020458405
2545,2,0.01965159628923384,0.018407838327840112,0.007638305538979267,0.03871346144950241
2545,3,0.027046423369044677,0.026398671993019672,0.016264992649338974,0.04160644728113671
2546,1,0.024799582712540777,0.022986573196467526,0.009699896960140886,0.05040441093190439
2546,2,0.00969484431837207,0.008376506173844124,0.0025255901790261527,0.02416303371139333
2546,3,0.02405704323270315,0.023657146152632202,0.01594423213416505,0.03439955020208309
2547,1,0.0024065255134053023,0.0021331462861167503,0.0006723255095047822,0.005706211674788944
2547,2,0.024820831543475693,0.023095931819360954,0.005293118888902295,0.05491351358251155
2547,3,0.00803159941901176,0.007508622808220854,0.0020586564197314235,0.017078548420994745
2548,1,0.003204124071217647,0.0028839734494833626,0.0011357057417622789,0.0071485625099951275
2548,2,0.03878082601163796,0.031690303746623134,0.005134225585298489,0.11329795096100426
2548,3,0.010441169107068968,0.009987342222135508,0.004015138332600496,0.019442471914987894
2549,1,0.001812535900268729,0.0014796310682205064,0.0003482350355840684,0.005184136861255616
2549,2,0.016006041904573252,0.015232943448582371,0.00553183395092971,0.030927140395627852
2549,3,0.006219143814658854,0.0051129022980256796,0.001026784002925625,0.017422775987058197
2550,1,0.004024618656996249,0.003478819094982896,0.0011575190192302039,0.010116256787167427
2550,2,0.042993341357832206,0.03825616260096665,0.007721139579825201,0.10673183218410288
2550,3,0.013375551059069492,0.012159752539294015,0.0036085137587200584,0.03052693274798719
2551,1,0.0314115150722569,0.027548346905610376,0.01061396087278504,0.07515815215049013
2551,2,0.012474616198812787,0.010052531585359965,0.002724770089460578,0.03622049409559577
2551,3,0.03050722848823148,0.0278776333057129,0.016113923318815303,0.0601324380900928
2552,1,0.003260093099984664,0.002890401344166609,0.0010318944228205947,0.007654955099469881
2552,2,0.03541100924267848,0.03209410530732609,0.006298630773293056,0.08418358723186577
2552,3,0.010791851831554003,0.01014169390122186,0.0032539564789645314,0.022234948180693836
2553,1,0.02664803267924116,0.024407317408068632,0.010158905760326254,0.05612453051813224
2553,2,0.01445588671317359,0.013634508611439642,0.00600003637714154,0.027636670304167173
2553,3,0.020130866774815064,0.019546795858674186,0.011929713878009474,0.031948586917698335
2554,1,0.0030953901474988143,0.0025195632184531274,0.000697675705225443,0.008887677372611943
2554,2,0.030555996786419053,0.026650562446501807,0.0066463153417722,0.07790018726083714
2554,3,0.01040658657141989,0.008809628163986585,0.0021188957233951623,0.028271460765030048
2555,1,0.02169275603042828,0.0192048659977395,0.007399013440854525,0.05039652315946376
2555,2,0.008492095702580313,0.0070157629259845165,0.0019679281888259014,0.023473411321058426
2555,3,0.02055892623357206,0.019685625278379183,0.013141689515477206,0.03314923479381003
2556,1,0.02765471436147417,0.02477038162260338,0.009418551568173984,0.062104677459010216
2556,2,0.00999582826946928,0.009241612480355932,0.0031592531300232854,0.02099249186920323
2556,3,0.026336227211659433,0.026016745965503563,0.015077797257454036,0.0394705111178744
2557,1,0.004453137489783824,0.0035474617021285706,0.0009207387026828531,0.013383877240463663
2557,2,0.0437731794643248,0.037248457223405404,0.00920976270153921,0.11887605073946637
2557,3,0.015054090710804383,0.01233509902959233,0.0027842908038717335,0.04363146176991855
2558,1,0.02590596738171347,0.020934447507980646,0.007332897081769336,0.07446944272573733
2558,2,0.010272913104642812,0.00768885766709535,0.0019605325362199123,0.033979782364070066
2558,3,0.02454847179205085,0.020759788729861214,0.01248733411052057,0.059761586818943904
2559,1,0.004753008640718292,0.00429081795936449,0.001779911468902398,0.010412005678218187
2559,2,0.058128202217956185,0.047550950638528114,0.007460685125277665,0.1659723246577731
2559,3,0.015532245135277416,0.014713161860700872,0.006468396018052625,0.029414101488339325
2560,1,0.0017022270222781927,0.0014163918162518802,0.0003522078416947237,0.00469890498334817
2560,2,0.015281141629543147,0.014784528826043013,0.005163978256171423,0.028410558782580732
2560,3,0.005821981759202997,0.004916121384894221,0.0010353345805571028,0.01554807335547443
2561,1,0.019836731956194717,0.018363248964236755,0.008006376860679383,0.03994427607234479
2561,2,0.011109672330469838,0.010217113523954196,0.004141613900911885,0.02320980617227285
2561,3,0.015004544843754642,0.014595543863845505,0.00995083333561052,0.02240374316974888
2562,1,0.0036573663928628963,0.003203888126792307,0.0010151860903519474,0.008950862529619102
2562,2,0.0377735313685695,0.034968769686308555,0.007860758717689712,0.08496084671154829
2562,3,0.012248743019167141,0.011247085410555573,0.003111810497346667,0.027471536908873825
2563,1,0.0024250166084559613,0.002079252548351621,0.000547405822265478,0.006291651535677474
2563,2,0.022962362178574867,0.021674531667059318,0.006467042768319149,0.047050431586196595
2563,3,0.0082363973953603,0.007230885619606569,0.0016254219500862889,0.0202571115080943
2564,1,0.031092832129773974,0.026735363538002033,0.009641885774748745,0.07833363393165525
2564,2,0.012278508304674612,0.009770548115506428,0.0025744390919018438,0.036723294142072024
2564,3,0.02938405258457628,0.02726063170616357,0.01640972451648858,0.0549001216199309
2565,1,0.017574923768802986,0.016262112630612016,0.006705668299955938,0.03585706441418373
2565,2,0.00660941914031289,0.0060006844301880025,0.001965805324056233,0.01468359302674326
2565,3,0.017180176102595552,0.01687520042587099,0.009878896308037663,0.026252081133935512
2566,1,0.0023788841993587205,0.0021510392731224383,0.0008354548067175754,0.005265210981347999
2566,2,0.027210264432959992,0.023842768281308692,0.004303334010182537,0.06886607074905683
2566,3,0.007814712833357529,0.00752899272878319,0.002755248009973097,0.014692168935772392
2567,1,0.0034377736472995563,0.0028410654003291503,0.000962338066614282,0.009521919358485047
2567,2,0.037677084381369665,0.031295863304395044,0.006058324581997412,0.10731035210791309
2567,3,0.011380293502554444,0.009855423365276643,0.003055382359714387,0.02930627845035224
2568,1,0.05966152621006405,0.056497540338006066,0.026405021895917823,0.11084489883516879
2568,2,0.028894097759254465,0.027681026057752536,0.013507072537070767,0.05111316067972999
2568,3,0.03816837715130358,0.037592713178344686,0.024487596709398065,0.05526000019288561
2569,1,0.0018356639592972289,0.0015576901127840822,0.0003898664781423035,0.004844233607074972
2569,2,0.017192351041104247,0.016018682078831354,0.0050497573410747,0.036245746529804154
2569,3,0.0062604738533668,0.005421542038790646,0.0011567919306173491,0.01589637291054474
2570,1,0.0030166354969134433,0.002562943784874054,0.0007801060435361048,0.007890248446763285
2570,2,0.030860299855554375,0.027671779421203378,0.0064669273411831875,0.07458394157727004
2570,3,0.010135919378187737,0.008966228768551757,0.002378250382574128,0.024681964765395928
2571,1,0.03247845213596806,0.029793046481730017,0.01260441799728123,0.06757399453474959
2571,2,0.01795000004409396,0.016670210922558288,0.006819085425162973,0.03630348608012818
2571,3,0.02430514494883689,0.02389354332230098,0.016179870238864764,0.03481031111767125
2572,1,0.0028344340005939743,0.0024517873822389536,0.0007400970885983064,0.007189024002522565
2572,2,0.028654496342460326,0.026424315267633877,0.006257790702565744,0.06476631683635148
2572,3,0.009505958778777272,0.008580957696097308,0.002240784703585552,0.022187923073941313
2573,1,0.0037570064463893545,0.0028596381661833304,0.0008965733064826333,0.012059489875744315
2573,2,0.041690689402952556,0.031217873011852415,0.00566854105645741,0.14223698671079987
2573,3,0.012419319344632326,0.009876608650327943,0.002885064286969363,0.03841507943589591
2574,1,0.00445746051647384,0.0038830561852860462,0.0012639313417406658,0.010982453473761013
2574,2,0.0476920887668025,0.042561565357990896,0.008589232947046445,0.11780661919115983
2574,3,0.014805746341627873,0.013552838916434811,0.004013461494504679,0.033025512959329796
2575,1,0.024312309521160973,0.02265301550343623,0.009725568567943918,0.04844992100911544
2575,2,0.00955092204380849,0.008245652518859083,0.002470530695423979,0.024010701112561678
2575,3,0.02377379542769171,0.023247265733420758,0.015152427403937237,0.03532274474760137
2576,1,0.004930250033060441,0.003223087373698363,0.0007307066116023161,0.019833392324836753
2576,2,0.04972769168266662,0.03269777636392489,0.0074359049311880955,0.19938444798432672
2576,3,0.01666221023997075,0.011215143592539764,0.002235230640785302,0.06512511787626243
2577,1,0.004962028081540746,0.003552627109218109,0.000707006756212248,0.017626736876752213
2577,2,0.043544552299679726,0.03552701421763636,0.0112766200353669,0.1240744461020182
2577,3,0.017038016348378083,0.012255872017881357,0.002110466025520456,0.06091499796665801
2578,1,0.001814954779639916,0.001364450119905681,0.0002785695774887189,0.005904696466053559
2578,2,0.014861661003442642,0.013827907427033844,0.005989431148119047,0.02970506548317396
2578,3,0.00630348209310386,0.004676809599649224,0.000814840974295285,0.020783352012432824
2579,1,0.016329976929408525,0.014822161437164924,0.006012326722733012,0.035250073280266137
2579,2,0.0062247884806812806,0.005462797856767003,0.0016820074029801348,0.015050749146093625
2579,3,0.015589415452054587,0.015413149147741655,0.010363878207002485,0.0218918604210621
2580,1,0.002207599463342464,0.0016975898408268385,0.0003487946080977775,0.0069373841024865735
2580,2,0.01885554941280494,0.017361428122671534,0.006145178365619236,0.04001859811221565
2580,3,0.007613310945578337,0.005847007682845846,0.0010311974088872105,0.02406446211101014
2581,1,0.0017989800568603807,0.0015104032203034918,0.0003774216071450624,0.004877853342580466
2581,2,0.016635134119150765,0.015665890599134494,0.005002792967751357,0.034073766738723955
2581,3,0.006111218454368211,0.005260517123011834,0.0011168482054890827,0.01568014280847432
2582,1,0.06824370777877302,0.06599472491008289,0.03321242169657445,0.11581331463155382
2582,2,0.03355553234024766,0.0322103591559156,0.015748458384581842,0.05882759048049188
2582,3,0.04476229851694951,0.043805739915844556,0.026375092293595147,0.06866576856999813
2583,1,0.0036312092513856296,0.0029200888482681974,0.0007016634227797002,0.010707849219223393
2583,2,0.033482798806554755,0.03007043168010548,0.009267321926558152,0.07832741580401255
2583,3,0.012416267373154249,0.010083830398907728,0.0020856650130120775,0.03595954150853883
2584,1,0.002282207296048955,0.0018664644445180569,0.00044955433698408876,0.006475606204380959
2584,2,0.02040973116554687,0.019304327808849726,0.006696352086619048,0.04059523948861018
2584,3,0.007814236719660896,0.006459776209452668,0.0013250608827127773,0.021608688897418783
2585,1,0.0055057845188457655,0.0045529239689404526,0.0016021645302802207,0.015180363703216864
2585,2,0.06424514079884774,0.050524458713429726,0.00816978478748217,0.20304473982477608
2585,3,0.018070672683985885,0.015543638465321986,0.005489521178334104,0.046155965245899475
2586,1,0.03764612773819562,0.03539223227194527,0.015871317790799182,0.071995099526037
2586,2,0.02094503877824797,0.019723619467567323,0.008377897265439898,0.04046364852887784
2586,3,0.028721528368967988,0.028317914709763074,0.018565311893426903,0.0411846919211647
2587,1,0.004369360262568222,0.003644925833792833,0.0009593146816202399,0.01208387355235557
2587,2,0.04185456672641064,0.038213342667076405,0.010484467879127218,0.0949183657867791
2587,3,0.014793931106639931,0.012669728065527578,0.002854979388788011,0.039027964882839085
2588,1,0.003693185694692346,0.0025435550018571853,0.0006879645658162262,0.013786828465821856
2588,2,0.03778415085582116,0.026738124554005975,0.005962117261700154,0.14051879538894105
2588,3,0.012313952451855362,0.008841802047243986,0.00211680850941576,0.04489549751154636
2589,1,0.0063646129153730495,0.0040189754206490826,0.0006688287428698895,0.026047697653380483
2589,2,0.04968639874320079,0.040223283863127346,0.014164340642011535,0.14104594819102617
2589,3,0.02229666962791868,0.01367946845740601,0.0019635501700324166,0.09466365123021131
2590,1,0.0035757255197496297,0.0029532535009850207,0.0012080874183570875,0.00924273528653377
2590,2,0.04525902922558484,0.03282772811414085,0.004803150888330033,0.15066062936962094
2590,3,0.01156378741571866,0.0100336167090583,0.004693834199888972,0.02676263425054944
2591,1,0.002016100263390127,0.001749025649672009,0.0004937574308234674,0.005067163666227718
2591,2,0.019512958294252602,0.018617848710857223,0.005125048576188288,0.03960718535596621
2591,3,0.006801330374158809,0.006140293706388791,0.001473099670345061,0.015810198763036857
2592,1,0.004280590950056133,0.003691583065971275,0.0012471049963692247,0.01081036368644944
2592,2,0.046557972694187114,0.04076094001587858,0.00781825226525263,0.12063195623143078
2592,3,0.014185159417558236,0.012818552841132742,0.003960271152717604,0.032604272887904275
2593,1,0.037855961215134876,0.0343587581348488,0.013438857487440285,0.08230110765639032
2593,2,0.01408203989789031,0.012693503811700181,0.004118073892289834,0.03169987608355033
2593,3,0.03649915796637434,0.03559166272698685,0.02090174104784981,0.057205139604969236
2594,1,0.0031872134600522,0.002809517692796018,0.00099855870756006,0.00757073362865463
2594,2,0.03841077332035543,0.030169286051958694,0.004694409674344459,0.12017526171129018
2594,3,0.01036942868704134,0.009758142628115533,0.0035884775251626656,0.02072926897503309
2595,1,0.0259976084327935,0.024532306639915215,0.011196070181476702,0.04906235320816666
2595,2,0.014693203814418234,0.013623034433332336,0.005562745515555277,0.029923955554811556
2595,3,0.019924102140197093,0.019554637062135657,0.012910459013582686,0.02905401208712888
2596,1,0.0333065932469747,0.030229152681436663,0.011484028266918599,0.07256479737401941
2596,2,0.011929829833573881,0.011249854989615643,0.0040576097407745365,0.02361318560736263
2596,3,0.032102825725207354,0.03170560732294536,0.017149343863565338,0.04930884554134251
2597,1,0.0049627042477656536,0.004218104395797831,0.0013043865736426855,0.013046562834161108
2597,2,0.05205219281641167,0.04595122195906455,0.009508203912392378,0.13174060558754097
2597,3,0.016507694761084313,0.014682208475803853,0.004103661594586997,0.03994182328349223
2598,1,0.03685802422812314,0.03391008745781474,0.014114332418749662,0.07715892110227898
2598,2,0.0147108747197082,0.01231614459928802,0.003479736083283809,0.03968515628274766
2598,3,0.0364183752017272,0.03466651803997406,0.02002665244199426,0.06313220443709736
2599,1,0.004911651611267357,0.004347376993560021,0.0016356094689456192,0.011409473088297508
2599,2,0.056377130805210875,0.04838363718653073,0.00838776481386013,0.14900478718200447
2599,3,0.01615658952568309,0.01510266255673796,0.005462015157612084,0.03344670767688401
2600,1,0.004708130102117105,0.00411040933887366,0.001448732085995724,0.011431686667629021
2600,2,0.05220463712287126,0.04557695097546037,0.008367436241740137,0.13490181250485134
2600,3,0.015548015245299737,0.014325992930906186,0.004682978417484358,0.03375112633162852
2601,1,0.01070537085991719,0.008343262567006744,0.0021693796091098645,0.03318054005339854
2601,2,0.11165957815406928,0.08888095331167511,0.0170217141814948,0.34267093984820685
2601,3,0.03564115290346624,0.02876715092963593,0.006860730669291917,0.10488016918674475
2602,1,0.002503164127611037,0.0019847936675001406,0.0005563567069549367,0.007258236154200119
2602,2,0.02476315728618878,0.02100623178961275,0.005339894301036051,0.06548184234279428
2602,3,0.008401427698948508,0.006949666521723987,0.0016795659234365328,0.023048758511571
2603,1,0.0027299777123292596,0.0023753646807047114,0.000765110310120894,0.006749533201397463
2603,2,0.030172185894693455,0.025673774745212343,0.004888131841725901,0.08275644277906564
2603,3,0.008998832863121224,0.008346656317982804,0.002453527425636234,0.019427746018899246
2604,1,0.02751671428886056,0.02636979778388914,0.012253157405697502,0.04918895676728433
2604,2,0.015280038882245798,0.014658539627365137,0.006601619841435222,0.027463658687951555
2604,3,0.021522363581748867,0.021027915711277045,0.012225977389595978,0.03367679606939797
2605,1,0.0054884228348992875,0.004178069968881306,0.0012527809926659765,0.017674469484093975
2605,2,0.05993117253881242,0.04565046916728495,0.008170543463458324,0.1996878422953604
2605,3,0.01818750784650018,0.014388563516880282,0.00401171126082564,0.05591292967543252
2606,1,0.0030837518701141335,0.0026744532134459964,0.0008712308541231085,0.0076687909370828896
2606,2,0.03247939582144459,0.02919368407673951,0.0063305508475727515,0.07860094642452957
2606,3,0.010313451918096307,0.009350898583296519,0.0026891598478962285,0.02368775675955328
2607,1,0.00249061451436589,0.001922943912068093,0.00043496606629793,0.007829810410620119
2607,2,0.021371254620566132,0.019523805186389593,0.0075946029419029825,0.04617439561586047
2607,3,0.008585794064474867,0.0066249660419688315,0.0012646816317645848,0.026670598179601077
2608,1,0.001816646329414839,0.001617214501842684,0.0005375064681755407,0.004259470364788883
2608,2,0.019025128745181558,0.017753183169190695,0.003875884882801096,0.0419747559689757
2608,3,0.006047642024617137,0.0056983432731643425,0.0016579392084871234,0.012500904196170686
2609,1,0.04264172289055779,0.040152458759112296,0.018024345213658925,0.08164580899181269
2609,2,0.023983528555309816,0.0222819453264893,0.009102106990503603,0.04850074192947388
2609,3,0.0326074324100677,0.031994347059193844,0.02087173104617848,0.04773652187853808
2610,1,0.019070503889462163,0.017703343522347422,0.007460314439435247,0.03876363820619231
2610,2,0.007420839286976649,0.006466128340480729,0.0019664200466894717,0.01829791062248411
2610,3,0.018625495754591402,0.018218074193547144,0.011385419354873732,0.02814554695226812
2611,1,0.0037225513007886337,0.0032143244476657796,0.0011174487890370577,0.009270747939550086
2611,2,0.04110024429901251,0.03559938202382514,0.006645807782776769,0.10910603377248326
2611,3,0.012295560506981312,0.011187953695573138,0.0036225318700170883,0.02789203117597877
2612,1,0.0018884196794060682,0.0015640491376801133,0.00037319760571715403,0.005301607918798353
2612,2,0.017845649169011508,0.015892688807216636,0.004754195121500096,0.04220265197350349
2612,3,0.00639647957021867,0.005469545475154689,0.0010945700354310385,0.01677753404428001
2613,1,0.019931042950449986,0.017120278559508435,0.006706305271751469,0.0489045256916189
2613,2,0.007746638800583556,0.0063101936584526045,0.001799255501588448,0.021827295266872073
2613,3,0.019070077582679354,0.017336777330965614,0.011398817553303103,0.03785824830519522
2614,1,0.0032134850213048015,0.0026447222411359666,0.0007091991707961486,0.009081203722898301
2614,2,0.03122187894674901,0.027816782287702173,0.007250078665211386,0.0765646054195277
2614,3,0.01084762290491877,0.00922051253152662,0.0021188850721037987,0.029319322894668952
2615,1,0.0033106061970842667,0.002899670297145109,0.0009946730151457815,0.008029623473707831
2615,2,0.03578809993013955,0.03202783087412936,0.00640840585333446,0.08758317748361016
2615,3,0.010978488487650036,0.010148026683381047,0.00314142378878876,0.02387048636328954
2616,1,0.02933654983627638,0.02666330053625672,0.010753665606780973,0.06330031065104388
2616,2,0.011523563055198425,0.009738858019940125,0.002819768727740919,0.030509074289755203
2616,3,0.028078520056795283,0.02748318937591964,0.018630275932540092,0.04092388125789948
2617,1,0.028514382985095926,0.026655879452892987,0.011623193008803184,0.05583594598792273
2617,2,0.011394613737039804,0.009693526103771746,0.002863072238023089,0.029748435464033572
2617,3,0.02814776038999218,0.02735503563353965,0.017184402102174246,0.04360920774731637
2618,1,0.004583900319596309,0.003939067229251501,0.001134603086859762,0.011800698635430252
2618,2,0.04566291320295045,0.04218991512213921,0.010394938240410136,0.10243323866109696
2618,3,0.015447638753036497,0.013717410606964787,0.00341342077538872,0.03745152505441014
2619,1,0.03443870193293153,0.032007421205670766,0.013716094903572498,0.0693219561375486
2619,2,0.01903556567727662,0.017811551938831428,0.007536229584914096,0.03755658545360268
2619,3,0.026190221890909856,0.025551713492582312,0.0159232603757673,0.04005760145597451
2620,1,0.004027619995850435,0.0032720249122501583,0.0008382358503879844,0.01171673829383899
2620,2,0.03850166710147737,0.034131643320962454,0.009253603819871689,0.0948715387335784
2620,3,0.013628954256089879,0.011334340095825225,0.0024963796795113924,0.03826860073703051
2621,1,0.0020351446409349484,0.001760695348264753,0.0004906176720941859,0.005157468915503452
2621,2,0.019667750986488715,0.018619838281517812,0.005250837957923587,0.040341486609947054
2621,3,0.006881602668996051,0.006175019485515992,0.0014646077536378834,0.016234320894314733
2622,1,0.004649947977362182,0.0038136602846185566,0.0013528346305484793,0.012976780154491349
2622,2,0.05332580221296692,0.04256748631212595,0.007139543573079129,0.16458508479546893
2622,3,0.015262566575953724,0.013093984390760687,0.004550873451838606,0.03974051750878886
2623,1,0.0018471676588519967,0.0016069960856161401,0.0004571812276325173,0.004633931951566628
2623,2,0.018038476361012655,0.017123372328544207,0.004651700207992699,0.03704913898575354
2623,3,0.006239214959097211,0.005649512226114348,0.0013654128631020094,0.014502756286108387
2624,1,0.004654558851096511,0.0035057998963108168,0.0009927662533642727,0.015213486569403805
2624,2,0.04866837527874381,0.03750999102758783,0.00772525652097008,0.16116928379549492
2624,3,0.015541661249770054,0.012093508803299003,0.0031086420348591143,0.04956794933762672
2625,1,0.027923731627709905,0.02508341957985409,0.009821632201934218,0.06257926417755585
2625,2,0.011151897233559693,0.009125021059705907,0.002519082219504795,0.03184615310098981
2625,3,0.02673455797034616,0.025702847601482823,0.016572979592850364,0.04281399272167119
2626,1,0.06176326271010141,0.059434518296824425,0.029305574023946155,0.10731571491154464
2626,2,0.030097228800915463,0.029092611075171235,0.01459569817402794,0.051361209016120686
2626,3,0.04034157477288611,0.039457924705793,0.02379075171781618,0.06192478799572437
2627,1,0.02994529283914864,0.027912339895156537,0.0120619390375349,0.05919543998915028
2627,2,0.0120849204768711,0.010102151033835632,0.002892567448124004,0.032705281565903466
2627,3,0.02950079632696251,0.028630133987645693,0.017949021196498285,0.046087716490518925
2628,1,0.0022980741869072004,0.002018177432432036,0.0005803606967697362,0.005637378053511757
2628,2,0.022815356639780394,0.021385979517992613,0.005590527224313877,0.04865656320741821
2628,3,0.007748374043633017,0.007086249205699519,0.001734661775051985,0.017600679765081503
2629,1,0.002647346198428402,0.002388896858691721,0.0008749412943073084,0.0059278858688983525
2629,2,0.02919350262576204,0.02637451481098121,0.005174773703887687,0.06965002230867333
2629,3,0.0087580938854336,0.00838587489628071,0.0027641440861696626,0.017024416224353096
2630,1,0.04683722507412875,0.042949143867769254,0.017880039665319147,0.09805610775548411
2630,2,0.025699457774614225,0.02400415369762591,0.010052660225857418,0.05093653451820008
2630,3,0.035235814574879634,0.034463011743148,0.021797974433806364,0.053005215312045884
2631,1,0.0021677263537983873,0.0019205747538533343,0.0006102725190577408,0.005176675806298041
2631,2,0.02250062985460747,0.02074086755627464,0.0047680081255103484,0.050786719201112024
2631,3,0.007231166537752347,0.006758830771751774,0.0018573477383839793,0.015396576414879955
2632,1,0.005164965927113312,0.004603995332764437,0.0016855309121739173,0.011918021242195619
2632,2,0.05739168919964702,0.051125051533038444,0.009545373212105822,0.14062485028161018
2632,3,0.01704138464893187,0.016096939426513877,0.005501914057609516,0.03433400989688052
2633,1,0.029769179541167444,0.02662156825785033,0.009836989212306888,0.06764621145165838
2633,2,0.010482517155304884,0.009948855452059216,0.003677205278214778,0.02025367006258177
2633,3,0.02844072386426971,0.028135635468862268,0.014737265187894947,0.04403808007747085
2634,1,0.0034404625649925987,0.0030706318889777238,0.0010937056386898724,0.007972543544473567
2634,2,0.037460049595349786,0.0339504330734024,0.00668677365340574,0.08866291484903373
2634,3,0.011410845247141838,0.010775453457076851,0.0034324070437760056,0.023452820588251145
2635,1,0.02950081102109707,0.026128104439311888,0.009958216077383359,0.06874429420012104
2635,2,0.011142374638936971,0.00962635187446478,0.00290468845075877,0.028052248840598717
2635,3,0.028185452581944277,0.026829665449201998,0.016124484129740286,0.04807051382134239
2636,1,0.003314022865276624,0.00296256630196815,0.0011420133008240062,0.007534965554226743
2636,2,0.03766535407363344,0.03313893275601122,0.005895884444542103,0.09498228305540342
2636,3,0.010882844941670852,0.010339367825571821,0.0037772631839154635,0.02132178362938429
2637,1,0.0053432670349491855,0.004693512961310154,0.001692782881279566,0.012778716987466014
2637,2,0.06021700874222791,0.05199270078198853,0.0092740320774112,0.15820838980293675
2637,3,0.017610952502000576,0.016276617264810382,0.005543856615786125,0.03769592212072475
2638,1,0.006361091344762148,0.005245701967196468,0.001622398658205311,0.01780979714077923
2638,2,0.06841036633908885,0.05709577830872471,0.011152665775712504,0.19547440487350976
2638,3,0.021302160537912736,0.01813111927343357,0.005090950702532449,0.056772113908465725
2639,1,0.0035097367296586354,0.0030670470094491236,0.0009577704125404537,0.00861701482490545
2639,2,0.03578681479528577,0.03335108114042369,0.007794586702467177,0.0790222713882096
2639,3,0.011761158611867707,0.010772502395672835,0.002925277227934688,0.026591546741077363
2640,1,0.02856219188713792,0.02523521065028043,0.008554742679421965,0.06754553193429183
2640,2,0.00983504314279783,0.009356933098303889,0.003664822775854824,0.01881278043396951
2640,3,0.02742411880253627,0.026661327301547834,0.01218659886038365,0.04705800228000485
2641,1,0.0331709986297862,0.0307903545005174,0.01330420796361164,0.06656294234784875
2641,2,0.01862749250668351,0.017119150550699125,0.006853076406620737,0.03900907648805458
2641,3,0.025107178411221585,0.024538230315947977,0.016309540129597008,0.037101793099120706
2642,1,0.004006766090813595,0.0033051471691232016,0.0009513657474897987,0.011231057931384347
2642,2,0.04087666186698558,0.03544638081032195,0.007908494491754894,0.10677509563715931
2642,3,0.013390659409391562,0.011511919387379572,0.0029156537322946154,0.03499107971248527
2643,1,0.01753297520629348,0.015630960000646055,0.005925347775885893,0.04033008527020724
2643,2,0.006710455639936013,0.005789470357047763,0.001698416045421103,0.016903675667900537
2643,3,0.01675287439718931,0.016317768613336447,0.009940989033976192,0.026129528050867105
2644,1,0.0028774630868194395,0.0026153813464760596,0.001088424520392443,0.006177011187150934
2644,2,0.03455082982393667,0.028990480336820158,0.0048382238892632785,0.09499397987525812
2644,3,0.00938716323815524,0.009104153722065158,0.0038085142296536635,0.016662902431475737
2645,1,0.00299378601601706,0.0025155647050238185,0.0008021112910107614,0.007985176323046165
2645,2,0.031365927922325565,0.02743204528699473,0.005957391772118509,0.08112675040701313
2645,3,0.009995349888045848,0.008810737582545712,0.0024735268597402575,0.024574168458378787
2646,1,0.0029940245741001065,0.0027023948665784677,0.0011125091709000715,0.006534574857840804
2646,2,0.03514726011567341,0.030198736611790004,0.005121611726201632,0.09181361013393308
2646,3,0.00984591067224148,0.009385252732326679,0.0037340974864044467,0.01839410623262057
2647,1,0.0026353257181485424,0.002216616566031661,0.0005600156936545872,0.007167781716015497
2647,2,0.02676615856938676,0.02223896441226003,0.005453895917764204,0.07596101224598828
2647,3,0.008803958783466131,0.007842201693654974,0.001692680569075988,0.021344446017389114
2648,1,0.023565363690410495,0.022764221226222906,0.011227268089787565,0.0405038891458268
2648,2,0.009586242710848287,0.008259208081926414,0.002453200404074159,0.024377753747897725
2648,3,0.023944831183303327,0.023440689323353074,0.01383133472401467,0.03699734337406035
2649,1,0.0031645868393558943,0.002216708340836292,0.0004349289377592354,0.011569579729453204
2649,2,0.027527380168465256,0.022176220578015007,0.007109199021891018,0.08053879018849128
2649,3,0.010878185601204866,0.0076514324819974,0.00130766701313374,0.039581234741058784
2650,1,0.004738773355399226,0.004010222428511824,0.0012280081993890242,0.012563353671444144
2650,2,0.049613551596547525,0.04349646681891584,0.009071859854286709,0.12648075618152607
2650,3,0.0157747083700859,0.01395935590086341,0.0038423436096391757,0.03869344005843691
2651,1,0.02937992098462033,0.027149322317888767,0.011618338381734308,0.05991631920939169
2651,2,0.01641075938041016,0.015141112732340159,0.006073217427698765,0.034057661848948664
2651,3,0.02209962953172765,0.021706057020012624,0.014797170101287728,0.031683826650493845
2652,1,0.021110564544748862,0.019622834754962022,0.008518308293599767,0.042135037843425885
2652,2,0.008284751996701976,0.007174649305435992,0.002169111954007729,0.020706149656114902
2652,3,0.02073475264682615,0.020144061578214002,0.012912828558757299,0.03196998514612869
2653,1,0.0077243737495305675,0.005541105776252469,0.0011898501992602239,0.027593080330255565
2653,2,0.07251841630543104,0.05651713393269822,0.014355203157670178,0.22526040067814093
2653,3,0.026261171720723345,0.01913771129023502,0.003579459469538389,0.09247949517516386
2654,1,0.022913393467418657,0.021738813459717843,0.0101210174551763,0.04218162572248136
2654,2,0.013016193653012213,0.01205510911247544,0.004913634541852114,0.026534973373988132
2654,3,0.017673341693184214,0.017338088999123275,0.011250547019768575,0.02602233794768276
2655,1,0.024360928721482947,0.02207307794808984,0.009140579672973928,0.05299815159853301
2655,2,0.013445209549993028,0.012375238972548941,0.004953176880170286,0.028087801280843868
2655,3,0.018166746039038388,0.0176090698645721,0.011897342575672243,0.027801009256933292
2656,1,0.009387089800570148,0.0021558661176995547,2.7854146204442866e-11,0.0442413606010968
2656,2,0.03744101157050397,0.020761386623498565,3.3243356004649685e-10,0.17298034385879224
2656,3,0.030563368979999103,0.0074743367498457305,9.551096664136166e-11,0.1623031555335357
2657,1,0.00199547472725828,0.001746104946008244,0.0005743658660822331,0.0048672624216151775
2657,2,0.022831782688524975,0.018600740635780003,0.0032637140687660775,0.06790496257072622
2657,3,0.0065381931174759884,0.0060791505349621945,0.0018933788027718512,0.013871981984481873
2658,1,0.005791874608291591,0.00501470944287406,0.0015655536106762107,0.014586251424477005
2658,2,0.06064231335017747,0.05466194669402072,0.011444797035562705,0.1456604230099759
2658,3,0.019300216833444652,0.01747750518147477,0.004916173277736766,0.044600424700154344
2659,1,0.004145306641448558,0.0032645737535132915,0.0009625859078962251,0.012637550521412896
2659,2,0.04376193985888505,0.035122579776381446,0.007177179840490975,0.13471982374710673
2659,3,0.013798408616217882,0.011302472895625842,0.0030160916561035337,0.04057723310893806
2660,1,0.0030286138016797394,0.0021944924337103464,0.00018143122875442346,0.01073520225093785
2660,2,0.027752677311766238,0.01977879415982116,0.0015878193694216526,0.10284372969552562
2660,3,0.010097137075267274,0.007760390134600789,0.0005810343041959154,0.03220018565107476
2661,1,0.020137774023092286,0.01311464242347325,0.002249503278852376,0.08063618858424809
2661,2,0.19133629472210864,0.13399831857788455,0.026836470190134774,0.7036654440837768
2661,3,0.0683642467944562,0.04501329799986373,0.006937360367488762,0.2703610053256781
2662,1,0.0026843456755865115,0.0021603738162673117,0.000527341011815502,0.00787306517484736
2662,2,0.024293950949801683,0.02230140310108409,0.007433722074919668,0.053186293343008076
2662,3,0.009164042311390532,0.007503683393127962,0.0015481282265053934,0.025892038691964495
2663,1,0.0031637889479238387,0.0024406395908442287,0.0007219082985010037,0.009856107010559861
2663,2,0.03262920933081169,0.026227118061498595,0.005805905471274366,0.09884419311544923
2663,3,0.010593691310291744,0.008522550257228187,0.0022142788023707697,0.031924584297234285
2664,1,0.006375880524273053,0.005675963933904711,0.002143833831900415,0.014762782769136276
2664,2,0.07383775731442255,0.06292319398576585,0.010780108797941258,0.19725417975730272
2664,3,0.020961340384967952,0.019583414946508296,0.007245093619543868,0.04269820962141959
2665,1,0.0035488877483973572,0.002837126340260741,0.000794552107187993,0.010594964106730843
2665,2,0.03593738196784243,0.03010373039445841,0.006936653089681515,0.1014087033815297
2665,3,0.011901525888402653,0.009868604528812025,0.002438673802793933,0.034027488967040415
2666,1,0.024479234630069777,0.021799550652688342,0.008504066761635273,0.05645008774257992
2666,2,0.00955329603360093,0.00798488091561248,0.0022675323595796886,0.026004520307444136
2666,3,0.023397746438670396,0.022244168487061587,0.014335024384670247,0.03934655393503282
2667,1,0.0019385547595722529,0.001526923009523593,0.00033821741780827645,0.005878894191320316
2667,2,0.016365725845507006,0.015631642722030773,0.006526786052575294,0.03047068885607787
2667,3,0.006710248699929972,0.005234754955873345,0.000989288887196041,0.02044169877162091
2668,1,0.0024867715794164797,0.0022136805139021175,0.0007383268670296084,0.005823545721871708
2668,2,0.026026408129717155,0.02431876743734631,0.005296915376222234,0.05721555736417778
2668,3,0.008294903106313029,0.007774741134989995,0.002251895647366376,0.01740631638251168
2669,1,0.0025105203957372898,0.0022607516636989657,0.0007954637686885527,0.005698098774659187
2669,2,0.02711553470518933,0.024887316035772312,0.005133891784142779,0.06235439336223866
2669,3,0.008339371980535143,0.007948137054800812,0.002476465692839434,0.016596712521913606
2670,1,0.00251566692622653,0.0022753011408765175,0.000871970280630216,0.005562128168895716
2670,2,0.02816569331808831,0.025330559166646047,0.004800886860471624,0.06764253963520939
2670,3,0.008297372561899417,0.007997195743925562,0.0028087045056984974,0.0157174046100656
2671,1,0.03284180703032855,0.030383879481336425,0.012923251528988152,0.06701312033024552
2671,2,0.01817555709087532,0.016920861725891554,0.0070381080012311675,0.03649661856393228
2671,3,0.02496017130850435,0.024235733128715117,0.01497358136027404,0.0391792565766926
2672,1,0.006772088661379677,0.005547433165662741,0.0015362010609640546,0.019158621543692366
2672,2,0.06849331387298893,0.05916888572779235,0.0133128706953394,0.1801899128785843
2672,3,0.022817949949517555,0.019260707237381013,0.004678054489615628,0.06223675132721309
2673,1,0.0030765811963371394,0.00260566448082676,0.0007191596922464681,0.008244844810828008
2673,2,0.03017877588183403,0.02764945700640055,0.00707745303054544,0.06859829990996498
2673,3,0.010354088437788346,0.009119815412311518,0.002165670122803808,0.025797138702229938
2674,1,0.0026311146672880884,0.002371574471818765,0.0008633250935920764,0.005887728872635449
2674,2,0.028818048970880833,0.026237366601561587,0.0051549063990037865,0.06742175604041077
2674,3,0.008708481070453517,0.008348348482262851,0.0027238549615297924,0.016950085570922795
2675,1,0.006811455034998396,0.00585601574836178,0.0020628701271898885,0.01722358260382845
2675,2,0.07837079295471892,0.06493567901695738,0.010887552907654878,0.22453116707813697
2675,3,0.02232394863973066,0.02018079335921907,0.007012073555600676,0.05005675107238827
2676,1,0.00917745088764675,0.0025356074013247023,3.688530043746074e-11,0.02641566338122013
2676,2,0.03086108316047059,0.016473957281753007,2.5907659943909653e-10,0.14446057311052715
2676,3,0.01743491779199954,0.008897000446885187,1.3195830912238884e-10,0.07347476857800088
2677,1,0.031175464441135517,0.02861981488918142,0.011826015258710234,0.06533306190582094
2677,2,0.012064226235831284,0.01048731609305718,0.0031959151435059915,0.02987243368031557
2677,3,0.030047475861625844,0.029554864279865076,0.01971823217325641,0.043192194903708715
2678,1,0.030886228840139255,0.02619859664841352,0.009312177826905726,0.08009240953037915
2678,2,0.011569045476678811,0.009716666431643421,0.002821259052012522,0.03136613586382398
2678,3,0.029414902753846596,0.026677706506154863,0.014921001534457804,0.06033153205023385
2679,1,0.009252224145034592,0.007384353912413037,0.001956718488858985,0.02758467907705336
2679,2,0.09614556119192541,0.07862886130071663,0.01567037729099011,0.28212607998714706
2679,3,0.03085276363331385,0.025524985442102258,0.00616705583694345,0.08732415958003899
2680,1,0.025356446004239034,0.023697953188086,0.010215158407350522,0.050019191545701225
2680,2,0.009978961724545213,0.008631267577506412,0.002603247065170583,0.025066753325482454
2680,3,0.024759466711901563,0.024370789254020454,0.01617915865478824,0.03562588502635345
2681,1,0.002136477225516673,0.0016808470273416236,0.000370554917038056,0.006578599173126509
2681,2,0.019864316116926062,0.017003125031501073,0.0049368663258578666,0.051414344016358485
2681,3,0.007292813316397474,0.00587184333984915,0.0010989704213412322,0.02169787270698008
2682,1,0.0031192234108410265,0.0026262176367778953,0.0007559014781268659,0.008381009590547375
2682,2,0.031189292552245833,0.027849975149806937,0.007014095943475794,0.07560399449389726
2682,3,0.010531557749967254,0.0091569784276504,0.0022707563566461866,0.026612846256812234
2683,1,0.0032639577367928533,0.002992140266176861,0.0012584735824948529,0.006849458354026119
2683,2,0.038814137302418894,0.03322204139888037,0.005621971306712059,0.10288617451524644
2683,3,0.010734076619494923,0.010390856615425312,0.004242899440522987,0.019275481664546134
2684,1,0.013323989940266259,0.011978382723707184,0.0046546261155005495,0.03011243611540647
2684,2,0.005132039264885338,0.004381979618061955,0.0012937303026461803,0.013206830471948526
2684,3,0.012634985013521975,0.012424363655170821,0.008243165232769127,0.01821016099461139
2685,1,0.0022807077808550615,0.002043720048138623,0.0007142263025402647,0.0052266723973931496
2685,2,0.02506501518774199,0.022416679689567214,0.00438050650345908,0.061408494077055814
2685,3,0.007535404475508905,0.007187341598297333,0.0022854664728700503,0.01492707719997708
2686,1,0.005605553899458723,0.004598071549541139,0.0011487106621619605,0.016016158725158464
2686,2,0.05282684138169057,0.04790086397111444,0.013516301772578248,0.12095392292553492
2686,3,0.019035417869553112,0.01591324637585341,0.003449286790727751,0.05244547391229257
2687,1,0.03886587327999049,0.033729355975017826,0.011339511360230441,0.09643418356229788
2687,2,0.013362534606082265,0.012499719131377738,0.0046900132815315835,0.027045052249493867
2687,3,0.037150744284349224,0.035273595900834356,0.016254468484175916,0.06918706172054706
2688,1,0.025291980946818657,0.02330350785357503,0.00982392864079156,0.05241047559345532
2688,2,0.013804821291336103,0.013033061224250003,0.005623646550695797,0.026408087334861597
2688,3,0.01901617551676259,0.01870212640209184,0.012073392263476403,0.02776663840264067
2689,1,0.002282794908527583,0.0020263501691829616,0.0006959342239570159,0.005370687710640746
2689,2,0.025355539329552063,0.022031716096499558,0.004240039215809243,0.06590231246428878
2689,3,0.007537771847126899,0.00712917777319885,0.0022129373486603275,0.015343660068525774
2690,1,0.0252887363883644,0.023167201856570434,0.009411967196611646,0.053301038816498676
2690,2,0.00965358969068796,0.00850133581631158,0.0026530796299742707,0.023003042220500633
2690,3,0.024450834809288464,0.02391551646163187,0.015092298576399696,0.0368535512441771
2691,1,0.005083966396885435,0.004353710235352472,0.001433555660884818,0.012961036930941541
2691,2,0.05490116204349974,0.04786292563965554,0.009323280432299033,0.14245671248690167
2691,3,0.0168869151185584,0.015135356789753265,0.004500791828846386,0.03962177750883184
2692,1,0.004350242660567051,0.0037264608019515703,0.0012036381184393195,0.011147346417224178
2692,2,0.04697616019510358,0.04062109830918489,0.008000772961427623,0.1253426345977276
2692,3,0.014421280702775138,0.012968069836706148,0.0037770130939464054,0.0336545557557554
2693,1,0.001935719436867554,0.0016776557025582344,0.00046908785123729645,0.004897547344223817
2693,2,0.018604585079793155,0.01778751591985539,0.005090218559832352,0.03712435035020167
2693,3,0.006557223166807022,0.005873125554791369,0.0013838180100179155,0.015566069813397511
2694,1,0.004864667680404743,0.004271098344083598,0.001663066386845083,0.011579598048405575
2694,2,0.05898132301081962,0.047573456575547235,0.007269497471245124,0.17543433380176454
2694,3,0.01580805836149188,0.014623889096651545,0.006067312708132802,0.032653307810206665
2695,1,0.0337597201676799,0.03129496077346504,0.013521726388438819,0.06789538767222972
2695,2,0.01878135906527479,0.01747372954947618,0.0071854545797133814,0.037880014141948026
2695,3,0.025455991983453517,0.025087212680737547,0.017033471723291414,0.0361362872593663
2696,1,0.0019024466020353037,0.0015909031773498417,0.00041748068168422314,0.005134005267676967
2696,2,0.017750588918495364,0.01668499367267547,0.005165604756018707,0.035917561621960914
2696,3,0.006477732851306196,0.005545132207397361,0.001243708263245425,0.016555438135217784
2697,1,0.005016376613321357,0.00429061397972985,0.0013731842536477527,0.0129088530187668
2697,2,0.05400231626880407,0.04660915554643839,0.009349521338567781,0.1427675525355896
2697,3,0.01672486421979865,0.014911755874401715,0.004312320160842695,0.04015482519971226
2698,1,0.0024015675986845055,0.0021434538597252116,0.000784052741137816,0.005515127754680912
2698,2,0.0272705438951294,0.023527063690563416,0.004305267852573086,0.07198123489883765
2698,3,0.007895905002144892,0.00751843490100587,0.0025330883817316825,0.015573499257931054
2699,1,0.0037130212315817017,0.0033149505730900274,0.0011428463744040335,0.008604567292256617
2699,2,0.03981940688535816,0.03641354481586044,0.007549764923621176,0.09252473254480818
2699,3,0.01238566579956223,0.011557938107320118,0.0035498663319543876,0.026034886066512407
2700,1,0.004229882848484158,0.003624733520978762,0.0010164940670273955,0.0109957967496897
2700,2,0.04141448043522021,0.03859735050525926,0.010083874354305966,0.09012273373077644
2700,3,0.01429710693497527,0.012649926282756858,0.0030566438922112102,0.03484641152709182
2701,1,0.006596870329568019,0.005687265207419259,0.0022179035547730936,0.016314787438897825
2701,2,0.08311860496543111,0.06303433376903565,0.009194903907112025,0.27534509058892925
2701,3,0.021486201688506172,0.01931999562114254,0.00827261330875677,0.04776348183851972
2702,1,0.004033465972576048,0.0034391065874639247,0.0010103678074361332,0.01053960782712136
2702,2,0.04080164394303255,0.036928261564044225,0.00865836901828922,0.0964860351469522
2702,3,0.013528141088975166,0.011974704017517275,0.003064987153656992,0.03305757697664767
2703,1,0.03539945281530698,0.03213912532706897,0.012760646133296931,0.07647816886139946
2703,2,0.0131670307211769,0.011914372872586114,0.0038749297266846465,0.0295319311602809
2703,3,0.03398466219283951,0.033455637954764514,0.020520365816691487,0.050493387870239
2704,1,0.0022078076809323066,0.0018358426739340946,0.0005075483860180683,0.005978332416220772
2704,2,0.021706570100693875,0.019492924637049047,0.005093451768411717,0.05101959164225206
2704,3,0.007461594884086169,0.006421616198532481,0.0015482956791861592,0.018979448152674234
2705,1,0.014763332235373836,0.012271905336361535,0.004941713343734247,0.03798183144842959
2705,2,0.005996334094684519,0.004522863598441648,0.0012197131185209386,0.018583417071029687
2705,3,0.01441017040841197,0.012515845182590593,0.0077168619711141685,0.03255487102732113
2706,1,0.02611929568663497,0.023951548176956636,0.009795111891754882,0.055051753392385695
2706,2,0.010420312722209356,0.00868395080052589,0.0024609743143164772,0.028374166773219456
2706,3,0.025160754441192038,0.024590374473059524,0.01654082314457349,0.037162234405474455
2707,1,0.003825429773836407,0.0033598674241766806,0.0011769077843900087,0.009212701654730301
2707,2,0.04182140719061091,0.03727777542981542,0.007210317095056821,0.10318882861016258
2707,3,0.012648330317735594,0.011743137316452087,0.003755913951122469,0.026930202774069097
2708,1,0.004207120827005338,0.0037379549453220085,0.0013503250529692395,0.009803939524859718
2708,2,0.04699756960955566,0.04130474088535868,0.007691376469501865,0.11943835259279949
2708,3,0.013914772598884413,0.012986403104736869,0.004354707951064994,0.028912626828011524
2709,1,0.025976985889359712,0.023747566532246175,0.009958128365631348,0.05483455151392099
2709,2,0.014540899078295838,0.013226238045545588,0.005145117902459526,0.03144701935587967
2709,3,0.019365196787599653,0.018956473564701683,0.013250238742411555,0.027843733077165696
2710,1,0.0024199411364994837,0.001953836583199333,0.0005186700766587295,0.006981796136205026
2710,2,0.02303014679291357,0.020467274881552595,0.005728308801823626,0.05632039968710281
2710,3,0.008180250836252786,0.0068350656660439565,0.0015450038233561002,0.02256615246950354
2711,1,0.002006296055365533,0.001724491025000009,0.000470828371027336,0.005154751002960286
2711,2,0.018946879367737368,0.018260290566864106,0.005441090697115886,0.036681007530860635
2711,3,0.006808086788186357,0.006017471171759653,0.0013956479870635156,0.016435172788834475
2712,1,0.004731621458178394,0.004154629784797884,0.0014546969581605896,0.011384839279358678
2712,2,0.05205382984948232,0.045940195771645057,0.008747169874318996,0.13158605939293333
2712,3,0.015683570913119487,0.014461726481255422,0.004649171562923277,0.03403099970260053
2713,1,0.025922047329297974,0.024108735681192418,0.010245770735578329,0.05203806640535716
2713,2,0.010080952264178553,0.008793686775358113,0.002699376450159046,0.02466689122813803
2713,3,0.025247503014140825,0.024829446588217747,0.016256290709780727,0.036689236501749
2714,1,0.0013542177654692887,0.0010350715463873018,0.0002192770693337353,0.004323428652191258
2714,2,0.011174702129578771,0.01061039041778314,0.004466212700083848,0.02109366574476818
2714,3,0.0046947798705338824,0.0035482051183421234,0.0006350987213697151,0.015142727721635468
2715,1,0.0052802481023100515,0.004490830486057329,0.0016571680011082939,0.013606247596877988
2715,2,0.0633451814555436,0.049984722860217476,0.007766697647970731,0.19652554999677144
2715,3,0.017225110112920123,0.01533768497293489,0.005921973089970732,0.03995467949228535
2716,1,0.026248924442784656,0.023769696975586764,0.009504181925995553,0.05718498114582822
2716,2,0.010207535621618552,0.00870079548251921,0.0025782000509542865,0.026567094811295232
2716,3,0.02504774762693941,0.024520144988221568,0.01664609383245376,0.036568136352188724
2717,1,0.0023186854427432037,0.0016436485730336751,0.00034841328259617405,0.007973738174061393
2717,2,0.019590998157641537,0.01636858331075086,0.006511755154495654,0.0522785832895417
2717,3,0.008009550269452844,0.005640504245630958,0.001022607311262848,0.02723093394453745
2718,1,0.002345805141327076,0.002112956929707709,0.000878990674870012,0.005190911462630773
2718,2,0.030545836252372786,0.02286070140783423,0.003232549295777877,0.10104142317286056
2718,3,0.007525108379508265,0.007229846632049392,0.0035747469899054013,0.013144016749532719
2719,1,0.003507123234503428,0.0031562210015763717,0.001379056788334765,0.007506311939294041
2719,2,0.04440500263600351,0.034788077159754724,0.005230399989855273,0.13405913239266545
2719,3,0.01140824032675641,0.010788254093574149,0.005278048830405954,0.020371451184281353
2720,1,0.0019382743626188787,0.001549701693841066,0.0003567997212852809,0.005722835250027241
2720,2,0.01652918684541616,0.01599336263550634,0.006579667084755857,0.029525532355513896
2720,3,0.0066899524123512815,0.005341086007001245,0.0010410939789857842,0.019682103659249328
2721,1,0.00385191867324869,0.002936567929168304,0.0007478485231202342,0.012462508784542645
2721,2,0.03745422929655673,0.030505958502789372,0.007904530629802304,0.11200725909157412
2721,3,0.013015097943224243,0.010216651224914847,0.0022341649778675316,0.04138161082344075
2722,1,0.0030184637923426267,0.0026794892341762406,0.0010091229869033538,0.00697471021033287
2722,2,0.03685780434086845,0.028195601071676027,0.004217652665451122,0.11957932207418656
2722,3,0.009705600169386366,0.00927165754616295,0.003833350807839061,0.018074514642604452
2723,1,0.0327041883492885,0.028053580278574724,0.010847777239424788,0.08176924640923054
2723,2,0.013215424156465594,0.010323406700407427,0.002662992172551326,0.0408439818177638
2723,3,0.03231550359740202,0.02842345435963342,0.015020631943208249,0.07289759943393351
2724,1,0.028989115080770646,0.026733101600492883,0.011477004307137115,0.05948035940502088
2724,2,0.016274564677493372,0.014908965267882062,0.005837719137920009,0.03465519878969194
2724,3,0.021975670837809994,0.021263430829329168,0.013784787024406277,0.03425060192361505
2725,1,0.0033524436806382737,0.002878167031345631,0.0008295067827334815,0.008670832150507669
2725,2,0.03321046910939515,0.030832420286614114,0.007775340577802409,0.07342995766647659
2725,3,0.011272822794145928,0.010057998617423753,0.0025133525383035237,0.02694764476731073
2726,1,0.018990000894581218,0.017747440865119715,0.007753919270438494,0.03723430139955531
2726,2,0.0075382210957118875,0.006447014911790384,0.0019176183397790771,0.019339886259253963
2726,3,0.018578214989203964,0.018239162855160748,0.012232048683268307,0.026902271804497183
2727,1,0.007151684335011642,0.005838075784312536,0.0019209328972387327,0.020179856752197693
2727,2,0.08217177395223062,0.06453331182803536,0.010392044909255648,0.25882579675476586
2727,3,0.023459752704577345,0.019978208154645346,0.006530379265006437,0.06136047720474311
2728,1,0.007550256088426576,0.006120829104468811,0.0021225741616581607,0.02158257212244359
2728,2,0.09044865272328487,0.06767457078853353,0.01041990996635132,0.30731152528090616
2728,3,0.024826131976538622,0.020759502942813247,0.007380042379445742,0.06666946594923623
2729,1,0.03167645631149572,0.028735771307460658,0.011958513032570513,0.06870067687837925
2729,2,0.017880131236908875,0.015972525655930304,0.00604136901177455,0.04085529957543445
2729,3,0.02398935702902553,0.022688393798504916,0.014323231432469365,0.04150292888390921
2730,1,0.022841377030958464,0.020529856043379535,0.008053980909279218,0.05084565803955454
2730,2,0.008611615383796636,0.007570358777652393,0.0023461336969384018,0.020686015468440157
2730,3,0.02174689536360192,0.02122644652076273,0.013668171510714065,0.032699944964952016
2731,1,0.002380181838347624,0.002128352507989008,0.0007314559320654904,0.005492041281534572
2731,2,0.02530101867127912,0.023417633929220392,0.004973487441458504,0.057157664332314326
2731,3,0.007916687264355026,0.007512383312608877,0.0022559305454735896,0.016136138235618346
2732,1,0.0029265454429036387,0.002091488754265205,0.0004778186288074539,0.010029107051993561
2732,2,0.026719509666286986,0.021082995647228764,0.006545793003596341,0.08048379307201955
2732,3,0.009928163377186458,0.007269321894638947,0.0014208645646703736,0.032947454510616314
2733,1,0.005496132631831602,0.00450525622256237,0.0011693295172565629,0.0156997146873821
2733,2,0.05373444846489281,0.04729596373955608,0.01179067138081867,0.1342527382330073
2733,3,0.018529455790411698,0.01566089763457942,0.0035175387288897365,0.05041496217790395
2734,1,0.006065860005849986,0.00456099540217505,0.0014524350114259357,0.01980461587560016
2734,2,0.0716330573684945,0.05021706312248815,0.007682318388261097,0.266767075010086
2734,3,0.019817185418770908,0.015470502351095613,0.005035259681712305,0.06148520372172087
2735,1,0.003648980750003123,0.0030618099332650923,0.0009575789301731353,0.009850443746619019
2735,2,0.03822981793843109,0.03317766055417058,0.007049937307100351,0.10038939839392592
2735,3,0.01220522914413427,0.010649959760398911,0.0029528868511265274,0.031017311917227626
2736,1,0.0020856460630366974,0.0018151244180024107,0.000532715710510355,0.005184674957827834
2736,2,0.021216104332395198,0.01936461043777763,0.004709148082216402,0.04900106646111778
2736,3,0.006990874403510398,0.006391921802954406,0.0016177021839762597,0.015881636477885888
2737,1,0.024144969248671072,0.022555705807748724,0.009793782635360878,0.04755059818092482
2737,2,0.009683792563477858,0.00819168847756038,0.0023653475214505813,0.025659666988639612
2737,3,0.023648897873618603,0.02317064905205131,0.015315786734846085,0.03472946060496164
2738,1,0.004783901301463744,0.003776738854666497,0.001260267271928821,0.014467522693048646
2738,2,0.054396621513150605,0.042030411528718586,0.007021591343603242,0.17805952317201662
2738,3,0.01572485245437206,0.012918743389266574,0.0042527749275471476,0.0448890767788091
2739,1,0.001835238483383684,0.001457075390440523,0.0003329859573182923,0.0054874678110694896
2739,2,0.01566077677948855,0.014936425389508762,0.006007420499955159,0.029297185154154023
2739,3,0.006318848898261551,0.005024721909726155,0.0009701437459308488,0.018757281008068775
2740,1,0.003914314474186281,0.00318000107655274,0.0009884871196908945,0.011147318622761514
2740,2,0.041721721698565646,0.03455801140051819,0.0069425876946991,0.12050429428780755
2740,3,0.013005685834684614,0.011042887633539132,0.0031070950863775755,0.035109114758508884
2741,1,0.004379616389138708,0.0028329942937382092,0.0008148866617682101,0.017495751281165164
2741,2,0.050307626608634096,0.0306593354107198,0.004778730384788943,0.21487113278351244
2741,3,0.01434885052539387,0.009660998290073036,0.002764078964050157,0.055384138459239986
2742,1,0.002846198479501701,0.0025481480713408088,0.0009592989044222341,0.006461923265884445
2742,2,0.03413040996550875,0.027567905273663432,0.004544943653494215,0.10236723474865222
2742,3,0.009273334422037424,0.00886937580816674,0.0033503260525800244,0.017519000875787484
2743,1,0.0014204274384763745,0.0011585082761475986,0.0002768510725596202,0.004026704962695891
2743,2,0.012598731493478276,0.012007818040231858,0.004280746230864074,0.024279627802104423
2743,3,0.004866780638988009,0.004004450989408976,0.0008194029834435878,0.013567781377350551
2744,1,0.0028181373894143424,0.002253447293200922,0.0006427540593438992,0.008227735576048287
2744,2,0.028263520794254395,0.02388603234197364,0.0058093427779759175,0.07665269027270614
2744,3,0.009470791246549157,0.007888311135136656,0.0019366232945652153,0.026268334750471887
2745,1,0.06149319570731176,0.05908346264849273,0.029080962633172367,0.10808616807315573
2745,2,0.030186154157424653,0.0288793910381418,0.013907952940123957,0.05393966279929863
2745,3,0.03988931551992119,0.03918529416318392,0.02490368823378852,0.05883400449109
2746,1,0.028390047818003954,0.026071307675100065,0.010745474672482819,0.05925293661982316
2746,2,0.011096359612859404,0.009509173385999024,0.002824656560021767,0.028445127002291418
2746,3,0.02741682200819653,0.026821516001822608,0.017751551845839923,0.04060082381087162
2747,1,0.0027767300946084685,0.002367840999276237,0.000658250127226078,0.007290612317256194
2747,2,0.028945098559983062,0.02477901865570465,0.005469191600214506,0.07735449207123582
2747,3,0.009258332092130657,0.008290414365668908,0.0020030576593663514,0.02210847500155724
2748,1,0.0017751584773291072,0.0014788531744030571,0.0003704126684035591,0.004859943681350191
2748,2,0.01594268683835881,0.015428454562667063,0.005429623932355749,0.02950877264445782
2748,3,0.006072767559241437,0.005123152683235602,0.0011003849103873285,0.01610620390758575
2749,1,0.003256816638964209,0.002943376280105763,0.00122503555581741,0.007110751902353817
2749,2,0.04356899581388409,0.03106859046369001,0.004272434813657322,0.15416553517947384
2749,3,0.010365717383024173,0.00999609694727525,0.0054799711003017245,0.017409401822586004
2750,1,0.0034212308275524766,0.0028580357362229004,0.0007397856730557992,0.009354391433808389
2750,2,0.03223944335654452,0.02989345530334854,0.008694212962712871,0.07003707211177909
2750,3,0.011624932872089771,0.00991502234196531,0.002204881952815543,0.030592901611683408
2751,1,0.02875293519819839,0.02596341651545421,0.010309343402356596,0.06361768827517295
2751,2,0.011015181852105623,0.009537341632189705,0.00284482732429769,0.02748538242674534
2751,3,0.027483151636743378,0.02676362580226055,0.017361225935016697,0.041655982261832716
2752,1,0.11045152701460598,0.10386056915271905,0.04743215039006554,0.21080402176735263
2752,2,0.05323876617590236,0.05103427469406681,0.024808837247769673,0.0943271972037423
2752,3,0.07028865184864187,0.06926822495286666,0.045433702389998505,0.10120194490568142
2753,1,0.003996041353265538,0.0034133750175268564,0.0012645680487051154,0.010161969961889615
2753,2,0.04578004130581683,0.03806015149037674,0.0065701326199762294,0.13075193155044051
2753,3,0.01314116348485537,0.011766407806513647,0.004205177903781279,0.030431119779298486
2754,1,0.006041687343405989,0.0051261902941354565,0.0018530426242469433,0.0156529163948763
2754,2,0.07072204141304092,0.05698446172812732,0.009227822047730611,0.21460576839631476
2754,3,0.019863192942856447,0.017541385257643635,0.006316523669511246,0.047184073067303586
2755,1,0.020847748810610977,0.019064269845229822,0.007792546224493646,0.044124245518869926
2755,2,0.008260667318473783,0.006927496602572246,0.001999760010211367,0.022157064735861022
2755,3,0.02003562254095117,0.019568700424743173,0.013365392120849348,0.02945828400525883
2756,1,0.0016843988826760817,0.0013541366267908318,0.00031129833006365414,0.004921428694088004
2756,2,0.014446995002319616,0.013915407021549702,0.0055945678580828955,0.02631755074505886
2756,3,0.005801927482119745,0.004663575536732435,0.0009146154285223048,0.016917231667587882
2757,1,0.0018120474135941106,0.0015697859203386406,0.00043627800548071724,0.004593302975171498
2757,2,0.01728723092302992,0.01669136869062957,0.004825052155240178,0.033599175962084005
2757,3,0.006130175147639671,0.005485674808416048,0.0013072835278189923,0.014430014245483755
2758,1,0.004509890955114541,0.003670861359062233,0.0009159267600155497,0.013049286167319374
2758,2,0.042507762544686675,0.03823665986813862,0.010809779870830358,0.09898784383521438
2758,3,0.015284799302854667,0.012763611775439766,0.00273646933231195,0.04238177052125302
2759,1,0.003956100241646747,0.0035498903813269353,0.001417484594204887,0.00887788401751917
2759,2,0.04653550186034524,0.03964607109461443,0.006612460438671002,0.1240171727536736
2759,3,0.012931350432003814,0.012300240750996495,0.004925178077943271,0.02460976540134708
2760,1,0.028034253330815963,0.025592032819391593,0.010283224578457357,0.059939851233074756
2760,2,0.010668311331588675,0.009404201803075184,0.002912328411615668,0.02552447822031476
2760,3,0.027015815202846034,0.026403356844962284,0.016707353439750754,0.04091031189478485
2761,1,0.0051578095384277375,0.004575932823097003,0.0015195294187368522,0.012150169770133681
2761,2,0.054497381220227,0.04995404913946465,0.010720222271502424,0.12557085995285294
2761,3,0.017296186055900598,0.015955148326091705,0.00463989539519129,0.03815654228122245
2762,1,0.046736670366083345,0.04244203053578682,0.017990646290951814,0.10011381050034984
2762,2,0.026499204848554368,0.02361129777590354,0.008901993098026731,0.06067671657975726
2762,3,0.03659953485281101,0.03374460734618513,0.017278551742283453,0.07229598383196825
2763,1,0.0019607889755847083,0.0017094408038977502,0.0004873442361821174,0.004880573992556113
2763,2,0.019024400467054385,0.018216771073595622,0.005020609153106907,0.03816337109781461
2763,3,0.006627928095121108,0.005975407271799414,0.0014414184296206538,0.015359252546478018
2764,1,0.004579579052748299,0.003826048218951903,0.0012229949268581625,0.012403854373999755
2764,2,0.04925245836253044,0.041874705278768076,0.008277278778753722,0.13616551223840165
2764,3,0.015263050077497484,0.013245811176542742,0.0038650829618263704,0.03900749334168684
2765,1,0.026625978655720993,0.023662420179678158,0.008617958736179182,0.061391538388346274
2765,2,0.009327356987049914,0.00885269525638329,0.003284270631303524,0.018029794957356793
2765,3,0.025414864699691498,0.025063912899305964,0.012862108953816717,0.04017893428918659
2766,1,0.0038934810499502903,0.0033947979674841602,0.0010501430386509704,0.009680919450775562
2766,2,0.03985805762573954,0.03668979855035167,0.008559055093258215,0.09028209919092826
2766,3,0.013065262734699691,0.011877182081544983,0.0032013817610959823,0.029872216553392075
2767,1,0.002271566420339647,0.0020346097047921705,0.0007238731516594508,0.00519277452561059
2767,2,0.024629547140574824,0.022507848121620065,0.00452135880298904,0.057366967401780926
2767,3,0.007519389065464634,0.0071790318517412025,0.002286081941812536,0.014823036919835468
2768,1,0.039067960224958384,0.035988280467329756,0.014889258385825638,0.0807916287960475
2768,2,0.015511221132051292,0.01309089713547569,0.0037903372348536937,0.04140986610186171
2768,3,0.03785494082444724,0.037011996582004686,0.02428013107203498,0.056208252883164986
2769,1,0.0026521131701928526,0.0022131220615486183,0.0006284602218204218,0.0072339960644111
2769,2,0.02626848186273241,0.02358279134407362,0.00597391934638242,0.06266557792905146
2769,3,0.008915752384775646,0.007748229127099852,0.0019063295036510948,0.022574927234014327
2770,1,0.0028138842891671954,0.002282257897388227,0.0005677541746549799,0.008223714929875926
2770,2,0.025960513652659053,0.023546136019061466,0.00737815389818086,0.058848290189728064
2770,3,0.009574840339481513,0.00792091287628767,0.001675800459166127,0.02695316293886294
2771,1,0.03947154232519056,0.03674578795641277,0.015948339431713986,0.07846933256463492
2771,2,0.021788900842076887,0.020528031789572333,0.008758856624314916,0.042005536531730676
2771,3,0.029894691508855684,0.029450897994377674,0.019266188671877876,0.0429297287456304
2772,1,0.032056653497715734,0.029199649928947503,0.012088695414201104,0.06837823233645374
2772,2,0.017618528748329566,0.016349384190416524,0.006607755046406851,0.03598386293496567
2772,3,0.02395705509881126,0.023356186848204133,0.015263254436250534,0.03611194572482842
2773,1,0.0052021929978037645,0.004083141517728246,0.0009672497099550441,0.01605537641300693
2773,2,0.04962013711462744,0.04236485357089943,0.011011370614772484,0.1324744111835685
2773,3,0.01759376412274917,0.014139669241343253,0.002916747707881448,0.05253199796985128
2774,1,0.03382559582394779,0.030715380363144095,0.012642136756571597,0.07284778974004069
2774,2,0.018893390059123986,0.017145722453437637,0.0066008233280241985,0.04129362927981221
2774,3,0.025214115022270348,0.024542447293095064,0.016496472771840697,0.03780926044570952
2775,1,0.005609289193022305,0.00474578715195267,0.001697626481118206,0.014657971990865194
2775,2,0.06508479334697086,0.05280175411218403,0.008609208145581191,0.1943878400761849
2775,3,0.01839657909854542,0.01629672227246786,0.005760236632018267,0.043713038800894305
2776,1,0.0016205466521660526,0.0013895452499164212,0.0003724862180456391,0.004211208781068935
2776,2,0.015400395859470352,0.01467710291751025,0.004240257908953751,0.030880151023008937
2776,3,0.005488134360214077,0.004851792087036855,0.0011177117679607735,0.013299013842617013
2777,1,0.0026307133406001494,0.00227180705895071,0.0007774927254015784,0.006501661990848907
2777,2,0.02817513619576133,0.02516729949554971,0.005129822997818913,0.06877668017912157
2777,3,0.008713431379636953,0.007991416202818093,0.0024271665006047314,0.01927172078641825
2778,1,0.0021738284792817923,0.0016003226055052893,0.00034131377723208803,0.007375689442283782
2778,2,0.01830572479035052,0.016116478101878703,0.00647324055117116,0.0436858538694618
2778,3,0.007505461613722841,0.005505797105162365,0.0010019253890710387,0.025213778405099262
2779,1,0.001489207807868326,0.0011396912230843108,0.000249619402195276,0.004710897546988572
2779,2,0.012140447238146392,0.011730959274177449,0.005400208672849596,0.021211701303743228
2779,3,0.005182188341089503,0.0038967013291432476,0.0007246677760908949,0.016763778250967164
2780,1,0.005793801619164745,0.00440504071123046,0.0014657744718936756,0.018598534984683255
2780,2,0.07068052840454785,0.04920249209518873,0.006969775797111253,0.2642504905943315
2780,3,0.018827897109169153,0.014924859471193421,0.00537221157021943,0.056883341428909925
2781,1,0.0035567251992051634,0.0031697977616001833,0.00123130103784405,0.008123848143853085
2781,2,0.04146514406216506,0.03536614165432857,0.005903429563048389,0.11072924400468437
2781,3,0.011636208636876508,0.010989559777227247,0.004230418069428109,0.022882773293265116
2782,1,0.02008906275875443,0.01807884234861474,0.007181116266848715,0.04453942228187145
2782,2,0.007855855537703143,0.006611581762422644,0.0019096695629940525,0.02102850589822711
2782,3,0.019029312592753544,0.018692850003295555,0.013110988062252952,0.026844594160338592
2783,1,0.002959490326929979,0.0025773691737107857,0.0010286046403293185,0.007161733029257373
2783,2,0.03474413953369139,0.028839517635296505,0.004823564391104592,0.09717522864379682
2783,3,0.009661854286697769,0.00890332923170523,0.003546836452597721,0.020258946354375577
2784,1,0.0022773753057936104,0.0020242936747838815,0.0007534604637608137,0.005252221475967635
2784,2,0.02689269248516211,0.02221286905144268,0.0037124675051404678,0.07769158559773902
2784,3,0.007446923197065581,0.007081735478044023,0.002565618755839913,0.0144720040581466
2785,1,0.020399450212055376,0.01840157153666703,0.007359842941858325,0.04481848705908223
2785,2,0.007979782227249179,0.006716692124148782,0.0019487104187939518,0.021244729736743476
2785,3,0.019328533895598538,0.01904917594091543,0.013462701910422327,0.02683429732910904
2786,1,0.0037764206737316715,0.003334248901131347,0.0012518298870429394,0.008843198963108968
2786,2,0.04369814608306179,0.03702981699180494,0.006181865305782235,0.1186353487856013
2786,3,0.012351346859586925,0.011531932700707268,0.004316761010389451,0.02533225914051315
2787,1,0.007968367973786519,0.006567194148576789,0.002121857304812593,0.022202826325846463
2787,2,0.10086726434698998,0.07170753382340483,0.009394639587477412,0.36389435167343054
2787,3,0.025661657514009888,0.022180286703003413,0.00808347091316244,0.06378155513919607
2788,1,0.004276141588474563,0.00370525298875747,0.001432782629086212,0.010427707493273996
2788,2,0.052631783956835106,0.04099608611472714,0.006179649451416052,0.16667374497923856
2788,3,0.013858155762139874,0.012684023223009731,0.005274341609980029,0.029419138725779156
2789,1,0.010906333058911498,0.008517840524512207,0.002109226433884803,0.03400056062161827
2789,2,0.12195818353910373,0.09114357478042233,0.014181373716098372,0.4164235666674536
2789,3,0.035924151486278345,0.029205491570725592,0.007061774785136927,0.10509800879904006
2790,1,0.0025985239291160846,0.0023442482614046737,0.0009357412724448379,0.0057564452428929
2790,2,0.030072519908539857,0.026192144607742447,0.004527382621511347,0.07690401657391599
2790,3,0.008507063897381395,0.00817127114394538,0.0031995972692031895,0.015900769355548305
2791,1,0.015049021932098448,0.013436148357940644,0.005253730618064601,0.034282649951595016
2791,2,0.005952704114733909,0.004903430956362195,0.0013811683333925524,0.016697280651040383
2791,3,0.014231214110345341,0.013791819959470559,0.0096411380829143,0.021391055958890216
2792,1,0.0030801277062090095,0.0025576971361440377,0.001007388445983545,0.008044198153558075
2792,2,0.03661194098454486,0.02871303294583629,0.004688524619869628,0.10952676432297692
2792,3,0.010059060583927219,0.008813617155536012,0.0035060067236375664,0.023545496862734213
2793,1,0.0035252908292847654,0.0029296610604499776,0.0010262801185582783,0.009594638139778029
2793,2,0.039909134557981535,0.03251732904869514,0.0056359288629245965,0.11855150877572314
2793,3,0.011590388512187714,0.010085385525554004,0.003416389583613343,0.029192215231496597
2794,1,0.01284719006281901,0.011407444261471595,0.004486861059250656,0.029359119847353662
2794,2,0.005094311907636285,0.004150025011667036,0.0011699927209584517,0.014455011356888639
2794,3,0.012129902772710088,0.011699003465586295,0.008451455719410975,0.018146893624889474
2795,1,0.0033974469972069214,0.003068931585306033,0.001291591872390999,0.007389917691661662
2795,2,0.04471834845617522,0.032899440100327526,0.004571033911699917,0.1528094112393752
2795,3,0.010841832172542493,0.010454623745024351,0.0054754812080730925,0.018478383735548578
2796,1,0.004380287913062305,0.003596611288579561,0.0012449888564400027,0.012304281947928805
2796,2,0.05306231956721615,0.03971699495287014,0.005907519047062128,0.1800542956181415
2796,3,0.01426970188132907,0.012187242359213972,0.004496628567903608,0.03696971302236365
2797,1,0.07821970595863474,0.07231253765706763,0.03142262014334284,0.1593206617182479
2797,2,0.037448768527377385,0.03554994511259827,0.016655473224337004,0.0687269425578036
2797,3,0.04889212649778421,0.04827381078157442,0.0331683329941887,0.06825354926523472
2798,1,0.002897135761502419,0.002191093140741905,0.00047790193577789737,0.009372777458549617
2798,2,0.025162298424230508,0.022166769336162476,0.007958838576321894,0.06018387646703042
2798,3,0.009974378057342251,0.007582086515321803,0.0014048584857611728,0.03233957605374989
2799,1,0.00424476576107595,0.003708449675657739,0.0013387251063386903,0.01030997797800397
2799,2,0.048103861652877604,0.04101386568104777,0.007267707494968519,0.128767990260047
2799,3,0.01395501201354157,0.012841699020153821,0.004417007039167719,0.030079013240347008
2800,1,0.004417207713635901,0.003793945898194367,0.0014734286068941193,0.011087026119879273
2800,2,0.054767805131530664,0.04235152240698979,0.006088627601300427,0.17376117761565035
2800,3,0.014293767496808392,0.012900800930367266,0.005580911294570179,0.03151523158419103
2801,1,0.005550931626232734,0.00483955022515005,0.001715858066459328,0.013570366861071163
2801,2,0.06398075609343487,0.05365758621074498,0.008771406876088931,0.17703877406931925
2801,3,0.018182357034322416,0.01675945299097387,0.0058128035697856085,0.03893407116842419
2802,1,0.02615150268976289,0.022568731383164474,0.008498984353762647,0.06561952910801164
2802,2,0.014611528467916276,0.012569630661833864,0.00443867349107846,0.0368985148491796
2802,3,0.019453132229142276,0.01770418066335552,0.010660681516518068,0.039697495251928096
2803,1,0.005646634638536257,0.004758474877166841,0.0015260039473135507,0.014923804383651635
2803,2,0.0636000738032986,0.052300009558846956,0.008837858381373237,0.18290476667669936
2803,3,0.018552499443202784,0.016466288452114078,0.005084857339804799,0.04442072124790337
2804,1,0.021210536606007323,0.01908187151330814,0.007582561204884913,0.04711283218092829
2804,2,0.008249564793279351,0.006985637055475466,0.0020322038154836947,0.021691345440469714
2804,3,0.0200887593238721,0.01975840238979287,0.013728006921237337,0.028370945387408458
2805,1,0.003808020415227786,0.0032909362220889474,0.001124996318242225,0.009555612523867822
2805,2,0.04226281291173574,0.03632195079122991,0.00654880020896114,0.11287897433423616
2805,3,0.01254765120713683,0.011424310268626938,0.0036718842834437557,0.028112726081285594
2806,1,0.02054648196316193,0.0184904645738892,0.007343451627935383,0.04573542661498392
2806,2,0.008026319863653333,0.006752538082838353,0.001955322078136328,0.02140388343581337
2806,3,0.019447586182260362,0.019106502040048753,0.013375196266992595,0.027561641945967323
2807,1,0.0028119174865574,0.0025423724717030627,0.0010560318496471367,0.006124693260064804
2807,2,0.03532589317224469,0.027835829523231256,0.004257747552532357,0.10793000444711476
2807,3,0.0090853899937525,0.00878617418924989,0.004019599848806093,0.015801683021550345
2808,1,0.024735738015451016,0.022242197010996504,0.008751495915299248,0.05517631221854776
2808,2,0.009645720638819636,0.008128697790738302,0.0023451854582929683,0.025652047254600827
2808,3,0.023452482124603758,0.022974865979200225,0.01571740423812605,0.03392322403431585
2809,1,0.00810036211879963,0.007304650366090957,0.0030267605910077803,0.017837387537700616
2809,2,0.099397445726091,0.08115311431946245,0.012443098094376284,0.28416539502600785
2809,3,0.02627492626874837,0.025119279526727302,0.011303916070486537,0.0479500364755118
2810,1,0.007215905929636025,0.006446539594069206,0.002637404611744472,0.016269840070396016
2810,2,0.09160914172494426,0.0712201096313686,0.010290507031023154,0.2847606219879746
2810,3,0.023273613217242663,0.02201025899419843,0.010387936916471519,0.043348756339640915
2811,1,0.008470660111530555,0.007570103574885129,0.003033343823368673,0.01931674841469595
2811,2,0.10563846904772901,0.08368799019720324,0.012307286777738938,0.3202288716817623
2811,3,0.027423960074358364,0.02581962611167196,0.011626750357530257,0.05247725047796447
2812,1,0.052426520453379234,0.0471574158961354,0.01846499531847491,0.11623181835079081
2812,2,0.020724897441001425,0.017141062167874623,0.004816816801438399,0.05739658255073645
2812,3,0.04988822680047927,0.048850348063210314,0.03161117054694272,0.07406055073863872
2813,1,0.009426812845092968,0.007993528784713183,0.0028782134846285783,0.024310742996374986
2813,2,0.12190507271254988,0.08756876928744835,0.011713861544195443,0.4257244483376206
2813,3,0.030277039848315916,0.026949058079345833,0.011639377508449143,0.06813284174741452
2814,1,0.030387158164667243,0.02706898570307518,0.010355997723666816,0.06984410557076264
2814,2,0.012022278704037024,0.009819284494137232,0.0027234485659032664,0.03393813901611537
2814,3,0.028716034114160266,0.027900920279379904,0.018420977577361705,0.043605179943785224
2815,1,0.06402191083406648,0.05586321709806833,0.01995330201495912,0.15523132898556094
2815,2,0.025319397367972233,0.020357946303169804,0.005337622769234342,0.0741921553503869
2815,3,0.06055493563159806,0.0578452937113053,0.0330602286300427,0.10437380657780658
2816,1,0.008349845195354179,0.00746614101569496,0.0030379037374971643,0.018870436665208982
2816,2,0.10516978100469254,0.08230650788804775,0.012047652083702913,0.32346584074334417
2816,3,0.02698663932674985,0.025436071223726982,0.011807127973278994,0.050801909077192654
2817,1,0.009321096317771432,0.008344112175120856,0.003392981273766726,0.020918104691708718
2817,2,0.11716556313396423,0.09236234284003692,0.013549123975695684,0.3563138261774521
2817,3,0.0301276323559608,0.028525754756465682,0.013237947274341936,0.05642379993307802
2818,1,0.006267232403808929,0.005610755801112814,0.0023474056146348126,0.01396251710515881
2818,2,0.07960381932299762,0.0621365591716556,0.009043863268242289,0.24531543905733416
2818,3,0.020218988522381024,0.019196621360704123,0.009260765587226726,0.03701401487643094
2819,1,0.006727421401058902,0.006085460255313657,0.0026110666653224096,0.014580785139860152
2819,2,0.08500639255118833,0.06728760089004066,0.010027426102788568,0.25519823964392435
2819,3,0.021716372633490504,0.020869792405529726,0.010316686564780487,0.03796359227551353
2820,1,0.011513926766257596,0.01036799006900664,0.004341887663604467,0.025347004124659674
2820,2,0.1448407710730522,0.11481088184927342,0.01702329071879833,0.4381936667320448
2820,3,0.03721093494455459,0.03554842520235417,0.016759825853886523,0.06730351751483707
2821,1,0.008206841630168953,0.007383311093219965,0.003040509835869198,0.0182597858096045
2821,2,0.10076845723292399,0.08197299673544964,0.01251154421647263,0.2900218958196531
2821,3,0.026634550929120992,0.025358983648247256,0.011282409221315483,0.04937018529731782
2822,1,0.010354321717180833,0.009333956758523132,0.003916950644837642,0.022645561191810205
2822,2,0.12961580303915254,0.10332044209436528,0.015406319781751,0.385210529242842
2822,3,0.03346656023538409,0.032040730415397546,0.015151236226239193,0.06002780119301748
2823,1,0.004329188581581528,0.003892160678008712,0.0014391684801233666,0.009760046956889763
2823,2,0.048156701997748824,0.043034155947285074,0.008320349904662938,0.11782264184554117
2823,3,0.014422818466454514,0.013568297108484936,0.0045445085584480795,0.029582331088339166
2824,1,0.0315812039130238,0.0289247986728522,0.011861214120423418,0.0666970688760319
2824,2,0.012506401464592733,0.01052641000086445,0.0030285811175792183,0.033502093980097375
2824,3,0.030463600552811245,0.029740032492259018,0.019739605184815063,0.045303110021947146
2825,1,0.005540027869863171,0.0046998168327674495,0.0018544845960116129,0.014196363443447478
2825,2,0.07412570037277452,0.051596579700238746,0.006802401022664593,0.2719280110217141
2825,3,0.01774901365711773,0.015725390402505993,0.007774361498660545,0.04003971819425962
2826,1,0.01870163130566923,0.017855182226378285,0.008537611865858486,0.03363082308412506
2826,2,0.010897927164123418,0.009839672142054823,0.0037756916203597023,0.024219950776817423
2826,3,0.014446212912913354,0.014248562031705634,0.009539428419225626,0.020492168888877293
2827,1,0.02347370843831324,0.021239683919023734,0.00879866057710317,0.05110156605003339
2827,2,0.009541958592133915,0.007721209367761415,0.0021042528181689016,0.027722156014752388
2827,3,0.022997766812278077,0.021517642443120925,0.013406030404604112,0.041367411070368225
2828,1,0.02053870689569093,0.018810174411843558,0.007928305688806703,0.04303321941019939
2828,2,0.008372877369733698,0.006809291153756895,0.0018862408231299134,0.02414395518445388
2828,3,0.02005212897899097,0.019164897959119975,0.012398841277346893,0.032827612413266864
2829,1,0.07131850660648527,0.066767074004735,0.0295302244057253,0.13879425477023527
2829,2,0.039680291421059104,0.037192624582969167,0.015619927482810787,0.07774222233356277
2829,3,0.05421471647943058,0.05343174742477025,0.03522405302574329,0.0777382900672516
2830,1,0.03691390010495638,0.033392579414491266,0.013188574513799498,0.08073493236163116
2830,2,0.01476433327594358,0.012132665021473199,0.0033444157530310844,0.041607843909576454
2830,3,0.035315479333450236,0.03430838724449844,0.0225239370947513,0.05375685737111259
2831,1,0.009968998987555856,0.007752398300224721,0.0024605037801969415,0.030754317680980043
2831,2,0.12608170511561742,0.08461649420914866,0.01110070678196835,0.48923208193121226
2831,3,0.032206859653751814,0.02611218129354036,0.009371453094576399,0.09108459661125957
2832,1,0.024268172776201365,0.02209411782120231,0.008887298922272042,0.052431832310970726
2832,2,0.009686010730165657,0.007990983757862917,0.002259113057240646,0.026887235374996665
2832,3,0.023198047433156056,0.02268296289316326,0.01567732532019468,0.03370130091992566
2833,1,0.005534739072592847,0.00444232776006109,0.0017640089108837862,0.015862744232556767
2833,2,0.07548866752457269,0.04903663465189963,0.006325629000477336,0.2918453262798693
2833,3,0.017698337998752568,0.01471017008487479,0.007623404887376514,0.04656689610177628
2834,1,0.017368979627693775,0.015523762414768905,0.0061719178771797775,0.039315443508464644
2834,2,0.006917286338267588,0.005628254431856364,0.0015784044977812204,0.019716511402429235
2834,3,0.016486054671379247,0.015837621201116814,0.011308852455062737,0.025738067319861103
2835,1,0.006182582554305012,0.005517893056448794,0.002403203765258014,0.013921906320764928
2835,2,0.07609319428300075,0.06112437229512763,0.010013300634720751,0.22484935314912283
2835,3,0.02069102496720626,0.01886615467157332,0.007877881346267032,0.04459012866387562
2836,1,0.0038946367024388475,0.003465969492766799,0.001488451761108134,0.008618140252890627
2836,2,0.05368768835086413,0.03759472654119017,0.005027426718533004,0.19261030684245914
2836,3,0.012411940975378425,0.011680741926364133,0.006802915890883792,0.021706139479573335
2837,1,0.010576636995170106,0.00925318706109806,0.0034941819531466496,0.025420550966528576
2837,2,0.12838668992110447,0.1018145806450916,0.015724525263242677,0.39405345810896975
2837,3,0.03492318810926916,0.031515167679275057,0.012093926305557837,0.07758090527483377
2838,1,0.025543015413932526,0.023599714260238144,0.009916453394613604,0.05240469782931543
2838,2,0.010317145431822224,0.00853563404358277,0.002419738022560703,0.02875870609175154
2838,3,0.024840340329243933,0.02414436128937328,0.01593222364797153,0.03768059039191396
2839,1,0.006035412873362485,0.005327909724282974,0.0018437960266593164,0.014312673814264897
2839,2,0.06650045190441035,0.058421095817696014,0.011336765933689997,0.16847619678062997
2839,3,0.020123433919899833,0.018485180332099907,0.005833431995126085,0.04421055281708552
2840,1,0.003822432601239315,0.0033614048078922662,0.0014014239550130965,0.008910075863450795
2840,2,0.049203550813968065,0.037091903773770765,0.005313468621183955,0.15813017148390474
2840,3,0.01230310338628982,0.011369422438480745,0.005724222490555777,0.024462603970037678
2841,1,0.020956661844729434,0.019591521142886394,0.01098650851014828,0.03717191356710626
2841,2,0.012587280304604428,0.010912657044281227,0.004009675150793491,0.029754882615290967
2841,3,0.016892361769101718,0.015690937865396035,0.00890363544190929,0.0301471150735438
2842,1,0.005458292113549416,0.004888251402667638,0.002019635554320887,0.012224977522686597
2842,2,0.06842753174137613,0.054041860735180136,0.008132840961672485,0.20878708886693784
2842,3,0.017832703749501532,0.0166700261634378,0.007443376057332142,0.03490020664478867
2843,1,0.040768631882527565,0.0390801372250412,0.018979721892703156,0.07212188103308693
2843,2,0.023583856927220644,0.021613190177978,0.008454355240991179,0.049962269667878006
2843,3,0.031778030415741024,0.03115848070252044,0.019683166597250668,0.047670472534733166
2844,1,0.08055468360010389,0.07128000334937723,0.02683053453235731,0.18819699855591135
2844,2,0.04567303984229754,0.03955492115690145,0.013436468098650881,0.11343866090836088
2844,3,0.060375305168219914,0.056633691506725654,0.031504687426140654,0.11102714552353844
2845,1,0.013755433771528783,0.012315123663667427,0.0047706309608389775,0.030967267434547238
2845,2,0.00547786213622603,0.004470858290901514,0.0012413084440772567,0.015532645957033719
2845,3,0.013003387133215263,0.012792127990879488,0.00863528319331511,0.018641074679420996
2846,1,0.04059062353493238,0.037735666593258915,0.016491253331267205,0.08089881419031904
2846,2,0.023072772709832812,0.020955209640013826,0.008069921258911117,0.050291962474151033
2846,3,0.031116274860880887,0.029994086580837978,0.0185554778334937,0.05010961968755649
2847,1,0.009213559315843351,0.007680783645370504,0.0025422011720005796,0.02493131086573774
2847,2,0.10670079106947053,0.0842733841442854,0.013689487814490415,0.33189440693200195
2847,3,0.030526164292456578,0.026294492070074674,0.00842262949383209,0.07799113916580767
2848,1,0.008556611918134092,0.007290073164188454,0.0026708958973287516,0.021978713840423943
2848,2,0.12140422234311715,0.07822555053093289,0.009598107655277308,0.48792808733442894
2848,3,0.027166112402733176,0.02429296903538815,0.011909580228102297,0.05936180086065329
2849,1,0.024945004736944734,0.02327129435962625,0.011350797673627644,0.04852049804025705
2849,2,0.014852088562999344,0.012879981487274943,0.004579827268057965,0.036508701495754387
2849,3,0.019609425372157513,0.018445908952300097,0.011003879405900103,0.0352734866524326
2850,1,0.008997069484890595,0.0077292253766843315,0.0027725952828673837,0.022760710872716194
2850,2,0.10654077049888282,0.08518961577173353,0.013885112540087969,0.3252752074629948
2850,3,0.02982934818549969,0.026389927403291866,0.009338632128296505,0.07117581990967306
2851,1,0.04368384166632394,0.040971407684195396,0.01808854760123655,0.0848912069736025
2851,2,0.02393387228127089,0.022881701824161327,0.010304593445035001,0.043320759035497494
2851,3,0.03338784770032671,0.032923851680503546,0.020424888024107482,0.048919456703398236
2852,1,0.03259866070834777,0.030153349615008075,0.0129142504624241,0.0667841151500656
2852,2,0.018494087700137524,0.016702717476279286,0.0063890761693997855,0.04097850897803451
2852,3,0.024572432833160716,0.02393537308202294,0.01615901693205071,0.03672655524535198
2853,1,0.02842279747831749,0.024588556387715774,0.008976759073576875,0.07085292512936554
2853,2,0.011354184257969266,0.00895478630804207,0.0023546697419654485,0.03450064576936545
2853,3,0.026937539739683065,0.024998133745942425,0.015291922553687842,0.05009838233112048
2854,1,0.021858898788886045,0.019918331617875963,0.008145565784353551,0.046655615534625355
2854,2,0.008769090673009646,0.007230893098935581,0.0020363823790644987,0.024577277126320747
2854,3,0.02117035710504599,0.020268994313132907,0.013367715023135258,0.03428348861298372
2855,1,0.025280555093654684,0.02293126396517068,0.00915085233772989,0.05523746009683972
2855,2,0.010173312248801084,0.008292863488811992,0.0022973733919659824,0.02917129438529493
2855,3,0.02429390971576593,0.023405259883169875,0.015449196113004422,0.03824575273361584
2856,1,0.02432829016229082,0.022055713348142575,0.008858475320026751,0.052532060287088074
2856,2,0.009563750948365608,0.008045702986921166,0.002323386371983929,0.025550657764394594
2856,3,0.0232219250527022,0.02274062359872822,0.01560781599407148,0.03353227246831459
2857,1,0.02238560142899062,0.019424841686062604,0.007309717542000199,0.055037178840131006
2857,2,0.008941517223680546,0.00705870407755381,0.0018987875796586183,0.0269991280634574
2857,3,0.02122895517961856,0.01960718680247738,0.012873281324402769,0.03949776333828817
2858,1,0.027017609815434388,0.02465758844254441,0.010545067227597564,0.057095101365179625
2858,2,0.015496997324566273,0.013629908257666416,0.005024079237772371,0.03675073754390115
2858,3,0.020423027322729114,0.01940134825013868,0.013081390084523373,0.03378318639070214
2859,1,0.04820934176910047,0.043280242860138936,0.017675493784176165,0.10795208721364932
2859,2,0.027963066146720394,0.023939528225042913,0.008161377096815662,0.07133861588966356
2859,3,0.03691355880841502,0.03418683869022679,0.01932118227939304,0.07045252343639848
2860,1,0.00482522984781886,0.004292103160060917,0.0017664168393107156,0.010956866210339151
2860,2,0.06078745623448498,0.047516007102461275,0.007018354581476399,0.18876118762808194
2860,3,0.015635758453144317,0.014584115868744182,0.006791350747597319,0.03054037749153295
2861,1,0.0170067854253519,0.015192292232172448,0.006156111667576582,0.03819263403816063
2861,2,0.006771837505291766,0.005522911745336969,0.0015723137169902756,0.019142890834965242
2861,3,0.016328418837425543,0.015431912171383753,0.010750901713347227,0.027360727932376105
2862,1,0.011597016825951446,0.009400894876433731,0.002791012709918892,0.033351261223740394
2862,2,0.126873998576024,0.10076508226914471,0.019471453894074793,0.3948853842611587
2862,3,0.039378843550936356,0.03222496731847413,0.008611674345364617,0.11344408009016349
2863,1,0.004058101680560081,0.003698342390040448,0.0016653708260405814,0.008449905350288984
2863,2,0.05142107388651851,0.04095808589747535,0.0062676767619963955,0.15201715624315623
2863,3,0.013317695616079823,0.01264509724209327,0.006125336059982174,0.02406239673982831
2864,1,0.04019151515943159,0.03737581640523535,0.016212356082660744,0.08071190280432984
2864,2,0.022999374652797278,0.020625993274890425,0.0077716364193834535,0.05181965771217115
2864,3,0.030402883640466047,0.029731119971222787,0.020146654251196747,0.04449811256791443
2865,1,0.045186995838672764,0.04367606563107051,0.022058439912514657,0.07699414399999706
2865,2,0.02624410901411142,0.02417738100225196,0.009487355220509816,0.05477289432021898
2865,3,0.035580825298419896,0.0348525841665656,0.02131307106238942,0.05401030033691045
2866,1,0.007009377010123548,0.006267127092528357,0.00247477870159385,0.015847834010653827
2866,2,0.08371151966409454,0.06958522780188214,0.01133640785323915,0.23543795723516342
2866,3,0.023054098522729008,0.02153572238260255,0.008543205121662165,0.04638162503703407
2867,1,0.003221778979589916,0.0029014414783924487,0.0011621315012304444,0.007133100887249707
2867,2,0.03915049689751774,0.031502670465131624,0.005136516288680485,0.11679095732593926
2867,3,0.010463974684597428,0.010106100454856982,0.004049241862151857,0.01896614420259931
2868,1,0.03648869642775164,0.03411218591404768,0.015474239228262243,0.07146734250858054
2868,2,0.02137741474001827,0.018835490970768573,0.0067482292327995415,0.05091399756779327
2868,3,0.028312809331484563,0.027010398307153717,0.016194546095899525,0.04791013790407135
2869,1,0.030808383664210074,0.028850683423092018,0.012868834831248496,0.05991013397479251
2869,2,0.01762804907242362,0.015964031287187742,0.006128097604597886,0.0387371715014918
2869,3,0.023487832437625557,0.022935175418609004,0.015285056454855629,0.03485446529781386
2870,1,0.031728481010889625,0.026660114301631864,0.011788311095568401,0.08327012768090339
2870,2,0.018595884997202557,0.01495059256857275,0.005139453980980794,0.053918026740736605
2870,3,0.024710740901249337,0.02083328057875265,0.011896687660031479,0.0617458302123783
2871,1,0.006739754834034477,0.005862377049665379,0.0020863710081321183,0.016462426064369234
2871,2,0.07647498235408295,0.0649050060467157,0.01145432541246566,0.2082863747080243
2871,3,0.022275321224102487,0.020309976817732722,0.0068234660934041015,0.04932614766797248
2872,1,0.02661183834059936,0.02384066925849873,0.010282357119208867,0.05971239811293511
2872,2,0.015428108623268301,0.013206807184759733,0.004717924068009719,0.03924599613452848
2872,3,0.020349783208556925,0.01859104557096869,0.011849959652719169,0.03985164055789531
2873,1,0.004155590481254418,0.0037078117970670184,0.0016250946858508719,0.008904565423009917
2873,2,0.052317753583220675,0.04104706800739773,0.006329090182035185,0.15609340643043043
2873,3,0.01360662318295846,0.012698743302936669,0.005936566420292836,0.025207372271505088
2874,1,0.004713747231856085,0.004124982425885829,0.0017094876834299346,0.011224488761367954
2874,2,0.06216787405641114,0.04525426010868577,0.006173123176902957,0.21208486986791406
2874,3,0.01516370156470165,0.013846816721589852,0.007153355708567773,0.03119315518934087
2875,1,0.04343445776414424,0.04045544119470881,0.017228315899707903,0.0866357333476741
2875,2,0.023754299456226168,0.022573161213034466,0.009928878784635362,0.04434503197953775
2875,3,0.03302639545991683,0.032416694535233895,0.019891188127698283,0.049646106224994956
2876,1,0.0045485140792679195,0.00406106994642454,0.0016039962590762159,0.010252293394448383
2876,2,0.053522389872078205,0.04523030640920223,0.007541924441380173,0.145704368980632
2876,3,0.014933275330612186,0.014038036814747995,0.005503760083320317,0.029610292694268008
2877,1,0.003522116529560942,0.0032481070130192255,0.001362771605492402,0.007255743201661937
2877,2,0.041757549187299785,0.035931170474639174,0.006221102514747986,0.10913578320508782
2877,3,0.01166743200372854,0.011273198915485939,0.004488531276500318,0.02122240690903815
2878,1,0.0036382462616778885,0.003132764283196367,0.0012888942965949607,0.008889322533162401
2878,2,0.04420507164435135,0.03505757211479937,0.005484943157980237,0.1322037860025399
2878,3,0.011849144181588191,0.010740321112459525,0.004679508151786679,0.025642099647677562
2879,1,0.05869410491294264,0.04554707854181877,0.015245623876064008,0.18117220789417385
2879,2,0.0336450943043663,0.025415259464986604,0.007533325950298856,0.1097316013198477
2879,3,0.044071941730901336,0.03564287369464021,0.017237349832302795,0.12152607509076488
2880,1,0.007444854845137994,0.006641472855646717,0.0026973758299600804,0.016873798596985956
2880,2,0.09270860620259368,0.07340464552659548,0.011271286036004146,0.283429289968951
2880,3,0.02447516271297501,0.0226452106733285,0.009756175276938622,0.0498547225738886
2881,1,0.010716626161690538,0.008143488547516918,0.002656028468196544,0.03457041902493343
2881,2,0.13455946013801565,0.09016383826839232,0.011956383134846508,0.5243642779219815
2881,3,0.034879425604505576,0.027398723285685628,0.00982572308986169,0.10487827827839409
2882,1,0.029237612058926624,0.026468313950067192,0.0105286674090048,0.06412874027886835
2882,2,0.011491043191144511,0.009638590296622,0.002779570092518035,0.030846749701038526
2882,3,0.02789768467503925,0.027204290229320888,0.018435385059846564,0.04135077936868601
2883,1,0.0451560888032335,0.0401527134497708,0.015127296131133458,0.10467925144432075
2883,2,0.018096043227146856,0.014564227084171544,0.003881042984780682,0.05307870570140462
2883,3,0.04356333666236478,0.041058460911665526,0.023536302419790097,0.077859167094727
2884,1,0.06460269935569123,0.05780913543597783,0.022818036243931424,0.1460519096452113
2884,2,0.037396025197571486,0.031996638886860954,0.010703940176889883,0.0955322336592963
2884,3,0.0494914411776577,0.045800930384281346,0.024443604140188924,0.0959076707734246
2885,1,0.006410837315099675,0.005511037203712205,0.001902810172916425,0.01623173741668475
2885,2,0.07246494134653451,0.060409034725061095,0.010814131688701701,0.20535277146002845
2885,3,0.0213362283121361,0.01899028275492084,0.0061357164459275495,0.05061676674242553
2886,1,0.00504758237172657,0.0042664868594369035,0.0017007626857999784,0.013020802596162851
2886,2,0.06263410014860032,0.047294193945081005,0.007255548813791956,0.20382483367063625
2886,3,0.01651724549945847,0.014517202560432506,0.006088633425791111,0.03904698686529843
2887,1,0.005237747863429085,0.004763750005237719,0.002019639820466236,0.011238395154724743
2887,2,0.06391821058864224,0.05276094785256229,0.008562444418097037,0.1818555726163048
2887,3,0.017344159018411485,0.016324125704483244,0.006857842353897046,0.03387642167269826
2888,1,0.0058983781831560035,0.005081678028418633,0.0017297946425131301,0.014694749913048399
2888,2,0.06546386350001901,0.05596123310267091,0.010376700428474057,0.17522088928825588
2888,3,0.019535947404730074,0.01760441780989948,0.005581861330364945,0.044883424236235994
2889,1,0.006111194078765832,0.005414665187210397,0.0021567244028408666,0.014106145774791256
2889,2,0.07662435491558924,0.059951801961125525,0.008779852230205509,0.23835498161441365
2889,3,0.01977880045836169,0.01845301444047979,0.008332188310778053,0.03903524343133814
2890,1,0.00901284522181823,0.007506369272347576,0.0026793974371836617,0.024082562779708397
2890,2,0.11784296175267843,0.0827657090178611,0.010733096955740856,0.42913072437685496
2890,3,0.028954477980184135,0.025275328041226692,0.010938657885357366,0.06885979009345346
2891,1,0.005878790333356469,0.005325157900719735,0.002276467083209669,0.012661482390068344
2891,2,0.07396523223987325,0.058848417703557074,0.008875237214150646,0.22214896964397057
2891,3,0.019177628406972614,0.018238093466594774,0.008504307038106987,0.035421253273698126
2892,1,0.03898757866310846,0.03537203945912034,0.01455615538355886,0.08464328579541999
2892,2,0.022490541571061427,0.019532486987084596,0.00683681253739221,0.055325370792418456
2892,3,0.02958418333497909,0.02784455957246044,0.017143688419024,0.05225999305636972
2893,1,0.012498176527183076,0.011016090550641516,0.004120599297992272,0.029475112024782466
2893,2,0.1506921553981832,0.12100609525799016,0.018995823242690175,0.4538607131128278
2893,3,0.041181490540656125,0.03772633872176234,0.014195128935234586,0.0888187789226293
2894,1,0.03415156511037636,0.03252946980217303,0.016341378237335943,0.06137319027396359
2894,2,0.02016630539733846,0.01804487313864586,0.006675287384724876,0.045915361241766595
2894,3,0.02708974812683814,0.025956256000781525,0.014772213722415177,0.04580822033293903
2895,1,0.030841442408998204,0.029559288134836225,0.014092558381727498,0.05475994381891738
2895,2,0.017373354970151585,0.0164244882210798,0.007030628840978438,0.03303281798540483
2895,3,0.02404501493615779,0.023582883186707232,0.014510161543253314,0.03621221017212681
2896,1,0.034916888431102786,0.031013208284281144,0.011730448613661308,0.08102766190629768
2896,2,0.014016097049285609,0.011241604513424125,0.0030200819714852893,0.04121342580078421
2896,3,0.03334998729037166,0.031696363429366325,0.019575640047953355,0.05661128368088449
2897,1,0.04797298463277745,0.040434883897568594,0.01462275657451572,0.12598593389140023
2897,2,0.027067269059176533,0.022445121144209698,0.007455203200412595,0.07372961143274621
2897,3,0.03590040748315613,0.031665235430717746,0.017352656929956453,0.07930981450647635
2898,1,0.004062690364512492,0.003442065959922801,0.0012253167226209708,0.010304802198412967
2898,2,0.0449874871947325,0.03777502646813001,0.007331626231166178,0.12257902250615954
2898,3,0.013572692530000778,0.011970817770978278,0.0037882993415963772,0.03235189413017676
2899,1,0.026791020204285924,0.02427830366991608,0.009705606753255868,0.0584382751408068
2899,2,0.010677882033210406,0.0088260332588774,0.0024842886367880588,0.02980979058924915
2899,3,0.025671628585045122,0.02489480702243415,0.01656399953393993,0.03918609825921495
2900,1,0.008377703320154242,0.007287934100900402,0.002799853156579386,0.020371363345627745
2900,2,0.1064725818763234,0.08056299646224048,0.011302734142530453,0.35041762440567503
2900,3,0.02706692645581634,0.024743076774913938,0.010817259450668523,0.05666951016658848
2901,1,0.02526958789742498,0.022743180327250628,0.009010751096129588,0.05642738577557293
2901,2,0.009982912578136188,0.00827193471344506,0.002360665288314824,0.027450782985158836
2901,3,0.024033705641611523,0.02339671171887643,0.015916680849601614,0.035793417206986256
2902,1,0.003992426872248465,0.0035802208727791903,0.0015121806762288792,0.008830074082464242
2902,2,0.05443816956578706,0.03887938626341467,0.00523816202845466,0.19068672528318348
2902,3,0.012733912379944845,0.012089400259358086,0.0068469514116883965,0.0223705417309698
2903,1,0.023719542556179214,0.02098528058137599,0.008037892913260049,0.055329134649128586
2903,2,0.009479265305078447,0.0076173459815185,0.0020674009808423926,0.02784286980132061
2903,3,0.022465533766555915,0.02144765489627132,0.014246953662337167,0.036778857926260566
2904,1,0.007159394575961918,0.006376436943227176,0.0024994526982066775,0.016328306072111647
2904,2,0.08529800262246132,0.0710162510450749,0.01139505388082006,0.23874676277957635
2904,3,0.023352415108614914,0.02201669541051602,0.008835039790306878,0.04577529278580312
2905,1,0.008005053118797664,0.007088098251616527,0.0028186905900598946,0.018493539987894905
2905,2,0.10744961152314521,0.07725038829846989,0.01033905636328157,0.3755028483620025
2905,3,0.025609550967631758,0.023922809591007357,0.012094770192866283,0.048814578010350954
2906,1,0.004035137470425457,0.0035643442583081896,0.0013808879464182963,0.009406694525726263
2906,2,0.046456419244476986,0.03966789769297156,0.007027768594107303,0.12453099783431973
2906,3,0.013400585938373597,0.012325584906953142,0.004454783404437202,0.028658262369799122
2907,1,0.040984086508502424,0.03884115397113254,0.01783691291909126,0.07664954844022737
2907,2,0.02344841473027755,0.02149979357025979,0.008490746808968283,0.04979010897479437
2907,3,0.03157920811846693,0.03090943474904029,0.01994260667435734,0.04698065827487542
2908,1,0.03690434164170421,0.03503481825362018,0.0164065443520055,0.06787483400143371
2908,2,0.0210739209617711,0.01940620175576807,0.0077630630561664315,0.04369521572357269
2908,3,0.028631322429940983,0.027912599852568477,0.01738050877917755,0.04402494347161874
2909,1,0.057401144060229926,0.050530038918236916,0.02162490506283517,0.1332879856407998
2909,2,0.034686506145697724,0.02822466882456577,0.008574248424156336,0.0990650387313169
2909,3,0.045672319767547466,0.04041736820256175,0.018745895068490528,0.10325951235914507
2910,1,0.018291105200138158,0.018042611982950558,0.011238315927506142,0.026709546588557297
2910,2,0.011272275962746348,0.00996103463996559,0.003523877114987678,0.026520961267332537
2910,3,0.015015864613676154,0.01453744750884699,0.007734787859983102,0.024943215001395534
2911,1,0.004053024944739629,0.0035877742916414455,0.0015250403965854917,0.009267994796754197
2911,2,0.0538563100626572,0.039435801979275556,0.005476686991624603,0.18381680707661055
2911,3,0.01300789949638361,0.0121177258354786,0.006486680852734932,0.0249367668679375
2912,1,0.0406860417588468,0.03661745365467775,0.014703868594220775,0.0902244777337333
2912,2,0.023069036147928823,0.02030954489731262,0.007367230039449958,0.05499297046337493
2912,3,0.030569325781724256,0.029001339883598425,0.01797344921036509,0.05219852763166355
2913,1,0.02788801332546541,0.02497724545553213,0.009693816744982065,0.06272206079742325
2913,2,0.01112680332440077,0.009053843135653945,0.0024960892836788226,0.031720253061195414
2913,3,0.02646103708635276,0.025655759308442057,0.0172536735050597,0.04024631082866861
2914,1,0.006254787373767001,0.005507692247874013,0.0019630642481887326,0.01489738162753035
2914,2,0.07067751197354333,0.0605940013599046,0.01084623311754451,0.1898252906664127
2914,3,0.020774084787502107,0.019056214508125512,0.006329621337281849,0.04548980635506484
2915,1,0.009184960207593287,0.008132415158353268,0.0032424368087717254,0.021200355773273703
2915,2,0.11861549823970954,0.08933217359922696,0.01250917145417812,0.38731276409613513
2915,3,0.029671021100055664,0.027652017849127464,0.012900538711199101,0.058169083361103116
2916,1,0.008202644203998122,0.007211476422914621,0.002822562394901306,0.01928422969957531
2916,2,0.10766306005893335,0.07890188431477815,0.010609055952803653,0.364994557070424
2916,3,0.026331103337970584,0.024370618788252082,0.011671806714674549,0.05208337175494153
2917,1,0.0289876167138435,0.02720547727456878,0.012124902897159145,0.0559922661522086
2917,2,0.016459608715543233,0.015058403672523698,0.005974712531372983,0.034866760270125405
2917,3,0.022125444394355518,0.021633309587976282,0.014432844191067112,0.03267860615332213
2918,1,0.07519556467904531,0.07191550758747359,0.0345586646246004,0.1342685149387761
2918,2,0.04293547196547302,0.03992694472660803,0.016317669082984293,0.086852073591802
2918,3,0.058611343947272763,0.05734286505556528,0.035577589630498695,0.08882457735075873
2919,1,0.04105787694737358,0.034858245171453875,0.012294089503843923,0.10666623082251095
2919,2,0.01644248885414294,0.012763923066826464,0.003182778612509694,0.05123042905782312
2919,3,0.03952645660174794,0.03542342154914041,0.01863052670740378,0.08447838123565297
2920,1,0.005738380153983134,0.004408348756555257,0.0013524440530126745,0.018144385341445676
2920,2,0.06415472989640791,0.04839403502040966,0.008344031231011354,0.21612563162076867
2920,3,0.018958035074020944,0.0151485590757686,0.004430148269441427,0.05697340259986749
2921,1,0.031146212645964684,0.028911362044778198,0.012273844999800856,0.06292764309214433
2921,2,0.012527793852066314,0.010462916247594234,0.0029808514642308925,0.03397176962298052
2921,3,0.030545978762518147,0.029563556252180073,0.018771678783794956,0.04794025278080271
2922,1,0.04808400221321627,0.046695011055826005,0.02465231029155516,0.07926282082772579
2922,2,0.024400064014703817,0.022750121009646136,0.009924038862732545,0.04834168129649111
2922,3,0.03168433051228735,0.031033406604714993,0.01895433092535335,0.0481596874900928
2923,1,0.04839387677807785,0.04376867066250494,0.01806318084845202,0.10559786548836068
2923,2,0.02784185794450153,0.024282264919243346,0.008543938740291286,0.06788218187369853
2923,3,0.03714330144978575,0.034682270923482666,0.019454723665502466,0.06907386192588687
2924,1,0.006769393232465292,0.005129569813184243,0.0017000096804227422,0.02196988450049537
2924,2,0.0805848991902303,0.05691824489583803,0.008537121539792017,0.29838401078156634
2924,3,0.022177481929413233,0.01734027555660438,0.005950768452615174,0.06854588663649545
2925,1,0.006303821877480603,0.0056849113994576535,0.0021098843211543976,0.014092633390388899
2925,2,0.07107897650484904,0.06239384179383111,0.011823274726073946,0.17989346151859006
2925,3,0.0212187321072859,0.019647961570219266,0.006481329431038151,0.04524638530162834
2926,1,0.0027446069676458308,0.0024072828570131186,0.0006004324077194582,0.006812319239202931
2926,2,0.026529547919974646,0.024195870464974404,0.007431736653551713,0.05966005645118562
2926,3,0.009571393928683345,0.008164778455210683,0.001744830794564769,0.02510779934392992
2927,1,0.02731446349408645,0.02442098560448938,0.010023971939549079,0.06136314618909048
2927,2,0.014883621814924582,0.01356654277644877,0.005836554268683358,0.031529579573346705
2927,3,0.020695231937954476,0.019315014786260586,0.011513209994773552,0.038582337699867277
2928,1,0.030054004701205398,0.026997188975828437,0.010953229184984179,0.06663033628946136
2928,2,0.016688594978973875,0.015046826547940144,0.005832147411055831,0.037033646150453306
2928,3,0.022608645408432822,0.021331418436217997,0.01331657454651345,0.039504099703619344
2929,1,0.0031364967247186444,0.0028871122727204485,0.001040455786501625,0.006671937668232757
2929,2,0.034844500644727376,0.031200848297354346,0.006405164188777603,0.08424592479613136
2929,3,0.010591231796736135,0.01001779904772299,0.003167376535645982,0.021417831750494346
2930,1,0.046046543277502384,0.042729402173557085,0.01898749115102162,0.09276934510702492
2930,2,0.02648323362505947,0.02369485387499498,0.008830789865668,0.06035236722769125
2930,3,0.035819360248283354,0.03393303629588135,0.01908759846121744,0.06342515101731198
2931,1,0.0021991429519679926,0.001967165502238895,0.0006709656071226699,0.00507234359758971
2931,2,0.023635267177222596,0.021580998421136095,0.004433498977564758,0.05542497645106522
2931,3,0.007302669999577894,0.006908715243933753,0.0021044141204996938,0.014887669127123988
2932,1,0.04250953727304352,0.0414059389500684,0.023320458410710048,0.06803613659674725
2932,2,0.025664641388865043,0.02297182657404407,0.008214994069250057,0.05856089837845346
2932,3,0.03451708187194625,0.03324649509094601,0.017782787399200185,0.058473740952263646
2933,1,0.024233772514621228,0.02218454153811515,0.00912954010554871,0.05103019972007645
2933,2,0.00936885901508342,0.008121906233368344,0.0024555352634893987,0.023242991398094378
2933,3,0.02344008478409865,0.02278492723054036,0.014741545053686076,0.03596183746850314
2934,1,0.03289224483310998,0.030532787156743384,0.0150342175417077,0.06459604466972375
2934,2,0.01963769679822639,0.017061615998538768,0.00586579751273345,0.04830594594804104
2934,3,0.026391637057667117,0.02446578562167778,0.012484206340791235,0.051508497689031256
2935,1,0.003045484699144999,0.002748889746490546,0.0010001913024179458,0.00684796655299346
2935,2,0.03392945070612806,0.03019352262603858,0.005739168941816918,0.08357198918381525
2935,3,0.010053705088327073,0.00962656991083312,0.0032012041360237093,0.019498667916083495
2936,1,0.034066607389670975,0.03182196689733387,0.014089582686695827,0.06693363599779259
2936,2,0.014041509739747018,0.011487730523514695,0.0031789084793805676,0.03966404964059637
2936,3,0.034023220001808366,0.03266185377314339,0.01902992824341215,0.056828080217972934
2937,1,0.03225092557250132,0.029543654404813373,0.012483644893334502,0.06794233538861304
2937,2,0.017814222974507177,0.016402085358298544,0.006897301968327831,0.03693360216792776
2937,3,0.024823398362637722,0.02344022897405036,0.013297344738781627,0.04452006012489609
2938,1,0.028351228264038537,0.02532901971205098,0.01039455165066784,0.06425469689449352
2938,2,0.01541948447162826,0.014010414218388783,0.006234389553848105,0.03304984857769977
2938,3,0.02184104457106823,0.02009268857404768,0.010812736101701418,0.04392138446998371
2939,1,0.009829628888807606,0.00859061470392258,0.0026779229369502996,0.02412633738653567
2939,2,0.10584147231995321,0.0920221705264426,0.019077967837107405,0.27592846349419414
2939,3,0.033250092092922866,0.029643066845159407,0.008155954237918253,0.0796020857774675
2940,1,0.0395250952012793,0.038486468760144554,0.020961361651642738,0.06396030170643906
2940,2,0.023466096572187303,0.021303230966991483,0.008028715727453119,0.05109992078012867
2940,3,0.03171995655008981,0.03081024654219825,0.017487994223672077,0.05114812263964565
2941,1,0.04966778681544874,0.04835906648055725,0.025856013183324852,0.08089188056557418
2941,2,0.029362315057736794,0.02673799456511802,0.010175140883016682,0.06343165320742954
2941,3,0.03967103345671974,0.03867511672065184,0.022464119062023946,0.06250021161120971
2942,1,0.00874096582013232,0.006437624304125389,0.0020620502557495415,0.029373268273149858
2942,2,0.11785333822984413,0.0707845839210694,0.00836063671378815,0.5089035396206385
2942,3,0.02796811763176365,0.021423554443965754,0.008525178888525053,0.08720814854995398
2943,1,0.027383022249025047,0.026193432252175585,0.016526983681232402,0.045203200942863134
2943,2,0.017288757617456855,0.014765764224039541,0.004622779518172654,0.04471695969874171
2943,3,0.02320215116923472,0.02133794897640296,0.009389343629081023,0.047652778118429606
2944,1,0.0198886104351236,0.018254078645342633,0.007706284642491392,0.04158118070401943
2944,2,0.011228608389377373,0.010147654590514033,0.0038632542832807487,0.02490730745168997
2944,3,0.014777735663272635,0.01461587634014673,0.01077356352477335,0.019756787953106553
2945,1,0.04603063531221372,0.04454501622530894,0.02501470180129031,0.07541171576849383
2945,2,0.02795898839559351,0.024774152653415135,0.008714337481483148,0.06580452731003554
2945,3,0.03748569515554103,0.035910053629911884,0.018631995379418703,0.06559859353120762
2946,1,0.056102439909227725,0.04959977102090245,0.01832878052810383,0.1321102619026263
2946,2,0.02261180778338861,0.017966869781951687,0.004686538981847146,0.0682236388506586
2946,3,0.053941139496778416,0.050748653869023316,0.02857153028817303,0.09804442514349197
2947,1,0.08419076396134363,0.0823578909795001,0.04690914760474009,0.13244702790815116
2947,2,0.043410239798224066,0.04016585586705415,0.01697614960507623,0.08799522057341361
2947,3,0.056614419333811235,0.05501679638454195,0.030547586451923354,0.09215498739074358
2948,1,0.035924666762776454,0.03411026147371786,0.015711829980332707,0.06646405370794832
2948,2,0.01476058442502684,0.012305999255097807,0.0034837395797869676,0.04016350154630977
2948,3,0.03603303270975082,0.035046867277705895,0.02094795632869402,0.05667117684851825
2949,1,0.032726940319277524,0.029062761801963176,0.011074371063047338,0.07552787631742856
2949,2,0.013076402716286704,0.010577445471804559,0.002840897490855787,0.038118055508349714
2949,3,0.03138885250944551,0.02968017152664164,0.018186669923951248,0.054736878965734294
2950,1,0.0429881267377083,0.03871524230333473,0.015128386049073548,0.09533799961678044
2950,2,0.017325291654252204,0.013998561140898553,0.003766925176909978,0.05019271993486254
2950,3,0.04170528518408918,0.03962383272281052,0.023318717106628556,0.07211803928952082
2951,1,0.028451050104255624,0.027670293010165006,0.015125654175991609,0.0462320551924609
2951,2,0.017096736613622297,0.015284960876232129,0.005572294826924501,0.0389602830591207
2951,3,0.0228408804422647,0.02216845377690898,0.012554558782075587,0.036961068385662245
2952,1,0.05786071061038202,0.05567105997503048,0.02746821725822801,0.10071489719954452
2952,2,0.028806966516874786,0.027130364990358515,0.012335397373842231,0.05510755444059421
2952,3,0.037502002700672235,0.0368934874366671,0.02390217191850491,0.05457801479483414
2953,1,0.03170006033288126,0.02832646701003917,0.011095757662337903,0.07228601730644531
2953,2,0.012725799442097254,0.010290684608083862,0.0027943897686417175,0.03692193700110615
2953,3,0.03076222515756033,0.028823326435328325,0.017069509265387462,0.05549627827283981
2954,1,0.0615030004893014,0.05580905004195987,0.022944170856202522,0.13226946055536776
2954,2,0.03510792095368859,0.03105493635132112,0.011133262955536963,0.08287253422522359
2954,3,0.04718288555859085,0.04435756683254637,0.024716741319084735,0.08572568523637537
2955,1,0.02219759638481006,0.02016958182092029,0.008179908995194024,0.047802786151152805
2955,2,0.008683931219040148,0.007366680335812945,0.0021481179302510465,0.022617471666779625
2955,3,0.021470720089700506,0.02060830474741367,0.013265816432638324,0.03481443912120726
2956,1,0.0021518684649711817,0.001702242702374821,0.00038933251294937546,0.006482649298958298
2956,2,0.01863174073276593,0.017420976960777032,0.006595823553751878,0.03771113196348977
2956,3,0.0073946671476421855,0.005876712165579545,0.0011415115857343284,0.0219993529911056
2957,1,0.029441113393695977,0.025863234424761145,0.009678001642790392,0.07036360327765026
2957,2,0.011546389900671927,0.009424708520296619,0.002592182538237543,0.032494336425564166
2957,3,0.027876765008193142,0.026468373935006673,0.016606585372326427,0.047300495181959244
2958,1,0.029762332450359714,0.026933044990604768,0.010794237865470341,0.0652073307321234
2958,2,0.011382406110513459,0.009903962469522076,0.0029988114732873656,0.02815799386639125
2958,3,0.028311406100147696,0.027929230339611612,0.018931617678902796,0.03998009909864338
2959,1,0.027472485344772646,0.024611832296725672,0.009576310299931506,0.06194507752490112
2959,2,0.010336807930076774,0.009098108807775576,0.0028140192789619257,0.024748383392439056
2959,3,0.02607187861352757,0.025551053458234347,0.01642231509808945,0.03874124450201793
2960,1,0.006969247145583105,0.006173010038485445,0.002176952349909478,0.016367091524542136
2960,2,0.07645995650994343,0.06862395300794186,0.012974600406908668,0.18541555729280143
2960,3,0.023011752796835445,0.021630348151902686,0.007021759391129012,0.0475322996191197
2961,1,0.042278257315452414,0.03889506418529298,0.016503944842774995,0.08732655586444264
2961,2,0.023464480087980934,0.021703250223777996,0.008808067996485196,0.04804347541211261
2961,3,0.031616767238838016,0.031184583864755942,0.02165065837541914,0.04404925175318319
2962,1,0.00894843902279378,0.007103989963514777,0.0019575128473527975,0.026939687942927698
2962,2,0.09647078324585542,0.07695606125738033,0.01395803532267395,0.29580121149148936
2962,3,0.029876059060483434,0.02443149508334752,0.0062949786320254785,0.0861864210913413
2963,1,0.02913023693213188,0.02610846800842656,0.010256908329345409,0.06559417631685405
2963,2,0.011354921715537496,0.009546887076607002,0.002744425714574132,0.03037371330395905
2963,3,0.027583262226034973,0.026948211509912404,0.018335747053299857,0.04051142425536539
2964,1,0.02590382509886192,0.02308157568937702,0.008864863861917864,0.05909739103565434
2964,2,0.009611573290977022,0.008544481012313112,0.002688869272459391,0.02247530828298972
2964,3,0.02460714392454855,0.02395310353497164,0.01475493152898706,0.038209875943477495
2965,1,0.0034530096782470357,0.0027693639177786204,0.0007951010861508436,0.010196753014876887
2965,2,0.034766734729479706,0.02963979834344714,0.006981218929378538,0.09467015089360446
2965,3,0.011565579244634952,0.009713412326888,0.002439232834094626,0.03258177873914656
2966,1,0.023601193437137364,0.021176234632095954,0.00812623684697609,0.05296646008367497
2966,2,0.00861663460434093,0.007877216124178186,0.002627183652008533,0.01877529877720831
2966,3,0.022556477198733924,0.022101330950457014,0.01286051570440753,0.03489334736162995
2967,1,0.0028754710340420306,0.002600382323332947,0.001085909485494885,0.006250406375545253
2967,2,0.03628781161128825,0.0285676819706937,0.004369909449072581,0.11082042060297456
2967,3,0.009298986705507023,0.00898108810044669,0.004156161895533647,0.016215028892971484
2968,1,0.003747808280905624,0.00310050477402385,0.0007769207176013846,0.010480561864404634
2968,2,0.03460483932172098,0.03229675618169081,0.009917290548315763,0.07261338059208676
2968,3,0.012741293628613218,0.010746759888122114,0.002300842448251542,0.03421509621834104
2969,1,0.005219166923036507,0.0046093555773737286,0.0016013839196161656,0.012438886381906085
2969,2,0.05638314816207981,0.05098901738381472,0.010195422293773754,0.13477769890820468
2969,3,0.017299386267204328,0.016111004287038017,0.0050386260673739676,0.036665780355157926
2970,1,0.008579903989531505,0.007554870833313347,0.0025918376985440404,0.020644267817535353
2970,2,0.09309021819224614,0.08340133740693031,0.016180599520269703,0.2265772727311837
2970,3,0.028412128105343572,0.026357716720500246,0.008213302125273606,0.060547194624895974
2971,1,0.009105167309162526,0.008013090741182283,0.002870981811490753,0.021731320615488353
2971,2,0.10333973292566673,0.08876161119909132,0.015446473105332282,0.2735636322353605
2971,3,0.02991322050565507,0.02781588337040869,0.009638410748694072,0.0623656395922876
2972,1,0.11280926434543026,0.10587264157166937,0.047990822821413925,0.21721702593212422
2972,2,0.054016160976355414,0.05200191450593335,0.025903674492966842,0.09350238799145645
2972,3,0.0716709903958533,0.07058188031886856,0.04579521249940668,0.10349906621011797
2973,1,0.03912342336546677,0.03546649229229938,0.014212439167954848,0.08498187318128882
2973,2,0.015177388634370563,0.012967366021882431,0.0038297722769406834,0.03899493552387524
2973,3,0.03728385164607031,0.03663400813160589,0.025028886050774874,0.05319381783027444
2974,1,0.006946329055612163,0.006034759603402641,0.0020687474116111407,0.017082748090811718
2974,2,0.07681315888246329,0.0667646523430625,0.012164175247314127,0.19918894463827375
2974,3,0.022915938520174754,0.021037054935574985,0.0067395105760920965,0.05060672781261175
2975,1,0.0037434154684204348,0.00329339253480806,0.0011828107024990059,0.008936940522899544
2975,2,0.04136341419948487,0.036598340938594466,0.0069308722683777526,0.10363361990604404
2975,3,0.012351240607420984,0.011485754852421351,0.003810154658245343,0.026316424098319146
2976,1,0.005083851314406247,0.004519257743527087,0.0016425300705600662,0.01182028836871427
2976,2,0.05603759405163396,0.050108497980602545,0.009479314256316703,0.135911786664499
2976,3,0.016780209948105976,0.01582824369405763,0.005294334910669504,0.03401914361401233
2977,1,0.006305871170767961,0.0054254384308056935,0.002019881485579129,0.01575698875165873
2977,2,0.07653906975569146,0.05999335758411868,0.008988806423292056,0.23752428294061412
2977,3,0.020476120383792328,0.01850361405081336,0.007454272741135575,0.04519649955817857
2978,1,0.004043878384619658,0.0035653246281808614,0.0011820839495315437,0.009661934058163426
2978,2,0.04255680662090455,0.039200102461125076,0.008336197487257306,0.09691265640972906
2978,3,0.013458341379160021,0.012517752928894111,0.003696584427837098,0.02889492236508659
2979,1,0.002805306229146613,0.002376681060538316,0.0006518931838544968,0.007427163148906659
2979,2,0.02692019974064143,0.025203274190415376,0.006939274596935709,0.05720949741294154
2979,3,0.009477497337065051,0.008299774661112942,0.001928718078299634,0.023702450153505455
2980,1,0.009053372441677967,0.00783992840343464,0.0026002095736563954,0.02253480166887566
2980,2,0.09890789349251226,0.0863730497628792,0.016265640857517173,0.25561726367809484
2980,3,0.02991565683913245,0.027330779476426967,0.008276302788946446,0.06712424385519383
2981,1,0.004115774406037059,0.003556702692333496,0.0012920758262246115,0.010150117985168648
2981,2,0.046404208783021934,0.03972105577817123,0.007115812569554008,0.1244622461768117
2981,3,0.013538673469978042,0.01239289045397414,0.0042711461639707874,0.029627206124392874
2982,1,0.042448583380848066,0.039655193863405325,0.01738120928689423,0.0834976864309345
2982,2,0.023590566516695034,0.022136888830766546,0.009286923150298058,0.046193785404182904
2982,3,0.032186756821475086,0.03176396529985928,0.02115837893651867,0.045600325371654184
2983,1,0.0081657559410311,0.007276122781777954,0.0028078070171850874,0.01859653754251099
2983,2,0.09461985402083327,0.08135792134954013,0.013670583378036928,0.24974897523020706
2983,3,0.02672176390314152,0.025305225703354126,0.009656275806824587,0.05223053901234068
2984,1,0.03674122145615402,0.03308141888390229,0.013093584355889304,0.08125246743433395
2984,2,0.014123178417730534,0.012180913082186615,0.0036296153968686205,0.03577636643548688
2984,3,0.03484583537881939,0.03432745490177372,0.023487028833925182,0.04925171641736382
2985,1,0.03520878678649099,0.031051090086199353,0.012143002127955608,0.08257491918454288
2985,2,0.019766402985123686,0.017310448781077334,0.006275201513723524,0.047580576510799714
2985,3,0.026126866983148225,0.024526175689449058,0.015778585758600024,0.04588904118473756
2986,1,0.04278169939817807,0.03955416321450373,0.016985108769883434,0.08710609689755945
2986,2,0.023484061760865767,0.022159650077527814,0.009441521128340423,0.04521351467815223
2986,3,0.03219445026168146,0.031791309032589844,0.021079498601577575,0.04555111644477777
2987,1,0.03258071190722813,0.029504669027614693,0.011927429408554244,0.07100109813408484
2987,2,0.012749407872327857,0.010784412287721729,0.0031541542566322356,0.03367007617608327
2987,3,0.030958705554960792,0.030525383653820536,0.02156656141251265,0.04288943139545744
2988,1,0.019264830441484797,0.01731864677444196,0.006833883435763688,0.042731673117434546
2988,2,0.0075446657371672585,0.006311564770535646,0.0018147652438367896,0.020350913907002846
2988,3,0.018228133523773758,0.017864840587601107,0.012635826373720082,0.025938496063436373
2989,1,0.03990326153632451,0.03628490039055944,0.014707175991092964,0.0858321979395845
2989,2,0.015435241195687325,0.013306798737518567,0.003982296717066443,0.03903289825813061
2989,3,0.03812440247691532,0.03753714678815186,0.025528090118714764,0.05411980112190181
2990,1,0.005296352193783257,0.004179550930837587,0.0014754653214446769,0.015990512358410917
2990,2,0.06325056693670068,0.04676798428181246,0.007038287746784473,0.21936326734265826
2990,3,0.01725741281412844,0.014210461797983161,0.00524056209759627,0.04819649799999506
2991,1,0.041109060750888354,0.03652447863982727,0.013862449932739253,0.09522359414237062
2991,2,0.015755382700676376,0.0134306001229059,0.003903116059246978,0.04101882758280806
2991,3,0.03905976503070051,0.03762655636174237,0.023271614871637415,0.06330956950069817
2992,1,0.038199448966356284,0.03434967206402549,0.013656077225771834,0.0845940094341283
2992,2,0.014725448860653939,0.012618371870373025,0.0037525280830763884,0.03766524426638159
2992,3,0.036220545583796386,0.0356074995764967,0.024302420101734362,0.05162660737992015
2993,1,0.0053742506032795215,0.004694342192925557,0.0015008828166174105,0.01317048912321209
2993,2,0.056193281067037026,0.0514378125875637,0.010995678174365642,0.13054096395166878
2993,3,0.017909115293581718,0.016439167439412775,0.004654857468087317,0.039679781898152286
2994,1,0.029650738052352157,0.026621320896514027,0.010159738082488762,0.06669481380881048
2994,2,0.010796135939519993,0.009901999814185495,0.0033048458023358586,0.023281426775897757
2994,3,0.028257122987821418,0.027834757340422487,0.01627813300948138,0.04282087627119964
2995,1,0.004229406631550558,0.003743354652922185,0.0015449888809841092,0.009825644236319826
2995,2,0.05421801327024402,0.041410482095509696,0.005893444012321182,0.17448244550381545
2995,3,0.013643170042845848,0.012675440437953451,0.006159680729448673,0.026729907776869986
2996,1,0.03771626181217165,0.034337430046716313,0.013872052752521773,0.08133664664678124
2996,2,0.015027868025034728,0.012446787293848911,0.0034968882955929955,0.04141433742690646
2996,3,0.03624779592283783,0.035312885985768316,0.023052983591166785,0.05475443025049856
2997,1,0.01744850754677973,0.015357372433014747,0.0060004271548765266,0.04095092902200798
2997,2,0.006952379806601283,0.005600402843024389,0.0015599621156121013,0.0202387932406422
2997,3,0.016489874064802672,0.015668415790514825,0.01113689163350466,0.026926341762528776
2998,1,0.002961754860857948,0.002581030154107194,0.0009702994055637421,0.007082930061565549
2998,2,0.03377322713575614,0.028721344208046992,0.005125662771012825,0.09021233668174337
2998,3,0.009730577404902697,0.00900359203410437,0.0032138241877324443,0.020242640250678373
2999,1,0.036513847318928726,0.030234806232618296,0.010309610105630045,0.10010429443614256
2999,2,0.014555912115152102,0.011050921948667225,0.0027477003693776258,0.04684709902574123
2999,3,0.034650894109949856,0.03045679522562942,0.016895205863892194,0.07715107554294919
3000,1,0.031608082307736374,0.028559633474940865,0.011223971189977542,0.06959569724425983
3000,2,0.012611000904249438,0.010365124428850098,0.0028949581244291285,0.03549660086455079
3000,3,0.030148432276298355,0.0293694964966634,0.019676783840239638,0.04521269084518176
3001,1,0.0033738012928089776,0.003068165575128653,0.00132941686290341,0.007199143603497883
3001,2,0.045116600235877255,0.03336523996448748,0.004675849762208042,0.15141914998806622
3001,3,0.01079607864913869,0.010458142189108541,0.005781381153531326,0.017716613043723795
3002,1,0.014783851138438692,0.013293960481812837,0.005273015020233954,0.03279355394864075
3002,2,0.0058804005657312934,0.0048342715991835225,0.0013644153640301644,0.016522964519676952
3002,3,0.013946445012358477,0.013767990162071753,0.01000036872601467,0.01887358764070148
3003,1,0.004769837067748942,0.003984862588120218,0.0016429476914319137,0.012519323694532859
3003,2,0.06249199392986798,0.04410680674499846,0.006037930979708792,0.22023089327889253
3003,3,0.015337483834259442,0.013367900540553437,0.006790132257326919,0.03624340261271762
3004,1,0.023310634407855496,0.020915398788041776,0.008187440974872751,0.05257754917393741
3004,2,0.009367520252790354,0.007561082456764587,0.0020510170921115073,0.027190852566391532
3004,3,0.022216270239603837,0.02130223337750211,0.014247361916196275,0.03554039008402339
3005,1,0.00438675970469186,0.0037988749328820657,0.001617590441715876,0.010246518740973343
3005,2,0.05541135770214785,0.042139139109001376,0.0063749109598034825,0.17302710144283476
3005,3,0.014299973874711455,0.012962007353334866,0.006006668959921573,0.02977435566190371
3006,1,0.0033125329048105823,0.003022566634498062,0.0013178122448287766,0.006951243462620564
3006,2,0.04526478021265762,0.03260424071030066,0.00446763897113991,0.15857219620375543
3006,3,0.010570732395890294,0.010257078926796415,0.005970089210051291,0.016981375572140845
3007,1,0.007495428000887335,0.006652926112142932,0.0026178895732573335,0.017272847132868557
3007,2,0.09780647017084608,0.07257514974243395,0.01008738012905881,0.32588350844285097
3007,3,0.024096261008727426,0.02259621229511463,0.010629249610248793,0.04634689096905434
3008,1,0.020936690355976933,0.017934413248342822,0.0067097004014203135,0.05296985531711228
3008,2,0.008335293481851242,0.006550141749640054,0.0017574769960891933,0.025392401152260692
3008,3,0.01981590368503223,0.017995223457048622,0.012037427701980305,0.039257955539051016
3009,1,0.039551763112927296,0.03357246646503774,0.011721766758146823,0.10240283355622051
3009,2,0.01574677374618212,0.01227905432230697,0.003092909023085883,0.04891319504317863
3009,3,0.03749747604402756,0.034237252001241614,0.019060369906421324,0.07502733710470098
3010,1,0.010256258401134878,0.008702718508838657,0.0029379570111815376,0.026867580723240553
3010,2,0.12850231329049935,0.09529597831024454,0.013317084389899713,0.4359452362181627
3010,3,0.03320822427412782,0.02953965647179621,0.011131694220769763,0.07669299478868329
3011,1,0.005628240313024529,0.005021897313278935,0.002051228150217229,0.0127045884704219
3011,2,0.0712154287647,0.05553231143782657,0.008128495553395098,0.22075926335833412
3011,3,0.018167542469778482,0.017162226767411238,0.008001390527989071,0.034228969308861275
3012,1,0.0043453483130016955,0.003795487426818074,0.0015536961223650708,0.010338635176540942
3012,2,0.05744536461483528,0.04162150207549352,0.005727764240989119,0.1975081971752712
3012,3,0.013931048123541172,0.01279406952062205,0.006604445202311642,0.028149972959352156
3013,1,0.03152230194319001,0.028444965511159704,0.011358721147143787,0.06928231677787515
3013,2,0.017852960789417994,0.015768519679691284,0.005703166060853294,0.04201986530587253
3013,3,0.023705808684855882,0.022625509567223822,0.013679100364386253,0.04010662649160576
3014,1,0.0322399010165314,0.029423029335080515,0.011851414960082032,0.06883727641097007
3014,2,0.012877417356288345,0.010648699566864308,0.0030230776693222533,0.03562645033057338
3014,3,0.03086357561317492,0.03027548385115831,0.02082422060405948,0.04426697055712635
3015,1,0.006250671771223221,0.005375283607851602,0.001974306672147787,0.015708085041497767
3015,2,0.07629174502745432,0.059587992090889996,0.0089296002615277,0.23830651197824626
3015,3,0.020302951796719905,0.01835014010323694,0.007306907040090189,0.044778901827437774
3016,1,0.0055817319305379995,0.004536490777874632,0.0017335897756080864,0.015762785511943794
3016,2,0.07441308894654251,0.05013901262109249,0.006509923598816053,0.28415442234177446
3016,3,0.017812968231089823,0.015071837343836941,0.0073710626583045466,0.04486943466123118
3017,1,0.005124458409010777,0.004578907269938262,0.0018810644464107038,0.011589543231506527
3017,2,0.06914326388303876,0.04974086891303822,0.006704180291954514,0.2419181623442814
3017,3,0.016384978041680227,0.015401554630063303,0.008201525964848461,0.030305593639812077
3018,1,0.0038243006237720844,0.003390483670245993,0.0014598530094977599,0.008696672714064744
3018,2,0.05131182660571331,0.036956499889985964,0.005131448848900693,0.1767094978027677
3018,3,0.0122902700720053,0.011427942086174082,0.006265146936544531,0.02340980998172615
3019,1,0.008539534470353778,0.007453166909832009,0.002767982051656349,0.020611705714956827
3019,2,0.10645364445737068,0.08203244447383476,0.011659816376704487,0.3349149395076999
3019,3,0.02764054785290947,0.02539518705581431,0.010477648180330314,0.057795164309423344
3020,1,0.027160471104827874,0.023918808882574385,0.009014382167755044,0.06445642159014035
3020,2,0.010755409714981441,0.00870866628810023,0.002384052582606744,0.031135609208190158
3020,3,0.02564872901986515,0.024475680143054096,0.015974442748085575,0.04203718926048396
3021,1,0.003802670642916874,0.0033842241874935592,0.0014240311605097991,0.008578458781324868
3021,2,0.049056701467580045,0.03744478823633794,0.005369656605174394,0.1565505421944259
3021,3,0.012243873431217746,0.011527445732309254,0.005785213286893165,0.02289955246238607
3022,1,0.007157021809575551,0.006159289720362458,0.002258120241421317,0.01802432690552363
3022,2,0.08908288071743854,0.06814974484775177,0.009683483454972485,0.2880732085054456
3022,3,0.023192150518767708,0.02086959556095073,0.00859524531462659,0.051391078361327634
3023,1,0.006738256832481347,0.005708031245728756,0.0021205274090499147,0.017445800840103918
3023,2,0.0864008164778956,0.06289887328505746,0.008578044185434248,0.2977521604693583
3023,3,0.021717902058877803,0.01919805539879365,0.008436694198981977,0.049764376487511176
3024,1,0.0030390408223635603,0.002773870674059014,0.0012251398079743,0.006382178820322226
3024,2,0.040203003466733105,0.030301391679808404,0.004262969526456615,0.1304077067244934
3024,3,0.009738133233015365,0.009446559333351298,0.005288098453667417,0.015825997833174184
3025,1,0.03991948017444125,0.0361178218790041,0.014238947695667086,0.08759290447993362
3025,2,0.015851250834102163,0.013088205280989303,0.003674537365056688,0.044092159294511435
3025,3,0.038061049946850646,0.03719546916242335,0.024862172124774335,0.05626664386657202
3026,1,0.0033268856312338216,0.003031432251768661,0.001308060333078547,0.0070456476076080675
3026,2,0.0446639394675526,0.03236764854110975,0.004490315950299247,0.15317050656896422
3026,3,0.01063140429769018,0.010317495457161971,0.005754894046965224,0.017283211287826228
3027,1,0.02102863552956962,0.018531325375413906,0.007072538328736215,0.04968306819081554
3027,2,0.008347625259897176,0.0067407241051460716,0.0018742165044569176,0.024095513347086032
3027,3,0.01988784071330533,0.018845990346509904,0.012864657637154194,0.0333858833133948
3028,1,0.008802852839864024,0.007427846213186456,0.002629515301963391,0.02311671339175699
3028,2,0.11642724788290985,0.08112077401803944,0.010407970652498795,0.42905499212306125
3028,3,0.02821050276134425,0.025058708475843024,0.010814871895820628,0.06455451808542272
3029,1,0.028928177090259275,0.0259339099588725,0.01004373599192403,0.06524489148491718
3029,2,0.011539550113541115,0.009400407191383228,0.0026007756888042763,0.03304372985416293
3029,3,0.027518078223291505,0.026610361378405896,0.017553089098772453,0.04265771459258231
3030,1,0.0055233810922346565,0.004291811772591137,0.0016050406316232718,0.01702144858727148
3030,2,0.07099775829028701,0.04807093159409181,0.006529685358621819,0.26794692717443785
3030,3,0.017800280342873773,0.014379081454990384,0.006362120206619629,0.05121696390691511
3031,1,0.004011517967908097,0.0033802218322051126,0.0013802147691291166,0.010246355306698497
3031,2,0.051839654904793184,0.037558785427579205,0.005326785596662674,0.17587507073554332
3031,3,0.012899413029565604,0.011405061575676473,0.00560757913714288,0.029420513193970835
3032,1,0.006038705282894495,0.005029553812607782,0.001847565865876521,0.01634584723342248
3032,2,0.07448313875559814,0.05590676687449499,0.008093166393575105,0.24823332194005265
3032,3,0.019570453926702047,0.017007290319707165,0.006953625590866675,0.047405158015437855
3033,1,0.02794289338996149,0.025186858946429046,0.010038940466079959,0.061957620422672575
3033,2,0.011342103868859163,0.00910504369176077,0.002478717456237643,0.033098437439267124
3033,3,0.026975656856460823,0.025703455082138348,0.016282921853549324,0.045210829930330244
3034,1,0.028895492765265807,0.025370258922129248,0.009443369116756613,0.06880104869630958
3034,2,0.011494580030885092,0.00924696899882525,0.002467234309580734,0.03387801544586559
3034,3,0.02731614915999896,0.025962523838067297,0.01639038052578628,0.046090374098772556
3035,1,0.019966170054855775,0.01830058330163688,0.007531959097580401,0.04199918257657325
3035,2,0.0080190537207341,0.006613490661278757,0.0018834888163167256,0.022454228114217663
3035,3,0.019181545448710265,0.01878060275706029,0.013121620219780908,0.027562445737805676
3036,1,0.0037568687074066827,0.003322776053922779,0.0013674443605060423,0.008704991382334045
3036,2,0.04576370703384225,0.03704744196096091,0.005804853518705511,0.13340026405680971
3036,3,0.012208595773695968,0.011428082143751427,0.005008538547995331,0.024067946213436258
3037,1,0.004387837038617697,0.003718835114640872,0.0015114935034418525,0.011200721448671756
3037,2,0.06010026527790583,0.04061300194178642,0.0053058286527964205,0.22319530965576306
3037,3,0.013976088402317018,0.012393999619325441,0.006813704785352496,0.031101084820217017
3038,1,0.004581387953771672,0.00389666761618095,0.0015843221312122674,0.011586961410579613
3038,2,0.06145828659757239,0.04275482644342811,0.005675893813848059,0.22297016239703962
3038,3,0.014635759970553474,0.012991440891343797,0.006844331020462095,0.032672361518203255
3039,1,0.004348503786487754,0.0037421030059588533,0.0015596883425395814,0.010650848681953158
3039,2,0.059483972924708264,0.04099627686959028,0.005354492081241983,0.21810188014824392
3039,3,0.013895042999301898,0.012508279706766252,0.006911255750354605,0.029099847445099063
3040,1,0.007156353463617006,0.005643674214653803,0.002015893558033939,0.02152706745332425
3040,2,0.09662391439176492,0.06230129206957346,0.007753997716056815,0.3903667590129256
3040,3,0.022864145565309486,0.018704711981092286,0.008496474120305863,0.06260371063569803
3041,1,0.004427706606609791,0.003745004284450063,0.0015431459896634815,0.011188610293554533
3041,2,0.06066011356164007,0.04089711618717362,0.00544167579197382,0.22356501493578188
3041,3,0.014157212361604277,0.012507326473405536,0.006939880626749253,0.03133285675349347
3042,1,0.005733166444879438,0.004854789019493513,0.0018811828961393137,0.01484673773449479
3042,2,0.07636192721333955,0.05335669724180027,0.007040329223457613,0.27793027112024027
3042,3,0.018386284625607142,0.016242302050403532,0.007904198279267848,0.041713572441949454
3043,1,0.003471509086610765,0.003058724115399142,0.001282065909859994,0.008075633080427743
3043,2,0.04292110836089143,0.03408961050163005,0.005216623243054283,0.1287209962563715
3043,3,0.011251671532516546,0.010477009090349734,0.004795076747262163,0.0222980311937891
3044,1,0.031735791138037955,0.027785411996063034,0.010316652290475556,0.07599021922081928
3044,2,0.012640601786518317,0.01011645337926267,0.0026951139762216294,0.03726495004530951
3044,3,0.02999195355590593,0.028465275932115522,0.017854699041175412,0.05082977210254824
3045,1,0.0040833437936244645,0.003430255403360107,0.0013814450536325006,0.010661361040069324
3045,2,0.05138132142976648,0.038297945239079936,0.005597082238510826,0.17118525376143576
3045,3,0.013194447657380507,0.011625048186604205,0.005355749151868057,0.03090723216494826
3046,1,0.004129844672970592,0.003657468893553103,0.0015208875975723445,0.009465703294988225
3046,2,0.05491561517782248,0.04006218993183239,0.005512693144204264,0.18914851339663322
3046,3,0.013237093579948043,0.012410087416714182,0.006486042667124986,0.025040498179380373
3047,1,0.014637613360092535,0.013213213102366509,0.005250768522540922,0.03237286049727772
3047,2,0.0058467710714014895,0.004787303582052175,0.0013510458154111001,0.016520894320254487
3047,3,0.013848772191835288,0.013671620616991969,0.0098977041142187,0.018806580870779795
3048,1,0.024212850372069824,0.021677775203646207,0.00849953749793261,0.05447639538932663
3048,2,0.009643423321296727,0.007872678137460194,0.002188548714240081,0.02743572805684896
3048,3,0.02291849624281951,0.022349299746369386,0.015368580291249734,0.03383425790155143
3049,1,0.0033806476390376605,0.003086805898766635,0.0013373189678347716,0.007127602624839406
3049,2,0.04684472249590966,0.03325905615944957,0.004451532846172096,0.1672725483833079
3049,3,0.010754570421048434,0.010431778678846922,0.006219606613932452,0.01716082780413802
3050,1,0.004637530174300578,0.004193476731599874,0.0017364371058579333,0.010148305804714314
3050,2,0.05562098906251792,0.04679769842504296,0.007571771437794816,0.15108925258019507
3050,3,0.015119131442423703,0.014514557893912448,0.006187666917010424,0.027579842721420063
3051,1,0.003406413681359002,0.0030300177065206353,0.001085770276835191,0.007902859726226192
3051,2,0.03718120822550891,0.03364677892531679,0.006560615586644033,0.08831018664077268
3051,3,0.011268641647651872,0.010624892168754453,0.00345014137096786,0.022973199421466174
3052,1,0.003989156286039922,0.0036227060329988175,0.001564529797206522,0.00854013316884966
3052,2,0.04947760381504296,0.040377174445722835,0.006185092352923537,0.14204865844139422
3052,3,0.012927379090895499,0.01246426749554078,0.005974485497974286,0.022442120243012658
3053,1,0.004861809881022781,0.004328762077399229,0.0015886595209159329,0.011281384812260608
3053,2,0.05435243725438446,0.048085539982468034,0.00880342183074898,0.1353759944239601
3053,3,0.016008629842823155,0.015078686356743365,0.005191185405387326,0.03225421943856883
3054,1,0.032760126522155625,0.029679077360994382,0.011913422122973841,0.07096908506418273
3054,2,0.012780093004529662,0.010852676847120653,0.0031959790755859887,0.03323284479105238
3054,3,0.03120710022671084,0.03069572151129533,0.021312999957353314,0.04392838933094118
3055,1,0.004203383122263636,0.0038101083577920273,0.0016562586165833032,0.009008754686495089
3055,2,0.054799348998805654,0.041839194805081914,0.005969778212601467,0.17415689021586592
3055,3,0.01350497883806513,0.012995624080702388,0.0069342326857976455,0.0230040406239097
3056,1,0.004270470756138486,0.003867335815458889,0.0016177261791808547,0.009235485501695359
3056,2,0.051106049460364095,0.04319329676666789,0.00694010774815636,0.1376845423023969
3056,3,0.013912064129473543,0.013402003188716309,0.005761777323728625,0.02504233711541271
3057,1,0.017301198163494666,0.015612391131592056,0.006248287173359215,0.038160877299935524
3057,2,0.006813101901732886,0.00568717920034136,0.0016425189913250667,0.018540893348604065
3057,3,0.016377941899153967,0.016116315612262948,0.011637244838193837,0.022615704441110288
3058,1,0.02306489734101387,0.020794363110329707,0.00827047010718219,0.05109023219826593
3058,2,0.009173923344038529,0.007561249644229621,0.00212848314259372,0.0256017065895899
3058,3,0.021876884793316745,0.02143796253119578,0.01506898895929029,0.031168477831943157
3059,1,0.0031279002402647906,0.002844207064838274,0.0012373602249242815,0.006639528769682528
3059,2,0.038675154441010766,0.03172694507214978,0.004886274437370375,0.10965020661707069
3059,3,0.010139488559151087,0.009817072671549527,0.004670765957812665,0.017480404893741076
3060,1,0.019251898599229614,0.017427481265929072,0.006964859066883721,0.0421299334681212
3060,2,0.007650189910406367,0.0063286893239673375,0.0017917436688303816,0.02124837893180594
3060,3,0.018293041473831224,0.017941134186703726,0.012735530349273503,0.025936813574064393
3061,1,0.0035515989038988802,0.0032291820350388223,0.0014164771183216112,0.007538760215166488
3061,2,0.045572048273884246,0.035721732948192426,0.00521509263697137,0.1393715291777145
3061,3,0.011443657672082424,0.011053068234412558,0.005748735162250187,0.01937757524532482
3062,1,0.0380145222971098,0.03482354467389201,0.014286791544522271,0.08036250063535613
3062,2,0.014920288754018378,0.012663291736277702,0.0037448267070334953,0.038760824586417435
3062,3,0.036399029349425016,0.03590413330063409,0.025355911635081673,0.050339547769783
3063,1,0.004057966769272367,0.003688844307131562,0.001567622113464302,0.008689246147270268
3063,2,0.04924076889595407,0.04116222193910508,0.006541742576851951,0.13577610699447698
3063,3,0.013211953924474763,0.012753804851091073,0.005689204272516157,0.023426421199844834
3064,1,0.006677971550862068,0.006036237428952344,0.0025606811348337206,0.014531332620215212
3064,2,0.08485545040728237,0.06660241044941391,0.009723806797756479,0.2599976801364515
3064,3,0.02155914877189768,0.02066645902932196,0.010060049313358974,0.038314529012865035
3065,1,0.030456696336057652,0.02721907446751861,0.010545190619151556,0.06896090027565645
3065,2,0.012034761112837791,0.009877964175271342,0.0027830617542945117,0.033672015274852155
3065,3,0.028848786704515246,0.028037808890994366,0.01872700113807325,0.043639691991794606
3066,1,0.004983847223726841,0.004493770276786897,0.0018695488858827358,0.010956170790292482
3066,2,0.06098720390154177,0.04999698395522531,0.00772736357618518,0.1737224378851546
3066,3,0.016178051169988182,0.015475206152217659,0.0069442596132090325,0.029489812462457573
3067,1,0.03014956919070597,0.027147326171550898,0.010753398115667131,0.0671421192322456
3067,2,0.011878343290863054,0.009894683082937861,0.002848318828386353,0.03245232223795774
3067,3,0.02858510506224894,0.028049942708267776,0.01950633738275337,0.040711544542054307
3068,1,0.0036149379357466216,0.003223057123225309,0.0013836891958413026,0.007919869799303605
3068,2,0.04914405853045023,0.034963523312706135,0.0047991716989900625,0.1702978157009264
3068,3,0.011552364368194118,0.010902187339413566,0.006226246274786537,0.019971380957537675
3069,1,0.02411199731611954,0.021704214775797308,0.00854711265423626,0.05342217365595941
3069,2,0.009498582988154595,0.007893864582394822,0.00224711032615595,0.026086264500925906
3069,3,0.022840327512329478,0.022385253576832104,0.01562457590565986,0.03277755542264294
3070,1,0.00414144844235811,0.00361411213657599,0.0011501811067012482,0.010242387669211329
3070,2,0.04320935770196177,0.03941963784207335,0.00855033212978872,0.10068184367244314
3070,3,0.013800881789671203,0.01268399824562176,0.0035504160326558093,0.03090203918445369
3071,1,0.004574605827891416,0.004151535286359909,0.0017913629494389256,0.009795305268043585
3071,2,0.059192377112186216,0.04565695887585751,0.006614288182909351,0.18491871196073614
3071,3,0.014726158706952416,0.014169328977568117,0.007384376864644022,0.025394707595926828
3072,1,0.022607101878981274,0.020316248299919085,0.00803664750130649,0.050553052316727756
3072,2,0.008974357183457543,0.0073630080340909235,0.0020821374475505344,0.025074434314879896
3072,3,0.021377252248146256,0.02099063229198833,0.014817370039169123,0.030208983949739983
3073,1,0.004814255182408979,0.004324370544225058,0.0018213868862821654,0.010641622375790033
3073,2,0.06200412178240128,0.047679864948453006,0.006839173622110027,0.19537485321887946
3073,3,0.015479360711945883,0.014722653192346193,0.007445966776160263,0.027800026215256842
3074,1,0.018714132845537614,0.016879060184892325,0.006766167611628722,0.04117410929003663
3074,2,0.007424819709169984,0.006137182448862849,0.0017551613704184042,0.020560135636945625
3074,3,0.01771903041757773,0.017460250736452004,0.012631499160842115,0.02429765612052552
3075,1,0.004691658400762492,0.0042178945280177136,0.0017741934588971439,0.010330642461718238
3075,2,0.059300083210459424,0.046851527172057886,0.006860471018203476,0.18055848125802637
3075,3,0.015139524103872922,0.014415383094476663,0.007031416383866977,0.027495945762816283
3076,1,0.003496355639440103,0.003148700281980943,0.0012527830315779372,0.0077718019001723525
3076,2,0.039877017903622275,0.035214405000968424,0.006326285731575536,0.09899467774548046
3076,3,0.011486233183649351,0.011001610002300035,0.0041008118453641105,0.021714715012625674
3077,1,0.006624761750274631,0.005965641919782692,0.0024359820507843105,0.014608884812499032
3077,2,0.07872637160710096,0.0666506690982542,0.010889963974892275,0.21312233752048262
3077,3,0.02161601638732253,0.02067969815491598,0.008548729286999571,0.040240509982548925
3078,1,0.004291369743183156,0.003876110842685471,0.0016053519951523699,0.009370944916547526
3078,2,0.051014684002390905,0.04340259408520544,0.0071278303049870425,0.13640145826641414
3078,3,0.014004133081024968,0.013479919143278977,0.005656913668945226,0.02549494541723469
3079,1,0.03122906312069285,0.02847500844023204,0.011475647593959104,0.06729127100309387
3079,2,0.012248314335008862,0.0103686144504151,0.0030068268089745776,0.03227861847375803
3079,3,0.029956766097867144,0.029246399826863313,0.01960384882198423,0.04429950421142297
3080,1,0.020636313286416623,0.018439843976676668,0.0072102353633158945,0.04675333067997712
3080,2,0.008189273438295328,0.006726293478254737,0.001886262812837941,0.02291767818131066
3080,3,0.019517334791376198,0.01903434562152056,0.013291374769053711,0.028645031419706746
3081,1,0.027900221892022934,0.025113867400255473,0.009854357594114162,0.062148606554401374
3081,2,0.010997422694368597,0.009155512599604902,0.0025793267532418303,0.030098394936214846
3081,3,0.02646358403422806,0.025842849812532848,0.017739082715998437,0.03869246541687788
3082,1,0.003221201780336912,0.002931757892260166,0.0012585784619434327,0.0068881978735348135
3082,2,0.039801536282693006,0.032532003819595506,0.005078406353025262,0.11418520803421328
3082,3,0.010433682140134145,0.010102145141296044,0.004778627816768142,0.017991801382861286
3083,1,0.0037290439530993902,0.003388529441947871,0.0014610132459181716,0.007973624261058024
3083,2,0.04618611224087776,0.03779351912581737,0.005827269866736072,0.13215899615798388
3083,3,0.012076836433752076,0.01166742500906465,0.005576781246336683,0.020934735958354576
3084,1,0.005988922067581519,0.005372707130470293,0.002232338488572051,0.013309268787733442
3084,2,0.07659731236263581,0.059270758141682645,0.008517640046889922,0.24137390720363444
3084,3,0.019294724561208076,0.01831261747816603,0.008966725597466595,0.0353169929142807
3085,1,0.004571961112790449,0.004123810071080486,0.0017042727008559342,0.010051866174147888
3085,2,0.05438458080992317,0.04611135341179745,0.007504221543728827,0.14597074117405576
3085,3,0.014913742650366631,0.014322756200759425,0.00597077367424276,0.027380409265313797
3086,1,0.026628966801141456,0.023945390777182284,0.009517884185957297,0.05900656151724003
3086,2,0.010432711968265375,0.008743981618193685,0.0025380331020679924,0.02795517342911278
3086,3,0.025192073476689603,0.024788813130036155,0.017534133163475938,0.03511292588627571
3087,1,0.005060926279982651,0.004565200340492177,0.0019342841639580885,0.011120588500772181
3087,2,0.06503615225367283,0.0504392924836254,0.007277417066301994,0.20452632990943836
3087,3,0.016290537720164547,0.015529754143145325,0.00787571356274843,0.029031230609621064
3088,1,0.0047495034368553275,0.004297697323614467,0.0018305763440467184,0.010256086141193287
3088,2,0.06052561156945113,0.0475426499916123,0.006943745614151091,0.18391967542202975
3088,3,0.015304602476598345,0.01466842325922756,0.007374303860557886,0.026793025060038868
3089,1,0.0013017682560999546,0.0008852345634269279,0.00017922839394084964,0.0049192127402548315
3089,2,0.00950536606623044,0.009212131011369525,0.005377365601911629,0.01531530026235062
3089,3,0.004609733289480048,0.003003437098127134,0.0005159853406971367,0.018561578174445228
3090,1,0.05986478570737581,0.058144801331990084,0.030285078012718455,0.0996271717483876
3090,2,0.030036913766246648,0.028291076750873,0.012831210013296197,0.05705026607971057
3090,3,0.03931918768096426,0.03858119788366741,0.02378632139978916,0.059024958639494564
3091,1,0.0045452218494241164,0.004094879373765901,0.0016895981892907407,0.010114370233249443
3091,2,0.054816007083459156,0.045639011980158184,0.007159314706210828,0.15181578010379876
3091,3,0.014784630334374148,0.014130472627057637,0.006112579278361749,0.027350042958559927
3092,1,0.030693944139353557,0.027519014302481614,0.01075966372840824,0.0691191823487276
3092,2,0.012172145367908754,0.00999790234995659,0.002816950077054635,0.03427399364833426
3092,3,0.02899697592037017,0.02844083117983353,0.019660892849926222,0.04153795364983993
3093,1,0.004813088696263948,0.004364791364442583,0.0018602342587121861,0.010409195066452472
3093,2,0.06102513977746672,0.04811569404678817,0.007139923066336694,0.18437555132188183
3093,3,0.015538006910829634,0.014915595457223868,0.007364961222704674,0.027302683276901128
3094,1,0.02378759139493958,0.021518996690090244,0.008602085845369698,0.05206748962842079
3094,2,0.009341231489582394,0.007822184212287487,0.002269846040963243,0.02508825929952404
3094,3,0.02257237425249244,0.022230252346789603,0.015816178023848566,0.03130102180951597
3095,1,0.03429464583901792,0.03117899709955854,0.01283257649337135,0.07381468623017365
3095,2,0.01939183724465951,0.017314628292412034,0.0064175032118838245,0.044487714739834316
3095,3,0.025510289695229525,0.02488540062157556,0.01711105355684873,0.037685527402787
3096,1,0.0033503055696331133,0.002986206447778851,0.0012911362709512916,0.007425774650107479
3096,2,0.04453840800687472,0.032706127823027634,0.0045196339192979966,0.14790947924139403
3096,3,0.010736880862492392,0.010096695685278542,0.00560113834484097,0.019018168134971185
3097,1,0.031386299581628245,0.02841120709777796,0.011612534931790042,0.06795584689027225
3097,2,0.017730440505181785,0.01580104906066492,0.005848148269941295,0.04054696746332158
3097,3,0.023278302634872235,0.02271252535405582,0.015853496545688673,0.03405956494343019
3098,1,0.003992712937484063,0.0036350756312532196,0.0015811824826116637,0.008487667944259229
3098,2,0.05063574453175825,0.04025684066513979,0.005994878124826993,0.1512908246849011
3098,3,0.012876980078090206,0.012457493058085805,0.006323363770581622,0.02186333017520348
3099,1,0.004748889294628551,0.004277617448183704,0.0017612733430960985,0.010424191217947174
3099,2,0.05659228816757408,0.04788565043945703,0.007734371293066416,0.15287940553833704
3099,3,0.0154796245606567,0.014820431308137837,0.006264776671285017,0.028657792751292384
3100,1,0.004379760590969772,0.003976274802801509,0.0017284295858654675,0.009400664063339052
3100,2,0.055945261793915894,0.043745977210048165,0.006418960898282963,0.1706418972448808
3100,3,0.01412147282471439,0.01357931360276697,0.006942574166323908,0.024364201478679733
3101,1,0.03081338536495023,0.02849730376994644,0.011937740999275545,0.06287953904997594
3101,2,0.012225309666376102,0.010349062371979412,0.0030305501876413087,0.03232219940867251
3101,3,0.029816895839592943,0.02931944044156215,0.020068793943475063,0.042378098644912585
3102,1,0.004166328213046067,0.0037346229187897994,0.0015768175440967155,0.009242630223936722
3102,2,0.0527096929348281,0.04147081147689699,0.0060997754762070824,0.16165873810210746
3102,3,0.013459109673207431,0.012753141243638261,0.006239749419618041,0.024750703399701843
3103,1,0.03517943665101659,0.03173608847655507,0.012629903734772912,0.07713054498192072
3103,2,0.013845537252914193,0.011606340453486361,0.003319925542139356,0.03737015526827043
3103,3,0.0335824441702189,0.03275934961343841,0.02187453143567917,0.04975188003771941
3104,1,0.004043966562434651,0.00359169802783899,0.0015026061155851975,0.00917738195945862
3104,2,0.05125293961015567,0.039957548854183705,0.005780679564896543,0.1585950166160977
3104,3,0.013048477032746794,0.012244307770047175,0.005985441130366461,0.02491799691561775
3105,1,0.03132349889530842,0.028463471304152395,0.011660485349264095,0.06729048457075168
3105,2,0.01773763556517557,0.015799296363827306,0.005843737629121727,0.04090781158882155
3105,3,0.023260313968039015,0.022696366831184783,0.015806040725254725,0.03396598358843172
3106,1,0.0063461265511389675,0.005688380369036319,0.0022919521166389132,0.014264283791808153
3106,2,0.07569414218812757,0.06356505356028916,0.01020054936810862,0.20777061657801227
3106,3,0.020677103478054855,0.019641962333952868,0.008148718103564006,0.03904772451590972
3107,1,0.005609163177459661,0.004904207684058793,0.0016008583014095528,0.013705713682670435
3107,2,0.059287092389162716,0.05366856417757302,0.011199468281954311,0.14006810088355698
3107,3,0.018653499866384933,0.017151797167868393,0.005010885610748735,0.04126478720131544
3108,1,0.0037823777885855553,0.0033851554168335537,0.001326238328113617,0.008502766851154892
3108,2,0.043258285518041485,0.037989426778136624,0.006659626955561446,0.10887803273702923
3108,3,0.01240724258486364,0.011820207317915672,0.004434111555711061,0.023962160588476496
3109,1,0.030107657248287487,0.027255877262270897,0.010902345168573522,0.06615189304808329
3109,2,0.011788655792085396,0.009913318805992765,0.0028761424730636394,0.031522284253177824
3109,3,0.028621347583522534,0.028068132228067016,0.019400041399041786,0.040964164462721
3110,1,0.004088142572705102,0.0037159968242791073,0.0016053715922513265,0.008736246840181344
3110,2,0.05268646283083814,0.04084923377215702,0.005953316518888245,0.163200201770974
3110,3,0.013155011409430902,0.01267314445290451,0.006601152500682682,0.02237266906216586
3111,1,0.0033089301725943905,0.002986572118168013,0.0012087779100309758,0.0072781874015925676
3111,2,0.03839094066539298,0.03349456605115285,0.00575677133335236,0.09814524608754804
3111,3,0.010833925849086566,0.010417210326625678,0.004078155530768345,0.019988797535699744
3112,1,0.023778393864019504,0.021330520868633577,0.00836735479646278,0.053419958102582266
3112,2,0.009445370305101484,0.007756556164305052,0.0021667981046876515,0.02662526366837038
3112,3,0.02247795206220283,0.022001107765959454,0.01540599653748373,0.03222259989820907
3113,1,0.004087279241325414,0.003659368777542288,0.0013823379346511661,0.00928196377927795
3113,2,0.04603701677448721,0.040798522187316326,0.007323145672588552,0.11417446047914222
3113,3,0.013441798153579158,0.012787404359545302,0.004498302705840279,0.02634612140234005
3114,1,0.0037925974625374038,0.0034254425935845764,0.0013671370651300006,0.00835682040121773
3114,2,0.04349790479524832,0.03836003409635959,0.006738975156245199,0.1086730838580544
3114,3,0.012440782072200084,0.011959315942213587,0.004565524254195603,0.02311493964688811
3115,1,0.004277259494891581,0.003872261092707327,0.0016779927170883437,0.009183047342257906
3115,2,0.052947718206455954,0.04316451048621574,0.006660498105464095,0.15189905875795498
3115,3,0.01386465263780131,0.013369349600224713,0.0063439868006197,0.02422919629171137
3116,1,0.03720091829453016,0.03372447928932476,0.013701857293670086,0.08084522673258382
3116,2,0.021080766240470703,0.018720504654573367,0.006834181787816887,0.04886577275564653
3116,3,0.027670267910141537,0.026878334517901725,0.01817490000188935,0.04180787393009361
3117,1,0.03486740196654178,0.0319780423383058,0.013455093481228269,0.07288383009851959
3117,2,0.01963170619838972,0.017796955526226114,0.006836206372284667,0.04313573136778934
3117,3,0.02596387553063441,0.02558496312000464,0.01827993070811321,0.035799856318024355
3118,1,0.005158988860266682,0.00467796517938152,0.0020055961505928226,0.011060119282375897
3118,2,0.06544169576797867,0.051788694795448155,0.007691650336149639,0.1968645642349255
3118,3,0.01665268564447877,0.016030184203531472,0.008020790290383504,0.028894980854817905
3119,1,0.004429791303777133,0.004003018632846017,0.0016730312298636038,0.009675920346796811
3119,2,0.053248562713987806,0.044727288088034556,0.007201281794130489,0.1452840445058988
3119,3,0.014428426111078134,0.01387640556032919,0.005975954569671895,0.026190568724174124
3120,1,0.03192908749445367,0.02885858957321713,0.011551010149897421,0.070130639594994
3120,2,0.01262564901094201,0.010521442145760871,0.0029806874955746643,0.03453240075874273
3120,3,0.03038374821586042,0.02976266072019832,0.02050100274072129,0.04368602753771461
3121,1,0.00409750689885362,0.003700335622567355,0.0015663763476870519,0.008912575740302513
3121,2,0.05026384407809156,0.04135489549465059,0.0064341389035937994,0.1424327112630311
3121,3,0.013300962730252084,0.012730477404323794,0.0058361039044405325,0.023980460019682123
3122,1,0.005543442600657607,0.004744203619514762,0.0015567209995455647,0.014184675555834261
3122,2,0.062285613195660984,0.05228339267781315,0.008921289709247009,0.1739972210362982
3122,3,0.018258409919524966,0.016435386631798454,0.005178635479098309,0.042347037560117484
3123,1,0.003588192973254637,0.003138180601473558,0.0011960238851138573,0.00856191878753535
3123,2,0.041626477671233154,0.035066186749507455,0.005889651904176489,0.11442191019026032
3123,3,0.011747110103895857,0.010872025030239514,0.004066624469570742,0.024645376329933574
3124,1,0.004149036090486774,0.003572365732394771,0.0012611930827107496,0.01034636782989204
3124,2,0.04736000090909907,0.039743899903646365,0.006726235546882106,0.132842517011205
3124,3,0.013625420609311097,0.012358158369647326,0.004219659637030779,0.030704176258890943
3125,1,0.002965203974747375,0.002576996210994517,0.0009388883499016137,0.007247957680276338
3125,2,0.032901139582371376,0.028670182659732892,0.00532290384493195,0.08543748253911909
3125,3,0.009775296215436333,0.009000020903428309,0.0030476832604057666,0.0212723226967182
3126,1,0.007241991526345338,0.0060348611391105806,0.0019544198514951264,0.0196512638605525
3126,2,0.09148026824847713,0.0659206739838766,0.008762479407064622,0.3210449895834156
3126,3,0.023410723740786215,0.02043827543887964,0.007474405996493023,0.05677795200494939
3127,1,0.002648824524450716,0.0024063660896446906,0.001032012578431628,0.005685013705684823
3127,2,0.033120693866938174,0.02667690045674021,0.004082900861588523,0.09686363503313328
3127,3,0.00857001996423125,0.008308680616058165,0.003954318197042761,0.014660544489667457
3128,1,0.002465679862041155,0.0021499686042528144,0.0006495608104374088,0.006130955440050639
3128,2,0.02461585416696847,0.02325197476764956,0.005719824973538805,0.05201354787736574
3128,3,0.008272302404222387,0.007544834165067425,0.001950000414523453,0.018826207443873432
3129,1,0.007959418946822958,0.006510040810372975,0.001851727435242989,0.02273376699238897
3129,2,0.09223871786649403,0.07078848486799502,0.010603327937577525,0.299197103413979
3129,3,0.026099282014371478,0.022371054975213637,0.006406927495198512,0.06823901797674252
3130,1,0.004959700781505495,0.004003145308040428,0.0014042804666068336,0.014284842512240504
3130,2,0.05980812806957744,0.04437748324515964,0.006639414518202613,0.2049300504878783
3130,3,0.01613379969066468,0.013562212385562083,0.005079212887771451,0.04273975817129577
3131,1,0.004823411318699386,0.003906941259500087,0.0014075946254752372,0.01383030793878681
3131,2,0.05773970704135955,0.043761010064244925,0.006692429250497687,0.1918464727074269
3131,3,0.015687732625499266,0.013288706853822725,0.00507648497957362,0.04135562087334181
3132,1,0.035180729004047215,0.030642208933785643,0.011121912703126263,0.0855838474304283
3132,2,0.013755222106720913,0.011235806457973209,0.0029953321822734397,0.039307354638182905
3132,3,0.033457433458753336,0.03149133679517778,0.017761584960273056,0.06061887807059608
3133,1,0.00349830042334583,0.0030777365935318,0.0012561223495009496,0.008148525075493119
3133,2,0.04345023806686049,0.03433784858334671,0.005083379791975557,0.1323933556983347
3133,3,0.011316420736423471,0.01051456193960909,0.004804082756690948,0.022540777215820942
3134,1,0.02719760425663434,0.02385743607225129,0.008859867994444734,0.06478330983476883
3134,2,0.010684989050130761,0.008720479148553732,0.002363874892283298,0.030393777174338756
3134,3,0.02572828613645097,0.024535000434607813,0.015136139362872038,0.04323501146416304
3135,1,0.003377410769477145,0.003054830140208904,0.0012748937291045652,0.007351242321451128
3135,2,0.04569526355092453,0.03206620123402037,0.004348405232026163,0.16560592915601194
3135,3,0.010740440837590525,0.010364290364949427,0.005845278151349476,0.01783997820142555
3136,1,0.00310271082276198,0.0027571304381172196,0.0011356000568643603,0.007092811966912949
3136,2,0.037147497772123145,0.03091583249470604,0.00498872780357191,0.10346590353395506
3136,3,0.010105186412300245,0.009530099560270006,0.004039527093424801,0.019518096519414267
3137,1,0.00255511937230851,0.002310893703569459,0.0009077259321935161,0.005626651846908069
3137,2,0.029304865006171285,0.025670167495603906,0.004562399706016827,0.07393707936695815
3137,3,0.008387879901431394,0.008095599258006195,0.0030052288965013883,0.015548558217384044
3138,1,0.0034784485029075523,0.003095757901504394,0.0012865205715160296,0.007881707009381542
3138,2,0.0431879338506894,0.03446419973779494,0.005220061813178479,0.1295737631008387
3138,3,0.011269551721075884,0.01060447353452312,0.0049064707174317854,0.021654351817911945
3139,1,0.003964663549349893,0.00329930945360033,0.001276869843646972,0.010648493784042059
3139,2,0.0491228150590486,0.036866830636014467,0.0054090467490357915,0.163904207206135
3139,3,0.012850384747996825,0.011177514489817093,0.004787923296322905,0.03143260401765279
3140,1,0.0030999132332431736,0.002741048376980913,0.0009872378098122352,0.0073247942324103634
3140,2,0.034211978238932836,0.030491741158459783,0.005801529883208376,0.08491788693353118
3140,3,0.010232312535308187,0.009564446661596126,0.0031829596215392974,0.021335269291034388
3141,1,0.007531269757840741,0.00610925843395704,0.0016206769863260514,0.021653072979945884
3141,2,0.08177792357399463,0.06614990738848392,0.011086239018793949,0.2434205952190649
3141,3,0.024899333666776848,0.021132608318066105,0.0052569907066105466,0.06690630155602768
3142,1,0.00809086924101934,0.006834943706014829,0.0019296449051977604,0.021822770180488466
3142,2,0.09741764520042681,0.07393819497661945,0.010131541366329147,0.31687098959455795
3142,3,0.026345005234773938,0.023487335553642418,0.0069043935676702224,0.06327736262541156
3143,1,0.003468606860158013,0.00286041476957668,0.0010032322054796575,0.009550291290640025
3143,2,0.03841749536109388,0.03171251881022366,0.0058446358088471385,0.11153961902550234
3143,3,0.011427958366334657,0.009910925569982607,0.003226563207514054,0.0293065177144751
3144,1,0.002473414426009905,0.0022221506741139105,0.0008188355159035647,0.00557682855479604
3144,2,0.02791468230868333,0.024452361312746435,0.004587837364424954,0.07118014234235315
3144,3,0.00814014329546698,0.007845216757833737,0.0026474605253334065,0.015475993086240626
