mean,median,2.5%,97.5%
0.027900762083154722,0.02707040165548263,0.018436670774951144,0.042097451848803945
0.028450605533842762,0.027840343176791564,0.01938825793511604,0.04106751217006321
0.025098434379988148,0.02349138304133855,0.01291271484002999,0.046763550216380075
0.031938255000321325,0.028862608514100278,0.01851165069347246,0.06361213741396754
0.021755219641133576,0.021441514384414315,0.01580055048411665,0.029494211329900596
0.024216180490522016,0.020957750705101353,0.011026573155579427,0.05730873725109072
0.032782649182068274,0.02926381878945681,0.01446622344639921,0.07205321700826278
0.025298277213108605,0.024531558206412313,0.016945307127353107,0.03815992339669076
0.016939556403560124,0.01583929995653218,0.00928052125480518,0.031152083778423195
0.025011161656431503,0.02343222681310754,0.01295308127387943,0.04608162745201582
0.023586251853255406,0.022385305883544683,0.015914383262861053,0.03873449578631977
0.01378327633226873,0.013393864137943837,0.008240117970371325,0.021533280437286348
0.03160453049624833,0.02848150417366336,0.014389917491569619,0.06705289652288406
0.03457278204118334,0.031206912867626585,0.015541847185268284,0.07402950918501477
0.027130811687425992,0.023190297458123014,0.011740464434027665,0.06642228778671055
0.02497197396747436,0.02319512324473834,0.01256659768397439,0.04779412861924959
0.02322028900981983,0.022564006304837837,0.01578124362809955,0.034631965837842144
0.031906326905659636,0.028554556825238296,0.014223968948355549,0.06919837325818497
0.06539819383053071,0.05598422522639156,0.02298123233374628,0.16212466245382887
0.032617449620497084,0.030894707626129114,0.016937693074451338,0.058210370040115256
0.014312921959086627,0.013692197289225338,0.008375659989240367,0.02304993260640345
0.022029709182293196,0.021077025859581433,0.01225467134823523,0.037215369579312464
0.02825772012491779,0.026918122278671852,0.015209733090465237,0.04893550781472026
0.01737478684153694,0.01663915484019906,0.009876574992103666,0.029104077519400223
0.025017208950360272,0.023748108072387343,0.013288615313018035,0.044161519593943814
0.031222797008908523,0.030319131005426207,0.020475894980416208,0.047296789796781494
0.022389914010905173,0.020744089674323285,0.011453143558128182,0.04291147756144061
0.02534442572308233,0.024862363940890357,0.017610729642355733,0.0359751515683668
0.013796229199563224,0.013389143980506515,0.008250357238072933,0.021632822502550924
0.019393433352970373,0.018017924920725296,0.010263973854462614,0.03676558882956421
0.021984071200443437,0.021103137661735723,0.01476455889980289,0.034594478588266885
0.017350340235945404,0.017157305030877715,0.012759910014961597,0.023021820363067734
0.03629163164650779,0.03326761477834707,0.019843391820296284,0.07064828267541821
0.025604973005981344,0.02464409266461115,0.016828443219776786,0.04003356971335393
0.02691883005225284,0.026525579337519537,0.01912736818628708,0.03688283214522222
0.0192728623956879,0.018443260113767054,0.01082247559284708,0.03242441343831703
0.037769951897233235,0.037262355180145645,0.027055225620240424,0.051354431547358664
0.016884731622878922,0.015387797342083455,0.009023242794241468,0.033712082250094116
0.026483508544447507,0.02587866822861952,0.018118731397525747,0.03839516669359215
0.03175717440877239,0.030176230083007686,0.019503106345524324,0.05326076027087519
0.0301056714719007,0.029445802112024695,0.02043328788665076,0.04356487207336689
0.029688497040773254,0.028926345059175594,0.019784160141892666,0.044137914005064616
0.01732978089071115,0.017144046200426255,0.012737850749151496,0.022996329763383304
0.024760151824343143,0.023232767541320632,0.015649151390054825,0.04305549720759592
0.0370189878482859,0.0364421123675599,0.025803741262822852,0.05153688248139489
0.017937147026787607,0.01692845798212955,0.009804040303052774,0.03204805077401416
0.015280802545993457,0.014445759690757641,0.008717611837479778,0.026234216291904654
0.03073355888783043,0.029263891956191803,0.01641191509521474,0.053554816142877486
0.03319254316591613,0.03268108731450477,0.023265410622068404,0.04610181026940486
0.025048472231517984,0.02376732585460543,0.013285684435755727,0.0441930024150174
0.026112898335707523,0.025745965928900078,0.018592683314113557,0.03567992972713491
0.025858134114056762,0.02539471463050836,0.017992280957232674,0.03652477087811543
0.013791029349558247,0.013395963254071445,0.008278208956523092,0.021598742973574295
0.019964287395469082,0.018989138918729734,0.01366877599925278,0.032268841886647456
0.024932672060169594,0.02347459802219428,0.013070300877071082,0.04523800807661739
0.03464156065421398,0.0317133038848935,0.016123712951548692,0.06981532220243929
0.03644446818350157,0.03400443953903212,0.02068291699082665,0.0664220315317489
0.028907368216202288,0.027776152879507077,0.01903544714376399,0.04534090986950518
0.028593957571160254,0.02818570440435339,0.020589424315527953,0.038946867970094716
0.013795316890756023,0.01340127336462225,0.008233549903151007,0.021592861830762977
0.025783865995187748,0.02445281582777305,0.01375665850193298,0.04542447888777977
0.025685124873111535,0.024164120189949467,0.013402962604802128,0.04696991696802321
0.0358548635070722,0.035128500038466494,0.024294676855685968,0.05151645221839452
0.031204176864791162,0.030393810876682487,0.021095072438817197,0.045962873222205484
0.02457406236643276,0.02165372141637318,0.011361644340709288,0.05605256512705888
0.024826630106090992,0.021239597751739527,0.011057782725623112,0.06067121359445801
0.03662861114499053,0.03316379516411986,0.016401934101758962,0.0771990525951249
0.023551409759347088,0.021188874110491474,0.010764504041096126,0.05052116543968075
0.015405629432420083,0.014418461924424392,0.00863771819032586,0.02731660972119728
0.03260833420101935,0.03196250374769624,0.02194262195434197,0.04718453674464543
0.014449804264904172,0.013871286742015262,0.008431976123456836,0.0235776924922286
0.023405810206792242,0.016998399818216603,0.009305043174061431,0.07873404966505558
0.022077386421743176,0.019769083175319738,0.0103644124260825,0.047629063798559926
0.01691159562222935,0.015002936281260546,0.00881511860405504,0.036602438507189645
0.02765437430166049,0.02142396564635405,0.010417443347469746,0.08401675039600842
0.018948850056542267,0.01679624484495648,0.009443814865571921,0.04194641184064545
0.0287038054492955,0.028062842610061846,0.019386339433691058,0.04170489140514644
0.013775881592958455,0.0133760871889964,0.008227149563801562,0.021575079807976214
0.019164105090277824,0.016215883691412126,0.009243916521748146,0.04785213450605971
0.028966255814572208,0.026468618567649725,0.011583955355128833,0.06082427952850175
0.0213292814587786,0.020015424713382288,0.010711197587699273,0.039502309377332394
0.029697730535465688,0.02725067682160722,0.011779213054644315,0.062246196066565396
0.020203789744511525,0.018463653623449715,0.010078620893840711,0.04068574490434717
0.017279929840747,0.015669756963010283,0.009138568430499091,0.03514389038546072
0.013783345595927194,0.0133845316905097,0.008256569445181923,0.021567657299883254
0.023642751390424786,0.02324011455056217,0.016571746906800584,0.03303945917058074
0.019191947792991968,0.017243018540216478,0.00965667435955463,0.04065391166783245
0.013778337562693026,0.013383539240773245,0.008230105630872906,0.021593442107926294
0.01545233244762451,0.014368557114976074,0.00864527690801019,0.027712432056775364
0.01745262448230463,0.015433463105359124,0.008994173764311247,0.038581895888344486
0.014502491414385024,0.013764845477858889,0.008418762869091786,0.023797593419079062
0.015278047656225067,0.014653712984798804,0.00883006850807242,0.025285846796633614
0.020169845737384413,0.01607660595657796,0.009102074688087223,0.0575585558809861
0.013794177763980307,0.013403072061758598,0.008218189502608084,0.021624794999769353
0.013791568084145642,0.013406397905712627,0.00825379413659603,0.021600001663739463
0.013781263642012143,0.013393318495381074,0.008223787143653705,0.021545824085233683
0.027719885676054153,0.023753749375236423,0.011031395448321862,0.0678345003177694
0.015325056071967845,0.014753464355740757,0.00887175057910922,0.02502913567408709
0.034151311237426034,0.03330432470184467,0.022488855905765177,0.050565493880727085
0.03118079349403115,0.03058052422652223,0.021220079551227622,0.04461698070516863
0.017505749411520277,0.0164238386461127,0.009179888698078571,0.03209689549095829
0.01677330435192701,0.015853927926608113,0.009070063463012623,0.029784209241892096
0.013788373579333482,0.013388933515834641,0.008228357215412707,0.021659132105249515
0.01377553217756181,0.013370809833314859,0.008239634639383214,0.02161915371239899
0.05939579778568145,0.05875721286728906,0.04329731786847757,0.07915870581405146
0.029407824311999297,0.028838629069767054,0.020031176899101978,0.04201582392059268
0.017156707099873485,0.01620566205428991,0.009185811367869971,0.03065435289436269
0.05934595292016227,0.058638508147515644,0.04295372452799807,0.07954003182563503
0.02871363900878348,0.028180273426168155,0.01967376828643387,0.04083212031172391
0.017093698498049252,0.016092677518465215,0.009124652926004197,0.03093454748178057
0.03250385020052222,0.031921572628717615,0.022188692246614537,0.04609467237207753
0.024841114016796027,0.024405099203492653,0.01736013939654342,0.03479813995257111
0.02728791034671992,0.024684576829446275,0.012835528168247033,0.05691884148761355
0.018735562906981158,0.017449943506516283,0.010002310489555173,0.035085221288270206
0.02385541522293604,0.022471137735619262,0.012509759429142273,0.043263114942532474
0.02914687255764287,0.02864630777483596,0.02033475289337878,0.04079209918364234
0.015059877447814974,0.014557036801323654,0.00882304559130827,0.024236157743846992
0.015599126210818774,0.014503845437802363,0.008711208694512688,0.028228643842834758
0.022654265259032927,0.020626504281790185,0.011213562194664793,0.04635685853261066
0.02790067873052457,0.026319894542819577,0.01416283753574259,0.050755713939213395
0.013802170525450047,0.013406226172078765,0.008240820497729538,0.021626659400947792
0.01578084712551147,0.014869856094248502,0.008857537675635995,0.027989659159641675
0.0202582590142234,0.018524396574876097,0.01031602358334492,0.040918065896507795
0.02158802051569812,0.020058271337510022,0.011156842643016645,0.041035910128551616
0.03438191916879169,0.029203050896925275,0.013654048360433957,0.08562481673881392
0.016075795557877453,0.015141180434554691,0.008995810301556481,0.028534836105548175
0.024887596135485836,0.022876588076151637,0.012131212950383672,0.0494978056825931
0.03774244816687372,0.03658088309948271,0.02420200910787842,0.058052201739549
0.04011883123040389,0.038186037400220016,0.023702898179944767,0.06788583162551429
0.021907623770218824,0.021398630975842877,0.015511564744068802,0.031247263378872323
0.024433145400427035,0.022213349823852015,0.011858415932100871,0.05008918634490998
0.04072336852417252,0.03504551386083023,0.01559506180249358,0.09922862759076455
0.013780322568409269,0.013386814847415955,0.008234650366167754,0.021592304451173112
0.03720438501067499,0.03329117122589607,0.01583201955000975,0.0813867774790238
0.03564338520970297,0.03489004607152667,0.02406298833031526,0.051606453610045844
0.030264791731991276,0.02727852939295517,0.013734454908371371,0.06430645268445022
0.016108028078232518,0.014894108152457095,0.008859642041204404,0.03029251590398547
0.030279468274593307,0.029652660213645612,0.020572167491639592,0.04366870319039896
0.025491562295548702,0.02425846634472202,0.01637031151336288,0.041899545360301396
0.027589993019157117,0.026084904835661844,0.01415102092073074,0.04979187842641812
0.017778568912972966,0.01631745909734844,0.009419266346376466,0.03512350017048593
0.0420916143812153,0.03860191114939328,0.018381341381625994,0.08596693064022892
0.014525110581547497,0.0138401611922335,0.008434322421274777,0.023931252606591333
0.021409758611213428,0.019999600456110295,0.011160181349595077,0.040113895000423894
0.023053322796628625,0.02138058436215258,0.011680360551997941,0.04455510385613874
0.019116718370522645,0.018293722191616197,0.010673394407614485,0.03223521776846748
0.019062663851775293,0.018224773453997457,0.010682604753210583,0.032268767867627536
0.02156157254229669,0.020125663644317743,0.011270857666712758,0.040423924441865315
0.014493871519888733,0.013757336423612921,0.008410159078721089,0.023865745885105358
0.018161681759685206,0.017405555382141225,0.010252790727048867,0.0306123386346297
0.013800291299086474,0.013396268481188599,0.008246140622643441,0.021686167751574274
0.01921996004423571,0.017419723982992456,0.009863751271788616,0.03982667992939831
0.01783674961397814,0.017420351883639485,0.012853036420311317,0.024415073737576353
0.023299275257280618,0.0216492834693523,0.01180070346183714,0.044555773130907736
0.023499278706758883,0.022885717263517166,0.016054815464729262,0.03463547605929072
0.036707950289675405,0.03391923718706183,0.020517214722788175,0.06911957908445654
0.01769813798878455,0.016486749304597204,0.009546547077000282,0.03305056678883256
0.03211378600142455,0.030996468787260884,0.02063111040333994,0.050004210745135655
0.027996393785396527,0.02549747070825679,0.01311281839722222,0.05819652532096557
0.01378410622638528,0.013382189489585035,0.008217742977860213,0.02160219615802782
0.015994517934596938,0.014730245285249677,0.00878267084224033,0.03011915745110162
0.013790341387689484,0.013400030831013286,0.00824847192352451,0.021565704119548373
0.01898844411772416,0.016738871239086656,0.00949582145737205,0.04272595640743013
0.020250219402482606,0.019078514187592398,0.010869161465176965,0.03653925314485302
0.02844775739512124,0.025106320365411883,0.01596880487691167,0.061905155971399374
0.02932607007720164,0.02628996924887213,0.013263342298208948,0.06344817697589884
0.021169371371195924,0.01966116536026065,0.010948482640558333,0.040582120177695996
0.019123742140386823,0.01881583007945117,0.01372896288999131,0.02636417244450409
0.016938578995168485,0.016178889361941493,0.009557209786280718,0.02877702638117466
0.032119162616597675,0.030204765556742078,0.01565762429106972,0.05995176588490543
0.013785889889217967,0.013387649901333712,0.008227240908343373,0.021617347113179804
0.040640665729800136,0.040018822821854774,0.028585109586961404,0.05621393288666887
0.020403106943445104,0.01912645752159531,0.010837781130820559,0.03760629432960813
0.019105487949789734,0.017896476613425166,0.010272022943166205,0.035207579120941974
0.033950594699786805,0.0331989833370918,0.022800438362834054,0.049485704691434
0.02662824891628934,0.02282600438914023,0.011570763121108274,0.06523351742795325
0.0203607524315997,0.017839787645697942,0.009874962697660238,0.047076073416992686
0.038316661000267926,0.03742248407240755,0.02549667478144026,0.05605894713866754
0.022981053027455556,0.021505063439750196,0.011873484199581145,0.042727812923655205
0.015173484252856745,0.014342531016908192,0.008662454216664832,0.02605268999814
0.028940165451923516,0.025458332070182534,0.012687318505490588,0.06577609463316764
0.02600769419362755,0.024303024178460073,0.01315919741519774,0.04871478997597073
0.018530694576905607,0.01750179095682604,0.010071952394752616,0.033163170382979675
0.037425621633230044,0.036764084719521965,0.025759805726235707,0.05279481171075721
0.023554229861622443,0.022367708266179273,0.012579819797438774,0.041274470164078876
0.019077397172146772,0.016604134440156314,0.009440451076688472,0.04425795200324364
0.03812795158520268,0.03442546324932487,0.016401899459262695,0.0818478235258462
0.07259051566182892,0.07173038144039093,0.05299173080396656,0.09686883294361218
0.013796034842209521,0.01339563980914112,0.008228341300472316,0.021659112845101042
0.030639903610583507,0.02888250754972018,0.01574927828984638,0.05579254466707759
0.03843137903918443,0.037745340511530855,0.02649110815049594,0.05427222327021209
0.03970679023435357,0.03706546255281094,0.01936534813271898,0.07472116434886365
0.02000905889898549,0.01640767264085974,0.009320134100150168,0.05378412458784449
0.04216637886311004,0.041714963293197654,0.030903692654452697,0.055998613807602404
0.03340489690324072,0.030626007129472787,0.015697659026264743,0.06716749634332773
0.040271372340345786,0.039559706424518705,0.02811147624785212,0.05636106845134412
0.05027160806174683,0.049707795544185744,0.03638482565788855,0.067289103521257
0.03443879617501156,0.03219974426623644,0.01700801956049506,0.06478218831500088
0.039598845728987246,0.03783852832040841,0.0211231547041714,0.06830359651972194
0.028463661084584518,0.027902835349349134,0.01970224865180953,0.04039988368197413
0.0273036689430564,0.024958857397322086,0.013214946145521714,0.05546454370644181
0.030518999553190925,0.03012300471933969,0.021804295176829285,0.041496100660575706
0.025187182613857273,0.02477297396307719,0.017696762269205097,0.03506909040185491
0.030723174350828417,0.028855249156338317,0.015550596747936265,0.056480469466077224
0.031364792306363805,0.029376562364415014,0.01574537915266725,0.058534127631702036
0.06640587705490046,0.06566741967661802,0.04860541583054029,0.0884319577549622
0.02859323303689786,0.028148297782974237,0.02033506018257321,0.03940126728622353
0.06006581438103266,0.05918669662085693,0.04242270258924204,0.08295062885895889
0.02921988513494423,0.026828858121944736,0.014070732915121347,0.05819487233376797
0.02828115874462407,0.027060739240757317,0.015471690799974427,0.048095327989479
0.03298772653347785,0.03245891736302575,0.02304852179126859,0.046013610916903924
0.019955499230128782,0.01730863158460435,0.00966814144221931,0.04671999012475042
0.02448555033549704,0.021064911082621224,0.01103020895439511,0.058881291668132614
0.0328177661653897,0.03232416285933064,0.02313524935383663,0.045359833584152985
0.039908105099312814,0.039239186318046,0.02768328594959003,0.0558844384851313
0.027824577347914943,0.026620843267608947,0.015176352027665943,0.047284605435674615
0.055971133429701524,0.05536282103682068,0.040834211930765106,0.07460922893218723
0.03370213888010181,0.03330396259844616,0.024471508513854205,0.04513015780333054
0.018910420264660943,0.017199848800177425,0.009794113845335257,0.038747683539828735
0.07242982342209839,0.0716532114794529,0.05281858595489046,0.09647151462161856
0.06893485294010843,0.06816375134843188,0.05026583786499433,0.09208694254394424
0.0312320854218015,0.03052235712950347,0.02138012676841981,0.045235075751284506
0.03352103007570411,0.033156979924730864,0.024774858764117995,0.04444485794687284
0.07008008457709855,0.0693219762290225,0.05104774070433716,0.09337248212421474
0.13130511872267053,0.12979978618956345,0.09540658065198394,0.17553514099041895
0.03192277056395201,0.03149300512790247,0.022857779155040257,0.043306472753758464
0.03408740074047153,0.033467500268332354,0.023505074494031566,0.04828133066730966
0.045881010241212314,0.04537275278598262,0.03353040412523249,0.061385273627854973
0.033313146335345385,0.03289375109797839,0.023981816938192044,0.0450727249116319
0.05490713269809234,0.05433064784524427,0.040048886145529414,0.07313148803842529
0.04828264783048782,0.04753877234898825,0.033869841017121524,0.06685261104004349
0.037023400525050716,0.03647061187720281,0.026053937125786207,0.05119181703569858
0.027984907617771837,0.021675557212910118,0.010858740120064134,0.08486580322277477
0.03037701221938668,0.029086155661042654,0.016424205802399502,0.051992700927065955
0.03351627184144764,0.03304798408472491,0.023982863177274202,0.04565399415601744
0.05935731502457094,0.05857032214766547,0.042380501697469444,0.08085855448117125
0.029916207563353905,0.029546137234727016,0.021590569349132876,0.04040332304795239
0.030431125177942605,0.029717359901426137,0.020365920919076994,0.044658702438181
0.023139056095035138,0.021978183330319576,0.012514755954421588,0.04034783365142819
0.027144591065132603,0.024773564729911355,0.013064086017838409,0.05547447277945528
0.02641486935869013,0.02608228913116324,0.019011195518859072,0.03571741875003271
0.04506016123831957,0.04172921834140502,0.020943417346781915,0.08882528764410473
0.029434935385403337,0.029082256992574055,0.02136338609258075,0.039518349605402674
0.040095409960770254,0.03954383910647221,0.028633841914965853,0.05467699273451803
0.03514234135570891,0.034038691944445344,0.022618856626230924,0.053967455467448765
0.04412371224819965,0.04349166152328547,0.03149885007536103,0.06014691877198908
0.0215303725798521,0.019606829422309423,0.010774702033759445,0.04410884132313077
0.06322723859666585,0.06242168734951238,0.04540035677123518,0.08550014939525627
0.02795774502194851,0.02436367880704794,0.012209833526687986,0.06499160085715014
0.018788657271558765,0.015914228916494064,0.009162749704054023,0.04633304594009401
0.013777681319824124,0.013381675677020002,0.00819811676326228,0.021658004313962673
0.03567428004508859,0.03515215233204794,0.025135972749349336,0.049129558666233974
0.04811135802446673,0.047090127841566964,0.0325537349841874,0.06927782815368724
0.03329859099480072,0.031150875901534005,0.01603181437182022,0.06308073120107707
0.04410075922390551,0.03180394377607408,0.012969661959540123,0.1493582347542819
0.02963876283436928,0.027558352072360993,0.018239788734711673,0.05347213763039146
0.021463173187113244,0.018580313486504456,0.010134851100763727,0.05111377012394884
0.03678677738341257,0.02877032406269475,0.012767704258127593,0.1090611790571889
0.057941629934985604,0.0507736731310548,0.02131322407973842,0.13627687433103092
0.013806062783559508,0.013404241959558371,0.008280038473825631,0.02161859483391093
0.031488327453362656,0.02878354677926808,0.014517941162543992,0.06463487538195373
0.09386580118585944,0.09271318734154983,0.06725508042220191,0.12676095878735064
0.055891150743106445,0.04152047058145968,0.015379220128719612,0.1828519442512105
0.031945081951268016,0.03155685622131658,0.02314424838386348,0.0429705196753186
0.024627689940286128,0.023365051251583502,0.013010484113609213,0.043512539853632605
0.03502112536809264,0.03398506061943622,0.02314474387865606,0.052912757883609184
0.03288539914362274,0.03244885970040856,0.02336017936662594,0.04495291822540618
0.027992658988821778,0.0262585740234252,0.014002411541388378,0.05202399116031144
0.02503586584920211,0.02337114747567067,0.012694116114741106,0.0470584376399823
0.030053838195317734,0.025614410036719104,0.016764357252345766,0.07090516072310601
0.02264976838809717,0.020138340342865622,0.010856138034636689,0.04973112137293395
0.04706914659372362,0.039859567495572276,0.016839635441350347,0.12023671700945536
0.12127332495381035,0.09322953406835005,0.027403499382319382,0.3844755151243531
0.01377609364498195,0.01338467563360083,0.008257636133939091,0.02160102079524714
0.013791669872591051,0.013399367019535962,0.008224033888840708,0.02163689297755513
0.042062858400751274,0.041526151233424485,0.03025198822309529,0.0570228771064515
0.013800459018161801,0.013397638298621985,0.008242618631597944,0.021605907856804937
0.03431296738441907,0.030202708952489693,0.01436436278029766,0.07878785789731314
0.02705247562392583,0.0231579063289236,0.011701556367652459,0.06602531597985065
0.028159987446870368,0.026576669868598038,0.014345093470907995,0.05124999249745922
0.0334303065122401,0.032976467033467835,0.02365669565809691,0.04578700127740968
0.03551898669257453,0.03233403392562162,0.01573487678198459,0.07369697594808136
0.013776680309533808,0.013378770122593005,0.008226760248618077,0.021546094626671022
0.029577424220570348,0.02668122868919271,0.013522765687712133,0.06244185117359705
0.026333930548471475,0.025796654237056994,0.01826004594902772,0.037548684614237944
0.020853946415597326,0.015339138583174849,0.008861440678479743,0.06351430856583051
0.01986115072307409,0.01767122947933055,0.009879363549557912,0.04357276933583632
0.03759164245430078,0.03489028527204756,0.01735225175899463,0.07326970269157083
0.03245251980535868,0.030560235655841143,0.015984698476836267,0.05970112082165621
0.030551722137383858,0.02741132393047395,0.013704340370772663,0.06578228947754873
0.027828086363302664,0.025895514273120028,0.013717602494230917,0.05316614125757784
0.024373712067213813,0.02055553483881345,0.010718778571622081,0.06155049277984124
0.04633212447394228,0.04408500756162198,0.027580828926384963,0.07779501901176646
0.018881067627772953,0.016194863686116678,0.009277682327606776,0.045809373145653386
0.112980827459189,0.09861847611691946,0.03640737291394943,0.271659009744535
0.027805742118611265,0.025900770982328576,0.013698381147125368,0.0528747915885109
0.024145270370389785,0.023823337062496015,0.017362442701737698,0.03275457237331194
0.01379100014882785,0.013394769000673531,0.008226991991884161,0.021653679879684324
0.017853429486540322,0.017041372391938817,0.009966468300433313,0.030503353602857924
0.029789269157885614,0.0279148796450013,0.014696543906672015,0.055778211250306346
0.09289797810865372,0.07949212709168257,0.02899283595413668,0.23544145209201045
0.08123088543502359,0.05152257157745223,0.01584604674637116,0.3282275744432121
0.026580236424968415,0.022500986903115076,0.011393184300607699,0.06656270500048041
0.023441695083543424,0.01830013347054381,0.009809646191302325,0.0704757777906562
0.037245529766342406,0.03357086446404989,0.016099485414899875,0.0802860252872215
0.02373153110772367,0.02303438551102675,0.016086559799511322,0.03554823821586297
0.017368681290587416,0.015409700047431397,0.00899708682985221,0.03765543151632931
0.027415879188496778,0.027029159985193667,0.01950692929126743,0.03746130771718209
0.06898778955487121,0.061039957680389015,0.024855544441697845,0.15996420522270213
0.03330601784732172,0.032938852731132506,0.024364851576907823,0.04432219587180532
0.01733999871277797,0.017166551505165883,0.012762963523434919,0.02296359433015382
0.019059281972595384,0.018873703151440373,0.01422383060972156,0.02495899234362853
0.017348054962902575,0.01716072662386079,0.012764689016474408,0.02298250191443605
0.013793340825591052,0.013395064543074958,0.00822090358708672,0.02160648546584368
0.013793105622032825,0.013398024049883625,0.008229990513963684,0.021598739610971755
0.01734016105865851,0.017141686773561097,0.012788953711152675,0.02300311905540712
0.017353359912169422,0.01716166986996087,0.012721409277679781,0.023056658239795982
0.017349898599584607,0.017165086937838067,0.012765535514313983,0.023015543078398495
0.03598699192117647,0.03524188208653715,0.020836405926732755,0.055289672202167135
0.041527175047398085,0.04094722140810726,0.029353122310859882,0.05705137772609534
0.10984385675171719,0.10612463395906517,0.06259053872459805,0.1788538477585235
0.16276979598206195,0.160822539327403,0.11752051839462496,0.21901292238828474
0.04438811224930962,0.04357548332159937,0.03031020402999124,0.06318443696113533
0.05442495080357249,0.048039102534408656,0.025390424715311447,0.12038680034816218
0.040788358461519326,0.040085198953124394,0.028323179125281074,0.05728745180658546
0.05328782969928734,0.04732625031582487,0.021318490367073107,0.12102933462387826
0.04578183276992719,0.04516115062585699,0.032466478244434986,0.06285204039463205
0.06865682824793794,0.0679049000249445,0.05080391665366373,0.09074777511742668
0.019151250944746324,0.01662501626135649,0.009428057917993338,0.044817308206252175
0.03568156102505607,0.0350481914386952,0.024613734642104222,0.05036047059649756
0.048518754406611214,0.04754377466202024,0.03236356257495981,0.07040417372474436
0.03684135315814382,0.03615752952416576,0.025499534879204082,0.05213387524344793
0.03826831569347125,0.03771625209635568,0.027003331858734162,0.052729527104357896
0.05602158898117912,0.052042565681831146,0.02589954712410879,0.10902779031029439
0.027327848047663816,0.02534504562587597,0.013554647417843376,0.05293692466898648
0.021496372666094377,0.0184591279349336,0.010107528820054307,0.05208878009231921
0.06397042213320774,0.06319430718621173,0.04623847364506372,0.08603204437200841
0.04858990590852257,0.04786803270456649,0.03396820607658209,0.06728462307528067
0.04151805947853062,0.0403850678957223,0.02700957128168342,0.06238084066776274
0.02511143964866713,0.022927162761982388,0.01227418224081147,0.05105174692758589
0.0346576304190872,0.03288163378757629,0.020870413517107923,0.05866739332006128
0.04819596728105719,0.04592352645993347,0.027946525866693488,0.08112764076490463
0.048016729439945796,0.04032959615167986,0.017174974200493735,0.12400797008903353
0.03169028663331541,0.028001728868860626,0.013799025704376015,0.07142165701917584
0.04740325424172691,0.04045710484639768,0.017496222634269386,0.11851748479267575
0.01526733404914369,0.014257865701460273,0.008573317613739152,0.02686147750204972
0.05304267206009991,0.048997247792504695,0.024128719131190267,0.1054647348556486
0.05204051581289987,0.05120411556699921,0.03648632580316026,0.07240336207533375
0.042930359209849236,0.04154513950682848,0.027161922820494563,0.06665427855146945
0.06308102724074412,0.0624390780372638,0.0458187763180314,0.08408588038950895
0.03512056757923416,0.03178491712458325,0.015713342777478847,0.07431389102925487
0.04061741043349222,0.03988866477212773,0.02790164920723053,0.0575636957813741
0.03322680151892002,0.031404375943167445,0.017213638493514087,0.059550988760335384
0.03618435653088273,0.03310942213204521,0.019710015240342323,0.07079803582190704
0.03536103348612245,0.025836882596080274,0.011747328471737581,0.11838401546926874
0.04530839524328393,0.04469559606756845,0.0322389742893633,0.061896342101087916
0.0458299923309677,0.04522882791511195,0.0329246522797265,0.062028463870096674
0.048183761817288256,0.04742979487287069,0.03361832706690578,0.06706835634002122
0.027140397109672743,0.026077103142030593,0.017617034815908386,0.04286693806391288
0.03793415730612077,0.02983279841177616,0.013228334630405547,0.11163973060792322
0.01738033296027402,0.01561971939658549,0.009122637052374474,0.036305167726024955
0.04918167772764369,0.04847879410348486,0.03471114235281072,0.06776544708599172
0.045978064173838394,0.04520522029238146,0.03181177566484485,0.06462848027558012
0.03500804128725864,0.03438124649605743,0.024133114161293902,0.04960386772075059
0.060241401107915246,0.05958393025776488,0.043856477197007575,0.08023831097642876
0.07287035461236957,0.06990063548404288,0.03931494388758563,0.12382396160369818
0.04065622744080535,0.03958015795194851,0.026827895542752195,0.060514622876174394
0.0310779934103811,0.030566620792203264,0.02175251378244791,0.04327313407767474
0.08146861179898719,0.07540186105477281,0.03620823630811868,0.16211559794662547
0.07090485931730389,0.07006641056543242,0.05133480423128905,0.09534078647501644
0.05201047033019206,0.0511924733417239,0.03640056301164003,0.07243277870960166
0.04857225219086508,0.048035663414989424,0.0356879313606619,0.06444076601511102
0.04193704705728319,0.04142239551347156,0.030323118972683794,0.05641911164522873
0.08955094768462145,0.08852442394205542,0.06461146613775251,0.1203399896882025
0.04219643704579824,0.04163463799951793,0.030170521055951915,0.057438142948863014
0.03710992610956892,0.03469135977867929,0.01815648411149011,0.07053505484663716
0.03852782406691776,0.03782788707773092,0.026681726822247214,0.054347156332934785
0.043749720075644434,0.04277058854347861,0.029179490245364256,0.06405323296926692
0.033461180540914834,0.03283937253974571,0.02297894826470616,0.04753252842552464
0.054617683272537396,0.05382459896217641,0.03871608378239384,0.07485368731084635
0.05212278992747444,0.05143952859711144,0.03751850210061109,0.07078333260626747
0.03376348558137331,0.033099418652402186,0.02305556463924259,0.048308257771626936
0.033932508865994394,0.0312892820463013,0.016158865317817864,0.0671807020445095
0.05091216662203308,0.044899261035399346,0.020204844328405594,0.11710447154459971
0.040068000652990515,0.03320527205570583,0.014780842784824683,0.10647859641560847
0.04475344114974721,0.04392841870904214,0.030734157852019793,0.06342580538962088
0.03474769162615939,0.03229043016714335,0.019843680149561872,0.06402587480150176
0.05177344833916558,0.05034842413815563,0.03287918782653796,0.078882264752785
0.03232444981278155,0.030964513630569818,0.02020970659645295,0.052312254461565726
0.025848069370486018,0.02351818328321752,0.012435217358500148,0.053069612693684334
0.035268965949831574,0.02981295501647336,0.013917153783378449,0.0895727753656472
0.022413181333948495,0.019844901814782434,0.010728568224559875,0.04986647067362591
0.013782295043895876,0.013384507678613787,0.008231028160998135,0.021632932401569098
0.020242541393315782,0.0189152746300576,0.01074247255260024,0.03755273211794301
0.021341798581052514,0.019708256640765934,0.010975408249472792,0.0412772209518733
0.035853524948334874,0.03511963942704169,0.02463910143193177,0.05123937675294138
0.03690880398476378,0.035960742512656504,0.024674716694464114,0.054632107204269566
0.014745216836710262,0.013979962381698931,0.008512462991070566,0.02455145819403159
0.025244548615260605,0.02332952863083031,0.012576866966525888,0.04921010297541365
0.02941238036111849,0.028797810467944593,0.02016134526143085,0.04204513874452532
0.013797632843627046,0.013413756284185431,0.008261585149143873,0.021620094452523782
0.01733681953283118,0.017136016617828403,0.01273923399014231,0.022995768395749853
0.025896610668996727,0.024261829208780734,0.016098948397774714,0.04548038074795607
0.019116120526537703,0.01856455831580744,0.013463521704782115,0.028015600268974764
0.03287292593995054,0.03104844069985762,0.01699500211900866,0.05916298989308428
0.029815628184092623,0.027875735170712436,0.017826793523237353,0.0530447069820783
0.0783441313873107,0.07479234230320937,0.04464773679909826,0.1323497212754206
0.0137701208739899,0.013374880873153793,0.00823240975250868,0.021605313415552874
0.04783828523321237,0.04489745516271286,0.02323742137325282,0.08958162962244466
0.01478580913798232,0.013958385261950094,0.008456665646655199,0.02471983907295472
0.027788076386424092,0.02714263998533703,0.019217921957724333,0.04013966286357341
0.034871973933385564,0.03327008351488642,0.02131334211724549,0.05756163107092105
0.016775146153382246,0.015306277731475068,0.008980350577701924,0.032974395135766416
0.04384146227844195,0.043082192851776294,0.030057529374432252,0.06198625204356974
0.017936088414078018,0.01744193290577698,0.012909101168575627,0.024432517503944463
0.014187946366554663,0.013650160011011029,0.008340673813762214,0.02272443026146365
0.04154030430933174,0.04078271481792342,0.02887504228215992,0.05840659069787488
0.03611650796081392,0.035375000442682686,0.02455599005641128,0.05181678312629699
0.013785340345158376,0.013394905294489631,0.00824581373397622,0.021588846768541763
0.03794558146396498,0.03727198557307339,0.02635076314548584,0.053459325011877744
0.020927153332958134,0.018817283641509135,0.010412239393462383,0.04457303479217547
0.04423214441369598,0.04371045058840303,0.032046140564308025,0.059397982302066055
0.019109116566352433,0.017678263082622582,0.010103188302983897,0.036836407763395376
0.022100953360205268,0.020983038754094078,0.01203345921380502,0.038693946272044644
0.026732876708417116,0.02617940837000906,0.018441021670108432,0.03823707595238014
0.024897970786587266,0.022135852752600462,0.011640191109082886,0.054609803040535615
0.037248728019356706,0.03642767320884335,0.025357375551488724,0.053791949891328836
0.03182261094879876,0.028874214382528525,0.017815677578696558,0.06324672418645558
0.01667793466845125,0.015901749925466804,0.009451209479453172,0.028281503177806165
0.027250689409350666,0.02523645361665392,0.016473986449523727,0.05003502869980838
0.023335887449778835,0.021960103300052426,0.01567825229182306,0.0397315113220629
0.025520356917828498,0.02291015819409528,0.011996728721456946,0.05492859929546779
0.06162057658423217,0.06088376749468223,0.04464852676777763,0.08298833447175338
0.025540085211318907,0.023756423974784023,0.012922859139819644,0.04870478367649517
0.018116196550833324,0.016226020700649425,0.009342329633533153,0.03850821137645937
0.03186966906736693,0.031044379604290438,0.021198130641449722,0.047256479065874615
0.03869919754689954,0.03794308844297967,0.026541337186937453,0.05535235275884245
0.018290986665513643,0.01640684883876988,0.009388026189627642,0.03917516543689684
0.017334331762773696,0.017147001878581425,0.012752699066580674,0.022987202999491033
0.02495538071275332,0.024229104381126344,0.01681748352969603,0.03731956830850292
0.01572744898392634,0.01476212377950319,0.008830403323917796,0.028000524116198973
0.02545501971816284,0.0236195656953287,0.012759343688391364,0.0488048972018965
0.013791652416834718,0.013373137436874346,0.008253933403759756,0.02161822341414859
0.0358220705688809,0.03323749794515363,0.017332052354110946,0.0688707743059339
0.03427953757946783,0.03306003726401605,0.02223648922507426,0.05326080935964869
0.03547111169961759,0.03426410905736496,0.022502058601233527,0.05545863373760766
0.03752549287520795,0.03692740202459741,0.026442185888156892,0.05198998538485927
0.029989782047675866,0.027277241835246418,0.014091799455774417,0.0617689980744297
0.09704498342036343,0.09584193017737386,0.06983474719714378,0.13109566297581404
0.034690162871047515,0.03107950654350706,0.015309213642230543,0.07545830720799464
0.013801918175591036,0.0133975569835831,0.008245757818404713,0.021639633783243947
0.03437200643315028,0.033444640102418044,0.02256986066227038,0.051419576169961546
0.020752914799059417,0.019658339643219138,0.011218917466275439,0.03668304205205938
0.016684664524646623,0.015550506227516116,0.009176365568009975,0.030808437712189964
0.026498883822048958,0.02489538876109014,0.013708678811367066,0.0485909936925702
0.034821040287580166,0.0344255911562487,0.025373097894906143,0.04654694298971016
0.031940653356751975,0.030336350177090965,0.01677966582777263,0.056355618609446115
0.029564618374973525,0.029041992270204556,0.020560940249045978,0.04160080973760018
0.028676914587640163,0.024062296916343505,0.011904775086399531,0.07368718252706596
0.02315079938631145,0.022463582092570083,0.01618605578933936,0.03420608816613122
0.020549551066244114,0.01992216845620512,0.014244413976141864,0.030775353200941116
0.026460326607075653,0.024609835067251402,0.013371313585230698,0.050515344914756045
0.01967408690221776,0.01918735886447152,0.014402763118891052,0.026466445013409452
0.037870327083371305,0.03714920322351164,0.02613216673923466,0.053776118680020836
0.03205089485146886,0.03130918493573446,0.021496186513684887,0.04678923399936753
0.022256019431258746,0.019398785659991143,0.010448986433421249,0.051583962749442804
0.023990632691150364,0.022908489628013624,0.01308506503242745,0.04102829437641882
0.01907272284392805,0.018892092817522674,0.014227726689036765,0.02501708983062913
0.03694644051166224,0.03329801513178372,0.016226487166331235,0.07913817930847354
0.019625022260037005,0.018572922276094368,0.010716035039984815,0.034855351472362406
0.013780128318808893,0.013390228559635498,0.00824172352856332,0.02155755832009083
0.01555205868560552,0.014397362336470512,0.008651907277446939,0.02811495908536069
0.038530933967026317,0.03677034070540833,0.023220485085374807,0.06404188796916462
0.01522127244788508,0.014363460671644469,0.008658573809175627,0.026325178187396003
0.021600846859222346,0.019813236727692824,0.013907447464353339,0.04104233546456827
0.026221537041218334,0.024603552418497394,0.013509904240530864,0.04833762915400339
0.023001993619672204,0.02186461903467278,0.015095348499455024,0.0379306994491276
0.0265986128781113,0.025972057167175648,0.018142035871394405,0.03861006937444345
0.024328994133128005,0.02157415242837238,0.014576173239090742,0.05152565457149987
0.020846254991504734,0.019553017934264325,0.01385280006035363,0.03612081419444932
0.02925838201339539,0.028682757213024164,0.02006296995600435,0.04188742509062419
0.04899294768309208,0.047105644649813344,0.03010449258361263,0.07858708250256373
0.028378634425111862,0.027075353984908276,0.017927097081819787,0.04655784950381822
0.020668928878427542,0.019196497387521595,0.013643924854393598,0.037671688925778095
0.02045254564739118,0.018156929193566842,0.0101009607004197,0.04514700502231538
0.029290243665153752,0.02793146013200799,0.018319031259449774,0.04809525108176186
0.02154660431678938,0.019604103708248815,0.013770502468847727,0.04219176263396456
0.021067318624141376,0.020128141880084584,0.014839780632031056,0.03278511435688874
0.01922457038620883,0.016435132492688388,0.009366992182139412,0.04698451009056796
0.02094764407934325,0.018835767572483796,0.010415603368607366,0.04413478684440136
0.024127652848756034,0.0227948654893418,0.015520795220829978,0.040887927034094426
0.015031913622188788,0.014041571654007837,0.008497897506604174,0.02576328953053065
0.04382990950900733,0.03996132129637428,0.023352157643691203,0.08705657802555192
0.027613488265214932,0.02664994532217307,0.018033364934659336,0.04285126609433445
0.031005415339446375,0.030455291184891264,0.021575285122503483,0.043599336341643015
0.04034760215887356,0.038984430776857364,0.025715390378299275,0.0628458483180108
0.024448099424273784,0.023607240036720413,0.016371610210490165,0.03745092781313007
0.06685502393586115,0.06115572581887872,0.03193596866889708,0.13499726312932467
0.02734260612560129,0.026743484016928762,0.019034933292627974,0.039083844131910704
0.048684535360737954,0.045445805410892284,0.02626791573977619,0.08969806085019628
0.03871759356135434,0.03628624227352284,0.022703712191891955,0.06885090011878435
0.02029925145994712,0.018303511852502414,0.010222514966664167,0.042838543547129626
0.020880031009699533,0.02002535026102518,0.014790109118026877,0.03170074434769259
0.032189949330042766,0.02894564466363409,0.014476436644279469,0.06927962461733539
0.023509159197327475,0.01997291756580586,0.010623729917832413,0.0586032141667916
0.06601436521568173,0.05932952584069892,0.026414202995420997,0.14461150314325794
0.013776413983188627,0.013375863563029845,0.00822053632842995,0.021578834001143795
0.022664484418796857,0.021348459269893115,0.012014732109422116,0.04072299906476984
0.016289021730636035,0.014662086972994108,0.008724203629675317,0.03270088117069617
0.03382805130947496,0.03314269865790807,0.023061971665690257,0.04841439138761895
0.03655532155087216,0.035341982697341186,0.023677865573844686,0.05642962444972248
0.013787551083857593,0.013371738663833913,0.00823993578148966,0.02160964984939533
0.0206759978535917,0.01945470289152216,0.011068490195466811,0.03735361806039021
0.023210264840429377,0.021666628182018487,0.011997021914537338,0.04339618746008527
0.0287346675586207,0.028020002183162276,0.019684683235518093,0.04187917038775616
0.018962500800049867,0.017357210608567274,0.009861652637932782,0.03785238303327884
0.02559573399690894,0.02165513487066459,0.014450695404817006,0.06277544265434788
0.039972315536692386,0.03607888595729589,0.017483585997985333,0.08525514485176938
0.021889619883950905,0.020775113780939373,0.01455734501915956,0.03621835176733872
0.013814222416031084,0.013400083991663817,0.008265868706939284,0.02168353342149599
0.018619585352722828,0.017580362426052522,0.010161529292744756,0.03321544338721684
0.03018019876666966,0.026200791630342835,0.012935098054566115,0.0710844824914671
0.02266869482120567,0.019824814187561587,0.010644882259514508,0.052524088798423706
0.021458601794304238,0.019776895476262615,0.01390935535202811,0.040113719472666245
0.029609903010718846,0.02773565083367935,0.01498937914230048,0.055092716568543226
0.028566241801341163,0.026752992982200085,0.014486573175374986,0.05341998307183293
0.03360435022657438,0.031219374885414125,0.016300711994078083,0.06460363581881841
0.028177118517163275,0.02536383364950634,0.013126915098611188,0.0598901244506288
0.013803528057287521,0.013389687759040887,0.008267302641633209,0.02170972324622977
0.01739839310994066,0.016536767352169766,0.009778544197317815,0.030077167177989535
0.020438902476834168,0.01770344206221729,0.00984465617294356,0.04836006804083313
0.02069799188970904,0.018982634685391245,0.013555445675586256,0.038905339966806285
0.024552831575916836,0.02301888566197508,0.012769154983668506,0.04506560362760683
0.02506632669544882,0.023324998774697653,0.012708593100889884,0.047641083716503226
0.03240738843335861,0.031499355539008844,0.021225591408862227,0.04887128126089532
0.036166818933342906,0.035134486606062894,0.02399496777010738,0.054281367360020094
0.024205497933544783,0.021773042018769565,0.011571900022423375,0.05161332202835378
0.02617350425195787,0.021621127155241004,0.011002176722890597,0.0701091300891781
0.015135973625249101,0.014330217597689474,0.00863318571912635,0.026057068991021868
0.036379248154625544,0.033251777214285835,0.016583921157476013,0.07433099680524793
0.013799895638881383,0.013405177143105032,0.008257267139027113,0.021605123873550017
0.013787281415469706,0.013382383491264393,0.008238383448446728,0.021586707724155142
0.021345074172573076,0.02017275803892323,0.01143047708070712,0.03789241191568288
0.04083622412602814,0.03944124211969005,0.025609857173740827,0.06416442437364074
0.021062565746779765,0.018527238837195655,0.010229142394302454,0.04737050615627791
0.013785673332318088,0.013369744789986607,0.008242718965892066,0.02163613241367687
0.022177654935286513,0.019171968008743316,0.01037820865015816,0.05263196903647859
0.03149704675057369,0.029872115689704222,0.019212866339964857,0.053319223170050334
0.05484193381292413,0.052700709938164655,0.029627851562798978,0.09226387715136396
0.039547111312954956,0.0390427567320153,0.028229126846029177,0.05378129150076811
0.01734761247255477,0.017153047133488822,0.012734853370469063,0.023018502597911505
0.030542753595812697,0.02920000937059978,0.016513704986356518,0.05236001955176556
0.042584334614056446,0.04166248938220738,0.02853498154782838,0.0618028926396773
0.03348535609339141,0.03293335949712031,0.023131294944594982,0.04710116846569956
0.013786749155574552,0.01338236699335563,0.008215112614547224,0.021667867412804433
0.03216159826129516,0.03140182545261899,0.021539948920723626,0.04702340252502663
0.01378673952139178,0.013396996709697807,0.008214970848392546,0.02160531539027153
0.030572197455735223,0.02757158297808185,0.013009631431854577,0.06583983217418178
0.020575290652901375,0.01928198229263517,0.010754293311565345,0.03824645292630286
0.022978847194169108,0.02040353550337675,0.010816361842816811,0.05093931766789745
0.031551709769689094,0.02861461892154217,0.017674405722100005,0.06318367308693164
0.037464775154109724,0.034426322232190075,0.015249548177121873,0.07683528761736347
0.025194346555384366,0.024769829628793556,0.017631135216910187,0.035207535237671395
0.01966300711323625,0.017255952733841014,0.00970581533922361,0.0448407208099536
0.03154382281532555,0.025768671206969084,0.015725580550754587,0.08294470214651284
0.013789582402121532,0.013390152401361544,0.008239880282928134,0.021718387914657845
0.026928119215410988,0.02643526004651598,0.018682019255150013,0.038091401191437266
0.013786077110339665,0.013404385311609883,0.008241704436432405,0.021557030752238228
0.023960642305667943,0.021877717699835444,0.011486927729251601,0.04852699880633333
0.013786094796981967,0.013380826532612746,0.00823221582533866,0.021561429810858585
0.024118769096698203,0.021003133854395794,0.010904872133771053,0.05602926021271843
0.029181614964942294,0.023092547274432135,0.011245660958724434,0.0840968498408307
0.03155122320991858,0.02807896862978186,0.013214735937234908,0.07012949512146054
0.026208050543507687,0.023916775010672485,0.015704380365519802,0.05078906179475641
0.018714360359731654,0.01691582290806181,0.009662446017638679,0.039111762290931495
0.017344034903104374,0.017163505804603824,0.01275042002143212,0.022994352985283247
0.013789215912401162,0.013379823496524598,0.008267688581144175,0.02158418154755913
0.014878299347378516,0.01405081735365103,0.008525497098238242,0.02530374460636038
0.019052036948823396,0.018425262774549995,0.01336969759955003,0.02840258262838171
0.020180431649420412,0.019240924081720262,0.013772175328365934,0.03251870121543487
0.027105413827854828,0.026569253935327632,0.01869383255295011,0.038641916532568994
0.020765996402040764,0.01951752869351802,0.010912690386529948,0.03802585558397941
0.013789544158005195,0.013375332350816112,0.008235721272245823,0.0216507597999578
0.023752407362320673,0.020906739807940354,0.010951044710858995,0.05423078349140605
0.013786484114046723,0.013377814050455593,0.00826003209027574,0.021622279996502125
0.014374471167491602,0.013804322163809904,0.00843647002159104,0.02322747475574339
0.02139211102162878,0.019123552930217433,0.010377507561465804,0.046391539694386884
0.02848668969355606,0.027428317545836647,0.018300851302648326,0.04489862973229907
0.013804335378491035,0.013408427331249459,0.008238783588493743,0.021691956496387776
0.017333639763710988,0.0171468405972282,0.012729820308031983,0.02296213944267075
0.015655847915619293,0.0149503781264754,0.008981496940129804,0.02650868678945191
0.016917918373121506,0.015025033056598715,0.008859724444015369,0.03578560246250709
0.022883064734173612,0.021102816805142068,0.01126494986689996,0.045005798817307124
0.052350337408634116,0.0441746364755468,0.01599344208237804,0.13606676294707104
0.02918426182094835,0.027965584944744083,0.018569552218572455,0.04692321201697223
0.013767054887081341,0.013372142001933002,0.008226785162162737,0.02150444547205031
0.02969171285316646,0.02549599970103154,0.012172867466250046,0.0724370934871434
0.038821465082221056,0.03674731220823102,0.0198881690940733,0.06966282714747858
0.020380749548213967,0.018695325678629436,0.013390379880725344,0.03799226774216416
0.02230649450345337,0.021269312782704733,0.01539541047097532,0.035921111526943564
0.031613197753590734,0.030130437574817828,0.019521599245988203,0.052325706685671734
0.061833551222103746,0.05152852161264652,0.02056953457203812,0.16447787021686922
0.025908188722200288,0.024477383657724026,0.013651526115562897,0.04640254204814841
0.019079258114519944,0.018894259976440474,0.01422431531289805,0.025001587101244997
0.01829361567285033,0.01703065700474274,0.009822942130083837,0.034443540561200664
0.03222795907967796,0.02988686505869908,0.015666050635318122,0.06250178469609871
0.03817671108910705,0.03745430063745373,0.026035606625615174,0.054439911256031495
0.02180287363713701,0.02076387852624247,0.011914199811012166,0.037721152920813385
0.02856277891576698,0.025578662467430253,0.013060289574126492,0.06199557647565412
0.035099922703458145,0.03257546616030922,0.016991365315832153,0.06793534840328556
0.029118252965984713,0.028087873655401274,0.019267142064782816,0.045035443468123174
0.03547618088917677,0.03375954604058268,0.018786074413276087,0.06190609969942513
0.06788321263885153,0.06712260740902573,0.04949698182183738,0.09065930018211044
0.023670034470795694,0.022337860089887772,0.012516429855016274,0.04267335144512398
0.014812894141128597,0.013983557140620922,0.008469696981878896,0.025029553302008102
0.050677751400459166,0.049082100368477335,0.032297413808276776,0.0781134593437293
0.0190625633686314,0.018175066421766736,0.010599527603012113,0.03264837677579318
0.01738142723162638,0.01626180257970195,0.00951697956844269,0.032007477896606434
0.030272344921397836,0.02994265679657675,0.022274823761394922,0.040150490564207254
0.020243784975535226,0.019252894392699012,0.01110370802093806,0.03506815583519811
0.017313080067568865,0.015351829292536995,0.008991077176959739,0.03759705544457071
0.022953578382095715,0.02182106684102892,0.012497639670312914,0.03977188799612753
0.016081213720198585,0.01548540743391496,0.009331813601327678,0.026206653369334323
0.02488066307730639,0.02398353830223307,0.016422457836554827,0.03867091035998791
0.03711168592451277,0.03521442410628503,0.019226932334745216,0.06632563561234789
0.021838587114294237,0.020869838548096386,0.012066245129071975,0.03721090260334528
0.019252181829564313,0.017829632614358458,0.010158730845549378,0.03694710908242624
0.02467728703741824,0.023232953472626144,0.012869477991947284,0.045094008510212016
0.024208309127862218,0.023785550121175975,0.017282100947678593,0.0336238033800184
0.013805450729884983,0.013405940066723607,0.008274756245799701,0.021571249724373118
0.020307168656378143,0.019308501898948317,0.011179796736962046,0.03527077882003522
0.013775924054704963,0.013380527142105744,0.008234508997623739,0.021563981159909044
0.04529978229644645,0.04029985279690283,0.018838048893014717,0.10150567735868093
0.029034645535772605,0.028123509742706575,0.0191322780588924,0.044122576837489616
0.019412834274742143,0.018372118256850135,0.010599996005034695,0.03414240648321038
0.027719225706500747,0.02649899701287156,0.015113107218213098,0.04731044227527987
0.022015973409962593,0.020454483842650476,0.01133298997849016,0.04215482780435228
0.02082943391446828,0.02005392183605749,0.011890724874392921,0.03437504141778555
0.022401714892714305,0.021425305523104936,0.015470914093277405,0.035575849391712946
0.023435966360460952,0.02205432121705398,0.012358164305211162,0.04247490489861824
0.016240801589985605,0.015070011583011217,0.008927179384078072,0.030387444817965997
0.03598056075744077,0.03551132228353417,0.02580796219607262,0.04888452842231424
0.026007289208684007,0.02558693519077132,0.018263751343704046,0.03618790293987275
0.03111278342001777,0.03036735753101271,0.021198606870067662,0.04527640032336684
0.025367263818992368,0.024237290832078234,0.013958802588668245,0.043260078497381955
0.030663843323770094,0.03031061629684114,0.02252309716297531,0.04077459137349554
0.02587052516670806,0.02488739910321178,0.014508372363280677,0.042819734865759865
0.019152965213479377,0.017937199153535664,0.010298847083481845,0.03525411949065847
0.024766099444443062,0.023575821838248256,0.013364776716144649,0.04319231222272638
0.017595109970030793,0.01695225193512178,0.010135069388690743,0.02873124670955191
0.027015125728966808,0.02543305854356428,0.013985223937282255,0.04904740378174604
0.026120609241304348,0.024690352088469217,0.013769850815143406,0.0467191417663477
0.029413670753899918,0.02903228753025306,0.021229900967140388,0.039782924626383
0.03720350844491281,0.036310342928983524,0.0246847241858103,0.054835618341238526
0.03723254537558018,0.035877406074279,0.023333101791542597,0.058965249800004574
0.024268589254296948,0.023595185264030122,0.016879370435536122,0.035705029336170514
0.034361549603606524,0.03389858794793073,0.024777110974025105,0.046488628107139766
0.026247753611461935,0.025121271233210805,0.014452463628526348,0.04448822932961925
0.022380451350882687,0.02172512076574623,0.0152709576490833,0.0334305944518568
0.020931823863203296,0.01870147059473097,0.010311131314917565,0.04523118397897304
0.027989230523685092,0.025905033667349656,0.01677235443116863,0.0515730122125897
0.03133367151928475,0.029973146646326394,0.019589026193949716,0.050805769184781656
0.024169108118291684,0.02347850524691332,0.016362625950103255,0.03602452038284952
0.022470191651029536,0.021667817005351163,0.015668230877850964,0.034287833001265464
0.016851387802582236,0.016170124900308364,0.00958283702117618,0.028106645103599347
0.03058126204254587,0.02910320029131227,0.016272306516621076,0.053275463086151005
0.020891337113916015,0.019731097256770025,0.011271194800709388,0.037316825421460524
0.023671435378011037,0.0225754482347515,0.01288271789496836,0.040954294738645265
0.03771259829251701,0.0370249520091015,0.02597016504402671,0.053361408073308636
0.014332798960948098,0.013721322209450782,0.008394257750565499,0.023167946813238374
0.02862166629897461,0.027513357982788318,0.01840668343126699,0.04520563165193771
0.023733733079661517,0.021348978786465772,0.011433016952015268,0.050396742474106804
0.013801560923322836,0.01340678704803111,0.008245443186710605,0.02166583739413002
0.020183002744217304,0.017080139525836417,0.009598664784336615,0.05044380211510645
0.013785692934821918,0.013400861890012527,0.00823445345642172,0.02153833811412901
0.016475100730164203,0.015550192951687008,0.009193582887232913,0.02930414082276223
0.018305578169045794,0.017426004285279795,0.010259046899176184,0.0314801439442633
0.031325530518459335,0.03081514844738162,0.021790788923104532,0.04396196365360325
0.030075268899438748,0.029642920323054364,0.021653177330022907,0.04092397011138773
0.0181634105670113,0.01739758650608612,0.010224839504764674,0.03055353572520783
0.0362538918388218,0.03563997625852905,0.0252401394791891,0.050760322620545334
0.046293898474782075,0.041804379327459174,0.01991343717900214,0.09868260114785729
0.01599878421199878,0.014629767699311728,0.008724052967862056,0.030574482653149982
0.044363835779671935,0.04111281249610453,0.02081797730407694,0.08672217056673785
0.028324381634846577,0.026622173858274614,0.017303617842809867,0.04942391541643438
0.025741973057863375,0.024640063478513684,0.014139590575610716,0.043638847016678604
0.032796925676346435,0.03208942011772531,0.022179290357011886,0.04739963478031739
0.0232885753960759,0.021413643137414243,0.011669361975783265,0.04602943110789288
0.027497530817994848,0.026344574718907027,0.015180864375851647,0.046410636913210165
0.022917358469302707,0.021075464642427506,0.011496766592244955,0.04529526703219985
0.0455118704126017,0.040624117200565205,0.018854561846696115,0.10070266234145797
0.018524827399000323,0.01716330449416232,0.009798263339124326,0.03542991564221335
0.016465119102541538,0.015344641928834613,0.009037847202094579,0.030481117559953464
0.024394583888427968,0.022621416008698207,0.012294041034013251,0.04733704716175696
0.02681553470019986,0.02555899594297043,0.014494579340788327,0.0465632724976458
0.030619051323327515,0.030285861006274742,0.02241190618519274,0.04083529110266511
0.02966241617824298,0.028429289338649563,0.016308465586009922,0.05034161351368548
0.03454189910684525,0.034023926422498706,0.024396427987102686,0.04762567741154221
0.02195677816997041,0.021451573265787158,0.015264412903429898,0.03160109852331689
0.01871843987974033,0.01767655111784469,0.010190528998267542,0.03340273857903955
0.03943174032436861,0.03883640539014325,0.027717547472762855,0.054566128739362556
0.030783185862267696,0.02999929542496082,0.020561125806059337,0.045570599258246185
0.0360724550029496,0.033775243676212326,0.020815301355971087,0.06490747166964075
0.028834563674200387,0.02567621403123759,0.01300535661440491,0.06315932299544484
0.03477090516259847,0.03319792726849091,0.021720971839968226,0.05694477537657111
0.06546102663784903,0.061542369944326755,0.0355457377580166,0.11716134011488273
0.03211924418300503,0.030352341353830657,0.019357459466628292,0.05529265493722254
0.0321225633192858,0.030041547495729296,0.016057537578792396,0.06019442433600503
0.03892969039950574,0.03792976152716136,0.025986293763619807,0.05764193327559172
0.020563042841555797,0.020008413099464648,0.01435629515719428,0.03003618182023608
0.024245800366935386,0.022878890212579182,0.012832910270299936,0.043391046995297354
0.01545332282109094,0.014854855656038085,0.008982679717501453,0.025357157672585527
0.024527238439019484,0.02328144882742853,0.013182600953672565,0.04296652792893776
0.029826817749399447,0.028662962961055083,0.01955876066949354,0.04683989021511311
0.02577027184593531,0.023591586014647323,0.012530097099038856,0.05217135296292247
0.035478688466320775,0.03316489746443947,0.0175107045999944,0.06667861469180918
0.03694248896394489,0.03591379303634763,0.024023710732934907,0.0557034780875683
0.018905574299587495,0.017836128963233378,0.010273909285174958,0.03371190552030359
0.022589939804125474,0.02222160563618373,0.016074595124119503,0.031133743504612295
0.030608470241676473,0.027898561660921417,0.014291698132764307,0.06298710452780742
0.040648524673140056,0.03965006396326779,0.027043498940430344,0.060172989748948094
0.018763136402164426,0.017117606302940458,0.009757921242843874,0.037918408411837703
0.03277859671366508,0.031007965693558293,0.020294847055869005,0.05570441229749713
0.032110041116923484,0.028827041913523924,0.014383998099362538,0.06942576089704842
0.022323464780237036,0.021043671576878045,0.011922072454257002,0.040065035279641295
0.029757131196058165,0.028216111059166375,0.01565774278637991,0.05262336079493327
0.02348673205048762,0.02218881966203789,0.012561515396960335,0.04180825440685971
0.029367136307365222,0.028947645354589255,0.02100811254924555,0.040089132577727664
0.03803062699925317,0.03697316643541036,0.02500866169540746,0.05731235205845546
0.02838061219680971,0.027434877258773,0.019066700666147553,0.04338280145631535
0.03465398043311327,0.03405400866364733,0.02423472806703167,0.04845968446802415
0.024281154086485335,0.023161167610606603,0.013268724194442864,0.041858419233859
0.02820737896178489,0.027566030419597043,0.019109431152653303,0.0410437373391035
0.026472227517562993,0.025161855449861763,0.014180523980901916,0.04643379989326178
0.02419508616192423,0.022752746079505254,0.012633593026850439,0.04421224510142951
0.02909705129495424,0.028017631623247503,0.01921571844143381,0.045327887803620334
0.017218708336537353,0.016509232276632778,0.009789943011078847,0.028817058673851596
0.01947834877674767,0.017847505022718792,0.010111455651159625,0.03874023687588149
0.029932092278502555,0.027773972203703572,0.014703016119162705,0.05756837120433551
0.03227409846100125,0.03152963959046949,0.022028392405681576,0.04692833320755781
0.0317384290523839,0.029966522600913197,0.016380179294659573,0.057344235867797785
0.028193189477483817,0.027042167017533744,0.015613548312636767,0.04749703201704958
0.025923989217943418,0.024211826518680625,0.013150943289694022,0.048425192342143264
0.033484134869877245,0.03303627497236428,0.024160024313447347,0.04527011878822764
0.03023222840430154,0.02964901790875254,0.020852202371183015,0.04292475474742132
0.0183101053464602,0.017529084631381392,0.010379556849398865,0.030841754081389828
0.031852190091936794,0.0313525127059268,0.022603597031483787,0.043830564290301584
0.06372103905966978,0.06291488210251261,0.04563609143246584,0.08637883982864424
0.01719932038895636,0.016524727140437654,0.009838546846159703,0.028530703724587585
0.020939298367899185,0.019420415681007004,0.010886137309458685,0.040053094398665
0.016413920836911986,0.015866177691668995,0.009598689140874282,0.02635810697695719
0.04844836317602557,0.04761126308469215,0.03338960602012996,0.06814038101645303
0.025395557566717547,0.02396939002555412,0.013351412515168921,0.045610605992143796
0.03988627446947395,0.038883861370608355,0.026630698518534862,0.058714292841331395
0.03625518027757199,0.033702433140975166,0.02123321797164151,0.06594400960456144
0.032833064926128704,0.030602555976533274,0.01620060431387172,0.06249125348232247
0.01906275995148369,0.01888404853257844,0.01426072530496952,0.024948061079729036
0.020007874791132123,0.018528756629674827,0.010438780446801826,0.038188697772929124
0.028950693483452875,0.027780026002283173,0.01842178697003966,0.04629878919732475
0.014495816509375474,0.013834423004136133,0.008414271881956136,0.023765841856206827
0.019907423551745407,0.01879368091405667,0.010803048499701843,0.03548751169727139
0.02100212113996214,0.018825537485768765,0.010375165976327387,0.045079799794293884
0.037766977130114766,0.037133784614408624,0.02639434171240031,0.05267445085932242
0.02475448923973691,0.02341639733478111,0.015856290935268927,0.04155021993357121
0.028894931901451315,0.026259766055698713,0.013642265640463017,0.05967964729642737
0.020474139046952444,0.019305209251654,0.011003956008400916,0.03678677672498356
0.03431759401058645,0.03255213266136968,0.01803718893475402,0.06070343565731228
0.04392123533406159,0.04092659702037901,0.02105858161044104,0.08387506946271622
0.017300172951992734,0.015895703704936988,0.009256550392130799,0.03387103942101186
0.04065707194388121,0.040054314302158105,0.028470497045185856,0.056312008651757055
0.02605806267018193,0.0229021995770088,0.011808200019321915,0.059355170010867195
0.047738460776855014,0.045513863632141605,0.028262564522649188,0.08006886058559785
0.019671735346253952,0.018797553543989556,0.01099182032492451,0.03341759729978869
0.02260447397179536,0.021216722625698445,0.011873576887269791,0.0415127972478246
0.025700102693045217,0.02432682940764859,0.013628791653029718,0.04573364615601295
0.03389022010821459,0.03266918279304877,0.02140125999248982,0.053471272616801124
0.04755408655049359,0.04296314245362269,0.020515762071841737,0.10078624489409813
0.03226916390970831,0.03154741913414327,0.021842230631085043,0.046793246741625105
0.04842521481853679,0.04420402041624702,0.0252604641664333,0.09667558477796832
0.02051615231812357,0.017526722202056116,0.009746206744659437,0.05010800697838677
0.04956840655581921,0.04872962280656181,0.034091122368729285,0.06971256885087067
0.018525231020214934,0.017877284441221986,0.013098478175869522,0.02686547130842789
0.03210535503473801,0.03136119681591202,0.021504760648387748,0.047068495578793085
0.019284130926807242,0.01836273920303238,0.010707385041549642,0.03296784227201567
0.01734533225786116,0.017163704774204792,0.01275294653397357,0.022999634243298497
0.04061859065903222,0.03851201074106104,0.023750161227989224,0.06953361672052424
0.03617859436708277,0.03466656815916299,0.022633776576290492,0.05823216971649802
0.024967433546928933,0.02388130623055502,0.01375577629032206,0.04240672597491407
0.024630647419889233,0.023763959274427628,0.016358712059417833,0.038077643431899996
0.020711818659516396,0.019683996285865556,0.011246856299324266,0.03624448361524629
0.03107178819853823,0.03010795105934566,0.020221037023463246,0.04735509023477409
0.0137857102130877,0.013387306453218971,0.008243642613732307,0.02155411798134269
0.01864795939012834,0.01612433196943172,0.009279936936883709,0.04375863909129902
0.017559294262894005,0.016260695192767995,0.009467492288734915,0.03341897734189935
0.02709195749612736,0.02481771092180729,0.013046047425145398,0.05422679367566093
0.015910868076035343,0.014478396601410447,0.008672541864877996,0.030151520629033007
0.029300192425461394,0.02825175721419862,0.018951501925724815,0.045755154497511406
0.0287713358959775,0.028245025201143067,0.01993587830276911,0.04065157851691032
0.025350760087601603,0.02422134141317101,0.01644810960705763,0.04087877630290879
0.02298997982947081,0.0220972153223438,0.015329017927426568,0.03612654724624094
0.016929136062209263,0.016310626994424655,0.00974801907421504,0.027708739210517717
0.027438726750451673,0.024889865515261296,0.012985515698072318,0.05660136846739719
0.02152760372410697,0.02039058442926494,0.011614833001794935,0.03811331649697562
0.019111963914002023,0.018153619108921014,0.010541460889965128,0.03330245874749948
0.023700689356792672,0.021344473521627723,0.011431243625519921,0.05011177143070627
0.022738165029007978,0.02120228649124012,0.011754952407391876,0.04268475750634467
0.026159047115036745,0.024525096421708074,0.013402025489038278,0.04844011757108716
0.026496179328334032,0.025081200350372,0.01396175570940199,0.04709072400998558
0.015816580816429775,0.014698295717668983,0.00880092977640403,0.029104948086848353
0.01527140552250401,0.01432491211829319,0.008637729521776848,0.026651557500755988
0.022772230014185116,0.019308541917436,0.01036056848395811,0.057298591381455495
0.02166456624567973,0.0193722873019241,0.010582789377041806,0.046942332160825176
0.023049539927434318,0.0216275246988221,0.012067205689883486,0.042220922123223835
0.044458919543916425,0.04177541815439095,0.02159940021829388,0.08305696834776366
0.015936280770672207,0.015406406176730471,0.009350967803869327,0.025524282691781572
0.04143816893003201,0.040109810030497274,0.02605815492230103,0.06443543821528673
0.027968440361475395,0.02499101994953519,0.01275560075775316,0.06134449921004281
0.019071649258076216,0.017018968353605057,0.009645374851593062,0.04153943261762418
0.017118628361971654,0.01600744519413623,0.009402743425447212,0.03142833311040328
0.028998077119970968,0.027206403292328502,0.014769698775483326,0.05339749403411616
0.03469084684922494,0.032613147940569326,0.0173098121302936,0.06358958287985218
0.03494420654304232,0.03421316941296669,0.023685651058107823,0.050371911272440416
0.025729831834091613,0.023685803953324716,0.012729360597743707,0.05085886478248118
0.021262525680375538,0.02017420205398148,0.011530903672729527,0.03710264006793435
0.033722607454271344,0.028987442165320655,0.013809754202647332,0.08152024510354779
0.017858813468722146,0.01614862468773749,0.009321066032510537,0.03717889107149625
0.02969647648830189,0.027372251312538363,0.014368019271938093,0.058768503293899876
0.019793473978391474,0.017586846779836747,0.009844695782435485,0.04363204810945303
0.023802742515385163,0.023021982912467678,0.016024844298797487,0.036184262612317615
0.027743566957633026,0.025931306960545367,0.016909920720484497,0.04942747363881879
0.01614403176379834,0.015516801506423067,0.009295452185750773,0.02661711037890634
0.029493605342482524,0.02616896254779067,0.013183870175399131,0.06519517040024383
0.03527404476329559,0.033063016501985655,0.017253026951550295,0.06611644210218486
0.021933643006257317,0.0213465630007275,0.015155333680414123,0.032214252079913686
0.014374721509459275,0.013775645462975094,0.008399797300811624,0.023359261996732064
0.013776003521215505,0.01339261527155324,0.008226644429745342,0.021594786845920918
0.01682818998827022,0.016156868481661944,0.009656919251500879,0.027865028070758135
0.020510347076935328,0.01934749761526386,0.01101296517489555,0.03681158349392378
0.01628028104042441,0.015262242724182817,0.008980989080770883,0.029482986312922274
0.027680780895997896,0.025830700448981794,0.013913711782952042,0.05219925784817918
0.023038233133929078,0.022595522691716968,0.01613919744296843,0.032452197875680766
0.020878622546737596,0.01860320498689608,0.010199457998607286,0.045777598991745466
0.03089766622511645,0.030253970165964903,0.021102884794131336,0.04441403816185337
0.020894354082130903,0.020369165364071164,0.014549496087945783,0.030390034731504784
0.03422311666932574,0.031659768245938455,0.016411018606976243,0.06676075784413432
0.026086983768114993,0.024523065276048018,0.013473073849658816,0.04786239674179371
0.02409692662445955,0.022882991785232024,0.012856516868037324,0.04234333391467623
0.03569614496166711,0.03480411556409714,0.023662294622636363,0.0527105977595224
0.022401199478623707,0.02103543431796323,0.011825331935015584,0.041102282658486256
0.016492091323595658,0.01511206394111679,0.008904846823842374,0.03233329801082457
0.014740174971865975,0.013966553658069706,0.008501255390100212,0.024684919756062726
0.028835959603757937,0.026665329137569527,0.017096948617568542,0.05348676278393801
0.022072093642152683,0.020903773709190186,0.01186769325884667,0.03928561462582664
0.034876177585516414,0.032421519565305736,0.016983890304111363,0.06669784622884121
0.021288696430650022,0.0202091380961575,0.011581805229987856,0.03693033602220038
0.0412050945505257,0.03676121546842269,0.020597455432625207,0.08783408473276204
0.01488619849658958,0.014053905183665831,0.00853197411579787,0.025263595414527742
0.0164747116881119,0.015093414817607682,0.008895083147269367,0.032268626220087075
0.017630528149132643,0.015828367852206177,0.009200547195971492,0.037287049101311406
0.01603262474710073,0.014796076607218319,0.008817702805425405,0.03011560096816014
0.017606112913423216,0.016847188592874145,0.009929476735979655,0.02966533597123447
0.01917522680733625,0.017794440031412728,0.010111942722328607,0.03656313625690522
0.014724498166144453,0.013878516198014324,0.008407483106972011,0.024622802945401586
0.03414417420418601,0.03163194995175852,0.016278669220996637,0.0669236099214791
0.02960166931676667,0.025344652133700712,0.012469161684479506,0.0723574978193687
0.017889731403521007,0.016688889516295494,0.009663110044701325,0.033239925108464595
0.022938622620567364,0.02016608541718625,0.010794503236393284,0.052658618709484496
0.04131469498735716,0.040681025029746735,0.029229521397928376,0.056865350999933374
0.03638405562769864,0.035220523733461004,0.023432194846103125,0.055871318081840204
0.018508045477896643,0.01760803395774657,0.010289426825914095,0.03204111587593961
0.013803172147766893,0.013410844550618344,0.008261195991895362,0.021558289376539717
0.019213256093754173,0.017260842059340854,0.0097969777439107,0.040536596763342085
0.0343394500099456,0.03356710648876088,0.023011246944255784,0.050193829858125344
0.014316889770967055,0.013689731508587447,0.008352236316496321,0.023099065542891328
0.02313660032862817,0.021714593650426967,0.012063794357637884,0.04257152396451808
0.031088794859215278,0.03026767987847382,0.020618995448990558,0.046203867065244306
0.019990306250323116,0.018455882964181415,0.010437115323836083,0.03857886397165111
0.018756807075460524,0.01641123717001796,0.009355475780792266,0.04302763766935825
0.025906600841149797,0.023822092187868852,0.012747495303306334,0.051037853536787886
0.021932366677497567,0.019472147769656625,0.010618425456512592,0.048079581582927675
0.01762040316458811,0.01692829572201246,0.01002156010670231,0.02920458006747992
0.026289342558977018,0.025644504218110098,0.017976804873729088,0.0381124859222072
0.03340358340515095,0.03181367146195191,0.020389888044927064,0.05593526388583106
0.013797426831027755,0.013393278162828311,0.008258600028810646,0.02161631133300201
0.01730650059427007,0.016468269271668015,0.009711217744932145,0.029706946456517877
0.024223880209686924,0.022011171935494525,0.011802862593595882,0.04938310940630274
0.026376700541814374,0.02455497688054667,0.013260077179116921,0.049963458510335165
0.029168948350439813,0.02852892476001617,0.019920651449915644,0.04204842396980596
0.01381827957310764,0.01341446347051177,0.008259539108105968,0.02171921074944118
0.023801638703779483,0.022261903924266694,0.012324457725129367,0.0443559480825927
0.01787235013143526,0.016482665278998433,0.00951723687910824,0.034992112769462236
0.016162751229812325,0.015531630659356619,0.009311104961218616,0.026620490042736963
0.02632811475739844,0.023726197805827458,0.012036055483499012,0.055929386281074724
0.015558496510710368,0.014432744946955425,0.008643727529608222,0.028297299369293535
0.02312424548388951,0.021641455293800946,0.011695229518374237,0.043324362389173275
0.02539362629052421,0.023371737223872403,0.012161343366041903,0.050799539770549455
0.01689370277168995,0.016192210236883588,0.009582760174814938,0.02828956022286859
0.028681192673570825,0.027713127126491703,0.018690329581181445,0.0439837141219332
0.023757022921242432,0.019915246596787974,0.01048800143840814,0.06111857850930539
0.013783533238065027,0.013383292816653701,0.008269022807608904,0.02159335577293726
0.025643639738058784,0.02422702288788917,0.016213535076526894,0.04356349189750455
0.013780973862800174,0.01338833733178788,0.008241499967381266,0.02156260877388224
0.013798651879109117,0.013383784307665809,0.008282877973063447,0.02164074266508732
0.013780500079738781,0.013383526845473358,0.0082690143672748,0.021561718658903398
0.01784128727466173,0.016409099607866663,0.009438026307721059,0.03498187275567787
0.015546863441482229,0.015010960059015026,0.009090759709127115,0.025036148130778414
0.017702602637770747,0.01527603630560708,0.008923200967740888,0.04118019923731237
0.02124273043123555,0.020161919677154305,0.01128019050723456,0.037474327810557866
0.02400842558252637,0.022292403572973872,0.01187775698285141,0.04631104398777538
0.013801219208124594,0.013408298632205457,0.008249531137902765,0.021543414576550488
0.015994927584243427,0.015176283178603443,0.009052711738450105,0.02782207973457878
0.045202251474623645,0.03997050834443708,0.021520257938310534,0.10000965650291693
0.04501210030483753,0.04405118604904269,0.02960558425826696,0.06594308011527458
0.02924180045565551,0.026721845443286214,0.013194685154982448,0.06003579444617895
0.013785736277066718,0.013379079399882605,0.008241407117354799,0.02162568101453532
0.023536512536174187,0.021133161887092067,0.011128562734387771,0.05067877685879494
0.014348805384792277,0.01369933514615393,0.008368844185047332,0.02326911616579834
0.016474182356841064,0.01567899311608257,0.009335933651528665,0.028232349937704106
0.018796455727099624,0.01757704263337638,0.010015320406284545,0.034871049625201725
0.01746128338196334,0.016647735672116887,0.009776928758740169,0.029848884642091407
0.03110082365194872,0.029882634565710352,0.01962295598326192,0.04962433975186599
0.017790247732477168,0.01564546214818121,0.009073510424210526,0.03988931792316486
0.013787485554385248,0.013388673520119219,0.008263949147659735,0.021573182978284918
0.023233363179286003,0.02009069187841047,0.01059876980447875,0.05590226665814774
0.02398682657325532,0.0207740475330018,0.010873594590653641,0.05672999019465361
0.04804283888186483,0.035791709184913506,0.013535174127358007,0.15621007140703944
0.01861665371505914,0.016705381248775457,0.009550249442156277,0.03981762604508712
0.021088728412597294,0.017825748051304043,0.009820657848374712,0.053400116254586245
0.013795643478721472,0.013394579531668473,0.00824524706895626,0.021609168469415897
0.02182789792985534,0.021408812328641627,0.01533258661258648,0.030799537921246376
0.013809218941336712,0.013396696122118374,0.008240885945912213,0.02174514453910793
0.02619837482302586,0.0229260443188936,0.011622849523999378,0.06049991471966299
0.02977964461422983,0.02803134921892237,0.01802738900864567,0.052116127817960475
0.027985011752038796,0.026679216519066223,0.017709291764271655,0.04574830023320635
0.022512039175374404,0.019313541023926108,0.010332374987904925,0.05477130973316331
0.03242362929877246,0.031984410105128994,0.023320050254418058,0.04399763980986075
0.060796434845270496,0.05285822105918277,0.018897792025779216,0.14862739786984824
0.021218784104478347,0.019161244429925117,0.010398739718148652,0.045040857105262934
0.019831957848042005,0.016914128829103266,0.009511620285816948,0.04853658874146971
0.017647501908365663,0.016824306088965728,0.009866224006490088,0.03014420604220375
0.0233040634506311,0.01840688336957095,0.009847425052026727,0.06879766972119689
0.028237626091748076,0.027300748907659766,0.018895971124224285,0.043110052998997
0.018734473574092907,0.016379509162481296,0.009332313407178279,0.04292179620370306
0.028411957663329407,0.025486039408413826,0.01705389300496546,0.05790989249236659
0.013800592724792445,0.013403620100237996,0.00825475601450437,0.02169414394351765
0.027089542660734742,0.025304797105893614,0.012952498028610041,0.05183739185030037
0.02829359903571153,0.02595500690970247,0.012980017421054356,0.057430704199820146
0.017180378386109692,0.01604661898395724,0.009385071879292831,0.03178705376181793
0.024025804188337316,0.02163418008562874,0.011338162758066149,0.05118068932302358
0.013781496139877586,0.013389386872444991,0.008229138775117032,0.021565650563276764
0.02701041266617248,0.025753014457872765,0.01771925363049994,0.04370542515042456
0.015031709039011283,0.014107738299509526,0.008535702443761567,0.025876709856258756
0.02708071848367145,0.025598078098007272,0.013198940365384723,0.04978089292792213
0.013791046081318318,0.013389494753584686,0.008272097677922691,0.021545599263829842
0.023334020183227968,0.019271012054878384,0.010242563833729889,0.062431317728195594
0.01701512880288346,0.01619920387570435,0.009554474863234947,0.029321253549767938
0.02949583536713691,0.02667178041293778,0.013065536379938292,0.06270584579280983
0.01377413967082819,0.01337667359657702,0.008256318625009048,0.02154892177683467
0.013806806707488191,0.013408427661534255,0.008242319597362822,0.02165311825532073
0.033983387219735935,0.032145179444754854,0.02027195928419205,0.05861440626196798
0.02004092254512925,0.017466026602243705,0.009700169845735638,0.04681068913007875
0.013787094062983205,0.013397614978392113,0.008257318159936496,0.021604597642147182
0.02256575382036029,0.019509149060854367,0.010433402003779313,0.05353323008065096
0.017446350997243988,0.015931996299935233,0.009229713183460152,0.03496610044847568
0.0484276240975224,0.04606518018930929,0.02783892787004589,0.0824448835132763
0.018557857195245244,0.016881135579859256,0.009611695500351023,0.037751863943687645
0.022466098720381043,0.01889662789770316,0.010112115751409889,0.057305480647635736
0.024130086033211193,0.022821956129303565,0.012335909567105808,0.04338356051934724
0.025438487728424143,0.02217528763985469,0.011321243339045437,0.05923808672282644
0.01609033937008123,0.015022357293879598,0.008874250414012025,0.02946838943578387
0.02484026409177374,0.024260201978001078,0.01701052656335985,0.03597018776713158
0.025737959487878333,0.022409811006882007,0.0114124126145874,0.060197429927594685
0.021334416800294968,0.018267758168700098,0.010023917134241814,0.052343618619468096
0.02032992015430118,0.018103614979280272,0.010031850893094994,0.044203734046715494
0.023995957555113585,0.02255765751786428,0.012086118686480685,0.044382968420282776
0.013778808802535791,0.01339533741340563,0.008238952910429139,0.021594659806508765
0.031458618296751194,0.030983643630914694,0.02213669061295496,0.04346765756396333
0.015434815359194281,0.014884948725121989,0.009008691536222546,0.02503451959855303
0.028203293714858756,0.02769534321394499,0.01967848650726115,0.03958488797829719
0.01678372411849753,0.014961109632131576,0.008833559876286735,0.03584577011384143
0.013803875244207254,0.0133884310951751,0.008239525147989805,0.021680578696990995
0.013778577414798905,0.013378661160038274,0.008240157193447176,0.021578678049769595
0.015585194222974549,0.014424258944644955,0.00867619161961681,0.028453635278651287
0.013773597740361082,0.01337524795349481,0.008205681369594351,0.02158204476120255
0.013804324731428652,0.013402294217596422,0.008273100968420365,0.02162586197410195
0.029000554629291096,0.027799151571465446,0.018486307090100754,0.046385139907840496
0.014704186266235786,0.01394668646668992,0.008494263528626707,0.024569410768704423
0.013780440470474643,0.013380906976159616,0.008263477756530082,0.02158144906279164
0.028881154533319967,0.02733748856155535,0.017858370698774446,0.04899238531210786
0.02373153688604346,0.01868160301931719,0.009890371767857597,0.06983907641197677
0.01445740895796905,0.0137545928472399,0.008401815985551208,0.023528200895969263
0.013784483025560162,0.013378983955661228,0.008219097191874684,0.02165272933900433
0.013814662076341024,0.013410468772018895,0.00825479904621968,0.021687906457844033
0.026654137504514612,0.024292766335148142,0.012320685431654708,0.05484328171494379
0.030574969736284534,0.030003169662525773,0.02129313662359865,0.043128516062434265
0.023747968983259874,0.021654084259257682,0.011747767013792135,0.048327947734887786
0.024408809282297057,0.02333820118769494,0.015991699397756704,0.03916489361379999
0.021220594488689785,0.019300819537908107,0.010660592726768859,0.043582419787517895
0.02092441492310445,0.019098605904540183,0.013594288298661139,0.04026495921490904
0.031724685010316,0.029725040713497124,0.01588190382494277,0.05905684890892483
0.01608171555801897,0.015486651369813182,0.009296847960574001,0.026228335877328274
0.029999335354496462,0.027517298726629082,0.014328240880067277,0.06042246156658999
0.03356180161457061,0.03270019901889615,0.022600745912194478,0.04955663870224133
0.02009533279985742,0.018969335508810165,0.013615195603214057,0.03349599492822577
0.03517456610592229,0.03397150736457823,0.022368500153296323,0.05499056149598323
0.01744777689048899,0.016401572250739578,0.009634266626837426,0.031378238341701656
0.0580563174874256,0.05269469422177403,0.028531187881632135,0.11859528525870222
0.039206199782129955,0.03446020538972049,0.016145267199659575,0.0903272168005488
0.018936689257628692,0.017530338102800233,0.009945597576618588,0.036487033646562465
0.02870503965097815,0.02819736374293608,0.020159704716858108,0.04026531669562711
0.03203876201673437,0.027757528196864105,0.016803431590551556,0.07352246369046442
0.016600368591264715,0.015166903125746554,0.00896461422281486,0.03278835341345776
0.02086393834204081,0.019628964352369653,0.011130286149242384,0.037834385447833
0.03717364206047143,0.03638231800842716,0.025300813322329956,0.053578123143954534
0.06563168205667624,0.05870861608855554,0.029394776589199943,0.14167872167901638
0.022510460855413004,0.019980402403344547,0.010782795087414396,0.04952186241649003
0.03598020380019653,0.03340781384479043,0.020306762425215525,0.06652467753861867
0.034359458584575196,0.031120631837890572,0.015505327125017048,0.07231870271772205
0.03628550073065012,0.03525074349529851,0.023715384307874163,0.05487991925267124
0.0333158000979706,0.032119398557658094,0.021085637567199823,0.052431440472279676
0.027152051816648207,0.024684698180289642,0.012916604979237084,0.05606061802244442
0.06624335787944985,0.06008623850731219,0.02789879942203004,0.14057643793007277
0.022958819808145046,0.02086664503094892,0.011363308005405815,0.04703853470258061
0.021703857241220918,0.018097537240117964,0.00990821602544275,0.05669402428628761
0.045725661459833526,0.04434496345706811,0.029012765670477742,0.07029039994450934
0.02766748456948138,0.02495042319304424,0.016059222969294767,0.05556228904868774
0.01938285439154244,0.0169868702618577,0.009577317232741675,0.044129658324684386
0.025049423355833572,0.022585955111655807,0.011956332097435953,0.05301021247482171
0.048866684116386505,0.048111145240260264,0.034046491941676894,0.06810960529900102
0.021917003678198294,0.019418724856436958,0.010532826481779977,0.048756512130529533
0.01609670789011653,0.015524967795272916,0.009337953687372355,0.02610501276088313
0.034222542938345105,0.03236062504385501,0.017601968766037784,0.06166531800751299
0.015524886005326748,0.014274227915178725,0.008589134485263874,0.02841370804047301
0.023883536255964878,0.022978018999508208,0.01638120931220147,0.036945316334740734
0.016877462599616123,0.015626153358457805,0.00916098120167977,0.032290126335030304
0.02823623390509935,0.026665301717796734,0.01805058180271121,0.04794222978902378
0.02446158092228361,0.0220524995476872,0.011711040429776687,0.05159413838932317
0.02586377412719637,0.023633357452249773,0.012600676106884253,0.052320687484521886
0.029537679911392223,0.0266773595300794,0.013643420734434067,0.06276824667726208
0.04663934615921617,0.044255731457876965,0.02676904671529779,0.08039032292625727
0.020920078022453704,0.018328628057219055,0.010110822851998255,0.04807463959891404
0.05214593055429231,0.05066088094072772,0.03314421150691737,0.07974172084104492
0.06300939444865339,0.05857875051740782,0.029077596447022302,0.12231518263852811
0.017219543592996343,0.016388423109904654,0.009665787977655292,0.02957234618591543
0.013806175111138413,0.013400743368432663,0.008262725107720978,0.021684243525162388
0.023791732122263397,0.02226901731018724,0.012274129464356392,0.04423073535774336
0.03283640342738839,0.02986776274194055,0.01897954773432497,0.06440764058328452
0.01905535174363941,0.01641577763871681,0.009359389682883823,0.045586706298486004
0.030532835983519035,0.02859150664373769,0.015467269998216147,0.0566102951079074
0.015148124578141626,0.01423471317099305,0.00858844845843047,0.026248722419027995
0.059223917865370866,0.05848706052631893,0.04268045971382968,0.07998814943012751
0.06557277142155792,0.061475818268170127,0.03440298407645224,0.12032640728936572
0.03764940785602815,0.03442325178369625,0.01722276930590089,0.07718505206704251
0.04383567270674086,0.04284815853690596,0.02933141876967892,0.06404583272533983
0.02197251438593631,0.019865477235273696,0.01082398836089275,0.045835768275240676
0.02663289408300979,0.024938858776273415,0.013652246289375515,0.049688508552289234
0.03324821990154521,0.030540125080426576,0.01871366664563722,0.06412506397148982
0.02847423075367291,0.027154663416203786,0.015392666357477078,0.04925298332983253
0.02769756361987889,0.02539111057966485,0.016392971667507143,0.05288052740543242
0.016988530383079518,0.015246741400429793,0.008899691423010236,0.03540499705287656
0.013803583709180103,0.013407533008423003,0.008245203421357178,0.021619593139027966
0.056418709922112495,0.05202721977752571,0.025416547020292255,0.11272956923016698
0.02508154010309504,0.023159318166699326,0.012494586718071837,0.04891878730680156
0.01645118152112319,0.015442826760007954,0.00912341337449546,0.029666297012886377
0.02432930433427608,0.02345957502789092,0.01617029235743372,0.03755405183521541
0.0159585930033327,0.015322477630293471,0.009124173390782595,0.026564657807339534
0.0353565643904992,0.03258338156459252,0.016720512895986132,0.07070040553570642
0.057807669334960794,0.05578130318071374,0.03477870810725647,0.09257876564464979
0.017998657993878075,0.017144105997900793,0.010046861662216867,0.030999723694837906
0.03108924911320093,0.02838708132550232,0.01765282249452334,0.06051439013496027
0.03928900868526017,0.03746227373640002,0.020930101377372754,0.06808551230662944
0.021415591832819315,0.01884610234138434,0.010316886239637212,0.048277644799845025
0.04287051341212786,0.0405486579977922,0.021561619946469875,0.07775859845159469
0.021377167358793855,0.020060455452404632,0.011250431552115876,0.03939521676284797
0.020540686714910026,0.01791296505380144,0.009938144412689108,0.04746147213409157
0.027897401094520404,0.026103213877904954,0.014136527809296274,0.05216545046414256
0.05352718831377067,0.04863702594470984,0.02684834130382172,0.10906984643270251
0.013796967387090056,0.013415828613846308,0.008236249096997383,0.02155000718640259
0.022377749130023713,0.020803651844381755,0.011579300666951007,0.0421726943742341
0.04049803506123103,0.03687876721337177,0.018102189661816568,0.08428643456210065
0.013786030871581272,0.013408670099942798,0.008211421547390631,0.021552675912765083
0.03986909198618925,0.03698636907921597,0.01889261675144241,0.0779269265291454
0.015517397463779826,0.014497004724082396,0.008688887089058522,0.027706430143714263
0.025128968615875474,0.023350336678353973,0.012747455823481324,0.04785815019595753
0.02072518586663044,0.020166542500109987,0.01491617126053066,0.029823709957409354
0.024620264459262433,0.020998831181254687,0.01099164618919024,0.06058065431991806
0.03523350469528144,0.03230077778039714,0.01629264512277907,0.0716261479351902
0.02673520405258958,0.025916652767431717,0.01813984819737429,0.040303820540018895
0.02005491013518736,0.017958163839092954,0.009991386444286432,0.04319513065454242
0.021123164243003242,0.017787766496960483,0.009833114153882341,0.05359198033084477
0.041476651621965906,0.038856699443499454,0.02394197914770567,0.07439562870647629
0.02715429796389145,0.025564422917611324,0.014144221105923054,0.04945690042170668
0.017935386162994615,0.01711692359984368,0.01009969473019754,0.030412040702470725
0.01917421064849604,0.017368278461861168,0.009847045048525255,0.039672952560043266
0.029645775885006595,0.027702182225610703,0.014810056644052222,0.05581169650288973
0.013785087287182595,0.013392536924051925,0.008241707263096573,0.021631599659752657
0.013784723175533867,0.013390945515527749,0.00822031639567638,0.02162016248088322
0.03170732938019686,0.029431788326995077,0.015492155389060808,0.06141958960669162
0.01869179484189606,0.0176836907479652,0.01026861636570019,0.032976338887488355
0.03479804264226936,0.03329450089503751,0.02140866099623215,0.05670622722676845
0.037572576139079404,0.036355514808041195,0.02429039873149747,0.05793421922643139
0.04113296737450337,0.03739768823388617,0.01829810470751398,0.08579874598253207
0.04975586808094653,0.046255457797942025,0.026980555557828398,0.092798254397436
0.023202791771572424,0.021571881148928065,0.01188485479326951,0.044092934746975586
0.015227348217546932,0.014270670776595298,0.008609190524289025,0.026694462178398378
0.022795055265947745,0.020930211635014198,0.01441862795854647,0.04328009746252177
0.017242554466938623,0.016366682726379193,0.009608261926257801,0.030043895332602523
0.021145631123316477,0.01973035837199589,0.011071552691609084,0.03929109562074319
0.04321758647483779,0.04221241648491749,0.028435757261748486,0.06372599269423102
0.016717174139018333,0.015302616762104919,0.0089779764282858,0.032684823097748186
0.03198445628394012,0.02949222386429077,0.015402589840172159,0.06322497908439244
0.027359288820593106,0.02345494714185784,0.011854554703584012,0.06650683967948656
0.049522279832115684,0.04553951943690497,0.022320302718534496,0.09982572948405562
0.02001875866155529,0.01689116385460947,0.009468225683219783,0.050643727740423375
0.02797730536724493,0.02705271213775992,0.018355638798923473,0.042928140734059254
0.03541805701473549,0.03432063712464964,0.02281022271224384,0.054493125387755775
0.015051554218215718,0.01415856413005697,0.008552610134627683,0.025928639634110753
0.04341963952196042,0.042128370387344044,0.027709213430917815,0.06634451120648106
0.023181355839462417,0.021582536394659638,0.014806896657160925,0.04152088546355436
0.023625963284702896,0.0222721197311994,0.012299805208492371,0.042898646076053454
0.03066566492038862,0.0280994368288272,0.014291423941946298,0.06177610148103506
0.03257860209134017,0.028801830115193994,0.013904649448944458,0.07384508690296333
0.02733656556699776,0.026823970055176345,0.01892794494739281,0.038703465943353034
0.03131609434877697,0.030825751866568614,0.022009472984812532,0.04345771652827534
0.02722259119342728,0.026789821173034897,0.019133652747179153,0.037821584848370476
0.07407925943951438,0.06703544054878154,0.028630107634431815,0.16024020909647016
0.017340780539062958,0.017149949853581977,0.012733325551343615,0.02300597629835691
0.05833527896063827,0.04775780314018123,0.01843501119846176,0.16065069713022598
0.03659422544055514,0.03205003101860687,0.015025177012624525,0.08476780278850052
0.05264227207068365,0.04760486538675569,0.021620382693920977,0.11287579269468362
0.036330416296754695,0.03490822237283982,0.02262599451948064,0.05838097563967482
0.03748022474645789,0.03691786561632743,0.026415670491135145,0.05170993337734208
0.0380417638696831,0.03228209339495664,0.01466489151781414,0.09565139782410884
0.030863979041096428,0.02898133144104475,0.018493243041210413,0.05431737695093795
0.01581625698957042,0.014789967795460929,0.008829742946897597,0.02850932059897856
0.013787279023694424,0.013384589069578845,0.008226909270350205,0.021622180343245423
0.03533253208105846,0.033394802014233636,0.020898235097508912,0.061117786371081194
0.03674010473163148,0.03402742655945369,0.01711680697268301,0.07201801974533405
0.01953880161148999,0.018762371457757325,0.013543926308052321,0.030367929429221917
0.016628645283949844,0.015174964827822449,0.008965935161525138,0.032731234729481626
0.03331069093933603,0.032840375396165564,0.02376047733875876,0.04553208541102319
0.03163651021476069,0.02930894860341179,0.018380787761272773,0.058414495326948306
0.04013617145685728,0.03928635107938727,0.026769144000531483,0.05854651781067977
0.04005166342396752,0.03908552135588325,0.026405615368854333,0.059395536303473336
0.021073292095858814,0.018191690232976093,0.01000204059599521,0.05042254000793411
0.0218502324162322,0.02068612935140983,0.011705589499038936,0.038739560234391984
0.026550579321653476,0.02591861657998542,0.018093998726039118,0.03858710523520789
0.01873462690708934,0.016301295216944185,0.00931908839573442,0.043696756908771936
0.024339140361105845,0.023243626014289274,0.01591281336043164,0.039318327834970065
0.019924234584910012,0.019192274486825273,0.011248623250470989,0.03272578741168571
0.046566931457660436,0.04594228974569049,0.03348501434941704,0.06315944928002021
0.027514998672075235,0.027017090336875868,0.019110224688468704,0.0388412087371311
0.017345278884216216,0.017161560663103488,0.012778427017846025,0.023006870267827564
0.017930789837378874,0.01750508199435597,0.012920480992093444,0.02474262289090547
0.029356351559001195,0.028665073891355485,0.019923027496156487,0.04277279559478112
0.013790862365339364,0.013402624298256173,0.008238845743509748,0.021551234391855537
0.028660583389794214,0.02599331258018471,0.016584762928323216,0.05682604058933646
0.01865623531925793,0.017623205109732573,0.010260451276537262,0.033340636384234235
0.049382875236052594,0.04769587412532475,0.03045376030427703,0.07810372512944151
0.03367143534408585,0.03260133040296282,0.02169065815850738,0.05183958939273474
0.017345035376733424,0.01716270133531456,0.012766418356203445,0.023019503960832494
0.020718343766296693,0.019514855577499643,0.013856633992204638,0.03528246325593388
0.027293645665028957,0.02632259974549605,0.017815663282282623,0.042576866900287245
0.03103622376119772,0.02895697297105051,0.01508704071223754,0.059133573170556904
0.03474169037823469,0.03383870340042072,0.022935534029180447,0.05163941433928779
0.021823868292465944,0.02048786136581346,0.011505702825353403,0.03998838713032775
0.03437834608732332,0.03372719556061861,0.023527469632709144,0.04906509779519513
0.027540049058335268,0.02687612914207147,0.018656269179103787,0.04024950058895436
0.01377872032738875,0.013374182305785631,0.00825997292992027,0.02162069202156883
0.04112125411972798,0.03914628290670974,0.02422768410635599,0.06958652124934459
0.026995585064468242,0.025532220430663964,0.016866327162358894,0.04597180411766513
0.023344198025081732,0.02268395073552994,0.015843068668032464,0.03485588759973335
0.02477959413000495,0.02350254346520652,0.013074409937064579,0.04393804223747767
0.03661564627033197,0.03224140443341074,0.015063873433015386,0.08427239521453327
0.02194670416424801,0.02084606718067708,0.01183239700499011,0.0385812776911502
0.025198802897188278,0.023599748010669767,0.01579686222852678,0.04457198213550719
0.03129126846447584,0.02721914013479989,0.013230302360961834,0.0736419520677072
0.01974179299775679,0.018683257225909532,0.013457321353394964,0.03242003132214216
0.026881134398998776,0.023316294356950384,0.01185658879639565,0.06325683245761426
0.048466925765966735,0.04758704039924452,0.032901838944868124,0.06895547584703543
0.028135941089302657,0.02690902838961765,0.015328597393704011,0.04805036335732642
0.06024366950936689,0.05920773519077838,0.041202045431103645,0.08520005651597434
0.024651817843445882,0.02317763704479085,0.012869827390594979,0.04505924516788237
0.041409178534992326,0.03937875043733105,0.021887065585323818,0.07265097406970462
0.04173029621156383,0.03995795106767924,0.02271046280088185,0.07081390412533227
0.03905044056020706,0.036527798946798085,0.019127635464538294,0.07370951222975519
0.026616664178365387,0.024943655770849886,0.013662978873311686,0.0492123052626269
0.0310728343355542,0.02974113832658942,0.016932492743243564,0.05301852483774172
0.03550741324720321,0.034892539847730955,0.024657255505062085,0.04974791294203797
0.0329155230371302,0.02970522381042933,0.01484440039563618,0.07025845734421528
0.045849752424706625,0.044331891220749084,0.028427555343027124,0.07232597963953963
0.039696982636904486,0.03778847280628185,0.020947242678784266,0.06957475803501717
0.03941358803297413,0.037653324624409096,0.02102782126190929,0.06785788012413974
0.03127079486580896,0.030051702136312863,0.01737132749095704,0.05225604416826727
0.051243932338651065,0.050414131118291766,0.0354148257750474,0.07154319585259028
0.0381960466255863,0.036022042186124106,0.017814054627031947,0.071113326331486
0.04201129762979706,0.041488229741165616,0.030473469515522062,0.05630685093719637
0.04210109128162918,0.04159181559203974,0.030812986894066575,0.056279627279495766
0.03241358672068309,0.03151926263619503,0.020936940418053804,0.04903481376544537
0.022828790538885934,0.02163869434828891,0.011960533164435594,0.04058573394722082
0.030380071120654866,0.029946129637678183,0.021897254800963765,0.041261154991815485
0.033762208442854505,0.03315905183176404,0.02361696322626983,0.04737184136424758
0.032078312495709235,0.031402489224821736,0.02215680279800131,0.04590417229283809
0.031738305017899746,0.029532990154782515,0.01482673695581084,0.06126957752775846
0.035890653496930325,0.03538403822269888,0.025548645222815556,0.049140442887329855
0.050949213748090305,0.047596588538814,0.021587837787206826,0.09972173665861572
0.03693463464199592,0.03644221350119238,0.026476430163173414,0.05019778977865089
0.03251149225749667,0.032053243373810186,0.023330120512657808,0.0443743931401356
0.04852329900924011,0.04382686197422968,0.018914892802915997,0.10558026157644894
0.03591797423997802,0.03553279334048652,0.026436168926695994,0.04763062412455793
0.03910631504222536,0.03862369034529252,0.028492484753687354,0.0523676585500091
0.03246372819597124,0.03155018590662277,0.021728497970960717,0.0484831112285199
0.02928391309904048,0.02838448779075676,0.019024635914284313,0.044847591038524884
0.020686839577057914,0.020208005754477322,0.014525129534516396,0.029685738701594216
0.03550859719906313,0.033090408300829974,0.016253064036155646,0.06828019663784998
0.03244152793741312,0.03175603199833829,0.021495509536959327,0.04729956443450583
0.03513573854885615,0.03412278383738202,0.022297797944951167,0.05372655859638747
0.0359307561521412,0.03380372123270917,0.01671436793251153,0.06718799276955273
0.07544521229517673,0.07454547230280568,0.053749262561311274,0.1023319716581634
0.061272304026519606,0.06031672162531271,0.04265404481902606,0.08515512451331808
0.04622679269818543,0.04542780153760154,0.03165865281963481,0.06561134591765687
0.045624695887808056,0.0450723793990854,0.03307804635920831,0.06130532132741029
0.0300653026146176,0.02782097719759443,0.014479515218556007,0.05858911753411684
0.048617701367660394,0.048049576290133296,0.03544496859418201,0.06501260371827397
0.03846223927195685,0.03660680750338416,0.018812450579800927,0.06871295610574304
0.039781344849922955,0.03917997692588071,0.028062102183054476,0.05482314101771925
0.06364840618328291,0.06262744059749165,0.04422963193230208,0.08885224566784114
0.047525581019100725,0.04701743303838213,0.034956981203173636,0.06288113128010271
0.09587999925031354,0.08739334275423111,0.03571813969876239,0.2051321661783067
0.040184712359600035,0.03970375086942167,0.029358608577097073,0.053721902915535504
0.0384418574861208,0.03796132713179706,0.02795236060091504,0.0516339636758599
0.08589870680795551,0.08477813380570443,0.061854636092809924,0.11586945597569487
0.03547399995472188,0.03504397400779797,0.025544459588190224,0.0479257258058978
0.030859867522920213,0.02894546362937383,0.015621796583372623,0.057154575895025705
0.024329918295853084,0.021701503745391478,0.011555370872932959,0.0531653395520162
0.03163174143008912,0.030451524788441396,0.017856214365922166,0.05209026105883018
0.030864979574690175,0.02921705004606899,0.01613775547243567,0.055291905519718174
0.0370421308338887,0.03537807340133656,0.020016706260526443,0.0636742861122594
0.024613031962137624,0.02358615771042319,0.013661425017847431,0.04147442880110642
0.015315586271682556,0.014255703663420018,0.008616324192456493,0.02717919220420861
0.02696232652712286,0.02640445770780054,0.01883853559344971,0.0383526589288449
0.036090476858326004,0.03532264203960482,0.02447072553643484,0.052082137680844354
0.04643190264670694,0.04497247249537518,0.029118893806492806,0.07225909389135217
0.03469324528023966,0.034148202236051216,0.02432285741774053,0.04805691951580871
0.019534260896256497,0.018807473918542338,0.011171052037514406,0.03218411310801375
0.027529780753250715,0.027117189659881517,0.019531029613322506,0.03783054447930737
0.033419868349790216,0.03251657855855543,0.022023634385276828,0.049987117736826715
0.04077402141827536,0.03854572765300984,0.02083983838034795,0.07347410536953168
0.038422128079099824,0.03667113403763004,0.020660687858719815,0.06618761640384183
0.026245256021009453,0.02490122375149567,0.014001652564212437,0.04621463610852588
0.024628709842643957,0.023479991057052084,0.013418644372236008,0.042259489428103314
0.025568407670142047,0.0251107892881077,0.01792305904987406,0.03575364767762737
0.017591336080830855,0.016970599736741768,0.010182854508731333,0.028505401601853428
0.01769263805232105,0.01699682497918731,0.010124525453607269,0.0292568303843603
0.03039119413285767,0.028420813058341994,0.01524526059389564,0.05720318868307496
0.03478363712526987,0.03417389968885784,0.0241836111382706,0.048788385538471125
0.02567301891296612,0.02426769248108989,0.013492861948977586,0.04616442400957546
0.03721580336548356,0.03662892764569344,0.025935731692598402,0.05183403289651927
0.0288091892826548,0.02753628548282054,0.015608264549681143,0.04951892311523615
0.02583084059934422,0.024151349000010425,0.013209800273910744,0.04846201678325271
0.03437445790935366,0.033701464547284454,0.023465630070862994,0.0492970015404272
0.01906099410342027,0.01828977772333539,0.010802094644951578,0.031653425037673155
0.019832121361310216,0.01907114874803722,0.01122385412000642,0.03296444242935344
0.02431734867958244,0.0233174634955858,0.013508288087662301,0.04077616662987833
0.02158581934273966,0.020709845673023315,0.01211081362806583,0.036060141940461615
0.03493445873273422,0.034445756690857005,0.02496960690961443,0.0476949229172262
0.027800875841244733,0.02711744860476168,0.019234364117019564,0.04028031697581442
0.025885816056247457,0.02447419185268837,0.01367137037917642,0.04637975042781555
0.030002792063248886,0.028418080938494718,0.01569415661027911,0.05334701502144388
0.023842380584854037,0.022934788488283425,0.013526241572010976,0.03937257883945157
0.0270002177399414,0.02662064818500514,0.019206410658925466,0.03706506342855729
0.035273291310055965,0.03475070799771013,0.02503586818936726,0.048295617400535
0.02816162150385812,0.02729971173507971,0.018611908191437234,0.04258033685080936
0.053621644502396267,0.052981831720107515,0.03845852587775348,0.0725078478985837
0.022731741626692184,0.017742789388901767,0.009684773748372386,0.0677458471746033
0.01836315397823362,0.017700377903781945,0.01056117450093788,0.030054497288131945
0.03525103185228651,0.03459230432227104,0.02453048885479585,0.04966817847940658
0.02205328198332321,0.021536666766237347,0.015370834777855523,0.03175396230528046
0.02087221716059726,0.020041070912643722,0.011861698037855719,0.034557484541930965
0.030270603030060694,0.029858462752455447,0.02182675044616755,0.040925722548315335
0.016153425483791766,0.014542146831328626,0.008672439967227214,0.03188186760313467
0.043803372239889365,0.0410449904300632,0.021401743810196605,0.08229411879437085
0.03320648264899114,0.03280800226707167,0.024391009154971006,0.044214496898397175
0.032584799822917475,0.031212579573207104,0.01791723996037559,0.054936904155822856
0.03827276338599601,0.03663069664632667,0.020949446773611144,0.06495709347516769
0.018714248588987084,0.01793804748382556,0.010595989125283043,0.031258852110439356
0.025299463784671898,0.02425081162772438,0.014000195025544266,0.04275813996176393
0.022385824225281847,0.02105527024151422,0.011857548016835388,0.040888350025267244
0.03100172321643,0.03029879289983985,0.02086106357712901,0.04523614652486354
0.023306652140254663,0.022006109159577743,0.012417497812544741,0.041803450449263174
0.03605829246407954,0.03487865967449176,0.02303369927042211,0.05582940083425629
0.03899879543210753,0.03785117266112949,0.02556328211627486,0.05914888689213511
0.021955187274249957,0.01999096314545047,0.010912666098619388,0.044756368273873665
0.027393109623678216,0.027012494670883888,0.019553187114570027,0.037421464864860386
0.02114073035581498,0.020145265682622378,0.011704561895737941,0.03625566116171469
0.03884815387087069,0.038429643199520955,0.02853415226193343,0.05151856221409454
0.02104201550376769,0.02009039274275294,0.011653300106104453,0.035921268481317103
0.030624533086864344,0.02918877608914764,0.016319000491346172,0.05351570829952784
0.014824794819990734,0.01390548077826798,0.008481498862334907,0.025163495891244357
0.020890567867327955,0.02013246066630254,0.011988830260465357,0.03427458367536834
0.017577779106763895,0.015784275881656974,0.009183314128021229,0.03710664230182251
0.03190860606954624,0.0298245116010194,0.015931733966431855,0.06034202085122694
0.03769195425417793,0.037110222542726404,0.026739443385153095,0.05176540172387729
0.027706712321585683,0.02622100428420724,0.014623215904146005,0.04923307183354485
0.04760536763337732,0.04433916628384484,0.022869808262618106,0.0908313774551492
0.028262537844909764,0.02787230462934496,0.02018109231322436,0.038480798509055635
0.0352153906482927,0.03465759739067088,0.024870759770809502,0.048616598696916584
0.02786082371971402,0.026415598647988484,0.014749781529799392,0.049455515716133505
0.020562048754113316,0.019820543340945122,0.01177214831126758,0.03359366421061354
0.031627297047812114,0.027758271206775646,0.013724283362629857,0.0722978109910622
0.03175910102358811,0.0303774335423165,0.017273906065851805,0.05425972076113779
0.02263464255661536,0.021726567649732915,0.012594662280061234,0.03791672722789018
0.028477760319117675,0.02728806320632427,0.015694285041317976,0.04817351753848218
0.04075074586459535,0.04022646174508333,0.02906451514516563,0.055538057614813015
0.04879143483147543,0.048255504117889175,0.03542991769359719,0.06517144277683988
0.025295464582717492,0.023822332824804046,0.01323686874775891,0.045979797368654575
0.02969291942670301,0.028323827068453534,0.015978118163392056,0.051201542102687486
0.028346006776994236,0.028002113231716363,0.020611699152661374,0.0379887335683939
0.02396368861928386,0.02256591927334757,0.012600796576051034,0.043339024286831715
0.02304882926495147,0.02197345017298176,0.01267102423945821,0.039557435755220534
0.027248332871701267,0.026474469259361214,0.018215456518239012,0.04070644756933922
0.04439370892050114,0.03846695473198977,0.017228426689303262,0.10573589267595697
0.026170252177273375,0.02566321222577552,0.018153938270098792,0.03702706133164167
0.01810742740483198,0.01720723398406248,0.010072114799845178,0.031410104550415936
0.03832467435644162,0.03624489247013453,0.02238723757880473,0.06649092369982479
0.03591958888434062,0.03523907741661553,0.024819734804527094,0.05105569268678022
0.025610464528433963,0.02465245664254982,0.014465939636638846,0.04242312722211109
0.01707500399361762,0.016412013849256044,0.009787573271398509,0.028109915418129124
0.03217762832645692,0.03141384129999268,0.02201208234325989,0.046667010863962126
0.025229781887496257,0.024793455227743164,0.017632988811566514,0.035394940359064465
0.015180058083805955,0.014228584558398118,0.008576965077619875,0.02648127904892067
0.07741689276185834,0.07130246710535892,0.034082649035397594,0.15608910839064266
0.01481150914492362,0.014024115686182824,0.008479223034334255,0.02497441654795288
0.03900636975642467,0.03709671481464424,0.020565716933764203,0.06844953506304538
0.0416182666630716,0.04103863613047276,0.029576344277373958,0.056900250675493536
0.024231470806206006,0.02312400909282867,0.015774604405281063,0.03935356622068737
0.024115757490383825,0.022667848543471703,0.012590842806217407,0.04406092402675653
0.024312951980784866,0.02310445390922592,0.013119994009893778,0.042489659591405944
0.02999251291821364,0.02927229557458822,0.020117689617449287,0.04401191075180302
0.02022718732590814,0.019030351506370356,0.010878455124594828,0.03650402663470088
0.023749925808206368,0.02262414278735745,0.012931792200394738,0.041121800465538844
0.01663761916473784,0.015108037670579322,0.008934499477553455,0.03333737262910422
0.07561434105126494,0.07476498427995854,0.054867074086033835,0.10127269786989478
0.02226041354293471,0.021874252955632074,0.01573173562381307,0.03103762836424825
0.023075877772405023,0.021734118563740558,0.012247576274277012,0.04146286129185565
0.0325394784177533,0.031736733714026244,0.02205036789320092,0.04776309289693793
0.027750760836342887,0.026567607421543918,0.015223170052569259,0.046860484627969975
0.027293942416984456,0.025681235755600593,0.01403021735015752,0.050099465299340215
0.01595634272806084,0.015452561759795206,0.00938504413852092,0.02537823300276537
0.01689112087179493,0.01637107969234844,0.009930491349716646,0.026974933706813337
0.019312714484581675,0.01700458929827136,0.009611346258129691,0.04399625425799602
0.015204468682660639,0.014307322536670487,0.008612328559763956,0.026396996306916748
0.016429291308683043,0.014958745887525493,0.00885742976271248,0.032569696719758456
0.020779748609738125,0.01989197152880854,0.01155814580704912,0.03502739856985004
0.04478656996359572,0.03805263254666326,0.016783227557538232,0.11271204877197308
0.03051150527982862,0.029503310341080283,0.02022563598729599,0.04667333122464621
0.013784784602902804,0.013390371566195632,0.0082658146172856,0.021605428626356327
0.014941700815456345,0.01448659145353668,0.00882725185784846,0.02371216456312058
0.019227768605346817,0.01850674737675153,0.011019551585913964,0.03164386097043736
0.018173339928280192,0.01719378888790992,0.01001549402851701,0.03212477786554053
0.017653412178698737,0.01664664388205131,0.009745873982389509,0.031561459641018565
0.031701230237656725,0.02971762772993586,0.015964308224541833,0.05926753770008034
0.021583620329765185,0.02040264896022257,0.011567696591460789,0.038423163057891285
0.02497019550867653,0.024459825204411423,0.017621687491167753,0.03546258252991759
0.01926253910966881,0.018482722553431363,0.010836247467501808,0.03216725362187281
0.028884297570345333,0.027281465610189973,0.01505077467489453,0.05176793788478159
0.01883231125729164,0.018153142349041286,0.010803102714167298,0.030760087113212962
0.02827343396494422,0.027138330943141768,0.018097685048436347,0.045130410963236715
0.01697150762866572,0.01628618890608862,0.009684885756984864,0.028316364790864777
0.01471315392192705,0.013881504026125487,0.008458835737480951,0.02450278128022269
0.029039000483519362,0.028496573910990218,0.02003589294877772,0.04119957784488315
0.02654108139085906,0.025408109012072657,0.014635249208084735,0.044849361283934054
0.024693107369817984,0.023098971082401262,0.012752761175360214,0.04586460565916323
0.02065614360729066,0.019766895909885,0.01157797947405407,0.03466863437825394
0.014393890241021586,0.01372611237595469,0.008361335211487674,0.023403974655555812
0.03043354721560667,0.028808880110798043,0.0185723108976191,0.05169883764622688
0.02824334292322481,0.026485792096336322,0.014438108918483673,0.05223036393970155
0.06105652171512599,0.06029202753789695,0.043866958044735345,0.08249779693077966
0.015306490453693587,0.014209303368975497,0.008536738680938993,0.027108232813410682
0.01682423940819656,0.016213446498153518,0.009765526628744487,0.027478319358541
0.018559765027084323,0.017836812280798975,0.010544310944271782,0.030717559721715505
0.029086575270766846,0.027584080734054037,0.0154195545836407,0.051341492039937396
0.01830282923816798,0.017757476817669683,0.013066034706136416,0.02609962795207094
0.018433925631895227,0.017585894635385523,0.01031079239477205,0.03137400415866493
0.030468866070116847,0.030010504792040885,0.02145702673213758,0.04219982478232906
0.033275743424447134,0.032636295002035166,0.023081052891445204,0.047212887554540534
0.02357927985419354,0.022758783315253883,0.01629379549232008,0.035754312425456264
0.024367546704498717,0.022937605575800726,0.0127732704497161,0.044375938504625234
0.028159955208546816,0.02754596594041165,0.019300440365059537,0.04048583470234178
0.03310457982721828,0.030849167074866526,0.01637959447365593,0.06276073415775396
0.019246391046225657,0.018489793750353936,0.010990353134531249,0.03180832690968124
0.03181331727140694,0.027637287999785376,0.013514571980943605,0.07479877249774705
0.020274964323000147,0.019337104510569914,0.011238861877951922,0.034802701534230825
0.013803435351649601,0.01339863352917962,0.008253718327249986,0.021639625724559634
0.021439002480171276,0.021091691003520333,0.015245623080959869,0.029599149705088947
0.015033942196789482,0.014563219199876437,0.008868678190873202,0.023890740104140554
0.030771550398471105,0.02693222524860687,0.01337897329071158,0.07069516903535078
0.03760085183227623,0.03694506433609997,0.02604029686029491,0.05293358035336379
0.014836858555679988,0.014054199775422844,0.008561179393655445,0.0249529223136833
0.022000479271255625,0.01925292066442026,0.01042915671096339,0.05091887096434092
0.023662877699842683,0.02261196086901588,0.012954781020950008,0.040423168012360434
0.03060873197553678,0.03004625751655334,0.02146026334099085,0.04294727241786592
0.02541851438528675,0.024382610169677958,0.014077339778267596,0.04275451963907496
0.014385978359802596,0.013782967856246537,0.00843152087826189,0.023437079919118885
0.02348950701931984,0.022131976600448983,0.012329945089447052,0.04253565974051102
0.013777570564114487,0.013382701462699117,0.008244473646197913,0.021564396938721874
0.031398988860029155,0.027715052375664538,0.013698815775420651,0.07074305853573683
0.11723173559140429,0.10163218776858007,0.033302608399338636,0.29127201285938314
0.015807403726523027,0.015239700533490181,0.009137581033857332,0.025755752345044902
0.013794417450144968,0.013400359751026953,0.00824441721830079,0.021605630335576085
0.014957882351849921,0.014043586542509964,0.008498723756265215,0.025574476043343834
0.024193567049292628,0.021745254741005665,0.01156430986981144,0.05168435501943131
0.03815742635762742,0.033449288423388776,0.015635969683707642,0.08858125116384152
0.013783087372063166,0.013383153056196544,0.008196877885726537,0.02160721441239374
0.030343563849165308,0.028194018257054754,0.01475488789161529,0.058766915525455383
0.015354160941144912,0.014420056123797813,0.008705344465601571,0.026895234087945023
0.013783570134109982,0.013391468978524938,0.00822856538375853,0.021570954207504208
0.029656203345693497,0.027631481718886894,0.017627799300327977,0.05365899203867558
0.02094256907030092,0.01920984418927841,0.01062861474280096,0.042029621357652196
0.03027879992082734,0.029380776353958006,0.019214784031191322,0.04659334136781348
0.024012957397858303,0.02320180054850947,0.016068386278662545,0.03673799537361342
0.03606111524391641,0.030845103199053123,0.014274449307468625,0.08862404131064634
0.03164286659589694,0.02860782982046345,0.014356256592828147,0.06706066611350761
0.013793849950024677,0.013391401568175355,0.008267961487705951,0.02159951788392008
0.015368244245748704,0.01445412691168153,0.008680102963469638,0.026875252626160837
0.037635255009676835,0.035725563586029956,0.022283944907589604,0.0639444939935866
0.03791240325460226,0.03703215263603937,0.02520387257721231,0.05573398597457916
0.027015948587574876,0.026526036811366362,0.018739466748989745,0.03802043095761318
0.026366972787413095,0.024203948529075182,0.015912255181235437,0.05024215171296216
0.015267459235185167,0.014158776986007815,0.008543691937766993,0.02705552130103393
0.01379322242057043,0.013398419677296061,0.0082263406864346,0.021599955130999583
0.021933224698531643,0.020166441993114993,0.01110867894426375,0.04359399417861443
0.041577183980594457,0.040460020060021515,0.02687298783825163,0.06268740171619545
0.02316141929709449,0.0205455236772097,0.01102580822137419,0.05115907056004413
0.06462401982195427,0.05659076815085578,0.023583145516730443,0.15339046147095883
0.013778650984348162,0.01338079260881863,0.008230676933159762,0.021623088901225662
0.01834849320146812,0.017522901780292748,0.010273874498352601,0.031177946752212294
0.0156333154588873,0.014413743010792363,0.008666800956647555,0.028874024134921374
0.02899802876920939,0.02730537261936118,0.014701339447990928,0.05306152379423848
0.023630213684712045,0.02276699731875482,0.015742156496159634,0.036725822033334
0.027756040583727312,0.026329938251622907,0.014508333527822301,0.04935377012705875
0.021891983499825015,0.020052165300955084,0.011030711776264112,0.043772763375312516
0.03297724050145529,0.02953130525179882,0.014560759083251672,0.07197793120610163
0.02038239440735485,0.019626472206403844,0.011521449304443578,0.033739515049672375
0.01688041924816529,0.016219636337838503,0.009714362756327703,0.027815429253935143
0.015586650934158236,0.014727332901774444,0.008820020643042681,0.027175760016318905
0.020604048499478972,0.01974421337333862,0.011515680959828087,0.034609196757579695
0.023451102360605124,0.02286241716544167,0.016117426984603868,0.034312813831706264
0.015217698362537006,0.01438364855955989,0.008632391421680752,0.026356335420030432
0.02358675235534778,0.02227349300846649,0.015846110015194228,0.03935679749023543
0.0297711824785724,0.02766061120831187,0.014546896957327067,0.05751691124051718
0.013774802198264158,0.013370594915478113,0.008245737105258617,0.021602150764838908
0.0169371911996837,0.01616531626502848,0.009590659413180741,0.02893026501917396
0.01996656004419833,0.017727772040519955,0.009923378158637421,0.043784981255485925
0.024324373076990737,0.021323273437959173,0.011227026213677972,0.05580234629193048
0.01901353568055585,0.01797388354343673,0.01037599488547996,0.033573474664520014
0.020330824393180503,0.01913583105927151,0.010889460321027675,0.03677312427431125
0.02202354392364175,0.020798951883226374,0.011809809645718521,0.039233694548480094
0.01734005148400707,0.01715555406484382,0.012741869092599799,0.02303103726526872
0.024471380221150092,0.022580739525134168,0.012261573786724586,0.04772189419731248
0.030776122231841178,0.028704571607780997,0.01514383061356821,0.05833787044541005
0.017471512527239302,0.01659042363665316,0.009744929681175744,0.03027475714546305
0.01941543328457313,0.016643558592877333,0.00941873494393357,0.047524851387933977
0.025511504026661747,0.025041609366414107,0.017712242153992294,0.03608714464931794
0.02694007334204674,0.02465856393164266,0.01607263791484218,0.05169978016917615
0.02840432754964122,0.024600340779943747,0.012269247744879504,0.06770965210382246
0.02351126619736025,0.022391996345073755,0.015430076245386745,0.038331812596513914
0.014573365646158968,0.013843969968591129,0.008444633044361471,0.02409447963948024
0.01931838463541392,0.01835646440685005,0.013302152917847818,0.03100915133144172
0.01977955660960675,0.01865357127781963,0.010695090605188211,0.03541011338094122
0.019720065413265153,0.017387953628820015,0.009728829799721875,0.044300535731719055
0.01906822153814979,0.018884344551714415,0.01421822501182665,0.024977896528816587
0.02318941327704197,0.021470112139566726,0.011786609062199962,0.04472663389759304
0.018026763832378664,0.01646176578611791,0.009490733839680776,0.03611318948695915
0.01906959546788429,0.01889270493908728,0.014239659282331054,0.024958605430447364
0.027287350669060476,0.02495575870028759,0.01309969254386684,0.05524338073597527
0.0454831784660507,0.038622757583668496,0.016686301497985355,0.11499682375085298
0.019713272075715677,0.01863780855131711,0.010707089151075506,0.03515048815651328
0.026657462463248686,0.02500182834653168,0.013653204197558931,0.04893814874961672
0.01896262405653855,0.017425091082402873,0.009884149303574334,0.037681740230253676
0.022418854712720634,0.019085102270932342,0.010297497730697273,0.05552433312788857
0.05533047516027485,0.040604094527739394,0.015210956451596673,0.182933912840027
0.03180928610057936,0.028302873695107367,0.013961163390336132,0.07033359887525303
0.01656764277873358,0.015109295968483457,0.008928961311571705,0.03283412998233788
0.03234143732966804,0.030463405625325617,0.019322101692242993,0.056406950822498275
0.022905299555984287,0.02154559034163512,0.012034742938123316,0.041802136562537666
0.023002186867873566,0.022380804972147228,0.015719260460549934,0.03379131852216388
0.03371700030756354,0.028810946046257124,0.01360947520026854,0.0831227693295591
0.018295734240379474,0.01724936772875313,0.009987278299402642,0.03286361196506216
0.04591629974477788,0.04202041536398849,0.020588156771087697,0.09408229317271088
0.01972362861458801,0.018359031445376504,0.010423027346782434,0.03723610910383041
0.03490985149756414,0.032812645865381254,0.021062553275358716,0.06099943915182905
0.020910459801397403,0.019682410652119897,0.011124799002296454,0.03792115109332408
0.022146048321058855,0.02141722160409188,0.015038760525075088,0.033572180577415435
0.044296440837659955,0.043220197562541904,0.028774795367744417,0.06625668295878065
0.029394555737725096,0.028853265439871174,0.020231591796503485,0.04176559916706828
0.031465548207199545,0.029331932683685676,0.01566654945990955,0.05955743901321741
0.020274529685176977,0.019592512898067942,0.01453948821928275,0.029323459480928515
0.026790134799744833,0.02567287287352438,0.017272128414741378,0.042944205162982835
0.04517134040443922,0.04298954375371291,0.023518641559760543,0.07914723151013638
0.04285895548103478,0.04167028462141903,0.02757393786032682,0.06482751759761647
0.02847323053778237,0.025619454762426296,0.013159437442131175,0.060746039904863894
0.022992615715404813,0.019500497636485682,0.010424213703456952,0.05731316310662467
0.029636709994512834,0.02916827632785361,0.021029379340835232,0.04097937314068634
0.032854320514162046,0.028040612529061253,0.013458248897507541,0.08052207332723378
0.03076297691374651,0.02806157289902364,0.014432112172420788,0.06289862449008274
0.025546896073170625,0.024686456476655676,0.016910048921426703,0.03920511096856948
0.03158702665364088,0.028462311852992854,0.014335493305086643,0.06729096106575098
0.03660862478806951,0.036069399732965135,0.025966574816313523,0.050383990411797586
0.02060312179462642,0.01996589351681513,0.0147227989232554,0.029966035647017168
0.0332612783962755,0.0321964947161089,0.021321032756016732,0.05138097133233841
0.03484666690415921,0.03329167534864459,0.02143785540526399,0.05715743604566389
0.02225580447468945,0.020974824193371593,0.011823956659402885,0.04000261272305391
0.028517757769358682,0.024496694338118807,0.012181413255793862,0.06935948749760842
0.03789296044042502,0.0354948071856429,0.02159423111428308,0.06807071066669869
0.02542572924346251,0.0236490523720701,0.012888984583254624,0.0485846896259145
0.051043988470189386,0.04662875247153267,0.025602511585160626,0.10175600734467435
0.015684982651959882,0.014614635751192076,0.008707235692192427,0.02869744852128927
0.013814731790780818,0.013417072116257155,0.008231682208643365,0.021671079723531175
0.027928432743598,0.025883248482568465,0.013954286554262698,0.05373074694988259
0.03081999641519335,0.030262928403017593,0.021606926839142677,0.04332586300345042
0.0462873572096459,0.04216533675660908,0.020399741299517014,0.095918547375927
0.019396336236202107,0.01825411091342692,0.010501268090687787,0.03493361893654798
0.04678959189540435,0.04596317698438922,0.0318569569928384,0.06649369081188174
0.022212692782572655,0.01941865068722779,0.01050455099022228,0.05143837428459306
0.013793635456030328,0.013387448860257304,0.008258762173425156,0.021636808946853544
0.034025605991456084,0.03159786713117377,0.01639778043001611,0.06550242479728895
0.018770984780126156,0.016478172351373718,0.009398052320653483,0.04297294860365818
0.017069989019873572,0.015014705364967079,0.008842651544973993,0.03722918334525692
0.02916139017344849,0.028044819239877932,0.018753763558722904,0.04592624571318961
0.024460061580000633,0.023061496270137954,0.01282572710273389,0.04416704990066368
0.013783562168745461,0.013390230837275904,0.008218083888917267,0.021520868739437562
0.06521536719487131,0.06443132146082647,0.046963870544405505,0.08794808054357223
0.03056413279124039,0.029808977983235792,0.020374311074761644,0.044997844358778315
0.031759188382940076,0.03129970252997025,0.022574103690152867,0.04359824633198014
0.029561704177805806,0.02797183369120922,0.015536391470140172,0.05252698732239705
0.02310424036813662,0.01888506391587034,0.010138702050795777,0.0629846644391867
0.027232823187447935,0.024599827695556152,0.01277065013684604,0.05703981243209662
0.023359065303821234,0.02250247579558605,0.016140729289703545,0.03585497158381269
0.0391950711202761,0.035320623230462374,0.01705942065439443,0.08391237556750479
0.017236346399389802,0.015574915033608928,0.009099001299611734,0.03558130365195888
0.02965828461302442,0.028208775227924927,0.018966846884225327,0.04905554440122207
0.02376724249725301,0.021902306029789313,0.011967338771946692,0.046630640164080896
0.03754163626961699,0.034525198526792616,0.017399882602394227,0.07519099593937832
0.02542562237562755,0.023946909635180008,0.013298854966757444,0.04630499646509269
0.02622456207152412,0.02423047835593703,0.013009968084610085,0.05127595552562205
0.021537575004602037,0.01885371272550194,0.01033296574515579,0.04951540958280973
0.022052125614406306,0.01876155809908369,0.010145506808860179,0.05486805385572488
0.04487516502569011,0.04143368630828217,0.02068589998130004,0.08916252232925961
0.013808440472740876,0.01341255779328073,0.008238782271214228,0.021643833443492785
0.01631668686053221,0.015569627656546292,0.009296518145095127,0.02757973007317806
0.013793191974081449,0.013384051372950997,0.008249356714537012,0.021663716429721255
0.04653883291575252,0.04384627745913593,0.0259711299167957,0.08246594193474992
0.02588753053382672,0.022282776655185577,0.01148131792513092,0.06259601203634804
0.03888149205158937,0.036461207078560445,0.019232043523416207,0.07238678276085411
0.017797957606670006,0.016969101611677726,0.009957160768407598,0.030366631918624192
0.019333804997292876,0.01810122384456332,0.010338392044708456,0.03568316969698457
0.04286088607914592,0.04082310516293207,0.02519324393204502,0.07241900175907122
0.02136521930599916,0.020313368031942863,0.011718146758247349,0.037155365363427374
0.023437192125297882,0.01955620242237994,0.010408453630041633,0.06058798461849541
0.02583417476844064,0.024078882323607238,0.01600351302689091,0.04622839681489305
0.01775741494002705,0.015819422381536503,0.009152862316065912,0.0384832252414515
0.02507040964832756,0.022893083487832172,0.012336967338062997,0.050619467014890306
0.03774865799493164,0.034091039531635614,0.016571884840149657,0.08056632316246745
0.01852199723433092,0.0175800707248795,0.010223719158071187,0.03240590236941678
0.05095437643678707,0.04568307526857488,0.021216947610988822,0.11081767217500833
0.014589833807708352,0.013874091740054275,0.008438067653575866,0.024100666812392514
0.04040773074234554,0.03956479566314541,0.027496304724478237,0.05827011990946857
0.044687982012097026,0.0425128486076643,0.02587101065374477,0.07621788655956836
0.020820054877706988,0.019600924715282013,0.011165330944780833,0.03773959172909027
0.013788616192288765,0.013382296342185303,0.008241351925026627,0.02167450210188443
0.014487134237644068,0.013734404790763322,0.008382612310103557,0.02360830492400251
0.025391762396873227,0.023119009160131165,0.012320307374027704,0.05175916489618767
0.03505018919191157,0.03357698395889878,0.022221496713064982,0.0564825831159271
0.04361641463997736,0.03924998213911805,0.018751343653408747,0.09377203689890716
0.013774542936079841,0.013366910863846459,0.008197282771967226,0.021640081620517858
0.03132730263050784,0.030924710188689343,0.02259469435263309,0.04234195580984804
0.01601441037804972,0.015252552703726219,0.009141604050140393,0.027289246535485454
0.01984728487994089,0.017906086857597828,0.010038519070356777,0.041803461474836254
0.024919110195964992,0.023645995416047148,0.013354142220450982,0.04381739580533582
0.03445921536947648,0.034034007999359676,0.025095864584117108,0.04614568279352537
0.017375264263840555,0.01663014594167366,0.009865114322305793,0.029342464520428886
0.015590856025930997,0.014214007521675735,0.008519313659272837,0.028446923993366107
0.013790801022765857,0.013394306293419896,0.008246384944734939,0.02164761381741488
0.030298727259023935,0.027600478318993357,0.014246079360166641,0.06232621247290323
0.019735173976700802,0.016852981130146945,0.009511027988010397,0.04830544975929752
0.030000572810702023,0.02745738739531902,0.014128988385982859,0.06091950928385267
0.024283649081405446,0.022683643606971882,0.012488511224574695,0.04544827890590142
0.025859472838397526,0.024269972171309342,0.013281339398176675,0.0477058769973127
0.013804915024340019,0.013396970549852425,0.008240624560181885,0.021666808286031916
0.02461533319659533,0.023400015936804734,0.013249620967297529,0.04311613253027417
0.03638915659130233,0.03372083401277576,0.017424552988109413,0.07064315667673982
0.01697987059181445,0.016147588186482348,0.009531206230191654,0.0293237006403877
0.024981701359796715,0.02389933269091519,0.016830812149910945,0.03968040286544454
0.04728444034261871,0.042588985932695396,0.01995900907878366,0.10214337317028341
0.019459123201450247,0.018159597544343348,0.010343513575955487,0.03639281401785479
0.027052439711474998,0.026074519617432866,0.017641502433159737,0.042217462927514826
0.013782763054009193,0.013394227604494817,0.00824228666025342,0.021589155255356124
0.041384879206521834,0.03722600688917101,0.01782918648713653,0.08892466715470441
0.08797845018483111,0.08675378783920955,0.062120908207265055,0.1207448381823778
0.01845823494851766,0.016496285857331767,0.009424953551074549,0.03980412982042121
0.018857903050968024,0.017703230614077428,0.010164929348374117,0.034373328546196395
0.028403053938114597,0.024911509364862743,0.012457597999705295,0.0651767184765846
0.017336286100598754,0.01715015067963746,0.012731793463228515,0.02301525479161872
0.028770731588750383,0.02683608983722513,0.01724849224750544,0.051773431048496195
0.013811791853756705,0.013412961996436115,0.008268014336331474,0.021682421590154644
0.03228246621366638,0.031408609648867734,0.02091184134414989,0.048656150450866874
0.013789874889319206,0.013399253451419476,0.008252337517267472,0.021620643535403782
0.013790814883660992,0.01339376019749508,0.00826832321767291,0.021621440817795757
0.013791406543239173,0.013403094427176347,0.008233527766359165,0.021623907710290175
0.013784524341000876,0.013404196686010034,0.008222050269636625,0.021568123706803735
0.0568284421975997,0.05050120585745915,0.020828555126197926,0.130483406747415
0.01378669436681019,0.013394533383804235,0.008241159012180935,0.021543824092138838
0.013780845051388912,0.013369098568076242,0.008243004321820766,0.021616927371978414
0.02306617957228055,0.021985074732614768,0.012431012761479468,0.039875689874097016
0.024207175598401045,0.023670614604663104,0.016576279187962818,0.035032468264757685
0.013780293039900287,0.013373444423914898,0.008248975019374691,0.021634541375862258
0.03687853508147298,0.031871875652574835,0.014464538869260243,0.08866601440271542
0.013790496125622036,0.013391453833043658,0.008237383055206082,0.021714621037651302
0.013785290979003316,0.013385860399869337,0.008263036848387126,0.02159049720372441
0.016061293725586775,0.015362373417188298,0.009214835708299694,0.02693416712741076
0.021877226760543135,0.020328283757021344,0.014197630791021019,0.0396811432580833
0.013806640998743654,0.013419349360418954,0.008247848333333677,0.021633781220886057
0.0367716700503441,0.03339314336137522,0.01595911743547621,0.07718267093308016
0.026480007866560868,0.025801059518218143,0.017761061617882976,0.03918709053217417
0.013798911765446323,0.013393327705007084,0.008254205176135327,0.021703650142669006
0.020764969065797573,0.018881585089323947,0.010471758695000935,0.04243821132491933
0.01376074959384472,0.013375142889957857,0.008225122662531685,0.021541990187145237
0.017982728192063074,0.016031582458744906,0.009241008105171917,0.038838893377234715
0.013807051685029046,0.0134068491707957,0.008220185714647383,0.02160531882461808
0.03990232488486924,0.03757237803226645,0.022487398352892842,0.07076937686546664
0.03236809383966576,0.031578603393330254,0.02109729842108545,0.048228393908141695
0.013764369384194317,0.013369706687754028,0.008189670650477958,0.021619368616675835
0.02183000922156185,0.01943490447478551,0.010617358119435361,0.04771305623138032
0.04961022245346845,0.02353952356288528,0.010551510602933476,0.2492080084509801
0.013793877018785029,0.013398683914819147,0.008233978962899272,0.02156022338275547
0.028595403015784667,0.026253217455296622,0.013481348603595915,0.057417650081046934
0.03884425693700256,0.027403346472093804,0.012010953133282015,0.13700251350666262
0.016952231110733157,0.0151133775381685,0.008910191244940432,0.035781626750152944
0.013783611915747515,0.013387389595374987,0.00823273089841894,0.021621017429272364
0.028732523621308334,0.02640988359370011,0.013603734031590514,0.057281691304613046
0.013790928387557187,0.013379747193602331,0.008235506169794737,0.02163774598741965
0.01716948773442307,0.015463971856043963,0.009032521860434623,0.03575632648433844
0.02350162053878443,0.020078578639918576,0.010657346579247932,0.05789058439510309
0.019064639810990477,0.016982100358622524,0.009640187445260566,0.04138426376135365
0.019642760267929122,0.016463445191704423,0.009310786406131382,0.05087164326359695
0.027582491262647744,0.025375849943683568,0.013258892020246528,0.054748832105480996
0.023509146065300444,0.02254259069988717,0.01553636428271169,0.037305234915749295
0.013795673999516209,0.013406944197382926,0.008269255274851338,0.02159957941807655
0.01846440321707666,0.015959986331963764,0.009214267864891537,0.043599579270725365
0.013780087434609178,0.01339186343209305,0.00823013642658034,0.021565550465036717
0.05677714455380133,0.03398469676763735,0.012499231461025736,0.24132293133740543
0.05190631981507284,0.04621244596886082,0.019521736711619064,0.11796956136700594
0.028090011440096423,0.020545537737206535,0.010402941812608096,0.09405611836130359
0.01378651921036863,0.01338734263537484,0.008231871782072105,0.021595502915085003
0.03120972373666034,0.03056414849539751,0.020766839212463133,0.04533114367972238
0.023460450445431307,0.021955914372772518,0.012098375354431857,0.043615622294945575
0.01460407561143478,0.013827879957326218,0.008417262131881136,0.02428029018895299
0.01381045703433542,0.013422406619164825,0.008246128589390393,0.02169096779276941
0.013780429504747862,0.013378320950971273,0.008242731268968751,0.021605907292199977
0.013792894678802934,0.013400489225167993,0.008266013073397574,0.021613581204266638
0.021457307256984276,0.01865017462058166,0.010209550385657221,0.050348374774316994
0.013785899645662555,0.01338171848621811,0.008242328074187788,0.02159672423637632
0.016702442492424977,0.014588608961825556,0.008656347811505214,0.035137635175081415
0.023267148103108724,0.019231774614767275,0.01024235532076655,0.06234465224319501
0.018873200173584372,0.018081135135643932,0.010588416599605605,0.03182074660324224
0.014511658869076354,0.01376860914802298,0.00839768660255184,0.02383965784815482
0.013779733686887369,0.01339483613195894,0.008225118973205468,0.021567633465567646
0.03353972646228783,0.03200931138587115,0.02058851440416515,0.055520717778642974
0.041730449092594754,0.03726770068839762,0.01698052542562573,0.09271556163745392
0.013783404978164165,0.01337512665186004,0.00824010123228422,0.021607464265459675
0.02593355615914467,0.023130383879622983,0.011966289967523242,0.05647564540489766
0.019663376678831977,0.017534915051154093,0.009784301289060134,0.04312346810438401
0.027171149613705002,0.023522946464340444,0.011861675560409604,0.06460761001123536
0.039832372884072396,0.033274585112954475,0.014436289151224347,0.10423982989772357
0.019462092819248704,0.017335792320687313,0.00977325377559575,0.04241911833951397
0.018592468862996363,0.017055820063826686,0.009769581853656296,0.03685593637423733
0.030043922197267942,0.027801052939679168,0.01769045525124411,0.05546624700247997
0.01504299444376385,0.01410564184070544,0.00853708035296687,0.02597050358163816
0.034839418763456004,0.03168680806507302,0.015410511699735969,0.0726963638926059
0.019261941305159663,0.015929426387329863,0.009122357175024822,0.04992703081862244
0.024746155584356343,0.02143806106718197,0.01112696164943144,0.058930279131869094
0.0270937649292605,0.02547403264766121,0.0136615836045009,0.04968401632639893
0.03874424288728552,0.03820701050121415,0.02757899568053248,0.053007211926249125
0.013796872223352763,0.013408449167008804,0.008276825369857027,0.02160864277811246
0.015609781378463843,0.014364766373328397,0.008628328607069809,0.02897479582681868
0.022627140389128227,0.018719115519389276,0.010099900812818547,0.059868086732215144
0.013761022857314545,0.013352838571173337,0.008227803949462303,0.021558201380996702
0.020395815613570505,0.017984700614555767,0.009963432646704018,0.04611289423955692
0.01869955242805504,0.017462333491491643,0.010034881457475386,0.03467122653454537
0.01377707303860985,0.013391177856050724,0.008235342412323461,0.021562371946932342
0.013780323557363836,0.01339920088571437,0.00823485686940757,0.021504607748803646
0.013775512905850478,0.013389516306587562,0.008250939927144487,0.021494539782713113
0.013805825699232785,0.013393872981977015,0.008254836240185567,0.02165459981938429
0.013787401613445922,0.01339551671742368,0.008255864803820548,0.02163696906737044
0.028122940673339484,0.027366602703241576,0.018800141694257113,0.041785400781363155
0.014882840646281795,0.014062500118444534,0.008549194103522298,0.02522583827330717
0.013806164290669942,0.013415158835447746,0.00824294102959724,0.021596782161318086
0.013780486390617346,0.013383911383512189,0.008219891571848626,0.021633128901481644
0.01960760459550714,0.01662171303873262,0.009389180337910917,0.049025537795286823
0.019814789357023334,0.018586991223632193,0.01059253517721552,0.0363700042230171
0.013798539435922207,0.013400487323170777,0.008257745283162098,0.021632314957662033
0.028819382906246943,0.027027661420246214,0.017501180844814525,0.05057574931128049
0.016668470520758455,0.015155685484532316,0.008932022786682745,0.033172008185727145
0.013827799091081065,0.013435687617978836,0.008230143651393266,0.021650808755498442
0.013798707270109928,0.013403076224666875,0.008203515853391042,0.02164170455707681
0.03835841433654728,0.03514022347830811,0.01680151969703676,0.07869629568019203
0.013808574491254872,0.013411306072063759,0.008268033206623308,0.02158119370268173
0.013790983831133417,0.013401265355896244,0.008249360690292208,0.02161741078648066
0.016219814703207568,0.014964879326476433,0.00889245520079661,0.03080151204440084
0.031279057587267796,0.03079428759677369,0.0220098929190788,0.04316961080859067
0.020604128098258498,0.019536701506230405,0.011158570353757617,0.03632675092573708
0.013795112140224431,0.01338809849700916,0.008229918425549416,0.02156723431056597
0.013799048127811728,0.01339693614649437,0.00826256167256075,0.021637759558406033
0.02499045980007202,0.01634357279950617,0.009165000378898969,0.09171188593923026
0.02027574520505137,0.019158644101443724,0.010960772046382829,0.03597805346510663
0.024388105079791646,0.023288118520532586,0.015852863854420737,0.03942736162258906
0.024989641801391172,0.023195128294303306,0.012404738458513786,0.048322338366549776
0.013796958192176913,0.013404450743487176,0.008261795404352271,0.021582883748816922
0.022471266754551546,0.02067348498706888,0.011279443980805543,0.044439793593270306
0.02371519212713047,0.02155670026691013,0.011532737223088922,0.04868585690695954
0.034271707532359766,0.03123148143608473,0.015237758448229749,0.07100906007330024
0.01377694894741178,0.013370906827434546,0.008247930257925052,0.02159765073330616
0.013779670605826548,0.013374788470601967,0.008246380857394268,0.021596261659756786
0.015491159964595854,0.014454817055270339,0.008716335026271721,0.027722708182439694
0.020091799691413,0.017523394606137485,0.009807033502847668,0.04629209359244262
0.018244391948243285,0.017310880636544297,0.010084391436855534,0.03187478267959136
0.020670661564453914,0.017916142266630575,0.009910400590089461,0.04863059135388913
0.024294539317382582,0.02127831029982262,0.011216469590561539,0.055760029608614904
0.013789054169094393,0.013390157394608878,0.008240236780935887,0.02159862518197217
0.013792728139367284,0.01339278610100856,0.008258150148815879,0.021599333956098744
0.042428829053591535,0.03838127849558702,0.01759085716662139,0.09013494312489014
0.029339501029841116,0.028813809075271916,0.020464957144329585,0.0410811172427064
0.027637937368315296,0.026305362737968914,0.017417531496006528,0.04579888408492171
0.026518157411756848,0.024406993728025343,0.012912157660890829,0.05246707046471717
0.019244927885270612,0.01896052555748276,0.013849016003221607,0.02633632402546852
0.013801036293561613,0.013392813082804727,0.0082359237911374,0.02163125414157362
0.013808550918861054,0.013411398407524127,0.00827330343970818,0.021638392430064796
0.013801570319988007,0.01338676935874073,0.008269644203988348,0.021594183200693305
0.013798142870389966,0.013385643501279234,0.008269115615012021,0.021654272894096098
0.015803961268124993,0.014451077552811942,0.008639075780947792,0.02958704102983315
0.013774335214971734,0.01338368320550646,0.008236486920468489,0.021559826677840323
0.019100095184395406,0.017066404549775063,0.009679971444407097,0.041460159770732065
0.01380767225863635,0.013412611673261486,0.008252250357190793,0.02170167139176711
0.017331544580643336,0.01714316077679935,0.012756873262823211,0.022945541573956008
0.018498331839765448,0.0173593774707079,0.010013727213233728,0.03382997855885372
0.01977602782367559,0.017110177919520915,0.009594639403492516,0.046881089297077974
0.013812930482392835,0.013432821693686493,0.008237269510946997,0.021586751610539384
0.020238220499774487,0.019127652577366365,0.010855465499013842,0.0361726142127298
0.025614874076354103,0.02294048146974226,0.01008308815473906,0.057364788372053506
0.061012331218864374,0.060288574490097266,0.044248768684911746,0.0819058810014966
0.026310076467426547,0.023572679497795346,0.010071944741456902,0.05950103527802377
0.02628417405397987,0.023269643434713647,0.010111245578701362,0.060427170833861975
0.01378976478323857,0.01337760331469932,0.008244629005445373,0.021637277251222456
0.013777549650470962,0.013378458523746006,0.008260223133406982,0.02157647896787611
0.029058578533483637,0.02511380574765483,0.010129277534867453,0.0721504928858173
0.01891644876243072,0.015682653208917367,0.008992611231516961,0.049941846879408454
0.06055410594095711,0.04536570344690838,0.010248531703347996,0.20618668163196016
0.04371851296225277,0.0419797989686755,0.02636566275304794,0.07092113302874176
0.013799385979975692,0.013392842304765645,0.008244047522547879,0.021655832034575613
0.04224049018754471,0.03644485383391304,0.010231231836200177,0.11365599459685592
0.013783328381688912,0.013395294229231,0.008233055948524743,0.021542030764808283
0.01735036271468751,0.01716230410415953,0.01270405315094607,0.023062287811006565
0.043739437373809024,0.04303862922748891,0.02988486012843421,0.06156320236831809
0.01830968696372117,0.015777350904293365,0.009051864311659302,0.043305085261374957
0.03440087519280426,0.03313484470334323,0.021657975695963606,0.05433096717664075
0.0369225563200735,0.0350903025237065,0.01931069489649973,0.06498050661688874
0.0321267262562822,0.030225257307152836,0.01638025695003482,0.058854958638214765
0.02909596420156228,0.027857769170516758,0.015792563638594267,0.04946617993048023
0.03216463072301281,0.030483316763390736,0.01677728584198151,0.05735999419963345
0.03262299834497509,0.03124205508070364,0.017773905083018574,0.055255079350098525
0.04481887470840995,0.044062747291016474,0.030523535572264344,0.06329573473675343
0.032105166830239035,0.030867069397338513,0.017907463775317815,0.053395310657979755
0.041544722202512395,0.04080753697100341,0.028043949403469392,0.05934249487103551
0.03749947021941995,0.03660237142678144,0.024998321672289846,0.055109966478095886
0.03007653155446324,0.02870192402753709,0.016171508665313212,0.05185428276313105
0.036986325695499346,0.03637696429531562,0.025478852261059837,0.05218278554279971
0.033904303348812156,0.03351371217551395,0.024956457175854315,0.044982192460282434
0.0323572561030323,0.031993483125564236,0.023648091650024638,0.04323311972174068
0.04251439228341674,0.04198048790264653,0.030784147435075272,0.05711796422468109
0.032600522763396235,0.03194542791756906,0.022300557278759865,0.04669726551191242
0.028592223347163798,0.02795860144462263,0.019427306902115832,0.04155349562330979
0.0591589226949216,0.058465969451039115,0.04281743037235295,0.07960229877231777
0.03644074049582096,0.035989675199606,0.026441352512817467,0.04899494485854944
0.07182983293973187,0.07089443304714549,0.05137219926965258,0.09751676505097502
0.043084035379333106,0.04236030168367941,0.03001182054105232,0.06031491676455064
0.035139986764587114,0.034516689182347,0.024276868842770843,0.049328796668710734
0.033314068502270026,0.03292006152292301,0.024289187012383258,0.04464887940243738
0.0409563921041715,0.04048694308185391,0.029956073873247724,0.05470094936518331
0.03285585334935353,0.032475051158651146,0.024011692302829526,0.04380243698875669
0.03524205665373802,0.034815599622251336,0.025699757970233213,0.04720893489652006
0.02988869708002248,0.02953957442320961,0.021852733679614485,0.03992928934429206
0.03500917768329136,0.03420075547583719,0.023816691023950294,0.050909455779277156
0.03537441287029176,0.034912901052665715,0.025540497423018265,0.04786087234629787
0.03825831893438574,0.03758232311055962,0.026577438007834207,0.05380651039025715
0.036348919688668345,0.03590516471478598,0.026443690999961616,0.04877182626764592
0.03668073192020067,0.03583859096770522,0.02453707634658733,0.05354769727462503
0.04694324653912249,0.046266489643986344,0.03324175007947529,0.06440290793309882
0.04967093025149432,0.04334330613594066,0.01922252752765285,0.11676352154162072
0.031568165491027186,0.02962384099138131,0.01587304648367233,0.058475630374636094
0.01567514275537334,0.014802786354525768,0.008849657435933406,0.027415385670964566
0.020189023201637974,0.01793179902235051,0.009987572473643581,0.044192509377851914
0.023597977805330097,0.02238710298496282,0.012664242060016704,0.041561305517789957
0.01378378997620309,0.01340109132268568,0.008213747954043414,0.02159785872520854
0.04506744190491624,0.04383586684201159,0.028904529237888252,0.06825115562494767
0.022703692518155932,0.021422789207253837,0.012055119280609353,0.040798274198940755
0.02007581666632046,0.018950354123120787,0.010841104514867498,0.035980727247622475
0.020165616454502135,0.0173759341390542,0.009679527893160164,0.0480177928038722
0.10341051086522961,0.07934564909570593,0.025217933731717254,0.32555521706257295
0.023793647822052982,0.02038558197413784,0.010775017029285596,0.05771077971908144
0.023311877368251157,0.021833537355849537,0.012124444429629077,0.043064219375706356
0.014736076904249605,0.014035592155277096,0.008519423042722957,0.024534658129822588
0.02025641257007911,0.019021969544844974,0.010870673325439345,0.036951274182061844
0.027978229292466003,0.025690833467797172,0.013506510878781398,0.055654666862399754
0.021537890507254187,0.020547653751739364,0.011896606655095216,0.036679453115236293
0.030284401954020927,0.02611790043628892,0.012806166144219677,0.07259170797026145
0.0268110890661531,0.02541789038674161,0.014100561878956806,0.047503377033514295
0.02238329923019737,0.01937751061102582,0.010455720346980224,0.05290416674656988
0.019650762138005012,0.018729841011072126,0.010865817833986545,0.03378737374629834
0.019612560524569354,0.01814233551547892,0.010307413354018618,0.037679016956405006
0.051433771748047336,0.05029284472568851,0.03430890937331574,0.07479472574549338
0.0323752448653266,0.0316713087975663,0.0219510256144826,0.04685465974849854
0.027219286795544775,0.025543275572652083,0.013924632196657544,0.0503495513629471
0.060680563769237104,0.059613289601593955,0.04142888904815302,0.08598301518517724
0.013796044007721312,0.013417113213100285,0.00824962969427192,0.021538093003166336
0.018889119806646266,0.017292903509498074,0.009888942934864111,0.037475800944065406
0.032342411611298465,0.029851132951834603,0.01542079857912143,0.06388185205524273
0.03968720591741033,0.036858873578980406,0.021827601295174776,0.07400547872654584
0.01834668924399143,0.016066451569504245,0.009255663318751264,0.041333492724949905
0.026589795149166113,0.0260191153991879,0.018294842033647896,0.038110473431219406
0.047758583179675615,0.0470044207282031,0.033401747738929774,0.06639560439980968
0.02701139071657645,0.026070639934364943,0.015380863460684492,0.044037087247774616
0.05642149367017433,0.05577835433874235,0.04095569323461695,0.07557485162737669
0.042066979211333747,0.04138819769374122,0.029213823065260127,0.058868393738183485
0.026504666066522704,0.025551019647497748,0.01514172098387473,0.043171365685061865
0.03961129826862169,0.03787153043807437,0.02131214156333697,0.06787696400930769
0.035679659167584185,0.03430471384919381,0.019899521901957828,0.059297252107578156
0.03627549953586837,0.035545125524187454,0.02465271209647022,0.05192184175376176
0.031217323021820086,0.0295664061710322,0.01641122997205086,0.05555750784790822
0.03930981359641918,0.037546426721555684,0.021051135008774362,0.06771807101759789
0.08196651056340677,0.07868453120898165,0.04525015815088796,0.1368760159735933
0.03876932209866413,0.03710265778525311,0.021064323205085222,0.06602608745151142
0.045999490454507685,0.04366551977983846,0.02399765177650857,0.08122947107484073
0.04700375543604025,0.04629948159293851,0.032912184197448735,0.06533031684347859
0.06514048945729704,0.06437478737821914,0.047168438451950886,0.08762067863869978
0.03193839069487398,0.030491053776912722,0.017325607971423646,0.05492741986309817
0.05615205132881006,0.05312719683987055,0.02854780311261421,0.10112944684800339
0.04834370031521679,0.04535666047426869,0.023852414362671902,0.09028045038651453
0.027356363337534922,0.026061921578255036,0.014790612571831143,0.04743469445948845
0.04147027102986165,0.039620292564301,0.022386158419468623,0.07101186163918384
0.01380609619001912,0.013409232555014899,0.008222833957485187,0.02162432480630289
0.04134667768672894,0.04036442010425038,0.027230551224746036,0.061050083774462964
0.0454137200802541,0.0438272686312799,0.028340141660996198,0.07143831984261066
0.07656888113339025,0.07571567428332965,0.05587307039385074,0.10231636417716852
0.022134168296906242,0.02120961508246928,0.012395694811402826,0.03702412092276476
0.03181896815990493,0.03100639717393916,0.021468219715381317,0.0468442728618711
0.02671000012087363,0.026211584206990893,0.018534968085722695,0.037682732670202994
0.06871811731266318,0.06791205487328837,0.049837914283019195,0.09219107845380088
0.02784256686605763,0.02640419797411839,0.014728464626861134,0.04942890046639314
0.03076780831266959,0.030422828909418914,0.02261595285139396,0.040864645102794056
0.1159751629197105,0.1146962846545304,0.08399431962465584,0.15527305670158306
0.04230293951855784,0.041680527998879224,0.030013582239112026,0.058212576930721564
0.03631311468565828,0.03571734587760775,0.025239585934175114,0.05079489057869755
0.040335190617671254,0.03985704369547437,0.02896435540612888,0.05450693965664173
0.06218930874072568,0.06084456968805999,0.041641625183591185,0.09021013100911467
0.03296990897364313,0.03249886380456393,0.023466955431478212,0.04504099611182595
0.04302545988461196,0.04181835308398979,0.028094159499600667,0.06494671895657939
0.037852819270172505,0.03718076511548539,0.026166760507373075,0.05343033448822319
0.04241255589004031,0.040572177594377264,0.02306797095219587,0.0721441290783469
0.04428155649463647,0.04340301404185901,0.030253402484466674,0.06317743033345907
0.06292785636832879,0.062219160199137744,0.045754285425768405,0.08417169950578436
0.04265084172801688,0.041961261857640625,0.02959641339761416,0.05957339713849993
0.055530573558626645,0.05476255617536566,0.03935653248681325,0.07600174796784442
0.030010027211389265,0.029640380614159117,0.021842705615139367,0.04025812229307172
0.03202590427888336,0.03084999455355783,0.018097095302184667,0.052768416471754426
0.04184685691712368,0.04095759071759876,0.027905346596748894,0.06079607186181282
0.037649227548728625,0.036710564671620025,0.02494479583765568,0.055550893522426606
0.030114580406211972,0.02893021633327083,0.01918197453850157,0.04781236634950226
0.041548013982587007,0.0385080525917127,0.019607586274434898,0.0814658840670799
0.0333117713025039,0.03174551978801074,0.017661812737002326,0.05803711555194153
0.03215648507654162,0.030848520228137645,0.017784155121067013,0.05412110791430904
0.038311409665454245,0.03787836075673162,0.028250562190703262,0.05073363553114572
0.0429924871029317,0.041189954541264125,0.0234180338798502,0.07324290766778392
0.030008030538090757,0.028926628158948246,0.01926119717531315,0.04700102587012472
0.05388444952136584,0.05275349778819871,0.03581969187625882,0.07847315486715303
0.042800175485454936,0.04213225646917415,0.029928145774210924,0.059459188386229926
0.04509453557613495,0.04388081607140659,0.02897621123678413,0.06822171485086101
0.053494481593114485,0.05175968242921955,0.03311254375130064,0.08367288135143468
0.04065477400277297,0.0398841570133782,0.027969099022229375,0.05781332601269652
0.037478191366545066,0.03706889569999075,0.02738475037261368,0.049892542624409585
0.02860620268028792,0.027002776976139186,0.01487788015335066,0.05167349079393384
0.025959728690249134,0.024623827945964658,0.013804017084003818,0.04568538494381984
0.031061915931100702,0.030487946915818548,0.021334243552054225,0.044151661869714504
0.0339883689108199,0.03225466155185011,0.020498947260187392,0.05746794729731085
0.02976330569161689,0.02580242901149217,0.01283956204534358,0.07064832410969817
0.019897558455342974,0.01940464121946249,0.014480494560943016,0.027511192903316047
0.02594011753055928,0.02423690426064118,0.013196409097095619,0.04877864055653785
0.015561100325680489,0.014564072357069822,0.008708153461566203,0.027760119064989618
0.035676848939283606,0.033235312567571625,0.017435435203811273,0.06825830462446997
0.013802056533267224,0.013386260712773854,0.008259393525522029,0.021654950352810298
0.0269495215831214,0.024822565619754426,0.01314553318320117,0.05339453644233748
0.028702168843863916,0.028242716106415534,0.02030388621054974,0.039622360254768715
0.05233626556081506,0.05146554532097766,0.03601956685391388,0.0736950974104706
0.02979376017769309,0.02905889455672717,0.01996001827551834,0.04405576306949363
0.036936540921946086,0.03617488930448656,0.02527082557416471,0.05295386130119316
0.019146481896239385,0.018868667734494568,0.013841048616027682,0.02605729678714227
0.029068265839538268,0.02582329572146022,0.01708104600774453,0.06138830727039806
0.02564468501836939,0.024632655156828456,0.0143523355054562,0.04279078067202845
0.01571959573805851,0.015154048235051985,0.009133306553651849,0.025683610709550175
0.03849588526361727,0.03776759744964596,0.026347859085424627,0.05468539887493045
0.0418610814795845,0.04065941802482816,0.026914970715605165,0.06377253298558012
0.03236006020486691,0.029955503726968976,0.015620929406596583,0.06301874663168984
0.022326255399496262,0.019136924118440708,0.010319807241055464,0.054527789977601195
0.013806589386000621,0.013406127110630228,0.00825988916954825,0.021715462109533384
0.02055348982255894,0.019738325973514832,0.01165170988472201,0.03417623958880208
0.022371191930360374,0.021344243587237452,0.012342251604010004,0.03823854199261775
0.030942989332615644,0.02968475583710761,0.017156888124791006,0.05178227499366877
0.02872133836852596,0.028340437911353773,0.020571311749150965,0.039057355112772224
0.027115550421956503,0.0263055269579096,0.018431478203842614,0.04059056629411802
0.045506937628722946,0.042430760064617226,0.0218397776674187,0.08711569451014041
0.031326125542168945,0.03072994210970168,0.021600110876708874,0.044430461322623564
0.022599073192524438,0.021923386313441737,0.015379669704897573,0.03383694202825671
0.03302206409132483,0.03073265672982083,0.0161640476729743,0.06335766721812659
0.04097316560567193,0.0404074613556656,0.028990988519437644,0.056270501086540296
0.04013411558931952,0.03875239749221243,0.02500885452835137,0.06302269818524495
0.03662376417955827,0.03607703757388675,0.02582542184535747,0.05064224611587483
0.02433977638018684,0.023797142375997046,0.01713866056595698,0.03473058048082824
0.03588053009963934,0.03533219818935458,0.02539431884512993,0.04951900449155469
0.019082254624046505,0.018897147001824835,0.014227480441419287,0.025022015044744324
0.014559662419076065,0.0137986419302558,0.00837994516319678,0.023872322360457825
0.02238519074099789,0.02122999824260082,0.01209822047171793,0.03930736662328228
0.015931087651308195,0.015295960127026555,0.009173359974138689,0.026317915471963615
0.038476564803968896,0.03793557916148648,0.02717889619522688,0.052829388793956114
0.019795399256713045,0.018762593833129455,0.010779424860611305,0.03479649526245163
0.022302067631271513,0.02147083080464979,0.01270214223633932,0.03671530639090593
0.037450765484527644,0.0354785145223956,0.019323524097104892,0.06704019995975675
0.04225861536405961,0.04142936078566008,0.028511131240042443,0.06073528340122907
0.048456944357183264,0.04473995226660436,0.022453784501874727,0.09540954774665236
0.01774522467926021,0.017454659192183003,0.012925026337429497,0.024076163453829746
0.017841580647163117,0.015520112167536456,0.00902899549555031,0.040908168811332205
0.02960061436216921,0.029069362954898863,0.020848962641186134,0.041374838363869106
0.04326301663456689,0.04027528877453529,0.02058669549123785,0.08307026634749999
0.030795438885581023,0.030002133637445375,0.020927536916771343,0.04531743715646216
0.03531886952944386,0.03254589175249286,0.01669333530801247,0.07013137415618877
0.027058421706247195,0.02563827319689168,0.014258540761956989,0.0482916703263311
0.03327158843783064,0.03177843628329502,0.017869162898372246,0.05730728200373496
0.04117375767430737,0.03980973315900806,0.026326198798881387,0.06388779364733366
0.031528207463739216,0.029822927335589177,0.01626677711767737,0.05651918517955083
0.058315573959499524,0.054881723182994425,0.028544980658807173,0.1079294087879359
0.030710866052399213,0.029368847442648623,0.019195806622588223,0.05012114821502948
0.03852594275607603,0.03512866221766602,0.017423810374970365,0.07962728357237508
0.05700773168923314,0.05634708098831452,0.041336210439418236,0.0764601482615154
0.0404595907535622,0.035591962177554615,0.01649787836580645,0.09339822939858301
0.02993269335689621,0.027259548663702136,0.014110502912719721,0.061344121026506625
0.038434718193437,0.037501392722650205,0.025454778129755523,0.05676788693903513
0.035855438017210375,0.0347366843065475,0.022946755913942216,0.0553703182388782
0.04454291423959411,0.043628844126007905,0.030145642496317345,0.06384163565586867
0.023045928765323374,0.021235170105274103,0.011704489409744704,0.04525970274998158
0.02396244769122158,0.023569517271709632,0.01699049479696692,0.0332240727570364
0.03793091749021703,0.03732236158326366,0.026527703460328633,0.05265998172061668
0.020797525796889666,0.018586725673974593,0.010299892817227506,0.044842791668653834
0.023558802029236672,0.02215760692301201,0.012403836233151444,0.04300710822086907
0.03244514188459737,0.031232707689411922,0.020534954006462908,0.05148487474815632
0.013780621672190078,0.013390916465975837,0.008196799007111389,0.021573157940551337
0.03670730993993502,0.035535935925535514,0.02347409200258334,0.056797698263050506
0.04685312633041516,0.04573458368050007,0.03069947638436732,0.06938454471298838
0.023048790431597695,0.02183118419329346,0.012342966819181922,0.04066915660182201
0.028177561083928254,0.027637789000991224,0.019438959464734968,0.03999452883943038
0.017398214080942824,0.016467604126232778,0.00964364919243639,0.0306933284118545
0.020031915134650184,0.019304558993490456,0.011518223612685369,0.03263169780155852
0.026200459961431066,0.024990779832206635,0.016806873632577192,0.04264810225054499
0.033246448207039855,0.0325560698661122,0.022870947992452203,0.04763212697858929
0.03199366673682067,0.03040539554451799,0.016847097753286105,0.05634886412345477
0.025565213127485848,0.024142689192083365,0.013446585201605075,0.046033585902904045
0.02396610805148848,0.022772852193159596,0.012856141798523813,0.04214432077139404
0.022432086069988824,0.021430593798671266,0.012392612910709344,0.03842632510267961
0.035872499927303445,0.03449816635935725,0.022408509626175795,0.05689305089255325
0.0336221668228381,0.03211673077442975,0.018096643154031703,0.057724767798219265
0.027039453463948645,0.024212813977723978,0.012565269159898518,0.057881104547243975
0.029586699286157262,0.027714278038971668,0.014955875952829887,0.05496253169717732
0.01378649763986099,0.01339304986122497,0.008257660405400949,0.021615722432134554
0.02824118594226825,0.02785780961258142,0.02038050837659533,0.03831686424327609
0.016883164588387522,0.016208932774226914,0.009699016203356316,0.02781381180896436
0.053606393181893426,0.05301171464097456,0.038749950702071725,0.07206156073269727
0.017107911819391183,0.01583286970077181,0.009268150475571684,0.03242793771740405
0.06058109661444842,0.0543317311647113,0.024632814225431638,0.13373443910402646
0.037599926927403424,0.03560210225267032,0.019429761450989107,0.06745836012963978
0.030936485812430827,0.029769416837796273,0.019697936728608294,0.04885744639831713
0.020193451977023616,0.01931062216237178,0.011203241140954796,0.03421416725355152
0.04710108604465626,0.044565433757771306,0.023969399124848526,0.08512636097893263
0.024151963623444475,0.02334830832579059,0.016185049910221135,0.03682892861035609
0.01917367957953784,0.018079944416397535,0.010376320113419431,0.03446203406663746
0.013789791617395379,0.01338282526636831,0.00827489095953934,0.021598546987005907
0.01960779047185014,0.017232287585748796,0.009323365790660992,0.04425493747297032
0.013806201306459107,0.013406808368495664,0.008250628795301956,0.021641994396321817
0.013808591024812869,0.013430230881643508,0.00827483184885882,0.021530999254075263
0.013787754013155686,0.013384440601096526,0.00823578175634211,0.021594984032739833
0.01800239385059481,0.015435861423228302,0.008880346177082436,0.04363390468226299
0.013813183655098706,0.01340332907602046,0.0082720196066356,0.021677886237542087
0.027025929096674773,0.02633790256264634,0.01817049336903327,0.039809388469482135
0.054282894441566025,0.05230110570663867,0.03235870657475163,0.08754735210148382
0.014956266484925252,0.013913732459077349,0.008453927249675879,0.0255587869441816
0.02394866621822207,0.02019891135215248,0.009601898723413079,0.06034263943865408
0.013795203111264757,0.0133968818931606,0.008259684421458809,0.021612030711607538
0.03478948962372815,0.02633468173717926,0.009740656984475288,0.11031571662702999
0.013785466220203681,0.013381234468347474,0.008231922709487048,0.021645251240879466
0.020165461744566005,0.016719979252069174,0.00917099092509048,0.05317286809780652
0.013790075226869881,0.013391720871324758,0.008236191244370077,0.021511827784852618
0.013787403301949996,0.013376678787800623,0.008263022410373971,0.021584674035325303
0.03374642529181267,0.03259658476458986,0.02144937134698606,0.05260688743541001
0.013801517521852841,0.013394195307682627,0.008258203864617392,0.021622909711469053
0.013775916980943737,0.013377504736871708,0.008255222778569831,0.021621824660674558
0.03941708220398882,0.03055982125939233,0.009853271445735105,0.12320367995100004
0.013791795553833587,0.013391043621831304,0.008227933749096325,0.021589205961324555
0.013791594785306237,0.013407108397826191,0.008251939420458763,0.021595731109787616
0.013800048945851622,0.013421948724084278,0.008244424456818894,0.02161069438634131
0.020624514500213933,0.018551238890677512,0.013362885362742981,0.039624995672731506
0.013785340812565217,0.013395368486365557,0.008240115375338395,0.02151642270918611
0.013777859135543606,0.013360736326808249,0.008237156528274286,0.021619683790584304
0.016364920721131906,0.01548744235069254,0.009012813880714138,0.028989947729061574
0.02032249709441512,0.017422947486184573,0.009357553869205164,0.04902487469820573
0.024668454763031426,0.02360312803790795,0.016121290536384017,0.03945135899050601
0.015968775261246137,0.01470833519720801,0.008731157210809292,0.030467963935716734
0.01653552447529726,0.014699872393579571,0.008687885460556547,0.03500599839182772
0.04497007102983135,0.03392793289441001,0.017581142452020124,0.13972367609948105
0.013806769987740743,0.013404156163517183,0.008267837519159197,0.021680142682518073
0.026485942341262652,0.02095966191662832,0.009627121127151056,0.07623707219089111
0.013814801904267045,0.013418655623792755,0.008249774496428977,0.02167507469832747
0.013792653175933988,0.013391277922692235,0.008232275928350902,0.021680439411790514
0.028405297623150437,0.02630580995293333,0.01689407538232219,0.05221999613385855
0.03679027829208095,0.030234687763880202,0.009821492265904532,0.10475882603810481
0.017552066994703037,0.015816968580615924,0.009044957456853376,0.03698570967876759
0.02707054705494039,0.022522065994103686,0.009691698408072378,0.07111974829303194
0.013807532958298802,0.013403526072824405,0.008246549960845315,0.021717681090696894
0.02352033528789353,0.020073505825146873,0.00957153129959106,0.05759836265639401
0.013776794372959169,0.013382933432480258,0.008228514678960656,0.021584187149590314
0.017628033793367807,0.016054443656378328,0.009122959268339313,0.03563225691031555
0.01849506507749705,0.015221507344852218,0.008791037474783861,0.04875839726507202
0.01969317707488456,0.01710585853968491,0.009244576499889972,0.04604621215312603
0.013782898669144276,0.013387228324417971,0.008241790984043202,0.02156369186679579
0.019021751022570393,0.017351138173495963,0.009367815359716447,0.03859747563080257
0.02219402797454235,0.019102881311562132,0.009523881390926432,0.05251794532302939
0.039777715616436095,0.037941299187721336,0.0237565452920926,0.06663790467363732
0.01696794074372251,0.015091717476057595,0.008813471136743077,0.03685983868634189
0.017124536231076157,0.01592792242454643,0.009149717332705342,0.03225474211631327
0.032311536225147264,0.029573028724966886,0.015198323075467866,0.06521183399856077
0.030429433617073204,0.029877949047516728,0.02094196324992019,0.04318990987593131
0.035207600056100456,0.033200521828148775,0.017965171731905257,0.06400480091058297
0.04234435850534601,0.04143093144898126,0.02862772328638967,0.0610270681996163
0.03389809727591389,0.03230561750721343,0.01819910297402796,0.05864435073925898
0.025066488240852572,0.02393209470113672,0.013568022049518347,0.04301943828819128
0.029472197200962263,0.028216064065601176,0.018747601539044197,0.04746851680438589
0.02442340679260104,0.02355032260461786,0.016713720800653132,0.03736855783331029
0.033258691064211886,0.03275216184465103,0.023780427671681564,0.04552266535158218
0.029803663593300365,0.026608686059842006,0.016612188714100723,0.06256035425129342
0.02010754231460503,0.019267536319525255,0.011241863573887931,0.03404790047345788
0.03133316905236611,0.030764585266612382,0.021552922651730557,0.04454462629347873
0.033839962900908974,0.03337273184645569,0.02418487981823494,0.046239678278328915
0.027664647519336755,0.02635957058671404,0.01489415758574527,0.04820500829126661
0.02592007761143357,0.02457817565160144,0.01387852159452071,0.0456237361918802
0.024756869282806546,0.023418435779252254,0.013146353743755569,0.04429485285357846
0.030695529550706677,0.028767866499870114,0.015461194748545272,0.05730657245297147
0.057328118535991734,0.05669687540124649,0.04153479401703129,0.07694164845646505
0.023721782534877996,0.021931225380182953,0.012041489956139947,0.045848019315979094
0.02425356731910503,0.02276503746975122,0.012589261231671277,0.04466237593885653
0.03181354882774801,0.031233239368145684,0.022259585709285594,0.04468924564192479
0.04548852119736452,0.043333557407579784,0.02657440621989055,0.07679842170445825
0.03187765447913819,0.0314252788346544,0.022792031557111278,0.04354886278084429
0.03208104478909018,0.02997344521945275,0.015985010896188645,0.06012451238664704
0.06573761867128561,0.06497721760576074,0.047751795950867544,0.08795054896632644
0.022664515469522365,0.022133583700508386,0.015697702544754454,0.032793518038845774
0.015437105932528764,0.014575003205304703,0.00877557271024613,0.026797172776869046
0.03441098976369926,0.03334141463454901,0.022604283977753537,0.052367041920007136
0.0389377044026355,0.03808000994832297,0.026170197642795753,0.05637320836395629
0.03921176822009427,0.03598438701299021,0.018267593858813047,0.07872658336534154
0.05557461467267718,0.054949763904549156,0.0402974290498389,0.07444619459332939
0.046669478844358916,0.043936999113166016,0.023195529930439364,0.08597163611932106
0.02467287187765269,0.02175960518148168,0.011455263748283732,0.05569011857384491
0.0240417335635938,0.02210437424483188,0.011978345228182622,0.04735842699793054
0.03243009155186053,0.03044958320331078,0.016422328027855326,0.0598214694769707
0.02618477258773342,0.02449468566480518,0.013477922415197744,0.04893041366042528
0.02175816448493018,0.020910544060258114,0.015190419428438483,0.03353434198831923
0.02098266480818639,0.019313538110482247,0.010747238160213533,0.04128885850515482
0.0279252758406016,0.02662380187514666,0.015064784731733722,0.04826195138726105
0.018556615137805398,0.017351229570707956,0.01001177066598419,0.03414175270037743
0.032647269708022085,0.03152908408987415,0.02098588910200664,0.050678929424656384
0.028137767524540287,0.026459265782444716,0.014492292908210264,0.051618785041760366
0.03677600745249786,0.03616394729270092,0.025770743736796848,0.051211107909286575
0.032252495348023644,0.03133746646056683,0.02120359843520895,0.04849330601586176
0.031636273883412475,0.031091170652789185,0.022247003637860703,0.04409307092145087
0.025963377827896397,0.024517487840292243,0.013713642957451748,0.046706164866274484
0.03760327275906631,0.03705929128088512,0.02667701944358884,0.05179751326355175
0.04043644024206439,0.039853762229478576,0.02869247270413226,0.0554238020029119
0.04451550955078442,0.04195668063802646,0.025587339320256457,0.07810199997251022
0.03453741805734389,0.03393702926174258,0.024020742568113276,0.0483873001115748
0.026064840253362292,0.024999737197479426,0.014412082124941845,0.04380563447517806
0.029216968491257853,0.02881658166928218,0.021019188043621368,0.03974441607684759
0.01471419297904303,0.013990061428409676,0.008513332526808484,0.024480404631200173
0.034450509871812786,0.03184330173837095,0.016508026737221147,0.067313078077526
0.02978294438655896,0.029113736846314586,0.020157996875466797,0.04342323671278664
0.035541251250448665,0.033124316965207005,0.017358681631114908,0.06802752717255958
0.03722783889437491,0.03675772365406331,0.026693545869639266,0.0504821040237955
0.02359974945316423,0.02190143685115373,0.012034190482093157,0.0452370195763109
0.056801197683540486,0.05430286449329245,0.03334207035781434,0.09471792976010271
0.02874943129496803,0.027485221075883113,0.015668073136805193,0.04925591649822751
0.042446068919383295,0.039707381928838825,0.020711144809732598,0.08035575485948683
0.03190333297394314,0.030461291683293444,0.019775385008727685,0.05242259422374407
0.0260503951392564,0.024361679638398793,0.013247885066361736,0.048561665829876095
0.03979346105402128,0.03813262609336229,0.024792243072649288,0.0643457523525522
0.029361686673833206,0.028581328927699524,0.020024803837031077,0.043029558628089125
0.027677444720124768,0.025486685384454748,0.013527634034917748,0.054763980756738016
0.03453507765679682,0.03381420262586856,0.023511437988861766,0.049549279871802375
0.020761138192097645,0.019832876688487655,0.011526325580112975,0.03521192708984546
0.020120616117319773,0.019160023765675854,0.01109161033500459,0.03460299905171192
0.035633694383244936,0.03465972825398321,0.023390858134889517,0.053322335064169626
0.02894438974397507,0.027438779952246847,0.015378477687961713,0.05112684410209493
0.0271163514050941,0.02558992484279853,0.014168918198556736,0.04884683109121541
0.0316582559292291,0.030305714929017985,0.01735920693362863,0.05374010962908357
0.027660802871428487,0.026162101202295895,0.014622365946415793,0.049302916641016194
0.04418955223201137,0.0418151625587221,0.022771316783950127,0.07914421943384083
0.03658503197614006,0.03604875747087865,0.025775289119607674,0.050589781211053376
0.039326916658546755,0.038784906582784745,0.028164926855524457,0.05350229917990635
0.028175784931792004,0.02776744952404643,0.020006758697572773,0.0386885077068716
0.03915395799700081,0.03722180237229086,0.020514590546653926,0.06892524636548444
0.031580685920614734,0.03060175827758168,0.02099646387307198,0.04774588667244819
0.016857986322295654,0.016222077216492443,0.009751657296349588,0.027506332620382615
0.013792867624767747,0.013396922812892832,0.00824497426356572,0.021658952142375794
0.02731056601605922,0.02690832337158966,0.0196265220013373,0.03727304000509791
0.028682889102979767,0.027430111486267263,0.015740384893266905,0.048711674628678724
0.03053302744014801,0.029209555369090152,0.016802680935552556,0.05157191431583973
0.01947163537191472,0.01845567032333182,0.010660779278249924,0.03407102500002979
0.034158861978772506,0.03340746155838488,0.023116266484469284,0.049329821650989196
0.04373228221714663,0.03954167824332512,0.019014663278720173,0.09261873254907217
0.03341750670361118,0.03127828500582511,0.016714988013987703,0.0622796771386917
0.027616853313831645,0.02401397103682972,0.012199825421720373,0.0650833921436354
0.01889258777224314,0.017168152846019885,0.009753002405190678,0.038653630231697454
0.035700372357828074,0.030251588146391062,0.014011002621390468,0.0906018869422789
0.022631941496479357,0.020876314988032704,0.011433900173836322,0.04455760642301866
0.03879604222826286,0.0348340671572451,0.016917799896689973,0.08381365677634174
0.03269768796798415,0.03089659753927486,0.016724191422806553,0.05928376245696403
0.019172282176284597,0.01841657123486611,0.01084783212282005,0.03188745293042554
0.03398771755974831,0.03340748394296257,0.023715529333883087,0.04759250795349515
0.033281829210323806,0.03165607226733799,0.017665642327704397,0.058223915095700136
0.04513997032866357,0.042988514565667754,0.023494872048086732,0.07912029839954769
0.02532477499941445,0.023719198205110363,0.013063940952347699,0.04716647764217866
0.016633494302804582,0.01464061635402407,0.008701269390530252,0.03526894511189314
0.03672069535806011,0.036094460457026085,0.025726744052922423,0.05107587096948362
0.013802548442835976,0.013398279009118667,0.00824298702455791,0.021680888278260462
0.03324746116298237,0.03158857960744971,0.017436323243392064,0.058741979375645015
0.017346919171536027,0.01716198238336151,0.012749432361824953,0.023040984327712073
0.018930697177206312,0.017845458937993802,0.010258694160859382,0.03406380621785357
0.026475879576610746,0.026115079618097017,0.019094704100678275,0.03590380707390996
0.026580854573415167,0.024349481539641935,0.012923853385402499,0.05340988768601155
0.025068508394451187,0.023775116439643362,0.01336699580684042,0.04450822717575738
0.013794016025959508,0.013411638925617964,0.008231534858153738,0.021547801028196374
0.018995230427537597,0.01638405338673083,0.00935967665821958,0.045225866786072294
0.019768618175238645,0.019435521682985835,0.014056708651358107,0.027375836304865994
0.02605873511111951,0.024604316975418813,0.013638515055401609,0.0469925828881161
0.02554729183827612,0.025151595135015227,0.018367985810571613,0.03497972038092986
0.013788453840035736,0.01337864705005089,0.008254268945897446,0.021566263745010143
0.01381121437370756,0.013411120326608756,0.008236607421882937,0.021645809800726046
0.07418231279000743,0.0629890062697397,0.024908968495905508,0.18943445769619172
0.04391155527299693,0.03645632325907222,0.015735324562882607,0.11661914897084964
0.01775436470423481,0.016857045681501724,0.009865817935415435,0.031009647129211285
0.027058404182741396,0.02532871125891864,0.013803647587003968,0.05048351247885447
0.01831019091814455,0.01711806345157626,0.009875728651425537,0.03374242607643953
0.023463655578386783,0.02153252932518838,0.011653218962498867,0.04674783202770096
0.03406140915549888,0.0316523190639111,0.016515458681751288,0.06544588853200003
0.027334503401518495,0.025552640716973128,0.01389691536122247,0.051261565266372204
0.03572587791171064,0.03098355949091553,0.014633885784426906,0.08511775294917612
0.023101530917455947,0.02102023675892245,0.011373031468348133,0.047654771250350364
0.01728885976407915,0.015672601545096525,0.009131378737159912,0.035148511264119206
0.018807875965067222,0.018147667320409552,0.010881920930866068,0.030502071479305445
0.031553600642580226,0.030915409807060024,0.021782239374541056,0.04518234218595014
0.02472858317725989,0.024325440117896058,0.017620217576100244,0.03411687846580821
0.016417099877145718,0.015060399746833309,0.008902838401281888,0.03195974473836195
0.02647259297927919,0.025584225773938388,0.01796171734049962,0.04027370067517
0.020137633063647412,0.01918356920166593,0.011171553887773338,0.03465287882387018
0.023745408159458775,0.021798436804415622,0.01186396454425503,0.04702756291792735
0.014635042748856113,0.013855184694033703,0.008378817068175561,0.024234969969366162
0.023120379754674313,0.02107754968659084,0.011391490096761594,0.047212874557590184
0.04140551533358358,0.03918605301427128,0.021159843093734792,0.07427600725512064
0.02378129397189653,0.022204687949425282,0.012225693321130453,0.044518372357044485
0.026936063347893186,0.025557245129583225,0.0142884144184909,0.047323171098588704
0.02691849891845322,0.0252243143819396,0.013680322148060746,0.05012367318035801
0.036016821282107946,0.032612675497275104,0.016178519955293198,0.07586582315092383
0.018983314598305004,0.018066016247848385,0.01052031448705537,0.03264071855779088
0.06265481269057498,0.06186227494787906,0.045222522191273366,0.0844810331968564
0.02807891182657512,0.02748119844618551,0.019540673807830502,0.04003428259194697
0.020876096640530726,0.020625822166510124,0.015452308275630891,0.02770400774541455
0.028223573173055475,0.02706722105857121,0.015615071372237482,0.047701325909325014
0.02998593990987901,0.029209477454598967,0.020302599226095598,0.04416058248005698
0.029608485708065815,0.028047460181808388,0.015590113769675375,0.052519302964998585
0.01981755663730241,0.0190769308320878,0.011255994781461678,0.032599318440510845
0.037100333199694094,0.03527838314199675,0.019439297686146207,0.06527775396316306
0.02825610701595708,0.026872792612804446,0.015207147216745489,0.04930994976951865
0.02409839912143692,0.02262186380393863,0.012534934526225835,0.04432327571937714
0.023401549841155438,0.02112220676063454,0.011382807035668813,0.04894238149569578
0.02622105485819326,0.025879717746380194,0.0190517591561598,0.03535728950856231
0.024665720795286103,0.023574929664809625,0.013560317855115063,0.04220704616163311
0.022017310295234415,0.02142397490323989,0.014912994821816709,0.032602164253388785
0.026634743799574555,0.025268213369479674,0.014078643073961422,0.0472984400029529
0.016572777325367296,0.015944623247074966,0.009583949250529192,0.027092585792336123
0.021332208852430687,0.018655211872957923,0.010208201916856027,0.04915281113111305
0.05821524580351056,0.05746965731011391,0.042223809845596434,0.07808509568886596
0.025045328442646734,0.024696506541147578,0.018084109441075902,0.03403057598258331
0.034734890328662206,0.032976315162792896,0.018147007132410697,0.06135267257806366
0.030604649567451226,0.0281226910024746,0.014638937511474548,0.06094483894400151
0.01683863561399781,0.016166000084772005,0.00968114437412316,0.027795086392593062
0.030177936946731602,0.02710869958135268,0.013769525188260814,0.06483958366445804
0.04061616571484678,0.037074163222233954,0.018259948538433216,0.08344343542184712
0.03145131763559943,0.03079859278938997,0.021372038523850473,0.04540754020728971
0.043593870887589065,0.042987355707607464,0.030981751677684487,0.05970462492962635
0.0397943899890209,0.03748668405016141,0.01967587392710777,0.07305117382514974
0.02764806293606273,0.026810382408519184,0.018786626576749746,0.04139268042772863
0.028673877056663136,0.027238774065024535,0.015156587163876373,0.050564878135887704
0.04975729627957001,0.04571418308642419,0.02552119165675772,0.0974991929438488
0.08066826935416825,0.07242529935631789,0.03129646258695412,0.1778718973618754
0.02926821301513793,0.02873779579438105,0.020264114408776023,0.041300448808500985
0.03285776519895188,0.03122485744669519,0.017199948336800403,0.05780212218507718
0.031887348245650406,0.022678268719584047,0.010854189663116687,0.10972108678164566
0.01379491953772519,0.01338387494509035,0.008240426904028922,0.02162121140788776
0.038533458255176976,0.032046953485071056,0.014404506972881466,0.10144188637663785
0.04737556355475765,0.044066858519805185,0.022228558335449816,0.09141997817500026
0.030307752166423393,0.029817875355880062,0.0212433794113913,0.04203493991642624
0.025352544801252246,0.024524542591188143,0.016907375528535433,0.03855285422365054
0.024290594914944858,0.023760414044227456,0.016825758099899876,0.03465594642462898
0.0409961384171468,0.0388090735964743,0.020661365210219933,0.07403478484524369
0.09931126456503893,0.08906180873866974,0.037646476835186814,0.22055305767957623
0.03804906818724647,0.037496682521371,0.026740461257751615,0.05251242058573097
0.048136387866203625,0.04565699858242995,0.024118335586256416,0.08624432122220431
0.02727182087095639,0.026790637657263458,0.01909099655717062,0.03810143534060038
0.020504319018288652,0.01931750109273262,0.011018050348056127,0.03687871802471509
0.02674220393169951,0.02638940364224074,0.01912698568823624,0.03643123147712885
0.04125179359635785,0.03688199521374633,0.01738596297424153,0.0910508864394015
0.09483540016605149,0.09366520594019904,0.06843045692274632,0.12767695073175686
0.03575590205096508,0.03495370129892046,0.023860879758528367,0.05234296718656763
0.02144839165539209,0.016232482155698474,0.00915182998415096,0.0661443261994861
0.07019925659465359,0.06549667936848015,0.032056040202100025,0.13519830797928223
0.03710786455644177,0.034732952896716573,0.018131450977410448,0.07008541821201249
0.03375635769234108,0.03111782873893478,0.016014509790865574,0.06704850189692291
0.013803915951102938,0.01341499976526682,0.008239917751501371,0.021599806749165045
0.03808902230226861,0.035253373025859666,0.017911077280787495,0.07466282525473988
0.05174169308378683,0.05109596011653693,0.037003726089025864,0.07025051304732632
0.013788103152444935,0.013395429268082532,0.008242246962448407,0.02161350092680138
0.04097684163585186,0.04004863246474584,0.027710442664885288,0.059426783121882515
0.026914123216710065,0.026349189170389593,0.018461302064763215,0.03858121010215867
0.05975629525237617,0.05906281347406981,0.04346711279894526,0.07993699004538767
0.03122095908365674,0.030663944710812314,0.02184487104282905,0.043745003800972355
0.03306810149927551,0.03257278073989642,0.023515278612747038,0.04553295716709299
0.0209729253259441,0.02025266058074253,0.011979073806735423,0.03410735100566698
0.03523246493596043,0.03475044339007181,0.025127049202828586,0.04814949174597494
0.029004698379713877,0.028510691278782745,0.02019877506378385,0.04059562846597314
0.025711472294741147,0.024804449762700128,0.01472366021022207,0.042156367083023116
0.04046915949623043,0.039966056383692,0.029434305105177222,0.05428980525638001
0.0368478353009781,0.03629937481742103,0.02602956611290785,0.05087908384401954
0.031295628045865914,0.030738657772058555,0.02176079004023597,0.043870338942327884
0.0137610494216858,0.013370646774954647,0.008262696816333213,0.021604371238469405
0.03479745934552065,0.03345398151018408,0.02188306139572654,0.055500818252193725
0.029248598955755763,0.028793547423717737,0.02066120512924001,0.040486852385978656
0.03418577532586886,0.033756118478732305,0.024824823371176266,0.045891494481359145
0.021016060436322506,0.02015873825710803,0.011794796603751602,0.03522443660838506
0.022366533238085934,0.02158176925279073,0.012845722052616148,0.03638363601035964
0.03222679359531729,0.030643977933606195,0.017053942681901434,0.056660434535928374
0.02413917588131073,0.023255047836564582,0.013784013421816116,0.03957981408609869
0.02679226521760249,0.025505733205739848,0.014422754136335803,0.046545578354127246
0.036676692256741014,0.03611901580644941,0.02572431440292698,0.05095048290575489
0.04240269529484386,0.041730821997209996,0.029338021585163222,0.0593908225080708
0.03498828767046359,0.034589796530186345,0.0254947142324574,0.04669904002541681
0.050758974394931176,0.04779871567518802,0.025419644517746247,0.09281903264746566
0.03298065497756682,0.03249072573746755,0.02344835870153508,0.04533239659081766
0.03722044653971056,0.03650536728042879,0.025678504309257902,0.05290716963447653
0.013792732212045748,0.01339565495179962,0.008263603970349406,0.021530890742034153
0.033749537030240334,0.03292123057081853,0.022517930927352523,0.049730872124569496
0.027515995065012008,0.026183975828112306,0.014906833344612761,0.04771133739139298
0.03198996747818527,0.029150696156649624,0.014933126565180166,0.0659298186989783
0.02479783985535664,0.02383613064488067,0.013972667705531426,0.04109353405787747
0.022891974313808565,0.022034703330499623,0.01294256399434642,0.03776915699142509
0.021635330701664752,0.020819909019928945,0.012211862171151248,0.03575506804648139
0.028588545991496447,0.027120600769860004,0.015149115840052935,0.05053809984870142
0.03986081184569515,0.039072893403275105,0.02716150141164861,0.056976020986020275
0.03584972777102892,0.03539021683251864,0.02548525898485036,0.04899542132444376
0.029623410087265906,0.029177441194169665,0.02108658217718493,0.040741072004246315
0.030064416560402818,0.029456782540544336,0.02051425137129907,0.04317490333908433
0.03212272310439609,0.031658353455286656,0.022848904561025913,0.043972063314780825
0.031815702954039154,0.03138913242751991,0.022689778416512138,0.04334901739799147
0.03973016134266015,0.03870537636947334,0.02599868383643731,0.05922500145234031
0.028890519894488553,0.02738717301199689,0.01523641820933602,0.05104333224455563
0.027894326498395218,0.026870718033514727,0.015837671062436862,0.04578946747336634
0.03265417763690425,0.030987418432335028,0.017063205612230622,0.058124548040037964
0.029264590945145715,0.028213720411054896,0.016532195323373074,0.047964341426014585
0.03638960176117885,0.035959355468484805,0.026479192785379652,0.04874224252325379
0.02797687964948382,0.02610113939029187,0.014102653875510502,0.05258924488549255
0.03452137952475247,0.03406714066264087,0.024498361960442833,0.04730210944597751
0.02832600871547338,0.02712728716003618,0.01562644360315088,0.047832956487984093
0.02933211598153344,0.02882652350950457,0.020467391352773673,0.04104047182933122
0.06896571780649277,0.06816239921832398,0.0498636064469569,0.09272724089332074
0.030105546682028802,0.028816843474146106,0.016527982549103707,0.05094196721371449
0.027954570990438684,0.026638374380623452,0.015044233933674605,0.04845449997192972
0.027460194613108443,0.02640471431881905,0.015401159335959022,0.045649114897138555
0.024530290055191157,0.02334274959749503,0.013318072800444334,0.04267261595778402
0.023486545974370738,0.02255483786230424,0.013227124483394269,0.039074743004028016
0.045549989896905015,0.04306683265456769,0.023225566450030426,0.08245772620713891
0.020479434326109776,0.01979979218453566,0.011840635359027941,0.03307035873112028
0.02605103368076543,0.02470888548067865,0.013935863812045661,0.0458698871880819
0.030590780831121798,0.028687633818143696,0.015548498935400189,0.05660234141435182
0.029348246545661073,0.027837896503170728,0.015554693217155802,0.051711915170609114
0.027541590009191368,0.026422298939282364,0.015288007947564361,0.046258857442356145
0.033857263983161925,0.03339558376129452,0.024263403603003657,0.04608906746624037
0.022228719029977553,0.021323977365701574,0.012447339158040622,0.037245127567987625
0.03136307794244112,0.030986980300243154,0.022940465432712893,0.04174920400921651
0.027251986899397593,0.026664045797087817,0.018642953275567874,0.039246367459922264
0.03494144938017169,0.03445620973936641,0.024972127374274015,0.0476477872311518
0.03410105774924471,0.032909353505323924,0.022017074353404366,0.053001670587073633
0.04146743519282747,0.04064528966843918,0.028088164516845114,0.05958797208411928
0.034538782062968586,0.03366312724508287,0.023068191449379136,0.051093571539078085
0.06321968950073888,0.06242713942651308,0.04530992181601392,0.08552514562513414
0.04186493113823367,0.04082471653643108,0.027721843907489538,0.061754404637696415
0.02079538559931906,0.01849846130904665,0.010249524699528223,0.045476446163591526
0.02697975554145058,0.026496892443716884,0.01872125912151409,0.03817638260776913
0.048377509744079304,0.03782222858818751,0.015236317641371691,0.1448966825130192
0.03291314695854809,0.03234006404466625,0.022846694867651583,0.046261593163759544
0.021146664877909283,0.018327591003408205,0.01005619560095238,0.05037265091983702
0.0145843390052337,0.013856226264300994,0.008451929736616938,0.023994617431304165
0.032331365133759095,0.0317136084845103,0.022098991254340616,0.04607363941229136
0.034047508449870596,0.03345422084619798,0.023598342002484757,0.04790385133329593
0.017331300020447915,0.017136626769591677,0.012769244818233182,0.022976911407859027
0.03672245142016684,0.03623391423623644,0.026113631457452654,0.050181592045269376
0.033930725982317486,0.0316182616128056,0.01661645892921942,0.06456979391350164
0.031068643450871663,0.029921618214531424,0.019977815015880647,0.04898122172745538
0.038615568803564364,0.03569967444004335,0.018234110124347308,0.07595988251074369
0.024592999427419687,0.02289858114755871,0.012526110924422143,0.0468161254031754
0.03061061456904867,0.02827055140361942,0.014786290081704057,0.060157825780822655
0.031324843092361186,0.030386671226749373,0.02059794559111469,0.0473531545154539
0.03297054198597243,0.029772040713191866,0.014841508963089006,0.06991882412146948
0.03637428753053258,0.035551522773305366,0.024236445026060125,0.05312653972141315
0.02709095964733038,0.025471425374587395,0.016784311897511367,0.04705966105237203
0.033749186474047996,0.031171447388469626,0.019171822090296272,0.06307257145065322
0.02868525619530095,0.02811901853787252,0.019789457050187382,0.04085238519291206
0.02981985523229412,0.028265644426882338,0.015617241182654912,0.05302144073976103
0.03293181247300234,0.03243944865284365,0.023371140037767454,0.04521028409221902
0.036474721890621564,0.033832843925545614,0.017486670841786404,0.07027846637691347
0.014661232775849495,0.013904810107585912,0.00846079220658492,0.024414999569083697
0.028922867312757554,0.028542894393111175,0.02070548904871797,0.03937067853676243
0.03288677071689466,0.03095839729845562,0.019533954910837623,0.05757305263251886
0.03399875055844937,0.03288593068038545,0.021875558433492207,0.052426515160713213
0.04954130424801727,0.0474059513782628,0.028072204457776376,0.0835937794326464
0.027157533448190933,0.026538846538302727,0.018480217761679397,0.03940396256793286
0.0291582882244813,0.026822937755856015,0.014072130659526071,0.057866302939910186
0.03241512784284814,0.03198309524804893,0.0230765882672058,0.04438042183239453
0.013771635393419395,0.013376391202869108,0.008240586582057577,0.021539297171922142
0.016355068453598,0.01518627483364839,0.008935055946424509,0.03070222829399444
0.03717701781145992,0.03308659911416947,0.015927952289845605,0.08217435244914006
0.06385126826272469,0.05870027489888212,0.0276917833713127,0.129687817076433
0.021819711157144178,0.020800135439327273,0.011930887490260994,0.03768225139263696
0.026267229377680782,0.024976255133062727,0.014021003889145192,0.04587369493961191
0.03643820008670269,0.03545136215739327,0.023749669847371868,0.05480246430910277
0.03803191085686953,0.03747189995143102,0.026769175769656314,0.05260981690897145
0.028310462371676035,0.026588367152931572,0.017254916357340847,0.049665668400407544
0.030731725154279594,0.030281899943322373,0.021735369063233548,0.042383369444313215
0.028187780802004674,0.027506804692392875,0.019016947201883506,0.041326519983073844
0.030617514714192953,0.029091137381437954,0.018941134759533157,0.05141782312901451
0.017261547154997555,0.015850841333124758,0.00923966435933811,0.03389735932506448
0.03300205089100439,0.032313773586564995,0.021969949946873284,0.048058819757246234
0.013800016574545748,0.01340955009920912,0.008248118772014255,0.02160156646650521
0.016172154046764847,0.015103932786569553,0.008950294416289088,0.029700104992175468
0.013790332949647457,0.013383594464274243,0.00824630206724662,0.021639850902853166
0.013788977751186421,0.013383652180118591,0.008259929610456435,0.021604984299560513
0.019471655233261408,0.018255222679798445,0.010015896291856844,0.03598752932662202
0.019332282831313757,0.018090576285500495,0.009947123870575761,0.036015498657893504
0.020161028209691588,0.018291756471049143,0.009879179442473324,0.041755867414025066
0.025050844330351815,0.019374017086181663,0.009886393572015633,0.07610666985487206
0.013788085132805623,0.013382358938728613,0.008231086726969412,0.02167204147034474
0.013803707544814782,0.013396986124711102,0.008264374048060536,0.021659483997521576
0.013804082290196381,0.01340279935635114,0.008247533339450852,0.021670315461731215
0.015969183553622,0.014598245141499745,0.008673743661647085,0.03071699818674094
0.028496764355683296,0.025119460535823375,0.010841992937541331,0.06598908578464599
0.015723546001480716,0.014929208414498612,0.0088906825864605,0.02709157976213795
0.01380205853707689,0.013394577087497595,0.008270342952491282,0.021663501060929995
0.017343986010769523,0.017170809084477573,0.0127421362846915,0.02298725753495231
0.03516135312270809,0.02963963943468141,0.011107938029998871,0.09232311260788008
0.013790342959305842,0.013405882255561328,0.008211768669532188,0.021580519413344858
0.013789828980852072,0.01338377969712425,0.008226552032165348,0.021631493487610964
0.01841144164794567,0.016200451569541495,0.009227228458405167,0.04182952073717785
0.013780234205978337,0.013377757686169837,0.008246755824258146,0.021605935667796245
0.02205910860765042,0.01858853927303994,0.009830694592049298,0.055740843029639
0.01615483975605019,0.014789681962736459,0.008782001625327978,0.031183921609312996
0.017738190085491844,0.015174883879064342,0.008879888851500248,0.04184127584928864
0.013796982007696799,0.013401979022356507,0.008256791869006628,0.021644341771379083
0.01691510553542761,0.01520094953890916,0.008915879747507918,0.03507888935150215
0.013788751153794033,0.013378678322397931,0.008224431299088827,0.021549714377993204
0.017132668022385958,0.01541819326287077,0.008956616980198603,0.0357993178188433
0.024621521269743495,0.020317380362305043,0.010123334086553193,0.06558935814204718
0.013795080802259147,0.013395890411434741,0.008239904077696494,0.02167701404915193
0.013787957001390712,0.013397258475295461,0.008263716793199998,0.021575296543945285
0.021486225882291918,0.019311511387001982,0.010066086392300217,0.04611444816863591
0.017713198311566817,0.015944628781265652,0.009196791350099163,0.03737395720089107
0.013789983562173137,0.01340674477363794,0.00828266981378582,0.021595024284196955
0.0269467495160085,0.02208569565556636,0.010367812447922871,0.07321961947571176
0.01380583841026159,0.013402652642458044,0.008215430640126666,0.0216642698547834
0.01377200950821067,0.013380025273030605,0.00824165053367005,0.02159587986146011
0.021816335040095388,0.02008186722766269,0.010314541676340773,0.04342194838740478
0.017126251204599815,0.01571593567508764,0.009147403529249323,0.03374853332459831
0.022123981416438367,0.019625906309142092,0.01010403270900912,0.049197972852144264
0.027492769580954472,0.026532384337300055,0.017862340121208253,0.042724565440137724
0.013796369002380779,0.013398478703407286,0.00825833636170476,0.021607380211121057
0.03537243634110146,0.03321236379182871,0.020503650431119798,0.06276807425537045
0.013803634088660371,0.013409071125153011,0.00826240646683687,0.021602760600908072
0.03958252128907372,0.03169027756074065,0.011082884721200973,0.11515025854697301
0.025181288882080773,0.023930374989088496,0.016144094293347136,0.041904352053910666
0.013796193084453665,0.013401223247586237,0.00823931243106804,0.021541682906724497
0.013793404866685777,0.013377631375480873,0.00827527158980116,0.02155696142946607
0.02800002278636014,0.02739591060616798,0.01893674580747218,0.040646912801542645
0.022456320938044064,0.019065306516056382,0.009972543563564532,0.0560376808879386
0.03358125965099192,0.027225746502808568,0.010893705441694887,0.09427340850121892
0.029001126243327693,0.028397604030188324,0.01956045031708455,0.041974459875292615
0.016612192702549725,0.014867866462761472,0.00874851993383572,0.03456747414335092
0.03301583152117421,0.0265789047050312,0.01085740916325933,0.09451661416069575
0.013802138219690278,0.013401593821657724,0.008246372949671475,0.021632708629281086
0.01377907980117447,0.013378608353279794,0.008243554724816892,0.021609423397467915
0.016999696950825295,0.015355240759339474,0.008966308616458153,0.03518954037956301
0.01380579137277787,0.01341485414887729,0.008262876261053482,0.021588756129292914
0.013812576648246942,0.013417242320458522,0.008254981264047863,0.021612547162053318
0.029340880152649552,0.0262463154214515,0.010927599861890696,0.0663634664123829
0.019669524225028656,0.016942630588948706,0.009458426597876875,0.0471289531926947
0.03795505651727679,0.03501004764482584,0.020634634827994203,0.07274245342017772
0.018974520157961212,0.01822890920454455,0.013249875286215169,0.028966620660930257
0.013786678207783721,0.01337738225957696,0.008212236069344467,0.021654451662368037
0.01736553386593601,0.016495583436028485,0.009506528275061817,0.03037963460564869
0.025614888765292148,0.020745556800046847,0.010180692560822118,0.07116060953968728
0.03386954977166398,0.03281620268629387,0.021949035397485706,0.051685138916078656
0.02874653154860458,0.0268742749124457,0.014607545106095176,0.053654034531581234
0.05985630602819701,0.05348133379085036,0.02434559800631126,0.13137901611277913
0.016188298018982084,0.01488132674277048,0.00885450485411626,0.030893379273050386
0.027667470232289642,0.027205998524955262,0.01937643100243249,0.03859900748271751
0.028577737476959977,0.027956928140550105,0.0195395317564335,0.041229914246860816
0.030055774852384323,0.028819503566075433,0.01907064084118857,0.0483871508797506
0.02247155567818781,0.02125903675247627,0.015366133748389377,0.037592538083366385
0.033652544747667164,0.030918656589087885,0.015799386268722855,0.06757837966686737
0.04217438813738918,0.041003697537894734,0.027333530674905057,0.06368071569475907
0.031189921392653315,0.03019533867158452,0.02071155652793437,0.04747267783467427
0.037988839853410755,0.035777332692449454,0.021927296250849018,0.06692473944176466
0.01621442938197885,0.015573841218806578,0.009324503732717917,0.026872320785055272
0.024002433330467716,0.02165674463424188,0.011612950995059122,0.05049559725750728
0.03591261772441296,0.032872968362369456,0.0166695809370494,0.07273244498949455
0.023941059388573684,0.022738650893975632,0.012858352056158985,0.041887947085200106
0.01802556386404926,0.017550339522702487,0.012959939183493608,0.02503245999845318
0.03449843781840454,0.03247461642114629,0.0174123171654077,0.0633255277253085
0.07767150806323433,0.07671241224809949,0.05538405664598903,0.10565081177243775
0.02542704006434338,0.023063772175203914,0.012217249167017503,0.053006446564249646
0.08081910717738884,0.07244659793776406,0.03159541456442731,0.17917566591832879
0.022805133767897827,0.022391627618243648,0.01636784194738865,0.03166957325535853
0.03393973150858066,0.031349210830667495,0.016349346965774034,0.06666653750639294
0.025429299610155467,0.02462497837260561,0.017428726031457047,0.038117920112401435
0.03842683992223379,0.03495491694115321,0.01731325314449919,0.07973690368608428
0.01904946808245023,0.017874067330704502,0.010282824398692655,0.034788650519257114
0.023495951395882207,0.0230568897460303,0.016420362202687944,0.033140832964025084
0.021690418686118797,0.02019755436836252,0.011280918071811174,0.041033782560028764
0.028613953785825343,0.027047980320033048,0.01766562515615167,0.04896866555666268
0.02678846810240813,0.02552719813557351,0.0144450437530122,0.04643117429080912
0.019003836128733576,0.017931429990492406,0.010311369730295334,0.034074674354185874
0.031497976218322045,0.03026679931583725,0.019850116025827015,0.05048951135657447
0.03268926839963854,0.032239072100943,0.023226689336428703,0.04477772218750903
0.08398059343235208,0.07645737298408556,0.034656183198161966,0.17696142974680532
0.025150550415417177,0.023320900403111782,0.012637738121856456,0.0486103966856484
0.014601677531003575,0.013913970316900863,0.008447933479701769,0.02413273534876154
0.028891410811137722,0.027560783871981666,0.01811868027013925,0.04769788587740722
0.023283938001037424,0.02161578111201755,0.011875701866487634,0.04442408570940979
0.02084644617126636,0.018896945130142388,0.01047262356775743,0.04313764569566827
0.02161731515684322,0.020538593809120133,0.011738306632892399,0.037793258555871616
0.02584818959520217,0.024402682364521172,0.016926326425879826,0.043699452574967344
0.024859396615801842,0.02036241175718325,0.010582021672163336,0.06736359929410676
0.01935380734512959,0.01821058025199785,0.010468525024839285,0.03502852485815565
0.023375924701338924,0.02060722625024447,0.01098589961432275,0.0527592657799101
0.02236296045312006,0.02188550243685204,0.015581356133921469,0.03193760299291298
0.017702549112824487,0.016035049573804153,0.00930281528297119,0.03658736979318174
0.0333461095902692,0.03288240187205232,0.023731991904701474,0.04561337468289728
0.023003975025878545,0.020922285765326155,0.011370833435461285,0.047188287095475186
0.030844366721448736,0.029053992991496344,0.015792612954902377,0.056395263799974955
0.030000355546893138,0.02838034255053848,0.015661572493289706,0.05382244936722493
0.013789735219669187,0.013401815251665396,0.008235964167353468,0.021609126580281104
0.024920887582741393,0.023198277895033273,0.012719837194666607,0.04722739863537659
0.03514874715895115,0.033472908652428184,0.021296587919052142,0.05878667972745915
0.03978280897041361,0.037409344217836024,0.019885667655871825,0.07335629928256013
0.023044424668289404,0.021723370568686957,0.012201280281077692,0.041484205320223684
0.04134372676710908,0.03926001177905443,0.024661598508553328,0.070179030168781
0.021636723726680285,0.021191727274302297,0.01519361643616061,0.030674610792959224
0.027937342920269826,0.026884259003124217,0.01803848748338009,0.043951689573698945
0.023213913300587755,0.021666639079618483,0.011967069444767988,0.043577375470060055
0.024058766944958728,0.023561139122580274,0.01704744706098698,0.03400257942634692
0.03408758744909429,0.03025393868489438,0.014827414532463615,0.0760039687936428
0.028580605018796414,0.026755604300036054,0.014444432316968113,0.053418687139159406
0.025474676278201373,0.02504307696362992,0.017902267720625933,0.035479855168340076
0.024519860495828234,0.020154814377403817,0.010526774969582037,0.06555076163149405
0.019416385770655305,0.018615990949605567,0.013420482867618272,0.030193822976609625
0.018615153283062708,0.01722594525273473,0.009874493911615826,0.03594153996963865
0.024130431424791023,0.022800135826141668,0.012700470465307591,0.04324125836278138
0.02971878041173331,0.027454910632687936,0.014433399579592785,0.058411025899162174
0.02637310743923661,0.020548869165093377,0.010516807125553532,0.0789839447976071
0.023388104197777083,0.022604112237430536,0.01575376834868912,0.035555608986172244
0.034509035624468734,0.03266502519388269,0.01793485584624263,0.06163348266409308
0.024045285221140144,0.022098399147566974,0.011952959039370742,0.04776761267608697
0.022390919250114095,0.02188999670910724,0.015567069167730482,0.03204792676598733
0.034398609790022634,0.033510297602630225,0.02308058095577511,0.05079385462156105
0.035045103338577285,0.034482737890887,0.02459162586202192,0.04873017520193754
0.03086617639332687,0.028330167526811955,0.014704552818764927,0.06177976519000394
0.019420159885314106,0.018595856359470142,0.01341969453330435,0.030404067262951452
0.03409639566240922,0.03271774584415746,0.01882776201555957,0.05720081215702462
0.05273014800305943,0.052073003862831695,0.03805611305139956,0.07121933562722856
0.025098376606219077,0.023717286478199224,0.016562645895813213,0.04218524906461603
0.018767822062315483,0.018044559202747782,0.013172349795952604,0.028135589771767316
0.03432520879444731,0.03371018725894245,0.023729727558683522,0.04835973923343006
0.028828681958448885,0.02833011289934971,0.020410196367245028,0.04001574851149101
0.02435185112389197,0.023839386930178594,0.01725915600278221,0.034297638778469995
0.046317840928516714,0.041324807731378546,0.023122849796107663,0.0991219648009643
0.023895121924896907,0.02237005123329747,0.015214986965379523,0.04182791290879977
0.03904165593848388,0.035138455838192625,0.020128777771065632,0.08145329137646906
0.07883705842032322,0.06859414071839007,0.028229290626041827,0.18929599103576422
0.021999661236601197,0.020737924076428917,0.011697043064326739,0.03971201938045003
0.04038380724063529,0.03936967646417315,0.026489928690332395,0.06005213359756328
0.037524401880663485,0.03326511341195321,0.015777213816725935,0.08429324745947417
0.021075740409461256,0.019995499886710073,0.011410362578084839,0.037174399433085724
0.04202417529981638,0.03926462885657332,0.02048374354717174,0.07960548539384006
0.02991009679149111,0.029449678319390334,0.021309582102766886,0.04114685562389218
0.038892009529264304,0.0379887769649129,0.02608529314472195,0.05683035032940461
0.024377666548431834,0.02297311425769913,0.012753886312089159,0.0442896413484377
0.045847602377823225,0.041764243892540916,0.02009153715620777,0.09472907078001598
0.01934521400192164,0.01837516530067663,0.010663161168985585,0.03367236183442481
0.022316850105941984,0.02060370948357268,0.014321238903217235,0.041321351374349155
0.01733614447946814,0.0171469827876317,0.012736195298943757,0.022958657645911387
0.01734249028044599,0.01715752876462969,0.012741347928608848,0.023025235490256566
0.020624567675206644,0.02012746571400992,0.014940798105743348,0.029199396233284446
0.07258274773267676,0.06906420902621085,0.04120992299341974,0.12397660619317541
0.02519618857862243,0.02014494323288467,0.010448391994257978,0.07261603398878232
0.03650629958793909,0.03438127587768991,0.021922160249596465,0.06363987770740184
0.05088384335317147,0.04944461723497658,0.03271397556698793,0.07706605777819808
0.036458741377773544,0.028017602404492546,0.012590910892257822,0.11231764702677094
0.021222829366855735,0.020256087715905535,0.01170241035587958,0.0364322873770143
0.0314222538022248,0.03095866911547169,0.022121614132450895,0.04341188274011551
0.059188154383848196,0.05857523015155714,0.04301794788039206,0.07895031762649826
0.037641832999344205,0.03399527235617224,0.0165989241178588,0.07975757241269647
0.01381328755552864,0.01339823589091375,0.008264278614477549,0.021648446632835324
0.025184321792006657,0.02434757121814901,0.016723752386569153,0.03850316752114708
0.026927700664112195,0.026240191749966064,0.0182412527654722,0.03952740989218481
0.03585538292397272,0.03516627961102507,0.02482250581313117,0.05074213831455772
0.026219820264565798,0.025810356683033372,0.01857950924855106,0.036167530790560225
0.013791788583343057,0.013395847323670378,0.00822021965285709,0.02159245504499407
0.013780896408166328,0.013386573205148623,0.008232601388665654,0.021574109928715585
0.013785537915497128,0.013401959541475461,0.008231375662668435,0.02158062257865378
0.0240047064547173,0.022268795682506917,0.012161458958372265,0.046215199647034015
0.0348539030801335,0.03194378783461197,0.019261468685364026,0.06754942395155435
0.01945942522659478,0.018592392868529834,0.010851143244366361,0.0329985371691876
0.024506705978203126,0.023801092514217505,0.01699209456242559,0.03629316647881635
0.020831903886978285,0.01841071238769597,0.010166508728656482,0.04637437394519023
0.024494598737028368,0.023465481164556115,0.015969628313042075,0.03906303329506517
0.02629892082755391,0.025907207044901043,0.018696293159671907,0.03605852567916219
0.029971703725329906,0.026003520632580886,0.012857556745709018,0.07131117752153283
0.031080276566003182,0.026273550466848934,0.016093950317845614,0.07534988147005749
0.022044444629802106,0.020975558316876676,0.012020023262818286,0.038162202692585676
0.013798496852850207,0.013412647722456927,0.008242631830274263,0.02162839868634591
0.02093396183692396,0.02037239545609094,0.015015713108835121,0.030189966204534412
0.022229210283935152,0.02111703175978872,0.01208306267752403,0.03880356148286727
0.013780270077227107,0.01337808132982497,0.008222770671953462,0.021599910544690435
0.0356827869403083,0.033105758273995,0.020083997271255826,0.06646615244054084
0.017341510251775508,0.017167235157193674,0.012758290123230681,0.02302039978209539
0.013809034453337504,0.013402565958829125,0.008270261571359681,0.021654764190837367
0.01958550158944904,0.01700480657976669,0.009577678267467707,0.04599574658308836
0.05204362518155874,0.051425236705762184,0.03772433918761056,0.06993319360045953
0.01378323440082105,0.013384462121132482,0.008235848319561275,0.021578879967731467
0.017866739147058566,0.0162892275048015,0.00942339539803009,0.036002830211335796
0.03150609838274571,0.030982378638594325,0.022286876305986893,0.04368197795899161
0.01913934606779903,0.017980586392256394,0.010297443634141734,0.03495572904957781
0.024218596785614374,0.019372906014661802,0.01021051068647099,0.0691577167268753
0.027669584783870986,0.02590432029813196,0.014044569626020468,0.051542124752855994
0.02640868718709259,0.025891448552630147,0.01828287984100548,0.03750554312339679
0.02741513928810655,0.01921842555761802,0.009967585543328111,0.09729251808560736
0.035585652320927065,0.029683386853883498,0.0137048628747183,0.09322313203417815
0.013788623912399956,0.013392109926672752,0.008254294394715684,0.021588217888047358
0.01732042052922529,0.017122170308384713,0.012756548082809412,0.023023836425915337
0.013797579979263775,0.013399455642342059,0.008248943426851263,0.021646012409190927
0.013811938112061767,0.013425998044555257,0.008238295178142377,0.02163241207825344
0.06153870101156087,0.06091305009095737,0.044792588216278115,0.08212202614725295
0.02614187096587207,0.02365303024886005,0.01241667437731667,0.054867254267396234
0.01957723275894906,0.018591639716910274,0.010756036228224587,0.03415562119657339
0.02663109207994362,0.023041544921396623,0.01181556790330933,0.06331370531798884
0.03747471889383756,0.03701366222605634,0.027328955314970454,0.05025568734151134
0.028857837632391508,0.026730695909080948,0.01422686945234279,0.05597282835804898
0.024439311400292978,0.017691221647661674,0.009580456189540221,0.08317209575097556
0.059878516984939706,0.04910393748121977,0.019232832747272433,0.16480130056111558
0.017257718998501023,0.014964342646205258,0.008801257450487664,0.03891278475336377
0.01378118750377156,0.013369433914631891,0.008271340963487006,0.02164279805286299
0.02421075778392868,0.022275115443962292,0.012048077956401972,0.047784385271250146
0.03880128522276534,0.03786154532526523,0.025778473534786857,0.05709567009732865
0.013778671594611304,0.013401327932646551,0.008233232647470733,0.02155153692706893
0.02789644364139582,0.027457057311258123,0.01992076367096765,0.038480792286294314
0.028520358585159375,0.028163962480713907,0.020560241349523136,0.0384562801915305
0.03062356034278165,0.028091155685739246,0.014515811385206755,0.0614376075618695
0.04098244139802319,0.03916345232542805,0.024542561897675032,0.06811935857283585
0.025348669550325154,0.02384540452844682,0.013174917550061841,0.04645021860959281
0.026431226780059297,0.024701811809310678,0.013412375903067262,0.049468151351681006
0.06450314223974982,0.05474249308392343,0.021978232631252738,0.16429733832895446
0.01801826806111786,0.015472342266224567,0.009018976955997161,0.04237327015945461
0.013792547188153167,0.013400679951438267,0.008252076393222273,0.021622407858730597
0.02866015101069798,0.028310007998776227,0.020888880436491765,0.0384354843725781
0.03332052042206602,0.026750309883864443,0.012458348731962197,0.09440896807519722
0.017508553546970253,0.016225895364024356,0.009418281440130207,0.03335229795305407
0.018765736661967725,0.01714990362993484,0.009803937587423914,0.03777732374737635
0.013803927277481214,0.013399470826914218,0.008231398977691894,0.021637986340940767
0.0424780548347622,0.04177190761593559,0.029819491977489246,0.05889214048078918
0.017347236248329845,0.01716737333282278,0.012751743404713915,0.02299830259895816
0.021531440956302668,0.01976757613947651,0.01097300798339266,0.04250257979665961
0.013786337863559397,0.013397753766732436,0.00821402424416962,0.021589961214637254
0.02156714856911499,0.019551974683460024,0.013794146132672944,0.042253876184550045
0.022647254174274167,0.02036443289817156,0.011011998038605593,0.048020042449122016
0.019381397355115567,0.018187374886923992,0.010378304037818963,0.03538982205086064
0.0345842506743465,0.03387211203571786,0.02354079261386573,0.0496590700983873
0.03399763865505257,0.033159722606906646,0.022604716956553778,0.05019490016443428
0.028854749230986687,0.02713801833216442,0.01481575747462669,0.05299557232662259
0.03385500583171155,0.03311327294210007,0.023070361475848594,0.04900173244681766
0.028684413346313536,0.02572872992121772,0.013194508811429174,0.062101349290032214
0.013781141563929927,0.013358176357710364,0.008247464129226454,0.021640749332670017
0.024804527180600545,0.021407848229508426,0.011176104610429572,0.05945433972000417
0.013813515120783614,0.01341034170271821,0.00823943421058089,0.02164485941325697
0.026694620314966305,0.021183898229776933,0.010789057940019066,0.0769926578883058
0.03450658105007251,0.03319456980455729,0.02166668185412496,0.0550039016095129
0.054696294659759934,0.05405153436092869,0.03988244942185492,0.0729405109306644
0.0358668242153315,0.034880523685380235,0.0234297676651837,0.054055801405315004
0.013784327363591838,0.01337120243293008,0.008253471874572727,0.021569047446921785
0.0137937550297129,0.013402502910526488,0.008236006629250071,0.021626122231432683
0.044649160528322844,0.04371406679739306,0.030418019479771893,0.06423431404727267
0.013789364630893204,0.013394806444439102,0.008229569914136698,0.021615046844709742
0.02910321062044973,0.027817740142424278,0.015835163342113594,0.04952381349575486
0.026535896208785856,0.026206394765321696,0.01920300716544897,0.035772784907786084
0.020182146548741994,0.0192780452678326,0.01124736563367186,0.03431035074137373
0.030772694414024054,0.0292843345907587,0.01905055142660066,0.051080276384975594
0.0185222383531022,0.017697817216843055,0.010406939183625862,0.03139135173957874
0.03010264783036328,0.028208992626845824,0.015149549373949108,0.056106419515940684
0.031120341183304836,0.027092541775780143,0.013390285341841866,0.07301755649070119
0.02001533817723085,0.01904978959152768,0.011032295863729823,0.034499723717419065
0.017351223448603247,0.01715883230876431,0.012765274909214783,0.023030136544724317
0.03334937995179302,0.032649361402450165,0.022959886492128594,0.047705060151033075
0.026434620873862832,0.023539588966695058,0.01221941823427038,0.05825174044325335
0.01734687464145071,0.017155530421060508,0.012758356403366955,0.023030956307581125
0.01378784241625231,0.01339709098301994,0.008246484643721082,0.021620645657019263
0.01831087567149071,0.016432903933888555,0.009456113898683432,0.03879928597757466
0.014653995536815678,0.013972292083231481,0.008509738430521645,0.024230948316575542
0.013796536005901177,0.01339237329658053,0.008246054344167855,0.02161663545541805
0.026891865589511062,0.02649820431984589,0.019108240134139955,0.036991294648474046
0.030147370776077913,0.024862900070824548,0.01203502785030719,0.08056790796597828
0.03145573560901701,0.028732521627658145,0.014795549759698557,0.06418808570589134
0.02982641419584845,0.02932837361916204,0.02105081257196538,0.04160390875139375
0.02034831097795726,0.019772817644081113,0.014210124042104748,0.0298269517878025
0.04795459003540159,0.03821630907670938,0.015615541728790696,0.13815046592785235
0.026295432430598197,0.025866589074524354,0.018816465021727905,0.03619608563896455
0.023361481372092614,0.02263357329721087,0.016277001356497612,0.03484375632349137
0.013780460896913453,0.013385569963422446,0.008249634980940798,0.021557480061602297
0.013794143833865182,0.013388984654964277,0.008248885972154145,0.02164102001685434
0.034972498080309396,0.032779283726474165,0.017362182725960275,0.06538830814662626
0.02425678600590181,0.02024531739609965,0.010645239172471722,0.0631067275816718
0.01378277422219929,0.013384105544798179,0.008248218116125196,0.02161559949510665
0.11190533198501469,0.08360611082141922,0.025280715767971702,0.3688971445904261
0.020021033649823286,0.01841473800099936,0.010359739981707656,0.039456152507614785
0.02058859882960338,0.016811070049029132,0.009418956490195222,0.05626355423541675
0.03357544230894212,0.031691605321203506,0.017281965576241492,0.06061184464852583
0.02505821523843532,0.02142974269777978,0.011122911574645351,0.061435010542540566
0.026676969150155088,0.025366345916642705,0.016907209573737314,0.04433288762185793
0.013809000399924243,0.013398109634705325,0.008266846571831651,0.021657392232980906
0.01573148136867877,0.015151682076334879,0.009130639273290952,0.025622376686494232
0.013792503695898982,0.013400532562498645,0.008245344160157467,0.02159208537912251
0.013801683330593853,0.013401142186707229,0.008252030341409764,0.021689322680016977
0.034660081754368265,0.03372443164074948,0.023142764685124533,0.05159749189553042
0.03991290580648064,0.03549203363830539,0.01683412710995601,0.08881917306232337
0.02308186574511919,0.021643830371054707,0.012094403308620482,0.04267985743827648
0.01379085680593901,0.013402660820215507,0.008244752122629624,0.021607812915143933
0.03512860074765038,0.03218628148990416,0.01632734607779528,0.07151402303521376
0.013805967691696962,0.013413471824027141,0.00828744049822783,0.021576294340040717
0.0337846893507284,0.033251312773067185,0.023627455952991178,0.04697989519224644
0.03239848270605996,0.02934776792181809,0.017941542282809468,0.064906092814708
0.05756761464999159,0.04995686244702911,0.021256104480939772,0.1387007006171344
0.02888023450477474,0.02845254761829391,0.020424122112834054,0.03973221543525917
0.01380794154427712,0.013410806761762178,0.008240619283075219,0.021631683619756533
0.017538176351756116,0.015905050228160047,0.009229417036577888,0.03588445830735196
0.013780867184871199,0.013373622404390231,0.008251285946800748,0.021624071623558117
0.017347727005138043,0.017166269780614404,0.0127528871348269,0.02300872499110452
0.01378302086305903,0.013381546732967417,0.00821237892655476,0.02163281547701033
0.03932672297147493,0.036232113031203675,0.01824604006296473,0.07835948472747985
0.03109406722568459,0.029726659190347123,0.019427938927536206,0.05070884106471959
0.02286958235770205,0.022481401310189872,0.01646470970143421,0.03143323268845226
0.013793917358825566,0.013391754933221735,0.008262956343980462,0.021560851773094254
0.02792187622339808,0.027311961800820073,0.0190749559506995,0.040343160695659054
0.029515102837710087,0.027132765613478313,0.014108796218897655,0.058915098726662986
0.025047584540652007,0.022970441004572992,0.012370065287116457,0.049941559109472795
0.013788117232953095,0.01339924320838468,0.008246729728218155,0.021647821948947883
0.025483188954945432,0.02367042565610522,0.012845414964915858,0.048655428843769506
0.034393505318678706,0.03394002251075827,0.02464063150774153,0.04690439503308781
0.015146188904858594,0.014229340004038261,0.008613802500045845,0.026241892534472316
0.02746283740914016,0.02504810046135813,0.013144999214629749,0.055764643272618895
0.013779645292126904,0.01338329071111364,0.008251682352859759,0.021510406164503677
0.020821044906551373,0.019904752663724285,0.011511232271638182,0.03513987597195238
0.02831629997798448,0.02673430141550723,0.014767415769972668,0.05099054544688604
0.028385931971561335,0.025607550787414987,0.0131946913784005,0.05987700417905155
0.026871925958834905,0.02492900471919829,0.01337015087998045,0.051551690056492724
0.0338283126991967,0.033279328017867205,0.023625785483152653,0.04710138819061487
0.016644988129549766,0.015074213839200074,0.008907017304956244,0.03359187811912165
0.021851078256297205,0.018939203577710458,0.013476176152249579,0.04840198893581569
0.03179888258582547,0.031089959474457703,0.02139030523525578,0.046368954682589496
0.023033712902624806,0.02173097547024217,0.012238489543312536,0.041577546464955255
0.023097718340813245,0.021856252469233436,0.012306863097804292,0.041100922389387
0.026340692367692528,0.025795931336339388,0.018496882945282435,0.037371697180212535
0.018440746276710985,0.016399859449067328,0.009430006976085847,0.04051287720771123
0.013783160184912616,0.013385158066807012,0.008256183945531997,0.021556399701306024
0.02553785388205033,0.023888174808711235,0.013160750447464273,0.04743759838011517
0.02836671995364761,0.027919930151889316,0.0199498802365071,0.0393210396713153
0.013794952940270841,0.013404539935805525,0.008222183434804324,0.02162181528529646
0.027161359783125963,0.02431923668676895,0.012553808047965779,0.05883532051110495
0.029939017886951493,0.02930369497206079,0.02051388051572946,0.043066379700895024
0.018866551943123158,0.015829325040057046,0.00911913422643824,0.04810346172817417
0.01376972662088651,0.013374506289670178,0.008226499468607658,0.021489297909801284
0.014722279629468475,0.013937057347524947,0.008452564448890776,0.024637115515597486
0.013786832539021666,0.01339861599453017,0.008213688537799394,0.02161283374206663
0.024843084194021193,0.02039364414157674,0.01061855703446911,0.0669225081605303
0.013799118161017903,0.01339523599455916,0.008252771067826441,0.021667438146661954
0.03944239838109692,0.03479001558802672,0.01963516626627655,0.08687664316867015
0.030992690088789805,0.03002156460019871,0.020586711512000953,0.04710249602035795
0.02245071305572923,0.021243379751674323,0.011982767846014888,0.040061148438092574
0.020641676600062674,0.02029467780620243,0.014670693474436928,0.028647036327853006
0.03647856424849747,0.031542986249647895,0.014774465749839916,0.08773045756366048
0.032131778966483525,0.02710660215845881,0.012981101402072615,0.081286312961569
0.03017484561088781,0.02852770513618473,0.01901129327406935,0.051108293378375844
0.0241408632107806,0.023547909272437953,0.016560008436080645,0.03506624763448346
0.013780614368332826,0.013376281964219222,0.008263450820039996,0.02154830510457226
0.020506495061808887,0.016399029179454943,0.009263189499749244,0.058159890452419566
0.03653137873804183,0.03292797416685141,0.016299388227651715,0.0775347731550846
0.033581578071486144,0.02639450318485948,0.01220482839311635,0.09925296933339564
0.02168997299301135,0.019340456669315196,0.010548652016408698,0.04721116791663748
0.013787539879862068,0.01338943439575536,0.008261326895952862,0.021593511975054793
0.029423210759972396,0.028854697444508588,0.020262106210383796,0.04184515801712239
0.02720452100943829,0.022544835258057044,0.011370616231002018,0.07216645804618577
0.017295713601044965,0.016435073192008817,0.009717078094573629,0.029835310560166715
0.02359330991396358,0.02032604277389325,0.010793699281115302,0.056260319791172006
0.029957912756680413,0.02031351757687161,0.010222644816765235,0.11038913474073105
0.013804491471063064,0.013407415617098257,0.008214659181980085,0.021628078152665563
0.013822512703497129,0.013434009179392083,0.00826894326830473,0.021617631796333327
0.018685759146238046,0.016115958767970527,0.009207713498669674,0.04453544182396552
0.05561941298918293,0.055012262346532295,0.04050589457182286,0.07418621306146612
0.03237444945625932,0.03170042679781109,0.022027506133862916,0.04667315973804768
0.013762896647440112,0.013364747360177502,0.00823603207312935,0.021580080071141407
0.013797796426789194,0.013399222352781228,0.008258833004519952,0.02161944901704616
0.013785511187917784,0.013410368616440165,0.008252283863307596,0.02154019956691001
0.025695397595240102,0.0240016232988028,0.013097825729944022,0.04810192736552546
0.03056552986388556,0.029784719959867416,0.02036089310960537,0.04521513716279042
0.0869140348932214,0.08590868338020863,0.06264414800003744,0.11719433129803178
0.02039523115235507,0.018335281175429187,0.01023787760772872,0.043067697984158666
0.02819259815189879,0.025033719618829643,0.012819404748100758,0.062247585388015315
0.025064746786841233,0.024492289954234747,0.017196075554276418,0.03631654072704127
0.013794616487747978,0.013407146013719277,0.008221195606609213,0.02165392883881746
0.013792791167029698,0.013392127862245955,0.008223407938417285,0.02160680388387858
0.03437335127798226,0.03141374614489254,0.015856125519570226,0.07030069552183031
0.021463419288971615,0.020488867015867652,0.011875299060173495,0.03640114592188511
0.029178068316587105,0.028539814175123482,0.01986237247839836,0.04227693515228541
0.024771327451562748,0.023557569690768967,0.013291106974912247,0.0432941690293974
0.048796986761762855,0.04531925707385225,0.026541127815481402,0.09068175648018931
0.013777762590035313,0.013370162362729478,0.008217629132840713,0.021550166159986037
0.02530643204116188,0.022384626907455678,0.011698433508596388,0.05677886355389856
0.02322273733489361,0.02285382390232049,0.016551548843062706,0.0319490579995168
0.024243420971389797,0.02298889709514291,0.0129111492502026,0.043065059286658484
0.013792622702892431,0.013393168846936511,0.008246767347071856,0.02159831859319574
0.04461770675041429,0.04367748739147072,0.029656706467115036,0.06495252812444151
0.01734423576175313,0.01571244390337299,0.009132116039010462,0.03542582415677394
0.02019173149276122,0.0184114622703126,0.010282397585519241,0.041112390776148644
0.03940486705846894,0.038892215809662234,0.028352477118182465,0.053299592167852704
0.030036546907134528,0.029306674901493204,0.020557741702726576,0.04364568344439195
0.04056159907350442,0.03565637727901397,0.016599660747430533,0.09414319722389794
0.0335566020974258,0.032667001258268796,0.022526164699440184,0.049780313256090176
0.028780081725187052,0.025649136760084512,0.013067772026103895,0.06321654134752136
0.013790637813432672,0.013391847064088802,0.008232458423338805,0.021611475530205093
0.01630541258975756,0.015099376175289907,0.008982795505818535,0.030585782747563215
0.02068316420331228,0.018170094008877494,0.010056201357630929,0.04712633873307238
0.013784386034608322,0.013372353832568405,0.008280969799578465,0.0216517132092293
0.032935851105609,0.026191420146751854,0.011953505930441182,0.09480152592635652
0.02224375495026111,0.021163244212942675,0.011712086342395126,0.03895030683977869
0.025500531573961774,0.025053374423740896,0.01781503029921896,0.03567384814457031
0.01679123796806795,0.015433407237813345,0.009037967730631908,0.03248602577857854
0.013787683855557583,0.013384770885459713,0.00825324010379713,0.021607172678716754
0.026348960151099592,0.025969148677563267,0.01859955831311328,0.036327445712312556
0.02372486196040506,0.022357040926618485,0.012046905662628766,0.04343759335858833
0.04249247317333716,0.03696479173956554,0.01502898451098105,0.10247858861162036
0.021665093939244557,0.019882321152311408,0.010845660614132212,0.04311745940060073
0.06084155804409717,0.05115929681166555,0.01724780414384472,0.16094913244878215
0.015780978118109877,0.015185961875732058,0.00910256971546613,0.025879108748083853
0.021582616183305727,0.0209287444937296,0.014842251861523404,0.03216296080493704
0.01734369528901257,0.01514999617216764,0.00888916746937159,0.03855907487568569
0.02311296381825396,0.020196141549479293,0.010682297612937335,0.05348669303960777
0.018697210351218255,0.018053538134907118,0.013171365216998989,0.02776027611731978
0.013778459171957911,0.01337268579445933,0.008214329990956223,0.021620831584690678
0.027089493230194963,0.02329964567887651,0.011497794695367245,0.06585104732582096
0.06331710458375911,0.06255460317474465,0.04558823918389973,0.08518869410587088
0.02490118833223337,0.021978634880535385,0.011303368750499341,0.05584092068104126
0.024597663841051037,0.0229307844624451,0.01209953169485592,0.04667298666715097
0.024100198118182526,0.021770287322151423,0.011407095866639003,0.05068469161348542
0.0305151734453975,0.028556743310817402,0.013849230644584445,0.05866892742350738
0.02860884160522698,0.02603402917342141,0.016002652659996244,0.05812272590927345
0.0367790732586871,0.03333997087854329,0.014656858976699418,0.07881200216883232
0.027725826589251275,0.02725604907796775,0.019345293001645333,0.03875083798356796
0.025375459636248685,0.023433580044527225,0.012207458365276484,0.04982974761446921
0.024979106884965577,0.02453128142574095,0.017421119646990717,0.03512806841097493
0.01379731622411518,0.013398525132373273,0.008233409273744875,0.02163750179067219
0.029813308472295713,0.029206863683116542,0.02030819622911983,0.042731396206164986
0.03743752770908297,0.0359163115284632,0.020491822370867302,0.06325738059491978
0.033557669898356554,0.03181886331009348,0.01760582581947802,0.059861266134744004
0.04019629034389157,0.03796338916139684,0.020533744734606937,0.07287421613360028
0.05764435532254155,0.056484768371555305,0.03676451463030683,0.08526466210147923
0.04152337787242533,0.037100557852245086,0.017531722600529445,0.09116039056376116
0.03541513420721004,0.03442553820825366,0.02282165516898498,0.053617206285179846
0.0719731717992482,0.06881918943308124,0.03953629968428923,0.12342466583001718
0.03932179193796528,0.03727467622477837,0.020260544772516872,0.07035361996725327
0.043181821052705106,0.041009266373137676,0.022374975445169025,0.07653019619700706
0.0289953317211417,0.027608881910580318,0.015524012305107858,0.05050532609284811
0.030494999799071408,0.02935390087161328,0.017133897848808703,0.050343322940197076
0.05341041705067968,0.05111108637207111,0.028770106876958287,0.09113237366703023
0.038851405077422914,0.03713154556548169,0.02096432612696462,0.06675825537027193
0.048109807954557854,0.046120493522359446,0.02630405392767687,0.08079415111036205
0.02008797136422307,0.019162478337795195,0.011098793575651304,0.03442834445358631
0.03560712058556935,0.03479959009978152,0.02375384846494597,0.05209239603234424
0.023335171317371513,0.020667499535772946,0.011079540790981902,0.05170232306207388
0.019073620975466988,0.01889223015099275,0.014196339940238542,0.025006233576718318
0.027687860012849373,0.025903949081015544,0.016942470354872296,0.049054455134296196
0.0251654726476523,0.024071329705132587,0.016425343338573067,0.04043815959398692
0.06310216446767268,0.062288007047179704,0.045396757292947294,0.08538739164695901
0.042418025368295684,0.041248005523451876,0.027329223360580232,0.06414920843186703
0.04362556703389988,0.03577896576573854,0.015344347242881702,0.11809150442341397
0.02786811348690854,0.02725426577667537,0.01899808670865906,0.04023623957661868
0.021204223962763332,0.017629513191921437,0.009687333038225972,0.05521481698293826
0.019856755849175598,0.019073115188281815,0.013730604676353272,0.03085009812552024
0.017491868896549703,0.015987159927034447,0.009298925665905148,0.03507076071713855
0.015098514439150392,0.01421442073508792,0.008566006852751175,0.02606676694440835
0.03873730757126238,0.035307521474641404,0.01746891452491556,0.07962657135881457
0.029526582830526005,0.028750423468402432,0.019674363287778183,0.043892069839098664
0.030447563255541217,0.028586148272417518,0.015486674782372936,0.056464473938108356
0.017183660131978407,0.015860097632515724,0.009292461653218717,0.033012663790710155
0.021300099756682466,0.0198908026347345,0.014675340455326329,0.03530673722460647
0.02286413889860795,0.021442541418920897,0.011971400106437302,0.0419660368004155
0.04372616320030211,0.043038774835025315,0.030599846299484104,0.060772171626231275
0.07362855548834686,0.06917200060834532,0.0390818285086679,0.13435949673997316
0.017345947366994234,0.01714780157922709,0.012729887065621205,0.0230184642217109
0.041577640071393036,0.0401956927758056,0.026628355572411562,0.06456341120711076
0.0415574330210278,0.036426630649311995,0.01666150483626769,0.09600340747282772
0.03429277214027918,0.03072377064597409,0.015159106665305632,0.07455399970644795
0.026634737154445975,0.025028996247022317,0.01719877568411985,0.045947537703423094
0.034234100668664585,0.030652390090121454,0.01502625735930622,0.07434533742079781
0.04026775315954276,0.039860634217827234,0.02959976712488439,0.05335318282623629
0.03209651038398396,0.031288465213935815,0.021715467012590514,0.047232722948686426
0.032845282816924774,0.030488007892887883,0.01887608045923546,0.06081083691236385
0.025280296161806614,0.024221181548759914,0.01651122849490694,0.04037241313001105
0.029328504697589436,0.02827711464599974,0.018930129358959807,0.04589173875136811
0.028570916251855684,0.027977523655210314,0.019602116921606825,0.04084333723567278
0.02601907668197596,0.024032008200234652,0.01587663325576928,0.04832145835169571
0.026460066025681087,0.02513378108975672,0.017409767310969788,0.043394184435424116
0.048030760921642185,0.0445462273762232,0.026156911476059214,0.09025493896709015
0.020644386136286812,0.019277778729474046,0.01092275229902548,0.03833927350458253
0.019994522453583217,0.018889418484398776,0.013552074249674608,0.03337018320975806
0.03970854186214547,0.03365168276580851,0.015212472573845844,0.10040670679940335
0.014931374621262573,0.014197614329812515,0.008566634462857587,0.02529691451296004
0.040096545843955306,0.03921612789963516,0.027239849464267114,0.05780862772455799
0.04776375884503199,0.04713239321844922,0.033976499899915705,0.06520041430138034
0.030061560741814243,0.028308448958406042,0.015445806095478012,0.054766187922319465
0.013808430118469476,0.013409461433700616,0.008275146192715568,0.02164443146248274
0.03842114668195283,0.036724170098877476,0.02375483373422937,0.06274528042263851
0.03014041986883936,0.029444734134219653,0.020698389226573913,0.04351897650832133
0.03153250381013005,0.026494942570030572,0.017082251389762104,0.0768710924294428
0.03537413973698037,0.0327250277806232,0.01685066638105882,0.06944235417429587
0.028005421214383923,0.025535721939651722,0.01718964296008784,0.05390086878898767
0.015045242131961395,0.014024382102683615,0.008523922362909954,0.025915460498519415
0.01938125561014514,0.017710198661106038,0.010003478350081288,0.03908373365771773
0.04277880520320876,0.04211479001691916,0.029980095358513432,0.059390163322255114
0.02221292972459527,0.021002120767320366,0.01187432181097705,0.039553536718705026
0.013794918555577556,0.01338037492247907,0.008241785794275189,0.021664887065247745
0.01711873439941923,0.015506971808730492,0.009057028428912076,0.034973394771587035
0.05544753282102015,0.0449617803978752,0.02241586397395053,0.15128814206398167
0.027613618814203624,0.025658950976722873,0.013759542570567725,0.05265963500703799
0.04376287970021129,0.034652507106945285,0.0146062247926324,0.12798356566350355
0.029854836016033618,0.029126237215889306,0.020142305463790224,0.04387762907017192
0.052067315935478344,0.049183245019161353,0.028855707508856247,0.09199077918271638
0.06530812679088056,0.060623112962567394,0.03359037112049716,0.12404914867355514
0.02894379105445697,0.026117456779867366,0.013460284610418196,0.06093277333772595
0.01929502364690119,0.016957662354444687,0.009573302773396672,0.04375411201636296
0.018787183943008916,0.01773006511742994,0.010299542518377686,0.03345026173790871
0.03245583198982166,0.02977763043741821,0.01528676336449408,0.06502352112071687
0.0284956514289857,0.026616342756214342,0.014382856760035532,0.0534377949168972
0.03793201198720164,0.03325000387702771,0.015559684335383829,0.08866756343525725
0.023533495899196788,0.02242422814187827,0.012741931930027409,0.04085214122733213
0.03740950781466848,0.03525256359053061,0.022274841539672078,0.065299778068104
0.04677145808677016,0.04331456507665317,0.021708212687966962,0.09187347647130432
0.03511612926796661,0.03386927160012312,0.022667019529611213,0.05468253888704134
0.032079102373921184,0.031707671996157274,0.023445417852962284,0.042846900053813676
0.03944762431181566,0.03747950096857098,0.023308483837891768,0.06671825699105419
0.04468712748085878,0.03940691172116002,0.022282970164399417,0.09795538771431068
0.017479236033560833,0.015523625081007464,0.009030489004919436,0.03789746115676819
0.031104724757083677,0.03018760028562734,0.020350391124296555,0.047106507782801295
0.03665913773624264,0.033658364472089544,0.017022361622909633,0.07357796365873404
0.029584049827143594,0.028811106800090476,0.01977086215200555,0.043814954358915394
0.01633286552293998,0.015511212986679403,0.009215885865989206,0.02820866330559572
0.02713268758408626,0.02591290208395786,0.017309850168311637,0.04422194850102171
0.03643010211787648,0.03453659653813443,0.018905263100880094,0.06501968381569136
0.0336742845376201,0.03153871171247697,0.01681997942123015,0.06297862949142995
0.017084329851442766,0.0157665204572882,0.009215787098706017,0.03301074655010582
0.043093037308691545,0.04226780839087228,0.029792329223946017,0.06098772509272638
0.03936846696999735,0.038586486582754216,0.02691149305320618,0.056423543376795816
0.05959940076089951,0.053291006646570105,0.028013121471914308,0.12865777808588866
0.01906589809176942,0.01888510709344688,0.014212472846333266,0.024966500292913713
0.0172204401289769,0.016032873587057676,0.009344958899451937,0.03237050501342144
0.03968538080579398,0.037661186412755496,0.023875083804002717,0.06727518637655006
0.031404179640929994,0.030448376394167725,0.020558428354636563,0.04758656666103275
0.028707546342538685,0.026729648880058472,0.014345323205115636,0.05459280251128491
0.03831909230507238,0.035851972165418244,0.01871674647669269,0.07230549343927961
0.03581789897974851,0.03323431792909462,0.01727562649446098,0.0690818706008035
0.02884772409075876,0.028257522625020452,0.02015441236622679,0.040951503129045726
0.07145286019714786,0.07037196996734171,0.050255092757009935,0.09909796549928875
0.04811416538511468,0.04322448762452953,0.023251122386692382,0.10187008575490603
0.032597303067577015,0.026460533741396473,0.012475909679014359,0.09018844038053947
0.03308133590254959,0.032079563275856954,0.021506648965163,0.05040125876678364
0.047121416563969024,0.04646544105428065,0.03356005181087125,0.06447348995984936
0.049543375493678786,0.04635715088507524,0.027478285851135927,0.08978462180567733
0.03208178753726107,0.025249781765243725,0.011902135588603854,0.09509238879672549
0.024562973371347028,0.023194638176552818,0.012914177815687095,0.04421828337552968
0.013805144096015477,0.013401271443762804,0.008232702871357613,0.02162555242367076
0.02501794101470483,0.023268639385713344,0.01623118215266941,0.044855617295633095
0.029981480814933993,0.028268310536647676,0.018926207537033807,0.05105129655447168
0.013772390337117982,0.013367297322149963,0.008251182002664162,0.021589331144216618
0.04713756754361493,0.044923468308117546,0.027998750863327523,0.07915040303622979
0.013793474417243915,0.013399102365774327,0.008240788359827167,0.02161402889072865
0.04795071819376279,0.046943352164557285,0.032452158221582685,0.06913381128075739
0.02364391456924253,0.02298789653643867,0.016078440406452447,0.035056892414867716
0.03980357484480636,0.03723895206695313,0.022965145295530932,0.07150346030009964
0.01377925236957562,0.013376994421559263,0.008267306011442826,0.021606825844127566
0.04048142478120636,0.03897606549739519,0.024937903219189685,0.06460172205929096
0.03185263078152495,0.030185143458386347,0.01994859374893939,0.05359711076880469
0.025271346340047234,0.02319753084736285,0.016097527472009123,0.04787835130909154
0.0463146284154222,0.04291658266200375,0.021487022928752094,0.09044695993922114
0.04399512503672602,0.04326057531913837,0.030655311949261865,0.06156057786744135
0.05151055814658675,0.05073839448148394,0.03633695976832755,0.0711132148252879
0.03724574780322923,0.028622136923946398,0.012699902433889748,0.11415135363377937
0.0343223704741686,0.03287188612600254,0.021664418847177788,0.05562596608486858
0.01906716753762678,0.018871130339788572,0.014251807089697399,0.02494865201070856
0.05350234425082619,0.052097199303398886,0.03479642058762915,0.08024335492705995
0.059360685761697854,0.055883303072127535,0.032038786746275215,0.10705605625926146
0.0802376313078177,0.0790500374986274,0.05593506083376549,0.11146068254683698
0.04272256543364617,0.04172522711215987,0.028174960726748344,0.06292422312602246
0.03734616713551705,0.03531771498613921,0.021945546928037577,0.06466603572369684
0.050864893947448725,0.04838014180032571,0.02920061841783991,0.08677567778549981
0.03304035018216646,0.03238558406044898,0.02288025137902664,0.04690740946727822
0.05106714734169515,0.05046027093844034,0.036666237932217835,0.06907626114785598
0.03870349839292236,0.036345284086805735,0.022161538578330395,0.0687533514893021
0.05429412372447344,0.051227723743740225,0.03042175677450779,0.09577729524530829
0.024438089863881827,0.02344576395840564,0.01605665410149751,0.038605022702253064
0.02064068125376781,0.019323648086740294,0.010952549848496128,0.03815345519709517
0.03322975445651426,0.03155446759668678,0.020087922895211476,0.05604521707591211
0.033123483834967854,0.032654760963841026,0.02330813592938858,0.04556793000462075
0.027721273744706097,0.027135215235809602,0.01898118423085566,0.039822544450948634
0.038039790351659004,0.03631435856922688,0.02008733954595008,0.06593973349056353
0.040053943623263935,0.03952882353279992,0.02878712622113473,0.05429071520405673
0.05359930697459002,0.04566060146328457,0.019196388671875852,0.13509214318392948
0.03306476615723683,0.03232339785175646,0.022314479206240613,0.04811529375271731
0.025586046659328527,0.024889603904917325,0.017261519546695935,0.038004614773941715
0.021852863485022477,0.01885203835986375,0.010202052464097134,0.05265862343925193
0.023155430019142765,0.022609588408961476,0.01602280523281045,0.03332156111484553
0.013788086058888182,0.013397155078600665,0.008241292846900627,0.021600120823293618
0.030514754579065783,0.028692254656053143,0.01550532717962532,0.056115114187956464
0.030077675723228198,0.028635118654554224,0.016058593544132388,0.052116121389352406
0.04750335059386783,0.04516707647342966,0.024157028966314508,0.08426702221898597
0.045321077126629895,0.042738432044891625,0.022528206760931768,0.08317668725588334
0.08517899601347119,0.08421149607229242,0.061886010024615835,0.11405702763646638
0.04124502018555538,0.0405571713323785,0.02853472464317199,0.05790298354263848
0.03782212526805207,0.03528728277324112,0.018267706615646036,0.07188368559059616
0.021168551206727105,0.019901019836330157,0.011286222901694934,0.038602238065919635
0.029686891447797143,0.028379322525582215,0.016137799584924742,0.050443337502510475
0.03290233754300535,0.02993333335468238,0.01516806097588231,0.06818631001776145
0.02440218292748528,0.023301404669722796,0.01334662156127443,0.04175937084379892
0.020016309290916887,0.018886991906879806,0.010787090299813404,0.03589557924915334
0.0497671797385404,0.04643926678324461,0.02340430198965004,0.09533068403915879
0.022810726182950353,0.021051635158090484,0.011539984316091286,0.044283054060069306
0.04030103142525756,0.03986158285850172,0.0291992534350838,0.05415601292613407
0.040084579667713775,0.03828624505217085,0.021233472788096626,0.0691514992017285
0.03886211260847113,0.03827437861552376,0.02717619537799031,0.053854595568406376
0.03197252583692167,0.030003006433591627,0.019643064344851816,0.055785073312019574
0.03907673243491257,0.03862310729211797,0.028396168080236702,0.052328114879188085
0.036842915454770475,0.0363251366276568,0.02610940105036107,0.050599038268015616
0.02200012168532709,0.021567869809811905,0.015419863619836762,0.031049068753763315
0.042774315369800614,0.042121997872485245,0.029835460563898224,0.059344403414766204
0.026820008976415215,0.022086466782898967,0.011202654820974333,0.0719539361550463
0.04250235177464838,0.04096097458927348,0.026326551435313296,0.06775392300089526
0.039819067166865896,0.03915306086437769,0.027554263608923435,0.05583413148658459
0.030381529361703477,0.028775152008302454,0.01585410950265041,0.054080198721758316
0.028466450650027373,0.027966282350926568,0.019821259338003373,0.039963503561784304
0.01938824623601631,0.01804533573030715,0.010258096629559788,0.03650134580872886
0.04546542988252344,0.044339630116866244,0.02947099417888803,0.06799281058745134
0.02012973351741313,0.019143150249353542,0.013684406245693172,0.03272435136301858
0.015724313510938625,0.014578664452371045,0.00868818459103623,0.0290218612389973
0.0402593341308766,0.03540158728632033,0.01975435233935219,0.08943919349532337
0.03653863465470269,0.03559834978178675,0.024032576227648362,0.05444405794789207
0.013798368485092524,0.013406189899927909,0.008278342970550715,0.021593664676051855
0.01734383633166561,0.017152103929307376,0.012765557572264127,0.022982732047666335
0.01857524660820343,0.01616356813326158,0.00927837119805385,0.0432238974897264
0.02717527064343785,0.02606194260185575,0.01753812893692871,0.04337108206476634
0.016279249713496008,0.014725724781969058,0.00873116695973749,0.032197156993813224
0.013790913803912596,0.013393141701317727,0.008219427220008723,0.021592713091435085
0.03282377203277341,0.03087245703208629,0.01582479810774674,0.06110384733155225
0.023896719702965113,0.021690056108551077,0.01468688949218398,0.047203054436210555
0.045146977033824504,0.04122287504730145,0.023077179479429888,0.09000609789143005
0.04661106722624376,0.04182327945993608,0.018326624172700933,0.10286372723638848
0.026470403889591602,0.02510067678888226,0.013599125652635553,0.04731441109968651
0.019815939020903728,0.01818943300410908,0.010194140698099523,0.03929034700286641
0.030387239689896404,0.029045929991129905,0.017884585694286793,0.050979901992213854
0.03705974829749588,0.0363636886019741,0.025285029127736135,0.05282713067462636
0.031049674033588718,0.02827034525497464,0.014083616062303081,0.06453322680835523
0.02507807954016523,0.021253700837467367,0.011034325845175667,0.06258931124901584
0.021849692087634168,0.02057656585723171,0.011539159520477786,0.039623259540196444
0.016443417230694393,0.015274810923692116,0.009054385788974858,0.030677340947735075
0.04016697112456437,0.03719826123340698,0.01796395258937263,0.07971595828298537
0.030211218330115513,0.028866232547852144,0.018950541549435745,0.04927314084309375
0.017715404271692346,0.016682499026091577,0.009667040540050619,0.031774430680703444
0.033817020624412004,0.03066507206088674,0.014832407634264659,0.07157769073452384
0.030636961832881334,0.027164546441706048,0.01340004851349643,0.06829302980189703
0.013797373286717091,0.013394367563462621,0.008245119746857486,0.021652793121274643
0.04330909756499436,0.042348328520018574,0.02858314507939508,0.06373684321546644
0.013811409239189465,0.013416475843401342,0.0082634498787977,0.02160083711913855
0.023267789079514545,0.02204899905868366,0.015192122747553584,0.038827325533297145
0.039549868231832354,0.035240766343668135,0.01616304877337522,0.0887429641980947
0.03333449243701727,0.0322406398473095,0.021409828069571504,0.05148712427401942
0.024831877483762192,0.019960244575354353,0.01035387120929241,0.07064623971512654
0.01787916565565094,0.015764458561364283,0.009117023148762154,0.03998245946997727
0.027886043148310623,0.024327102897544105,0.012213668577668374,0.06457621513741803
0.03271563644392109,0.031199330112772802,0.020122304126718615,0.054267323047526385
0.034562656215247956,0.03286766284429463,0.02082466074533135,0.05826650674630802
0.023342892782031176,0.022863235187163843,0.016246659778497242,0.03323571631753745
0.01777587295965719,0.016612672103200173,0.009642842146492529,0.032821902784504246
0.018188779112392087,0.01612774735810491,0.009291762250893286,0.040091745341891395
0.019924575599870792,0.017698823626737234,0.00989326924081709,0.04380990782729216
0.017433311775072617,0.015698906762957262,0.009113170479090311,0.03592558563535209
0.03066386014686009,0.02510797857986418,0.011954457293447426,0.08318278327623851
0.017451595240489934,0.015391743813040716,0.00899403909443934,0.038406333080052445
0.024209518350073785,0.021414744990616203,0.011255008955711984,0.05407847188604296
0.016412511723713698,0.015258274675025406,0.009022223022857129,0.03067012403026689
0.036816587737597634,0.034958942242065735,0.0220058712162653,0.06225062429141104
0.019040131756402963,0.016728747138125947,0.009518866196763552,0.04359789902887035
0.018518010773491432,0.01735535455173267,0.009975981052951714,0.03405429365562191
0.017354710425539974,0.01717076093845355,0.012769872450285616,0.02304726322248874
0.028507946852249742,0.027806346379914554,0.019169867107479026,0.04202084317978885
0.013781671307166784,0.013389455303154281,0.008244398135219412,0.021583806665148076
0.02153956980296661,0.020694001550973368,0.012176461186038807,0.035667783767214974
0.020228194497789887,0.019326803721163285,0.011277801065563222,0.03426797086925214
0.019221894339739948,0.018574941354264525,0.011112767304811698,0.0310271921174852
0.02626483204717053,0.025016898859535203,0.01419771586956269,0.04550579791230734
0.036981886490114135,0.03639838876257004,0.02587008312176789,0.05138145784824237
0.018704364341662432,0.01801094461154988,0.01070513347412942,0.030656323903929045
0.020910495922879146,0.020172572419202763,0.012032444066722043,0.03401719170042677
0.020268051066267865,0.019950190054844708,0.014518957439467767,0.02779590423006194
0.026816546263710852,0.026289691168600103,0.018564316376903783,0.03815107518937887
0.017048311012713938,0.01650978148111048,0.010053571959973074,0.02721359440957409
0.02236980981218924,0.021942948326075958,0.015664287512228696,0.031596000805716395
0.015834778849833517,0.015295795377566365,0.009241876607566694,0.025452695120831162
0.04183761484768038,0.041284247782671354,0.029888974664660645,0.056854499462241484
0.019223615838660803,0.018571728661328564,0.011128897525219984,0.031054683435275766
0.030120974645994093,0.028946757837267634,0.01669764351866802,0.050450255058853026
0.03425354641567625,0.03328989707204074,0.022406907954082657,0.051654633382071866
0.024264142044016484,0.023222571682405387,0.01345161037830941,0.040989462755361285
0.03420316422938135,0.03355670167727802,0.023524342779687783,0.048430631392556975
0.014815358346161264,0.01399248355128017,0.00849912488822364,0.02499335822203373
0.027490327405885664,0.02696559803249334,0.018921702059166223,0.03926266720604732
0.025454844012339294,0.024064034221168328,0.013437908153405412,0.04555459774182328
0.020428594968779724,0.019663237292171155,0.011604369077958528,0.03366605311586831
0.026662211525861554,0.026190949171040374,0.018540067115386222,0.0375910303428517
0.022153851941560845,0.02111291664682132,0.012164545193196949,0.038168971928247926
0.022267709934074165,0.021949941333791488,0.015961144392190898,0.030429575809933766
0.020656796036554268,0.01969751767839488,0.011404695061158108,0.03546092261549087
0.018712127328874627,0.018020207035585326,0.010773837353826496,0.030502608585273625
0.03375834218549032,0.032395806021958656,0.018726171901819532,0.056646431741316346
0.020854908504367203,0.020093762342925044,0.011930363586485568,0.034052762289678754
0.034776159388333505,0.033983736953239016,0.023426144742599544,0.05066065533717467
0.02389131844685593,0.023297410901018632,0.016353202492369934,0.03495952209476916
0.03137108498419211,0.030629895954230858,0.021174572000781322,0.04566630095909394
0.016596069355594482,0.016067540964405456,0.009756277552149988,0.026462798455218966
0.01788438838960967,0.017283762774313483,0.010435045385464149,0.02870090484019419
0.026839611411082764,0.025527679574576436,0.014350897834694279,0.04716489809135035
0.023485124960886623,0.022587585286359388,0.013200640305983405,0.03885595998895929
0.030387954012974634,0.02990855287253144,0.02139087865835976,0.04212413056455926
0.02288560038155902,0.021852976338813217,0.012618305633573218,0.03914235570955363
0.02193482897667994,0.021081909618795927,0.012344672858717005,0.036472856237849065
0.01379831723660985,0.013415182651818871,0.008236553049021461,0.021602278605841515
0.05596183262214039,0.05532170817029812,0.04038217561204858,0.0753088118501701
0.023947774375163027,0.02291195443454802,0.013255339555025782,0.040514724812509985
0.035340229615538454,0.03465463982727726,0.02406492629809315,0.050532634452976316
0.02190607440433588,0.021053853061048136,0.012274846029878996,0.03652410521253274
0.027550711961185557,0.027151064011569852,0.019509831363406584,0.03795049001825795
0.032427351140248785,0.03162794560962902,0.021910387805486403,0.047603533835800474
0.015090112697506488,0.014184208792603334,0.00855767643860649,0.026038416200922787
0.02925741985795666,0.028559364600005414,0.020084594377947268,0.04264407966116036
0.01878173914438651,0.018175882175171576,0.010966259868404582,0.03005126986918646
0.023848878008846764,0.022894026927446277,0.013412480967602827,0.03970389172306154
0.019810522937306296,0.01908889733686609,0.011324284296669145,0.03246603746441417
0.03560702106560014,0.03504210750796187,0.02494649597322564,0.04953318269670717
0.01978641390982681,0.018807135160832704,0.010873485873796858,0.03462341432535485
0.040453128147581785,0.03948715978269202,0.026793896635283344,0.059430909612575855
0.01877856912806483,0.017633850211395054,0.010159013224014685,0.03428908729947327
0.03072315446244494,0.029996719170184975,0.02097664095489311,0.04470978497865094
0.033123449112086416,0.031628034668214816,0.017894914426205492,0.05702623744532675
0.032528172287440864,0.03072341880994421,0.01682567687320927,0.058289903470952066
0.020564635457328204,0.01971305231644281,0.011537276353276435,0.034479323946326156
0.03354079378801668,0.03291133789689152,0.023061121248525406,0.047536364089641035
0.01945276736357899,0.01874635147369834,0.011169019377192592,0.031724779921984025
0.01867502608927767,0.018022765255727963,0.010807737175985578,0.03024597175957711
0.029860992614924857,0.029243634262991383,0.020522975405972217,0.042650332038662926
0.02190144358890882,0.02098642512565801,0.012182946810280615,0.03682035430425307
0.02033161562886351,0.0196592782372932,0.011828351973790775,0.032656978493819676
0.020267410961654204,0.019559297676728933,0.011677181708908494,0.0328395688009444
0.03498364794465552,0.033997651225825945,0.023101114474902068,0.05266754930872334
0.03266369089184784,0.032199694365090924,0.023264190662420706,0.044669802339057846
0.024005201760584006,0.02314191613306378,0.013599456661564764,0.03936692228732415
0.02106165467820792,0.020251762505625857,0.011976330788008348,0.03475321090845054
0.036173032317593654,0.035453833412800645,0.024656765525638936,0.05176858119311259
0.020343047047630642,0.01951889342845154,0.011473025184679908,0.03380416623256726
0.028574711837010644,0.026259446803165484,0.012057259754765293,0.05866735922978485
0.020270650052823313,0.01889613347938685,0.010417975198662688,0.03820525125752477
0.02432859502333419,0.022339575426245973,0.011329422916945022,0.04923833672527848
0.016930625140634033,0.01564968374006938,0.009125228277998384,0.0325700355285511
0.03515546501059346,0.031017719579200187,0.012567185565691912,0.08207742690361983
0.013799078211097666,0.013401385844542455,0.0082504020893251,0.021577067652762745
0.017201690535731225,0.0164528311932194,0.00967402037780203,0.029182870597199276
0.04108266482977072,0.035986585003811924,0.013139898740353926,0.09882404650443044
0.02562413258100571,0.021600837176652364,0.010813347921465231,0.06485192354982625
0.023574852372642462,0.019961378109076243,0.010334352591839688,0.059273905994923985
0.03963043792407932,0.03733754133402209,0.021327151469666582,0.07154162805531902
0.018679359885681573,0.01738865302529914,0.009832400163347198,0.03520249380813581
0.032087561546600835,0.03060013672771704,0.019020617269118544,0.05369960619271389
0.013777153771771957,0.01337110790745496,0.008220279706236325,0.021621840299325342
0.016043143408565556,0.015119192627401284,0.0089654736216455,0.02857728811112074
0.013802968251313054,0.013397980262834083,0.008250958278821155,0.021626690783589808
0.017260994201041414,0.01620859416077728,0.009466271467537177,0.031176518245579904
0.020423814107712268,0.017740310949661775,0.009783274151434578,0.04811572195129746
0.01826649719139061,0.01728092124786086,0.009926507870740005,0.03239997745998241
0.04255239047442829,0.03763116196081562,0.013341359050562855,0.10008672390352173
0.044798343353728294,0.040541845665211865,0.013689544947101822,0.10088690381040562
0.019730114523664567,0.01717861310988015,0.009540324521348346,0.04602945151328217
0.01376951757873524,0.01337021123441174,0.00823740675545866,0.021603107721996417
