ethn,county_index,mean,median,q025,q975
1,1,7.43682490427313,6.2202396295142055,1.8822277611801836,20.19560937990684
1,2,45.822074037681986,38.66600574522292,12.025570518009996,120.72058532463325
1,3,1.0029681477397256,0.9095489799354539,0.40658095223598306,2.1392909284517914
1,4,8.10844877170574,6.849104343284775,2.3118957572359213,21.319801559117195
1,5,54.66335794693874,50.76028969752714,21.92682904061678,109.53794283875975
1,6,0.42181055091708825,0.35662415284370763,0.14942880457224803,1.0898948123723866
1,7,0.26476112425446185,0.2265083888162934,0.07847685882868559,0.6790523715386202
1,8,15.076718376761077,12.667905233710304,3.871432301679431,40.424270177534936
1,9,0.45014799745939027,0.4078124591931467,0.18512503155854104,0.9629208738493514
1,10,0.2713998272554873,0.2446338547403039,0.1027151934242727,0.596831965537745
1,11,41.83718267666187,37.8862650716965,15.780257311570386,90.7088445776131
1,12,0.03180690370719203,0.028715913562414756,0.0025242089832097385,0.07776596054418815
1,13,0.27597364801495405,0.23855632299308657,0.0869250157290272,0.6857517096285227
1,14,0.5594365025235487,0.48896696168100706,0.20039029439118056,1.3328429066236596
1,15,0.25280069985796577,0.21047379247676723,0.08266834631353319,0.6742254990538142
1,16,3.7319125071436376,3.37684955889651,1.5391885577833195,7.997121431131373
1,17,4.687782069556514,3.9202719631802037,1.1953561285087762,12.679406730936549
1,18,0.12687533457391525,0.10527144716260678,0.00832483212486389,0.36965776040087583
1,19,0.38021032558386464,0.31317627810596693,0.10548015218807838,1.0438302907064771
1,20,0.6195990946208093,0.5670330562798708,0.25609746191047716,1.285747441660178
1,21,0.10169226066413362,0.09290247482561823,0.04009909622634634,0.21008294261071186
1,22,2.5847893847685177,2.402853815685252,1.1550291032503222,5.049812458382949
1,23,2.994213859018545,2.769060706790392,1.3087151404607578,5.985333825950676
1,24,0.16331012804453165,0.15035678541352065,0.06812401678231066,0.3332122443455849
1,25,9.881370715394493,9.123916651731642,4.286418973228026,19.87194108287515
1,26,10.85296291229019,9.085905865341285,2.756650851753923,29.397748997394235
1,27,0.6863389755264857,0.614340889481606,0.26045738412277647,1.535266686314461
1,28,15.159241383270805,12.7953248569676,3.9514328195878563,40.15312362067805
1,29,0.06127051295782109,0.05256242975656397,0.0,0.1860050268512279
1,30,4.017721856258667,3.6473978421323947,1.7140545572099828,8.541746849772682
1,31,3.4810799120184104,2.9024993526248184,0.8746377125471755,9.455673665344262
1,32,0.09773367597059354,0.07124341606094511,0.0,0.36070259721192754
1,33,0.08153766933168184,0.05440879483484366,0.0,0.33572799394230723
1,34,1.2329701664465202,1.0226055813937582,0.3039136894965122,3.3707427368484004
1,35,14.51100647918072,12.28236488817673,3.832053874331456,38.1978714548498
1,36,1.0448338382104516,0.9703303180373473,0.46759440049830586,2.0525382370503857
1,37,506.655655875655,465.33243140271895,194.63738190872758,1054.507520361553
1,38,0.06639141857430074,0.057451418021674555,0.014291625744257715,0.16859528962225298
1,39,9.826864966274728,8.25122398161415,2.535411974274824,26.305361726128435
1,40,3.4938810699567466,2.8714567866414606,0.8403881395181404,9.804855558463466
1,41,34.3474978718253,28.931061613773885,8.929661023056777,91.20153091141445
1,42,28.845744785418596,24.37540249200895,7.483640816735035,76.45226182304629
1,43,0.05056156430376754,0.03396943771503871,0.0,0.20493793867238755
1,44,1.245834443551758,1.0017857731796525,0.27356884953777444,3.666951048094532
1,45,112.23504096331268,95.07935842966415,29.69380674460351,295.0325698670517
1,46,0.22401334568853654,0.1955085094425425,0.0,0.6083511410433294
1,47,0.37350780767917285,0.34225310698725514,0.16482985608948905,0.7582140090802016
1,48,16.517420465480022,15.281531005253468,7.236370214281335,33.046541058116155
1,49,51.84717167450551,43.800458662823246,13.532389896034,136.25882731496043
1,50,0.029319391511458053,0.02462513150909299,0.0,0.0916634160739767
1,51,32.37247406618871,27.4413001994232,8.604485079422126,84.95063678492379
1,52,41.4640209053773,35.41729785833571,11.096273753876956,106.81135222131488
1,53,0.015530673909211092,0.012349228687773401,0.0,0.05339611329036124
1,54,1.524064914810442,1.2522159494987541,0.3723597076192364,4.279151120426331
1,55,0.6062892216883934,0.5547789769232347,0.2530301246694286,1.2653211189659783
1,56,0.5662786204702696,0.49803523972677843,0.19387739142157898,1.34329098705259
1,57,13.10563338419822,10.698351277146205,3.0770788461760175,37.39622046864822
1,58,28.85681834360314,25.841163391786562,10.24248375891265,64.83113654567117
1,59,179.48157476129833,165.47781901244383,70.2861728630429,369.87724562183166
1,60,0.028086045512153008,0.024220208479082517,0.0,0.08268757780374601
1,61,1.6422565206970328,1.5128568779368603,0.7056368955319581,3.3163467018336665
1,62,0.8165357669645119,0.74672488871859,0.3428584995639671,1.6980695517404618
1,63,54.905355108508495,46.327679298934726,14.341547614283622,145.0365013832542
1,64,34.77456797572978,31.502639295368734,12.819736580574126,75.50364934368757
1,65,0.05173123559986181,0.04177908609822076,0.0,0.16816189129962386
1,66,0.006615239181058814,0.0,0.0,0.03843321485220523
1,67,1.0279505932658435,0.9032999860981743,0.37637404083798587,2.41230569323532
1,68,0.39810418109238976,0.3432760609223324,0.12704751200887246,0.9935534321589804
1,69,0.5530595126087268,0.5019369012190069,0.23977385403188212,1.1432399523505106
1,70,106.17602521356389,89.97333499564499,28.116679550809664,277.14186131793446
1,71,0.10429083742491048,0.0959696698779992,0.044356061102529806,0.21055302944837256
1,72,0.06277488954108433,0.04342601669250755,0.0024504256632343316,0.2368800253666717
1,73,0.19112594742071673,0.16486910152885495,0.06319027331912844,0.47344386985663156
1,74,0.06335870641413847,0.0533534057937369,0.012891226779055546,0.16787403712175397
1,75,0.1291140404725087,0.08290951770872249,0.0,0.5522723804002101
1,76,0.06850816255396128,0.058458903500565665,0.024163707135112903,0.17153405042409883
1,77,28.439489129157185,24.006173468679954,7.40989566052934,75.01424104263107
1,78,0.030770675846092166,0.02715351989400717,0.0,0.0817594482141641
1,79,0.27275103371551335,0.22168610549660656,0.07373049739873157,0.7653210812397087
1,80,1.8203250343143471,1.6152888486864097,0.6185285715194395,4.2223087076900905
1,81,1.5588853242564757,1.4234731460264731,0.6446532417228734,3.2746490119644966
1,82,0.6967281827645209,0.6176905322766231,0.23284821186822438,1.6225378582098702
1,83,0.75080055999318,0.6682303525516204,0.29888295695923817,1.6813326174761438
1,84,0.05829435895677779,0.043189348497948,0.0,0.2178375164119476
1,85,0.0014456167993171587,0.0011836551237399558,0.0,0.004761874292729382
1,86,15.120738803549099,12.808205037871353,3.9924015773176156,39.893671917465554
1,87,0.07735305151716869,0.06688924086528922,0.023976965342343875,0.1948786089243476
1,88,0.21260675314276953,0.19754738505002145,0.09224728642083727,0.41850874149385536
1,89,0.049347197835771524,0.04243627217736738,0.0,0.1369251517098817
1,90,0.06907561711154143,0.05947743373087981,0.027034844514311006,0.16600372655061246
1,91,0.1976665434402525,0.18213028144334142,0.09097905869721298,0.3829788593611635
1,92,0.125907592029534,0.10823478219736184,0.0,0.36311245748559395
1,93,0.04561540053394276,0.03534428182474922,0.013703110106685493,0.13872621452589967
1,94,0.21902396000119806,0.20036843352998468,0.06604393105088775,0.47901686185501485
1,95,0.0439258651501143,0.03820159877179459,0.0,0.12456159913410525
1,96,0.004556965371901352,0.004114188083469647,0.0013418257899715134,0.010418328173803604
1,97,0.27708280226584037,0.2328840256378858,0.09217924917985458,0.7287615210835112
1,98,12.56183777420408,11.791499243394792,5.873980563611255,23.736579392845215
1,99,85.98923046904592,73.43925901950118,22.87267943352141,222.02973999293008
1,100,105.71784387916297,91.03112987567391,28.82756642189075,267.32148782082993
2,1,598.4139773251761,580.6489440119165,394.41049308836523,903.8654825237611
2,2,2480.4051118566936,2427.370956363963,1686.8747108661378,3582.1417120039782
2,3,260.95216782101517,244.2176477739132,134.0880444979065,485.9858859411155
2,4,293.2271166722807,265.17489498905286,168.44631938708096,586.1271737653046
2,5,438.7951739105661,432.41058799990617,312.53265217198214,602.2504067410704
2,6,108.63919941171972,93.87116771595058,48.53666034006211,258.3161779149595
2,7,219.22812599358718,195.66820026267808,96.22857166632791,482.39427940626007
2,8,1089.3586108489596,1056.0435399368116,728.7874962624454,1645.2482948303968
2,9,219.07044626630335,204.74816343037133,119.41072918304911,403.15123390878375
2,10,248.77269458717973,232.8890144549455,128.38479594496718,459.28377014633395
2,11,354.6713559948765,336.5597957740569,234.41949648958249,586.396036851381
2,12,64.99322924859807,63.09392847163845,38.4193450842098,102.437843604836
2,13,265.7889159923849,239.45047210527943,120.464282747371,564.5371203849546
2,14,190.06140936211435,171.61758215949845,84.99723526846485,408.66983752165976
2,15,157.4180910728476,134.4262468282801,67.72637910440498,385.48777421618183
2,16,498.58403290653877,463.137887635737,250.61136494926842,954.3178107650924
2,17,496.3319476183082,482.21268551888346,336.2673320144985,741.7225262679995
2,18,140.16363752868054,125.30072055017521,61.577854673002875,305.5822458194039
2,19,284.10677739151447,243.02267940784066,99.18712470199564,709.3791786553929
2,20,453.8680150641191,429.61713685752113,234.8846030413734,811.9418534825534
2,21,70.22540574491268,67.12410732190622,40.911283248122416,113.6214539529874
2,22,742.0807580087848,709.7802718034609,412.33319586130006,1254.5600907989958
2,23,521.0808488436015,496.3417731682039,280.1301141581969,904.3276563757695
2,24,228.90539521302958,219.16558581852178,129.6220908407927,384.91318719899164
2,25,666.6129737916075,632.6909904291088,353.36747252629254,1178.9449411845792
2,26,1016.1198297390723,985.9753324081016,664.760786603994,1541.9735044067356
2,27,319.27125453367245,295.70895785759285,163.12217948639113,612.8307675386446
2,28,966.8285349685185,948.1171509263716,669.4693230984531,1375.3633080305922
2,29,86.5536347796033,83.93336035973508,51.31308536622723,136.68776859988873
2,30,228.33649089309097,212.0854166626837,120.12771776357935,433.9502175833972
2,31,217.9289432137236,209.2733759779158,145.68710935328772,343.34203646077555
2,32,49.512465872115335,48.80442518338062,34.69475212580704,68.32939822427689
2,33,189.6898594310009,173.75161214369328,102.37406498914719,370.5241034200742
2,34,167.60185999934197,161.31065256441713,109.22752598613855,263.0396265147826
2,35,1030.6130508530355,1015.3102917705967,731.3948382177459,1414.2123139331793
2,36,391.13227418781986,374.481705277858,219.27442720671232,658.812061602545
2,37,8639.601456658871,8521.063549070293,6152.645325865864,11789.24192227407
2,38,89.08286623307637,81.11542944091227,47.26496967566401,178.60039613878212
2,39,947.5822598617146,926.307290899644,646.7836282885906,1374.5044784287204
2,40,396.7238315631802,377.0434031171335,242.2495515012904,666.2671283823657
2,41,2008.9910356215078,1964.9709937415414,1361.2961351037252,2913.7919481354725
2,42,1182.0357530388264,1151.525404558517,785.3341194201171,1760.398239810763
2,43,64.008388999976,63.265553984757986,46.242288291963554,86.05568395166445
2,44,178.17690636075474,167.14086078867535,111.96415988534712,310.6222017538158
2,45,5412.166876914788,5326.339425310953,3768.478874086566,7543.054012929845
2,46,122.44191046975104,115.34843855423809,66.31621940021161,219.4918898364365
2,47,172.00874553160398,162.49369159420553,97.62562850021088,295.7353211649662
2,48,1090.9682686903764,1038.3456939654825,582.3711544047766,1903.373961408795
2,49,4914.900274956269,4839.197882461129,3443.186371345256,6829.456032913199
2,50,182.88685212167454,173.4875353050192,96.86138027511737,323.37511666027484
2,51,2066.5745615995916,2037.2305745178683,1468.4463736342964,2825.8832664612573
2,52,1160.8101486038736,1139.810078711686,803.4094943456892,1643.5944136852493
2,53,41.765162788819524,40.399105380652,23.99797058120932,67.2384999801511
2,54,142.06889025012612,135.200203614053,96.39915482515684,230.42782328361346
2,55,314.7579029978085,296.2891120981345,164.11933955691126,573.7358974639371
2,56,294.04268300123186,269.09080065268506,136.18546411680182,594.8134485998723
2,57,757.5452974567108,706.8201893194458,428.7228349155881,1383.6091006362958
2,58,981.9661304346821,943.5913127301803,644.9324684932049,1542.297531757869
2,59,2203.3009074529127,2171.0846794804193,1571.2126858287165,3017.757818821993
2,60,61.50912035669424,59.61538518705865,35.971490820895816,97.60441323643462
2,61,799.2186149332373,757.8514100412208,425.74136301724093,1408.6579269519648
2,62,405.9537832970522,382.16116018216604,211.13280556910158,742.5917028470413
2,63,3091.616920027916,3029.802316319863,2091.3790424948616,4447.487971549023
2,64,728.3798018816169,708.9541395179144,489.9607854493885,1077.0963051057622
2,65,145.7254937057041,128.2935206679887,66.83601341603313,332.7220199181955
2,66,92.33852095872966,78.9623414615357,40.74739407517988,226.80986740912454
2,67,338.48066769675984,306.2739677990063,151.01165500344558,715.1849366962758
2,68,43.24859786763845,38.813069439351594,19.33178473414026,93.78729303223201
2,69,46.2726754967725,43.24116733383025,25.57613034627181,82.62951824003842
2,70,3601.7339978917225,3528.749176547806,2419.1251965010656,5222.531457478789
2,71,95.4234870449505,91.56451078608654,54.84633005842419,157.38573985799323
2,72,9.343951880749774,6.785639230081336,3.4579390581822858,31.50451124957942
2,73,64.61006188021094,57.89276536654882,29.965336446296355,139.6768649447151
2,74,18.3139474572981,16.198702019488167,9.222488844087877,40.05653532352917
2,75,35.32003810684001,27.044512662106758,8.891793881967827,112.87963495537967
2,76,33.20566713975932,29.314847855645986,15.342416270389016,75.11505286558321
2,77,1127.6998217655967,1102.128097808854,759.40191222116,1642.585301628978
2,78,9.819094157794138,9.477483665254205,5.4115588964022034,16.234939082391826
2,79,21.7649930819242,18.40725770771175,10.18360161291236,54.710321148114076
2,80,375.62942938209176,343.07412741824464,149.8876394840218,788.7621245183803
2,81,518.9180867005567,486.9136040198812,260.8661845437776,961.0438453796207
2,82,169.33307867741487,155.34798174749056,66.99041679690457,355.98995095502914
2,83,107.90099760900445,98.62800204976182,53.295837401770626,217.65483622971217
2,84,47.27585228666106,42.857296839399325,24.5927126740298,96.46517231418797
2,85,5.308619794933433,5.104041782619038,2.709806387639424,9.094994826872908
2,86,981.4562951677248,964.7674173422574,687.4836241892068,1372.6600366899186
2,87,67.62042151350259,60.74068895346396,33.871976561794796,143.15959425990698
2,88,76.36537546133181,74.05001677972605,44.92972678160139,121.37670784495742
2,89,40.85593810421614,37.94889933007483,22.53835354401063,73.93639733869162
2,90,23.437948891715855,20.678449832354936,11.816757723424189,52.04807195840134
2,91,36.49309484618035,34.603427321447455,21.106927443158437,60.06634529129231
2,92,53.148198723227736,50.94122608188829,30.5134949262019,88.4067316795931
2,93,9.167692354507803,7.290518388794573,3.553648065244298,26.693422223447914
2,94,41.132490104720844,39.931456350777545,24.308956035613303,64.94277380617527
2,95,12.199169592138782,11.802597856594986,7.058510277642608,19.593058551320993
2,96,4.021628872715816,3.8560823151840187,1.95775835336,7.030988150881152
2,97,58.17341119778395,49.874433661146455,23.005664995317932,142.66466907848093
2,98,355.11599761759174,341.98615164234195,204.97524478715596,580.9146918770823
2,99,1647.1889052626616,1605.7730114072233,1076.9945500266995,2448.3564181118613
2,100,1674.4791483139375,1642.2751832497752,1129.1892757815415,2411.3177586964907
1,101,11.904178534216122,10.903919896560026,5.130179401745887,24.48112348787461
1,102,15.190332356215464,13.998786268374275,6.713397766259476,30.393957642460823
1,103,1.1964445855693344,1.1243949498358097,0.5666998637864912,2.2402693613818947
1,104,3.0120789750404726,2.837060076325031,1.4354460308683616,5.575518194679993
1,105,26610.061369906773,25755.028276707577,13900.823780283321,44165.41678168958
1,106,95.17748002220459,81.17447614172758,25.4702079086216,246.6476820457458
1,107,25.527942639872162,23.53939239308525,11.175745938558434,51.293287083077765
1,108,10285.269613753546,10070.70646246742,5902.10971420589,15927.286486230754
1,109,4084.77529361194,4003.133521247684,2660.1509692928603,5964.451366722328
1,110,3.6582480309532235,3.353305573941123,1.5850291141688846,7.490964146156943
1,111,988.3818342974453,929.1996068360646,355.78157128574696,1959.493379296939
1,112,26.706544234173034,22.45741212159736,6.854137944393167,71.41489793615483
1,113,0.6935472723082389,0.609333522229752,0.2551045709657268,1.637400962357109
1,114,0.27582158404465684,0.2500483169327662,0.1164879667559696,0.5895716610283733
1,115,6.151143841442375,5.640900821484482,2.6388300666646303,12.665696452553252
1,116,25.659429372847658,21.6106288577235,6.61976423657868,68.33713262282485
1,117,3.070206127405951,2.8699526198653977,1.411040863428933,5.886940163150348
1,118,0.6124397097014265,0.5442869996020684,0.2151502603837268,1.3878872973435668
1,119,0.5915046058825678,0.5267959415631696,0.23664860843578608,1.3376221347788726
1,120,1.6130155036251512,1.4675262490318652,0.6179856491939303,3.4570233882707524
1,121,0.23319695684580205,0.21917781911773565,0.10905693603219437,0.43856110881602106
1,122,0.10986784155013678,0.09605374150721974,0.001529081786881587,0.2929688181544259
1,123,0.22869616889551905,0.20311600353328726,0.09000238599579301,0.5213333506728015
1,124,0.08856321174177721,0.07228966539937454,0.0,0.29042120047858244
1,125,0.3308978882452183,0.2740599090911729,0.10577720025682734,0.8946114234367213
1,126,0.5198887232282392,0.47216216585122317,0.21201163782313776,1.1082401122930414
1,127,0.9667782998440502,0.8669719907467939,0.38851214740279477,2.1334906786717687
1,128,36.73414136068351,30.925483296941845,9.412349922063589,98.53860367284904
1,129,10.019009976376948,8.252038831361618,2.4322028755713445,27.995068855230382
1,130,7.086666355810206,6.308817870125175,2.2753221718483037,16.419893798084587
1,131,0.21719884809653045,0.18054858788213732,0.0,0.6649198269068544
1,132,0.4808193742399929,0.4001862057321707,0.14557197209053913,1.2847508214910723
1,133,0.1788800704985375,0.1673041264974886,0.08060414575250494,0.3440860172963529
1,134,1.0452128552588438,0.9118577002439847,0.37130557603804765,2.5049243002400554
1,135,16.861491947092908,14.056116886753433,4.196604205963436,45.98217422266576
1,136,0.19747750720883472,0.16681039235459522,0.030543133567207413,0.5450287218330729
1,137,0.4413174375737186,0.3984983233177869,0.1943043613226833,0.9271266137085423
1,138,11.891690767099178,10.004299171994138,3.058431911896678,31.80562551434012
1,139,2.182842548868475,1.808013916960418,0.5420063504109298,6.019118045914345
1,140,5.974682137626061,5.4781293683963215,2.507386704972082,12.358298750980078
1,141,0.3728712313044369,0.3311775724032311,0.14402756159983196,0.8427651774631394
1,142,5.327088131637677,4.74241396213179,1.90262945594505,12.119158520567275
1,143,0.44472028792090423,0.4113666917219796,0.2042805114137433,0.8657608422029108
1,144,0.5755255655564494,0.5192486329630195,0.22224739694790066,1.2620197667872743
1,145,0.3133061765980119,0.2801454997912392,0.11945912019364971,0.7012569455469735
1,146,0.24842523275703662,0.2303708295753492,0.11116314152158642,0.48969510020613904
1,147,5.251717803927263,4.87307988216989,2.3708921314593034,10.308190446864813
1,148,0.11819647794820991,0.0994334436970799,0.0,0.36217458998499735
1,149,0.0708993598587757,0.06458811567692126,0.028736004290398767,0.14594619670509076
1,150,0.30124668925010606,0.27610717375224836,0.1200419817069532,0.6255809212790027
1,151,0.2174342141957586,0.2038571710161942,0.10082067207044784,0.41231551113581255
1,152,0.3608706276006515,0.31697671098845176,0.1374689472375751,0.8451218355190836
1,153,1.0909187796788404,0.9119011962496619,0.27956817565222075,2.942666779700963
1,154,0.8077824912856048,0.729348409959136,0.3346729539064218,1.7413139748102275
1,155,10.4935393257382,8.813531789984427,2.714684168150131,28.144671075768358
1,156,1.5418582983761902,1.2330371628878587,0.3418189241723275,4.546884288071553
1,157,0.42819958521493934,0.38947103116459075,0.1847622375895962,0.9022132964712433
1,158,7.565834891398695,6.330917685300568,1.9041726370946974,20.416596404686608
1,159,0.8714754861244381,0.7699060790198611,0.32545742918682086,2.0112210001728794
1,160,0.13194083427764383,0.12271165912873577,0.05699745025811909,0.2601006617576415
1,161,0.2049238759544674,0.18038237377594546,0.07296084664515926,0.4702238828049352
1,162,0.04853681590028786,0.043826866649349885,0.005499228424038125,0.11790959045722688
1,163,0.09194782344202691,0.07848129818248187,0.032566636194806306,0.23173305064790573
1,164,0.5109827560016932,0.4607674444001388,0.18364306341126505,1.1265098223407723
1,165,0.7596428498090941,0.5920979014865548,0.16365068580905756,2.3249130661507698
1,166,0.9083854677081432,0.7910887917857459,0.3298723196546863,2.1696339486739173
1,167,0.2534913824610761,0.22823040481993062,0.10223136315437657,0.5563536584279646
1,168,3.293087450221522,2.7963893382256377,0.877115578721015,8.592921125229925
1,169,1.0766029054401398,0.9979176489557946,0.4898400070895057,2.1231702440620652
1,170,1.9488115412885882,1.7701534522579947,0.7540492334306865,4.205294979933995
1,171,0.306085227247261,0.2878449693263502,0.1442921525312798,0.5723832347662826
1,172,57.25421198949494,48.16103982173077,14.719376833944358,153.09319818864182
1,173,0.5329536855501262,0.4869584452482453,0.22811876452608534,1.1076695076648084
1,174,1.035600023788435,0.9463143663498351,0.44989641308161415,2.152927922533215
1,175,42.88715239958463,36.31406538374641,11.155889537552246,112.62727102622905
1,176,0.09997327700335845,0.08053842022387755,0.0063804765133193345,0.3096415507711894
1,177,0.8584299429741188,0.7393444244023152,0.33885981525866926,2.113462662070336
1,178,246.13770626273927,218.36039155882793,72.17555088643512,579.1584351517083
1,179,0.14832148324285854,0.13314501541272405,0.05413473550942249,0.33176366159986015
1,180,0.09263753707416106,0.08434579612718664,0.03919391979987392,0.19249416089704344
1,181,0.5199901592674802,0.4470240406731303,0.18808345696016032,1.2825423814543895
1,182,0.6615393444239818,0.5866568539906488,0.19734660845502677,1.5570495455658626
1,183,1.8148000179065589,1.6686919334439754,0.8014256312654362,3.6918273250822646
1,184,53.241393880340645,44.97514251203838,13.920143801505759,141.53917367402423
1,185,0.3637917964892459,0.2990151836378119,0.0,1.1863388945399906
1,186,0.8599523055754701,0.7351249753719169,0.3433234494683285,2.1165415708330593
1,187,6.3149463836754,5.558066599505283,2.2955000999181974,14.799029510931508
1,188,11106.74186280672,10602.125551126486,3589.057694529231,21506.514624506675
1,189,0.13836710668944735,0.1292421237366734,0.06234764582848223,0.26549824353945745
1,190,9.787977831916953,8.973907113810455,4.11470735218207,20.23113120409834
1,191,150.28435214105951,129.0389029253384,40.70683248113466,383.45454900912523
1,192,78.13956335553465,71.39033480070506,32.390244458174905,162.48017075693835
1,193,4.235179474968709,3.4373284785110227,1.612889488782618,11.891551549502045
1,194,4027.6354429166568,3824.7024678117264,1769.315757905303,7398.33035003888
1,195,4.46165786971199,3.9941619512877207,1.7317462863173831,9.87433054488317
1,196,1592.7762132498044,1555.0071724205038,865.8989613241714,2534.807406541949
1,197,10496.671847788652,10338.89779632114,6597.085074277502,15321.442836672593
1,198,4.0648681594835,3.7021994140609067,1.6574954158890216,8.607089556833088
1,199,557.7772435679215,525.3716210996297,263.56631395480656,1038.6310068711657
1,200,150.1245368673862,130.75725159021573,41.9970508089638,371.9037927009893
2,101,362.2569760132828,339.80181199453796,189.51756239518818,665.7190662451745
2,102,243.0211523773394,229.67101583422232,131.19390091967102,431.8649996292734
2,103,49.31981719369328,47.80347883007021,28.8412794629005,78.44770431117259
2,104,95.61084386244352,92.70863888368746,56.68629999234079,151.45855269957437
2,105,73446.06255554962,72524.73481979402,50375.656483395745,101823.3824520072
2,106,2563.8892624561176,2514.1992620049805,1738.0678585800902,3672.710186145377
2,107,655.7444725266964,619.2872201602095,351.45314654885027,1171.490166222762
2,108,13941.625004263007,13719.811625668064,8798.340233443745,20337.647033018915
2,109,1017.8109831460476,952.581877575722,433.329407889094,1972.5403984068735
2,110,283.94578721832187,267.0886599302282,151.46264528351693,514.5511991669332
2,111,2195.315743249102,2156.3710327341173,1216.8911357565626,3402.1594702803973
2,112,1934.8840412237,1901.5285052531465,1350.5122094444444,2713.960231664546
2,113,171.38578197263288,155.0113193671237,79.99026332059893,357.2896236877821
2,114,130.60599959207133,121.66606089197056,69.39980198320104,245.35973114476337
2,115,388.9257442011241,366.3364691685308,203.32660532883637,706.2387281370975
2,116,3064.4594313824464,3011.10306888518,2133.7185693882475,4293.627439255067
2,117,211.182411665114,204.0828844513344,123.45336283273431,340.96548763247915
2,118,56.342466127836055,52.35213434682743,31.099373311034647,102.59254841860151
2,119,45.0898080459982,41.01578193742111,21.955266791085123,93.03803191651572
2,120,303.85255574194764,286.5189971117219,153.72386100689658,554.8558744339854
2,121,55.48952941354085,53.85576618409167,32.78153493706508,87.76254440206986
2,122,128.1036859526971,120.59019613725096,71.53275680067334,228.06148368394776
2,123,110.82092576600964,101.31527148179688,56.05193188024627,224.1085832518033
2,124,216.25585716432423,200.90615508452055,111.42863239019114,411.78113105292624
2,125,95.15447668774817,80.84400332573554,37.40226085836066,237.96473507198897
2,126,136.34653971878578,128.42599836995075,75.73217976932206,243.27576055754972
2,127,195.81415796520758,179.8759719025014,95.07932113992901,389.8809445396595
2,128,1465.3213817610585,1419.683620814506,937.9692671917238,2259.903436187141
2,129,899.4540206869633,856.2921592395785,530.1046257472168,1526.4482043940388
2,130,346.60748678619836,338.5798033543925,244.3896920482654,495.1323617592721
2,131,150.05528837126357,136.22623076866103,72.43869242613685,308.5672899170948
2,132,100.96719197088933,86.76682971996433,38.2057333472861,246.77408676776864
2,133,53.56160054937171,51.92398126795973,31.585928071602417,84.83111026036835
2,134,236.91029071714348,211.92882933348932,99.92116269075022,520.6272217360803
2,135,1636.4601154373645,1602.03827636536,1103.478981685012,2369.1853029131807
2,136,193.50053611148311,174.24677038604813,87.35026714768382,412.24750971523
2,137,76.57337770338931,70.76378309989477,41.82075986331074,144.30701639406763
2,138,1147.1500704721127,1123.4590963207338,778.0144653419648,1656.8335288580452
2,139,176.8854463639344,168.3579818539937,112.76505685069901,291.4226172890322
2,140,467.13080115872896,441.89364297910913,239.04246437151275,843.9540982883886
2,141,127.12167565159142,116.66930646793298,66.81548134063522,251.57426440777004
2,142,589.1995991641627,539.8718437457995,256.95081912930084,1205.4793056760138
2,143,64.29670868058524,61.15793383039663,36.976131857274495,106.76635967573628
2,144,305.354332024785,285.18165109761804,158.4704877318909,571.5984452042686
2,145,140.48832707087644,130.1787152304381,70.80263743103497,271.91842185385275
2,146,128.42665753509058,122.7652540906792,71.43929501665892,217.56008925783996
2,147,492.3859305583662,470.7990188668973,275.8018102573771,833.788205800518
2,148,210.14671635867208,196.15155406041154,109.23865500996891,393.85770254584
2,149,35.56891810239877,33.731886338915814,20.386731841842668,59.34799822182705
2,150,111.68144012109066,107.04485509815127,62.784469780847154,188.05434736212638
2,151,56.52500447598259,54.75844756512018,33.36605559395927,89.6978933345446
2,152,142.42367696128377,129.00030698353663,72.70167185178192,295.50075915630964
2,153,78.13548490200603,76.19875672283473,55.434021625098424,107.9815066141686
2,154,191.52265689546567,177.7488394721479,96.63306159365818,366.4877469495956
2,155,629.5967123038374,612.8956120462324,428.81640037633457,929.2686654066205
2,156,238.17683795105037,220.05763560217582,131.8153294605759,449.73086823073544
2,157,120.89898682055238,112.58248640867359,65.0133428582168,226.21274201453252
2,158,507.3357527566149,489.6270713376067,324.43113467375485,791.9270225261231
2,159,404.16985083628094,367.6951736290838,189.34037604020926,839.7359112843159
2,160,34.11039101788366,33.02768700089672,19.949481882580542,54.19328321953255
2,161,55.78823451931737,51.3668364894053,30.33014811790594,105.31016348480865
2,162,43.050150653507366,41.6998569919694,25.207356916626132,68.37411100011163
2,163,56.77553098163625,49.996011581897065,28.109614960220224,128.24598683668114
2,164,168.80391043723728,159.02981078137094,90.11164730669542,305.57125293729905
2,165,112.18998465958154,99.0088043263513,62.28465712892282,243.53551394063695
2,166,159.4401176009541,142.7820894980141,71.64328086355076,346.2611706729077
2,167,83.15073008931441,77.17286307046544,42.66744581147621,159.7804020413264
2,168,157.8130902733006,155.19675533117814,112.89129147418195,218.35808736843023
2,169,122.98736638076078,117.44671593580665,69.2012021435875,209.06192761162035
2,170,774.5108870006152,728.1543369111976,377.1452551407282,1447.4832504604997
2,171,44.08948777475456,42.76691551833011,26.00345478773023,69.65024208116125
2,172,5802.7504532937455,5712.733899712957,4078.232748725038,8031.32847047367
2,173,142.46542078075925,133.48387741683973,75.38069062154324,263.0847013148839
2,174,192.4810361640274,180.29169997634494,103.23718331381106,355.42861713475673
2,175,1531.2894457510304,1496.423926800513,1023.8505624627294,2237.6434506140263
2,176,101.23735130381023,86.68608078896594,43.50088728744955,248.45900946045796
2,177,63.37282189686613,55.51989170080928,30.40204312061878,146.86408406742444
2,178,1580.9768977691213,1543.9218522553128,1004.9053746106653,2366.4217612275875
2,179,131.5678584458511,122.98109843952734,67.49767118168486,246.19156171565504
2,180,101.38636916947931,95.76560762350907,57.66761169729301,174.66289074511405
2,181,140.5051029490473,123.44765335618517,61.457958428897896,320.1725758451544
2,182,370.06198614138225,345.8927735377043,186.72406211208022,694.3337291502712
2,183,113.82298272698965,107.3532366229628,61.6747633637305,204.46262668655504
2,184,3481.189859406504,3420.283916015042,2393.5123410726083,4918.566383194918
2,185,671.8424992357116,637.9006146127444,358.100155660369,1179.273154096441
2,186,44.16137457858741,38.41418953840071,21.56490958613302,103.04228578500408
2,187,290.8000109040554,262.4860830259978,124.66434100183223,625.9266386277665
2,188,36521.72466806301,36019.72193634676,24019.970237653066,51805.58616482728
2,189,9.292519889985368,8.959476662626734,5.120908923177979,15.357826947291281
2,190,566.1729115656448,533.7166403791366,290.1881864982563,1034.0262549049896
2,191,3088.675434516632,3032.418497659208,2114.7718334170763,4377.216607189616
2,192,671.4459774452008,626.574703536073,325.63780654721376,1267.0823275733958
2,193,158.6958959821604,130.14742494875563,73.56751532189809,427.6494353245754
2,194,14585.893069552834,14416.448448205196,9992.745408180954,20112.333342629532
2,195,388.69862626452243,356.5393688233869,181.92238869548703,784.0750644633926
2,196,1497.0704809443741,1456.3777204882413,798.8272659577693,2427.891056619318
2,197,7685.601910137247,7500.456812796228,4443.078888928504,11931.337505037356
2,198,363.67738331633285,340.19892157424715,178.6782955201301,685.8678910047915
2,199,1609.0774953559223,1535.505439292565,843.8142591300509,2800.4885712393398
2,200,1742.0093317232215,1706.8287728417624,1184.6814422986076,2494.1954785758935
1,201,16.82206676347902,15.06174349641267,6.818413376874829,37.4264345227965
1,202,2576.629213290998,2395.833581392596,886.4322119292858,5276.54325932403
1,203,132.51966791556376,115.6174816319811,37.66828340723315,324.50222384820836
1,204,19.527844903774994,17.866788726074237,8.150538123582292,40.38532353585993
1,205,33.55761311626302,30.675210256870727,14.204208130307514,69.74913547325755
1,206,186563.15949316288,184345.8875129642,127534.94132788132,258028.57749350125
1,207,297.70652756956844,280.39032642561256,126.6251107234515,567.7649228395604
1,208,902.2434953218647,842.5487947229184,366.9104450905697,1779.6800369411642
1,209,5.59553525493287,5.0277254226267445,2.232678373074263,12.406674531580792
1,210,105.5845784152754,98.90463071983214,48.445930199261085,201.11697485372562
1,211,165.5454867091612,141.95675328755965,44.61456936317671,424.276263652089
1,212,1.8827763576075027,1.6013719168551146,0.7359536338287512,4.689334380528782
1,213,14.136025653580989,11.99276225317814,5.317784848845629,35.977804687703156
1,214,753.6809699615225,674.0554388902874,228.77936067396666,1737.4905109498434
1,215,73.90654410140314,63.051294900587536,19.83052531902028,191.76123976763145
1,216,40.89005800615559,38.04787959328273,18.327481442413777,79.84188417635808
1,217,16718.334693017474,16129.868348675718,8592.827159522581,28115.49017735289
1,218,503.49811540132515,465.6684529854846,200.23771832328055,1020.5990857346308
1,219,10.42312712624186,9.301881499335533,4.44808642030673,23.06963316284108
1,220,23589.91168195453,23017.895043459284,13066.706806118795,37411.35635586164
1,221,29742.875770718034,29355.644631059688,20268.573164721467,41287.675829957036
1,222,396.46344466277753,384.6821644276473,213.09480941002207,646.9975898091998
1,223,8639.58888325917,8344.040825132837,4149.73200122889,14860.02322928168
1,224,23089.42886246836,22318.928672702823,11994.648709490506,38587.11870349485
1,225,27705.75926550695,27289.25229204701,17273.470629950192,40634.53914262848
1,226,777.9677890228525,681.2890632066753,222.85405820650513,1896.3117203194
1,227,344.3561620625997,300.8516384976993,96.95722590717018,842.5877871851586
1,228,6252.46340144576,6112.504008422011,3330.9511836108886,9980.80830500415
1,229,490.1919134598253,428.78768784236695,140.7848096337011,1189.7980386993027
1,230,20278.072406753217,19922.60704076517,12084.127737754998,30583.29234456538
1,231,188.8757326850799,161.29618525193246,50.95036958286268,486.73321417219375
1,232,57.27403093429642,46.908478715069734,11.437013573361076,163.8817427741797
1,233,0.35369001976280245,0.2695339873212544,0.10905699331354982,1.1275138838055967
1,234,15.122262489263688,14.081307435108698,6.710161011061295,29.597656078850292
1,235,640.3189616760155,566.844605685631,188.28778591509493,1513.0240297273972
1,236,2411.245385843997,2210.1913370116163,787.1211600179344,5143.170925807735
1,237,719.3972370282117,639.3638345076891,215.1864697396038,1681.2178840891477
1,238,114.89926319329453,100.6343293063623,32.694805907004955,279.2318415789984
1,239,2.910455171975354,2.677625076638371,1.2280091860229512,5.944130072781706
1,240,22.824371459266622,20.44612786012321,9.32513818006651,50.28270628639923
1,241,190.71059515620485,163.8900329999596,52.48937374999588,483.4985122076945
1,242,55.68273863312028,50.19917605203921,21.899475634235497,121.0615857095137
1,243,1177.4164046402625,1049.2374432263643,354.3267559226505,2723.1073405511133
1,244,955.6352406986936,915.813453185561,441.27460453550657,1702.5145530462976
1,245,178.68993999802876,159.172794970082,53.586062645287214,416.6648715019819
1,246,3926.0358088211556,3827.4212079875415,2045.9544671196277,6362.373991831476
1,247,2.4732321253254503,2.200757779962805,1.0098586696688667,5.5569810551779195
1,248,3925.880309480936,3787.486439935689,2006.9658335332415,6638.8712771491755
1,249,1.26467433394782,1.079484025099776,0.4518687774121582,3.1867562636653535
1,250,0.8151992861698788,0.6774943218091413,0.321469802964214,2.1054718508083536
1,251,0.4794749730501972,0.4517710549369724,0.22688644229144914,0.8920398246244807
1,252,211.2671720743283,181.45235782542278,57.65352954999448,539.2638576864857
1,253,141.87230697835787,130.4059310061651,53.97146188173441,296.33099810751526
1,254,4.466434588978578,3.9450731969626704,1.3307912434549893,10.68244221133933
1,255,0.16873204166547726,0.1194668680362926,0.03991382354014863,0.5985596315872719
1,256,59.35918129939671,55.04572073490209,28.19651781625185,116.71913915758748
1,257,4.933136894472273,4.210381901315509,1.9109846888972757,12.366818426793767
1,258,1.6642082052086706,1.2758368393361241,0.4805364606249837,5.21910483012948
1,259,0.4141581346992102,0.33479464817298127,0.05399264943392969,1.2427090558274454
1,260,0.32224995621620206,0.3025133306918447,0.14991027248502506,0.607159596797676
1,261,10.435958517229706,9.286565120242756,4.00546150197341,23.530617139623804
1,262,3080.044920424932,2828.1850101671544,0.0,8156.084659907429
1,263,0.44102874509079354,0.31878998516372226,0.09937451197195751,1.5193006638352888
1,264,1240.4615428429427,1189.1589443118262,572.6202955972525,2186.6551376441203
1,265,3.8987536195684447,3.593890065102979,1.6668246432462597,7.938134705376869
1,266,64.81000309778744,60.13578446269013,26.16923676259495,129.99041121383314
1,267,491.81472152573093,425.5201672079637,135.25369853924968,1237.401316455446
1,268,22.36318610654272,20.41853983498305,9.25311011895782,46.634819591706
1,269,4.00204974498301,3.5573118367956753,1.264207926938815,9.35629387323091
1,270,6.688707789368118,5.543704630481663,2.103350764066672,18.24775973147494
1,271,1.3750289413301637,1.1979629344571703,0.5321702813680587,3.263253972578183
1,272,0.6211371561126919,0.4652265365211784,0.0,2.22205291577046
1,273,1.3795792624920182,1.0266319608390826,0.2685956946051842,4.6238539814794715
1,274,0.29031575657739384,0.2586512573722719,0.005912715897626856,0.7442187513878713
1,275,0.11112508484031161,0.1040119187941651,0.049866618783242354,0.21380468339659123
1,276,811.6903825304188,717.838604822281,45.97350807636801,2091.9008374633086
1,277,0.11302685292838925,0.10569784414200756,0.051326319177134205,0.21568208390891877
1,278,3.4862459528059397,2.9679939853289827,1.1487648853453127,8.88196482368146
1,279,0.9084592937417452,0.7610401349468386,0.31866180581503617,2.376318621599576
1,280,6.6690912151177475,6.112343095016245,2.792922962530734,13.79748475588883
1,281,727.4561743524781,653.2952558748184,222.57476850689818,1651.6497718290739
1,282,3.8555081585097946,3.4151756483123283,1.4115486609131964,8.9046466546744
1,283,0.6650713890866372,0.6254815784434387,0.3138544310023826,1.2405131867853236
1,284,3.538899034701914,3.1255647316441957,1.3413158841870991,8.16106647813758
1,285,14.27503940583156,10.47547904678321,0.0,51.76506897339261
1,286,0.09423771655102522,0.06776185186919259,0.030265917351702778,0.29436464204925444
1,287,1.0336551732169443,0.8993215715410463,0.41470540483258256,2.4612645891965914
1,288,7.74566547864723,6.993537060107164,2.961174253642059,16.963771849822553
1,289,22.476238476083587,20.61147412064708,9.259324149320326,46.486309379064
1,290,16.097336770795604,14.123618340511412,6.07605403360568,37.526811810452
1,291,0.710255699609068,0.619062011119812,0.13660612506510908,1.8041698918976248
1,292,0.27683784541894707,0.2292264695737604,0.09751686306148839,0.7428303167587368
1,293,94.97305761613774,87.17137061429193,34.950922949585745,200.8920971484107
1,294,0.31067681629155725,0.2608217452910727,0.11914177246735735,0.8038719425909373
1,295,40.96830148681011,34.75010672749231,11.555472091218897,106.40285567441991
1,296,5.952368024577962,5.403509298883346,2.435561680822385,12.68901576788502
1,297,55.57095520529881,47.467999501369974,14.908788092844794,143.2145056914641
1,298,1.495806667295485,1.4077111286078003,0.708082437687534,2.7820219633540963
1,299,0.5356237411514164,0.4962973587892022,0.23674355309455045,1.0666299002780963
1,300,11.372966411154703,10.349813007490384,4.590541405052596,23.98269288192718
2,201,190.07081129782577,173.63991559477518,91.24329671809366,387.0929475918442
2,202,7523.544445854025,7433.070185177814,4568.225917482511,11005.057005168559
2,203,1466.5181923325088,1441.6727767945167,1011.4395149996969,2062.1030786044694
2,204,801.5201872299818,752.6034372810786,404.7822919987518,1475.2933227117455
2,205,510.4039155448118,477.95110857461873,255.72440405692623,953.3055141050589
2,206,70028.93120575378,67591.35250833366,37323.80857424666,116366.60773723133
2,207,1277.4888186136886,1256.955738686483,865.9192804032867,1809.9593359699165
2,208,5222.108087659597,5141.57790012917,3584.757088318281,7338.410536112919
2,209,205.99251272503707,189.07016970431425,98.50657357655594,412.8363933201767
2,210,897.9469677538814,858.5966260522865,490.0375661831149,1531.3305398717773
2,211,3168.906494358787,3117.115590513671,2199.5270109170124,4438.462714021739
2,212,67.23311076924595,58.22098413269252,32.087658987595304,158.21344486091434
2,213,127.67928546557896,109.72729631180707,56.57961223500497,308.1148933615932
2,214,4677.869751072545,4607.651578493658,3138.361098528534,6629.6723840490395
2,215,2106.595070224009,2071.051074361323,1457.236504338483,2958.539355516778
2,216,1118.8557552128739,1069.109771865793,610.864550967797,1903.520947981701
2,217,52095.08864069651,51429.63171804897,36189.075417262495,71816.70891408884
2,218,4700.535549912688,4643.276220545013,3365.2749275445144,6353.392320369663
2,219,145.08678205501192,131.85329200811842,74.81098022877305,297.93301645448776
2,220,42658.05897887626,42068.96866339637,28069.062088575138,60786.578184481674
2,221,11063.22250892884,10679.88135612552,5872.338460176071,18443.84463216009
2,222,368.0345101121789,355.9553418278523,194.20613432049907,610.319679845954
2,223,18360.939537095262,18126.895681039772,11832.401221962264,26189.930180944557
2,224,68733.54769106404,67890.49568770643,47404.192162951316,94966.66369007606
2,225,22092.83987486072,21616.51756850927,12946.324408508393,33991.03288328564
2,226,8303.430737434915,8191.225398947883,5833.788318726626,11409.461783271425
2,227,3665.4398408340676,3597.1153193188925,2478.512190711067,5242.258849348699
2,228,7485.691659998269,7351.867413738221,4321.348458911751,11391.284652872006
2,229,5282.762013357274,5214.95563440076,3720.983202941611,7232.571600027553
2,230,22005.98208452236,21627.235737858893,13563.084940531055,32570.244518851072
2,231,5050.282185070521,4971.8025540676745,3526.199319925625,7010.499981653139
2,232,2526.2404941499935,2488.2346320449697,1773.8947462428007,3497.656294893494
2,233,33.07501496216401,25.587218928211758,12.208824252418573,101.39787414745433
2,234,514.202606868807,492.2548900704109,277.7285412341814,881.4084028520032
2,235,5209.501262353308,5137.924978600483,3601.1931481346733,7224.463740742962
2,236,9007.931778998915,8896.109631072673,5719.794030925986,12931.564965352303
2,237,5264.6385639538385,5200.620906924101,3644.678796174541,7248.396806345214
2,238,1000.7377321021175,976.6624095606509,651.2365183998087,1490.1405375987158
2,239,567.2300117061526,538.6752050750206,306.6366951665185,991.695639086521
2,240,165.14169230402157,150.52700970142445,78.23203165719445,339.8905382894978
2,241,4162.880756281048,4110.35063696638,2979.87899649724,5651.698307755258
2,242,1011.344996730231,935.9748118027767,469.8756313999832,1997.4521845352474
2,243,8362.907938476232,8263.204857836768,5805.809726319769,11488.814459763455
2,244,2383.184576890838,2346.4908548207513,1525.776983091356,3451.3009508873333
2,245,887.6936431335134,859.5017305130145,537.0733514541848,1399.2877171705582
2,246,4752.637985653732,4657.4540286606425,2702.1996212544714,7340.155848892815
2,247,130.68340419106943,118.91510654801554,64.97797787242511,268.0151362594984
2,248,11912.03409299404,11741.709323043116,8128.865377224601,16658.580567353503
2,249,154.1622479737147,134.3253640330916,66.89629930852537,358.9421414099019
2,250,23.687624698666777,20.052576089976526,11.422514195007226,58.56204430189908
2,251,40.37241506315596,39.15721222769426,23.74336573873593,63.87828647123769
2,252,4638.2801370135785,4570.263426446021,3249.419713984209,6409.727615017198
2,253,1257.9415020109507,1231.0241894816722,837.4640304170775,1827.7342271542877
2,254,283.3710826448848,264.75821635718955,135.38446179173738,539.3290232779646
2,255,30.394722039886055,21.872117689187082,8.781163473443565,103.60368291595326
2,256,64.1705583425662,59.54559858385022,31.51408986836998,124.46612239868445
2,257,56.34194590604242,48.7315282960811,26.410290807635867,134.48994547043657
2,258,54.619741497411255,42.660763971117476,18.724823739245032,162.8242910051296
2,259,202.47180049410332,177.34157506678977,73.16998940792007,479.30155013142047
2,260,25.750109876491752,24.90144209268302,14.96758345649307,41.22695660846334
2,261,383.04536397266946,349.711274583854,176.02055354154004,789.1314364616776
2,262,24317.073177894363,24013.241055845407,16418.879277523254,33980.39717413764
2,263,58.18324548902069,42.98794696767258,15.214499080556585,192.49289222697854
2,264,3112.566954490917,3070.5808515484227,2020.4095484152917,4441.2097610301025
2,265,584.3603636907353,554.3885045268627,307.92670612666996,1033.4758488682335
2,266,307.72068561605175,298.358778966999,195.2861087675664,473.31811099903535
2,267,8847.53462810696,8727.748187412599,6231.331447236514,12149.00714517849
2,268,661.182120287757,620.0620039020957,329.7356371903854,1229.5861119047975
2,269,596.7027059199199,556.7749952126935,301.99220700125034,1124.2261269754877
2,270,69.36069581657512,59.24727719128468,36.54149373464348,165.87036598475692
2,271,156.63788878710696,139.22666239066155,74.62336242507838,344.9989266310521
2,272,359.42010810912774,304.01054870639973,127.90220772610657,920.6464469364429
2,273,45.20239395007831,34.646188994139905,9.924000835992166,144.59060942854782
2,274,40.59453268142494,39.33370371351597,23.876620885815512,64.66819619568187
2,275,8.625259172091276,8.325458461914774,4.769880540143116,14.195202311194905
2,276,9099.08444448172,8978.495314766515,6384.505826168274,12503.660703577092
2,277,5.945878908944559,5.738618736389519,3.3401647674886235,9.718463649626756
2,278,85.09007737537732,74.76769231475652,35.29394016458733,196.3904893185085
2,279,91.22032942383531,77.97052968186318,38.449778445523734,225.18543642123203
2,280,644.9055404190781,608.6062017395193,327.7983345757954,1174.1392949817332
2,281,4140.9604959799,4081.766488316641,2759.33938269101,5842.993782053588
2,282,215.74887461602785,196.37754932005066,95.34374692049465,448.8547371542635
2,283,39.094803429111685,37.90245228987432,22.984197750722274,62.01669337405084
2,284,275.9737937770591,248.87257572420322,125.63388182821083,584.1629333132672
2,285,1588.0367253188035,1556.0459667443542,1097.893926503173,2266.5422265467223
2,286,7.515939104299576,5.510121931907625,2.9762847772653065,23.0363489974169
2,287,97.95629673550822,87.18126948255684,48.37383751548218,215.3851708765893
2,288,373.14363072959827,346.297792376712,171.5336018667692,729.5080727759612
2,289,518.0262132171054,487.4475180473447,254.31937103651464,954.3698152665424
2,290,324.64606386637774,291.20272246824743,144.88502052320698,699.1224030587144
2,291,195.72600423140943,182.0681856870758,95.76234395455873,374.5816331726542
2,292,53.22243061436113,44.85185268385173,23.016824359551553,135.2484074456497
2,293,278.47422544524045,264.48245332675344,152.11603402469265,487.1602349649417
2,294,32.00517887690526,27.434987741376,15.234024381432175,78.41865265046127
2,295,815.1390943583308,711.7020851631676,261.4848805023358,1972.8109955452649
2,296,118.64219081107461,110.35793080712405,57.901516545234784,226.89354030680255
2,297,1496.281506878069,1476.1951683138636,1071.7836807054318,2037.3912049244623
2,298,33.68055431051165,32.66437829852288,19.699664138592198,53.66693698288629
2,299,81.4638558630632,77.66915905451549,44.9518947194022,140.23138339405344
2,300,312.5680852061662,292.7456210737027,153.10256338050993,585.3260802543894
1,301,2.7642664062166866,2.0798956564458875,0.0,9.566436008646331
1,302,0.3090694801548313,0.18957975107219932,0.04873587491869669,1.3042922304363886
1,303,1.2920883194304777,1.0556597204925193,0.35127272117824493,3.6553004722555436
1,304,0.3037506647201973,0.2340568472169849,0.10159517359910156,0.9521748331180704
1,305,2.9787028059237364,2.612180970056594,1.0597138498378842,7.087437843763941
1,306,9.28153884691918,7.866503539311962,2.4454854994066157,24.28131104857351
1,307,1.0256211053255055,0.8906133292459119,0.43004416475311735,2.362549461448805
1,308,376.23467713713706,332.879138730319,110.36558927908382,888.9790749441466
1,309,3.682005084116331,3.1594762047338385,1.1394659372019371,9.284508691666487
1,310,4782.068984288532,4675.632536759582,2701.6965717060357,7486.9640220345
1,311,47.92726560522289,40.83374909020314,12.964452403049327,124.48297201765803
1,312,249.66906887568265,236.08660461684013,108.22901151894277,466.70856198619765
1,313,46.844760056341535,39.7036358138011,12.475953939973099,122.79252347020342
1,314,3.379541215115168,3.1789387084643757,1.6023773352340729,6.287330073761483
1,315,10.180870303238201,9.587291271208569,4.870128728262838,18.98576589340222
1,316,177.76721588483133,153.11804161129157,49.31631067331836,448.55226644409805
1,317,130.8914969359856,114.13540335610476,37.10303440426614,322.1897372829207
1,318,99.96823659628913,85.11107924786654,27.024954708945423,258.5491983516758
1,319,89.32261178268718,75.29089883934311,22.581441815456117,238.01259953337663
1,320,1032.0523153812373,958.0676304988556,413.53674564250315,2063.6149657661017
1,321,100.05811250810623,93.73823994805392,46.1675536709041,191.4723138097248
1,322,2490.102284729859,2341.4865906126684,1113.272304486651,4709.305836638255
1,323,128.54955801268628,108.87031395265443,33.99508356407276,336.7824565239544
1,324,29.628506389162773,24.520218996505715,8.203831522955493,81.32494441895362
1,325,106.2530224424942,90.86643007758866,28.493726637541478,273.8188555045209
1,326,21.01594972594751,18.16067619741029,7.12617928979189,51.75421698856043
1,327,230.27788131108795,194.67241699469224,60.08855144075415,609.7102697298507
1,328,3958.443599566838,3655.7396760411425,1564.9753466524176,8064.359278695855
1,329,0.5993270956874619,0.5111224831744418,0.23792783761687678,1.4967340704917058
1,330,101.22006272624623,86.3868364463108,27.000691173582872,263.07849698721475
1,331,310.1851182664005,271.01288355052804,87.77135340274269,755.0941941211711
1,332,235.88756729642253,216.29591131603235,90.01939371728619,492.4986717209219
1,333,709.1339260206753,628.3565565896898,210.13039567685306,1664.81121416675
1,334,4.4380886057681455,3.9835783381714647,1.6520930548251112,9.891407030668582
1,335,4.207380674492574,3.7952391361568463,1.7123398369977567,9.065040258920869
1,336,0.8781313629731182,0.7403947054032753,0.3349320897136629,2.254207722161716
1,337,4178.523380231077,4001.151863164513,2068.218685119958,7298.394320128213
1,338,138.62307687110587,116.906214924272,36.16725635656855,365.255023015684
1,339,79.88574712952057,67.94249001287096,21.063468733559898,209.66641784317122
1,340,0.8243912713784806,0.7323122406208649,0.3234935837628364,1.872118166153031
1,341,45.35989144405372,38.59798997170134,11.793073679747678,118.19507634184946
1,342,7.19160308465732,5.913037096629945,1.7061414546164282,20.27555496471502
1,343,2.7246490063111106,2.2282465586426,0.822830124998855,7.55792416919602
1,344,11.556866669693811,9.981809437744106,4.2369709592575,28.126076168363667
1,345,27.73080678930066,23.19204598330149,8.907453813344073,73.37865758722249
1,346,2.2015229505346405,2.004874877383054,0.9871443692962996,4.458529559567029
1,347,17.856704962146786,16.048138620265917,6.799323113067959,39.386581455584135
1,348,1147.7595592307873,1097.2064245156084,523.0847557166584,2066.0959009267976
1,349,16.47527777366483,13.617697327875726,3.9490148577739235,45.91182922079805
1,350,7729.407459618317,7454.730250584045,3917.643359905523,13097.330586105027
1,351,1.3424854430653361,1.1834597900234747,0.49831735578199343,3.129710999767394
1,352,39.30262254350483,33.0343795043816,9.87106247451259,105.67095615081307
1,353,7.104789980988336,6.516442471639156,2.9416828976477967,14.756350799302329
1,354,13.345590612249682,10.93108380587168,3.2066169851574133,37.58301553849549
1,355,3.204238310801622,2.3053643629719733,0.8823967687577486,11.232302653445817
1,356,532.4999893832269,490.55313340958105,207.5858226809778,1094.6148751829248
1,357,445.48836529468997,380.5877283769895,120.72472072055463,1148.9575832238477
1,358,139.86272151737938,117.143338437934,34.92799738769318,374.3942558978189
1,359,10.180779945387869,8.508081932850683,2.5557587660344,27.58317548233482
1,360,2.157796505807402,1.6649521137564771,0.6306402606957836,6.668769763391791
1,361,1.8078278901298288,1.5898059594772112,0.768379224784944,4.11326005613286
1,362,416.59195614811375,359.56083178959057,113.91016231906072,1045.7554580713504
1,363,2395.171618245627,2277.638911281574,908.2857100830845,4556.365162941894
1,364,189.35706402930074,165.081908672088,53.03401178940638,468.3058379222246
1,365,5891.815898714149,5598.173360711285,2773.438181445826,10718.903166843596
1,366,21.945650030239786,20.38045181203604,9.640259029332714,43.19423908264373
1,367,379.9287832029438,358.7450382314916,163.5495449306972,718.5045160584228
1,368,315.6580174159677,279.4258935309116,93.12342176606226,741.7222503866193
1,369,107.77174356739745,97.43717118587715,41.06062016716783,235.0947770760589
1,370,13774.709299712731,13413.884596687749,7591.028240544111,21945.58914683032
1,371,1304.8087593928253,1222.2599875186067,542.7145871333288,2536.884188091005
1,372,3042.994699415418,2829.0347813747103,1232.526592485948,6061.5328463765945
1,373,2493.1556599243363,2381.656116373146,1138.8520832993577,4458.98849559561
1,374,6318.504640605614,6057.765233334927,3127.7012111608005,10957.96507512384
1,375,320.1104729579222,273.4174909247724,86.15578219501924,826.954241074259
1,376,19.921841194641857,18.151519769786137,8.071974764693273,42.20767752898234
1,377,266.4355794710613,244.01251595274246,101.87209450984989,561.23084964394
1,378,184.71660603237788,156.8468253629956,48.591138357199725,483.0515649941823
1,379,197.14372996874232,171.57840896723678,55.16469524846305,486.9416819970784
1,380,213.56325920685907,181.58945120187138,56.73712542204124,554.2371037549741
1,381,1198.744068242829,1117.4884546166131,487.6042655789008,2375.463801465876
1,382,36.38924368615831,30.71365163830226,9.449518917019809,97.10754192074137
1,383,2.9065170812252075,2.606151181691454,1.1204504465718588,6.434696955820315
1,384,6.4701184900046735,5.53995105531322,2.175958978466062,16.139988199016756
1,385,1.5121541759150172,1.2261052053950574,0.4616160877406749,4.271435750931861
1,386,288.02460447458157,244.72517170611874,76.2114138028006,750.3569640196561
1,387,6.1668355895620435,4.989922502052858,1.431544596674753,17.782333182253172
1,388,54.530777306778546,45.913004619088845,13.920579973861313,144.80487478596805
1,389,35.75200037121845,30.8359999172893,9.640424411417401,90.32896420354504
1,390,1.4990339000690371,1.3245732164203883,0.5671278307946593,3.4619069658700163
1,391,0.25333670955856685,0.2076474898610377,0.07820015681004965,0.7084701233999253
1,392,0.1884531350595823,0.16324050392776238,0.07114679649689257,0.45989530606114015
1,393,0.07894223183983727,0.07376171398646746,0.03572000259955953,0.15205838378798484
1,394,4.292461619912597,3.911160191184994,1.851380949965067,8.921998035361275
1,395,1.3036186181693021,1.176717461715786,0.5423259083703066,2.8100198130432283
1,396,71.36801158969007,64.76949998296459,25.585013244463948,155.00613501861045
1,397,97.54540506579944,88.7796470917232,36.16148673393849,209.10115354604588
1,398,0.3196893507033826,0.2942882974053515,0.1463048165777033,0.623614233479084
1,399,0.6092175802436396,0.5459153899721932,0.23646629732567898,1.354059622375934
1,400,15.360447896985137,12.868256023393377,3.8732634790223686,41.21932621675979
2,301,242.5936923651025,207.02219759354432,74.94411278134018,618.2898958979138
2,302,25.258190024998115,15.893789244644843,4.624941021713849,102.61150571019131
2,303,95.13509616730767,80.41489803049839,40.53794304339717,239.26367407026888
2,304,21.913427175832343,17.11767795392568,8.973975807288612,65.87319907248586
2,305,537.3767180790384,483.8418403591305,231.04667183683776,1159.662157167027
2,306,239.29117840108213,232.16799481852763,160.4447985998273,360.4292415186284
2,307,32.99600944395458,29.25869869074645,17.011867683306566,71.8755433086411
2,308,3050.276958866992,3008.385492498199,2099.981257624115,4246.443647460401
2,309,251.98099505982827,222.59832126515693,90.14820440945577,585.617984572007
2,310,7718.200536210008,7603.073416902806,5020.5871305399905,11048.568538193238
2,311,2090.399000887277,2069.278620670235,1534.0744440610613,2772.6508774900176
2,312,1097.5529948306378,1086.2070881431669,774.930771120572,1481.025500272138
2,313,2946.0388553963285,2914.5231664934754,2164.843218977923,3907.40341203012
2,314,520.8922405128693,505.8636888656612,310.1149998591332,817.7958330060446
2,315,607.4897642543481,590.2665227627517,362.03771619109943,953.0034238302254
2,316,3606.2657891219624,3566.5527993444093,2640.8144139864085,4799.335837438283
2,317,1821.280150224968,1800.8859004066687,1320.2437589685326,2438.015505333979
2,318,3970.0696281826818,3927.092490285494,2910.5739310004865,5276.016773353816
2,319,2322.768232042305,2273.596629247674,1341.8301776646215,3576.2367121636576
2,320,7938.666710793685,7820.31596926695,5521.471567751058,11033.838802079536
2,321,10323.73222646553,9974.594004808985,5883.301073336849,16841.18760425632
2,322,39485.22364520513,39004.42137524491,28372.35518338017,53231.32852968058
2,323,4764.616940719745,4675.5729138485585,3243.355874302093,6789.759486966249
2,324,596.6453346436347,526.4584409501413,276.66980284392895,1323.156794685689
2,325,2793.11971048926,2743.1938996578515,1930.8083349251456,3934.2077922330914
2,326,647.4764635606055,574.8242530132168,258.1036606837062,1472.6386101071046
2,327,10958.659970333145,10808.878414060167,7754.361965614469,15071.764596703417
2,328,47327.248630782306,46803.197519675974,34720.81823153352,62969.025608205186
2,329,119.04709619439387,103.20863516306505,58.24721563885426,278.990224791119
2,330,2820.012373340225,2768.40982470619,1937.0691685756692,3993.2863970419644
2,331,2791.9772758480185,2733.1010636193187,1818.8346545646477,4103.047215572735
2,332,2823.7500651667883,2768.867903843626,1935.7918757230607,4018.338032708657
2,333,5251.013907275521,5173.48376990123,3566.850094678378,7370.732287572623
2,334,1552.7667185727448,1441.3718514556267,716.8794802206853,3024.823298048195
2,335,437.157578630936,405.01373211870055,216.3933967448472,847.2608221555952
2,336,163.9945610007537,140.8332022057126,76.66598144842409,398.72290616853616
2,337,19539.186054774163,19289.316895309734,13743.591288852625,26742.339786823704
2,338,5929.176890747193,5840.183273102876,4140.505237563918,8220.704506792697
2,339,1873.4147521502098,1822.1442867464398,1212.720716483163,2824.7833541898085
2,340,143.75242428591625,131.1766655285533,69.85841637437939,292.65343323910685
2,341,512.7777701204641,486.43148723110966,303.4580543745009,874.704105086459
2,342,350.26604376504304,333.6603756538207,201.72636208789507,592.5685864195495
2,343,286.6218133692322,240.45959095880772,101.51340385678778,747.3109718465563
2,344,223.4324216691009,197.19555088522844,96.81688454687259,504.8220372265897
2,345,265.2403508771827,225.9316324752897,97.24828312305002,664.3285965153533
2,346,159.81564034432492,149.30453388610385,89.27407432632467,281.8973462835812
2,347,862.5163787926325,796.160275001198,391.0979045640722,1715.1590003957303
2,348,2873.096326240384,2820.753233259518,1815.8101070262796,4227.210833841205
2,349,1763.7785524543626,1706.0994406570353,1113.289684641943,2743.419858242455
2,350,27564.494204890558,27253.133951942946,19229.49140992568,37764.441764783944
2,351,293.5997505360986,265.4778293469261,131.0745098126925,622.3273279990759
2,352,2608.708592622457,2560.90814886699,1789.006625918684,3697.1578171570422
2,353,695.1746787267048,657.0406088568639,359.6169118863764,1247.8492373566392
2,354,208.89717009313858,191.069575898305,112.03032653987806,409.1383281079609
2,355,143.48069639237605,104.70116254187397,46.8789019461851,481.70196749530305
2,356,6303.632743873715,6215.837801055636,4452.047113069699,8655.601752019622
2,357,13872.23023633016,13692.25224150034,9954.027106013722,18812.982051934618
2,358,5259.018679709632,5177.5681142939675,3660.8039382235966,7335.166621166925
2,359,450.1473899415158,432.5024777088766,290.22905527462467,713.5800962084509
2,360,135.0913705570686,105.99423015113112,46.64720451556956,400.1330702040913
2,361,130.73867644798005,117.4438879527429,68.06657686749635,273.7798887836373
2,362,7479.977559907468,7369.79379349259,5243.683922762145,10349.390030167131
2,363,4341.038465194557,4260.935834340464,2308.3666073570153,6831.886673874482
2,364,2121.809586573511,2082.837892068639,1435.9222639671102,3035.3798812344394
2,365,56937.50508192913,56298.73537126434,41086.919506182516,76319.36259572174
2,366,2607.361950983075,2501.8553043372817,1405.518744716809,4427.943918585125
2,367,1091.937760213725,1060.8314715324518,666.129695291781,1693.596427556547
2,368,2292.4049058146743,2255.49770703429,1541.5730110643874,3259.0507183945106
2,369,1265.8074982716041,1170.310989733541,561.0482973346923,2526.23859314802
2,370,25003.796388091294,24637.098687418667,16332.978248197584,35689.069293032815
2,371,6324.1565838028655,6217.515545548458,4252.8207761818285,9005.717281354722
2,372,25425.33868988908,25129.40240901027,18351.965793801133,34175.51160347458
2,373,6743.766998825438,6652.873310483448,4436.361108548206,9566.338026890895
2,374,28335.05798951967,27994.310010091533,19892.876857265277,38847.55631911435
2,375,11526.548317535531,11374.346763510906,8212.827549081472,15704.131300370122
2,376,1041.0035071477294,972.9056690513971,509.5539996305509,1981.2376317772419
2,377,3826.206605007649,3757.085394936374,2634.745360216289,5423.7352389340385
2,378,5541.184581251809,5415.855887062411,3683.439177340326,8117.883036300437
2,379,2336.3696604611905,2292.1930827303268,1574.8914278299285,3352.013913621943
2,380,9559.357671194253,9421.914686169372,6767.838522386068,13124.8644935211
2,381,8192.29356351187,8079.96139513747,5754.821698093384,11273.482746777787
2,382,2018.4162651470685,1978.8463207178424,1374.022218079424,2894.1307694909906
2,383,605.3322498588836,558.5584226766964,287.36378805611514,1200.6632448828395
2,384,488.3826567881728,429.9783074545006,192.58684892639815,1128.2649216077195
2,385,332.4108761412634,275.25191267525605,122.00904016005782,884.9210747169162
2,386,9752.063881907423,9573.127028933308,6691.3577034399195,13825.42714839074
2,387,512.83961776934,476.6636557134213,291.3776561502872,947.1588379959985
2,388,1549.2584390219276,1505.8147823253107,979.737066693726,2368.651218731291
2,389,307.1704859318963,294.05371436201165,186.4304797373549,503.85076564005726
2,390,177.10700759110136,161.0574755632599,84.55486096202185,363.75338018405654
2,391,108.55395415302051,91.62109935430584,42.35963324745638,276.81218429164363
2,392,90.05567682020035,79.69340048664121,42.64475803111201,201.0292976490821
2,393,15.111315725209197,14.593981630787466,8.521503194527138,24.665779413681495
2,394,359.1714212381865,335.4856738963126,190.29272664779964,668.2051679621186
2,395,153.83429325801288,141.95083461558215,78.76280686302876,298.8883626028026
2,396,1031.6943512681528,1010.0068425663708,703.2015039296439,1481.4939206286435
2,397,1423.930049129615,1386.6871945319979,944.9542669880293,2116.8509316988716
2,398,87.8272850768259,83.18761472550503,50.134689693213446,147.04096780279264
2,399,171.9289093297172,158.79904111085446,85.24210285883557,335.74209234473983
2,400,1591.0382166829593,1556.8617755090822,1089.2923898258828,2275.4899222755826
1,401,0.22387960229705337,0.20856772146676006,0.09905885740461579,0.43740696679648045
1,402,2.9470663954265013,2.5137101703090616,0.7908283033409579,7.656845984922452
1,403,2.4011059437720514,1.9739628341097735,0.5859328146727124,6.755184106681801
1,404,2.7980686692196275,2.2979275487745,0.6504803569632245,7.858627062590182
1,405,2.4369653202790413,2.2216061697463463,0.9786431831548911,5.161967544162785
1,406,4.449294464274944,3.516398101463305,0.8157847607276282,13.512038758816704
1,407,61.79690577413595,55.24839160450448,21.070766132726302,140.3559261786971
1,408,0.4889654012789413,0.4540940892235509,0.19892342618151232,0.9880367935869927
1,409,6.890912180196553,6.278723569572765,2.7692942939365666,14.547912725172884
1,410,0.15287849828402517,0.1397919664104181,0.06784145905246548,0.3042097406166808
1,411,200.0441379799397,185.63374460046393,78.7088671299983,404.380576902792
1,412,23.226451484630584,19.315744906084284,5.804985412063815,63.1211343872266
1,413,1.6268805979482104,1.4472560307902083,0.691417752917335,3.589842166430781
1,414,85.5008566089962,72.35048299390164,22.421899303023707,225.40013703492653
1,415,3.582250145733446,3.035478726327777,0.9606792701497331,9.188886199765177
1,416,1.3228875211198061,1.2343027705569967,0.6198703920068722,2.510868412027242
1,417,13.91233609251589,10.434634486104757,0.0,51.1754123304342
1,418,91.01042383747335,77.9166746460918,24.53072927519551,233.11801787759788
1,419,0.12686577280176334,0.11657526293540046,0.04715589750597942,0.26669143721237504
1,420,549.4920002320022,512.8494733966531,222.68896686810115,1082.6106604440708
1,421,0.5363030041189939,0.4709199676970092,0.21111904981377053,1.2622014630241671
1,422,2599.7512503545,2463.419149302911,1127.7534080187359,4845.368296217033
1,423,1.9531145732616555,1.7628713678066323,0.8343262806684245,4.189008631960004
1,424,2.0816349604921283,1.918008318829077,0.8985384676034249,4.22989178725537
1,425,37.59561406339788,31.93810267936839,9.934586069566429,97.92578825955599
1,426,0.622613147529705,0.538256766325855,0.22525106082848093,1.5209864365663261
1,427,74.44652045964479,64.4002457584023,7.522698521775624,197.10277898005572
1,428,1.4309078460005027,1.0979899699440174,0.2370038769712381,4.612629357845689
1,429,0.6985960552519777,0.6468733987902341,0.3132894806525564,1.3849156320414422
1,430,3.146952881993599,2.556531895910169,0.7410416097429549,8.985308079544101
1,431,27.921814864951408,25.252009505222457,10.548084272668675,60.3738136590347
1,432,0.9307574634153356,0.814324433327482,0.3475168317149937,2.2174000829848612
1,433,1399.6006163853322,1286.8516934711422,534.543684681746,2900.221603006207
1,434,0.5603130694650497,0.5061923007327089,0.22872560831060434,1.2045646042552778
1,435,0.9368709065421053,0.8210411098655199,0.3867089723295489,2.164740355370856
1,436,8.888873402497698,7.424187346340803,2.218696283713785,24.193924178305906
1,437,591.7243032222359,561.8858381513535,253.17487398408934,1101.5826802352294
1,438,0.31977009002970175,0.28098448723410996,0.13162702767964332,0.744410870071251
1,439,0.3371135869755457,0.28280989635226506,0.08660796073928136,0.9016048897729196
1,440,9.406307763316182,7.824745774639021,2.364430193376093,25.657553430407376
1,441,1.2445696584483945,1.1345224720575822,0.5464845120702998,2.56949930147029
1,442,0.47172635874357516,0.42515305445496854,0.18785618775398452,1.030248373540206
1,443,0.32290345515894087,0.3034609662305201,0.15267514638779925,0.6027817480467201
1,444,3.938697789473148,3.563248288322689,1.573736419939078,8.484539047926805
1,445,149.24293477972006,136.1335964962492,56.4701515198237,318.6416644526528
1,446,20.991985822407255,17.462449464242134,5.26241936833157,57.54526631221194
1,447,286.5847024748616,264.0075716221396,111.44563318669054,590.5948019863566
1,448,2.5967761986305864,2.3058222666358983,0.9993105884409577,5.90593165892833
1,449,405.2092500187881,327.5984324554408,0.0,1356.1933478395174
1,450,2.7225676488376567,2.381461064718186,0.9963927557434396,6.454856883383698
1,451,0.2090952965013573,0.19620033394279263,0.09773753260974727,0.3926894327731121
1,452,45.45831271671828,38.56567804805708,11.840795118760314,119.37812599956301
1,453,2.601764895717177,2.386331768268164,1.1098736699850855,5.361103147275366
1,454,3.4475384107129488,3.131348763248524,1.529299814213856,7.1941700084736455
1,455,2.794274327771652,2.558202517517752,1.1791743738042522,5.799642576861495
1,456,3384.371440520243,3247.524691937039,1573.5592785678743,5977.5857208642165
1,457,0.46010510402964316,0.4052423556117903,0.009722754923766239,1.2240337288261376
1,458,12.014965328867927,9.524423615431365,1.5720156226978652,36.838131442803615
1,459,0.4933729484048632,0.4052553941000224,0.16642367491498522,1.3528098753190216
1,460,9.240175680689697,8.26701589924178,3.155985062447957,20.96377589886989
1,461,1.7721319909211692,1.4604713181593336,0.4268180299050748,4.9598488164953585
1,462,1.699298017204508,1.5441755922469051,0.7017160691281652,3.6264137771226563
1,463,6.3186904581425685,5.774164602858386,2.456802266398832,13.078457455195379
1,464,282.52538822347725,259.27803060143646,106.33162471996039,595.024668518049
1,465,58.44539972608997,49.61496241036758,15.358729513167562,153.42303570416487
1,466,0.2903897234225182,0.24751366749295073,0.1071077185963269,0.7375361324194469
1,467,8.90186089254131,8.24675302031843,3.9492345598959284,17.70131231689618
1,468,4.585953305148641,4.172993415646575,1.6868763549730452,9.861688543224954
1,469,0.4639703874744802,0.39326137582821763,0.10617652688248702,1.2327537704438314
1,470,0.19043000816877365,0.17122372428370597,0.06016253442959403,0.4309960246869228
1,471,0.07584080422612567,0.0702195406450565,0.03208133610775444,0.15239392237729266
1,472,0.04827236401211896,0.031663938046844683,0.0,0.19393308393102895
1,473,7.417789113452482,6.043722545615044,1.6757488332364376,21.146626844081517
1,474,0.21589116550444643,0.19724226222162783,0.09429466778215773,0.43814688655879386
1,475,0.8178128384440749,0.6604369117912026,0.1939052536713428,2.3707789172232494
1,476,4.501629876456549,4.113488105127741,1.9009581029373723,9.31950264333006
1,477,1.6745929072520656,1.37674272453775,0.4076211159622754,4.671786359386726
1,478,25.432607834468616,21.578246802392503,6.722031014789856,66.20303305303491
1,479,1.5572676815984525,1.2344101862230157,0.36472534846510096,4.624882461178334
1,480,2.1527090530579884,1.7705344298341987,0.5353112790444172,6.031747776507096
1,481,16.36595173584082,13.740639139838521,4.159846266281601,43.910123137224275
1,482,14.733619438328214,12.540307436059907,1.8577236244263933,40.10561909782125
1,483,2.0332616592440553,1.630385254752007,0.3927995476412033,6.046460537075017
1,484,1.7334671486266156,1.4126901927969917,0.42052971733555583,4.891883458065627
1,485,0.651123987621118,0.5665999162484832,0.2560616587974064,1.5580114986641431
1,486,2.0573876041260175,1.5745586909298939,0.03504242991387582,6.857969201294739
1,487,0.44973624780415505,0.34557979002300737,0.07532272155883282,1.4267470809649052
1,488,10.503936297428346,9.438321202526458,3.8951670649892365,23.06124801958929
1,489,0.09386673207272357,0.078346730679174,0.0338870218307765,0.24704820299097702
1,490,1.0303888532498096,0.9030727337600439,0.4017485754705263,2.402867909439472
1,491,3.773103557328749,3.1036242334921456,0.9168089884903805,10.5696201909506
1,492,0.7088968707296159,0.644590342411708,0.3207523037080427,1.40982201395742
1,493,28.161480944868625,24.414885276691635,9.129627727720354,69.05803153755434
1,494,7.473514839516376,6.2504185110470765,1.883925663634622,20.21787119690982
1,495,41.21757074585396,34.83665757251707,10.823428074542749,109.14198423360509
1,496,99.3315994720716,89.80918556621977,35.394353852906626,218.24838084964068
1,497,9.279360931501458,7.814415902847109,2.4099089263316573,24.76059872403877
1,498,11.788590538078095,9.448751544201443,2.5494265341768445,34.65052144264227
1,499,57.87855420465781,52.368671769309984,21.16784856873863,125.7644582862401
1,500,9.263041998909513,7.491478262986154,2.075082372602111,26.927362316700485
2,401,66.3185993574275,64.33688154278197,39.25140438208443,104.7397111612899
2,402,117.22036526674107,115.79991289439232,84.77518641151595,157.94232357901697
2,403,157.7633113684101,147.70673755025769,96.86627904974777,278.2542042348805
2,404,294.4899577464833,285.7857663329114,206.24459579341237,432.7695774481274
2,405,1016.7653987665778,960.2365902458212,523.837018455916,1829.6428155851409
2,406,253.47080615878704,236.9812628057844,149.7868929198027,453.69984129870267
2,407,797.872182408552,760.9828933725329,449.6087396729195,1355.7582756825943
2,408,40.71274532947456,39.47734177423219,24.04753187176866,64.53255128600173
2,409,1030.3594094378452,967.0723275215049,499.7552285644712,1930.0225140987393
2,410,60.034065178668804,56.5571362047846,33.74718892714244,101.37587304406753
2,411,1025.7462900818796,1001.7632955525764,681.946684503537,1511.3979628439015
2,412,862.9769088598802,823.5219663232999,524.6396511059311,1427.2918057892566
2,413,104.36667843798818,95.12267165202988,54.990337932047886,207.75114977512254
2,414,4797.734936683832,4715.556959823368,3279.8282799796366,6792.623449250205
2,415,85.53413601766053,83.04490427154397,59.38870994579694,119.53370100012819
2,416,139.84288530374178,134.53247014861213,81.67334109859623,225.63117625191654
2,417,4168.211128211465,4093.26708749944,2893.7839118115826,5862.618907164279
2,418,1725.5634054974444,1689.6962569426173,1163.521931730355,2488.4202682153846
2,419,14.81270132497658,14.294270708476976,8.257860524463284,24.344156201393183
2,420,3160.7933983241915,3101.3901657243478,2132.006149614196,4537.0997761812505
2,421,50.44293193694018,45.28991109603041,24.203423012512392,108.55369009924623
2,422,10006.080819929475,9881.80967777944,6823.893502087931,13863.14552991443
2,423,319.05279456985033,295.2102950874968,167.94554049001323,616.5968804392749
2,424,365.1034258348576,346.65985675340926,198.16145125238228,641.247501792906
2,425,1487.206457048323,1456.9601356690625,1023.1002769392767,2131.3196769977017
2,426,151.3310254285296,134.4238838112559,70.2483462757739,333.94684354989556
2,427,1955.6938129328876,1913.4339416311877,1326.3499571064751,2831.5303429026862
2,428,156.7412035890202,142.13716479636776,85.74772427629401,312.8654744921296
2,429,123.89343647209746,118.10618306318037,69.08096466790462,211.92356089946136
2,430,171.96984400709113,159.33326872359987,102.89082765509785,317.31867108135873
2,431,229.6286728044065,216.37851164871614,150.75152895581334,393.6841303152002
2,432,266.0556330064761,238.66982524021353,124.15378123663825,573.6850890393735
2,433,15470.00946952806,15279.842491824515,11082.021887020144,20925.988195811824
2,434,217.34913588601015,202.0868108229456,109.1916405927436,416.4820614453737
2,435,95.94580445327477,85.87902420977287,48.89724800106611,205.6548054961784
2,436,909.7317173015488,886.1539120207788,603.5063883901877,1351.461815164002
2,437,1358.9400716913724,1328.5603858144195,815.2212264450192,2076.85885531955
2,438,67.79612846611569,60.76341642929016,34.426856806114344,145.80459409636595
2,439,23.178034543874407,22.844894965371118,15.395285793033151,32.979994750761755
2,440,578.5924561927504,562.0196156019479,388.55982361854876,866.5486058313306
2,441,111.91588728716975,104.97602879424582,62.16326675593305,200.28214452595563
2,442,219.3402257243015,203.398825735795,109.17636154495169,421.0656690075704
2,443,50.88108200002191,49.29446095622764,30.031204866287062,80.6391528112899
2,444,368.34468053892306,341.68936762370464,177.2531654969114,709.561119626556
2,445,1363.7684444005097,1314.4577462979557,872.2019910538669,2133.7785144252575
2,446,1284.648829580262,1240.5098332587681,813.0831302904247,2010.624064821419
2,447,3188.1092453627057,3136.8866982160853,2225.001451168273,4444.954438808579
2,448,267.5538826737203,243.3081969247006,125.16540731001147,552.9725461733248
2,449,38818.67212973202,38345.37717879067,27913.290395844833,52493.265787035976
2,450,443.41507355863445,397.184013983745,194.92713289856124,967.8994280165568
2,451,14.312720183008112,13.844261438261437,8.281757639583986,22.951551496891796
2,452,1010.1558772210099,983.061670749115,658.3462464206752,1519.3162019889314
2,453,447.42639182386785,423.70289094532734,241.67856404196905,792.0694473561554
2,454,154.3271691447892,143.78653278928593,84.26565871083879,285.6375213503585
2,455,196.79892981680942,184.77443623712165,101.03987712263024,362.35763726953127
2,456,8549.66054749967,8443.29933860874,5598.597906738905,12135.886555828622
2,457,540.8172786821552,513.3121487234016,283.7285938143666,954.4434316208312
2,458,2255.160688151384,2214.9575226660036,1566.025693957954,3174.8748162190436
2,459,121.84669113240071,102.00267607700785,49.90325539925399,314.07088076245685
2,460,250.40950996709927,243.04603331631986,173.80015143100985,371.48779253927967
2,461,280.34827759145907,271.6297118403345,192.98892415326537,421.0777077692043
2,462,266.61544951683913,247.99639229327937,134.3375521087003,509.37810490572934
2,463,79.45118795440173,77.42922142144268,57.05897454397421,108.57835816858166
2,464,2909.3436453966433,2852.688469141279,1985.8769328762996,4153.976703667854
2,465,1821.568166885214,1778.907757874617,1219.0712149151207,2669.9247987113245
2,466,83.82263901105397,73.01714777929908,38.56231540483607,195.99719024632157
2,467,673.8603643885091,643.3278170081933,367.25392851196466,1151.2462724715049
2,468,100.90976747896714,99.79249915924905,74.06367213781004,133.99774571371742
2,469,194.9468681759173,175.39336879373798,84.67658268176389,420.44501149836185
2,470,112.22847106703384,106.10845064652966,60.8820271877843,200.2228132151589
2,471,48.025422930552644,46.45377932191717,27.630902762311297,77.21947493109643
2,472,68.98547169531837,63.79461243380792,37.81072356167345,125.6601904519616
2,473,401.83576626687415,383.4080325858515,240.43361635788426,670.0117919528597
2,474,107.7080222211917,101.49595431353899,60.498372591778626,187.88257282854724
2,475,82.4998104084851,75.74515533796182,51.827576826989485,157.447735519887
2,476,449.40368820032234,421.58626753368276,231.09926548719497,829.319477587726
2,477,277.06047317899635,263.19969248620043,180.2822516730841,458.5212726066335
2,478,628.4651377155179,613.4054347352239,426.4369154209246,914.4631444889161
2,479,71.46856858778489,63.42604123828697,41.87938129339303,152.79670673213815
2,480,124.918830048282,117.23130992063298,80.51261733749647,218.72566842774293
2,481,1236.265209543906,1211.269861123511,846.9924428381024,1771.0747872514069
2,482,641.285810042826,616.6206406870062,392.07500327757566,1033.9796193848877
2,483,214.30134662318952,204.49971296113836,133.6840567274724,353.15328907431734
2,484,91.75065794639181,85.24762650967439,59.50467117579812,167.4649089068979
2,485,112.01844157355522,99.35219435243596,55.05622149006639,247.6092871622944
2,486,329.54257534837427,314.0851296788936,204.90553775909248,543.5888379210542
2,487,63.11469172994222,57.418417002186125,39.345062730870936,124.05947477846397
2,488,152.08592705267571,145.28000056684536,105.55392181247839,238.43191319482713
2,489,41.19619811330121,35.22431751531433,19.639782664682137,100.86914498600382
2,490,179.86315049690842,161.7075356030996,88.94890395426205,380.866674528175
2,491,267.8932147092452,253.0603601594861,170.91652741971492,456.3597034911276
2,492,52.307350847472726,48.82477615889423,29.203757706699825,90.20439814082825
2,493,303.90195927083874,276.7860250660192,159.7195333038532,606.4454276594456
2,494,405.70061319988946,391.54549860668067,263.5165967865851,631.4768819245604
2,495,2220.4627348188224,2180.79629035406,1540.8577787833399,3125.0112940877157
2,496,1472.3308557758328,1422.1506834483857,932.0693494333831,2305.1995343333574
2,497,359.6454760477541,347.1578931760669,238.98324389081245,553.1472778932446
2,498,378.514659534808,345.92190126341825,179.2912327044748,769.3977712207882
2,499,1619.4530803207738,1583.9277080673496,1124.070864679432,2318.0128764655474
2,500,510.6064084838487,476.19327830318724,273.8285107041177,942.4063318927012
1,501,9.18012286069952,7.99102577337052,2.9333523978503337,22.42869581250912
1,502,1.8609120393228766,1.641184284728229,0.7605299627009433,4.273447080465426
1,503,12.983209670452588,11.582651491465494,4.000043163073737,29.61635919406715
1,504,3.2084771750178276,2.806641742687428,1.1569864434428545,7.656476163820106
1,505,0.02999752578059473,0.021972065243685952,0.0,0.11350949974507532
1,506,4.061892702398565,3.544258526972067,1.3632173552383533,9.785643625024957
1,507,0.0571107158372187,0.05107274296605949,0.0093021651315415,0.13896159588315227
1,508,0.7010264967010568,0.6434161044741845,0.3013005651241378,1.4378572902161066
1,509,0.32219173438869253,0.28226895309153166,0.1339447262961567,0.7188875283757329
1,510,12.315840513451441,8.818895461029996,0.0,46.67228524951225
1,511,25.321220986240682,22.59682254027826,8.691701459809366,57.739380540813215
1,512,0.05220598858553185,0.048525344691506864,0.022672279564234992,0.10279569204813
1,513,0.5201984182311815,0.4769135936206568,0.22410845601806006,1.0686594794486577
1,514,0.15601821689225734,0.1392704327074139,0.054317445031196517,0.3544456771950324
1,515,98.25810691771535,89.25283023127798,24.47898122918574,223.127053894365
1,516,0.8062647785638107,0.7177700805038816,0.32771504604143925,1.813924330164534
1,517,0.15905813317966894,0.09896997675910324,0.0,0.7032126758083492
1,518,1.6278925104297757,1.308793907155127,0.0,5.22661140016724
1,519,1.659095113324245,1.3819964529998763,0.42285402988089654,4.474203072534037
1,520,0.009538028576248105,0.008361515075240284,0.0,0.026256673342759596
1,521,3.4840339112349112,3.1661154883243485,1.392056789432384,7.448848776226006
1,522,0.22341654811914127,0.18866325604524137,0.07476859669531914,0.5772704827824858
1,523,0.3691368353741011,0.3156804759924612,0.13720495836090676,0.9291527373011915
1,524,3.2370511028208555,2.6696255335930954,0.8170692121851236,8.93331172801376
1,525,4.883109335704572,4.448425428848437,2.0332866145876656,10.251738969120805
1,526,1.025861941978246,0.9311392890405717,0.4136249303098972,2.1871866027488065
1,527,0.25738908720937925,0.21931015073526183,0.0,0.7379853817586758
1,528,0.5526755790783943,0.4859000215901539,0.20965014320476127,1.2866583769168625
1,529,0.13768374777403655,0.12714354248761506,0.05384583487964279,0.282785874453471
1,530,0.31236498708572663,0.2668719996848534,0.0,0.9469049452877358
1,531,0.1947970259811868,0.165586481637634,0.07399760834255457,0.4969680107130953
1,532,0.6636198544781057,0.5331120561089211,0.15939193367408624,1.9049166308903636
1,533,0.5450707459543729,0.4951023730871109,0.22228904019487283,1.158121910111478
1,534,1.1361317227957202,1.0293456188438261,0.46956552829491743,2.4202977828407235
1,535,14.827397569029843,12.42158144327935,3.7604234731102695,39.78045960925602
1,536,27.091438714814956,22.830158173799,0.0,78.9097790150201
1,537,0.45176194431264316,0.39266647383510356,0.15847458765918218,1.0910928843372305
1,538,0.24109371688586373,0.19575058314184884,0.08176421825966837,0.6831062862833149
1,539,0.37549874802661287,0.32495601684435865,0.0,1.0558793005705491
1,540,1.3055487068977891,1.1529327195201415,0.4664196032505668,3.0336251105058554
1,541,0.04273122899084753,0.039819416451464675,0.018649235715953675,0.08382079174549054
1,542,2.400611850422768,2.2506980025221974,1.0994066660078305,4.574649542435513
1,543,0.9347328626413819,0.8537733285153131,0.3973997341972488,1.9222455608309827
1,544,19.661011160599536,16.026217997210736,4.370310975358491,55.97851436123141
1,545,0.21375879670737835,0.1809867869126529,0.06391685796276798,0.5615536907352385
1,546,0.04268369857316091,0.03907461198765766,0.01263688592995918,0.09312871786611426
1,547,0.6570329433186274,0.5584168546092552,0.2505180398580392,1.6655311625322748
1,548,6.9969311179800995,5.824450762502359,1.7433458450971462,19.137682356537375
1,549,130.01375802791281,41.78826190670575,0.0,542.8616678342362
1,550,520.1712821065545,444.27513703640045,140.4464203385331,1336.4624728222307
1,551,0.01977219746342428,0.014732126483479418,3.4293366864631493e-10,0.07090358982838767
1,552,6.37758616005942,5.910595340129887,2.794924945912818,12.651877453927767
1,553,31.301686028496498,25.73239729237104,7.063359784781725,88.14329441569362
1,554,193.15811587390468,164.4484652440966,51.57184507951821,499.6490361370878
1,555,0.08709843604031976,0.08116815702897816,0.038376199592216144,0.1704094642927378
1,556,9.104885898809354,7.60479795504809,2.273961789291092,24.77481121668297
1,557,0.4948427321573634,0.46625618397093815,0.23511557132599767,0.9201591634843358
1,558,2.446665776531794,2.1496815177014197,0.8744047580134159,5.765931015294337
1,559,1.0457359717706796,0.9496410780550737,0.4350732022161348,2.208068841958528
1,560,0.6155410883299524,0.5355426667511056,0.2372941400006088,1.4763282753260312
1,561,4.85948166247356,3.9561413950152575,1.152919511917476,13.913681122497401
1,562,2.9084371790841117,2.5750666410909155,0.9768818668725586,6.736082709158279
1,563,28.173425175569648,23.05714598124844,5.372189044712569,81.27292278647107
1,564,1.236816385343068,1.0164584436835244,0.22083380770065109,3.518384366500862
1,565,2.7723155494564033,2.12025345441515,0.6077379123179618,8.82295742394349
1,566,0.025776660251579965,0.023918537343506498,0.01085339387804222,0.051317906893150855
1,567,243.5005531556356,214.49085887919674,70.08303028808291,582.1702587183738
1,568,1.4956542239514545,1.2411872448202472,0.35939467418835364,3.9739373189985145
1,569,0.5502896715076181,0.48340048660972257,0.18488366931798858,1.3141239114442607
1,570,0.006775547336496924,0.00593057336831042,0.0,0.018305242689512828
1,571,1.6057179224495395,1.3692003051994395,0.5993281720659557,4.023863011823438
1,572,0.36276537038122536,0.28160088778524917,0.11054163601516291,1.1075615360712532
1,573,3.2526488553686184,2.822699640033992,1.1384331627482727,7.901910254175581
1,574,3.87557489993039,3.14588071062147,0.9249897333780678,11.170535877294775
1,575,3.275704737796139,2.901928896479979,1.377925667130363,7.405099655801132
1,576,1.343484335273861,1.110780975114137,0.3149920657858564,3.7088211132603908
1,577,0.7237305657001074,0.6798401198796318,0.34305603932521594,1.347433282137853
1,578,4.684059370210036,4.312509782830902,2.165178305876551,9.178886443589253
1,579,3.3127113575198233,2.786140642566049,0.8644375832743708,8.906845062401707
1,580,2.5178925491688844,2.0972799179310453,0.6389157435723998,6.864917550974847
1,581,16.26296522432197,13.321640163021108,3.569133866832374,45.93830300100107
1,582,0.7657792486284057,0.6882641605498858,0.27809467049297404,1.702396621131489
1,583,1.4772362061586737,1.3888929783426067,0.7011917515372383,2.7619475040213977
1,584,0.2515704794304017,0.21736173252068253,0.09499653942245816,0.6180177327050075
1,585,1.1730413128035615,1.1046686401714383,0.5622739481008169,2.175210320917739
1,586,0.8157564181710221,0.758341824953338,0.3762875863118143,1.5667400344884754
1,587,0.38975082414699985,0.33108740409358156,0.08064594669676836,1.047260480340229
1,588,42.389212563898006,36.52704473050015,11.695354464082518,106.7805763774641
1,589,0.3292893029905244,0.30939818532869456,0.1546246516329408,0.6158631758851435
1,590,9.979719632331058,8.887184432515987,2.9917647339643407,23.21421703688782
1,591,0.3396577269036393,0.31437173201220103,0.15180302680969926,0.6767080720429676
1,592,0.6848815824750629,0.5948174270962694,0.2831918660649214,1.5723259704753358
1,593,1.8606187090323112,1.6747794042245632,0.7526041101574623,4.064510548887769
1,594,1.2282103026506601,0.9975766266897321,0.30647488517903904,3.5176820729706586
1,595,44.75046755702935,37.702249684998705,11.456225987760082,119.2248479729656
1,596,0.09424586421677728,0.08842963489379346,0.04386334134288505,0.17834551543828714
1,597,0.2045823966085702,0.16331640100886125,0.004747944007750367,0.646962557688198
1,598,3.590754320592065,3.2831056402372294,1.4673928694052378,7.470432739188055
1,599,3.5718770253436465,2.9817623061460976,0.9409061486247229,9.426696393708292
1,600,11.686574670241706,10.515034271579996,4.299677719521552,25.74401406684593
2,501,505.37190950230763,473.5590842227666,295.2635933787426,899.1031090480176
2,502,146.91848373221052,132.43781325546212,73.72532948321877,310.4101850487272
2,503,134.85121410588124,129.35119855496617,93.48271826203349,206.29701490413277
2,504,500.69688630560415,450.4304166636914,224.88599172403656,1081.0563717366986
2,505,76.94639426536074,65.37552174600728,33.790805736272134,193.06467440577785
2,506,565.6010461469535,507.3819245203458,225.01239024500586,1241.1048376400995
2,507,14.408556079654698,13.852465040773444,7.620123779345308,24.374952154027415
2,508,156.13334613924263,147.14812859210508,82.23995469371202,281.0041683780531
2,509,35.244725700421405,31.60928611331478,18.11437633354966,72.40318816650604
2,510,2538.849192625175,2487.543744483556,1729.0268601669666,3634.7714004497166
2,511,1174.5924775668188,1135.2919028473302,759.6031177715637,1816.1303006648081
2,512,23.14356614679055,22.39460011660217,13.316790968010903,37.28394772947155
2,513,110.64994507142559,103.96588600063376,58.70656637225018,200.78070111735335
2,514,79.09974956429751,73.85604111698127,40.460982048857176,148.87241476791502
2,515,598.4688854536956,583.7432871715516,390.8542508236904,891.8250969699343
2,516,189.1693027246541,173.15957837017604,97.97146251645655,379.9342951894046
2,517,83.09918307224875,70.4610675591947,45.20904761571193,204.47888276105826
2,518,416.9606577777665,375.8027080843043,181.63471119837155,891.6637117273589
2,519,48.83681128700057,46.34024245099442,31.73707328281453,81.80944441278287
2,520,8.560181282203645,8.2489190077876,4.658722367495377,14.240276286631595
2,521,208.14162229627465,196.41305091962454,113.0425907297216,372.61610339756857
2,522,87.7180140442764,76.02847162652122,36.90514560948493,207.99836212573882
2,523,127.29921360826575,111.3045440515842,59.211491792632636,296.2950240686029
2,524,67.84124872371167,62.58574552243541,42.809979606926895,127.51272944633834
2,525,473.12360707655296,442.9932117735581,239.14991833624538,881.3718184488763
2,526,416.436791754741,389.7955931812252,210.80679419807197,779.6028610848246
2,527,306.0732485066741,284.45639582252215,147.14118210378763,591.0503176465656
2,528,147.77267695349536,132.9636196323034,68.4693872903326,314.4467526562597
2,529,35.395020105694265,34.194297658983544,20.60047408910287,56.898085887547204
2,530,426.66665135531673,405.44742509339864,239.26721984968125,737.8127803027744
2,531,65.97255180090838,57.08575709410878,31.20825823580041,157.2193647687103
2,532,64.5400138817593,59.19632257204603,41.23808789823577,121.5448001569798
2,533,253.57896419654392,237.77846318430852,131.4529555412193,466.4427344814147
2,534,248.42955004303494,230.9977714720532,125.3248435427873,473.789678895351
2,535,833.1231431799253,809.5794446376613,544.2676238583741,1258.664344806506
2,536,1268.0502174693424,1231.3291783567663,838.8865996251105,1907.4009329772787
2,537,321.73680073977226,289.46917616057385,153.10313764757203,685.5120378400715
2,538,50.91165780480582,42.02024550968791,20.90770827734923,137.01456939382112
2,539,121.4075474279134,114.8620677495109,68.96625066951147,208.97203663713304
2,540,419.1572724553391,382.9496058064618,190.8541154686971,859.7424495885078
2,541,14.349076687810337,13.844034171155425,7.939168180810217,23.6386569593842
2,542,56.43786340511243,54.400666711290796,31.37321898565382,92.78732583686455
2,543,234.4553599071113,221.31801951858566,125.01033319070778,417.3575565626586
2,544,1542.4487459225747,1489.6250622430866,965.5377489362833,2425.632944035116
2,545,94.49880350869306,83.09927315879335,45.660792511783235,213.06188444682024
2,546,49.67862613147567,48.101215495766624,29.257180705982996,78.84873598708971
2,547,71.35460282772804,61.67347117541149,33.075157167578816,170.02981891110065
2,548,231.69477775755058,219.64244196645953,140.25043355532702,393.4556200318424
2,549,4180.070237749754,4049.3882423388945,2080.0001989108764,7135.749119860488
2,550,15428.258638903828,15230.2154502746,10983.883378410928,21022.571837066364
2,551,0.5897182091502509,0.5555881616010963,1.512805740658312e-08,1.4888161933325812
2,552,864.1366848646949,825.6759545533362,466.58622459441614,1483.1606750597634
2,553,2694.190583769652,2635.7759308067752,1802.771604692774,3910.962881876416
2,554,6281.772335273574,6176.35289782777,4330.450566245866,8846.581407635993
2,555,26.744722775228386,25.90305826099236,15.675626639913993,42.508454749020466
2,556,1035.730898209155,1010.7199857868231,692.8717281112096,1515.7885317507855
2,557,32.202452070154486,31.278275354376007,19.007779505284805,50.76058112307307
2,558,115.56788048849097,104.17072560313582,49.09093473005359,248.97872018168695
2,559,348.68562829409865,326.40804271003606,181.69480379413943,649.4252618714861
2,560,222.89075882047274,197.8393154946947,104.31064606815345,495.8639893629706
2,561,101.7466692858928,92.27206902407713,56.074536612954205,204.44014562746355
2,562,722.2341218252818,664.4283568143055,293.4442224467502,1481.4976346362482
2,563,1064.355627367532,1045.9623456481893,742.5359828384331,1487.8918614451713
2,564,92.35906788914457,81.06393704272946,45.18611356294,210.12385325898072
2,565,27.705903415919956,22.692586171829085,12.976251929215453,73.3619317661816
2,566,5.4213593946361875,5.214693081097809,2.832105726614741,9.230949199112443
2,567,2029.5181612994952,1991.9653369542907,1362.364795097285,2914.7780347402904
2,568,35.75790489839941,34.698962776802084,20.978507306744994,56.6608401918185
2,569,209.4168624099753,191.32205954894488,100.31264057782658,424.35394357608374
2,570,3.9505093445119095,3.80198875155474,2.0322954106920355,6.736862630731314
2,571,100.38001291224059,87.34340283874681,45.31243302532819,234.14823495994418
2,572,58.1442293374924,46.05005389303338,22.004326859305255,168.0328683534071
2,573,361.3131918092338,321.47663657556063,150.88504772890406,804.1304103582422
2,574,128.46044135409366,117.31687094553475,76.05284452546975,249.89080450821115
2,575,97.42437719700798,88.04913595986068,50.05837774705901,204.0688865971658
2,576,128.24907261182562,126.76385663366867,93.29198574956835,171.63022830409358
2,577,80.44508609769156,78.0081512966552,47.756669991503095,126.66277669622443
2,578,101.65322910186777,95.97826994726913,57.93580349951113,173.74943265794616
2,579,200.55084776486848,193.96718044162958,140.00205652163737,299.88816776791316
2,580,174.98054701536384,166.7074917625929,118.76096274822103,282.55321890884784
2,581,1783.0840324123526,1747.6579142808937,1228.5967072032465,2544.9477303274466
2,582,348.35603931276535,327.29021806553953,182.60125888354887,639.0229244504669
2,583,46.17634906456744,44.74293900433753,27.12719101128733,73.25578961265029
2,584,33.86030587081926,29.797778228527804,15.520591019794962,77.38997936683437
2,585,26.907058419644258,26.0818018947216,15.93904854746972,42.591044705753575
2,586,259.85364337223956,249.42239817777732,151.6400638158559,420.9745007024103
2,587,164.97155733276168,147.3546397260805,79.56364781301936,358.41456164852923
2,588,424.836507710974,409.0536789055924,266.880846737791,676.8740701592923
2,589,22.63229174589265,21.92908695520394,13.278362869175075,35.95441409224706
2,590,70.18558528033907,69.41541501290519,48.870845858632016,96.08561042724395
2,591,146.8586733248947,140.24617047537868,83.54545602364543,249.45989913152292
2,592,47.28301718311981,41.9294665341712,24.259217587459645,100.83714639531725
2,593,119.59721439184524,110.22822233991707,58.57983474410681,235.4597059514047
2,594,245.17190915275637,206.84676279641909,74.50038272250667,642.1025875288788
2,595,912.4712046365634,874.1432868492366,577.2661502993296,1468.3553137471063
2,596,69.63265309673774,67.52122946066335,40.949644156003956,110.47683910991566
2,597,121.47034542316969,104.2582385788445,49.19001836292944,296.89665576452626
2,598,962.6809438189587,911.2591946115524,492.99542310469513,1728.4920357787094
2,599,36.789738573068725,33.773555757839006,22.99002550374617,69.17853659532794
2,600,148.68820543567213,141.779000375659,100.92245151981919,240.77478278135587
1,601,19.587064167491413,16.34833500516134,4.952161285609544,53.29484504805495
1,602,0.22721543375242415,0.15814674141902213,0.0,0.8972023607607068
1,603,1.4787577579295719,1.3571701938629843,0.6296259150540647,3.018432148467331
1,604,6.5981815867950395,6.23402708156771,2.8127958962768598,12.462087753715673
1,605,0.794173650936309,0.7212372790856418,0.3439924313985216,1.665750924733294
1,606,0.31385095627749643,0.27832183181543213,0.10621532285785312,0.7279255449487325
1,607,9.489168340644081,7.568630845067982,1.3853747489123969,28.91466179470041
1,608,0.10213816829141092,0.08844296809718016,0.0,0.2928344416199446
1,609,0.5050486853632532,0.4412879592588993,0.18983930357121478,1.197169671490773
1,610,0.5347817023745957,0.4802254012727414,0.20673948136334466,1.1774745291219764
1,611,115.67118379547576,108.52768675709456,50.030792052475796,221.64866213857528
1,612,1.835495094421785,1.6936114036292111,0.7836984358683375,3.6974647605484754
1,613,1282.6923328727555,1102.4049109673101,0.0,3804.5545508553264
1,614,2.178502272028273,1.9993698101350825,0.9421715105574203,4.462438371472003
1,615,0.16994107529030023,0.15561820651242914,0.07543259026545501,0.3397404021980435
1,616,163.47484763875468,148.82009920316293,60.26116138838967,350.29507138492846
1,617,1.5516136644975496,1.4374072112314902,0.6965172201776443,3.0649997477628115
1,618,0.11098090940421322,0.09774418677811776,0.01196623812863206,0.28670473832134324
1,619,145.65894947422174,129.1234487265588,43.18508192494916,343.1072892480494
1,620,0.3158535908268946,0.29188526021154754,0.13853613898863248,0.6342614095604768
1,621,0.05910592857450085,0.05074693440143657,0.020760743840498436,0.14462734899447802
1,622,1.1919482982603442,1.0991345232009297,0.5166852186171008,2.402804797448344
1,623,0.16139010736156117,0.15030035064077985,0.07237606235287056,0.31371785096547666
1,624,1.3340300152023898,1.113360006170093,0.3361370274806504,3.6198694255605335
1,625,0.600771746211818,0.49809778180430664,0.0,1.9126176916153648
1,626,0.21813553099372282,0.19662930081109198,0.05366590667856326,0.5075094194659394
1,627,0.3623599054333008,0.32695378315484896,0.15448153202849027,0.7745053979973532
1,628,0.15849083976783754,0.13696836444116323,0.0,0.44455028782722383
1,629,11.961997687354346,10.811503544210119,4.330343676291827,26.13337598265977
1,630,0.04376461715398713,0.039474376146244244,0.0043161147498728585,0.10720942582498832
1,631,0.27424604070020775,0.2508710281438804,0.11219083167055192,0.5717848616287607
1,632,0.11429568134070661,0.10735391820000825,0.053327151045737764,0.21484620945383823
1,633,0.7216075003164305,0.6257288622096848,0.2516721543534444,1.755089333586207
1,634,8.052747546771117,6.733820268845025,2.051430582131882,21.617133631374802
1,635,0.2131015590602597,0.19532917941170633,0.09044053409759766,0.4392954445090782
1,636,1.505427500976307,1.3950163531140642,0.6641261847518073,2.9919032304362134
1,637,0.07607190629849805,0.06673646304642236,0.01829480812418065,0.18872174860477386
1,638,0.8701816945332188,0.8106634789601499,0.3932114885827157,1.689469988207151
1,639,8.873112467038716,7.938084033613477,3.1329483492551042,20.057821252625587
1,640,7.21401437266928,6.630529861233849,3.136823877874498,14.71680904981215
1,641,1.025966807670844,0.9290407558458987,0.45121739306470066,2.1412038838238323
1,642,1487.6457499358687,1407.6197853647668,644.530853274441,2768.298334445199
1,643,22.3146804580701,18.948286263876014,5.885366422019208,58.2748201411288
1,644,349.8397647676648,330.01143752106293,151.18795424014687,660.3384813374375
1,645,1.4642120762353221,1.32908037686011,0.5078209973981431,3.1795196415826465
1,646,589.0653143913812,542.8940990584506,231.07063560875085,1210.140822558137
1,647,5.02130667318258,4.687690153648498,2.2599761838829657,9.722332247136933
1,648,0.2581539125049554,0.23377120786529848,0.1049697567889248,0.5551350238522312
1,649,0.909881640083075,0.8415259444450991,0.3949069052184931,1.8317185585415061
1,650,3.2589023247710247,3.0488597835047107,1.5104472583530733,6.228042257431636
1,651,1.4041190814533202,1.2869418708155778,0.5964037745759897,2.9041294792706918
1,652,0.5541254886867963,0.5087775378764079,0.23645992204951602,1.1358175462687508
1,653,45.56247883038807,41.274383472046985,16.902950526455843,98.73031037880575
1,654,31.721775067592596,26.637467679433904,8.17873844967885,84.78050272630277
1,655,9.025932452513977,7.478629457705381,2.203798512258923,24.984445263934543
1,656,13.097315192878987,11.81526732275086,4.819356548436596,28.86596278539263
1,657,41.81207102641994,37.03221561593578,12.225689749141686,99.06617727428228
1,658,0.7290105159918824,0.6703167709390859,0.30384649279906334,1.4888371983087574
1,659,0.5439930765629719,0.4381478466969452,0.10341632679406655,1.5948975101840988
1,660,0.23360410642478804,0.2042005081545924,0.09216659460006289,0.5493348820030629
1,661,0.8573256260689277,0.6931066610434072,0.19926417066426363,2.4826579703218843
1,662,1.2676374452071935,1.0482433412360885,0.31241247414597284,3.512517150091242
1,663,1.08994705302349,0.9015929236049225,0.2685491689102201,3.022723478190237
1,664,4.61558664289498,4.042748624142659,1.3195381800843102,11.217330018564393
1,665,1.8708210274924533,1.746300179438806,0.8522870294903345,3.62130125117216
1,666,1.7860330150016797,1.6477938414378612,0.7726954148876962,3.602656578822247
1,667,0.41967031989463155,0.385018129971938,0.18126793009833767,0.8657400232301863
1,668,0.4158669477525708,0.3827586570212651,0.17427338530555203,0.8518467121648868
1,669,18.974115188251858,15.876118490713594,4.842114345072398,51.15067191418304
1,670,0.3544939378614255,0.32304389223949714,0.13302246227371686,0.746201942263709
1,671,0.5958994096130845,0.4619485297020751,0.059887025007575215,1.9100517411117133
1,672,0.6282907214881183,0.5521284394489159,0.24495705477011553,1.4709176351048252
1,673,0.07648693668249497,0.07176463294207118,0.03547014441082653,0.14427452920936748
1,674,0.06466154851554222,0.05311225610242984,0.020608667462786227,0.1776389490454812
1,675,0.3630704218879403,0.3417777010599965,0.17305182659069435,0.6765116500929248
1,676,0.8359741801493531,0.7679613045046506,0.3741042255318639,1.692595445781849
1,677,0.15966462894424974,0.14710438354159466,0.06942307966234536,0.32301575052994147
1,678,14.666266742902987,12.357793288017753,3.803504050907053,39.08002398009274
1,679,67.92748966727602,59.86451366734137,17.36196051047457,165.44463152874943
1,680,0.306152854572485,0.27021528286703544,0.0,0.8189923328701154
1,681,10.973511492208768,9.121999507459952,2.6578024590505502,30.166945259642898
1,682,0.2294974600647507,0.19793592732139817,0.07003502642172482,0.5732073143448613
1,683,0.1278549864636173,0.11386934066815001,0.055092719054666874,0.27299007634312017
1,684,0.7359563869319635,0.662642032820323,0.28602874494099273,1.6133460868429574
1,685,1.0243065994932612,0.8412607231239668,0.2487840141643529,2.879201323819961
1,686,1.800438702350844,1.6750894270087175,0.7981663871102034,3.5247170797911616
1,687,8.68705140201872,7.23440224259755,2.1764374961300548,23.67770923551789
1,688,1.5226987142127764,1.366146345814422,0.6186271368507847,3.3353366777913216
1,689,1.0341199946140442,0.9592637696667576,0.4517273702273926,2.0536184262035606
1,690,0.13345212215902408,0.11869205186824983,0.04999028489914389,0.3063560896555798
1,691,0.33415815940898086,0.28690105801179067,0.10749066112083067,0.8390173720212897
1,692,1.1330201845737669,1.0234593327874917,0.4873469579696131,2.4094953839164717
1,693,1.7257730350053666,1.5701106505084188,0.7632211935087051,3.571462146438865
1,694,0.30346292229461835,0.2739347960566848,0.12388475135792533,0.6549510068055073
1,695,7.214160418701584,6.677759787753748,3.1788665761276187,14.340831118239134
1,696,175.2324892331418,159.35821159234985,65.12954900037063,378.7304942239965
1,697,2.93982640180149,2.730111572618183,1.3043086968180695,5.76991316554044
1,698,100.31023716220061,85.52029444375601,26.874203017573,260.0003491030874
1,699,9.347743083976553,7.930080516421507,2.4859063133408505,24.443219401795073
1,700,1.237051821986148,1.133155004713501,0.5420199884836883,2.5296496516769698
2,601,620.9989119456242,592.0094116207385,381.6609924063428,1030.365274099611
2,602,210.73806723751244,175.5151432114253,70.00800119035385,563.0375019041069
2,603,332.2758845713518,313.96854728857414,174.77617815218525,595.3454744421186
2,604,28.27925919739862,27.924703758706872,19.52246351883831,39.06767677780369
2,605,126.31390995695692,117.59928056666695,67.58660453703597,238.12770188645894
2,606,157.2086643838568,145.72038972771958,76.08460579912305,305.23825024955283
2,607,3168.1838003165476,3108.848501427793,2158.634036894411,4525.323112894503
2,608,306.51550741756756,291.76862321253213,167.1175827927271,530.6501828102605
2,609,168.40174608934515,150.506131836272,76.85931426333053,366.4552916935082
2,610,178.31403225950743,165.32875056032663,85.94583398726984,345.7531428090163
2,611,327.23870909382345,315.4253844683242,199.25670794415578,525.1378898589155
2,612,662.6856235248742,630.3591386612316,350.31530867996486,1157.9179906908562
2,613,133316.0168175627,131804.72080969828,97145.92772124728,178015.28652284885
2,614,188.03236175290382,177.39583304621004,99.31259701838995,339.3784705965028
2,615,61.36045064830908,57.873965907826815,34.94641793337521,103.76708199788666
2,616,1810.636446001312,1753.7535441628693,1140.579404037743,2806.6788140747185
2,617,115.72556825311761,110.28679934591648,64.17814624399658,198.68245557642578
2,618,128.3897737434955,120.10082681813606,70.09237619034776,237.034376583196
2,619,10597.471098132028,10480.452442225971,7792.62597171138,14051.437894681867
2,620,134.15755999690847,127.53896469377034,73.23049106146925,233.22704729661294
2,621,40.68143798534566,36.066773959023635,20.989148215128754,88.3690676884011
2,622,300.1715619725363,285.4327309018988,163.20291635953492,521.1528198357934
2,623,146.34286817902446,140.9260330491616,84.68484313241629,239.5328684351673
2,624,126.33535960076796,121.76346287827425,83.03221034592919,196.5086334563441
2,625,537.8033158737617,510.23650084871645,278.6336576905005,961.6283017715192
2,626,308.3852510421197,294.7281013328609,169.97159628067746,525.8263146498443
2,627,38.83311572490498,35.94051783692812,20.28656303205086,74.76315715154983
2,628,117.18055520532783,110.26687917163912,60.94506768000333,214.73353817514123
2,629,467.9642776327038,459.8517324160888,332.78405849215454,651.9711625667233
2,630,42.65820608059707,41.356649030261124,25.175749257399378,67.56003654782292
2,631,141.29131579250443,134.31284577792223,77.59008591197029,245.83259790457436
2,632,21.826087812738475,21.14732900872607,12.704973460834761,34.80076601494206
2,633,114.99123208521426,102.21352622181206,47.39675553182063,258.8084893121004
2,634,544.6540810362777,527.4182962680301,357.97707814262924,829.9413197533225
2,635,202.12239985414638,191.33784938462105,110.15173058775287,355.74216697233885
2,636,593.1919043177069,566.6607648588573,323.1379220496242,1013.795623418487
2,637,79.49924119554626,73.76527817809901,40.60441048577153,152.47511368355717
2,638,307.4722993371689,296.075744776513,175.11709008267303,508.07467377758
2,639,178.80859117755872,171.03524690589333,122.39417557332519,285.10835140662095
2,640,202.3616800522133,190.36841727316346,106.53732403784984,367.08868771122684
2,641,101.3489500539052,94.02751798180225,55.438931687964455,189.96102697357168
2,642,5497.314700788715,5417.558677969762,3703.9920345155897,7735.284756104109
2,643,1034.1137810604653,1017.3189513543443,724.880675961418,1440.476945360687
2,644,1129.4432453787124,1101.8951184624111,718.4723354762857,1700.4182498692394
2,645,510.42101234000916,487.63971703401796,279.97033785952885,871.1521554599068
2,646,7798.175424165758,7704.614751636755,5681.8516665330735,10415.663782376801
2,647,1127.270275850196,1084.627829064206,632.4764184121531,1867.7300567126322
2,648,136.67866376963332,127.91314424791469,72.94988136043882,252.06481975664065
2,649,364.6715907436638,346.958499592676,196.37483344906468,636.9834892108925
2,650,245.84777047514186,236.8998354656285,141.37589267791907,402.47331146470873
2,651,291.0896866629867,273.988367809745,150.551062095647,528.446706764411
2,652,282.81206215115304,267.35412340538244,148.863822021044,506.8231943190808
2,653,3468.959821933982,3424.4138980510797,2501.2081154806374,4694.960393895384
2,654,2401.704758568036,2344.571716590304,1591.2137358648088,3542.075251292743
2,655,1404.9010095651633,1353.3569692599176,879.7649747732124,2227.4793398631323
2,656,409.0695163721087,397.6481509887765,283.7062204616954,603.475485519705
2,657,3426.5449628222864,3380.2357234596,2467.0550785702876,4639.233008133297
2,658,369.584944151491,353.67723609601944,202.91332177297008,627.1364964724999
2,659,103.57987126400035,100.46953567762867,70.39746667838733,155.37623269202706
2,660,106.21045403243765,94.87761932849347,52.17459933657492,229.80640597053608
2,661,148.5296624667573,137.49644772636742,88.34771782666444,273.82851238216443
2,662,145.3776530615834,139.0634584080044,90.55493837659373,236.16019029577004
2,663,150.98269850029106,146.56660603476968,101.68763968172276,225.4189992170603
2,664,299.2132234625654,288.39949189774535,207.84667296160924,456.9485371992164
2,665,202.74283528452267,194.50471930042033,114.98325630953885,338.38110999961503
2,666,406.0967237834987,386.4294835383788,215.379550047777,709.6396774962973
2,667,110.06125962240668,103.9273965888863,59.17603355072939,197.57725275052755
2,668,471.33746380541055,449.59692063131547,255.8018672661281,816.7692872938283
2,669,2483.971701496182,2437.7057702515467,1708.8890552848281,3515.9585739042914
2,670,134.55272817680424,128.85264488691757,78.7043720733607,218.05221944372016
2,671,183.40967855807216,176.24947908316727,117.48927090423203,290.7758974622377
2,672,133.8739180885588,120.32019103403618,64.40561810113849,284.87302705763125
2,673,23.746864797058045,22.9880446776075,13.833949377190153,37.988489848328015
2,674,41.748621109775144,35.298398948052814,19.519703824792007,104.29625253601083
2,675,31.390201295863996,30.480590985112105,18.62038424685901,49.25670647028147
2,676,217.1557770693279,204.9314687628643,120.85501955646586,387.2779311786084
2,677,109.94868920350703,104.62549777414428,61.33882494497577,189.59239677119868
2,678,1702.7198270800295,1674.6969824856865,1182.8902635741626,2392.3514982387555
2,679,2764.511611623233,2725.070636384381,1987.205620033483,3765.970556290849
2,680,164.81288198130622,157.84854673643542,92.5813963149374,277.6179892592522
2,681,2624.7966771019965,2580.479386655068,1824.7151711491783,3674.719528215715
2,682,145.78903170348437,131.60560584116513,61.985214892743,313.2762759957624
2,683,30.468965613814007,27.8453480550399,16.519509256916226,58.35693404647589
2,684,360.5336822340553,333.7778722317171,168.8112989520351,706.2884221037548
2,685,59.58504694613702,56.01000132690021,36.17331504762842,104.0424104893519
2,686,431.9263556017513,413.444801658178,236.71789201215782,733.2728373921428
2,687,1634.1488810356054,1599.0366374690577,1103.752143412819,2366.4027531753245
2,688,157.43224324405122,144.72963683049045,78.61779176629915,311.7701740178404
2,689,776.2309375454626,743.4903378350546,428.25131489155984,1313.174856351653
2,690,97.2471123006068,89.46739239543442,48.53638058057241,192.58183736844185
2,691,291.53099814344097,260.15338734667387,120.30761309259056,646.5779710636609
2,692,100.49827519842427,93.15741493324272,52.97441239850906,192.05127292740792
2,693,100.4234215713945,93.58107801914548,54.96642710136432,186.2693935089518
2,694,127.80615047849582,118.43232858476819,64.06960618998721,248.71172322293418
2,695,570.0096484378673,542.9947705429818,307.8141258163433,989.6057530409084
2,696,7866.049942173705,7780.002683369554,5747.36309112801,10506.372836200162
2,697,775.5091559761767,743.189872406361,425.8353376221987,1317.7667104730513
2,698,3547.8231832675087,3492.717001103135,2498.2427994869463,4902.164099587468
2,699,308.73857188447676,301.6286382506772,213.64359648666849,446.24102283552844
2,700,226.81433631257528,214.0436638564601,123.09610990123794,404.9459106709755
1,701,44.27669624799904,36.57086143817242,10.430494316436121,124.16789864914301
1,702,11.789933872182443,9.882445214688229,3.012561139624103,31.803654271982985
1,703,0.7147149459285586,0.5525281220204886,0.10272001722579603,2.2675196249621687
1,704,0.47898799310619855,0.41619428231893707,0.1744190669446153,1.1494050055762162
1,705,162.34460757697866,148.9061481399425,63.56503754288432,338.1532493898557
1,706,29.968881012379168,26.4643730305496,9.896493410249333,70.46622656381061
1,707,1.4670499419991205,1.197755258737832,0.34484051550962774,4.191178227549917
1,708,8.075152139638966,7.3550415494435075,3.329160404809995,16.94750655657728
1,709,4.394711263551275,3.5492527189508305,0.0,14.333493009651551
1,710,4.070212096113706,3.428884449103613,1.0559723904482083,10.805867843962968
1,711,0.33730700140775305,0.30844896284582224,0.14031357586886997,0.699575650342883
1,712,0.123376431036494,0.11315717252302782,0.047829039887004515,0.257289628707431
1,713,0.6311095472939761,0.5809895246341295,0.2718711037044465,1.2763131845202678
1,714,18.58208803703741,16.658824039917146,6.621419863631528,41.5331703140675
1,715,2.0882955958110814,1.8636577898904165,0.8336948077541739,4.6520242248852
1,716,10.130303518480659,9.210650877826675,4.142963957296892,21.412321662596813
1,717,8.003121719224058,6.56012508069274,1.8436420532057434,22.679414895335444
1,718,0.9688891445087834,0.8923423961938541,0.4223801322949757,1.9644245122643094
1,719,12.586427547651938,10.57984299461394,3.2414540955838387,33.46901771571813
1,720,0.21386930329330048,0.18415897497917535,0.0531383503291363,0.5473796886642311
1,721,68.88719236181173,62.45516052613188,25.38203484412866,149.4469597101827
1,722,0.21845250716103748,0.19434820147789522,0.08927206924523473,0.4916611993099061
1,723,15.434536487422715,13.757255346816262,5.411366940900843,35.35952478090739
1,724,0.4996905789216142,0.4384468280291841,0.18409985646520743,1.1870667199808893
1,725,1.0933118547969238,1.0028853705673133,0.47360781523932566,2.233115324436497
1,726,1.6658845779734355,1.5346942775582757,0.7158559288673593,3.370062328374255
1,727,0.4523902901909209,0.4109705312425913,0.1742526147864925,0.9684980205523301
1,728,188.22328256361425,172.49837107058772,72.18144617012686,394.6645335414434
1,729,29.919363947883436,26.975136541164435,10.65796484229064,66.17382137160989
1,730,18.23293697832928,16.454500287597725,6.5848191444136255,40.24399774984617
1,731,71.83830113739506,65.17648256166336,26.602189957888292,155.0629269755272
1,732,6.372892664804189,5.8978673516135185,2.8009963720420945,12.665460409862325
1,733,19.609718771329675,16.608487165145302,5.115150197941937,51.69667586992783
1,734,1.1692093623108324,1.0713336236211979,0.4850428539623287,2.401312127480738
1,735,1.021992859174185,0.9300785842471692,0.4183162469843042,2.158882776820762
1,736,11.08784473693341,9.873438959932468,3.8033335115518168,25.319031716011494
1,737,0.40447143107432176,0.37613396852237135,0.18438337629831072,0.7872320377527418
1,738,0.5083813666415422,0.45442078428397276,0.20891430210143425,1.1311758717088003
1,739,2.4186445493499646,2.1881836759831357,0.974440048006833,5.215298126080822
1,740,78.80957376185006,71.56268681482126,29.172205676541072,169.94574305881625
1,741,8.388663590132367,7.697362473290578,3.5576717818352463,17.168981013352134
1,742,4.985665415439597,4.638041335953265,2.235747504101342,9.734559025808624
1,743,0.4067132352462792,0.3651152617963137,0.15361995169922787,0.897413899659774
1,744,321.42494817551403,294.63243135378445,123.91595004778067,672.2425753687363
1,745,62.23989317708469,53.35715671442061,16.87518968614956,159.5348306193089
1,746,3.15900224368334,2.9374973521915546,1.433365341790264,6.1795925713413045
1,747,23.438301580055207,20.091210807722526,1.218111373535596,63.95102719656897
1,748,1608.3536693199733,1516.748887261895,733.2624870572347,3011.950182158619
1,749,1.0293160234494536,0.958508492897355,0.47200402867719615,1.99815735388779
1,750,0.38101079756881234,0.3440520075733371,0.15960928186274315,0.8235105901852084
1,751,0.3514281975783796,0.3289502650543133,0.16312933577932892,0.6668501629187544
1,752,60.58315288519541,51.26312118935246,15.979471643946864,158.86343059768825
1,753,3.4134122446297597,3.132207804155339,1.464030858471454,6.9983951703268445
1,754,1.5649972482941321,0.0012446907713747478,0.0,8.91238287012096
1,755,3.446740755027998,2.9699460310136057,1.040981349289509,8.65241019993835
1,756,0.6894166424456794,0.6175608128930343,0.25130628181453823,1.547501972900175
1,757,0.37987578410321826,0.3297917146042164,0.06635122723836764,0.979820628130287
1,758,0.13652549073029988,0.12247247268605344,0.0542766427065691,0.30108650781358287
1,759,0.4742479006812803,0.346783693902026,0.0,1.7409062075891935
1,760,0.7752919228959648,0.7202521132225983,0.35809596010141287,1.4913360261531958
1,761,0.1718068156234795,0.153820786746314,0.04539921409844765,0.4026537321481793
1,762,0.3032184358263155,0.2651657947846765,0.11705939613233408,0.7184242465233416
1,763,51.45977121968189,46.30316331870908,18.16282737067784,114.20395427689814
1,764,4.129590015799352,3.406072891927005,1.0089253541439558,11.397593569339424
1,765,0.2014679677857211,0.17794460657516503,0.07543926034236813,0.4658721694766958
1,766,0.20005896798151243,0.1746291344406939,0.0,0.5435001588377621
1,767,2.656066891363862,2.45320715387367,1.1430601299794583,5.354578494019366
1,768,1.0236139578368204,0.9238916403206556,0.39378959974465033,2.2309321799462625
1,769,0.44337424997504815,0.39755726510932643,0.1886762493429972,0.9684128677571466
1,770,39.90929596954176,33.589567721677106,10.31316036540403,106.63486768825905
1,771,0.7416786780429153,0.638026388623848,0.2732786790961079,1.838746083157503
1,772,37.79084215012179,33.63052621492966,12.820805736465752,87.05236562527793
1,773,0.19787619519268768,0.18262289723442265,0.08492379594002697,0.3982189821609713
1,774,0.08759426072777789,0.07236561962951925,0.0,0.2830576985884947
1,775,2.88396921045291,2.6556674265520566,1.2477700609277738,5.847293589147144
1,776,2.9297106595395306,2.4099439018101556,0.6875745256146161,8.185834329988921
1,777,0.08718784659285558,0.07528197000151624,0.02637763944852253,0.21874021338422786
1,778,27.819922909887886,23.35238014556726,7.145984515821435,74.94706625533496
1,779,4.003012874773117,3.3854851532435113,1.1690297422597227,10.471373035695654
1,780,0.1537566428985167,0.12912427815703376,0.05926205118353542,0.40163364534889967
1,781,28.513104838488097,23.92645198304819,7.3294156687577745,76.40470606859836
1,782,0.26150368320296935,0.20011571378574272,0.0,0.8743874570722029
1,783,10.095689446417913,8.452499064639666,2.5601944028892274,27.26089723107012
1,784,0.2676842737890136,0.24567488334002274,0.11106428235084473,0.5502523767340872
1,785,0.671390702092631,0.5683065267968774,0.17800344804046034,1.772068794195636
1,786,9.412191812488041,7.724622847862784,2.240618540194676,26.522023542831683
1,787,42.47177928768353,38.50314479063523,15.77333236687535,91.98870509228844
1,788,1.2819321385666194,1.181188407956744,0.538090715685594,2.607301425851703
1,789,2.5180857077283134,2.0800012306109132,0.6027151987447561,7.004537791437903
1,790,0.14516511086122472,0.12827259197132962,0.0074947535831690944,0.37745976708984275
1,791,10.969505994071827,9.222144137021747,2.8160270083533767,29.242730022612257
1,792,0.06907625921794346,0.0630043037599099,0.015118914927274463,0.15804916654697349
1,793,0.02565865416225582,0.021249393078072908,0.005119318592970696,0.07138851186676708
1,794,0.10508331793499419,0.09474922814576936,0.04451921723210989,0.22635950532118693
1,795,0.49199438784225075,0.43956270050460544,0.19514738057754485,1.0950807618526863
1,796,0.07545922840472045,0.06669611356991348,0.031530640104214004,0.1628054683140547
1,797,1.41491863561604,1.1677989234276163,0.33833957369680234,3.949118327500248
1,798,7.999262211057627,6.696117129291888,2.0461590916070906,21.65168390536484
1,799,27.406082815987723,23.718036434948793,7.578083979834421,68.43535318589522
1,800,0.8043333475654011,0.6621087539216479,0.19577114146149696,2.252155268625796
2,701,5468.521886074752,5386.396217413676,3842.973679631495,7568.652689439328
2,702,961.5376058358697,936.5827827622018,641.0883999800936,1423.7228285714348
2,703,116.75543186991227,109.30688437396641,66.9624801064036,210.43933177049266
2,704,131.41938104243314,117.0077816473064,59.03534661825458,287.779726005499
2,705,745.5638107836639,710.9745225053337,450.16857196790414,1242.6834392670446
2,706,393.12691542378957,369.2865655039957,211.50591657014607,708.4070939593813
2,707,256.9319542293547,242.7150823014128,154.2742176855421,443.35825542258175
2,708,456.92716764054984,427.4297537792772,227.92425766165945,857.2243216869326
2,709,1783.9617727026446,1737.9873802634634,1189.1510131824837,2642.90600652497
2,710,203.25941830692608,197.68435277008433,141.05902967367723,297.7729750449712
2,711,289.0489664844132,272.72014908774014,152.5941857260416,517.9780221256743
2,712,65.7188433337277,63.147372066266776,37.90134962222688,108.45052380320347
2,713,288.72331528820024,274.11847790891136,154.76907466684452,507.3895417633524
2,714,564.7753195360104,542.7763282218227,368.69138245642387,888.654911413231
2,715,258.1426424857785,236.36933669268558,125.15794559638292,523.8804686386414
2,716,570.7885191878225,533.419107453545,281.33170178217443,1074.1478068107986
2,717,1615.6739316255173,1570.917229381279,1049.2342271659666,2438.7763892364724
2,718,310.5818686762465,293.0393940504345,168.3859259171637,553.9071699482602
2,719,1656.1121579682049,1628.7961536112416,1177.6126869212194,2283.320521713785
2,720,273.14603446929254,249.07652211526502,127.36608809168436,564.2427167184628
2,721,1150.4703908089768,1121.8872128225214,760.6969569468995,1707.117800522754
2,722,119.63267732194664,109.04557246894333,62.00317822716897,241.9470788313453
2,723,273.7479508962561,259.16633093823293,168.2086624214409,465.3664242316242
2,724,248.34220835844846,222.89485928253129,110.91857091208237,536.8197298964903
2,725,279.9979117714462,263.86031658889374,149.30209858307694,502.84980644696236
2,726,740.5096826480989,702.179979391718,389.1704911309101,1310.821784227578
2,727,287.80374723208973,271.94649683954043,153.67319532678889,512.4789697128158
2,728,3506.934636416624,3455.5239725772335,2498.7546294559447,4805.274120650994
2,729,1123.5387502948286,1092.5380939501724,736.2898168772259,1694.9145820273868
2,730,419.8074878143245,405.8318496388794,280.2176602102784,643.6444625166422
2,731,2216.3356453649476,2177.7386858696004,1547.919694195195,3105.4078049274267
2,732,496.9545925202642,473.9842165924282,271.11401233768873,858.5672798389384
2,733,848.0543464014156,827.9593620010933,573.13519569205,1235.4807488791148
2,734,377.35135750136124,358.6097953337064,201.80449054353713,662.3363286883009
2,735,417.66208816366844,392.7020288431195,217.62032341467517,763.8971251131466
2,736,357.1183450368284,343.8370458517336,234.37476845571655,558.573751609903
2,737,130.8111302738663,125.36641964657284,74.10373215467939,219.31626636312018
2,738,244.63056510026018,223.99945480296515,126.66696694945172,487.2393453672019
2,739,319.30009466533215,296.23979889230014,156.41904108020628,614.8077687983575
2,740,1861.7438395398874,1818.1851582564236,1265.037259754295,2713.610514548032
2,741,449.46719275133404,424.25587937128955,231.42852040525827,813.677209628055
2,742,859.9408619572399,824.5800979340208,476.0114941586846,1449.0845356670307
2,743,358.2450109748259,334.49994550184863,181.422662853708,671.1715031729158
2,744,5818.6043537161395,5741.536375980486,4180.3891542704605,7883.143624046211
2,745,1326.30424434947,1300.046668849254,908.741597516448,1889.134516294664
2,746,315.6412588610708,301.97559176616414,178.6030566069037,531.9952772447471
2,747,1612.0399155852112,1586.6075897520043,1142.0205909712938,2222.844766127641
2,748,20626.790998793967,20354.131863668088,14708.387410433827,28061.090102850452
2,749,297.2508754702828,285.45561390926673,169.7318685296543,493.8478956828056
2,750,82.71188962738805,76.67429642955625,42.70521711890725,158.75803787463045
2,751,254.9214815562756,246.35582698749818,148.8913418243205,409.66643401493604
2,752,2775.1975744743586,2726.9004093390486,1909.0086887263005,3914.347358001728
2,753,375.411124752303,354.1721419498824,196.9977892042205,674.8656449911701
2,754,1104.8369615375059,1076.9980988798657,735.8866888044564,1629.2324889946926
2,755,200.6356070127656,186.47942009084375,116.26838871508902,366.99710165691437
2,756,592.1410360972177,551.3444478497273,292.14270971656896,1129.232988869858
2,757,44.196657514584196,43.737530438384184,32.51533408312086,58.5148126301036
2,758,151.86183625105966,140.6301464156143,78.96338934932032,290.69771847904275
2,759,250.22810048120093,240.0649448594919,158.5543403151,401.10798657015897
2,760,86.1459378340572,82.13401714209678,49.851313253701065,141.80460692588554
2,761,165.50841791929543,156.19471903463466,89.55601517838116,295.3910783298888
2,762,99.88130420914355,89.53354023399321,49.08370231415013,214.25075013646676
2,763,2471.768088280696,2429.7133584195444,1724.4474948550765,3451.8101613289177
2,764,241.65944976812594,228.60903374935492,154.1280043188802,406.2703894526961
2,765,140.0730471293875,127.29328820814028,65.79459724002747,289.64048552107636
2,766,319.4629009237576,301.05695998279293,171.5670218423697,575.184220893139
2,767,317.1225143665809,300.67156541259146,166.37010109489324,561.7570535957067
2,768,475.58840761160724,442.9220255227402,227.6406385104367,907.3170397836011
2,769,111.39192561235996,102.37065342632911,59.29139334221568,218.30530230991698
2,770,4069.2649787005703,4008.6568067438,2848.217697313809,5636.775035894168
2,771,245.44754872656122,215.5767511038117,110.85033848012081,559.9736989877315
2,772,783.0569155803755,746.4908877645064,461.9122321965327,1314.4291548062872
2,773,156.3626270793498,149.38202449554086,87.2142635139632,265.99473208909865
2,774,201.47953473831726,189.0312500840427,105.31540325829029,371.03518838315006
2,775,360.30718142345415,340.99605046435363,190.8198825386192,642.7723796214258
2,776,304.2551486717047,293.1644670232316,191.530999684168,480.67655989804825
2,777,180.54420653303814,163.04724821242127,77.24241565142216,384.36018277402803
2,778,2452.147812248072,2398.685071449188,1658.8195815513172,3559.4942798871975
2,779,290.7142285324317,265.3578414579217,151.145372563582,581.0626571937485
2,780,56.229869297263576,47.967784500045326,26.55980831911357,137.7869016531205
2,781,3347.4191597225486,3290.8907962718213,2300.143488613547,4715.524418105671
2,782,111.5634734205941,107.60520816037919,78.40657488416245,162.65811891065184
2,783,1354.140543182658,1322.7426354113288,905.1643164971086,1987.6189569726785
2,784,229.98937415450894,219.03490560702775,127.49340424936182,393.56416606562163
2,785,56.72160241996813,56.07322179102168,41.404564233271074,75.78115768357819
2,786,969.335612889888,918.8240771651537,565.1478768805744,1660.4470711573183
2,787,347.8656971386881,333.42864384332506,214.7131394736593,565.0520761927947
2,788,620.8521653410697,593.585550344387,341.5985275500813,1054.9685134476435
2,789,255.8446645524347,246.8483852077011,168.96393453881686,395.835714785534
2,790,196.03992525638483,186.2706296096859,106.30622801676307,343.1737077720766
2,791,397.87220813338143,385.49018634803156,257.84602956779645,608.4881281733644
2,792,40.81255064600305,39.61030768757442,24.29022427230031,64.03331703694602
2,793,27.38863346892345,23.681046240989104,13.497986220905087,64.38629831403685
2,794,95.3904987437256,88.28594877013086,51.3020662871333,182.15464665927084
2,795,128.44455237966054,117.56730590456561,61.65746861423946,257.51352926858283
2,796,33.90786060457402,30.847842589067454,18.364307659878477,64.26395070238047
2,797,289.6881462632382,279.34794060487275,186.59737547234252,452.67937281145794
2,798,1435.3511575579184,1409.0599578270758,993.6989193002374,2028.3476658553277
2,799,243.55296035320143,232.7125540833387,153.73614832331975,397.14176330172364
2,800,220.45258954350263,211.8068700400047,146.55827444341452,346.97104498550806
1,801,0.2806049659189974,0.2608707751646231,0.12466210140270659,0.5490797596660939
1,802,0.46574009141467737,0.4108928246880115,0.1755455620414385,1.0750026487109854
1,803,0.22428701985413976,0.2029771671302863,0.08235996962012965,0.48948713119853093
1,804,0.16864001123743816,0.155402839130321,0.07470735940513344,0.33945368009980814
1,805,0.8083512020394485,0.7116277039145498,0.3185459576012245,1.871512149122876
1,806,0.44195004237964947,0.40066485235014526,0.18226943543057306,0.9397031451222582
1,807,0.6250287537525545,0.5695415184527717,0.256248355347085,1.3202515425700234
1,808,6.315713435351844,5.797489253806083,2.658764275144109,13.03377271098904
1,809,0.2438298913907739,0.219455418201355,0.1029918700650549,0.5208286615189038
1,810,0.11112736567959686,0.10125403264890846,0.04913483925040869,0.22666269982926612
1,811,0.22060430885474866,0.18403502348918938,0.08040020832617624,0.5863552827629342
1,812,4.189293438855481,3.6823962914527675,1.6802142811092473,9.750901264267716
1,813,0.7940736927637344,0.7249718667697833,0.3371916102098632,1.6540844894940165
1,814,1.0607396001822182,0.954032214533244,0.38118359045625466,2.3482572774492785
1,815,0.2528415242310295,0.23502137931448408,0.10921016267506835,0.5004067667121713
1,816,7.092379677014716,5.666587898319452,1.3038845925078983,21.30869806810849
1,817,0.2657763499934025,0.23093888439941157,0.09517607147566229,0.6448549559362303
1,818,0.1283330186287891,0.11193490819998834,0.0515256533096353,0.30168577960541415
1,819,0.2777930360704629,0.252988889691091,0.12175333646807768,0.5795698417087867
1,820,2.887637547790372,2.608566979612551,1.1091770378755794,6.274585407550783
1,821,0.5340145589299609,0.48650896969882795,0.21529700930243093,1.1248014800256856
1,822,16.763045618815966,14.048666168791568,4.201219778540924,45.252801683539204
1,823,1.3612279205931743,1.2200409070594405,0.5475635362825808,2.993927712220815
1,824,0.4506853853344689,0.41250326803823756,0.1887893902719713,0.9286949828351692
1,825,0.6645800328066782,0.5565664463340567,0.22040854774911156,1.7406315178773712
1,826,0.08790459971076138,0.07736974126994145,0.03518527511774973,0.2035527035465445
1,827,0.1553657999316811,0.1391536855140416,0.06130058804770228,0.34348861114882895
1,828,0.5001045066897992,0.4345631896653812,0.19992649564117523,1.1889835403784665
1,829,2.508676728920814,2.1058286040627445,0.6382618875072125,6.73332542231268
1,830,1.9583900734296953,1.6077178031236792,0.4742247448755499,5.518265649534366
1,831,0.15833584125818173,0.1475507242377636,0.07200314150416194,0.3085310869337791
1,832,0.6056126252244253,0.5250099949122365,0.22027800767877098,1.472883171137457
1,833,0.43209457274984153,0.38993843321863475,0.1630331558125718,0.9476120504825642
1,834,1.814780979512397,1.5131089693328588,0.4510328568545206,4.930389083747822
1,835,0.35643977254986225,0.33028242977670985,0.16073974993843196,0.6922555329929235
1,836,0.11407725890465183,0.10616458049986974,0.04848513266393047,0.22567740128073246
1,837,0.09220585718846985,0.08536509756735189,0.04052630663025962,0.18249740388573418
1,838,0.12365068569475562,0.11339168030290253,0.053416850190726846,0.25360708983455826
1,839,0.2536867274717328,0.22970546066753647,0.10268636682619245,0.5448527035720907
1,840,1.0632168255816619,0.9669564648338131,0.4371867154072695,2.2675674658629816
1,841,2.420997326718669,2.013586972627667,0.592165309801676,6.61863447413034
1,842,0.2780319391446485,0.2421023423608923,0.10940093848377296,0.6706622032672572
1,843,23.905454084572582,20.088359219639493,6.1296785047479005,64.31073984329076
1,844,1.505944268090841,1.2529202132118793,0.3696502899026403,4.119672230931918
1,845,0.3782025636640024,0.3403306804017757,0.14984716304652465,0.8261818538132231
1,846,2.0028692978259794,1.830721675866849,0.844052782668821,4.176622733106433
1,847,0.6768658261872773,0.6172649020451122,0.26342194679435293,1.4344423451135362
1,848,38.00723600040746,31.929989054193804,9.74666715514147,102.13445618875994
1,849,0.24353125539686915,0.22062875449953162,0.09623503589635211,0.5230813550761212
1,850,0.08627594425818075,0.07699887534620342,0.03637734568197542,0.18918304443503828
1,851,0.11472296893917003,0.10482888687314083,0.04919546119411163,0.2327768342399562
1,852,14.970446710381356,12.565178152053853,3.8573114454820434,40.03317618246009
1,853,0.39177303914348566,0.35790025381080215,0.1638035642856166,0.8151282472621598
1,854,0.5241744248731454,0.46958298905696316,0.1917164020398832,1.1790312611243614
1,855,0.4472803641999496,0.4104153441172995,0.1881450356331064,0.9242054916816302
1,856,0.5474933282238129,0.3727762456997862,0.0,2.203448501980193
1,857,0.10593070469182658,0.09389758448356932,0.01605785577299154,0.26065148306218755
1,858,0.8395708698266668,0.7516349925948085,0.365325759143289,1.8147310004060337
1,859,0.27098109925595215,0.23789946615133795,0.11242791174474884,0.6206319732230534
1,860,0.7137183995079553,0.6413032121040143,0.3066084897830067,1.524829674182976
1,861,0.8300642250902389,0.7664891991611957,0.35814179829540216,1.6707895294970931
1,862,0.29540809326692025,0.26708515119626425,0.12561131627266695,0.6324518269136606
1,863,0.18727947331058933,0.1715672006423614,0.08451457047747805,0.36959872542896055
1,864,0.914172883165495,0.8211443526146003,0.35466880388211414,2.0211580421862463
1,865,0.8129480134471563,0.6829955243530061,0.2849235079728047,2.1331621328780836
1,866,1.206116600403298,1.0970670977503942,0.5262212437938356,2.528844440040147
1,867,0.12956130212598427,0.11108462607669678,0.04685836475026565,0.3244653349626975
1,868,44.159340381822965,36.00184727143788,9.104839984709804,127.01371677441479
1,869,18.906624592712443,15.844339610664107,4.752552508832964,51.149259493730966
1,870,0.7495429117431832,0.6929778257341033,0.3352702241547123,1.4939056049508925
1,871,0.07479176786236406,0.07000524318191018,0.03385990106195279,0.14374099539594776
1,872,0.8270105343345291,0.7280995970007689,0.34190036481224434,1.905180376894199
1,873,32.55913499221909,27.378803863787738,8.40639790500913,87.14641016068146
1,874,0.6147668827190973,0.5702009872369489,0.285795683069668,1.174133056059441
1,875,1.5503864709938364,1.4138878736210927,0.6495578440861565,3.241255465563333
1,876,18.457977257009837,15.490121230153063,4.692840102414026,49.57528159119293
1,877,0.1681057323674914,0.1500626925540935,0.06449001614919128,0.37669689097497494
1,878,0.4569639384036939,0.39191628849092036,0.18334752143754576,1.1203712816133578
1,879,0.3280971795819593,0.2943565496411274,0.1318461925274713,0.7232022869118593
1,880,0.35502143394258623,0.3089425065961655,0.139043584766226,0.8436069586636767
1,881,0.15741933388437562,0.14217836835405806,0.033864711433382405,0.3688576446831695
1,882,9.80977516607055,8.27814916820426,2.5354590624040956,25.772090127420398
1,883,5.596325993843389,4.623010307080374,1.355240415403182,15.517558912888175
1,884,0.09003780812627243,0.08434189139466375,0.041226140224318905,0.17285466422131146
1,885,4.298162436068612,3.980699520087221,1.952826579266134,8.44689808082082
1,886,0.3269829949026268,0.28981229558055693,0.12783092791968248,0.7436752277492077
1,887,3.4634389162854107,3.1366329604626015,1.4140101904639961,7.39705447257617
1,888,17.28909185346014,14.517849039006808,4.40530821484703,46.06151332702287
1,889,0.009144605076030503,0.0075584994091326225,0.0,0.029816833593194134
1,890,0.3403675256730035,0.3084588967442876,0.13646013856868833,0.7305506432692951
1,891,0.3285153632432769,0.29457471155828685,0.13688410026022726,0.7211894820131628
1,892,0.6035860249452274,0.5628176765744919,0.2764833491459064,1.1666356014318684
1,893,0.3026684953446803,0.25191499283543783,0.0,0.8874373292559039
1,894,0.08850166509048185,0.07970008374650524,0.03823407770548059,0.186037511989641
1,895,0.9749633486200443,0.8868422561487477,0.402127116260285,2.0568770864747816
1,896,0.8720751588976856,0.7730414285019015,0.3148292447930737,2.014235049080976
1,897,0.2473567189591218,0.22841161920107325,0.10641912191886813,0.4989537687054942
1,898,5.716715210611377,4.725109333837517,1.3724538163939684,15.851310030913721
1,899,0.20756975480734277,0.1711965152059141,0.07322490446135035,0.5668563968519971
1,900,0.12200863677133586,0.11066819789341543,0.027262545983373413,0.2806635617221578
2,801,129.77293963539333,125.00569154810492,74.47510555399525,212.87429892838415
2,802,208.76695020106246,189.3206832572991,98.42298236890214,430.09140072861595
2,803,117.50302469723411,111.22995207700005,63.2653118534361,208.26941581965096
2,804,76.51034433729272,72.6621024589262,42.05533570426186,133.42235516411614
2,805,182.46981458892543,164.2848718132468,87.82381011672398,385.79857592053685
2,806,113.33380972801676,105.63832705087486,58.289031241086654,213.5069540497139
2,807,186.18174608823247,174.46347284640547,95.21542328120456,344.38479966167387
2,808,435.9865532533552,412.54523428750264,229.52810204418992,774.3889801193853
2,809,71.4767144585517,66.39024713784522,39.52019176837129,132.0092077864372
2,810,71.70977786075971,67.21977819359086,40.26524425878553,125.66407125007507
2,811,82.56694480403448,69.94788649175823,37.05327048565246,207.7375207036516
2,812,129.62093066514163,115.87116984978888,63.00584005673846,281.1885368018924
2,813,156.0441028475876,146.37835829779212,81.5185973308666,285.73907501684624
2,814,780.3903695128048,733.1172427148955,378.4506962756205,1457.6491862210578
2,815,95.93322182014525,92.61306950918653,55.722505733575275,155.00971755535065
2,816,1494.6636061055265,1446.7967515779849,939.0376570945496,2325.727685780461
2,817,90.80756172668472,81.10339090193156,41.144215430296825,198.93283174406724
2,818,57.82207099922965,51.60025106215146,29.10713832285057,125.92397559031401
2,819,115.30707065397065,107.77001363330092,63.083301301595114,212.34233155010037
2,820,422.78468325226737,396.7736761862038,215.19264453853503,778.5572607083323
2,821,244.49885088904264,229.93514143421226,121.73933176225042,448.8843870718956
2,822,1306.2436224334847,1278.5415728976418,883.6023999753229,1883.3734800788718
2,823,96.00305800085387,88.32514828327393,47.20852973568236,190.3841723024996
2,824,163.8445661463273,155.40219945783684,88.70613856211968,286.31478755991304
2,825,203.5780074729689,174.94204498465263,82.97199063717632,494.1088371263565
2,826,68.19611365794309,61.653284340795196,35.28402216631288,142.1959004385867
2,827,76.018695342221,70.05117244156997,36.64401678509131,150.62991975629484
2,828,65.96230120466582,58.62902657592474,32.61243054208805,145.16768960483216
2,829,110.08929752123748,106.48850233884062,73.67645007569588,167.7872886478786
2,830,113.24963831971539,105.86752891498347,68.60411152463875,201.92917547907757
2,831,94.83480597961793,91.04652093487258,54.34110061536539,156.77028054634482
2,832,124.7312473911172,110.69934759505989,55.560654683677434,276.7766831653714
2,833,239.8407137174991,224.7605889793988,117.05975677780978,451.0207271370607
2,834,123.38080042629977,120.06034066004463,84.98638292284946,181.5531466832541
2,835,122.83908131580755,117.68065787043575,71.63581536363884,200.21741167829876
2,836,48.30475157061769,46.89205989804136,28.63127610915056,75.95846608786813
2,837,61.60433893220838,59.07348420814953,35.18908688132726,102.46156038786398
2,838,54.26382636897473,51.16642888337462,29.01530369005979,97.79649571137726
2,839,104.43005861467941,97.82212932082022,57.50573489537117,189.6092403919778
2,840,211.7683652779276,197.48108139578,106.22298530803147,400.5409354083996
2,841,352.1974429620935,345.52381977493246,246.08403397054047,496.8995207091185
2,842,145.80776752322868,129.72192531159772,70.8388021273326,320.64255830410303
2,843,1865.7874028334386,1827.252312759737,1273.016231259372,2684.0939958406116
2,844,180.284909493754,175.67319852597643,124.80188240908065,263.4010229010086
2,845,134.51575867138925,124.44217696381108,64.28768663618966,262.66326477768035
2,846,147.35571324335206,138.41811538679295,75.91016676076872,270.2016810406448
2,847,313.957724186307,298.03869247533726,167.08885899553113,552.0094321474261
2,848,3068.500593085698,2992.301137931459,2032.5308207716407,4533.659359440082
2,849,96.10688765138669,90.19999651570015,50.49873726272865,176.86848053358543
2,850,56.54301761401818,51.783196270194516,30.450274886564635,111.39642125619135
2,851,64.35216729603255,60.969466034719275,36.99982124984021,108.18940324519222
2,852,166.16894534183908,153.66430053167795,96.40360824836841,310.9064503578769
2,853,185.86363277948857,175.96137562285443,99.73699281291367,330.9782836708602
2,854,447.0806996518183,415.7526550924647,217.2792383218434,855.894208298012
2,855,320.8754543498423,304.46883446975716,174.26488469076608,557.483057399227
2,856,225.0906318879507,200.78651629385143,112.09890170027735,480.7101655622965
2,857,59.71579179171525,56.35128428176799,34.06003323736978,101.55850158281109
2,858,52.9063266733241,48.46663515975702,28.408729760444967,104.19473006080733
2,859,50.3535220133795,45.19678248065532,26.072137054453957,106.75676609331501
2,860,61.386640167911146,56.64448227481476,33.55758488192654,115.62046888308934
2,861,285.20322111299885,272.8156598849871,160.37104965476962,481.47121704210076
2,862,102.52913218915606,95.10502431095372,53.840802312708846,195.9756123217999
2,863,36.122666808258,34.0008947703914,20.499393859089373,60.54195120239353
2,864,218.92729466534394,202.6183271405799,104.26657900757169,429.779226850738
2,865,100.15836477593565,85.74585242601917,42.065365718772426,245.2829133480852
2,866,172.72009006816688,161.04589678213287,92.96323076906809,320.41324824044057
2,867,62.686181382036985,55.120721210863664,29.36282926785668,143.96536969683837
2,868,7551.886009448304,7435.3951648391585,5340.786403600517,10405.536638019608
2,869,1268.3055819244314,1227.180175149964,815.4895797794528,1949.577845818184
2,870,133.7489220151197,127.2229037569429,74.19245475591843,231.99471526123517
2,871,23.622817172347894,22.923028716437045,14.054954506682424,37.132088591316176
2,872,72.00745506587442,64.71282485889546,36.5876556127288,152.03976312466486
2,873,2216.2937106432414,2166.487897438256,1482.2060255819638,3242.9879010312034
2,874,62.086419448493366,59.32429941397784,36.00815717089311,100.52390795053869
2,875,302.5987411158355,283.99951222406804,157.49143239424342,557.3440325589262
2,876,1339.570954685795,1304.3850912659595,887.4816498105562,1995.4571103710657
2,877,129.24531710931961,119.32796938308941,67.35503886371814,249.71657920145495
2,878,42.94373681656253,37.560568906642544,21.33808505512649,98.63551398480034
2,879,117.52364901188648,107.97273116313443,57.56401148037661,232.40117674825657
2,880,61.1307474867032,54.26111768830154,29.437507649534016,134.3340438341135
2,881,236.93292919249032,227.56049925578407,134.51674905317293,393.5068987552741
2,882,505.18708904266134,493.06175805290036,344.93760490966093,733.6152418981418
2,883,273.8173351199095,260.8871568591079,166.38045466533973,458.9297998430991
2,884,33.00543316847153,32.03409781087263,19.645711656617955,51.957602074606726
2,885,262.1634827697266,249.4126249112166,147.01651531745082,450.6520659954518
2,886,102.5029318222085,93.11985658161757,49.655702570926195,209.56333628009327
2,887,211.17908613468424,196.51031518527915,105.95004175379174,400.47068069481594
2,888,1119.7372068806833,1095.2895451013283,763.2824232129564,1616.4553388059182
2,889,41.47052052869553,40.26225861955113,24.68434748096247,65.29346559642006
2,890,114.76373357877381,107.29271803901844,59.14176549116759,213.87767454556442
2,891,83.83780384047853,77.27991362318734,44.441981832476095,164.21392531046789
2,892,45.802677739539725,43.925303498620295,26.093154854919298,76.14564427630141
2,893,157.2604843103359,141.57662876153063,71.75902137384156,335.04495368446504
2,894,24.374332287209434,22.59497986296338,13.366510454853463,44.69933888976774
2,895,218.20630010798848,204.09125863568084,109.65951123575316,408.92155529106606
2,896,131.4664625731863,120.86081680652211,62.53793249838904,263.5433235566088
2,897,58.43790824668988,55.9649061460467,33.05923478362058,98.17939688348383
2,898,734.4610636979204,709.7031856540771,477.92447830390125,1127.6634932356799
2,899,24.281231738837807,20.345845008485433,10.605736693463426,62.45916891852786
2,900,18.23925097339909,17.686137410567056,10.822645509064401,28.69749384774214
1,901,1.8184492030615829,1.4599423476502869,0.39108665878224963,5.306722519547421
1,902,0.040888868864147394,0.0377567679006115,0.015381191451615994,0.08458865549342987
1,903,0.021152850628653384,0.019489003405010703,0.007992947683741508,0.04393526539300669
1,904,0.09065712555186992,0.08179013858969253,0.011647754590307839,0.21992819514971906
1,905,0.6547953751122808,0.587973010927068,0.28065036512243186,1.4244769059143698
1,906,0.2568584309385406,0.24027194288068188,0.11903870166941562,0.4880231917526826
1,907,0.03269324430558842,0.027365713677393967,0.011539406335741296,0.0833162763019663
1,908,1.227484502939732,1.1321901527606328,0.5271503757208038,2.487183718303258
1,909,0.6917582404952006,0.6247126804521465,0.275902652822981,1.500109214741215
1,910,0.0834189524285755,0.07845266735131033,0.03911988923272648,0.1570340875488552
1,911,2.4261667673026635,2.236778363117237,1.0814355910377262,4.860000083768943
1,912,1.5277756351607943,1.1608900220366252,0.27562929612362536,5.001903577920159
1,913,41.14773493657098,34.678160795860464,10.618514543585643,109.28435275623792
1,914,0.17075479871156454,0.1513331900486787,0.06199273732068597,0.3900602139589764
1,915,0.9305614452364543,0.8798524461242851,0.4487061906653584,1.7058647009137955
1,916,24.007806614546826,21.12710222998029,9.546807891139675,55.467499743072096
1,917,0.1236949558856194,0.11417873834287648,0.05584495850151718,0.2400734491818273
1,918,3.021916897338369,2.802821944736854,1.3734752218009414,5.950657284987576
1,919,0.15610581513549032,0.13578333589303587,0.0,0.426839066330222
1,920,0.13156272800420973,0.10846769832492298,0.0,0.4305088825694288
1,921,114.08490084049618,103.98554637611471,36.569278737724474,248.42787997492482
1,922,0.25329083258370866,0.21780723853183992,0.10203274033371673,0.6086581927232364
1,923,0.1489776718016298,0.13687697034692717,0.05690588571247524,0.31022152356279487
1,924,0.17965302561962862,0.1502681359330516,0.058604455265402706,0.48079129142074173
1,925,2.095236269661567,1.772551736008734,0.7395383379127606,5.395937736240678
1,926,0.1024023180893109,0.0732151075177205,0.020956129645542814,0.36395183571020084
1,927,0.449513032028776,0.3944599096005509,0.18558024100832565,1.0409106400059964
1,928,0.5982240902950764,0.49693983413948606,0.21511527420190552,1.5970748533891848
1,929,0.10441765250995129,0.09606989345891254,0.03929913685496914,0.21833299472765527
1,930,4.759168064078823,4.005840839314911,1.2227564424321018,12.709463705932858
1,931,0.03628332043653822,0.03404376903342722,0.016805203567015013,0.06848754189345882
1,932,0.017424769055247244,0.014346411100484707,0.002513162724848905,0.05077905610510116
1,933,4.234565028095706,3.5137073836655226,1.0446628331460244,11.688391572390064
1,934,26.798594731871006,23.296220873443694,7.488394085134048,66.58590256869088
1,935,0.0832424739949403,0.06899529974785312,0.024710998750564896,0.22914521732376328
1,936,344.0095576197653,313.40270800997484,127.63736140926251,731.262377942803
1,937,0.3869965117007379,0.3246929565918488,0.10175702578042876,1.0281670614935496
1,938,0.8302564453286777,0.7244191432214457,0.3030527238497018,1.9994737916745464
1,939,0.10374169114579983,0.08704330202490122,0.039995449407779875,0.2672417467153662
1,940,0.5129512975974019,0.469763629519083,0.20876489578656973,1.0640870166532526
1,941,0.039438319751788686,0.03064633867401903,0.012740716267288425,0.12122677708755174
1,942,73.4415170685308,66.68855375304182,27.362307220193497,158.78396557154008
1,943,0.45916575651156816,0.3939751749754413,0.18456350117622528,1.1201843122326587
1,944,5.302928898455047,4.55498557724137,1.754929685041453,13.327268899581432
1,945,0.04812404422363313,0.0451435206947806,0.022229150950319455,0.09113562813158138
1,946,0.7312150795811777,0.6578537491928618,0.2710787822891832,1.6211031308291617
1,947,6.871212639909724,6.1200908816436606,2.5981647503324043,15.489728237844965
1,948,0.21604250623763332,0.19637185927332945,0.09314668799944123,0.4521508522959591
1,949,0.1629143773006811,0.1356566603506199,0.0,0.4889596275025723
1,950,0.1288304434244903,0.12089355832313244,0.0599414237051786,0.2437039836526798
1,951,17.341597449847363,15.233974778628546,5.15534105090961,41.54466313015154
1,952,0.7266873078624917,0.6553386598491475,0.2958681863955601,1.5325398793038605
1,953,0.7083126987641235,0.6443060143620213,0.27456142852690313,1.5100417906458803
1,954,0.14015612331252478,0.13166249764565874,0.065813668523919,0.26295515264751795
1,955,0.27752474099203706,0.22552484591786226,0.09616896716981431,0.7807710226300177
1,956,0.2803569788197892,0.25791807876857115,0.12069596173419013,0.5664314990642906
1,957,0.46704984610482364,0.40752249462967227,0.16118797360186715,1.1277753483906148
1,958,0.02651930775294623,0.024132420979297665,0.006884019435636275,0.059760253163337454
1,959,0.08350289205767025,0.07724883388584286,0.03319738241118063,0.16995392154020547
1,960,5.29166725481441,4.3507410757619525,1.2545590516598202,14.861542834838675
1,961,0.05161725338386201,0.04346263928184592,0.015623739243621584,0.1376936179397673
1,962,0.13153057098074183,0.12366734654503614,0.06231973190831457,0.24629084313592692
1,963,0.4532080919751969,0.38421491188230916,0.16785881637348124,1.1583377900222123
1,964,0.2027628937271371,0.178440104105079,0.07293265924846286,0.47500273098237245
1,965,14.148081584863572,11.749708069796238,3.44726488057994,39.0145427607418
1,966,0.06066273778760281,0.05109822113338476,0.0,0.17962073315542817
1,967,0.29184730016970867,0.241052731587014,0.10400803937338092,0.7910887695746015
1,968,4.502492261023942,4.136490367679861,1.8849944897577051,9.212791660849755
1,969,0.10348328903994268,0.08727466947815138,0.03326996280378531,0.26842545849568505
1,970,0.23574951143059675,0.2114246623074718,0.08988512881605805,0.5193115484057784
1,971,9.24400294036258,7.52355625549574,1.8941005411704555,26.71380121260258
1,972,0.5023449736546464,0.42823410506401655,0.18353985894641284,1.2663618471493223
1,973,0.43362266217699574,0.36227123776501247,0.14917050414924446,1.1514075835655517
1,974,0.7125423116617801,0.6213554654365421,0.2845435407247238,1.680774183987886
1,975,58.938044881290345,54.309893315589036,25.332706092639967,119.68602622305407
1,976,0.2997595380335599,0.2808719697445906,0.13917325737656627,0.5705968143738908
1,977,127.23548798382554,107.33768685125915,32.720950465771,337.9255856611431
1,978,1.2545431815279517,1.1590302533480457,0.5183298442707619,2.5372433496565034
1,979,8.263319588524487,6.458792599311643,0.36825922139919876,26.612055346392395
1,980,0.17569948936083202,0.15291232528927806,0.0729829217842261,0.40345956266092464
1,981,1.5791812539807488,1.4224491321969646,0.5462332729154482,3.5059005461509116
1,982,0.916379135355179,0.8619533653479927,0.43175768455819197,1.7088075434635202
1,983,0.10912272481122165,0.09823967968977726,0.04804650589440854,0.22769835504928498
1,984,0.08618341196156207,0.0804893335228016,0.03802228321007378,0.1681988235741399
1,985,0.006050015809097129,0.004856054975739982,0.0,0.02036609358776779
1,986,2.959901128108795,2.4637843562860127,0.7397922470559053,8.105179800976503
1,987,0.2619517278139943,0.23526524594027928,0.07800268987718671,0.5914994079807907
1,988,0.049884219400790276,0.04610893308704603,0.02022153093561525,0.10126569335501412
1,989,11.431632523978358,9.834253337219977,2.942896167172469,29.003739730073516
1,990,0.04694002424991417,0.03636894324704956,0.015235369776623717,0.14613664487870742
1,991,0.003180177498892812,0.0024289049514865826,0.0,0.011295529231216635
1,992,0.41038358764028576,0.38500208973432415,0.18831910407339128,0.7811883208821135
1,993,0.13766788260526314,0.12903060573432124,0.06357536619219968,0.26171161665196857
1,994,0.06056012498558004,0.05340900175640112,0.0218824095838865,0.1409369087165321
1,995,56.81745118926037,50.98004154713274,19.536486644271456,127.46651622963708
1,996,0.25797031938647524,0.22832766792796153,0.09732334427085787,0.5996544099189617
1,997,2.7121549042108777,2.2543226434761263,0.6828755309837939,7.398476007885406
1,998,0.35779112902795357,0.31704983988765645,0.1428697618252935,0.8160421840667795
1,999,0.20365874352213217,0.1487171853420497,0.0,0.7209798635434284
1,1000,2.1618670857900715,1.9702443919720856,0.8876984218437058,4.528616584069833
2,901,184.1151661558014,173.85064315467187,115.72425491240746,313.20654329959467
2,902,14.015301840996015,13.577163222042564,8.212339233471733,22.250576455655086
2,903,10.176613220820304,9.837497679527617,5.933518021061448,16.285136705709945
2,904,42.939111966250906,41.66723168473032,25.491360163674887,67.74533078662776
2,905,61.953246600636675,56.961209438955095,32.54236047546443,121.97372799498832
2,906,50.175872607713174,48.41999420186502,29.210001913367876,81.14550712655395
2,907,12.00067034717273,10.346770712195166,5.847913929986052,28.149429440374124
2,908,283.9260529820956,269.4242746051823,150.33114944087743,501.1022057185392
2,909,369.84019517444136,343.53591330433153,182.44432031130708,712.8931683360042
2,910,15.208545412939472,14.7475557720424,8.8928828814488,24.13770677133295
2,911,113.85477047273008,107.9343901200553,64.16789686389303,198.18133045421573
2,912,141.6376194443025,125.12299240302715,67.06906086479638,313.42092616612945
2,913,2147.001246997568,2100.350395252841,1407.5943106432853,3150.266575328358
2,914,32.171528777148325,29.345393396651755,14.357534440677199,66.37181779478814
2,915,12.107512128136358,11.730953346604474,7.148852571987139,19.202641069601153
2,916,246.0796531442819,220.92897590778188,115.67970578221846,530.5263981532588
2,917,42.69522462390122,40.7507939410134,24.66979395579699,69.7419227133943
2,918,224.8800529873271,213.89215348192562,127.04136102281029,385.7099794306856
2,919,235.51271117149753,220.01309753663674,125.01398904108086,437.8674527842262
2,920,174.07795707185392,165.88151265412634,97.00715071734184,298.38941867460784
2,921,303.5167756060659,291.5880652169152,162.58954181635818,512.4632332865481
2,922,17.661555427321286,15.520134387723276,8.903809359068708,39.70396412748949
2,923,12.803483119393015,12.40549057167078,7.493188471722868,20.36883539732449
2,924,61.62581065896607,53.16341271597357,26.735926457093004,149.8926203605941
2,925,46.45845530324162,40.21661169623455,20.884171526090544,110.30277807007066
2,926,22.159959500964348,16.47909367111226,6.050812925695316,72.5028374463606
2,927,43.65000161128882,39.13865769252838,22.25611768640171,93.46056226606882
2,928,18.702397089433152,15.815157038007523,8.24005081153561,47.842764050111
2,929,28.285398004074153,27.430761499924646,16.741711172746662,44.645603364412985
2,930,271.62318220057165,266.3789069885563,189.7434459074478,385.6783120540695
2,931,18.439618664321433,17.862224390481373,10.749315421675075,29.430743317813583
2,932,17.620989790843733,15.38345285793222,7.6787265766901225,41.18351276062541
2,933,146.11064097020548,137.50350707898113,87.92524283678186,256.1397283422857
2,934,175.254852612185,167.09493273913017,106.12262310012717,291.2232436236649
2,935,26.927021634033323,23.097700200917608,12.244831970285185,65.59380129516674
2,936,7056.220685148988,6961.042262775979,5058.367568075143,9600.103607988849
2,937,85.12182952945909,73.69846011634024,25.936058784657444,209.93255289858865
2,938,60.17655457871636,54.3000126067452,29.307408437997594,128.02794066836248
2,939,17.44659691391874,14.871895854096568,8.234934703157132,42.68490896070301
2,940,131.60797896683977,125.40287269759696,73.25788002755287,225.4241208765177
2,941,13.902521932877857,10.958151639086838,5.65202787223919,41.353037938297675
2,942,879.0444141311152,850.0259460328107,581.7665862465007,1346.3025925875422
2,943,20.396567560150185,17.826809063289097,10.06589479101991,46.8668211118468
2,944,106.36584849705217,95.44138677983676,63.14992999339535,217.26779816747242
2,945,14.221629967396057,13.786776452659312,8.347032959173777,22.631302855828732
2,946,327.74524209563594,306.10030771866525,155.880728242308,627.4079454705153
2,947,326.39726937493725,299.6075652426184,149.24562263013902,663.4358996632691
2,948,80.4409334136316,75.1009671923392,43.806891233716165,149.30657451602875
2,949,91.14547454050101,82.07588138658616,42.85369852224441,194.43296540420206
2,950,20.588093007655566,19.969039197977793,12.078126663002221,32.7114757092347
2,951,342.91704907575297,327.00950863390364,222.7935523091608,557.2405207226578
2,952,33.80012191549892,31.648341446642945,18.86630657828199,58.89677768401433
2,953,318.85888978909674,301.18777242655506,154.98918645367067,586.7372699391918
2,954,29.035296424976462,28.161515918341102,17.205879141464862,45.78002977416826
2,955,22.055095714640686,18.211304589259676,9.386988095744005,59.12506171422486
2,956,63.642844190541766,60.57160922835735,35.60481163774477,109.75853464301447
2,957,171.05573908794906,154.47020390103984,75.33988466070917,363.51595719930305
2,958,15.086132864283009,14.610121109466256,8.846519079331499,23.997414831762292
2,959,34.504255718671466,33.434146346728,20.261799995754796,54.806168201027006
2,960,204.328415209557,193.13705807498246,121.32599932450276,353.62011642571593
2,961,27.36314939068539,23.8402209892731,13.132937086476241,63.94929674659763
2,962,31.579591900599493,30.662103534104283,18.795977096375275,49.70336690282823
2,963,66.8950369244212,57.805350772956075,30.612852800981408,159.6086400646558
2,964,33.174406635391264,30.280292277014507,17.439029901520552,66.76474697882003
2,965,429.8454322383337,409.02111670480593,245.61862379185663,734.4154694823484
2,966,63.22088704001388,57.46158330226558,32.45922857333278,129.0307125145632
2,967,22.153217245913673,18.62411043902435,9.798300936730142,56.834297729451606
2,968,578.6933381412045,547.2294323265947,295.6899200373681,1040.714806078262
2,969,44.42710153160222,38.68870977772589,19.64270580085642,103.54507428579933
2,970,59.1643114382305,55.18801090856141,32.36299857344796,108.70471793738614
2,971,803.7284860081253,784.1796251794115,547.4618547822844,1167.5649260736027
2,972,49.57768911703824,43.17460992708647,21.753563385231114,116.28990293437057
2,973,24.399163736341983,20.874460025688883,11.28052369165153,60.15942484856788
2,974,51.613740605321794,45.93152906124193,25.18593708068353,113.01790397852184
2,975,437.37717715806536,410.94669410317715,219.09975861469405,810.795474319688
2,976,26.587569607322845,25.73953278057857,15.22184908467114,43.002988308604465
2,977,5944.845454696432,5855.681424616783,4178.621758342106,8227.905891931847
2,978,121.33084224131053,116.86439574819995,70.22057644575733,197.4394405126456
2,979,1846.7536491196395,1813.2793299339505,1287.4816341872418,2594.6711173552226
2,980,15.225810369023955,13.535955335247863,7.892690431945201,32.66319818317119
2,981,30.3323847039274,29.319958906975266,17.41978788594752,49.12922159566857
2,982,19.267421963237805,18.68796382633327,11.391682763348498,30.404982748919267
2,983,24.320521049741576,22.494806803469608,13.436963958236637,44.603097054251634
2,984,10.931334945152502,10.543722478535674,6.04870324294942,18.02197971214327
2,985,26.990815060704616,26.100375773931567,15.64393098894374,43.35953084338025
2,986,241.96339659006574,231.85251676006615,153.77324039207002,388.0735520528782
2,987,43.000041907556216,40.75893940225024,24.48460222802091,72.60809838936667
2,988,15.463599171750705,14.97428838599393,9.080293123209065,24.69825592028142
2,989,65.67628733562374,62.198856355759986,38.03608236356475,113.69259270602085
2,990,13.981698966467325,11.013193508407486,5.708439036808324,41.35903980582852
2,991,32.00532986698547,30.426214745399687,18.47824451265313,52.34414286420407
2,992,11.117537498380013,10.719349861665934,6.2205307977940265,18.20071181540914
2,993,44.91063279437333,43.619024221499515,26.68568188289988,70.84843615616069
2,994,34.190155348788814,31.142432924495033,15.668119168068234,70.63716030597425
2,995,1803.877079704899,1769.9500923478213,1252.3216403038716,2550.3500978331663
2,996,176.76690388538483,161.26861918409406,87.19306346807863,360.15459012930245
2,997,191.75241817260695,183.36278138179605,124.59724623569628,308.85772467799717
2,998,193.42540324185208,175.813927123148,96.73417187141789,397.45735650985137
2,999,64.46798597469413,58.85492531607571,41.35509032813919,123.81880148689956
2,1000,515.5310289603424,482.94723392163235,257.6961724935172,960.5830561834039
1,1001,0.5299439402296469,0.49336473726355107,0.23824782379122136,1.0289850455016127
1,1002,0.3805422080034847,0.33946751488952687,0.14784001312995415,0.8537536457083162
1,1003,86.38025232795542,78.34777318711038,31.66168618449569,187.2699268662702
1,1004,0.4263651897453788,0.31430794217570035,0.0,1.5077976698526474
1,1005,1.4867972119575064,1.1419217230729948,0.04287622855020175,4.957892506669408
1,1006,0.22397155750520276,0.20448877829228895,0.09588687157079255,0.46733498673957263
1,1007,5.938006410271219,5.031790623210769,1.751697921166729,15.31460231458722
1,1008,0.9406480421135582,0.8037011274691468,0.31411703551069503,2.3636312876402936
1,1009,0.44725100523272676,0.39623456811572666,0.13707973829754824,1.056140751539992
1,1010,29.824765788527476,27.092728054838005,11.005759889622903,64.31060432579993
1,1011,1.3117859666548848,1.0153693609799879,0.28195617143417134,4.098576170129311
1,1012,0.18992780604257165,0.16724157307081478,0.07068232542864815,0.4370841656976004
1,1013,1.8049866890332398,1.6302642995523742,0.6589447494430314,3.9697966145996118
1,1014,10.339477569679751,8.6443302206395,0.0,31.105727911985504
1,1015,0.8048014028388649,0.6099671629185466,0.14680497947807478,2.6256536439483895
1,1016,0.6331587378839091,0.549571959643693,0.24593070372595832,1.5213434581936776
1,1017,5.12618533852467,4.16342634845189,1.198064665702607,14.739516462601047
1,1018,0.28884650822208585,0.25242265292190674,0.10082504877824676,0.6962513967865093
1,1019,10.954581954753305,9.07092898231723,2.664195081429903,30.269600925352957
1,1020,5.734607567319405,4.611151495888242,1.0726505531921777,17.061657365727505
1,1021,0.2901772803596745,0.2510413303422146,0.08234289988794007,0.7260604281201745
1,1022,0.7146119928346407,0.6273898671907069,0.25186188227997686,1.6804063229839257
1,1023,0.03961027787077323,0.032453538530539686,0.0,0.12656010182968588
1,1024,0.06713597598903114,0.05134631355277415,0.0,0.23528927082236598
1,1025,4.555121447155383,3.3594662774930564,0.0,16.369787087867234
1,1026,4.1990172369297785,3.3938657564832906,0.9922925308934568,12.140302794274719
1,1027,0.11469259248095993,0.09744829069798225,0.039251559281552974,0.2933178435268795
1,1028,0.12828557866701873,0.11015308599844956,0.034782593768170396,0.3282652344686264
1,1029,85.68982007572076,72.3717094345986,22.45602678316545,225.8565078960538
1,1030,0.03340491852368008,0.026025650830315418,0.0,0.11723928159347995
1,1031,1.15452938054175,1.0773104102483861,0.5225620902610421,2.2355512451520347
1,1032,0.8978047296593946,0.7925596164908781,0.1603962666401228,2.2434617291556465
1,1033,0.14165930854240896,0.12666341430236244,0.06053040411825043,0.29858911789737835
1,1034,7.360164110089818,6.694543803902198,2.7589869847480917,15.7888272381579
1,1035,0.11859854083219654,0.10608541954952835,0.0471576396787906,0.2633260598031689
1,1036,6.618209747721596,5.691785924271615,1.5908743907284226,17.045523612064276
1,1037,0.42331644624818976,0.3723946567852118,0.1646863703654281,0.9884855140561699
1,1038,0.13349089577104803,0.11180544644524659,0.0,0.39880345513805143
1,1039,0.6426902592425181,0.5670512433027685,0.2446377745867228,1.4943783626151164
1,1040,0.3347066759523598,0.25855872379534106,0.04640597022194955,1.079575843835497
1,1041,0.09691079390425977,0.08179409689658466,0.02848445360850393,0.25638988200157115
1,1042,7.709278669818537,5.894919797279883,0.029757765393862576,25.628638222550762
1,1043,1.3369681886144795,1.2049828504229787,0.5117048067117216,2.913754882432017
1,1044,0.31003149877798053,0.28565405800964083,0.1356055204784907,0.6239408019365907
1,1045,0.245798759946564,0.2247400963378214,0.06443406959880482,0.5475227940744534
1,1046,0.762615432206199,0.6937915363073013,0.3142637203855482,1.611209844819283
1,1047,1.810620582044828,1.544682291059317,0.5647106634782388,4.627358537360758
1,1048,0.20007791152646037,0.16895950738673765,0.07791476048082567,0.5082523365769044
1,1049,1.9726930755590975,1.795779516584751,0.8166139017519904,4.157684724029669
1,1050,0.044341040015438205,0.038837578794820776,0.001138576323354953,0.11626734733158779
1,1051,1425.03731922399,1349.0659737494102,660.86330885862,2619.8971581326887
1,1052,2.1266729396279707,1.6372770267502883,0.3246435773412364,6.7536520475806805
1,1053,0.29358256775400476,0.25866538208675893,0.10353203392975306,0.6874032541651841
1,1054,69.08223278746205,60.83572173306989,21.008543609350113,163.0814008048891
1,1055,0.16448173236097574,0.14516026464119902,0.0648338310183164,0.3829229375753644
1,1056,0.07255820199190581,0.06057844443937141,0.0,0.22610533388432238
1,1057,0.76429402653321,0.6048269811537528,0.16217424447670964,2.3147183700629594
1,1058,0.08912170247472992,0.0715147876825403,0.0,0.3018939171192695
1,1059,0.5646101377908207,0.4465744710522953,0.12044078014304524,1.6977516124162237
1,1060,0.004778408297091762,0.003550690442035477,0.0,0.017497838533925367
1,1061,0.08149891992830158,0.07413226305060308,0.020787614572328986,0.1837624148645628
1,1062,0.76081520252136,0.656967668159657,0.16355419644695499,1.9705914369475037
1,1063,0.2763747285484119,0.24664799723753408,0.10319262654392718,0.6231142603991104
1,1064,0.06831851316819479,0.059648087657249715,0.0,0.1862791194296229
1,1065,0.8166102017485807,0.6794196912687256,0.20548017040305147,2.2207930424406515
1,1066,0.32790187265062287,0.3019566561833233,0.13680536713275973,0.6680149505114472
1,1067,0.28571155915972135,0.253894989177666,0.10337107074320165,0.6551589990268629
1,1068,17.747095499552678,14.723550573965346,4.356077510764511,48.972583709644674
1,1069,0.15090192486247989,0.13419066008131092,0.007443359012382322,0.3866035115999641
1,1070,1.061587091362266,0.8474297564181721,0.23670350974826646,3.1459335515186506
1,1071,1.8995694163431234,1.7344577459320258,0.7357820471799288,4.0093396737560525
1,1072,0.23762419082350392,0.20432548456208457,0.08938846845810997,0.5869684596572821
1,1073,0.7385524603112523,0.6685474964570948,0.2790387648376556,1.5987327334733274
1,1074,0.6612413202788222,0.6026245075594634,0.2783171559092919,1.3877402790589393
1,1075,0.06747912471580529,0.05408807020766214,0.0,0.22166777546000704
1,1076,0.515844661064908,0.466467195281295,0.20433019165805114,1.1173375411341138
1,1077,14.265850139062028,11.6775189139308,2.6694752384388347,41.080248480427365
1,1078,0.1362862366964486,0.1274068728829727,0.061267129128657095,0.26269700516713673
1,1079,0.40034159411461273,0.35724863365959036,0.1400373369019293,0.9138518671116772
1,1080,0.4181257184045481,0.36923198193557377,0.15376392566352348,0.9706579823587493
1,1081,0.08921339721843734,0.0831638902207229,0.03977468330893775,0.17364561459651556
1,1082,1.0400690694454378,0.9364710325811403,0.40174405087126663,2.2802636802132934
1,1083,0.09515432580672316,0.08021785256029575,0.0,0.2894892530484428
1,1084,0.9089330539671496,0.8148239036693861,0.3454778916009903,2.0043428177626543
1,1085,18.35016073128778,16.695048743116512,6.920884528595267,39.28584587176605
1,1086,0.22359489614292125,0.18608690725875837,0.0764801072811223,0.5973806399229351
1,1087,0.033765593237104534,0.0,0.0,0.19508917949326682
1,1088,10.09766302355988,8.581811989171488,0.2874382091123026,28.211971445145615
1,1089,0.018081105717389467,0.015177090561542494,0.0,0.05288463089606795
1,1090,0.01805821739012133,0.014587367197178978,0.004364557869429501,0.052933564064796226
1,1091,4.085054973756063,3.351172583087827,0.033148237119619305,12.316912728257657
1,1092,0.6862496724360914,0.6281195149990031,0.287859551629001,1.4250203429264214
1,1093,0.2264872135193317,0.18762813774022327,0.0,0.7226127644009948
1,1094,0.10380673426482788,0.0902739977920638,0.03388596506656382,0.2530227128172532
1,1095,1.1890747138555424,1.066033848845568,0.43453666223368553,2.680180266809808
1,1096,0.04109549627990256,0.03850562007492157,0.01880204834088975,0.07813750020198214
1,1097,0.3728270975483557,0.3504089063778767,0.17619212298034573,0.6954159360694445
1,1098,3.089416816287142,2.7883417952299303,1.2396054941478303,6.689448490225628
1,1099,0.3644724467918869,0.330402049317948,0.13482754145940948,0.7918617595680307
1,1100,4.0977113907645615,3.2672519730200555,0.7745981086662383,12.353711650845772
2,1001,75.8753622620454,73.02261817681122,43.504330240775424,124.38562064933237
2,1002,280.3726570706713,257.04605385991124,133.47511815981434,565.563179067141
2,1003,1594.161067662789,1553.0183551839123,1067.0154950182614,2361.958792522244
2,1004,150.51871872413324,142.07937252986932,101.32646887710263,251.9481247651261
2,1005,660.1852958477457,637.4333428533841,418.3751788325945,1033.9201827410914
2,1006,212.38376891227625,199.59170389091292,116.92337542819666,383.15907140423013
2,1007,180.70077582607232,164.09107977320008,88.06783708592258,370.37875590167044
2,1008,211.20468826433816,185.63384815433724,86.48462188005335,487.66865697414795
2,1009,150.54164577643974,139.29250368927197,78.6220465191783,290.97952943037916
2,1010,891.1453905545533,875.0124738977511,623.8224608838555,1252.9089560991922
2,1011,152.28637191343688,131.85278860897392,79.55560997508341,349.0065374536972
2,1012,79.14134715495987,72.26750619887822,42.13563812426752,156.7168422785906
2,1013,306.721963799961,288.5899210015813,163.3791612380157,556.556131503858
2,1014,1340.7142089883866,1311.6033041548371,911.8228893571625,1934.7964700156078
2,1015,115.610712357715,103.41518845552812,51.43948845544395,250.22978456416408
2,1016,90.36128682621217,80.16649008114078,42.83812043749859,199.8161368053685
2,1017,361.32929397634433,335.37913897583803,202.989964167022,669.0113338188817
2,1018,203.3516459224066,184.19434180561797,91.47231588461362,428.6435672245962
2,1019,1007.4237950191034,978.8892910170199,657.2556744143014,1525.139634115016
2,1020,453.398662477597,437.03873023485113,285.9452287148625,714.5186950359378
2,1021,231.64223239199674,210.38497952883642,109.69574001490008,479.22116467304846
2,1022,238.52736193773612,216.3575459104122,99.73743017132672,506.97353822134403
2,1023,81.04518522436624,73.63238168558144,39.92631546276848,166.08827669210658
2,1024,49.34743959251562,41.1492291447875,22.20072666479965,129.0431645765524
2,1025,1722.5954377096893,1670.4870411924817,1091.4958196671698,2653.54246646327
2,1026,132.25795774564645,119.32245223979737,75.7838388287142,267.03660607219376
2,1027,69.88038024303631,61.21207760805795,34.129489683204596,160.30344672276325
2,1028,136.0668760345787,122.679520933345,64.46065784422782,288.6271782331027
2,1029,5994.520840864019,5903.211238416721,4171.267213732051,8364.970348533787
2,1030,124.88590201127911,110.66267240826346,59.873209271186234,277.72681538622993
2,1031,215.14360249379496,207.44032387413858,124.57321290269724,349.6759476482301
2,1032,665.6750669469106,629.2825262276824,341.8728418498607,1199.2927947279024
2,1033,39.57349274583637,36.3256144386482,21.42278096751745,73.05649582472232
2,1034,75.4640172055585,72.61891419808163,50.670103751936544,117.92715698382113
2,1035,110.07581268698458,101.87264884939911,59.62412153949298,210.9954314279443
2,1036,258.0856680959507,243.91413196416235,163.72994420583365,439.4627967618395
2,1037,334.14458462368793,301.035011801224,159.39545138831056,706.0621047650023
2,1038,258.2866847360954,236.08845834073168,125.50809538160884,524.4729220353092
2,1039,130.31615488870054,117.55127046237175,59.82271944503355,277.30427394779906
2,1040,635.1085176293731,602.9246784699837,363.5937452678583,1095.509551859281
2,1041,71.79272256463587,62.92150928188752,34.520759218704825,165.4512949621958
2,1042,2156.1900776880098,2093.544840601799,1368.039684230403,3298.010415360993
2,1043,612.9321388730666,569.3033881786332,282.01560943308675,1191.7528930020399
2,1044,119.6345233471853,113.81327403434864,66.86906322114646,205.59434665372072
2,1045,98.9489017398954,96.09207827870341,59.01966011390812,155.86392431759967
2,1046,396.02074947379043,370.6535564672552,204.11899454709393,736.7637956403628
2,1047,193.90832293734954,176.332208315285,111.57980862302357,381.38424086968445
2,1048,31.612875110180788,27.210385523802817,15.075027112230355,76.31990943174029
2,1049,514.7056714075032,481.6555116566059,259.8486229430137,957.1075848273227
2,1050,74.51672730689347,69.9145322715832,41.8662758488623,129.96527542417562
2,1051,15866.127792523164,15668.015696189637,11376.269257709753,21534.024643457546
2,1052,1282.2346875525393,1202.2739897648278,671.3169058955557,2352.979591021075
2,1053,326.4049562969259,298.20502953962443,148.48462493800426,671.0904472518606
2,1054,2730.580415639165,2667.7838048956564,1823.5278864577401,3993.992789522329
2,1055,123.59651958227971,111.77823877645912,60.53557812899092,258.76873829681773
2,1056,296.4132877474855,277.3929977703159,151.27709465735472,553.0774093195149
2,1057,187.3652868918783,172.06084703062675,104.81234625610605,361.5532482289421
2,1058,670.9468043507204,639.7026802229971,362.3077629915566,1160.9712574299294
2,1059,165.32095474071073,151.4848687118892,97.21536537518446,316.7518190000418
2,1060,56.783869568943715,50.912334779974834,29.430167938933703,119.16202217504808
2,1061,55.99796560926897,54.240170391178,32.73910923538933,89.35142034892273
2,1062,465.4615049628382,429.0081031457239,209.25171860225882,931.0275821555634
2,1063,124.7378216381149,115.08055515138985,61.88954465626251,243.37715286003993
2,1064,147.70670708693433,138.63144783680073,81.61527117061415,266.91899124467307
2,1065,82.85489345682663,79.86938532788604,54.339428836995964,129.04285312005706
2,1066,162.69288806669124,156.11884423930428,92.66843537369395,271.16078045007544
2,1067,152.5068434774899,140.4180713207065,71.7232029379059,304.99863319721703
2,1068,1440.3196691061141,1389.5970413617138,864.8281189958236,2307.624067540128
2,1069,131.68446044416868,125.32950794059522,72.9887048285246,227.50653465378304
2,1070,107.28500101492999,98.00493636687298,60.435489712626264,209.90387556166124
2,1071,1392.6669031114225,1328.1706631339307,742.3982644477009,2413.9960108056734
2,1072,96.89480521447165,85.20328680872161,46.34351121551526,219.0088249319859
2,1073,319.88639056595713,302.45565959753725,160.1207654644341,581.9932512201914
2,1074,264.31929583850194,247.89084997734386,138.65095220026797,487.54253121726236
2,1075,105.65867900605102,92.17902398871271,50.791963261719935,244.41878012297886
2,1076,178.41175815365094,166.68519903632983,89.82963444571594,334.9250603255262
2,1077,615.2462512411145,558.9482484094049,306.9759800780034,1257.0347716455863
2,1078,34.47131857364072,33.414784546289596,20.074214309436854,54.8037133759812
2,1079,196.10089410452207,182.30932561635652,101.03634429188337,370.1293588174736
2,1080,157.56357388167973,143.40018282687925,69.9864908937367,328.52507251685887
2,1081,58.58352650890643,56.92775132707537,34.65476635409958,92.09661783418807
2,1082,408.0867683200259,378.50723428976164,192.83224868702288,797.0287067490816
2,1083,101.80514236206514,95.07148365340635,56.84115782412315,182.1003629238115
2,1084,308.3218152385947,286.3488750650201,155.86671612958665,587.7837292790153
2,1085,346.0297677573368,336.6458809563205,247.08692284609495,499.03439767981223
2,1086,72.25602004616621,61.58065768325167,31.89365153960387,178.13425194434322
2,1087,320.5015886271112,293.8707944957523,147.52658211292396,653.2945638152155
2,1088,709.5572970138344,687.6388289218305,480.366809968768,1070.1318665427661
2,1089,88.9196373096684,79.61920140407071,43.863280963551674,191.94032253608367
2,1090,32.31575951802928,27.20354663663877,14.549517644359835,82.92886584470908
2,1091,233.37981944557566,218.62700049069593,133.5176482450108,419.4557991363447
2,1092,283.5820836104428,266.56109161913855,147.16535452234652,519.1233122663343
2,1093,408.9186884775491,390.3157335093707,229.75144825741077,694.4057065531016
2,1094,96.05600978995197,86.99088305738118,48.867713457945,198.96248191177972
2,1095,729.6733336385951,681.4548380534418,363.5182524795018,1375.0422678639034
2,1096,10.803569525127722,10.449778615826123,6.143227859147783,17.49360612795058
2,1097,85.98605859722214,83.43021420928375,51.08051650173802,135.48095066780306
2,1098,301.0486573201845,279.4909559995493,146.8004706594059,583.311737528977
2,1099,126.16553996459285,119.32211042260016,69.04080400828559,223.57586606292642
2,1100,737.8309642108063,706.0182864379722,453.3580412199519,1202.5363226007084
1,1101,21.35282687762241,19.05097637070348,7.296491786045038,48.680592909323046
1,1102,1.2941379307447005,1.1321944737931904,0.4461794427405088,3.0845844328785237
1,1103,10.292590792711518,8.699547480956468,2.553865759555568,27.339987245262122
1,1104,0.2957641648654732,0.2501725693706398,0.0,0.8838294927491541
1,1105,0.10433169903760543,0.09378217810041994,0.04119595389214089,0.22427030312157464
1,1106,2.726213082500699,2.231423885055075,0.6690140550046375,7.7370515419135
1,1107,0.030384791068972076,0.025894809510998457,0.0,0.09197751344288795
1,1108,0.34708617643556156,0.3113166816631706,0.12775001369453876,0.7751084726862327
1,1109,38.52946190570645,32.348059547930134,9.87993119537706,103.9423467933668
1,1110,0.07094086837469471,0.061819190248682446,0.01932822384835445,0.17397926798655775
1,1111,0.21002404596989938,0.1777024185594875,0.0,0.6093426934066093
1,1112,0.7019561555887079,0.5869034895424892,0.24062876847160056,1.8443410738052985
1,1113,1.720636480642519,1.5385166492548241,0.6425514264272144,3.8828197185924354
1,1114,0.48746947426673565,0.4044510970265768,0.18195880545666507,1.2995503601527816
1,1115,7.072907278430034,5.9574840980770425,1.8176328776122366,18.871953803941658
1,1116,5.60751231921907,4.5594873241481455,1.1856495472841704,16.02351572018834
1,1117,0.35108287160189916,0.31907660618767375,0.14976089172157403,0.7244950747957953
1,1118,24.339356499419253,20.356503281597416,6.131129418089594,66.03113709670471
1,1119,1.1448423520054425,0.9272150474990168,0.2643021487515604,3.3045108336598195
1,1120,2.3009659029826244,2.1087840173658723,0.9763148185290308,4.745936550463017
1,1121,1.1901211334348287,1.061042503660397,0.4595502527222617,2.686175215690646
1,1122,0.6282240011982215,0.5416738352142418,0.22414439637860412,1.5438432270908184
1,1123,12.532954443004549,10.283925922940107,2.8516160468248133,35.04922753073917
1,1124,1.3743480015909513,0.0,0.0,8.494737601055302
1,1125,4.9465256146343215,3.6984335355585065,0.0,17.681112398128008
1,1126,0.7505558666406333,0.6524658406008592,0.23567946671154047,1.8221779244700975
1,1127,0.45242906201365884,0.37758498344072533,0.11041433989157058,1.2371074414604777
1,1128,0.5015736221419809,0.3977808186525984,0.13177937830445433,1.4920995076963255
1,1129,1.2600241598538524,1.0772765918508012,0.43244620132502704,3.1775758531975242
1,1130,0.8475760420537203,0.7206007411893374,0.2159217473673182,2.2245330575424482
1,1131,2.1963888122210053,1.771919009752676,0.47039856284888565,6.441362884393691
1,1132,78.77417611015936,65.90090498043176,19.77093942217494,211.7167905382143
1,1133,0.08247786357631082,0.06224333756813663,0.0,0.29185346326515343
1,1134,7.2226358207320045,5.962281716152525,1.7641536614106195,20.029478699482354
1,1135,1.0064860785423813,0.9167648657304064,0.4484464445617496,2.0733749830142028
1,1136,0.3678779044998153,0.344799057067945,0.17076802646113612,0.6977020325275981
1,1137,4.280588605339625,3.4414909102556623,0.9165809060008212,12.617441598348488
1,1138,15.24970281841684,13.7395129172905,5.9203136462300785,33.2456630599579
1,1139,1.3800663917496343,1.1381835240036042,0.3346743578982953,3.8549994808502084
1,1140,0.5132620935654157,0.45676277439311536,0.22063068137025968,1.1167859901268589
1,1141,100.74399638896782,85.42173178579702,26.657154141286117,264.5723701042426
1,1142,11.58592368395298,9.46750825268413,2.715550049850639,32.81289585050474
1,1143,46.92283594112457,39.45144842340544,12.019868420639531,125.70805566542714
1,1144,28.90799758071095,24.413996288024407,7.466064147428262,76.93818653219338
1,1145,0.11988708658422666,0.09755996021165508,0.0037042647550871327,0.3653027453935812
1,1146,0.2551581035535093,0.22596941340479548,0.03961081267642138,0.6393660702234034
1,1147,12.47851300582771,10.439383410495815,3.1401136543941095,33.96114091026416
1,1148,0.4370243996104724,0.37320778510160774,0.1749263334295309,1.0810958413217786
1,1149,2.6717194810109084,2.2197288944988425,0.6729292713885511,7.333887485141247
1,1150,1.9550280059963094,1.8222635276557582,0.8790630907635276,3.772536345957118
1,1151,75.37086062642874,63.542583612406304,19.617330194543513,200.72561270441003
1,1152,21.252123390106853,17.967187627360538,5.572619315391314,55.82217365924578
1,1153,1.1958796293972314,0.9059218079438278,0.0,4.164082384625182
1,1154,1.1689812893421327,0.9727536765079086,0.29134888901202033,3.189071606876992
1,1155,14.092605919367962,11.830391598482496,3.5621372291521785,37.94161747912174
1,1156,0.44518865374477357,0.41809584177428144,0.21059874322036215,0.8369340343534002
1,1157,5.49216625191682,4.43903387439192,1.3016961246170067,15.834669724683877
1,1158,0.31252479249330894,0.28615413369836995,0.13471699463850412,0.6423800976382515
1,1159,2.3320164428236336,1.8695135626857922,0.46308226115311607,6.893737537375032
1,1160,19.52690819244431,16.473235215282692,5.029999577236191,51.93112206649054
1,1161,0.5817413949063778,0.489276109576943,0.15043372547244782,1.556865830596912
1,1162,1.5359199971093538,1.261256281598618,0.38144232592634186,4.277841341377203
1,1163,12.625128322519288,10.612023554502066,3.2688804121676767,33.77661571811777
1,1164,5.664512167194288,5.1388129482006715,2.284885344898721,12.060964821138736
1,1165,13.018048077849974,10.959497394457141,3.340055994471339,34.85436673883711
1,1166,1.1854257488212012,1.0278703093819361,0.0,3.287130389845984
1,1167,85.28717895097891,72.2192570323842,22.493151384653075,223.49307175036327
1,1168,17.930480015616784,14.991348478712798,4.49910550836334,48.19872104318201
1,1169,0.06904696210738726,0.06475751618368557,0.032409993969815636,0.13003986826731379
1,1170,47.48293606607265,39.31409586573192,11.743996911407907,130.13930689429543
1,1171,2.262298171561747,1.8475646486641626,0.5312386876188282,6.413660534360333
1,1172,3.7901332006310673,3.1634355164054613,0.9579046074801331,10.310292532181007
1,1173,1.9899637209064307,1.8183894760931432,0.8092870424668884,4.1758386013620905
1,1174,1.6887427305835467,1.4008339802754948,0.33139942207581796,4.760378713346823
1,1175,0.2862077342019921,0.2559187248888968,0.07827527486722612,0.6638755911080381
1,1176,7.702875294616351,6.380282108866226,1.9064316632843745,21.27966540456663
1,1177,0.17124811128436235,0.1454222961956291,0.05967509725331635,0.438138772628746
1,1178,0.8668196186143361,0.7131671306907814,0.2163367025985171,2.4181460167735347
1,1179,0.30763553059416865,0.2620223196962124,0.11146904279976874,0.7784521624435996
1,1180,7.758247221043516,6.460957679863921,1.916773071037828,21.20761223793563
1,1181,1.0282524958914214,0.9501648047146087,0.44584483621360665,2.054899616041259
1,1182,45.89771534560322,38.61561287714001,11.878791638645104,122.47337372256852
1,1183,0.4560583039745518,0.4164815822972172,0.1920708675347894,0.9576936054190696
1,1184,0.8282374276373061,0.7607904276660031,0.34544988165800145,1.6928566850783413
1,1185,2.491022716529807,2.3121080271476258,1.093083715525562,4.920039101952693
1,1186,0.8622694426334983,0.7837138225446414,0.34897634391678856,1.8306812476517287
1,1187,0.6016740995831465,0.5468382703928081,0.25102604312821025,1.2710743255710721
1,1188,1.4286625684709928,1.311859082979812,0.5793462046069454,2.9563647951060337
1,1189,8.19868738177605,6.835912984395678,2.045434635883028,22.384038486151688
1,1190,0.2837184667737602,0.25021128725421937,0.10596686995657202,0.6595149219291326
1,1191,4.855649005875192,4.029053135009766,1.196855163418323,13.367601860154307
1,1192,1.2707838630049249,1.1744534690481412,0.5456801373823063,2.557141996023636
1,1193,0.8984174765364819,0.828538095367958,0.38107957662330966,1.819264989649201
1,1194,3.1204408400290675,2.913386899062073,1.4054009288777791,6.040964870229585
1,1195,105.49508093398147,89.82694204850382,27.86720905945721,275.928388529489
1,1196,4.052626872625361,3.700747533111195,1.571480844397113,8.575729803404876
1,1197,911.9965034797506,845.6005206583578,364.58368469801803,1843.893498446011
1,1198,633.1174013559481,581.013505067592,243.93928784178036,1326.707229701339
1,1199,19.475802220746584,16.331039174335395,4.978528288202524,52.21927427169253
1,1200,1.6355204333129507,1.506642621388535,0.706009080556729,3.3082739179147844
2,1101,653.4325751616548,632.1575006178375,420.71328887261274,1011.3754578425076
2,1102,306.5274540986136,278.4417397792735,135.55232139911934,640.1019874982336
2,1103,366.50511248107046,340.26196142715185,197.90399594796946,684.9860582110897
2,1104,223.67248923151445,207.91001742073405,114.13883160420721,425.9916190472704
2,1105,69.11628461264169,64.716727998657,38.80395779102156,121.38727854028748
2,1106,121.42556750594306,111.55587974256125,75.79011566464715,230.95537272320075
2,1107,57.27723938289317,54.31923430384088,31.623580724546944,100.58734924763469
2,1108,116.19765662617517,108.34110214680278,60.51714109792773,217.05983110352852
2,1109,2170.8557249876244,2121.058558426949,1425.4952917716803,3206.0460253308256
2,1110,76.58761623432989,70.12041979916107,40.86710704795894,149.84914555266818
2,1111,244.8630053483774,225.6831748267195,117.43255661360435,484.36418765998144
2,1112,135.64040247396602,116.24231857994056,58.5432163978227,329.74741412787455
2,1113,654.2566930968591,601.8409131968324,293.98240198918586,1320.6900819135185
2,1114,48.77417680343355,41.121978433999146,22.510848695857046,123.71778609984273
2,1115,271.5579354861353,262.6250265280487,176.62731394361936,418.9513150409893
2,1116,724.1684587191029,701.5933037612311,464.3994813759542,1116.5972286250087
2,1117,150.86121202912653,141.8781965574414,85.34305273196384,260.80030171985186
2,1118,1958.1097126013112,1899.4280367253455,1247.5047554242792,2995.257669158157
2,1119,183.6368879886319,171.10892405183606,115.82615536842383,329.64861753745464
2,1120,351.0585614814688,330.53140286488144,181.86457439617053,639.3385242806679
2,1121,427.146586627809,391.2706867832029,198.61661202457645,861.8371330086694
2,1122,155.9539731240636,137.79968333204624,66.10375734848466,353.8261421647205
2,1123,1294.9044455297926,1270.858153779532,895.849666664506,1838.7348442725047
2,1124,2627.3798065089004,2585.0789389195293,1844.7879905919824,3649.292749579498
2,1125,2086.4122812835394,2053.5230474921805,1463.8928731764247,2901.6018877760803
2,1126,288.5143390847676,260.6273750111669,110.47676031826043,629.1816087906141
2,1127,39.44244396364817,38.86782005846118,27.01996063271,55.07154535959667
2,1128,213.49841254374758,174.8344456529104,66.76792529073364,591.9740900671007
2,1129,231.3431733170878,202.4267434930606,94.3668546176697,538.4697178790661
2,1130,372.7230569571556,336.7897009245314,151.86777891431717,803.1530850639026
2,1131,350.92232966553127,337.1398634533948,217.75216406340402,564.7400847292209
2,1132,6150.23329778975,6058.464833711946,4333.051797493764,8495.98064497466
2,1133,126.83801275049346,107.39033779628777,48.17108661544222,321.8248228333056
2,1134,269.14475456041555,252.70187832869675,159.71631934137324,476.0243397231515
2,1135,192.4864516975285,180.01680299640333,107.26109897642677,348.09279594590123
2,1136,95.5213307207406,92.67478805574879,56.60223365584336,150.72660010534108
2,1137,353.4792008160959,333.8570090534913,208.28521371707984,612.1701854593231
2,1138,918.7329802961185,850.5519415671025,427.52031658693795,1800.2147684092085
2,1139,234.63588702607834,225.2508457630472,161.89539854723606,365.0662912813087
2,1140,99.56255251212194,90.8275210283125,53.257096295299476,196.4125333312181
2,1141,5330.961899645513,5255.480869669295,3799.433897741204,7287.383525718345
2,1142,361.327617877913,334.72465742528124,207.8788999128374,669.5816786553501
2,1143,3552.7318507454966,3476.2504446669923,2366.589449194218,5183.424555428308
2,1144,1445.5145441652244,1410.039023428863,951.0099777969449,2149.0648166477145
2,1145,132.61888099436342,114.46179048763278,62.280229908285676,317.3625391098166
2,1146,410.60461400906786,388.6079358308584,219.0714191680455,729.3824031348263
2,1147,1381.3360256356984,1348.5085667106912,938.7549194595297,2010.2772132189932
2,1148,66.42821677776071,57.84684832258989,32.62143608874032,155.15753190107097
2,1149,225.8454576702148,215.76050311071756,146.53463138783073,366.29465380262513
2,1150,271.9670993472415,261.8341749067033,153.2174031115908,447.5507983785045
2,1151,6528.228807709806,6440.005148831792,4688.074187282275,8861.280328045288
2,1152,1548.6257298006617,1520.2776888385906,1073.6332586482188,2190.3031532446844
2,1153,153.7210424394167,151.87656602774194,111.62042937823549,206.0416942992655
2,1154,138.2973682467637,134.93852877648868,98.21177501588407,193.01543006078427
2,1155,1347.861503936312,1316.1022666097608,912.4095497530219,1968.0186406694963
2,1156,37.587364674111114,36.45091758117232,22.02016608969472,59.70934809836831
2,1157,205.96987491737352,186.86794328156998,118.49149120008903,408.8012430443058
2,1158,155.48977544289548,146.81585952676568,85.20223638385114,277.884556096555
2,1159,780.9142233592465,754.1947846757196,480.63351909969026,1237.0424680423916
2,1160,631.5895612781117,611.0011705084895,404.79639931093186,974.9304644107477
2,1161,71.52005846226162,70.52436708960855,49.56101002683953,99.14743653447809
2,1162,153.04815854337218,144.19178736028255,101.37967663961898,261.4613363886403
2,1163,401.9364669742181,387.2986895769176,260.5425521105453,628.3838435875064
2,1164,891.6199667312875,831.5991238551917,432.98802743082234,1702.281999891284
2,1165,655.0486916313827,637.9081179109294,430.6311373463726,975.4114314945241
2,1166,396.6724026877588,372.0544202917588,208.92919792335314,726.0478414443846
2,1167,3298.673446323492,3235.4119504592454,2251.161281851804,4710.158653304342
2,1168,1329.4397141960517,1297.2679620039767,898.6826192305957,1948.3185477260765
2,1169,21.190880392118153,20.52033951372298,12.459095312805523,33.779276826973465
2,1170,1591.1597308255189,1513.9666315855798,934.2559952990745,2697.7444614757997
2,1171,215.07125271346874,203.4036755290772,133.34031709241685,367.19101399383453
2,1172,475.95807685799235,462.28733074966726,321.8847038590776,711.717378911996
2,1173,471.7466813342271,447.4873991905192,248.191432563271,836.5474669519305
2,1174,640.0467280003944,563.4444700382861,262.3947152163916,1476.29869395805
2,1175,294.49506973050046,279.7701324103235,158.28306637616762,518.4268682366154
2,1176,254.07985470673327,237.9139949859383,158.0565234196232,451.30251176116496
2,1177,114.29279260345501,99.42815687624284,48.0034030259842,269.5232777803138
2,1178,176.4629035707549,166.85848861422855,118.67557136604066,292.38006948658864
2,1179,158.07869948419875,136.96833795554318,69.34177224500189,372.72431269769567
2,1180,2065.6652598978726,2028.3425834803602,1401.3721196913077,2942.9583670329325
2,1181,761.7974791605665,728.28760320882,414.414554102489,1301.2264178824184
2,1182,7160.230205806749,7037.340541288564,4892.9267447803,10137.289804079473
2,1183,296.711119435087,278.8354118908657,154.53111663648764,543.8097093968629
2,1184,936.0634225907963,890.0751303641705,494.23706676591854,1642.8924904994008
2,1185,2033.1749394497608,1947.0305635738587,1105.0636037160016,3451.3082388634625
2,1186,649.9391696583098,607.927364335097,317.5953123701443,1227.499090066784
2,1187,379.2504481595496,355.3462881554241,194.46567022699955,701.9690241613338
2,1188,738.6442248800714,706.4610659459287,402.25069761047615,1260.9016607081514
2,1189,2193.534348951538,2155.499315910123,1520.8699254863006,3074.674709622464
2,1190,233.597002115651,210.84483146077105,104.89856240405678,499.98629632413486
2,1191,670.2255113754281,647.8166680650849,413.8522423071255,1059.2831244999497
2,1192,811.250763678074,771.7359273864402,427.3853813845301,1421.5860687347367
2,1193,632.8443642049076,604.3770106167678,336.9296127991584,1091.710851128906
2,1194,384.96307489956257,369.95156030662775,213.2289193758729,644.0712512915381
2,1195,4234.208581711008,4166.132100274972,2921.0830899719404,5926.933706142455
2,1196,1126.001919869179,1061.9336540796849,524.4290995710809,2094.8333497809786
2,1197,8532.049160119306,8426.762159814558,6106.898032468631,11553.137663609255
2,1198,12490.930028471394,12341.054308916397,9102.030893183995,16751.14186095113
2,1199,1130.6253052432314,1099.2632878197337,728.5083514185275,1712.175559039521
2,1200,282.41706174413366,267.5046484228694,147.5115634637538,502.2828996555164
1,1201,111.16705084358067,101.85061072311404,42.643655186568836,233.40547141330475
1,1202,163.39431009328922,151.685322555894,65.35215362514151,329.0656182226335
1,1203,28.425945272529958,25.61413877195747,10.306852339410565,62.705844376265894
1,1204,1.6204309260542862,1.46473452624761,0.6298353792021182,3.513934376418638
1,1205,308.1216565380706,284.10039766569594,120.80833176337123,630.038221435116
1,1206,2.7045185506506173,2.44140801471014,0.9624236112711781,5.978364260240178
1,1207,741.1399933783395,701.0131941564915,319.17110029909566,1391.125245767617
1,1208,908.5158813093188,862.6601842850791,399.3266195939296,1675.8495514598055
1,1209,1.3384795512111485,1.1734751342004364,0.43897022167534155,3.2095638605401784
1,1210,845.3853716412893,777.1703293322612,329.6817641341512,1748.42456882729
1,1211,605.2903530525125,551.9439505494155,225.92225887507036,1290.5047510720308
1,1212,62.67659314750284,57.33841142382717,23.896613248578085,131.29421824251725
1,1213,28.744004156453794,24.14296216303373,7.366642623959954,77.20442892293342
1,1214,5.409764739033148,4.578462715011949,1.423673389653206,14.225811384424917
1,1215,1.4571944292825292,1.3206791817889298,0.5559561913494914,3.1584678894233784
1,1216,52.50959116031389,44.395231787432664,13.731805017597873,138.13222186989813
1,1217,15.860375790193316,13.224908575309227,3.9652510557706866,43.190286221591286
1,1218,3.2695045335025474,2.985609080432133,1.271781798776046,6.9138718603317795
1,1219,2626.5257353639117,2514.8352578561717,1281.8321852143345,4632.975751398985
1,1220,70.07953475783913,57.70665813059776,16.147573691243444,195.42992664518871
1,1221,191.48336767727088,166.59307243378709,53.547077233138104,474.66473516301295
1,1222,560.5612134927458,514.4439596657721,217.36886924509304,1171.3921434910474
1,1223,6.037055758278108,5.446977125610644,2.4019426929046297,13.11007689055979
1,1224,1067.9494981282282,985.4403938675916,419.7908394831001,2187.4189200895858
1,1225,7.734002163365337,7.132179534221516,3.145267211558981,15.725301840929035
1,1226,245.2907384693994,208.07837213683507,63.800859229823544,643.1610195452024
1,1227,64.90726672378177,54.8959543212158,17.056898101614845,170.29883151039763
1,1228,1446.2025877992069,1326.5946305815169,559.0277228529881,3018.964126989111
1,1229,11.560591621893733,10.219914134656772,3.704779279384873,27.37122180867807
1,1230,1412.3079908727605,1320.4712985224178,576.5296857855695,2785.0773967358195
1,1231,117.54601650291791,105.03504240731431,38.992750821413246,268.5988041736224
1,1232,1063.0425195124033,997.7013228957608,469.1646354225815,2033.3617345195523
1,1233,292.70500617117966,249.55983640009825,78.38258989128033,760.9334575100293
1,1234,0.18715141017154852,0.1700816045106459,0.07589769564212877,0.3992414184661333
1,1235,0.13953512496533024,0.1214442512589656,0.0526392799819154,0.3329399312147654
1,1236,1.9470880226806073,1.8138023577593643,0.86447137722638,3.798520521873087
1,1237,0.478183993280303,0.4344775572202947,0.18511667672518098,1.0207392767435812
1,1238,0.9358961246509693,0.866285006510115,0.4092791934034395,1.867369825915232
1,1239,0.6841292617262708,0.6377633788319544,0.30650487175414676,1.33836634629156
1,1240,0.1116741687613549,0.10048000917921615,0.04775110315506168,0.23427760132120426
1,1241,40.795878146219344,37.27911646025166,15.473017919796412,86.36273948089408
1,1242,27.537888371656592,23.25416220689751,7.10181366062277,72.57718190728453
1,1243,6.010506489629151,5.023216565644875,1.5135545471604612,16.24897532763106
1,1244,26.850941907353807,22.665981475489836,7.061722783055872,70.90708704648445
1,1245,0.5488882820624292,0.5114075439015613,0.24761552559796443,1.064473694187597
1,1246,6.681081134975406,5.613104944784229,1.729714689574361,17.864711942227757
1,1247,4.470770897499973,3.733735741636651,1.1304477405055156,12.114849022749587
1,1248,0.70863361361267,0.6484421883104867,0.29299361408971003,1.471176706601779
1,1249,1.654431602034113,1.5331490742530502,0.7229130119062706,3.277970986742322
1,1250,0.5254064258434025,0.4768996090531592,0.19834695518763565,1.1315624059926992
1,1251,0.435040117329755,0.40269277358730415,0.18994135287037514,0.8684483482003121
1,1252,5.606183646426615,4.705031974282122,1.445710992258108,15.070684090009864
1,1253,0.44726010325780985,0.4186231743567612,0.20691388247448178,0.8535074216897233
1,1254,0.3963870225725578,0.3688343540019071,0.1801795537552272,0.7693606084202426
1,1255,0.9818833120021211,0.8942680644307652,0.4041278919001882,2.0808357827886232
1,1256,7.412117887183666,6.15163063380132,1.7945234290325456,20.447508777597314
1,1257,0.5006872954836957,0.4541455418483974,0.1907172092580031,1.0808047247290848
1,1258,57.86711447152193,48.79953759593793,15.065432847124413,153.3436207085704
1,1259,1.7324482390290283,1.604639546977531,0.7654290153069679,3.428255568632514
1,1260,0.3501330461482834,0.3180816806240455,0.14401269258899135,0.7391353519964635
1,1261,6.885868627582326,5.777700627527924,1.753650677564831,18.590960145632184
1,1262,0.6543994024118793,0.6092593585139756,0.29551572039581075,1.2748474690426232
1,1263,2.3680890546175313,2.2089811807647157,1.0835348158235252,4.5911834801498275
1,1264,1.674739848524573,1.5616496430496976,0.7528727358407472,3.2664491516634944
1,1265,0.6093040195756887,0.565697424721081,0.2706084386647762,1.1923863828520531
1,1266,12.639229503832013,10.548096794155619,3.16807177060203,34.589262086363526
1,1267,38.753323000088415,35.28512893686349,14.549099803059194,83.25365281491989
1,1268,0.7979909610122843,0.7328111130341548,0.3421143779568868,1.6233623700944213
1,1269,0.6309140180873333,0.5806485938222046,0.2694495645832948,1.2821547313931565
1,1270,0.6936238206942268,0.6392352267147573,0.27452314511161974,1.4352992599127607
1,1271,64.39918079282852,55.08043291489133,17.50313973495529,164.6472218682617
1,1272,20.097365814376147,16.6107154940416,4.747509480229863,55.95792631699471
1,1273,5.309746507779903,4.460120742855234,1.3741767406920176,14.083530692893303
1,1274,1141.0322631035015,1078.833046516499,530.7499916465781,2098.086172003589
1,1275,0.07479972987863505,0.0577108797335361,0.025373386316717705,0.23370002103537713
1,1276,0.7111026589720858,0.6653773735492635,0.32880445494526417,1.3584341743924897
1,1277,37.9090712626106,34.42139881002987,14.11559111873653,81.7456870318872
1,1278,1.708146935772975,1.4333648450163974,0.437773728687652,4.575763627941823
1,1279,1.786714451688112,1.6375218466418273,0.6975769708660672,3.724856002771046
1,1280,73.1222009753336,66.656026177776,27.678366438326595,155.40744892645392
1,1281,0.09199870677348494,0.08057772136497801,0.03862926365429278,0.2026756752531749
1,1282,0.3153437888273684,0.2868836330603694,0.12623462503407978,0.6730465264666371
1,1283,547.3971924059483,501.43674453289395,210.5776889582753,1147.3049153250024
1,1284,0.7191453892963253,0.6671625329637696,0.31691797925631887,1.4209033989065192
1,1285,1.5831584392647506,1.465059871805294,0.6845867696960316,3.158851406187545
1,1286,0.5606613760257068,0.5215110209560034,0.25497137296570027,1.0854517555793086
1,1287,0.9344231774390602,0.8671723174548192,0.41691753605913934,1.8384378912959491
1,1288,0.6955715313940233,0.6376233287945476,0.2983505361262845,1.4253318633889331
1,1289,12.606450999432704,10.576313286660474,3.270375972890585,33.92545297497693
1,1290,0.16097084384216426,0.1444064340288767,0.049812538412383894,0.36844399888138246
1,1291,40.442687990664716,33.83383286921152,10.260925666438707,108.83165124933666
1,1292,68.82284311806679,62.414066434312474,25.44038639703078,148.5227914766633
1,1293,0.31693083170305275,0.2823705021019021,0.12866969447378443,0.7145985100447138
1,1294,98.74326520538841,85.14862242376776,27.27004996239758,248.95172740893946
1,1295,0.6233711636684949,0.5765602819209157,0.2722333577296555,1.2503677074607005
1,1296,361.37053335809776,324.8609249088021,125.7659099991648,801.9431466179044
1,1297,0.296577023867436,0.2750624307201829,0.1312806244904468,0.5883001250488675
1,1298,0.42412722349326365,0.3886566469699504,0.17473898108202143,0.8781359847608836
1,1299,0.04503894799872931,0.04076814017216931,0.01912806231112241,0.09213666951292088
1,1300,1.5416449911449372,1.4432990228827736,0.7082017016139527,2.9509832934203795
2,1201,1927.148791145352,1900.0584036583464,1380.0293994243611,2626.3927455113144
2,1202,1186.4685265727398,1164.5766507641324,811.2382991238543,1687.676882002833
2,1203,1918.5795208309873,1877.7943151203178,1323.2278981792585,2747.780742174347
2,1204,374.7050611847405,348.5360771754864,174.77246916245755,725.2127865464652
2,1205,3412.2663794153596,3364.0769103492967,2404.344463883921,4704.3379090985945
2,1206,597.622492044238,558.2450192123652,252.7359502582513,1170.7931290195522
2,1207,2910.288997599674,2869.3627737013294,1970.833336585535,4075.33971063261
2,1208,3094.752262371686,3046.891613823939,2066.7521231483447,4393.156202031525
2,1209,366.08789490936783,330.32153578440204,141.72900071762874,797.0572861895082
2,1210,13208.285636261533,13059.834461927088,9666.416828569983,17576.786919937906
2,1211,13315.505308747193,13150.123976351711,9665.764587486947,17870.779630825265
2,1212,573.8763023474594,557.2352549796325,379.2027110221722,864.2348132247404
2,1213,1243.1425365695918,1204.427510897804,805.6128792675266,1904.8136612369146
2,1214,230.45576169750026,225.11986831411446,160.51791813536454,331.74063641471037
2,1215,509.31008917523786,474.3586841467833,233.00608685565402,980.8631872336754
2,1216,1947.8541562833186,1905.8998483732626,1287.109772488877,2845.625912215015
2,1217,1316.4643740231163,1278.0017762538678,832.5754735932899,2015.643235281777
2,1218,755.9504328692565,710.8944735169243,351.28882483420836,1416.0065565740347
2,1219,13400.757284519523,13225.99422310443,9342.293329155349,18459.195245941388
2,1220,5655.9271124185125,5567.537853966887,3933.0147476233974,7868.760594251062
2,1221,2218.0776293999766,2177.139531477106,1494.1077779749087,3175.9895060780286
2,1222,9538.430673518113,9421.757958021077,6889.605195445687,12855.528636803632
2,1223,242.9178883332941,224.6834417650109,116.20529088346072,476.20002133877557
2,1224,13780.69361590482,13617.49627274584,9974.750400813786,18523.049177720983
2,1225,1097.1960461731862,1044.3648649495403,536.0884918005789,1960.2016426027546
2,1226,6734.948994148304,6632.896195161731,4733.851288473151,9310.94830102985
2,1227,3803.1382925980597,3741.8859121339547,2637.929535598745,5323.300920441573
2,1228,28964.652523916313,28655.156363822553,21235.9261830899,38428.54449006854
2,1229,544.5619003560734,495.65946297023953,201.24605360441592,1168.6402347181402
2,1230,9622.07639945296,9501.071531393221,6862.695755617144,13065.485904018758
2,1231,7653.399126302693,7555.380734095834,5557.589300876887,10292.899630976532
2,1232,26019.783036005454,25685.823726912888,18693.9175225102,35136.41503520413
2,1233,11596.900797276436,11452.46947550038,8332.891222349082,15683.947610669047
2,1234,139.673792701658,130.9721381967417,70.52490365786586,259.0022848457726
2,1235,101.62475972441406,90.66196090871213,48.053965044907706,222.8273139910368
2,1236,1452.1084961244358,1397.7526387867044,819.1957260986975,2391.7407270208514
2,1237,358.59607601337126,339.5488179968412,186.99136036565656,642.2167565226558
2,1238,359.91466681593,343.4757192977672,194.11652125114287,618.9019437629009
2,1239,153.7619800548167,147.27213592569916,85.21829871848463,258.9416054318655
2,1240,59.54766076200191,55.395457660440826,33.29788821213229,106.27825571376957
2,1241,621.4035926677692,608.4226925531952,431.84385708142133,887.4174587100007
2,1242,1444.0771752703429,1413.1650327566972,976.119857838924,2087.6879308673238
2,1243,338.4133339761319,327.5944893437623,211.6649833795626,528.1060267376913
2,1244,2016.049714971829,1984.6090126217875,1412.0817381123359,2795.6625971219037
2,1245,349.08501575257486,336.011106439765,199.33608060289637,575.5238314756916
2,1246,1375.7401668611292,1354.4355999382824,974.0715604376317,1892.4447582328635
2,1247,683.1534529538267,664.8429148195576,449.24892122325025,1024.9288673202434
2,1248,435.1410731860095,411.0465346601952,222.12835229999965,785.4948022921961
2,1249,417.2953530201386,398.28788281373056,224.3718276378448,719.5700020070238
2,1250,431.6941275766129,409.6866086709789,229.7966121065454,761.288649156663
2,1251,307.96421578021426,293.4518483503177,167.45744514922208,528.9715264770423
2,1252,776.7645479199174,762.789982465207,543.4385215810629,1088.4899414968042
2,1253,96.15214328619223,92.77018702467339,55.429188640115356,156.38923859992
2,1254,262.2701585193244,251.74529428273422,149.79615430032248,434.9572377348973
2,1255,320.091413644652,299.1438183341621,160.18112561992908,602.2814801697078
2,1256,1469.9090178048546,1444.1723450415311,1021.1335493707076,2063.065242881397
2,1257,353.429884646612,333.7854345212163,185.51865975221978,635.710832164193
2,1258,5543.374782588681,5456.74125508313,3862.2627640777296,7721.26157399351
2,1259,294.6907596357976,281.5533902707904,159.48538252748514,506.95357578591035
2,1260,163.93310820414933,153.25249215566777,83.62430702056272,307.4255580629489
2,1261,1282.7934018481453,1257.7097937476515,873.571831062388,1839.0216667449083
2,1262,347.7530291549263,333.7436371363773,196.62125719456753,578.0366464696583
2,1263,353.3826496907601,339.8425580617134,199.8067857515302,587.2893468528608
2,1264,404.3815299648329,387.7550833036835,224.18159683417892,679.043132504432
2,1265,274.43861466622366,263.2594906352522,154.05476205169123,457.7496418480724
2,1266,3836.4426223040755,3782.735484781486,2739.6625030011687,5236.633267701934
2,1267,766.3437455972539,747.1042358080576,527.5057171323776,1111.9799261382598
2,1268,272.21648982007207,257.4299021534497,143.2121816209327,488.2150806277366
2,1269,145.74285651220973,138.06157454367346,76.06349845676559,259.3241476343115
2,1270,620.0178479631306,596.0484096883979,351.019263893616,1024.1005281242187
2,1271,1698.6857520161734,1673.8611994130704,1204.2030933153494,2340.0870003264963
2,1272,3501.0027578583795,3449.2602909932857,2485.141829701349,4796.843951637531
2,1273,199.15541490614126,192.97043721708707,131.0266950416716,301.5110329546653
2,1274,12098.425806432591,11942.170567072335,8622.591094748826,16442.745402467084
2,1275,21.1652721199152,16.50253279216168,8.91172247053998,63.52786632037029
2,1276,105.70027551852955,101.85912056171566,60.60148076669058,173.39612380790172
2,1277,1242.027669530215,1218.855303284198,862.5769397037569,1751.9689630784683
2,1278,204.47822133719205,199.64521548818468,142.16060597461413,295.18676240357485
2,1279,831.3571116745618,798.17556499495,472.2504121443252,1377.0026333751898
2,1280,2276.658867213872,2245.519297293651,1638.3064879105657,3080.564035332047
2,1281,37.301742783484755,33.52979115121843,19.780288637022,73.47872720167364
2,1282,206.7906242471535,193.54197307718175,100.70486731968951,389.9425799899783
2,1283,10656.747457143549,10524.028695906763,7794.9813329201415,14240.913042088288
2,1284,353.00405808040415,338.17074746404694,193.77782693974768,596.1203960072357
2,1285,1060.6282165451228,1015.1632547853275,579.3782708800672,1799.8295481685643
2,1286,215.16023550992307,206.22423648218094,121.56835590062097,359.9676691426067
2,1287,409.5030296575172,392.2187014409965,226.02932368768185,692.9825496988776
2,1288,220.77745126695277,207.48865264902767,116.51000429565704,403.80841013456336
2,1289,994.4103755499192,971.961539847292,668.2670285461644,1450.3319728407905
2,1290,137.50204589638122,129.80043114139121,73.19685236253648,246.96921611841225
2,1291,2146.315397184875,2075.9380474859863,1369.4921535116605,3326.206434521693
2,1292,1053.3353513821082,1021.7029946329569,686.1749970542435,1603.4569436569573
2,1293,87.06544037139571,79.27887329082259,43.20925862696969,178.0594301386791
2,1294,1766.3447303189707,1740.802853947027,1249.6190864869825,2428.200243794823
2,1295,417.76985040628375,398.154439511025,230.8807153637582,716.9301141353702
2,1296,18899.971624531525,18695.674299080536,13868.256999423242,25083.831799840886
2,1297,224.8571355995237,214.64223451601342,124.52192676401576,384.1710515703261
2,1298,262.5218955836045,250.2303954458477,139.60208720488674,458.9591142715669
2,1299,39.279607822225564,36.8112708119621,22.358381966014328,66.74401462096256
2,1300,186.97712400564612,180.21354868737663,107.18060373357292,307.41976529751764
1,1301,0.05322490689131005,0.04673356956931037,0.021788349756971782,0.12243276640422672
1,1302,0.47500082693941925,0.4293757047518069,0.18925401404009048,1.0303742306593624
1,1303,369.28259875601873,340.906439609942,144.6478079899156,756.8299852913626
1,1304,0.40553205232521294,0.37339900912818214,0.17466752982953804,0.8230967384612375
1,1305,3.4597127077493455,3.133621167102688,1.3832200753017583,7.452009275865524
1,1306,28.206248527807357,23.87286081361755,7.510661740494102,74.02657290848491
1,1307,31.561478749237313,28.04759410335627,10.03008159025687,73.31473737038
1,1308,1.468592154536447,1.3515703261501142,0.632735651741888,2.9747423026712463
1,1309,0.9137810237415964,0.8541573494908458,0.4198713692180791,1.7490196568951626
1,1310,1.0690070272419494,0.9202213165239126,0.3835459628850144,2.637625289799847
1,1311,3.5220634608673276,3.267469498105875,1.5560091721441534,6.991357362581903
1,1312,2.5209015352648256,2.3466308107491707,1.1317382460218441,4.896095006313711
1,1313,1.61999391273992,1.5056253229428602,0.7202309883939861,3.1801911246235566
1,1314,18.133822134799818,15.080997320462508,4.362226985067953,50.020896434759244
1,1315,3087.7728157893466,2929.4175707589657,1460.9756611291502,5624.438402554638
1,1316,0.3866117659886904,0.35291609090607606,0.16006736968074045,0.8065511921826721
1,1317,0.4064585658568688,0.3761388299613272,0.17706459289814827,0.8123060438886054
1,1318,110.34663988214497,100.54272294360996,41.505167989608864,236.16266519309195
1,1319,0.5526122033639861,0.5026202480069597,0.2224275316473393,1.1730968787657619
1,1320,1.543314338211566,1.4271798265277007,0.6878908221799422,3.0649426893768377
1,1321,5.918045958405716,4.9650951277734485,1.513940280044717,15.912565415722073
1,1322,0.11849619948826932,0.10018705150160617,0.03883517727126484,0.30565405330449613
1,1323,11.010346623083509,9.307239536289002,2.877317657416512,29.188007074785226
1,1324,0.26075721583757355,0.2408709029049208,0.11676189201281106,0.5206102529749431
1,1325,17.059847035866202,14.084745881687283,4.12326770810049,47.402788014197235
1,1326,41.15129703741684,37.28522953038948,15.14949674859754,89.42017174855663
1,1327,1.1508922221623068,1.0730398072025604,0.5228530721229605,2.2247884169495147
1,1328,0.043292384671170484,0.040029087733029045,0.018428116551834354,0.08714950663049212
1,1329,15.89375945773752,14.113573867582978,5.04488652815555,36.99342919431978
1,1330,17.683572601997714,15.021218297323106,4.702553613009626,46.16085564982099
1,1331,0.049512666179082926,0.04504037941053217,0.02191703563484283,0.10080542433953525
1,1332,1.2110282944103266,1.0829002553009002,0.44517475164895953,2.7208159594392387
1,1333,0.2717662822335281,0.2494752749786145,0.12388378943616221,0.5351029490778644
1,1334,1.623975859826539,1.500082887351052,0.6980996914444735,3.272513370616277
1,1335,518.9761858432892,477.40592979951873,201.80834300796204,1070.7763712849505
1,1336,1.2292921305530393,1.0158131811758393,0.3042707608016319,3.404760027521481
1,1337,3.0343602497128463,2.779710177679034,1.3036927048861244,6.241341700597079
1,1338,0.40486067898892186,0.37325073674979936,0.1759820853878194,0.8152537422489263
1,1339,1.9451908370810866,1.6274573086407207,0.49264645177334937,5.271318442659924
1,1340,1.4653306337741558,1.3448774290647512,0.6397815308144086,3.0001765225307997
1,1341,0.43616996989850426,0.39932736175068917,0.17539473323750737,0.9107222775204208
1,1342,0.06998108109138257,0.06182542721763796,0.029381871012698155,0.15497538324989169
1,1343,1372.7954447499267,1285.1912418086545,599.6009347421441,2653.5788795030185
1,1344,0.6035857640067945,0.5076815103390325,0.15509134063196311,1.6196609062561502
1,1345,0.6129024489492546,0.5613828444223192,0.25795959384746536,1.269638979207986
1,1346,9.177310152662876,8.25930333319465,3.2845148558916453,20.436197581034374
1,1347,5.919160554228906,5.510708439368464,2.648696269979533,11.546057711229947
1,1348,0.10458174105087184,0.0908276883621574,0.0019710162481954884,0.28425001127882804
1,1349,0.14748259223683935,0.13713574613704552,0.0637542735355575,0.29032375057529947
1,1350,0.7291336450874869,0.6843932149249761,0.3401534634969936,1.3749540173689418
1,1351,0.04339470122710261,0.03722536761154831,0.01607683077571985,0.10811767164380595
1,1352,0.04948081946759268,0.04035448871902508,0.0,0.16187079569282284
1,1353,0.1926985225453603,0.17127427738354795,0.08332756512423732,0.42085519687850875
1,1354,0.08403458370952782,0.07669476203407768,0.031207901976187086,0.17909339269134028
1,1355,0.34799206348625433,0.287258703134889,0.10722378883321333,0.9436466795623951
1,1356,25.022442039295534,22.72942315147662,9.272390169590686,53.84435729773899
1,1357,0.0898662171754795,0.08441668660910737,0.04246883792909639,0.16869507660804753
1,1358,0.4066089914259143,0.3809975308739837,0.1866801116606717,0.7729051569021845
1,1359,1.2774616117477506,1.1898404653804633,0.5746757178230214,2.4880295966349806
1,1360,0.10253331610508717,0.09431828027254946,0.04497770250207219,0.20972360655326291
1,1361,0.09890191811632867,0.09078931264425705,0.04338897544798051,0.20268759537234488
1,1362,0.31290256449735915,0.28501895207320566,0.12792273631894646,0.6582533666656885
1,1363,2.1102543570558217,1.9434852985826172,0.9215180136698068,4.280705737155761
1,1364,11.818151693591506,10.765359647462706,4.452458674666361,25.30293823153723
1,1365,1.0311162086636885,0.9600928351080125,0.4633892164390972,2.010838547236497
1,1366,15.338813966105398,14.141310780123481,6.603745058544144,31.116491796037224
1,1367,0.26775701915815525,0.2500535036805681,0.12160569607659352,0.5161084030194804
1,1368,7.210024789011207,6.029078895583815,1.8231529966387843,19.57769069813304
1,1369,0.40565682904564865,0.37715959829502577,0.18539752072896185,0.7865269186475106
1,1370,0.13122295631419567,0.1189456721910511,0.05283590316970284,0.272995463430492
1,1371,16.26923132968285,13.697728672113598,4.2116890261806414,43.546517533804426
1,1372,4.006885860745676,3.7214665050654157,1.764789928675554,7.910866374730095
1,1373,0.6549626852327392,0.5963420394174733,0.27440149882563547,1.3802373366364245
1,1374,0.3881240225159034,0.3593052625896722,0.16810123259246357,0.7744960003073911
1,1375,0.3085954491830833,0.28586217613682996,0.1440310329976774,0.5885170895024169
1,1376,2.7549353891714987,2.1775603844649107,0.4758595445915565,8.441039100147275
1,1377,0.3870444876305531,0.3521035241206213,0.159875492803002,0.8146349894941339
1,1378,2003.2102426825645,1914.0354754948285,974.4463001585357,3539.1797157256697
1,1379,0.19119604827159198,0.1729456571155641,0.08535301960646335,0.3851100638105711
1,1380,0.2476064002726071,0.23063272645104274,0.11237138113201343,0.48003454204803386
1,1381,0.14597874747374107,0.1352799134691467,0.0643514330934509,0.2902005587700792
1,1382,1.06449791010706,0.9795479859646322,0.4604972816197969,2.1439749238995005
1,1383,1.2450771995667274,1.0463756635370665,0.32792130253383045,3.3112666689904207
1,1384,0.25317148147540125,0.23465513820054637,0.11382156731142044,0.5000670706108238
1,1385,76.08388126480432,64.86261901754023,20.43127428182821,197.83995181032245
1,1386,84.93783474406258,77.44260743234248,31.939105376080335,182.09536691531545
1,1387,75.54336884418414,68.87315033349685,28.959514523877143,159.91334307567232
1,1388,1.5518729214906821,1.4208742963203944,0.6619426100661971,3.194663486832751
1,1389,40.405578378570766,34.12556805983896,10.51555701440057,107.32005210675294
1,1390,3.306196399326834,3.0034453289615493,1.341202833486079,7.0571401989170575
1,1391,0.33886013539593807,0.3154210834023554,0.15337108037609523,0.6572385463379156
1,1392,0.31382784916865897,0.2664130677144976,0.10848539604075742,0.7984024261031333
1,1393,0.3753442776458016,0.34491333293483306,0.1535825929039193,0.7730368217566815
1,1394,0.0687333801765374,0.0642022417156937,0.03130188195475698,0.13192845938595396
1,1395,2.818232933617238,2.385700890830029,0.7478389740739976,7.405027678829526
1,1396,2.1834057341008033,2.054154103201165,1.0308324892506142,4.080467060661021
1,1397,0.5761704338298335,0.48711663920850135,0.18391852179035484,1.4985396418402814
1,1398,136.08434191362682,123.72590135190853,50.84705947429511,291.76516222104317
1,1399,0.15919762076175467,0.14652206865546175,0.07256070075938853,0.3128494014690074
1,1400,0.19516506350235188,0.16732038359794354,0.07506091697283401,0.4827354761280459
2,1301,59.26621855718879,53.218043489700264,30.85637385783488,124.81579556863589
2,1302,320.16278553323434,299.21645041596923,159.23178739869542,605.4637656050531
2,1303,3838.558235358754,3778.207567192274,2697.377796535368,5303.051618722919
2,1304,153.39701414339828,145.1767307307535,80.60550621179183,273.27294125950317
2,1305,479.72882057303184,446.6026813123709,229.98156102626712,918.2943923238698
2,1306,2000.901508670651,1973.0507746770631,1426.4606568954287,2730.967314215691
2,1307,2197.4272832384763,2162.6658680963906,1551.8169252008504,3037.7385602626478
2,1308,641.0169419800043,607.6912660698399,339.3341750853884,1137.8167776521848
2,1309,331.84460192322473,319.75106647369546,189.97555255950306,543.3044275670703
2,1310,104.2613417508255,91.43677146845283,45.14126536566817,238.4314650371557
2,1311,843.15707865782,806.4672842297744,458.66416957825993,1441.6607897058143
2,1312,479.76915988408393,460.5262698356431,266.71953242940117,804.5780962415405
2,1313,822.4361110414599,787.8795991260056,452.4962294912979,1392.3546198204615
2,1314,6116.659642293957,6038.313396760042,4360.971436050688,8338.427375935806
2,1315,28595.359898600535,28275.212422855668,20584.942738447095,38442.17077671903
2,1316,329.95796894186407,310.7216613808255,172.5065634200386,599.4111481115534
2,1317,198.4872680841903,189.36770325814052,106.69889034963957,342.7555743821686
2,1318,3847.1774767115985,3800.1855372253276,2793.73782472889,5170.891658148981
2,1319,321.8028225712409,302.83768013385884,169.1756943282858,582.8083382989889
2,1320,397.44336264216037,378.75563227234,217.82919946088003,683.9646867098975
2,1321,414.2949774495281,402.5582436606253,276.56040713069433,619.597584775559
2,1322,90.57213945181357,78.47335786648364,35.04770093895066,216.41129192594795
2,1323,714.6138538403626,701.093602399055,494.94027822179754,1011.7094876315605
2,1324,181.73554426744343,172.68697800358552,100.76820340413093,315.46848262249546
2,1325,560.2322762877661,529.7273331116899,326.4991326789576,975.153744690748
2,1326,1378.8429272120281,1352.3324136462663,950.5012977999382,1961.8712321656635
2,1327,312.68168893623846,300.9853269319869,176.6547220423131,518.2691405467384
2,1328,81.85194141831099,78.67483587072624,46.70359026088046,135.2468942105857
2,1329,724.2201133699542,707.1383806152576,494.16437737301953,1050.8112637959182
2,1330,591.8220968582226,581.5959843053328,411.81679777463506,832.7694214618406
2,1331,49.63280454213355,46.521782546463136,27.992707613125486,86.53758533544514
2,1332,182.58040867685764,168.0214755694026,79.68011250373101,370.2060413798149
2,1333,63.863536206619536,60.44820966311234,36.350627982592584,107.7619905920816
2,1334,1022.3833697071265,972.4853886289884,538.013115473135,1794.9367571539199
2,1335,6308.288599523476,6220.301778899051,4448.633594680187,8683.057707780892
2,1336,189.30666470956155,180.6240513871524,122.94061091254167,307.2750000874015
2,1337,369.2003457825853,346.77161397757897,192.7264509866712,674.2266046368517
2,1338,133.1426884477761,126.39928731911476,71.60284883212239,233.3949171649868
2,1339,239.35390878247813,233.54090227067272,160.4820540131522,352.00942685323065
2,1340,240.9395999810921,226.65966752108386,129.5305782604016,434.83481988897694
2,1341,438.91500594102877,418.18262871372826,238.481699639263,760.8276649331629
2,1342,40.05002239831012,36.34366893544782,21.447202784470143,80.55814921170703
2,1343,35934.02601048307,35532.3428356893,26054.82333058807,48191.431884034435
2,1344,163.95793791523553,161.0945525847535,115.38140827619536,229.16883806098107
2,1345,199.59135053296455,187.96272747626168,105.86129616470157,358.77605996779033
2,1346,513.3721785276824,500.73974628660915,347.2617055583317,753.8731250698694
2,1347,496.15284679763215,475.0394069375636,272.0151213605619,837.8430806114085
2,1348,108.93675789620377,102.47103469904829,55.94744950603415,200.38539699797892
2,1349,102.22980758687342,99.03854163757627,59.99563253742308,162.91187087594736
2,1350,280.2739718268937,271.45837474039615,164.36996613979116,448.47699239382285
2,1351,31.630634717938424,27.80271798307431,15.638895368579833,72.25057198955379
2,1352,76.33769334263901,71.79189197325073,43.12759889770956,133.2461281749542
2,1353,43.63932694536427,39.72070641885921,23.456613866113663,86.41187020927147
2,1354,93.70589777978697,89.68987859727764,51.95631362992383,158.6077137929335
2,1355,73.31153527149861,62.15255641611906,27.144741934039644,185.75216492331103
2,1356,317.17402724931543,306.59058663050837,208.52316231839987,487.188633762114
2,1357,30.085714072754797,29.223562029049205,17.961634560926473,47.35161661376186
2,1358,137.74757655126734,133.56003913782115,81.18651010301112,219.0805706093998
2,1359,271.3367451682539,261.1487753904156,155.17702493741737,446.9051127108748
2,1360,33.64741512752293,31.829928094107352,18.519089812105026,59.57800298124918
2,1361,62.299027297260594,58.74784634263574,34.36140477876084,111.53330392681887
2,1362,247.6223402194871,232.13134793331645,124.29136474529902,464.08520524521526
2,1363,194.16405377817512,183.5220360171917,103.98069537843648,346.59912596208306
2,1364,246.62951416046857,241.43022622189707,173.46869744158676,351.0650427014379
2,1365,254.4010771985237,244.13866476022753,142.7878414894186,425.22591321924335
2,1366,425.0003564528106,401.2947831502888,221.25753173474965,763.406884931839
2,1367,60.42783932600839,58.235042723363364,34.62072924120536,98.85807787059227
2,1368,378.0012017066027,362.76696015406714,240.9440271669711,604.9780391687684
2,1369,142.2798962615672,136.50396834793762,80.79688330530965,237.59027711730678
2,1370,37.08932102155658,34.98190406120608,21.259340583990372,61.893488785328664
2,1371,1717.388081048951,1685.560470695555,1184.2145749111544,2439.549382045046
2,1372,624.2498392645673,597.8508958425507,344.0574889079601,1055.114576004606
2,1373,133.64962780822887,125.12240285089703,68.81651027824644,248.91801242138644
2,1374,261.7491023330045,250.4637790208383,146.606076372882,439.57703248840994
2,1375,47.34973190177297,45.142021459743475,27.447928709109235,77.1722755124522
2,1376,358.51647147325485,339.5203465687733,218.39400068203355,609.8118221053923
2,1377,126.91644210883702,118.94300425139215,64.75912669430426,235.21923781170057
2,1378,10471.996639130522,10335.005471332017,7361.950520565471,14382.387290022876
2,1379,23.106395701289262,21.437079243353185,12.825625439489514,40.952566651852884
2,1380,97.04154052881256,93.52141651161162,56.29656398730449,158.7459100495421
2,1381,107.21623723074909,102.9794371514824,60.79369274046158,177.64552116477046
2,1382,791.6341956958229,750.788702150282,419.29711118996846,1396.9243431013083
2,1383,63.50679163753859,61.57483554623849,44.96965693863381,91.15564692616543
2,1384,112.32994690244995,107.10447650730012,62.68531981813079,191.6074957863177
2,1385,2416.1600884755658,2380.190360412309,1696.6600906298647,3351.789726311554
2,1386,1768.7581980724924,1735.277351600541,1223.1014140115974,2514.7210239302003
2,1387,808.9208695515088,780.9767160743187,552.060851459362,1232.8063604939314
2,1388,143.42430866652109,134.98372888307864,75.09233378214084,261.47957727059804
2,1389,1699.980036610073,1662.8695478541026,1162.6135700053048,2445.916963225783
2,1390,469.27996142338117,437.3462908111969,231.51563721435429,890.0358133099929
2,1391,73.78931622492252,70.90904304557179,41.948373568041845,122.31759934960517
2,1392,120.93629874038766,105.04568184301047,51.250127457838886,284.4607174505758
2,1393,201.6633560378869,192.28325865474747,111.74404105330555,346.4101675745448
2,1394,18.13087100164742,17.586402946112777,10.745090246686253,28.602012671407195
2,1395,178.35631687979148,175.4727822338532,126.44984192972014,246.9374935571732
2,1396,74.9429924203311,72.52345826152077,44.10002501282478,119.44428002067431
2,1397,213.50768479550675,186.85550437106582,92.56372812400924,490.57650516191654
2,1398,3657.5289418173056,3593.5583906896536,2526.6774972713997,5156.195572899465
2,1399,62.940550324954465,59.59836963028245,36.09804776029829,106.13625353882239
2,1400,58.634077983759596,51.28719403653499,27.65707371256893,135.64390837381714
1,1401,1.5353631865215214,1.3984191957617096,0.5497504126724811,3.3075560607356085
1,1402,62.828059410029816,57.00605016890404,23.25109440344395,135.45654395256582
1,1403,0.00981599824653871,0.007846810117785503,0.0,0.03351896989587081
1,1404,0.057782025130498044,0.05101694803762831,0.0,0.15412499708671487
1,1405,0.3660691484783133,0.33288334061942526,0.146329784722375,0.7807941734739755
1,1406,0.13551493264813116,0.12609722418984173,0.058936825918096784,0.265099472567214
1,1407,1.1681369587820176,1.0043020087056092,0.41345498632554223,2.8926673304551915
1,1408,0.8906932502121456,0.5808603001833181,0.0,3.730808541499541
1,1409,0.6924442972387328,0.6455489198813109,0.3118362531146017,1.3434263379117837
1,1410,0.11712201275294244,0.10873268038016742,0.04919743738601881,0.2320540244240447
1,1411,0.021778212059452712,0.01805481082895473,0.0,0.06823189174986992
1,1412,0.07055296949977413,0.061227432278386576,0.023575890174716035,0.1726397607316241
1,1413,0.022190959624000434,0.017718322499923424,0.0,0.07197420934685796
1,1414,0.09963320637831682,0.092150979182648,0.040502425699632846,0.20202477149101994
1,1415,0.48540331050629604,0.4362287689540865,0.18667507368688413,1.0701515737131013
1,1416,0.2876643467294692,0.262105774308269,0.1226771954576413,0.5963078207790239
1,1417,0.4472294828884711,0.42051835673335425,0.21252830378933277,0.8341392152012566
1,1418,3.920429947078108,3.208637275988867,0.9304783088386156,11.144815464403377
1,1419,0.17853365039571803,0.15204265795266064,0.0013678695910350933,0.5028932942746552
1,1420,72.80902963759975,64.52500759419212,22.351407061304897,172.36068673152954
1,1421,3.0263089656213564,2.4999820668315067,0.7346270552192131,8.416468550429348
1,1422,0.04077562672355958,0.029284843659892666,0.0,0.1594503234378217
1,1423,0.7436225479057221,0.6525093318694835,0.27270118089320955,1.7440921300702326
1,1424,0.5097144814081611,0.47947713710678797,0.24210637700062101,0.950066343172489
1,1425,0.19355719051743145,0.17705904473160444,0.08696023123567198,0.392010039308886
1,1426,0.9052613184493077,0.6358399993749848,0.0,3.4942641027242836
1,1427,1.2476100668445165,0.8522205382122823,0.0,5.0271030791051325
1,1428,13.497371481971683,8.640485855950011,0.0,57.5878135864136
1,1429,1.1823116484515088,0.9454861521961828,0.26292610499635566,3.526102767387342
1,1430,0.24067241843234394,0.2170330026676122,0.10714551681006614,0.4890823374741851
1,1431,0.0034723209016961003,0.00297976722670785,0.0,0.010368468874754637
1,1432,1.1645874178828157,0.9961009658511211,0.016871896896374434,3.2502417013354967
1,1433,1.23695014128131,0.7965687060896891,0.0,5.2707848230050995
1,1434,0.7233458117931106,0.6266400153513166,0.2740223061041246,1.7481719010101482
1,1435,0.12105205026327077,0.09708940076408568,0.01296287825865221,0.3694279277585478
1,1436,0.1230590163903363,0.11467040146842743,0.054303894384770436,0.23903174170811142
1,1437,1.1527010139708522,1.0675807389485574,0.51667567121835,2.274786463744117
1,1438,0.10113655547433796,0.09063385444138537,0.04276098649431272,0.21504525434133887
1,1439,0.6000706919017665,0.5282424403204014,0.12134116156178268,1.4856799853397205
1,1440,10.121941462382775,8.444662516639072,2.565850218334657,27.412609797414976
1,1441,1.9578757640709596,1.7991972064383988,0.8271385495912804,4.0016100401393615
1,1442,0.22339313619354764,0.1984313349563555,0.08788419286713162,0.5049903644845678
1,1443,0.05634927004600216,0.04697324348502732,0.0066010855741003354,0.16268726543400883
1,1444,1.165131124089207,1.086156559376632,0.5259567557668446,2.2561222520859783
1,1445,0.4499938839202801,0.4198573457560686,0.20728040693173413,0.8677775755617853
1,1446,0.17868700025882994,0.15998545409051373,0.05043233238783398,0.4142838859012474
1,1447,1.4725769630675103,1.367596309465291,0.6552949839094948,2.8812837474059396
1,1448,5.490983487361699,4.53464364020547,1.3197704795916427,15.253011939086
1,1449,0.05487592738187305,0.047356862835196814,0.0,0.1571354605941451
1,1450,4.543929864053695,3.818367358782776,0.21205091715204757,12.9628212880476
1,1451,0.5993010822263752,0.5295149969357917,0.18609502433829544,1.4183975487590512
1,1452,0.014348188574343815,0.012586722053515367,0.0,0.039914347494148246
1,1453,0.2389879548872049,0.22085812344105943,0.10565994083878852,0.478156299922966
1,1454,0.15974757800884765,0.13356440744775175,0.013898219911620057,0.4577056619750736
1,1455,0.2747810498094863,0.2361004546388971,0.10203391320432575,0.6823611676273604
1,1456,0.4922127176587001,0.45060607092542565,0.20715827267920886,1.020037904169398
1,1457,0.17734389867057984,0.15544309378704302,0.007874316987550973,0.46858071555758296
1,1458,2.51391221057069,2.3083660712622054,1.0783414071656747,5.15840555188022
1,1459,0.26203879227010907,0.21514931136375587,0.0579960830221003,0.7385478016944009
1,1460,0.16339326498656961,0.13750582174666715,0.0,0.49258141846704506
1,1461,0.8457464266271372,0.7666083591929251,0.3391361902234812,1.816056022556513
1,1462,2.8406472112811376,2.62233614411264,1.258032357370985,5.674612586141538
1,1463,0.03203845779994963,0.0248778884894576,0.0,0.10957456138566801
1,1464,7.152386495769911,5.946680994211535,1.769967686447661,19.5880958234565
1,1465,0.48121312700046204,0.32090562511221105,0.0,1.9913231296443243
1,1466,0.06342526407096215,0.05228037550808712,0.0165258102650765,0.17660586732005856
1,1467,2.0796796249111065,1.713731003458256,0.5039824466174031,5.815398564080507
1,1468,0.025526512389935533,0.022363150880954266,0.0,0.06923626681818963
1,1469,1.4793233677051552,1.21669572670779,0.36705456680627596,4.104837417172782
1,1470,0.6581066087839975,0.6024544942014526,0.2817234597551253,1.3583271545988858
1,1471,0.2410505873137096,0.2081391635408883,0.09485699015127232,0.5867210183956184
1,1472,3.7957834749312664,3.384502203893484,1.196554511406736,8.82589371561066
1,1473,0.7019534526618735,0.6329056011979168,0.28902998045474315,1.5180813482913635
1,1474,0.11897095217084892,0.10406403302897463,0.03706025125460026,0.28846670900381893
1,1475,1.3568921996256382,1.2323304820582162,0.505564191093113,2.920056291689153
1,1476,0.39497484176028963,0.3501748829741805,0.14914459337249023,0.9089494518372548
1,1477,0.8958894336184915,0.7029257542617741,0.06255087787819495,2.8392361958515364
1,1478,0.2660417724773,0.23512280711289582,0.03541597645956561,0.6711874892443267
1,1479,0.030179864589705795,0.0,0.0,0.16807464106132758
1,1480,0.044998032070187766,0.03776708129143932,0.0,0.13688811664847422
1,1481,0.041530099352311174,0.03398666231518582,0.010385018785049601,0.11890828714511695
1,1482,1.3285505468712464,0.9530240301201894,0.3055537554668064,4.589988827159694
1,1483,0.4171139709165689,0.35850423650609053,0.14114629230334225,1.0331999457024956
1,1484,0.13762106808711602,0.12145009332010415,0.05480061196813547,0.3112896877297266
1,1485,2.015728547976424,1.58896235152926,0.3801644230763669,6.157097786334738
1,1486,0.7164076919808409,0.6530840727880627,0.30135788361836496,1.4918259453378842
1,1487,5.090660845215033,4.319952241014391,1.3429993805609353,13.290302328318976
1,1488,0.10572364698353985,0.08719966359255348,0.03111107223838993,0.2917051832082132
1,1489,0.2538035112600665,0.23113278988249253,0.10477514494385798,0.5335199200519819
1,1490,0.7869718794514479,0.6888836013483612,0.25720152555344666,1.8929555954863575
1,1491,0.08238082098137389,0.07257364893118254,0.022050318897182248,0.20011469183134417
1,1492,9.333677286390206,8.258143922952394,3.202604830516929,21.839153198547518
1,1493,0.9423913170090632,0.865101478520446,0.4063939459586504,1.9393142778480024
1,1494,0.767004367607501,0.6376039430295988,0.18852777070583218,2.0926867843378845
1,1495,24.437942924120552,20.317898040844803,6.075817371433156,66.45835252612858
1,1496,5.695879506538072,4.772719444262764,1.4496449043798185,15.446556418154536
1,1497,1.2137682828802365,1.0984335196338093,0.4823577489278992,2.6140399247264554
1,1498,1.8741732249400875,1.6784708215186663,0.690622379511992,4.132006035094266
1,1499,2.9189140691739093,2.3474349883193613,0.5896791196393902,8.615861727252764
1,1500,1.9457522090057868,1.7891962155549241,0.8085722063182277,3.9989398799779656
2,1401,478.70954942046,457.61756761073843,261.70393456941645,818.9319088083713
2,1402,1539.7561848055263,1510.8686849678393,1075.4700100287391,2166.504652851846
2,1403,95.74569054154274,91.79834018053685,52.960777021693715,161.2042240953529
2,1404,157.21818440586344,150.58336878324644,91.48676127521628,256.6257380023578
2,1405,304.1291698433483,286.69617292928865,159.1529571532128,552.9382878831659
2,1406,66.6846929297846,64.72516115677719,39.15954188486395,105.78033359444814
2,1407,196.91148221222315,173.79186488519494,85.38807031856376,445.8876424507475
2,1408,346.34546160456205,299.16004867131755,97.80498017490304,862.5871144880572
2,1409,167.72803057698968,161.64273930463492,96.59982783143694,273.9391440695776
2,1410,66.44235479785925,64.49814083546323,39.557625312403054,104.67245318949264
2,1411,63.79674648950839,59.74180761805657,35.475495116756726,110.57213795917153
2,1412,150.37029567875086,135.2200410937196,71.24677011534082,322.2352181072617
2,1413,118.43096461980127,103.63933215023675,48.22975760098376,275.94742578725476
2,1414,45.9498363390066,44.537838046357194,26.675065003484626,73.3866491468556
2,1415,169.61474975638077,157.5499772010736,82.19935882984436,328.7079388335252
2,1416,102.07989662772229,95.82237453496023,57.580084179409006,179.73002204444413
2,1417,98.88898027194227,95.98214195078577,58.76458426690604,155.49733583330388
2,1418,303.1994386079006,282.5237541782037,179.416134429681,549.3177900965853
2,1419,139.91985602772235,128.19125479451301,70.33226509525606,282.1919713980536
2,1420,1934.4350561778356,1876.6218186501178,1224.741329799477,2978.3853699462584
2,1421,661.6494723565975,639.444936681,441.61850920344324,1014.5094399389149
2,1422,103.89414459208818,88.62111113047365,40.61849097794234,256.7553881096773
2,1423,289.8570454128287,262.0127897336572,130.80097818351092,615.2464436759876
2,1424,95.37711473371247,92.58730897428751,56.712177990856574,150.13869966554222
2,1425,117.41327161752585,110.4508595126583,65.77000253006453,206.1164032022663
2,1426,665.0624589552297,631.0651349363206,392.28480729482925,1131.4659070453151
2,1427,2916.2671547441637,2847.6415306788017,1937.3309223805718,4292.552883722028
2,1428,2114.1514024246317,2075.3635988070864,1464.232056624974,2978.4738146527275
2,1429,154.38940217296948,141.76776246875994,92.45665015264404,294.5282376952242
2,1430,40.041324234089444,37.08685593706417,22.236750078473484,71.34666365193175
2,1431,9.928309905882845,9.588464923912479,5.527564208086642,16.267322095051167
2,1432,203.45775313919887,187.06692402567788,102.64143759610896,405.58082015165974
2,1433,2240.1867267724397,2179.5400636630034,1445.656018088726,3378.443924650062
2,1434,140.47424465656343,124.53079240670084,65.87413180199484,311.1437186892516
2,1435,176.08128266510334,153.3943959598048,61.63798980820389,426.3659909063442
2,1436,58.32814110804637,56.522655807733464,34.4043319695357,92.66942374975189
2,1437,441.9455236020502,421.9094123181767,246.95425108247036,752.1997653667535
2,1438,56.90260086660014,52.35468494323382,30.791061744884306,106.01372519646448
2,1439,639.4330812382392,602.0211700769801,323.49118891871814,1173.2253572565737
2,1440,534.2029729090782,514.7685207832787,354.147161494266,831.3104112724877
2,1441,735.318130356943,698.0292856611272,383.91890286143064,1309.015993404225
2,1442,92.96379881323028,85.14034025096657,46.29459790457043,186.41548884775327
2,1443,264.13144580816015,236.30604234104823,115.88619957826491,579.169431761098
2,1444,597.8719652392222,575.6554182223015,337.594785958005,991.1030410189893
2,1445,152.5833148055132,146.596957709409,87.5341944621994,251.76112477953828
2,1446,195.7438533868619,184.8778953046015,110.12016538069307,341.1503603542667
2,1447,427.21241003447915,409.37788346519847,238.22015961126567,718.0463639504547
2,1448,910.30617268123,887.1455754834792,624.6481590004561,1332.584750157186
2,1449,136.17457536746915,128.68281135576578,76.76209978967456,236.76587418057875
2,1450,313.1724217408739,295.63756599054466,208.88907648287312,522.8169981397302
2,1451,373.358699303768,346.82733654966455,182.3308383261781,722.8077205708624
2,1452,49.69192082795372,48.19037355254218,29.240750049097414,78.96816517607851
2,1453,166.75834801523845,159.08718601064766,93.967055695701,285.87792326484004
2,1454,155.50306528654983,137.96519302763886,76.74318641928843,340.9193747652408
2,1455,87.06804113958022,76.25939359354012,39.24929497925557,200.99358643140602
2,1456,401.94724809891085,379.8945002876392,218.68132669002264,712.3706383397792
2,1457,240.81444251506042,226.57127791306445,128.2762664869849,436.46953119524784
2,1458,465.94898112749996,440.22965736637263,249.6678301397621,833.0670497392997
2,1459,74.89689792374777,73.9863356227917,53.92712128633772,101.2729958989676
2,1460,336.1666600510834,309.95198180814907,167.85800463810065,657.2336092455675
2,1461,343.7315578028122,320.1929568491686,168.53406695503656,653.9796145447887
2,1462,161.24055810785885,153.12418890843495,89.73119723578229,279.85949921190695
2,1463,42.07391640104236,36.061521478356624,20.295451182786664,103.07530237473485
2,1464,1473.629864362488,1446.2177580423584,1022.0413717159951,2085.2290268916804
2,1465,264.20900796120134,241.75031685290293,155.8002519618901,509.2908817456509
2,1466,40.85250076817313,35.274973581079394,17.06300930879618,98.41962894013635
2,1467,219.20204406641557,208.69291446674873,142.4712867821005,358.7309850348675
2,1468,77.17139661380027,73.22304433712804,44.14383397898026,128.64232094186966
2,1469,137.4872417887373,130.53628518139982,92.67876299654888,221.8941436801099
2,1470,217.80049975198907,205.34226666740244,117.45809182446499,391.28308067718035
2,1471,108.3618236483431,95.54771660093756,52.906027990121004,244.05106508880206
2,1472,194.07463993550047,192.1509228245664,143.44593165121634,255.94562048604533
2,1473,183.63749668680526,169.92566996260598,92.68637858729305,354.9346647914642
2,1474,126.64732932662727,115.6206820274256,66.4145249877474,254.3128006920698
2,1475,59.468693710815884,58.75966639010267,42.293756504794004,80.86980852505319
2,1476,278.20916451350956,254.42605740495108,132.78455210730047,563.2008665728914
2,1477,232.12620823466605,196.86612791388063,84.14003086637524,590.3871931322484
2,1478,312.98202345782795,295.75222305980964,169.487190661438,559.1705694876408
2,1479,407.26164588970704,382.03493113804154,208.0770945256752,747.3881401002438
2,1480,135.03504908217897,123.92717712580384,69.26020838793998,269.73612383932647
2,1481,81.2317547449254,69.10172595951776,36.97317809631103,201.40580097975368
2,1482,201.8497562742445,148.1404742776665,54.921311416020075,672.9423879622575
2,1483,211.97349670574792,188.57775458658585,92.43963191046224,469.02924310320657
2,1484,77.61913443145885,70.7519345372615,41.38279067753403,154.4279080245706
2,1485,423.3320825577781,398.90289301188676,252.07493460048164,740.7071833627194
2,1486,222.07130856212274,208.8533307866811,116.24143921634722,406.7101015662921
2,1487,154.94969573956652,150.68653058493612,105.06965414129054,228.7811110397295
2,1488,69.78502920201902,59.58981919984123,28.129537849150452,172.29802913373987
2,1489,158.21077104176962,149.17558650245377,86.14574661924006,283.9525129931511
2,1490,615.9672697200491,563.4466711589031,275.2547480520692,1262.7247940572945
2,1491,85.48000714137709,79.57222338930751,44.936032292712504,161.71573600734916
2,1492,204.6974764872094,192.33658577398558,122.63975568078305,359.03196265085637
2,1493,170.19158404999644,160.13447680255163,90.2590600443136,309.4132878242682
2,1494,91.15011772503192,88.15849894943608,61.08576866104472,139.50602149083835
2,1495,3095.709758693425,3019.976564472099,2007.506743275188,4634.28683498518
2,1496,966.0236153898257,948.0665640370476,664.1792610021913,1373.6599955401248
2,1497,484.25829626577735,451.31792951489194,241.08861985619055,918.941534654293
2,1498,67.18182489435999,64.90208800716543,47.88677049217404,97.59055008051918
2,1499,487.2892239854353,467.07783573821547,313.0857514277845,783.2837065781963
2,1500,794.5650344530688,755.986866309549,412.4971552150382,1395.2834285911813
1,1501,21.828277741368836,18.317545532142496,5.565665955582417,58.623282009996956
1,1502,0.19904604382830815,0.173230343707718,0.06869627858436748,0.48242299018290535
1,1503,0.009881868776970759,0.007793613437028012,0.0,0.03237658086331032
1,1504,37.12936101371996,33.799530450594546,13.803867707788871,79.60658023084953
1,1505,0.05256426753125237,0.04032128484411181,0.0,0.18297759901409738
1,1506,0.5152392425992346,0.45859591131324107,0.19860984187004715,1.1642242608531463
1,1507,4.519249332097882,3.6798808563256413,0.9952194778046369,12.950683001679634
1,1508,0.17316608937770794,0.15165448446607768,0.0625524241426392,0.41019753463416264
1,1509,41.24270483246248,36.442914080664764,12.13382641520015,98.02869976279705
1,1510,3.188723067252637,2.809586941580812,0.9510021061271745,7.592695854383549
1,1511,6.369411251817633,5.239981156813215,1.506153292002833,17.775689220636096
1,1512,0.596542875759256,0.480371842767835,0.12787929159345088,1.7465863809194064
1,1513,0.2898132560008352,0.2637376263256497,0.11921764115458526,0.6140039057183448
1,1514,0.21909948306184698,0.18430569090627721,0.07635567079002044,0.5713790544952205
1,1515,1.4472422163887875,1.157354313448809,0.3144613004326256,4.249257028045325
1,1516,0.07479182673780832,0.06402811591548167,0.0,0.2108806218537405
1,1517,7.529846672114443,6.0338413832234865,1.6646796338761507,22.129296828335956
1,1518,0.14652074594778872,0.1326938114141013,0.06451632541932152,0.3047310031042699
1,1519,0.05867778952806739,0.054423358063086145,0.024531335760881963,0.11728044122504276
1,1520,0.33953754597183744,0.2969986862728349,0.08243610322559773,0.8412438376418562
1,1521,62.52769984813773,57.14522243141137,23.72291190878939,132.75131167232345
1,1522,0.4555816799047002,0.39685521834876003,0.1434306316757976,1.1085622008590748
1,1523,0.0721709951600188,0.06499153366395635,0.02483064922338643,0.16279973605618941
1,1524,50.754226503070605,42.29745430585372,12.541479882116072,139.36842855991316
1,1525,0.1782753549726375,0.15281177163682336,0.06776181102566677,0.4470372620501872
1,1526,0.06004901959080433,0.055370469138868235,0.02285869957075085,0.12379859541944466
1,1527,0.30467175378547,0.2678431328165919,0.08444306619197052,0.7425626896175335
1,1528,0.09740554698751942,0.08342207470826313,0.03770696836519954,0.2394280982956404
1,1529,0.03239318690337241,0.027228055649922707,0.006991737141668589,0.08560249159942157
1,1530,4.136867719039523,3.4863590106418156,1.0645088323609662,11.05673350033962
1,1531,2.709810879494115,2.4906636762838996,1.1568917748050047,5.5659772438849595
1,1532,0.09515946302450073,0.089426584586355,0.04514842693831041,0.17750981297222426
1,1533,1424.455139643451,1346.9820039491092,659.4455647471515,2633.3385956252714
1,1534,2.946417621526957,1.8002332188627124,0.0,13.049118045021817
1,1535,82.42873340205509,74.58938864468078,29.865377311831246,180.25076208643603
1,1536,1.7058531549332485,1.5696440384340276,0.7176557246243517,3.5109614529976483
1,1537,0.2088333723560373,0.1678070354080149,0.07398362987086546,0.5994903450982522
1,1538,0.4260206883710903,0.3627887178406768,0.08635967647083728,1.1358644442647428
1,1539,8.155160074478141,7.316349788724711,2.9189823721424335,18.285805735064457
1,1540,0.8214343861231673,0.7130168630740068,0.2772606459999978,1.9931582500273768
1,1541,0.04158116173913971,0.03487937247979177,0.0,0.12139757172416239
1,1542,83.3538201126394,75.89974945624203,31.439027994222506,178.32991006167515
1,1543,0.09405980608033138,0.08295415418966252,0.03091880332259174,0.22187048030235784
1,1544,0.5012983228997768,0.43878081409917935,0.15555846107217783,1.2150251501141636
1,1545,0.34448893246805556,0.3134488268074074,0.14187205903213188,0.7254022235151911
1,1546,0.204958528332937,0.18206685639775677,0.07508355541917787,0.4688355346019834
1,1547,0.2798660679688938,0.23805503201479267,0.09900858324440458,0.712587538924377
1,1548,0.08998409834687027,0.07466964303624951,0.029726494495245306,0.24279559417310947
1,1549,0.7554322498359256,0.6312252288915017,0.0,2.280972156082205
1,1550,0.07730291451492559,0.07261537526267828,0.035907865879257136,0.14591425133858807
1,1551,0.16503888475587178,0.15178626536150053,0.07009663202369593,0.3364932933840657
1,1552,0.1544252330322426,0.14431916822961843,0.07023514950717155,0.29754584962464
1,1553,1.5896656751250964,1.2656652130922899,0.3338294280337471,4.7543716724115335
1,1554,0.13879620901017573,0.11730242345258024,0.049629384831112726,0.36141799254853246
1,1555,0.8729240898863816,0.7959189092331083,0.3539017609446298,1.8332657017911786
1,1556,0.19911183203693036,0.1839940884245333,0.08780089972074402,0.3970322109267748
1,1557,0.09787314406081692,0.08748575695194817,0.03269781769361779,0.22453842232737573
1,1558,2.98022759539499,2.3640026014638282,0.5951267253589683,8.9257664759485
1,1559,0.17572632015908174,0.15864557299661558,0.05532053766637639,0.3961406995325338
1,1560,0.1578371727600876,0.12868843027356217,0.05247150710249814,0.4431766803919957
1,1561,0.7052182715058699,0.5704722008610505,0.16203326303388388,2.0405083746200328
1,1562,0.4775591907806055,0.41717615344871384,0.19715320204407713,1.1173179864244842
1,1563,0.27630106183340164,0.2459351214469439,0.1075235046798823,0.6238325917415173
1,1564,0.36462536415650154,0.3080821551175279,0.053292775434169555,1.007665180773623
1,1565,1.5218942338698473,1.406477025832299,0.6784653212170473,3.03431443026187
1,1566,1.6186780902809472,1.4085831305970098,0.5497510827264736,3.915449424567651
1,1567,0.9826120839828122,0.9084557754264933,0.4492048961761184,1.907765334112934
1,1568,34.33711637721393,30.146002844772624,9.459170296386775,83.13675157382099
1,1569,1.6667205875171922,1.3088859247679046,0.27563008251043025,5.1663656722921285
1,1570,0.8391176218023668,0.7674044228177597,0.3576165314944076,1.7466248402923992
1,1571,0.06444009050927936,0.060351569293227394,0.029434383527453423,0.12311444475738512
1,1572,0.042897930511258356,0.03760351369026471,0.0,0.11154170970205846
1,1573,0.31475378920036584,0.2773844791258472,0.11384090826652257,0.7373549485757733
1,1574,12.83275287742592,11.47920088144786,4.533936459195282,29.03989687031899
1,1575,0.12610600190057136,0.10960956911563693,0.042257288589431966,0.3068327565574453
1,1576,0.047932792795165304,0.04394877598931568,0.014382116522142748,0.10443698693344407
1,1577,73.84196293866202,65.92372099996965,24.653028581606456,168.66385228691917
1,1578,0.1705025492195128,0.1578535098752894,0.07743365814835076,0.33664674590895977
1,1579,1.5812879564296085,1.3948267362776825,0.6475105493681417,3.6313373218206344
1,1580,0.2657396379269292,0.21403324763954606,0.0,0.8940394487638181
1,1581,23.451827055171304,17.680694788074174,0.0,84.59576852076871
1,1582,0.27184236458861444,0.25064287411574615,0.11704725348234979,0.5487510845196885
1,1583,0.012528183103874975,0.010546724600349796,0.0,0.035271246278882826
1,1584,0.02592852983152912,0.023398785029208394,0.003152889990459291,0.06306213362463287
1,1585,0.7471359787278433,0.6590637522517375,0.2729043492812921,1.7400935465708434
1,1586,0.10722270000997546,0.08986375033192864,0.04081928466221531,0.2816593136245926
1,1587,1.037595714676279,0.9256594096302005,0.400918520922984,2.3356072243004378
1,1588,1.5313851551529245,1.3933401247913362,0.6402238445694108,3.228750664360887
1,1589,0.5432963620956119,0.48989261321735655,0.20708444975836926,1.1915046596144312
1,1590,0.05211445407777574,0.048003669396793514,0.019341984386923777,0.10871091022823577
1,1591,1.1134133774632826,1.0185732406373744,0.45145600183079426,2.3274066109291702
1,1592,0.23779554292934849,0.20988685694365705,0.07612466079619898,0.5595273639993872
1,1593,0.12290148415138354,0.10740250856134147,0.0,0.33661493142147436
1,1594,5.959011408706269,5.246386657775423,1.9372810606120385,14.102078533630989
1,1595,0.9254498418083315,0.796186808505132,0.285443036897452,2.3236657447526334
1,1596,0.14712179709172046,0.13252646309208066,0.05584155731215541,0.32560897106115844
1,1597,6.6522264761010765,5.573377016825715,1.6985844544894209,17.951507629323476
1,1598,0.049693905787994264,0.04624903266250401,0.021755640803169822,0.09731810968894966
1,1599,0.8880308884627235,0.7751669468663132,0.3102148361775409,2.127211064993913
1,1600,386.81567154772506,355.56344905693516,132.3036911926471,822.8049557787751
2,1501,1305.4239406321863,1269.4577577847938,838.2419900462882,1978.1194077631446
2,1502,92.44309210318707,83.15786012443826,42.54813570373354,197.23726708452844
2,1503,47.18511301385047,40.00431080632201,20.756940596958497,118.48733989105395
2,1504,1149.2443551636475,1130.7828036519147,813.2426558452194,1592.5668612766221
2,1505,179.72784373870303,153.453097765904,73.08677323815789,442.6752710577768
2,1506,86.3270901100834,78.69928712250586,40.292245317734476,176.69030997531493
2,1507,824.5920660495777,796.9293310452076,544.9861557515295,1266.7022967126204
2,1508,81.57276096989848,73.45245697579246,36.81737752792843,174.17953849034407
2,1509,3414.712005006668,3363.386712340628,2419.9783962641477,4707.161332111197
2,1510,162.8494514453577,157.71711844682795,115.49456033798062,238.33772551923326
2,1511,1002.6930779763096,970.5292192389456,641.5673252733415,1549.8222714595565
2,1512,230.5647093224325,220.1969351624379,141.32242675197583,379.1643892013941
2,1513,196.79192300966463,185.41889486594175,104.2931816698536,355.1067330808393
2,1514,85.80004963154437,73.71525184660968,36.57741819691637,208.52662443371298
2,1515,239.7068941985636,224.39511640160538,135.25706320211984,432.295308342055
2,1516,80.33848029382924,74.67804259543726,40.56172892450843,153.92732060230665
2,1517,299.1091275646936,273.2390586475663,149.42230823620403,598.9002652776039
2,1518,86.69678802166956,80.78815599682612,47.8528217794241,159.28959498029798
2,1519,63.18717204209634,61.29931848766816,37.3257841208659,99.84929883031177
2,1520,273.93181998779767,253.8832580017383,136.39509130023538,527.5943726194203
2,1521,1180.716391207468,1159.189219812879,823.1516293630991,1665.487857646727
2,1522,270.6789147164706,246.40973960595062,119.05227069276056,562.3048123315302
2,1523,44.68464976978437,42.07809167651116,24.055488435619175,80.79046640014765
2,1524,5305.799047313149,5210.264046083781,3611.3868980115803,7549.230032913531
2,1525,79.77559826238691,69.65837159413365,37.55795749057078,184.73445641523546
2,1526,42.716025578229996,41.442331903606174,25.299052827197663,67.5124369663062
2,1527,289.8341455387166,269.0421251220557,139.35236754042322,560.2479611735201
2,1528,65.6001399296072,57.494701244345876,32.47504842917001,150.2178333892802
2,1529,28.87995502459523,25.401386663302553,14.858571362144797,62.985253580054135
2,1530,111.95581257322495,107.71736000577407,71.289810399088,177.4895274644703
2,1531,354.08179175161695,334.0423808476462,185.31889261932284,640.1466135656777
2,1532,51.175232495979905,49.68062472940923,30.3846075468998,80.31062036253331
2,1533,15766.287844057537,15562.079797420278,11276.650521668435,21358.501020269294
2,1534,1372.608753139697,1338.9355428438935,913.1938389351244,2023.4603231151787
2,1535,2685.7489493398575,2646.5967205840416,1905.6082116922357,3695.3947093930647
2,1536,640.5314903994646,606.2849847658339,336.37048927136027,1140.5152847572635
2,1537,32.42175767794576,26.47835182678496,13.993750078225613,88.36032273370087
2,1538,366.16215411570005,330.876886149302,171.18138001181578,768.8139879924394
2,1539,285.34518980365766,274.8451042789989,196.1752364806522,438.4594257746962
2,1540,555.7660577021375,500.52323172555464,241.09056977815197,1189.478826737456
2,1541,67.4350070184651,60.89204502573094,35.40024827117486,139.73616509633973
2,1542,587.3460110430551,558.1137159004952,367.89117736255247,978.7242877807874
2,1543,104.03891554384727,95.79964613065924,52.179476815332315,204.2856334873592
2,1544,181.87132537871938,167.05350142658892,83.85958155278487,365.3172527954875
2,1545,220.1931757880734,207.34005586818495,114.70604728451856,401.53574712020384
2,1546,150.0885169959374,138.56586647573522,74.11436855063727,295.02792707344884
2,1547,103.14215233610591,90.23289458804103,49.209903255247255,238.06391584860717
2,1548,74.44541223127496,63.30054869411098,33.986955374915986,185.67098844949555
2,1549,478.9463116821923,442.43418436910395,220.2882163646527,950.6034646150224
2,1550,17.941621510509023,17.400182601301932,10.516997007939203,28.451876180065362
2,1551,155.31488804410233,148.18948982665984,88.24475157666008,262.99557870627626
2,1552,69.5169797495533,67.3536202200122,41.26844243095231,109.81176295482028
2,1553,279.6215456620003,263.30184167460834,155.3102224361122,497.70995556398583
2,1554,88.36156626059784,76.13327314043585,39.04499923760985,214.1161663844865
2,1555,168.7059642848136,158.12284128263875,83.2255940132275,315.10592977031934
2,1556,145.80050752877025,138.96974513457954,81.20332664174065,249.28783703335256
2,1557,113.2915018852576,106.06792289037425,60.21823433130155,210.02237047114895
2,1558,955.5007222611536,910.050403375212,560.6724262678185,1615.848923093809
2,1559,186.91778442298778,177.75273317400325,102.12084331741868,325.416677479991
2,1560,77.38610422365274,64.58638747774123,34.03370130773957,201.02873792986009
2,1561,136.91840483394714,127.61671202868973,84.49689663657874,245.49998787497861
2,1562,61.56610852362483,54.82565451742333,31.477635914238807,133.72132928400208
2,1563,134.0490830565521,122.32864220680793,65.64984515379257,271.4588381805604
2,1564,271.67270355632786,245.17461006883497,118.87968535398598,581.6370913756812
2,1565,293.2523046045774,278.12017967466215,161.44944751702664,513.6882834190482
2,1566,955.1041458654751,857.095524393669,396.31384904613986,2077.7289510556193
2,1567,109.03061914343604,103.60701186467045,62.82523867344699,180.575578059162
2,1568,1599.4697775513457,1565.2604638021771,1084.8158802608577,2309.1178112916837
2,1569,535.6160254780533,509.11662310673694,308.93800992610466,917.1266231150678
2,1570,494.1442490449918,465.03263229991114,263.7523898787701,898.1422154725369
2,1571,25.38924047477289,24.55825910190662,14.699848829006429,40.825442103986816
2,1572,60.37203075949911,57.22179965884206,34.73187558141748,98.89474271726294
2,1573,256.1204070091481,233.17399471899665,124.02654268616229,522.2661215737605
2,1574,300.681335985157,287.92732536622816,189.16908370774695,486.90043784344056
2,1575,111.35066196759686,100.19269073961958,47.5756074419591,239.89230986254887
2,1576,56.06627778055114,54.41733761377238,33.20916893674661,88.59211489733875
2,1577,4743.731091050367,4681.730867461287,3416.9899129953687,6419.970698405172
2,1578,59.65127330683116,56.844874080793964,33.90517706763413,101.86156868618352
2,1579,146.12451392908406,131.7884203201166,73.55040400270882,308.9368403298128
2,1580,705.643675343109,669.7015915622874,377.7179081154814,1243.0248174193248
2,1581,12607.336595216815,12451.339383595008,9177.510286884339,16889.92702896809
2,1582,158.29364315229247,151.3427036028341,89.57339768417968,268.25824144057924
2,1583,22.95682864001575,20.90451230218421,12.448816124510017,41.942589733401384
2,1584,22.71253234983529,22.002939730412308,13.23800081200799,36.25320235022126
2,1585,417.31440443559023,380.0708478556518,195.83540038370955,859.2422411720025
2,1586,55.02115346278687,46.96726705073255,26.257825635799044,134.7732316310547
2,1587,66.91275755998001,61.249750238678615,31.366728932095864,136.3538415176206
2,1588,260.87668129116554,243.67153933562292,134.02148820898523,488.2946646770356
2,1589,331.3116097030833,310.92400911139146,169.4658057095099,613.058622921958
2,1590,31.39477974589371,30.450977027724292,18.593004711603943,49.601167368008895
2,1591,519.9700817591109,494.0658228874114,279.0754166285585,913.250383445371
2,1592,378.34499114522373,350.50741546021084,180.65721496573275,736.0715601037014
2,1593,123.44076484759833,117.3916910774412,69.0046564079991,214.28238866651645
2,1594,332.9304947078947,318.42967153277084,223.16723706484544,529.3461883560828
2,1595,443.05528328301483,398.5594512849558,186.46445134517575,958.8748502050641
2,1596,85.34606317717629,79.5953148979487,45.09628788380703,159.99016598821893
2,1597,385.0990703012003,371.1894414521497,249.69526891052178,602.9635816401748
2,1598,10.71459837352268,10.395473809664555,6.2775545402175625,17.06620131064875
2,1599,277.0268250070576,249.0091168042547,118.91459313207126,595.7986002537111
2,1600,9886.207732868712,9745.427299549521,6966.216323887321,13599.78829379596
1,1601,0.1030894759228441,0.08485963191873558,0.0,0.3181272233788134
1,1602,0.13462385984975597,0.12196306073545685,0.054071678082082845,0.2886001582796273
1,1603,0.0505290556118332,0.03895602292665743,0.0,0.17734554037862701
1,1604,0.8331426403966261,0.7051657122788876,0.22134138341582757,2.1849394691201622
1,1605,0.6923248744030971,0.5426539509489823,0.11913995111372612,2.136527501114205
1,1606,0.02300364062873614,0.02153320888304342,0.01050971478429011,0.04396734543377562
1,1607,4.9600870010898666,3.5332280914927896,0.0,18.920746868033504
1,1608,0.0970463121798265,0.08869810347089124,0.02704294688973476,0.2153050469215281
1,1609,0.18395287268345706,0.17105240497167098,0.07698789498056989,0.3652349839898607
1,1610,0.007045434870490875,0.005437001073233868,0.0,0.02497681033849359
1,1611,0.0989124907668485,0.09226956122760581,0.04336035124475731,0.1927245260075249
1,1612,0.5987239768788711,0.5152535696299404,0.1873840478646517,1.5023229867819845
1,1613,0.05734826998332961,0.05379744909598569,0.02644424399832733,0.108933438183077
1,1614,0.02621060961662478,7.553882961629731e-05,0.0,0.14111860780241298
1,1615,1.83134322591344,1.6748243539098866,0.7219970449415928,3.865789456793983
1,1616,23.258037829509238,18.232248844242086,0.45229020722278157,74.62560594209452
1,1617,0.0020267535714227325,0.0017039973675199301,0.0,0.006351588812104305
1,1618,0.37661152788551,0.3134884533146075,0.11358451480185384,1.0073217858615593
1,1619,0.0068525958374325855,0.006334724523038365,0.002814103253746599,0.013808762962567537
1,1620,0.08772279916341022,0.07943576134501931,0.017378038956120667,0.2038377872549619
1,1621,0.306121354394634,0.28405360296385096,0.13962786218869627,0.5990689303502744
1,1622,1.245218068343635,1.0201212494700325,0.3053901244604274,3.5292833931767067
1,1623,0.0023782259992788544,0.0,0.0,0.012995393610394677
1,1624,0.6447182173624012,0.5636654829750636,0.21361197362564605,1.55742609890879
1,1625,0.5969349877850931,0.0,0.0,3.690457216549284
1,1626,0.025303453177463367,0.02316788614237071,0.008916867254596172,0.054091487100160165
1,1627,0.4429159870504091,0.3911222331117097,0.1687649125324249,1.027370798152903
1,1628,0.03965863160045321,0.03693924924340679,0.017571506095923145,0.07729302208692836
1,1629,0.26670855242840164,0.23305944169414455,0.10961909933211064,0.6234707177638068
1,1630,0.04602766881789334,0.0423803733831526,0.017830011639868762,0.09490714298502284
1,1631,0.5894284488402276,0.47603046347386113,0.1335566374886644,1.7222643643480566
1,1632,5.338855560175446,0.0,0.0,33.45474035186899
1,1633,0.006249087537612437,0.00527914259728879,0.0,0.019515040606739732
1,1634,0.2238321421977174,0.19201977670116405,0.07299540559328788,0.5659538433850901
1,1635,0.0018533980650660617,8.187736345692382e-06,0.0,0.012471663888187729
1,1636,0.04539177566894399,0.041737300403296804,0.01632820680026666,0.09533733087281179
1,1637,0.035927508115453456,0.028305318295010873,0.0,0.12261604976974022
1,1638,0.0852288448788577,0.059279047177529076,0.021556267182387685,0.31325228063405525
1,1639,0.2306905807566395,0.199001223585329,0.08560074981486024,0.5484172751807864
1,1640,0.01202393650492274,0.011126724934511712,0.004898372782574786,0.024267135518024462
1,1641,1.1369000082646135,1.0012655589417814,0.37961599694374487,2.68851379643537
1,1642,0.13215225757875443,0.12261887018805287,0.054642767739621075,0.26498680897178556
1,1643,0.24982236194085403,0.21758600726083455,0.08893620257364211,0.601919039548458
1,1644,0.22723662058678587,0.190562661528393,0.08257711393533566,0.5991649590202786
1,1645,0.19779090226542625,0.17127267619206726,0.07348344381179821,0.480530541995363
1,1646,0.01574863086919173,0.011268598137931992,0.0,0.06001199518375512
1,1647,0.6178179100886317,0.5506397913576384,0.23308945521452878,1.3952676373668946
1,1648,1.2136532861369378,1.0049093669699705,0.2965956171038498,3.3538979954251595
1,1649,0.0719143557825653,0.06420576208688047,0.007374257476614195,0.179347914611859
1,1650,0.052981305489242604,0.043474026626309226,0.005504423198734931,0.154240255401875
1,1651,0.0031989745445968974,0.0021206932165647296,0.0,0.012667491206729168
1,1652,0.07899788335328133,0.04319641066265602,0.0,0.380255629534611
1,1653,0.7383956571569409,0.6394241432348026,0.23722766299740164,1.8263958513604794
1,1654,0.1835641848877849,0.13282415930086394,0.05394442993674025,0.6365238727474889
1,1655,0.015744957639496456,0.014697615175402343,0.006937039706514135,0.03068879441221997
1,1656,2.587787227292964,1.3664739322486468,0.0,12.411747715128083
1,1657,1.7306646112897848,1.4796125217233418,0.0,4.910231951633813
1,1658,0.030659717878354417,0.00010599397882207252,0.0,0.16841503513217387
1,1659,0.006925596560732132,0.00639624837591446,0.00284005219510642,0.014054520529256044
1,1660,0.0401396814480877,0.037484874658641865,0.01793812448599915,0.07773205324754989
1,1661,0.012606972342965112,0.011590476465637184,0.004991240372758274,0.026027362542060915
1,1662,0.27925398070481205,0.23601907232440758,0.09520183927576958,0.722722385152045
1,1663,0.4650899955790467,0.43771396051903133,0.2192943343355953,0.8719764721064797
1,1664,0.025243459154674224,0.02101947005890873,0.006980481651146238,0.06297419311925534
1,1665,0.10814973799345737,0.08721125908784888,0.0350400328405149,0.31253191595405794
1,1666,1.0720678485152788,0.9971583815752495,0.4827864067576981,2.099566858976847
1,1667,0.07378075393192653,0.06771818012672146,0.03257925678756058,0.14660936034249614
1,1668,0.6262633233061349,0.5830667752170844,0.2707833826116241,1.231385922666223
1,1669,1.6406035283214733,1.1897158716817196,0.0,6.070664011261756
1,1670,0.7814738817555242,0.677736559401521,0.26512935630383205,1.9074925970471033
1,1671,0.14300895483530182,0.13374401963675797,0.06547173087837181,0.2747059120176092
1,1672,3.291561706213759,2.87811511406344,1.2492006036639494,7.799350302141827
1,1673,0.7046753848998586,0.6153201988399637,0.28371803941789414,1.6720285185590427
1,1674,0.1890911675745797,0.15888990461979202,0.06165384031021898,0.4989577404060466
1,1675,8.31856330035364,6.789792744869144,2.5412401303351837,23.251804453542206
1,1676,0.17891933590333908,0.15200157145471307,0.04064011258158434,0.4748070160843923
1,1677,3.0307777991857137,2.7211052245581984,1.2971797475805502,6.584537104094605
1,1678,5.693223251867566,4.598136590772634,1.2893011524898315,16.54638634320267
1,1679,0.6281233101331292,0.5724930587185959,0.2823926524243591,1.26939997309303
1,1680,4.905384125761369,4.350084046022653,1.8202352648955678,11.301214197006452
1,1681,0.17406194232965924,0.1415626045849912,0.06612076219488389,0.4657140726876853
1,1682,0.1562598935185343,0.12299770342018228,0.0,0.5259541924150017
1,1683,1.0708451502161689,0.962058012913085,0.3885034836800928,2.3899758747666113
1,1684,82.58862041490056,67.35909122185262,17.082614568125678,235.64727743919494
1,1685,0.03456923392287062,0.032071444687926026,0.01464972277214382,0.06891008219974522
1,1686,0.15488395832417506,0.13872920424191776,0.0672093901274339,0.32518421868627057
1,1687,0.06305017633964986,0.051178079026188796,0.02218619937006293,0.17756352382786555
1,1688,0.056047861702179506,0.05081051339083719,0.011695186769263862,0.13080476629208845
1,1689,0.08260807723306227,0.06891784266312517,0.011589295008536489,0.23408978045790954
1,1690,0.5843614251029844,0.5206150756137975,0.18497002276305488,1.3578467924999513
1,1691,0.0021932822762069787,0.0014431391016849287,0.0,0.008772454454774665
1,1692,0.016248549759442423,0.014507036455114669,0.0,0.04253393332692334
1,1693,0.35796747449396354,0.3369370355418211,0.17025388508818803,0.665042668577404
1,1694,0.011899905975989937,0.011113971185899019,0.005342654932154956,0.022997251543550992
1,1695,0.01045027266910526,0.009243190202290221,0.0,0.02843106444447325
1,1696,9.723078696498044,7.923899235407616,2.056214073645899,27.889018096450698
1,1697,0.15552700368261224,0.141506415126267,0.06572943512984329,0.3207298836982808
1,1698,0.061018029929312094,0.0570485488581599,0.027712183416584223,0.11679086776932844
1,1699,0.0027377976643071194,0.0,0.0,0.015032716930418884
1,1700,0.03464406496810249,0.02864005063020393,0.011808830814287383,0.09404396055023614
2,1601,73.51514031110048,65.66942000521959,37.09134961230134,159.22189640260513
2,1602,80.72395949461414,75.76123907749006,43.25915775582211,147.63203220078913
2,1603,69.31844747386627,60.80712959926775,30.154653987545416,159.26893763008584
2,1604,50.923987263034405,50.316117275821355,36.34688532065279,69.13777128022106
2,1605,128.65226628776648,120.0251284501231,76.75080932979246,231.82342705932766
2,1606,7.416393000703054,7.17505547621546,4.281119710445128,11.893897886945236
2,1607,1065.4259153827684,1036.2165206924794,689.3974705880022,1607.3761061711768
2,1608,31.87750975210255,30.93345483119673,18.899150942813773,50.25324242887534
2,1609,66.44570374952626,64.50404737627935,39.61687495497475,104.52027898406696
2,1610,8.612132370844611,8.331614078674885,4.979842283738842,13.842536797069393
2,1611,50.41086624907233,48.95404264533149,29.79649880020159,79.47225531476418
2,1612,247.02522494372286,218.95475178291832,89.87086197621025,569.4083317676581
2,1613,14.695165267646825,14.221126693970456,8.424989241957737,23.618258340022205
2,1614,65.65847647860026,63.709593604113124,38.97200326298568,103.5305635848551
2,1615,949.8183113251649,905.3669365431437,511.8662539219771,1642.8414167691465
2,1616,1210.713245567851,1183.8151838368503,827.9903644960068,1757.7200312568723
2,1617,4.8472390145115964,4.681196475155639,2.7539646550291277,7.889499537584772
2,1618,174.86723847137338,150.97979935060786,68.28259308743662,420.7874330983392
2,1619,4.821054382263808,4.660632489195996,2.758130429969734,7.798600767399056
2,1620,19.977095034328297,19.350120680651013,11.731786389249816,31.700743257743806
2,1621,96.28979725012682,91.99853292852939,54.99903492307556,161.8790631239451
2,1622,107.98018615638262,100.3459824494671,69.4996414898056,195.76634893263133
2,1623,11.538053893976137,11.186679856688086,6.736629922517486,18.337156358177293
2,1624,439.3767508719365,399.05877488343475,189.97040238572018,923.1050353975172
2,1625,737.0091997404573,717.7680818464762,493.0487096912356,1092.3809718314797
2,1626,9.332494179576459,9.027081060197634,5.358138272127226,15.054406657080524
2,1627,171.2502258116911,155.7774579502158,85.8617459363719,350.86669628140777
2,1628,10.654735805297328,10.324128060561538,6.186697674742572,17.049135653498663
2,1629,70.31718493684762,62.694876346486595,35.77677788609411,152.60955500188538
2,1630,12.263178761057482,11.852114331237487,6.960451683874822,19.868300341002968
2,1631,75.80629883944782,71.3409612678746,42.35004710732792,134.96943590325517
2,1632,1567.9351703561497,1529.0491070089593,1021.4814496877514,2338.577809023745
2,1633,27.391072729672437,26.56601321085727,16.057989395578858,43.47654166264931
2,1634,156.62806929765927,139.47668924939194,75.777497045693,344.37659817760175
2,1635,8.853703642501303,4.225303814348111,1.6726202850455971,44.64335713288221
2,1636,22.449155677514895,21.76905825664162,13.051219057076361,35.72264400307563
2,1637,65.50806185950034,60.09365790207074,30.66413863079609,132.08725941049823
2,1638,28.817160821413626,20.30859513239143,8.737150931748854,101.51816246470926
2,1639,67.31512294338849,59.95052854758756,35.127306014342594,142.47381123486946
2,1640,7.720284457960702,7.466903601407431,4.386414620032521,12.519162604978646
2,1641,520.1815225978255,477.78779607960996,246.30431302360813,1039.5761431157434
2,1642,58.20757708666457,56.42067053203686,34.63705522342649,91.5867863159775
2,1643,60.82920920995007,54.76032246245357,31.92802602397616,126.6762308317247
2,1644,68.62414044154325,58.560410677362015,30.879525994273976,169.55460966000152
2,1645,101.49497789494795,90.28275482908353,50.99602775535904,220.66932152579048
2,1646,29.50446556285004,24.71900511371063,13.812641511989336,76.65964059420666
2,1647,395.47774165018836,363.79385336499047,189.36648678891427,785.9650131548573
2,1648,84.30801718341027,80.77329192004501,55.36705998273934,134.26893002006352
2,1649,20.98359958083196,20.34339157866934,12.35958471690678,33.28662348528106
2,1650,43.10139135444327,37.23783228646146,21.377820595739447,102.24116260500884
2,1651,33.09457225472339,32.132837808883345,19.555756353932246,52.33807576615305
2,1652,17.360942168087306,10.360407143148532,3.6417109158995262,74.07861717183403
2,1653,150.9884902805278,134.3119299473163,56.413087499699756,343.7827200788314
2,1654,20.262228162839158,14.814311838942087,7.200122386186476,68.50300394907956
2,1655,5.747282580931949,5.550813267786857,3.1767555117096427,9.443001080468227
2,1656,1947.6309281156364,1907.1133587319782,1295.4593199563312,2833.627752289855
2,1657,272.693303949335,255.19900471038096,140.43604571396364,508.85835824369343
2,1658,34.95093122622981,33.07477527509266,20.051927998249816,58.31083608258189
2,1659,2.1885243131235654,2.109629518516085,1.1857274566179548,3.646714518071198
2,1660,3.503181658449745,3.382665094023136,1.9677883732648744,5.741712140943393
2,1661,2.3189373968891576,2.2334363588575403,1.2512375255419979,3.8822324825574106
2,1662,44.27563224840531,38.439511384206526,20.94852687906869,103.69053532144396
2,1663,54.87502624951616,53.186642340216224,32.42357860639786,86.87344957909076
2,1664,12.615958540857672,11.01371199111023,6.428773108036014,26.68217008878726
2,1665,24.45405155043642,20.185405407492674,10.54191951237179,65.80616709869429
2,1666,361.3249853571858,346.00509027588316,202.3315045811663,610.0705542681983
2,1667,37.18192245709517,35.27680391826596,21.39395534507116,61.12640062724322
2,1668,44.06419323794782,42.80976207922977,26.19810303727145,69.25863438889111
2,1669,343.9217782463319,328.218678225567,210.60148226186564,570.040497091148
2,1670,130.65679765584198,116.7336997052368,52.92206592749505,290.4585776155971
2,1671,18.803494299185253,18.228298654698047,11.015723693471914,29.890614049210015
2,1672,53.083959496149824,47.32234234212964,24.19846703300578,116.19668935431989
2,1673,71.55333728977486,63.79172608492796,35.46433764684141,157.39051937193602
2,1674,63.18228326255903,54.707625302803116,27.515450819123323,150.1460939712411
2,1675,155.27115113819863,129.54111626172198,55.43246923305042,408.5293291001542
2,1676,67.77036016492652,60.34182488154701,33.82254865085415,147.4904502707328
2,1677,71.82449877674912,65.9021777722717,37.55605509803499,142.21686950700746
2,1678,219.30149010214484,202.90612115942045,128.03435713549766,407.061927310102
2,1679,47.37165584385752,44.36934877861366,26.427243232881896,82.78720255470103
2,1680,309.7763890264556,281.7734570795121,136.50209320895593,646.9320248402591
2,1681,14.649818965143162,12.118385260961185,6.796181446113872,38.19702416196829
2,1682,51.8646495404562,44.93245663028014,23.223720557500226,123.40509991756113
2,1683,377.3473462607305,354.70984659584263,190.0762007403981,692.5330405717975
2,1684,8218.144048605496,8102.98084214357,5846.596925823711,11239.261705282795
2,1685,9.534110126536083,9.231879043985234,5.535243091432887,15.253653754778696
2,1686,35.3546726141976,32.51487144414252,19.427975959640477,65.49080865249925
2,1687,26.0276094604316,21.534118519478163,11.54226407399043,68.7523196627182
2,1688,14.311513556105936,13.885521440509622,8.441758343203258,22.604367812697895
2,1689,36.81502712556626,32.45446167383834,17.874941349646114,83.42492370987544
2,1690,155.73638507703592,145.36163281053547,83.41612830407337,289.53007072904103
2,1691,8.983209263301443,8.708943444061983,5.2484311006091815,14.331164083816988
2,1692,9.999932632032657,9.688494314540868,5.812610454887564,15.948208822045661
2,1693,10.594858679262911,10.272000170961995,6.204759067123357,16.83351366834945
2,1694,3.854932064624579,3.727618573198395,2.2028232727395487,6.245146717426287
2,1695,11.847173130652841,11.489972830257308,7.023215170121606,18.727356219498848
2,1696,638.2277790561286,621.089535503336,425.66639624839513,950.7422897080662
2,1697,52.736519201184784,49.79993439432279,30.046332176132683,89.79185909355701
2,1698,16.51436845706837,16.030705789230613,9.730929239690335,26.134625077114773
2,1699,5.0139433111167975,4.853887277340957,2.8937825550646092,8.081313181842917
2,1700,19.802868892751714,16.787977305717558,9.394426640925312,49.62264478191864
1,1701,0.218371917523695,0.19310048462159007,0.05019614910736535,0.5326851706748721
1,1702,0.040069879581287875,0.0373422826313337,0.01796167703001612,0.07737108344796895
1,1703,1.3009253864521857,1.058695912914594,0.29993495842489704,3.7267159540283936
1,1704,0.24419223294655537,0.21603156753095756,0.1017476272527215,0.5412449017685224
1,1705,0.13268936745016963,0.10996868081317893,0.0,0.4245247660996945
1,1706,0.2596493109252926,0.24168226155350575,0.11260960809758826,0.5080506869686573
1,1707,0.3338311240477545,0.2964140409802366,0.12015587022540436,0.7674648757492695
1,1708,0.03503488498155906,0.03281804036496352,0.016064781890341617,0.06711029461321154
1,1709,0.13826410875436765,0.130090496548812,0.06510831455679578,0.25881057979643407
1,1710,0.05494316354242376,0.045126216223881715,0.0,0.1771600610562519
1,1711,146.43004997426638,119.22556856044592,24.19354712879471,427.3075309601619
1,1712,0.18043836700399962,0.0,0.0,1.0134326691538331
1,1713,0.0589052638978272,0.05532407411631672,0.0270587073792376,0.11176575173335136
1,1714,0.015800303592075352,0.014766435589094701,0.007104909994383948,0.030470252568840932
1,1715,0.053755541134359056,0.034613814365314126,0.01506233322467654,0.19748697120961028
1,1716,0.48143014128577166,0.4290110537379263,0.10694902215937958,1.1629454581522798
1,1717,0.9082314048687594,0.7430882008173441,0.20995790002911147,2.5676348037414223
1,1718,0.07159685859618203,0.06189168323469789,0.007003786229370783,0.19136006266762962
1,1719,0.14859208242383867,0.13952492569417577,0.0693324942633592,0.28080593182488817
1,1720,0.08560500840955333,0.07497747490935568,0.025189663861001448,0.2080139206432571
1,1721,0.17630017259007305,0.155425116771775,0.06597947588887153,0.4108949527558791
1,1722,1.0055445196393253,0.8900973590108638,0.37197025741973244,2.3143505555918256
1,1723,0.015533786242319866,0.014222947724698842,0.004785475473552323,0.03388182843412719
1,1724,0.31081481049364823,0.2925684316671123,0.14666702682882365,0.5777354329269968
1,1725,0.20954190184326316,0.18990624701023712,0.090449189208664,0.4352310240265614
1,1726,0.29261765778413024,0.24772125313622761,0.09789132226310793,0.7510593955099627
1,1727,0.4964426377211522,0.4559945942994628,0.21221062217215106,1.0174496184490207
1,1728,0.010557374241734155,7.515831892026897e-05,0.0,0.06032125365784299
1,1729,2.5581103664948106,2.194943317326329,0.9587009918925892,6.3689279245016746
1,1730,0.3746691141770233,0.3524439133299898,0.17761049313055652,0.697965872865637
1,1731,0.012785068244061133,0.011887610364637358,0.0054760905426128,0.02527316916250689
1,1732,5.066576309555287,4.4650433972015104,1.7791146921483219,11.831573114379221
1,1733,17.834237354578033,15.004148543080916,4.6549024166279,47.354618151812865
1,1734,3.915068131567005,3.2229937248980267,0.9298672302387027,10.97862514127343
1,1735,1.0073744602333425,0.8961896543998151,0.37805876658693105,2.2914737040605275
1,1736,1.3541778051345563,1.028704245585637,0.0,4.6761747724457585
1,1737,0.1663958945261472,0.15639845617197834,0.077597074857054,0.3134430260792808
1,1738,0.023918133828991616,0.02187232538981384,0.007151568093199831,0.05242752575972486
1,1739,0.0175798820387284,0.01502501429427692,0.0,0.052956355072415105
1,1740,0.09270393915098284,0.08665537596313941,0.041470693220780834,0.1787696297930787
1,1741,0.07854083806966905,0.06824528691086668,0.0239068260300484,0.18525002622276335
1,1742,0.00761055682347398,0.0070617453883390965,0.0032366239548955187,0.015144628322170868
1,1743,0.3432043115629893,0.3004353073806826,0.1392651223213863,0.8078302439401349
1,1744,0.08857473032078182,0.08274926183944367,0.04008489776296306,0.17030242865824685
1,1745,0.5280025016885238,0.37689630192253576,0.0,2.009145679282094
1,1746,0.3721058228271541,0.33926575403926584,0.1613714960091799,0.776924098492186
1,1747,0.3118829931628302,0.2648442447843027,0.12290800025151505,0.788537131639535
1,1748,0.13854129880559854,0.1301454322707673,0.06453354727569721,0.26134706477024916
1,1749,1.1301318910224427,1.0378604221048784,0.491202411927883,2.3058661051527882
1,1750,6.23570275818325,5.410197881326183,2.0669759871414883,15.193514352843
1,1751,28948.533845841896,28426.506568610657,12798.700638441373,48002.595846134645
1,1752,1.084129337477272,0.7801392060582456,0.0,4.17592358882283
1,1753,13.145225271750705,11.310475634525405,4.24432764817658,32.827682416126386
1,1754,0.10891938097977107,0.09970154385418167,0.04087017619701166,0.23018125524883679
1,1755,0.03854651093516533,0.03446596958783092,0.008205411604865329,0.0919561008077155
1,1756,3.2250067304665047,2.699520013467149,0.9504958430018611,8.6046259879487
1,1757,0.8250093232825586,0.65922229655006,0.2378856688451378,2.394923421464402
1,1758,1.5716597719329517,1.1274148488999487,0.22474082955915595,5.657876434731068
1,1759,86.18706542767747,73.5785056546807,22.458286953324524,223.84493655954867
1,1760,0.10409076629610446,0.09324387679174526,0.009534697654530681,0.2596419667437964
1,1761,22.165769651118904,18.33305530231715,4.65868604148333,63.99091416408485
1,1762,0.6517190099935273,0.6120736110094906,0.30175019000079467,1.233717777179448
1,1763,2.812469418681431,2.4606976940856518,0.7995211761875096,6.8366201346742566
1,1764,45.931150240317116,38.28870603585764,11.453366621798327,124.35675561113442
1,1765,0.10924570110127253,0.09179123656340926,0.04114393629946245,0.2793529225126716
1,1766,7.0193672204046385,5.822534774976122,1.737530077565278,19.378065989138754
1,1767,2.2394356571210046,2.055143090413019,0.9293740909163813,4.600926315724286
1,1768,1.399475686009047,1.2802351389861348,0.5826713633058274,2.910454952226636
1,1769,5.7517176668220955,5.3393234168880905,2.528438997987628,11.333529604163836
1,1770,0.8857059612676437,0.8155684318189015,0.37686217156513246,1.8001994597347182
1,1771,3.3021729246077314,3.067934440559041,1.4643364324223203,6.4924334930756356
1,1772,75.88873087520125,63.6398480170385,19.636253839157654,202.1176544865455
1,1773,4.05713551565652,3.775262797886957,1.780061666042378,8.007112598836873
1,1774,1027.5108706888557,965.0523119084164,428.9263871142236,1981.8936995375273
1,1775,416.4790589595576,390.9954172665483,174.66946896082567,806.6517486235653
1,1776,3.9644304055940576,3.6667990990486414,1.7441874258441556,7.90065975484007
1,1777,239.60316145965612,206.60288706791854,65.96226191596024,603.8240029383416
1,1778,999.2137191222007,923.237460717191,395.98866403569446,2036.0241311522705
1,1779,1946.25304459916,1880.874155157649,939.8569580545737,3320.180804707807
1,1780,1993.0547212225479,1897.7080023210337,891.2909296033376,3626.5999580808016
1,1781,30.31651796681741,25.72570088644332,8.027142566797906,79.67556297232977
1,1782,266.42000981028946,237.92611762896837,80.4609205090509,613.8475037755197
1,1783,2679.3151307656217,2561.1892443838697,1294.0762819587333,4759.864876048521
1,1784,936.8540587451374,889.9704743984712,411.6626004663235,1727.4746152468908
1,1785,6902.6841997453175,6707.9668225072255,3727.3418826681796,11197.140461339506
1,1786,276.5572853356722,256.81805416809163,111.19525362579513,553.0269292814426
1,1787,260.00454857684235,223.3804189577008,70.78181826125994,663.1682115500397
1,1788,1179.688317277926,1096.0332419579245,477.455080596745,2356.4560739943427
1,1789,4206.870386099568,4101.015224622513,2173.3452680500855,6845.828158464518
1,1790,738.3515959372935,687.4234490038516,300.8673368935141,1463.6003082177951
1,1791,1359.9022722040338,1280.5314492760654,572.5985183485004,2597.193131935423
1,1792,610.8338811793562,567.6782508357585,247.67951409069127,1220.3207523748792
1,1793,289.8610418440676,277.1135749459258,134.4615163897998,519.4389904476726
1,1794,557.1959888826151,519.4382967092007,226.52962315220367,1105.0568106746207
1,1795,1027.5079463644731,999.4014666134515,532.2727077615649,1695.6549773851225
1,1796,1134.3646004224054,1042.7325939458756,309.2332969638982,2488.826689708724
1,1797,424.02007410458873,391.27998714424587,144.07985861361578,882.7761594955438
1,1798,1604.0017307492597,1428.0518127497853,480.64204373016014,3716.4355777116657
1,1799,4.9567365197696,4.208203701371984,1.587536855399555,12.664371753018616
1,1800,41.759908190049174,38.27362899316856,17.51006670746862,86.04021473073094
2,1701,74.8804245756377,70.15231891628571,39.765694323745144,138.02878428529175
2,1702,3.7711109181641094,3.6372515716397427,2.0961146151897823,6.196764089125987
2,1703,69.95104973040308,65.57572611952399,42.15505658887574,123.22745227575781
2,1704,45.019011334268704,40.871759246827445,23.939596998640315,89.7049318291995
2,1705,36.005907819529064,34.91584877996626,21.1150974320931,57.00765782647502
2,1706,33.569429648514316,32.57354612677431,19.84527993577786,53.004898385627435
2,1707,126.90238175439477,116.12897063976055,55.21359770396744,261.3086701794168
2,1708,5.419816825605341,5.241973884812747,3.0580912781781824,8.844951809265938
2,1709,19.296307223136054,18.697735995338075,11.346638874347283,30.613135079943202
2,1710,51.51386973559778,47.49706197238963,28.120012040970728,98.07727296785896
2,1711,3768.757470308804,3710.977753829089,2636.0539041972584,5228.090582817508
2,1712,271.090823795312,256.98159295163896,146.39512176087374,478.13511268143395
2,1713,4.175441465537148,4.03899040950896,2.3731666611418585,6.759367684995535
2,1714,3.5423258441789214,3.4172316258274775,1.9754245974180482,5.82532554001313
2,1715,4.402409562982063,2.876100594365373,1.4894405063011427,16.16641119928303
2,1716,268.6325769095134,253.86765569576443,144.6970236815734,476.94673474987724
2,1717,72.50570688807585,69.20270765426835,46.69397662704288,117.88119536414221
2,1718,45.46260927696685,42.1351157777943,22.266013138940103,88.27589945649528
2,1719,17.802866420897637,17.267971411950214,10.521925849353904,28.13118279512925
2,1720,62.724373712005374,57.64920253908912,31.262609018551483,124.42692026218803
2,1721,39.19303219796847,35.590014041317296,18.923324281629753,80.59000444146366
2,1722,206.36677321729937,187.99659405787946,91.51768981855766,428.3297047017313
2,1723,12.951304485627661,12.547799086158218,7.624740330968029,20.555619370507173
2,1724,14.99906063641906,14.539519535903306,8.857738134083098,23.77838090208457
2,1725,52.698408209760224,49.141046543444006,29.488263092512526,94.279762006426
2,1726,55.894626770961985,48.76222334300536,27.120378945463713,128.68822126951332
2,1727,233.16391093123647,221.14095251018716,128.47966757591595,407.49343399662905
2,1728,41.32511688372247,35.780139153944546,19.702372347038146,96.8991457178042
2,1729,97.5919477031228,85.50246309595565,44.59398299439932,225.07912480255737
2,1730,41.98478900990202,40.74980841868537,24.866389761390696,66.31064724321534
2,1731,6.896512787375112,6.685229336974298,4.026936776975203,10.995408253650885
2,1732,226.28131149477338,204.58059656333765,93.53803509016998,483.07069578426984
2,1733,2041.7226746250617,2005.3545423315875,1422.384531027331,2858.4316086496574
2,1734,234.761989441159,223.3174924462507,147.40763689160707,390.0334685974962
2,1735,345.959776522512,318.41284629125767,167.91123913750474,684.2844613231566
2,1736,133.25379805096944,131.2320605428667,95.24580266900143,183.15526932189883
2,1737,26.857305523037002,26.041282331063883,15.901018787394479,42.39530592396221
2,1738,16.184273277806692,15.707382562338234,9.588516238890778,25.6108817954425
2,1739,5.862153200795813,5.664251963193333,3.3527120659796505,9.49313243789655
2,1740,30.953980083167583,29.988348290265577,18.36188190062795,48.93854892034218
2,1741,30.263630799340714,27.65007391553856,16.47107489133527,56.757368084834766
2,1742,3.3402433000689324,3.2162383278889104,1.82548595844313,5.550811406438582
2,1743,39.86111926647645,35.584476933389794,20.15982467750963,86.61260174904248
2,1744,21.507684507081663,20.8691282320976,12.755701147116532,33.97816273585223
2,1745,135.25256453751234,133.65896093924545,99.08617952507917,179.89077248842327
2,1746,71.57046274797959,67.09767733576058,38.38995726024648,131.66021725114874
2,1747,25.999996098602406,22.481655612133913,12.524330825750482,61.77510925643696
2,1748,4.295963976498903,4.155956532328654,2.45993774922329,6.9250175334425315
2,1749,106.13672828236265,100.25676356449452,56.822643104957514,190.23106735387648
2,1750,254.45356112081558,227.66416773490016,99.67585361756447,571.5212681827888
2,1751,24403.65188113116,23767.22423841069,9213.528927143117,43001.90918994232
2,1752,553.2041308497207,495.152961804417,211.25323795707317,1251.6140583102924
2,1753,532.2439492005587,471.38052408959004,204.71460629714232,1225.9128748950443
2,1754,6.64707308167346,6.380761239655373,3.3746422892437398,11.443687776175455
2,1755,8.406816949179056,8.082591603270018,4.434340544606235,14.2458140214013
2,1756,191.74868296714325,165.69145274282457,66.36090321276308,476.40633238218027
2,1757,43.6864722280257,36.210055968196485,19.887978747242528,115.83587444364521
2,1758,118.02595772785006,88.06248222812371,19.5550671805574,405.1947801455193
2,1759,977.30666326603,937.9490170911849,582.0992279719177,1595.9652442694785
2,1760,23.471313022936457,22.666356239142953,13.31435014436401,38.363473914103245
2,1761,914.7462122515963,788.2478378177298,220.71423889273996,2461.4275592854106
2,1762,50.39747337371318,48.86180571000901,29.663202959348435,79.76291005840687
2,1763,28.638473048699055,28.199359522093637,19.281167262467804,40.401552406956576
2,1764,8467.619854818371,8331.035044027652,5783.078135118975,11913.177644128922
2,1765,78.14969015384551,67.39374183387852,38.149213543758904,185.65009276720383
2,1766,830.522199753192,800.2012235564371,521.6679719064871,1312.8019122166454
2,1767,954.2421153932077,907.2473178937167,498.8967887622062,1680.5694572521943
2,1768,689.781148388882,648.6258162315055,350.97266372838055,1264.9342247461516
2,1769,890.1062846687535,851.4718269413215,482.5832072307056,1514.8771229491595
2,1770,452.8496923936659,428.9845655990087,235.74351590411857,808.2347116109501
2,1771,1227.8736879359476,1176.0123396065055,668.1954864617477,2080.670489550964
2,1772,7502.441507703893,7373.921594663682,5103.691736930901,10600.54058704802
2,1773,1991.5544432300283,1914.7169027075822,1110.4179270100894,3316.933021747777
2,1774,4236.958942532606,4157.039019480149,2733.9272324684625,6220.423965393668
2,1775,1554.8895088171541,1516.6308136468683,982.1685682030297,2345.741280181553
2,1776,534.7665432639789,510.4972922766808,287.122395550065,923.9287841713812
2,1777,3619.2619626846176,3559.1175939326813,2466.7482657069713,5120.434991853191
2,1778,11383.297725223956,11247.062641567767,8287.77254419216,15224.613544684955
2,1779,3873.856846308595,3820.085958058129,2446.128994485945,5605.425087338101
2,1780,6215.875308641753,6132.824764047631,4146.816136407619,8750.464735962774
2,1781,1211.3959447789314,1187.1555146423643,826.8293220905102,1739.5575763798813
2,1782,1453.4541666182097,1421.6700217760067,929.9000454430992,2167.765945556844
2,1783,15783.356328472808,15582.782883998789,11201.756475575929,21495.454301295107
2,1784,3271.765049261439,3229.0313584699593,2216.9452638061157,4569.871701511005
2,1785,13460.0354276265,13252.266974222064,8815.683565334908,19296.436403748645
2,1786,1933.8444461586248,1901.2288035861652,1320.050080792332,2742.040274016273
2,1787,4914.539889614815,4826.721841207836,3376.161511496086,6940.156980420975
2,1788,9904.119699067858,9781.565038627377,7083.525294167336,13417.480441981108
2,1789,5925.127950073443,5834.06268382403,3519.961765598337,8880.173587784579
2,1790,5767.906033130906,5700.266857081613,4133.728597247985,7789.55103711712
2,1791,6767.269298870309,6682.435747116408,4729.548322046827,9294.061755338833
2,1792,5149.398435691994,5085.246584826295,3704.3025078146043,6952.929733537592
2,1793,578.5708980980888,563.3178872540304,345.5703382717383,894.3890608613921
2,1794,4119.483393473742,4063.57809267691,2912.9022409196405,5638.363412152181
2,1795,1206.8088414427464,1177.3608843933102,670.80280562243,1911.2503134612555
2,1796,6643.44120761579,6557.61218605661,4580.321754448192,9180.353659607787
2,1797,1176.4647918823828,1151.5672516647269,673.495829237551,1827.249440841934
2,1798,10597.750422105188,10446.470224845358,7155.441712059373,14862.105442728318
2,1799,77.89746796329624,67.70573875601741,28.964577752171007,186.19114180653926
2,1800,722.4913286084383,677.9605569757363,361.46446262342874,1340.4174917411538
1,1801,22.438166586660607,18.15688360316526,7.013269662908326,63.53082212098689
1,1802,6.8630131049204826,5.9950516344749145,2.804040597488493,16.26070679950457
1,1803,24.946661322916736,23.053417454578007,11.043649884529616,49.59723105222967
1,1804,1.9872620067587035,1.811236905467601,0.7701769158849306,4.221705019646207
1,1805,501.6067170599664,419.3222699641117,104.29879479968456,1366.683990145608
1,1806,44.768437663597766,41.30177681730207,19.693538542128625,90.32401096820458
1,1807,22.566366625373945,20.84063463069595,10.157780330440033,45.166212339576454
1,1808,1.4812256561449266,1.2580830396499534,0.5669982444590386,3.737873877886048
1,1809,0.4205364128492073,0.3119227906210741,0.08548341297641182,1.4087913080055203
1,1810,4.597594269174256,3.8969511954056646,1.7602942033636508,11.734605915383113
1,1811,6.2240655319657705,5.683800806270737,2.644594808831413,12.912430022863228
1,1812,32.42882281705646,25.549287978295894,9.977832267314673,103.96865092976671
1,1813,6.564154182253979,6.012422599093554,2.870197800782159,13.490983384628715
1,1814,14.355056075976137,12.874984457411072,5.723147674902612,31.865610730765304
1,1815,68.7185473346089,64.25104650084029,32.01450939448046,131.09541352809566
1,1816,2.6479742314665993,2.2343933271831355,0.9099944157633463,6.843141342218892
1,1817,32.66362157951086,30.176323774845923,14.124698897614676,65.37724783021885
1,1818,1.2814553955965327,1.0892895871997847,0.4825388252125297,3.2432153855250103
1,1819,55.58468170745544,52.10542599785657,26.371842281443968,104.76882777747367
1,1820,8.710279897219033,7.894924022225859,3.758206321902354,18.47725223434962
1,1821,299.61620924466104,262.08199628719717,85.60610914505678,726.7719956644269
1,1822,311.545010846149,284.14851560321347,99.96074022785609,679.3101851701603
1,1823,21.607606630482515,19.793767074040222,9.234466865520522,44.24327491234756
1,1824,665.6716761024395,601.0877107940886,206.50544409757745,1492.4758608113652
1,1825,3.325155722615255,3.133506173755743,1.5772316296369073,6.164135285856999
1,1826,12.400493719424187,11.152499675600186,5.3653364706382884,26.851308494568357
1,1827,2.384152915994092,2.1400142667987634,0.9368758474083417,5.27212494076553
1,1828,1.4038813830396843,1.12676951482173,0.3151401021324698,4.134194843915959
1,1829,2.4981879094969237,2.1510593223485497,1.0253670564549093,6.016231145667488
1,1830,12.74645968457023,10.784043825506183,3.3190892117957724,33.624771148273894
1,1831,42.89930684671686,36.1542656984338,11.17862019998018,114.4871275101104
1,1832,1.587230126289112,1.485361716536997,0.7301107302591207,3.0350539448820624
1,1833,4439.454163608451,4247.65013972381,2164.160200387473,7829.695226218159
1,1834,39.440202807511476,33.27135632772292,10.30948279543593,104.75051220733833
1,1835,1.422370447256443,1.3290100551806652,0.6529567949738353,2.7280180843414787
1,1836,3.784838833995092,3.5128669604631355,1.6433774631769609,7.491839319623134
1,1837,8.340509446271154,7.780210378679266,3.772124468124641,16.175858898004112
1,1838,13.551777202456565,11.408328803136666,3.5116015248411956,36.23199727194918
1,1839,2.037253304491535,1.871461960581962,0.8613743195237827,4.184219890403111
1,1840,16.396576527915354,15.204226439924913,7.183003559127108,32.46816411763317
1,1841,9.779154822623381,9.125839486565773,4.3729803802315566,19.013869820618506
1,1842,1.7787796968865974,1.6496315071619325,0.7819580306948435,3.516136806734034
1,1843,2.2432152405797634,2.0640150862784923,0.937676315248056,4.584950751106762
1,1844,73.99361258334925,62.57320944254751,19.399599509513116,194.99914951014395
1,1845,2188.8878452834465,2077.492443270513,1024.336366862299,3999.666970377559
1,1846,2.7902042108023783,2.5829030947746454,1.2312819591474489,5.540815608753486
1,1847,1.563153972544476,1.416598076326144,0.5901992585763136,3.3722839744417388
1,1848,2.2971946509496073,2.097366294141101,0.9290398361761606,4.804455019020185
1,1849,3.830078962254482,3.5501817646194684,1.6863452224509403,7.620514603941122
1,1850,14.142614211756063,13.124428610808764,6.227191078454244,27.903687695802144
1,1851,0.04031403132424757,0.03784474103732075,0.018617694218202283,0.076369032943244
1,1852,13.781370897829682,11.575118225092623,3.5380420741662886,36.95076318095455
1,1853,15.847669476499112,13.15105704280603,3.9236752049042685,43.82088956169187
1,1854,11849.525382165082,11330.301423172488,5806.561719144051,20783.04734728587
1,1855,2.850524472598498,2.6536374533825686,1.2875259653978257,5.544210632634405
1,1856,146.94107138809096,137.13651661160372,59.93754842451835,288.2866619947106
1,1857,60.423176976811206,52.68848636453971,17.05657130517549,148.62972224658802
1,1858,1335.1402383160164,1261.7731219454215,615.3199226759773,2475.8639009559233
1,1859,2.7511034056875343,2.5343044818266813,1.1871553333407525,5.564334157367158
1,1860,927.3083987368742,853.1467253236358,360.27737443505384,1920.163705449551
1,1861,7722.752721534754,7333.412885434772,3629.7313753441676,14053.812372764232
1,1862,777.4157265542798,736.048408176003,336.49118217897455,1445.0383633681113
1,1863,56.599084096784146,47.96546668166057,14.81333967569059,149.44496555975127
1,1864,60.34364252728039,51.01873741509691,15.920824236582622,158.98291940798183
1,1865,118.99709266868781,108.11264546619987,44.085167544339996,256.9128875318036
1,1866,314.3147781920153,272.62778888966614,87.96323154039712,781.5290923999497
1,1867,191.27640011166443,180.24151826486053,82.70664100911861,360.4094240571429
1,1868,31.38004503419706,26.54137449725346,8.249260433992596,82.87540917956869
1,1869,17.378994670365987,16.145379351911988,7.736083791525114,34.12121235622402
1,1870,342.37791034110506,321.2991981452716,143.00768399391023,658.2169749002086
1,1871,2831.9027073677616,2669.667767371586,1299.7648373120435,5287.601060494705
1,1872,32.590002927158594,27.528858603144457,8.553715625336533,86.11208520433397
1,1873,1407.477555585023,1339.886381877017,671.8504721932502,2533.1458692648844
1,1874,126.79204065146176,115.69079607610223,48.025815403170554,268.9900382834917
1,1875,2.1863911587663876,2.031642050468695,0.9592243401026191,4.328142795243188
1,1876,59.43243995423179,50.12627862845325,15.393726562971876,158.95510934079908
1,1877,13.028609748444248,10.914660775786423,3.3081489211505315,35.264900437404286
1,1878,28.85221244574066,24.76783006403047,7.769511483449377,73.71409346995914
1,1879,4.850404640782036,4.367542219989745,1.9113127219583204,10.58613230470287
1,1880,0.7784025449541467,0.7184642518572475,0.33083100663312176,1.5789993773712845
1,1881,5.738160641327589,5.351458075247804,2.5739132806053626,11.19144149560145
1,1882,2722.0240528240784,2537.1772098082242,1112.5499292946085,5355.751552282395
1,1883,2.9426886389749987,2.728986631655279,1.295072602758907,5.81868697389577
1,1884,6.341545435006971,5.282360361910161,1.5934825766105565,17.311751405389785
1,1885,36.14770145237453,30.440815071147433,9.352723910239826,96.30975902942629
1,1886,309.5693110210007,272.0139640794135,89.01775770172124,742.1858669486887
1,1887,15.268261960996133,12.786797009661345,3.851470013226799,41.22053580047118
1,1888,10.779082527170706,8.90581692198074,2.592327619961366,29.94326410905025
1,1889,218.0881022854187,203.2572758836513,88.34170765742364,433.7220990499635
1,1890,726.9693132092664,667.0940152422457,279.21717492026784,1521.3300725608142
1,1891,5.746846336068179,5.265817879590554,2.4328503640513106,11.867546840692912
1,1892,0.6663300855695459,0.6112037867873561,0.2801374376669513,1.3682129192419081
1,1893,40.05678721760723,33.844074502333775,10.428742047218824,106.30713630740708
1,1894,8.664352534571359,7.169487874612846,2.1163080639130585,24.036039254106974
1,1895,0.7700527798031547,0.6531127019026681,0.2758064782906401,1.9626079022900988
1,1896,4.5559090735977135,4.0920389625446525,1.6366372278142696,10.144290099239694
1,1897,2.179677474605263,1.9806412942388496,0.9016004124672853,4.609554351775384
1,1898,0.5784584041048916,0.5267027855925629,0.259663517569447,1.17623510189992
1,1899,3.990643139175718,3.6166348814426508,1.6039842295109132,8.59964374213414
1,1900,0.6942966894015437,0.6526760865961925,0.33021236232804785,1.29593531873422
2,1801,144.78885947603786,137.19416550787395,75.3718012175469,259.02405047571534
2,1802,98.90448091141006,87.80696015901364,48.56418205220378,217.53365425068893
2,1803,409.4928683726367,388.0348802068689,218.9249205154106,721.7726395171064
2,1804,9.133797922742916,8.760927488849958,4.551240517805647,15.843878702467821
2,1805,3193.6760223793017,3106.430072427049,1912.6214273242415,4965.352787520336
2,1806,478.5327131458086,451.33061389582537,252.6908184652454,861.5749722460993
2,1807,201.28690383746863,189.80127500804736,107.9799801589845,362.05325924758
2,1808,41.36061828471391,35.642341509017626,19.24450592362264,99.14049185868329
2,1809,30.026657798469603,22.806502401192123,6.9360826047233735,96.47702206270559
2,1810,34.75359202476143,29.74924304710649,15.412297346538995,84.7056790880473
2,1811,614.5897390144629,575.4432936758969,319.13719387082006,1137.4565673214013
2,1812,87.11000003931737,84.71706165248057,5.4482023559935175,157.40944251637623
2,1813,151.63594831772974,142.42435012655574,80.77602971133689,277.13150416503214
2,1814,251.7554881432019,231.05792566463248,120.80101289422446,501.9988855212275
2,1815,464.4269840825512,443.0803516797879,255.21716370825757,792.677017492957
2,1816,45.81519166295427,39.44285917000431,18.558487892859,111.34132386380318
2,1817,717.2859418483237,680.0636583273422,376.40341649356503,1272.4743878284296
2,1818,72.73934265763313,62.920828465756145,33.38032270360878,173.47948521426045
2,1819,244.04261722775675,232.26602770472243,133.17355926288732,422.55299001005386
2,1820,131.27303421499937,121.26413385826883,68.18246664260259,253.60923434174697
2,1821,2615.3357850379757,2556.9460449435237,1698.472489097923,3867.0625856147976
2,1822,1131.3090325376634,1106.9385005548481,686.3556278506904,1713.6134641041324
2,1823,285.2663769155537,267.6944853097636,145.32781920449878,528.7099611761643
2,1824,3104.500917254472,3050.78912005835,1968.2111760384917,4556.026101977522
2,1825,63.26643002121771,61.35747549267816,37.08851687492987,100.32227233314758
2,1826,112.74251913012091,103.14684562535594,57.92419450886253,225.80234867421558
2,1827,451.000425747876,416.0044382723804,214.10479148768144,893.1154916799808
2,1828,243.9295841847479,226.42980258286116,132.64743579308328,458.25071715310116
2,1829,30.018798841452963,26.27570834639672,14.7509977534476,68.5105304346704
2,1830,773.4749204848188,756.7613267562463,530.7209955936272,1111.2430276629177
2,1831,5891.974593266622,5797.4240870642025,4116.2909908255915,8192.555048633785
2,1832,515.2071930896059,497.19514358561935,292.93762475080337,841.5263419851333
2,1833,23873.385001275536,23569.821801456965,16951.45364090687,32410.18070885046
2,1834,3263.979694623874,3211.2195578680394,2264.8896283335707,4566.757237553757
2,1835,792.9896108318377,764.4152390754887,452.73735216658366,1292.5990227490431
2,1836,1240.805980149591,1186.4082574243694,666.9713455369983,2126.524621662841
2,1837,1785.1248082072648,1716.286779616516,994.1614989084502,2966.8267411966185
2,1838,1175.0796898600988,1151.1858461345498,797.4306998114264,1688.1369616860288
2,1839,583.6038935898822,552.4676857798346,306.1655515358145,1040.9700904409376
2,1840,1308.8690555355909,1249.7501747579176,699.799826410779,2252.3395831589464
2,1841,2092.838686560529,2009.7032930249302,1154.8237065315927,3497.9694006518944
2,1842,718.8414442127386,687.3645915897433,389.5046051692337,1224.9519095789224
2,1843,871.6827971267102,827.8955444399323,453.96274395542446,1540.7231677925672
2,1844,5558.993905847044,5476.025940894504,3887.560547781545,7725.905865667644
2,1845,21656.649150752117,21393.085260340013,15564.36886986854,29286.462771458584
2,1846,516.1364070104461,492.8521765909816,278.9214434763532,888.869827361971
2,1847,1132.8428406283417,1071.8819034217101,575.7914277191683,2041.8250483347558
2,1848,1029.2940636084884,966.0658624203832,507.0021502894935,1923.929808668481
2,1849,629.9342850082745,600.1619922544228,340.7410421034746,1092.9396521491465
2,1850,855.2707146335146,817.3271827124258,460.2856759681491,1468.0694518697585
2,1851,30.87028197236442,29.921931587473487,18.07176190202438,48.97307098536337
2,1852,972.413513998123,949.3062764290069,639.6443193336427,1436.0952933128183
2,1853,2161.6637396591195,2086.666850537961,1346.3794765515183,3401.0238077471795
2,1854,62432.77745798036,61721.40204076585,44517.16779629411,84637.38034999574
2,1855,227.82821567029896,218.45143513733748,127.36681386853063,381.5436830625428
2,1856,660.5033332603723,643.3091627559036,427.7770699333129,993.2315624317722
2,1857,669.2513577027255,656.6516974268638,456.14187297424604,953.4864158243333
2,1858,18490.645324842113,18273.380926583726,13362.567383576717,24869.508862429015
2,1859,520.8506161732298,494.033732470931,275.33912733920954,925.1935714734062
2,1860,15396.746350999363,15214.063940892605,11266.801867525488,20516.14175226429
2,1861,69842.93996816063,69024.90694927085,50067.27903185897,94094.40425068283
2,1862,2736.4473086300427,2694.4266776136583,1817.4318351812085,3907.231885109529
2,1863,3224.119936440931,3170.9331547022493,2238.0469670176776,4512.786650623713
2,1864,7156.305735632266,7069.503406981422,5140.997859871517,9679.153764944802
2,1865,2625.54007598196,2567.713465554866,1753.0426389810611,3817.3468511054625
2,1866,4579.9811753827735,4517.3852703438815,3219.1311054278503,6294.077118643606
2,1867,513.8440376731561,498.59287133443195,308.3386455392859,807.4475193907189
2,1868,1742.194964715652,1711.1466225886006,1202.3033682480655,2464.0131239687234
2,1869,1020.1878662884951,975.1054179175921,553.6257280526881,1735.0791735099137
2,1870,1410.438320985185,1382.005322943918,921.2191717833379,2064.6281737378395
2,1871,54714.58748345725,54097.23652693008,39652.85929275529,73329.85702123164
2,1872,2725.970364527645,2682.277715413883,1890.8162484642316,3812.5366025470125
2,1873,8967.093031741635,8839.94720812251,6259.163184637331,12400.730194454234
2,1874,3392.5460089056683,3351.8929833911816,2465.2257822551132,4557.970447220565
2,1875,1422.146441187997,1369.5893352761755,803.8916393547369,2344.175678749516
2,1876,3881.4247050010667,3799.4632843388,2586.608618246984,5647.474191394232
2,1877,2273.7500558468555,2216.689863386202,1505.1722649209028,3356.8675081201513
2,1878,343.2962685685443,329.82498293192486,215.11757878383406,550.8453454418345
2,1879,297.8182294920154,275.8071794749743,140.05604708650083,584.622793275944
2,1880,465.998715460712,444.03069050524346,246.5278120864068,812.8279742501024
2,1881,1171.7564868700138,1123.8090157807344,648.030954783357,1973.9519812394885
2,1882,20065.212328361595,19830.567279016086,14455.29030754554,26980.83551329259
2,1883,1390.8525849677242,1332.2124662765568,756.6077933627316,2371.7816420318422
2,1884,567.6256012774801,547.0934460982853,363.3189382229065,889.9353620148332
2,1885,2262.6978077998783,2213.4533460320636,1501.0481956334759,3300.0610865224767
2,1886,2897.646512212975,2853.0219667866804,1975.5126574012404,4086.3182527017184
2,1887,1188.358810640276,1155.8419487230121,762.2277184423986,1800.4267559393595
2,1888,1373.5030147577088,1328.2679108858324,848.6254161340763,2150.646398971737
2,1889,1241.4024813942017,1216.2931780255371,829.8305213273134,1796.4134310053018
2,1890,13379.159121461089,13230.382856744734,9735.501114493463,17864.90711990711
2,1891,499.30510491533227,471.20323969374306,259.4190946733122,903.0104345310486
2,1892,242.8424676651667,230.28220541300374,128.5944819000636,428.4439926324585
2,1893,1916.9555761616948,1881.0908702414276,1313.152554218296,2729.659854292112
2,1894,506.8813513795295,481.0315010324915,304.34380863144867,859.0375538665628
2,1895,133.82028683768647,115.92928412030892,57.435075922600866,318.80504370412325
2,1896,176.00107960726348,171.5113796881147,127.14670534632661,244.55716597271498
2,1897,280.4549284273853,261.7224539127285,141.9796890998262,528.093019523867
2,1898,130.75601621844604,122.28886863629478,72.97037939173624,233.72471971248743
2,1899,601.5526139801698,560.1567564038163,292.77010131378313,1153.9298825716066
2,1900,104.27144778457814,101.1367945881737,61.9996254696365,164.20214913281737
1,1901,3.0292464874838005,2.721773705754576,1.2137047167361283,6.672692654967759
1,1902,32.87470467610707,27.896747811455626,8.745561616930635,85.80476349119566
1,1903,61.924536375693755,50.82947447925538,13.458602195229716,175.0320168872995
1,1904,15.593470242523537,13.123924488948958,4.009337246811316,41.76484989181898
1,1905,148.86661568467022,135.39826141261932,55.34608168852894,319.13170744218036
1,1906,21.962450543908986,18.816886974561815,5.9370115124186595,55.99064613327672
1,1907,15.871377976374433,13.72814761545458,5.556621630010846,38.93339657142175
1,1908,2.1142907350564246,1.9609949838223002,0.9184645330037233,4.199303104627359
1,1909,0.7040410835152038,0.6535098708531183,0.31404412548852434,1.3813331760886627
1,1910,25.126204798204,20.90269857668318,6.026373717691657,69.6435587887157
1,1911,16.493557140826343,13.801043290022204,4.139163180755888,44.42742290047977
1,1912,1.608871540916519,1.4472585805552765,0.6376407935629707,3.518535776974505
1,1913,0.6867303458059001,0.5777951506565473,0.2572538604558151,1.7857744361685841
1,1914,0.6183364817503669,0.5814135898127705,0.2899532188397189,1.157508891279233
1,1915,3.1223238449992152,2.91379005945466,1.4157320466923566,6.034295747257979
1,1916,2.3501248787308437,2.174356438503358,1.0345969016657661,4.677951357210361
1,1917,8.294493929597381,7.731796259305899,3.7241991714668057,16.144924598221127
1,1918,84.81162820200838,72.18218242019482,22.68809861267995,221.22431407828606
1,1919,70.96862457661953,66.6746162184583,30.249720695756253,136.20858396887235
1,1920,9.187150898585992,8.335284673324136,3.6609041518002345,19.71179757237505
1,1921,44.05136524185218,37.222032139143124,11.435176161593828,116.70718290517183
1,1922,18.02618022068767,15.394245386663407,4.8552013796249,46.62460437326357
1,1923,5.420583692650184,4.909508083641396,2.1939869570935104,11.634441962061953
1,1924,149.57826070855774,127.60955350729583,40.13610646541275,388.80420981089134
1,1925,4.4110435638623855,3.554437657537548,0.9048807541408216,12.97077884712339
1,1926,58.65316106231895,49.24856811258777,15.020893889854726,156.75962024132673
1,1927,68.77084817294869,63.345046644747505,27.0279554168808,141.4027469747679
1,1928,484.66954364021876,454.1269365342187,200.80739754670293,941.0926648274383
1,1929,7.83995066813069,7.274364736483314,3.152803362063555,15.723905653373835
1,1930,0.12161140488514137,0.11138931815072312,0.05387670497447309,0.24000641982162754
1,1931,6.933239927261838,6.402592830114326,3.0616247195183743,13.82736528192103
1,1932,0.6021803202644059,0.5604478645930644,0.2737259934922503,1.1693700659203048
1,1933,329.7893329440587,282.52435890423976,89.84190328344832,841.4630615319091
1,1934,2.354293031011646,2.169465501141082,1.0244348900252245,4.761903102689085
1,1935,13.910013397348196,13.016571890186693,6.367910741371347,26.572804559654337
1,1936,4.764294597574024,4.231497890733323,1.056499480416917,11.581615343232583
1,1937,53.038004518849434,45.0114436933005,14.023647823190249,138.50474862791603
1,1938,2.945249007438969,2.640207234944553,1.1101505169107946,6.5611222805014595
1,1939,18.05957452249489,15.580607467737007,5.029038605011641,45.4517682069518
1,1940,0.1471240468084022,0.12514300467144407,0.05786472426171872,0.3616334424337384
1,1941,441.40117366638424,416.17543740218514,189.08200382027647,835.784598483069
1,1942,5.6484133908119425,5.106335970670305,2.2204338548955196,12.247641026230292
1,1943,187.68099987330532,171.68978929123656,71.29509621006679,396.8364615450983
1,1944,0.6767799798370071,0.6065984842205085,0.2621952795598005,1.503493644755412
1,1945,5.022063752719692,4.61870356886075,2.1511642150460903,10.177393409631957
1,1946,2.185376702819179,2.0056246201962544,0.8797523987760039,4.533763817860775
1,1947,36.231832211682644,32.00044862176988,11.339893807193173,85.78046441559714
1,1948,7.384056525726747,6.794815213555337,3.1340487081098556,15.067865600846138
1,1949,3.3123843494953,3.0126688240767683,1.312589249504028,7.032761659050091
1,1950,14.616876515220229,12.342034942040957,3.7637422331758947,38.80399089363152
1,1951,1.9116899073031415,1.6943021756146008,0.7137938655508368,4.386747121631861
1,1952,3311.349417464532,3160.847336625749,1595.958730299207,5870.5002032603525
1,1953,1.4424204215233594,1.2400193775336907,0.49139768975934806,3.6004729599302823
1,1954,0.38792777432665787,0.3414939479437811,0.13981316668509539,0.9105453329550326
1,1955,65.84261653655196,56.173538386671126,17.613229388808957,169.5284108762959
1,1956,44.1381225047326,37.20766070565354,11.487063130785419,117.06947613612921
1,1957,55.00293111844764,46.326500602722476,14.093808100620858,146.4723920738108
1,1958,0.7085909319252656,0.6356590386680533,0.28453403543928263,1.5583081806160997
1,1959,62.87194425438427,53.52975512980179,16.863887720867222,162.68963029813733
1,1960,25.57333939816875,21.4162241606053,6.417636750241804,68.93978752719131
1,1961,0.457899331813912,0.4002084957686375,0.18098779563178438,1.0826411367684896
1,1962,2.2548689992839237,2.0630692508345536,0.965066779269021,4.649859037765141
1,1963,12.989250963326011,10.762578106199639,3.1986338044546794,35.60743442829574
1,1964,0.8167925545321841,0.7677945658823365,0.3836283806077015,1.5327386078257903
1,1965,13.350996354867558,11.217202451899995,3.4050319717150663,35.74043544335475
1,1966,101.84170087591514,86.38490571883067,26.701650996552328,265.8688584252622
1,1967,1.0289497572340018,0.9477895891417816,0.446897617932988,2.0845662855521776
1,1968,59.01152498235917,50.43125695267176,15.874165512783064,151.89368746781696
1,1969,1.1453153073573668,1.0537139663657116,0.5072078887556754,2.3085072721105333
1,1970,16.845480562227813,15.793355602461698,7.771002897550605,31.965271655567438
1,1971,9.69653712526419,7.9943408244643255,2.371904140500819,27.017701018283436
1,1972,99.9142072593572,90.93000405029017,37.36748894845593,213.38286610337846
1,1973,1.767248787978692,1.6186604894067407,0.7139775290141324,3.680182116336722
1,1974,5.482917655403471,5.03005525964235,2.359008585320599,11.265190820691156
1,1975,1.2547374265659799,1.1494552028369442,0.49899315709933006,2.6405216566815435
1,1976,1.8644475346493277,1.7223764622199296,0.8107347178404514,3.7468540473817327
1,1977,18.532551474612923,14.836831645853241,3.045897400346288,55.64356485824639
1,1978,9.668271424537737,8.96975662530819,4.260561778978625,19.17292392328789
1,1979,0.9965552096693183,0.87259203941542,0.3792364817905789,2.3457543734974413
1,1980,3.6038199472311465,3.2877828109409633,1.501803133338935,7.566276635070834
1,1981,0.07472381935227719,0.06973994293305141,0.03333687175629448,0.1447178460919763
1,1982,113.28028258779662,102.2442310257979,39.21026644498504,249.9252484755773
1,1983,1.2547773353505705,1.169973461946939,0.5738979752676303,2.431720007785982
1,1984,4855.007345239359,4670.057996347006,2451.443386419692,8291.487297790081
1,1985,0.7586527506582054,0.6850964009967786,0.3305936862174281,1.61400870318453
1,1986,2.586519075285819,2.2580498655194976,0.8832638121382593,6.237381262015072
1,1987,9.217191924930106,8.484574357698978,3.8837420929233484,18.783745720728017
1,1988,23.098547048452833,19.195794120391383,5.7456391995044545,63.108578052265955
1,1989,2.0010703711242974,1.8388952410239756,0.8280169223538618,4.116279041242503
1,1990,2.1122254150804274,1.9255341836957984,0.8477932596490061,4.468454552302367
1,1991,2.1036065584927073,1.715690323801077,0.46623335772168273,5.9919856604819
1,1992,0.3448546333756438,0.29321306855683765,0.0,1.028660826673061
1,1993,0.028292932501197115,0.026449710866080542,0.012893272328096176,0.053958741301191195
1,1994,0.451619405523068,0.3887223883539408,0.16962130396956568,1.1202625472626508
1,1995,0.013506508347084566,0.012099624770536116,0.0,0.03483392152133483
1,1996,0.011228855163813885,0.01050777649890184,0.0051187339046719574,0.02138773696322973
1,1997,0.09339695336584046,0.08789811900491318,0.044159877725889016,0.17353228605875878
1,1998,0.013456957577695708,0.010757614950632054,0.0,0.04307660505011671
1,1999,0.04079595536413185,0.03816068169928878,0.018488085970680662,0.0782884431361548
1,2000,12.329095334818335,9.821443566460408,1.8285587537084718,37.2674650708017
2,1901,297.97987919606857,274.04545035151347,144.3982812240295,590.8786207521915
2,1902,1600.405947445538,1574.5865518571193,1129.540299594789,2214.1420203434477
2,1903,5455.430393898535,5365.769436169399,3749.997309351816,7679.3455075192405
2,1904,1050.5184814515026,1024.1916908154021,701.8401491413282,1555.0401739702831
2,1905,2875.8874880245494,2816.3466051247783,1957.5898099931449,4133.419731346509
2,1906,589.5186667882913,580.8525711080724,423.560770235591,805.0598224486573
2,1907,100.57841958592591,89.51651136492964,56.94786003342022,212.9807674605742
2,1908,705.251822077676,677.4298214022006,393.98511839696647,1176.5283638179642
2,1909,151.70000251376905,146.1891523773092,87.79887499999501,249.20171228661184
2,1910,2338.5036538836757,2294.1168360542406,1599.517076679976,3326.8701107433326
2,1911,1220.6663469851167,1185.2852631531296,783.159385778298,1863.8036140949382
2,1912,381.5311748070763,353.2502129506978,183.08771977979606,743.2576510657385
2,1913,116.80966197179815,100.07207937428538,53.125150784770014,287.33142492125546
2,1914,60.35962889234934,58.50245185375158,35.55517711033933,95.91274296249807
2,1915,757.5830839403942,727.4626164948733,429.22853565515766,1262.430048416237
2,1916,450.84312129281193,429.9440843122803,248.52762973678634,771.7345640111156
2,1917,1214.9165780950138,1165.6585274845017,673.4525888211488,2035.6933809138216
2,1918,3485.923138744367,3438.6106091695983,2493.409273846032,4750.536821032406
2,1919,231.75478796241566,224.5413642292029,146.6573536302323,357.8527242736146
2,1920,671.2591145709187,625.6762250757763,320.5803184520633,1288.0091986994598
2,1921,1982.3896177183008,1944.3425325145931,1365.280761578168,2817.791926920049
2,1922,351.89044788298423,341.4601648038165,237.37749243225616,529.8797071700651
2,1923,599.5443837794953,557.5614135965643,292.72762702511625,1152.0136814882455
2,1924,4893.838230216493,4824.945953059171,3451.171600086246,6730.534643769553
2,1925,685.5008093425448,661.826912689932,426.1457230891638,1079.5765868442024
2,1926,5024.9235709817885,4948.783434467556,3541.208736633935,6953.944065149313
2,1927,593.4479168718025,579.8111820390556,410.81966832859575,853.324216675999
2,1928,2565.9745771254115,2524.637512022268,1752.9600487459325,3614.1587623508285
2,1929,71.55933004272832,70.72175559566983,51.57857608470162,96.22044740175244
2,1930,45.67302843038,43.197299891294556,25.875132768112234,75.66317719221475
2,1931,555.5415053221022,526.7842928016539,299.6379705958936,978.0729575531288
2,1932,153.83791936578962,147.55179728355512,88.24692175024947,255.38921358242126
2,1933,7231.73241214559,7127.190407207601,5083.90849160081,9966.818271248969
2,1934,362.5371347459207,343.4889624690015,197.00977901486846,637.2502972075142
2,1935,1089.6608702626286,1048.9038436498495,620.2402986483286,1793.9248138375053
2,1936,911.4509596494795,863.6726884945476,469.1838413264938,1630.679158161635
2,1937,1858.9412742529043,1821.4085402239193,1250.187192635618,2677.1788692383934
2,1938,431.11758137350307,397.97810398737977,199.16404658572117,850.7808583973614
2,1939,312.1706308965051,306.80045095548843,225.02757584012156,425.7118783400424
2,1940,33.78597684451218,29.330091107951773,16.50517765033282,77.68188371126257
2,1941,1678.2080418716293,1647.3451750553477,1115.2416842914845,2418.058263247329
2,1942,736.7639468249649,685.5142145411419,348.95854953924487,1419.6286642272883
2,1943,2290.1865378495418,2230.372504925982,1544.3937388181039,3382.1363601651315
2,1944,129.07037660169263,118.92153984154885,60.552757485950515,257.24281352072893
2,1945,631.6365395044083,597.8553736288077,332.6767510371649,1126.5239289134017
2,1946,661.1895957708944,630.9124405544279,354.3453520261694,1138.5525649914134
2,1947,1382.314499900426,1335.3373106643794,881.2867829730842,2151.1789972889064
2,1948,555.9391944016176,525.9060002676227,286.13849204905455,996.6886871751664
2,1949,851.4847044002914,801.4503917843087,415.3682929218599,1580.8097095730595
2,1950,252.33545128766568,241.14329365710856,155.96243017336883,414.9382465950543
2,1951,307.1261486234642,279.65784046599777,138.19727837967054,636.2104239323783
2,1952,20065.276443644703,19815.357062585976,14277.727626739897,27248.301745794713
2,1953,240.4924960337321,211.3649898869856,97.62126991654416,556.497827441051
2,1954,298.76110520556307,272.08019783878206,140.23834036720592,613.9258278709652
2,1955,1392.4364495492073,1357.9282205428303,917.2484601809197,2065.375297462364
2,1956,1225.6664704784832,1186.6502676841005,781.5704292401184,1894.1773276355837
2,1957,3873.9192018907565,3794.920057622863,2616.499785739279,5558.441144358049
2,1958,158.41395220125267,146.02256694392423,79.95800412530984,311.75930815137104
2,1959,2050.487699502067,2015.7228981500652,1449.1852801088423,2849.201789019416
2,1960,2081.3674345918935,2047.4819141093649,1452.6103546609156,2892.38139228791
2,1961,112.23875584867744,100.36131609648905,55.15250017911625,242.434850863849
2,1962,361.31742906031815,339.73737629644575,189.55270974879923,660.64637393776
2,1963,767.4858463512825,738.5910151757774,484.1076995207944,1219.3129665961587
2,1964,70.01801291002701,67.83794895547044,40.8602691933243,111.40395986276685
2,1965,534.6993849753694,517.6060514364594,340.3566010123047,830.1336460988668
2,1966,2810.544166327957,2742.178080449302,1833.0921449981156,4172.831217811368
2,1967,176.42561389790308,167.09583634271817,94.18447534296392,312.188050598421
2,1968,1501.1896555746562,1472.272326921645,1030.516682377481,2140.1543862249587
2,1969,279.0984894050922,264.0968798148798,154.23909623351113,493.1522604611869
2,1970,823.5708058088632,793.6411214481451,473.595271879888,1341.7901229350155
2,1971,905.1068796090724,864.0067317556584,579.3661779788343,1473.3371541281222
2,1972,1776.9703710168708,1739.3291846031486,1217.0919424999336,2554.1958623426276
2,1973,793.6715547024486,753.8689470129827,417.58867201396407,1398.426705360853
2,1974,563.8018015711724,532.3116294481606,295.9603691338662,1015.1159377994494
2,1975,323.48944468566975,307.3530536578987,173.16768280378744,569.54023999321
2,1976,551.263601774837,526.386828343259,303.7840382723748,944.1958767763401
2,1977,619.3507822451791,595.5904123643052,384.1980746866295,987.0743601075764
2,1978,915.0416591246823,874.1041313561154,491.880047602656,1573.2750222289014
2,1979,139.66496179025327,125.05373817703672,64.40724724226143,300.8181349168788
2,1980,392.5877216627906,367.82180016483164,198.19994332954366,730.1668031018206
2,1981,21.404638913362962,20.716191281430092,12.228917747504115,34.58297319495426
2,1982,2354.3530329854416,2322.66337221111,1692.6061556714142,3206.5697546351144
2,1983,249.28982088487015,239.41576331777037,142.7282509243812,411.7469036366024
2,1984,17696.76691919506,17457.298466951484,12314.722729830786,24400.51813749766
2,1985,131.38972767031566,121.55752389513307,70.78931301640958,249.4266576782159
2,1986,244.09853602444406,218.68898349960318,98.23053422183914,540.8695486747425
2,1987,887.1210638209428,839.7668697758241,457.0521371639162,1593.9968739528094
2,1988,1351.1209814178594,1299.7029927557455,858.8891692864141,2136.3879187645052
2,1989,525.5116213230646,502.17115535094433,291.0463067074084,891.6752310675543
2,1990,1337.837095425075,1265.5330763955026,680.8094922495839,2418.8404372254927
2,1991,349.71828488878776,338.0820909843528,233.42259374800167,534.991935114988
2,1992,140.63647389193235,132.58354323860723,75.76674304831559,253.38247096864447
2,1993,11.750971409985688,11.382492766325063,6.91880432836929,18.67188489174616
2,1994,84.88251573231855,74.57745124982904,40.16502271856797,192.05368626219914
2,1995,27.524665825512336,26.71959417908332,16.400190188387285,43.267375746904456
2,1996,5.222527863200794,5.048376794427106,2.9696102971684053,8.436888186431743
2,1997,35.767265620918174,34.7093153114281,21.27635184763707,56.1963374778831
2,1998,20.130898136406067,17.25116068810392,9.819882505871828,49.177881678554805
2,1999,11.285220458897447,10.928031237390638,6.633874672599639,17.929669146316744
2,2000,1010.5292106770851,984.8503192963279,676.9863918616865,1490.7482170675266
1,2001,47.496240084927585,39.09499643530454,11.089290600460714,133.1521673290808
1,2002,0.09189934775739857,0.08160478566490836,0.03118313775767006,0.2033016830754985
1,2003,0.03108578187394322,0.02478094615894883,0.005166756421253038,0.09465718137568194
1,2004,0.009421767761424924,0.008034804924203076,0.0,0.028725187916715376
1,2005,0.045955127042290114,0.029654081383024618,0.0,0.19307870390118084
1,2006,0.04700458446845103,0.04411798782936358,0.022001326616785784,0.08860446669911141
1,2007,0.021118415271819443,0.015829471904990497,0.0,0.07719079311963419
1,2008,0.011030190715771547,0.009831521717540422,0.0,0.02895315649148025
1,2009,0.0012973365905210312,0.0,0.0,0.007068804637754348
1,2010,9.7298989519068,7.901313108667345,2.092748897923083,28.044768303838453
1,2011,0.007922466474321944,0.007233513410751324,0.002260798428044491,0.017524613797718868
1,2012,0.015125085684793916,0.013819999259337034,0.004539147990195313,0.03324052702436242
1,2013,0.04680714980609427,0.03344728823978331,0.007807714255383962,0.16320947196452767
1,2014,0.033889545541021825,0.03150271154316332,0.01445859044172358,0.0670220448355471
1,2015,0.20373513007463637,0.19126492858589206,0.0962072774722813,0.38116120571808193
1,2016,0.017090604744773356,0.015864608456425254,0.007259619373446432,0.033823221134054005
1,2017,0.38282997728537144,0.29596625914859553,0.07935584229040309,1.1610936570684807
1,2018,0.043813628702484196,0.0410044496059585,0.020136829942557166,0.08403554071471986
1,2019,0.44391680747370355,0.4154787129351548,0.20355432367792556,0.8458059129614421
1,2020,0.0785042478015713,0.07151750517030384,0.030524881881350167,0.16805076712751638
1,2021,0.22428855578323365,0.1806115197353101,0.0,0.7080183272681906
1,2022,4.66511796506292,3.878347015462574,1.165173084708718,12.800805883507524
1,2023,0.028623206989209463,0.023020228095153854,0.0,0.09528896798521294
1,2024,0.04203013682653326,0.036097569862506784,0.015820149347129286,0.09970560942364982
1,2025,0.2187781052249888,0.14792288644414925,0.035275458562653614,0.8293340890191144
1,2026,0.048175853649458096,0.04229459877120928,0.0,0.13626543580479217
1,2027,0.10770586360810525,0.08299095436784278,0.02861237184275863,0.335541519710738
1,2028,0.0325374139768237,0.02939407614362837,0.004768632867185703,0.07759721516935637
1,2029,0.06905296366774416,0.06399784094308786,0.027403928996908196,0.1402891676839634
1,2030,0.027464045291716706,1.5796969356234546e-05,0.0,0.17331992773347726
1,2031,0.1921715737635401,0.13650644561457093,0.009856965945407144,0.685039488986925
1,2032,0.027655884462060375,0.0,0.0,0.15700604346320465
1,2033,0.28253207725019386,0.22908600612869875,0.08319694949688339,0.7915924077058282
1,2034,0.019644572930166634,0.01797308728357728,0.00591988991021699,0.04304632769653679
1,2035,0.07819338703539336,0.06509235327111713,0.025268280937421554,0.20898790204559065
1,2036,0.009825484669806761,0.008738614410602183,0.0,0.025578985355096565
1,2037,0.4439758757051334,0.3886046445701694,0.14713632766576262,1.0721241022001615
1,2038,0.12860735085401942,0.10394046154501566,0.048440999185824514,0.35547257091644696
1,2039,0.8625364876796642,0.7357797180298633,0.3301866848433593,2.161034627937813
1,2040,0.008380051521698793,0.007438503266653011,0.0,0.02248251612014151
1,2041,0.45231220250945675,0.40259373770818474,0.1791489907835895,1.021651606365109
1,2042,0.08403726975674244,0.07067200160891526,0.028764810793562835,0.21823163590158104
1,2043,12.259364723230393,10.134515321699833,2.978285644554859,34.05652504485929
1,2044,0.023313464709701196,0.020166304661425404,0.00915260242801962,0.05547733454345246
1,2045,0.9548271681034255,0.8682490063391064,0.41116179535262554,2.0117272881714103
1,2046,0.5408982884192343,0.4817563503279791,0.20776869883717985,1.218036721387742
1,2047,5.967738169235245,4.893020578792519,1.3263167590692337,16.77091889263961
1,2048,0.6292140869448595,0.5748700967995966,0.25998881276358227,1.3114356720967733
1,2049,17.641455089429744,15.819071166872893,6.1416625475060265,39.965062946079286
1,2050,4.417690652938785,4.097316142225353,1.9377125478595523,8.748061893629421
1,2051,0.7009593378699984,0.648059219367014,0.30540583679811995,1.3945008468734639
1,2052,3.4038732347902982,2.7499394039148126,0.7542237636166143,9.864328150211294
1,2053,19.295935783626213,17.4491403889225,7.130788872465243,42.086445403320965
1,2054,122.34463020598542,111.3797276921805,45.96803349665584,262.315054565661
1,2055,1.9625633871166681,1.5512013985077644,0.4411507371983564,5.941282291734286
1,2056,0.39259619245277905,0.3643550651534765,0.17480676007958593,0.7775448604123396
1,2057,0.8651204459960584,0.659291299283357,0.0,2.9514385480813563
1,2058,40.02437575830476,36.12843323436498,14.414491300477705,88.12220924910454
1,2059,2.292674062398908,2.1211047596330133,1.0002590075735,4.562624130913992
1,2060,1.4546016871887137,1.3427517157612132,0.6305800220252101,2.9354838167977526
1,2061,2.8953699840519116,2.6617799470529917,1.2523385696137916,5.894120113039339
1,2062,1.2257125017547918,1.115665168540987,0.5054327959437607,2.578392805384848
1,2063,2161.9290930006005,2041.8857577507597,1006.0870884077912,3996.4569767904723
1,2064,0.8775084405856138,0.7913145385805818,0.3632796470350945,1.8975308576416958
1,2065,0.8203627074885886,0.7422460704714938,0.3213625806540411,1.7736601777194039
1,2066,182.54528455402647,167.08410665637996,70.10037891224007,381.5792582391953
1,2067,39.62633764247271,32.905998999440726,9.751950203580497,108.89592614871736
1,2068,17.654520230641246,15.675323172271254,5.5060823455917625,41.23653776861118
1,2069,0.4950111485598839,0.4490210431097973,0.20166340656777929,1.04771938470806
1,2070,1855.3166130666746,1751.179822827134,851.2786480596404,3457.255847580804
1,2071,1.2584174883070534,1.0194551146802113,0.25056719039698955,3.678579536173941
1,2072,0.5877548694693012,0.5408215695887064,0.266745987581033,1.1701478562743326
1,2073,74.95648431887012,67.92642561243917,27.566382816685575,162.5433456701942
1,2074,14.11071973351092,11.803728758925935,3.525100724795092,38.227002423709116
1,2075,0.6803259266720851,0.6053247669962669,0.25611227203674974,1.537270507992999
1,2076,2222.864473385777,2119.429047836571,1067.8554689973832,3968.306554040152
1,2077,0.9833351443541765,0.8947520970614551,0.3904143328155972,2.091102972768458
1,2078,0.22763624871816254,0.19271847504568174,0.06385040846397083,0.5968689636034522
1,2079,0.10040111209752899,0.09009785203166146,0.03990182795704653,0.22153739681028237
1,2080,1.796375427758991,1.6387219608232222,0.7444243489367299,3.771516483618935
1,2081,0.3185634948302472,0.2869244355320051,0.12351950274775347,0.6949291872329104
1,2082,3.8126646887428053,3.400419400117852,1.3605232413365682,8.640261766222828
1,2083,0.506382702023576,0.45401458403434325,0.20703414527943773,1.1208126028800411
1,2084,2.4983591982242417,2.31381363450177,1.0950124542464954,4.979629503870075
1,2085,0.1423479715793263,0.12937009913444686,0.05962324668590633,0.3021415349801571
1,2086,5.704408699745325,4.752566511616674,1.4233607444416356,15.636809075847284
1,2087,1.3319747391836296,1.2140921831052967,0.5499279333850904,2.8008029722530248
1,2088,350.13303918191036,323.7932099483128,138.54288335098997,714.9541375445451
1,2089,16.6423234144104,14.069695855606277,4.280479997058712,43.99490296513783
1,2090,70.37495547685563,63.84683694352241,26.20835168215042,151.68382672219965
1,2091,2.4552822853326046,2.257001892307795,1.0550727725798486,5.032181842977688
1,2092,151.35145344001512,137.80325917993912,56.78376463826027,324.01839058484
1,2093,51.327902885313144,43.270900005740934,13.517563992064684,135.6885683814413
1,2094,5.505275379024198,4.454698277822821,0.0,17.321385678281626
1,2095,18.7398357917384,15.610089119854273,4.575084090576087,50.99414358722049
1,2096,1.07878699730347,1.0019503345701382,0.476674466602397,2.1145895745570042
1,2097,1.4330760581706357,0.0057997067593964155,0.0,8.114852467818226
1,2098,0.3868226339831084,0.3572480333204881,0.1777301614037896,0.7508117157103008
1,2099,0.317010189106081,0.25731889074686976,0.0,1.0360329426917003
1,2100,8.56705723040338,7.178879616151219,2.1754105415488802,23.14949553578083
2,2001,3958.399342193543,3812.2483453471204,2352.3664789804307,6386.4571495902655
2,2002,21.837489935420173,20.306961763176645,12.22690234593683,37.67855415355464
2,2003,45.32386477906947,38.190394743268925,18.02256346000289,114.11612933818971
2,2004,12.335239348283848,11.946954802632112,7.169375992513052,19.780211881516216
2,2005,60.03694609590347,45.43627375424884,16.710001874526647,190.69745957082984
2,2006,12.938296411337328,12.539176233822673,7.58165004106975,20.632654139756614
2,2007,27.142309172038363,22.512213259568757,12.213730527470538,71.91635184552428
2,2008,18.72059178916301,18.158918702745858,11.032720986963684,29.5178041756914
2,2009,9.208814453017045,8.910271204477183,5.364704769466463,14.719582897906852
2,2010,1001.6137016750538,967.6631690503957,635.1220148036807,1561.237848100675
2,2011,12.620757624389983,12.236130451371704,7.451295901914675,19.994949641650184
2,2012,12.737518208969592,12.335261283831873,7.4902036036012865,20.242664442061685
2,2013,38.42877526705098,29.688800740725874,9.475598783718123,120.22690947087666
2,2014,14.135680273112065,13.688422345521012,8.259275811120949,22.50689065653606
2,2015,22.458874826478294,21.804116394490915,13.352655128653689,35.358755791198256
2,2016,9.970654957127461,9.66672758485349,5.8330845826143705,15.878776703710548
2,2017,42.93996944579858,38.62743143471326,27.55654788579961,82.48791032924412
2,2018,13.752201165827813,13.33794844045504,8.096344368256476,21.719474081101087
2,2019,70.32442697515934,68.18608815952028,41.70476468502055,110.94156322044984
2,2020,64.43390721474307,60.937323090822765,35.38175302866693,114.18049588448481
2,2021,67.13796663573058,57.575093107186746,30.66385906382513,162.68286163814105
2,2022,315.0275527058686,301.44521119146077,204.5432559552796,506.1048069252912
2,2023,58.5369042950089,53.87035574207119,31.819506297985434,112.15167958276605
2,2024,20.242738401260397,17.977095857249957,10.546524744411734,42.894805366790436
2,2025,32.239955132413264,24.331329876986906,12.26362741999601,100.68333977710441
2,2026,38.92602656126747,37.75012854576815,23.178670812643706,61.35111068624794
2,2027,42.0819121600928,33.23857200503845,15.088414700431148,121.22888334476396
2,2028,60.227413541965475,58.44921878761963,35.62778288459074,95.33831315495804
2,2029,31.428495497556543,30.481055319500715,18.580517594623675,49.77113601502756
2,2030,25.763613153062582,23.886733922297807,14.965462630718735,47.76202313096411
2,2031,245.71330903094199,201.53304214626283,65.53154773477006,700.0177322173997
2,2032,70.73882851799551,63.69862672106887,36.35825563413991,149.34025107549382
2,2033,45.48603035107464,37.82425283647717,16.230088674565494,119.46653046962992
2,2034,8.100323955729566,7.840419185369813,4.75664235833652,12.894444248258086
2,2035,29.22210925229561,24.91307682503868,11.843730489435549,71.89321313989915
2,2036,5.05938491761012,4.8963610249324105,2.9053200272584907,8.166104007983076
2,2037,218.75097672788252,199.1878983723542,112.9615276939434,444.00804263691305
2,2038,13.501483482676957,11.10504312318325,6.29303574631576,35.517596340336105
2,2039,172.05985646948244,149.46793962691513,80.48683004574939,402.68151784158476
2,2040,11.95211337566016,11.568745475052083,6.918957257737119,19.185153906899227
2,2041,59.95062684664013,54.63784127521481,29.358567098715632,121.97446947625161
2,2042,90.68623568115153,78.08230555661895,38.724581475279614,214.5567050651199
2,2043,1092.0352763010208,1041.0640604707642,650.1832367356092,1832.841163590307
2,2044,25.169015953090256,22.351645036657466,12.87399949621631,55.02825261191551
2,2045,253.76428665244543,235.91301421383622,135.01281112141513,478.6636749839158
2,2046,333.49039326917926,305.1567559256988,156.29385066944963,674.3661983439752
2,2047,1173.152974171404,1151.6271160032445,806.1485944105855,1666.4364729428898
2,2048,704.5543524177292,664.2603806168001,358.71050680444546,1281.4955853609024
2,2049,1630.7963968554147,1594.859803947355,1101.3734425672535,2353.6899417848776
2,2050,870.0015839037267,829.6346559634709,466.3773746213885,1506.1177649289016
2,2051,441.59561210319794,421.5316121408598,238.7743822357523,759.5149211144894
2,2052,828.0285044824838,792.407421526848,525.8122869466449,1334.1362541094331
2,2053,390.5723780705811,376.6319070660794,265.7643474383247,599.7251737841846
2,2054,4720.199073644982,4648.904020399366,3367.9051764229175,6466.229576389345
2,2055,320.04813851525654,285.8933344931271,177.87706713766784,671.7641905233584
2,2056,299.7682300679024,287.0657620653012,167.48610387207833,507.9765392912532
2,2057,1593.3477501903699,1563.7100080893006,1095.1334692425469,2263.848825512308
2,2058,2657.8816879525025,2620.6040747216202,1897.2361644804796,3633.3625337358253
2,2059,440.0147455393718,418.98808687275067,236.10297213321664,767.4419722944181
2,2060,1069.771954222838,1014.465423629387,572.411402741937,1884.8837517255793
2,2061,334.4116763844135,316.18999378716364,177.05743049466224,597.9488828404649
2,2062,488.69531862628537,457.8188876428527,245.46523333833227,913.0215250551541
2,2063,24917.316014147764,24623.90312788928,17968.728774917352,33534.19514595124
2,2064,466.07566720118535,430.8124376720301,236.48048159000564,902.6969179117674
2,2065,354.5189120003526,332.6296560580754,183.82409996731582,652.5712659510789
2,2066,2362.0332520590678,2319.942197941322,1638.4848093182495,3334.4245044975946
2,2067,1298.2976185409038,1236.1009798835778,754.9208591945941,2196.784780553844
2,2068,1904.7265012641767,1877.8744227799898,1360.504720214046,2603.7885856387466
2,2069,345.6072782768569,322.5082112422849,171.5327481151347,649.4018615419195
2,2070,30589.252678350167,30228.817132618744,22164.66015578239,41038.48944257318
2,2071,364.6644032982775,355.9885828186033,251.647346158176,528.7416793402701
2,2072,168.63899509403836,159.12395778956972,95.50265961717874,293.12423243121276
2,2073,1192.9277328836497,1155.7381948571833,780.7297306664383,1819.1748809533492
2,2074,2532.1853215903548,2477.5493685998636,1698.977727391987,3669.7255698192057
2,2075,581.5282738885276,533.5086162132086,270.42775599951784,1170.58916490917
2,2076,14793.314392554375,14614.859460398846,10566.809220404704,20015.739832917134
2,2077,1347.628571829125,1269.1471900768518,667.4850871899201,2482.7310005285694
2,2078,287.6177031577027,253.77657312842817,133.0841477248958,648.5237899245164
2,2079,135.0608575568651,124.13450880964433,66.94407935693692,266.32768845166316
2,2080,338.7781853727269,318.0322627558394,171.23536409359048,625.488663813034
2,2081,421.25560913621075,393.9841629580999,215.965471532562,788.0476333799085
2,2082,236.80734926400308,227.5440717632143,164.62996392201518,365.6172611212689
2,2083,322.7940295974265,297.21160325997033,165.25934954168883,635.5386078263848
2,2084,612.7319770923173,584.4521159233291,329.98562870939384,1059.4902517775522
2,2085,224.8800433825279,210.2623046487344,121.0208532461379,414.1813723370895
2,2086,829.319175079836,801.2847535781764,532.066045815571,1288.9938899363665
2,2087,660.931093871765,621.0892079242487,339.73579863784624,1212.365887138298
2,2088,2992.1178159016026,2942.8735846129707,2064.5247129956765,4203.662129565999
2,2089,688.7214034684656,669.2690924441168,451.3661845262717,1037.8411966636354
2,2090,2067.437542817438,2031.4461216734762,1448.888122870152,2887.975114514407
2,2091,455.44518943677946,429.9982613184144,240.2347154136549,819.9242373730906
2,2092,4374.089810003734,4310.372624355627,3099.2670787586085,6031.65192084084
2,2093,6391.090846444422,6298.988376095551,4534.008426230348,8768.023365561487
2,2094,868.9936137935938,818.5040037041633,498.3134725276497,1527.7515610567918
2,2095,3028.419440082429,2975.753288207243,2104.2772932180296,4248.852364834825
2,2096,728.2366410688202,698.6992471801946,401.9833372365024,1224.4824326202395
2,2097,2059.9893826051957,2031.3276582237913,1480.5589090120325,2803.7064514489693
2,2098,125.95965097625218,119.73865257147345,72.51429725120525,210.26430913567594
2,2099,545.7947550611322,504.3550412844911,261.08393431933183,1067.5810240454002
2,2100,1223.4030470104378,1195.4231662611517,825.8201837182572,1785.7331958209936
1,2101,0.13616581259471727,0.12307560020827038,0.05409886160032609,0.29393267661142153
1,2102,39.89652263666816,32.30612647716906,7.549240215385045,116.93475122575946
1,2103,0.5224693389791117,0.4723783956417166,0.21691659236124464,1.113656812826795
1,2104,43.73268480897329,39.063681506164556,14.840847136724406,100.27897785344092
1,2105,0.3527534553925075,0.3183564502068853,0.10629461670467649,0.7978616619683546
1,2106,0.32709556429237924,0.295203268593765,0.126362408390727,0.7142354830464427
1,2107,0.340330906112005,0.2207648217561543,0.0,1.4383702222737083
1,2108,0.2681381989277997,0.24410022469858822,0.11101543250443302,0.5645863422898333
1,2109,3.974747299620057,3.4380967341386026,1.0895207119107864,9.957113668895754
1,2110,47.87203707283899,43.59078524818119,18.055929502136927,102.3258757212151
1,2111,0.4873669307336046,0.43706635757698753,0.1939149933365072,1.0788188283346856
1,2112,7.920297319512819,6.5982224977495925,1.986508120689554,21.637107447679135
1,2113,2.6389041629362655,2.4549060058358947,1.189022619848899,5.151856099001387
1,2114,0.35984307866996823,0.3324657748032106,0.15700605468930226,0.7215410231555636
1,2115,31.056619780758457,26.144944651537795,7.9936861997488196,82.9164894421429
1,2116,1.3395344933725637,1.2302059284095517,0.5747730717393533,2.7243235543314457
1,2117,1.3560369627974218,1.2438243308336445,0.5808405444229238,2.7811171972577053
1,2118,1.7050052538473441,1.5843065660454156,0.7599669627363279,3.352356411183388
1,2119,0.9449914060461944,0.8690680867034023,0.40421383060361926,1.9212822884630103
1,2120,2.982994722131039,2.7358174434359483,1.2437696391279567,6.165665866085228
1,2121,51.1216226895362,43.06776227823377,13.264357127310385,135.09444956386258
1,2122,95.36790852070804,80.62588283965084,24.929273665619505,252.43881051910398
1,2123,0.2673476748549146,0.14506915920882962,0.0,1.2563647108977085
1,2124,3.170058243339224,2.926696178767486,1.3552700083383546,6.401617468110575
1,2125,9.697184491558314,8.673459879980694,3.374384500753084,22.005417807560065
1,2126,0.3391557189192252,0.3167278525980267,0.15573889721208378,0.6502036426279109
1,2127,0.26925652482379986,0.2532872301283251,0.12725641372640423,0.5034309020673338
1,2128,162.07164239818673,148.7958705362901,62.33975189114948,336.17918387998765
1,2129,1.3841576199849563,1.2731905075989038,0.5639161507912751,2.837844946080459
1,2130,6.998939796305233,6.517386249098107,3.1119026925733566,13.678594110509056
1,2131,1.4465020919952805,1.3278992998479109,0.6157854278127093,2.9538993263295996
1,2132,24.055325397058777,20.241877955962266,6.2274115001657355,63.89586946626301
1,2133,9.550985100382626,8.42116374458432,3.4848785738624586,22.16400362190355
1,2134,3.050978641739603,2.780022456695499,1.258482895469933,6.432711234505161
1,2135,0.9716251926013187,0.8293526430454519,0.35104922124611765,2.4507816458743057
1,2136,0.7369169432311975,0.6563232326469265,0.30892802397815505,1.6507945260843222
1,2137,1.1109159475313148,0.9203737760700867,0.36332100009471463,3.000967837927891
1,2138,2.071207794453377,1.8608523803564825,0.8508422054741339,4.539165476167192
1,2139,0.9291807137240007,0.8133890967904587,0.337799522630389,2.1957976636975567
1,2140,3.739127478805328,3.4347268979017005,1.562203852837762,7.694285216396832
1,2141,0.9649286321204269,0.8991956087476166,0.43503395919320137,1.8806755145145388
1,2142,447.95147270826556,422.64713677229406,186.06896322419857,854.8741225716951
1,2143,4.855909619010531,4.484584898035449,2.1068394442721483,9.750167877714688
1,2144,3.2474096317013186,2.992423225435266,1.3503037360248364,6.634756077264991
1,2145,1.5118405622637778,1.3772144118098035,0.6380945930538483,3.179367827498939
1,2146,0.0512652156338027,0.04383515214086436,0.020147954750475337,0.11975128924191791
1,2147,160.7197827306038,145.98120348382398,59.70424329643096,345.4988731281107
1,2148,0.10707817180016238,0.1006529338221259,0.050868219946252284,0.20003388666742541
1,2149,106.94204024669594,89.68306108320627,26.062048983156654,286.97558856959495
1,2150,0.47052025674050024,0.39848297306958635,0.12492342974210921,1.231642635504462
1,2151,0.5492138211828402,0.5042169238636884,0.23932163873532986,1.1169335128974638
1,2152,58.496029001016176,53.63951547077968,21.883890824062494,122.70611404558966
1,2153,3.390224669287315,3.032641508300979,1.3541553906245858,7.51063822728813
1,2154,3.308571222156555,3.0517881868146812,1.4276723398181144,6.718180336362719
1,2155,0.11533692557122983,0.10853244852814631,0.05464444647754165,0.21556686377431838
1,2156,0.07457231976811465,0.06279677909545948,0.02834913853247164,0.19012630772811825
1,2157,15.71656986970623,13.39668922556098,4.166200179606783,40.79047872402284
1,2158,7.343583832202613,6.742571831434816,3.1142354209514673,14.997657321190434
1,2159,115.29067072124839,108.67669849200286,48.94039456697494,218.8490490098696
1,2160,0.09026869779779116,0.08486931378739596,0.0424657121492373,0.16926949547463935
1,2161,0.1556061560767089,0.14585148891045838,0.07174561955984202,0.2950780395248133
1,2162,1.5245971404088723,1.2585825029505047,0.4356345365394061,4.182674975568906
1,2163,0.460436373054811,0.3737856303527397,0.13721307150704776,1.302437534409487
1,2164,0.32391748202791965,0.2984615729240498,0.14346178083515237,0.6501600168108479
1,2165,1.125061985127359,1.02277260267101,0.471560980841108,2.373762317898343
1,2166,2.7597992676242846,2.5151246703630976,1.1942244603858707,5.759779566290597
1,2167,0.41022607010371015,0.3677623709054426,0.16539605237726507,0.9071838533803741
1,2168,0.4085115788696353,0.36780119056885313,0.15901392691775404,0.8948431739480672
1,2169,2.85671709476909,2.598582372311496,1.1874735877963944,6.031688268677207
1,2170,0.5467232595349257,0.4635432627299373,0.18548599196578425,1.3988250193547616
1,2171,0.4671467094436419,0.4149866085850199,0.18718766298770348,1.0654481227082704
1,2172,0.9934020721978527,0.8807238216859063,0.4234878357898911,2.2149540201830407
1,2173,2.6100721581222714,2.4446402386580104,1.2164916080156616,4.942584328375511
1,2174,27.349860611647888,25.059475607112788,10.455007500619088,57.71329043948611
1,2175,14.4323546294533,13.071209845650618,5.219106220825337,31.560668888398567
1,2176,0.5796112122720158,0.5192786806418661,0.2512301693129096,1.2468641290210292
1,2177,69.92404534452878,64.83203615708356,28.21663415887382,140.6609728791671
1,2178,0.6257811137487644,0.5788080275235612,0.2788769011448799,1.244639898027116
1,2179,0.9429024856084274,0.8438499859976536,0.3797306066229676,2.0906244031870918
1,2180,0.23781740815327884,0.21821569595853316,0.10799637333078471,0.46557633488452643
1,2181,0.4805953054521384,0.42593884458501696,0.1873079510887984,1.0993144487337188
1,2182,1.403112095737706,1.2697981301212382,0.528451453052791,3.022813575190481
1,2183,0.36033421559077683,0.3271210638532689,0.149648263208511,0.76059647548794
1,2184,11.673096299686891,10.805611269685123,5.048123473817829,23.3820796689581
1,2185,0.4324324883140451,0.39393806282116295,0.17923539926062443,0.9095624649707603
1,2186,0.4018194077035378,0.35398613803271733,0.14949822107239844,0.9325173744650038
1,2187,0.4135737734947967,0.3829420006024002,0.18433147553042545,0.8238892282305011
1,2188,1174.3387541840605,1106.624221704661,534.6702848914753,2210.159561147806
1,2189,25.03900956540739,22.875414523716653,9.5016596688485,52.76577722967798
1,2190,21.891122853211236,20.13121278181275,8.562798224038803,45.30747685181445
1,2191,1.5797454799851873,1.4684865167719843,0.7080479474466707,3.0867637212909855
1,2192,11.247477935114228,10.229249464277194,4.226106880967903,24.028522914058016
1,2193,3.0242419529188607,2.7756903812079687,1.2619984442257566,6.229211869566422
1,2194,2.4065133866834922,2.2434859205258926,1.085829209437524,4.638063220549686
1,2195,2.22905591340742,2.0561631252752615,0.9542459856473838,4.492358031848716
1,2196,3.0155252747362957,2.7913297865220477,1.3162014742114037,6.029126215152025
1,2197,0.3764149055306942,0.3439731529369252,0.1592145615772923,0.7802801791529719
1,2198,0.20321181705297942,0.17965206626313038,0.08080999251053286,0.46564220705844067
1,2199,464.1850992452816,454.18225321985403,250.62870570429587,733.241186451748
1,2200,5.762044389030375,5.342975098552003,2.5721841323093537,11.384762524691922
2,2101,192.2228820444284,179.10194397214457,93.50294013415582,368.5930096787159
2,2102,7387.162819988608,7294.707350981005,5292.919373544867,10017.604563456636
2,2103,128.5639337954543,119.18533826938588,65.27125946325013,247.11660900171964
2,2104,735.4365288948292,702.5205484678118,428.8496638352225,1232.5029511624455
2,2105,935.0624294811755,894.261777363321,509.4477807591266,1599.6931131126198
2,2106,298.0198853066349,278.44442950986604,144.19564308291913,568.6172410556281
2,2107,532.0552554611164,507.6786629940465,328.88580318645813,876.3719117126503
2,2108,186.9973802046819,174.87144697090156,94.89216866167858,348.8073678245515
2,2109,540.449700703362,517.4606407466284,335.50470973721633,874.835051386742
2,2110,677.3006459361305,659.0891706587754,458.85506617571167,998.4038205573062
2,2111,284.048167808032,261.47315308038526,138.3472101890282,563.0789818229289
2,2112,2215.9993539030515,2169.6257943064243,1506.6229849661697,3179.623991911352
2,2113,322.7075852040121,308.21812418658726,179.19125870663828,547.4458523006731
2,2114,258.85651152685597,246.51453652342587,142.51051429556438,445.6100787077977
2,2115,1755.7951977201867,1707.4035155231732,1149.5154548309488,2629.4761077562484
2,2116,923.5780661979434,875.2959736527579,490.869598363905,1632.2903143502335
2,2117,618.5699773127093,583.7618859987065,322.87624466038295,1114.1155884331142
2,2118,902.1548336730583,863.3507313482608,494.30184048463883,1531.6004466891566
2,2119,596.8126649909972,564.4713799060112,315.5214836144427,1064.4331264714588
2,2120,802.1647253568398,758.5048879127698,412.8803373811585,1437.9184470533173
2,2121,5147.847661689414,5073.160252367374,3624.8729584935472,7119.257603908608
2,2122,8023.784939635204,7911.927196546218,5744.292790138936,10925.50132968029
2,2123,2199.1828517348863,2166.7023071331146,1559.834449555619,3018.834998546031
2,2124,1385.8960306906004,1316.8373218486818,724.4492293985601,2440.5130683169396
2,2125,713.242282685146,690.8940041689352,473.1589360963797,1082.3551109488035
2,2126,182.31568505954354,175.44007920846417,105.16146007953445,297.77105505402733
2,2127,68.85945147427695,66.79702623808527,40.92532295765081,109.03887760719536
2,2128,2384.9681238114117,2349.7179139454847,1704.1086498230447,3270.8896503250826
2,2129,674.783764808384,645.3989363919401,370.28635492243177,1146.3424616581835
2,2130,1331.5293485645675,1273.2981939577037,731.8546704996156,2249.8730002119305
2,2131,278.29413280015416,263.8886933719755,152.02600286195346,487.4361201840522
2,2132,1741.0582863191703,1702.892302514491,1176.4376430501952,2516.939258712626
2,2133,352.42614567703953,318.5543418545399,152.80150298785765,746.9920931470758
2,2134,237.7213530087969,222.50048001071835,118.53265554596035,444.33890854566556
2,2135,80.31564864725439,69.79891842188755,35.38244936701213,189.64922943614025
2,2136,116.23058118588109,105.62915084452985,59.745190641262504,238.08401741913008
2,2137,67.11049983823303,56.843487123367396,26.126148517245802,170.58547674313846
2,2138,224.49927401251384,207.06173074461043,112.49775720769811,442.96614640095447
2,2139,137.3816354105648,123.2206786217273,59.63412745854413,297.90972516246063
2,2140,561.5316220116064,530.5692319407833,287.0880658596142,1017.1531047663586
2,2141,228.20816739104436,219.20419850891068,128.86042578329491,380.1717635563274
2,2142,1507.4572904191557,1480.4426209209373,976.5185964040942,2192.739854645605
2,2143,573.8618501366251,545.2736189508278,304.10944501559067,1006.2900766035797
2,2144,811.3024885783136,772.0148345951418,421.0730080820198,1424.1421986869468
2,2145,128.8868437608577,120.65528253592262,66.22671197344631,240.43849799403506
2,2146,14.578247036022523,12.797387825808503,7.36656788532997,31.14842768579032
2,2147,4111.443801085212,4042.4136246945754,2874.05494707343,5730.494551369561
2,2148,27.389289781879715,26.56684439841114,16.301819621144173,43.26197366879659
2,2149,1509.1245716481847,1433.4614621203978,788.8674406996745,2676.758034021422
2,2150,35.34680825717863,34.92800191434245,25.58156773811972,47.5217337910399
2,2151,106.62045063498535,100.52629891613641,57.64690009487388,191.64731082976326
2,2152,661.4826889124568,652.2988052533203,471.24650957636254,903.0034819346542
2,2153,273.93358757872676,250.94781509010394,132.50607861854692,551.4463383713955
2,2154,399.3204144920444,378.6293999403076,212.3513184413319,709.2137911669366
2,2155,22.174132787153777,21.519123105605296,13.139705689010448,34.879764284534836
2,2156,26.952716573683414,23.22873688381769,13.149412379687593,64.20520621419466
2,2157,443.8199036472742,436.29648068560573,313.5536339841427,617.3051670620426
2,2158,241.9240514502397,228.32338185553883,126.36546557448817,436.93069141199703
2,2159,424.8360762517874,418.16722850495614,285.1249969796527,602.9988424234301
2,2160,22.15428483269178,21.473161378021317,13.096606810207728,34.91485087664405
2,2161,34.624197099199925,33.5509735831062,20.29198422953323,54.99386886941981
2,2162,67.90816999203521,57.570898385544005,22.350936316424754,174.35779304005123
2,2163,55.480971019133264,45.94828009444102,19.516707559819384,147.97160444474375
2,2164,77.93445656231006,73.95417822078929,43.244671139729924,135.88952966364633
2,2165,158.60771534633142,148.43007411912004,80.65406918601015,296.9300512764431
2,2166,168.02823353687612,157.08964033456544,90.22722253306502,309.67730297285885
2,2167,46.63195903105199,42.771266240227135,23.08804571379198,93.02833046312752
2,2168,136.32670511619668,126.58087263766633,65.95656269433036,262.0195648975936
2,2169,445.45198212372,416.3606742372632,225.91975085871564,836.6085429887573
2,2170,198.08381554323728,171.7163720354842,80.43413971763182,472.79528878670857
2,2171,71.79454636502977,65.22722781649833,35.159444805441126,148.523493834618
2,2172,64.11911557152584,58.13470245911353,33.72992580059967,130.63181021497624
2,2173,346.960817846323,334.725252805825,200.32980226145162,562.7903557989289
2,2174,379.5357225368737,371.6097048044995,259.67486737153087,545.1378943026615
2,2175,458.91807687748,451.468668916005,325.57243403790255,636.0512414291602
2,2176,63.63275423189791,58.35574493961104,34.34526976009207,124.3342889161537
2,2177,349.51918712748125,337.5576721424302,228.41852959468395,540.5084009801271
2,2178,225.88456348282148,215.3137693182656,125.07384807070326,388.88400006966936
2,2179,179.85473398853742,165.00458209488443,89.59319463067466,356.60117789308026
2,2180,41.08954865692748,38.86709545761957,23.4384605582445,68.26296185171734
2,2181,138.7865771499471,126.3711999364881,67.93995461528543,284.1159339867729
2,2182,620.645009356801,587.327613699228,317.36624906868394,1114.533711833035
2,2183,128.11126962253132,119.5847349247038,65.519462715684,240.69452297033874
2,2184,647.6785666739446,614.413241585006,343.1146207614518,1138.4293861277843
2,2185,110.34342997604253,103.28433378274576,55.89414427964684,206.10413298650718
2,2186,129.41314330817545,117.093798922765,58.043005582572825,273.03362640372103
2,2187,91.59539342800726,87.15338791296122,50.51402683415381,157.88862539841182
2,2188,16926.642234760133,16704.34613196269,12160.192637780363,22880.88719907018
2,2189,365.86031516114116,358.18552393173013,252.8424264191681,524.1092239072628
2,2190,359.2442069870756,354.7082815274681,263.94259092568603,480.3172917985499
2,2191,312.76649023840116,299.99400529251017,172.72949740992613,528.9411165553489
2,2192,168.35529196326806,163.96289517082943,113.2812124483733,249.27321312263098
2,2193,1020.4932052069541,966.5000667016166,537.2884553034294,1813.6525934380604
2,2194,337.8607927740205,325.33630652621287,191.51302003754716,556.6908085572873
2,2195,511.3054402637037,486.0101700299697,267.45931867258753,901.6201461542876
2,2196,742.5248517045308,706.3953663664437,399.0951778907174,1296.549286431321
2,2197,99.51417169163905,93.40589908831745,51.56770354299114,183.5236601798258
2,2198,30.739210583999572,27.734776071745962,14.83850453006189,64.57928304480741
2,2199,496.7219854441352,486.2757367079369,278.4131807049362,773.3889225589642
2,2200,208.9474676850333,199.5517672095006,114.67095873252333,358.0783004666968
1,2201,16.668774462385695,14.232900080351875,4.4836930818623895,43.013198717036474
1,2202,2.7602195750980614,2.5428565557255762,1.1883904315278397,5.604977670079696
1,2203,0.713343483982677,0.6652495657305453,0.3293305115409708,1.3713256857501073
1,2204,0.45358420141532463,0.38872540274001727,0.175725644861644,1.1292897378650077
1,2205,1613.966587685517,1533.2242699776093,752.738234226596,2945.602540209815
1,2206,114.80769622397754,107.3418824393628,47.39834526035778,224.48100178727387
1,2207,3.027666122975513,2.7799254491708725,1.2586195749470312,6.220969079177028
1,2208,0.860727176079354,0.7701968006936584,0.3391131220396881,1.9020855039862645
1,2209,0.47796658846717116,0.4466813010600282,0.21885636370038944,0.9166568605085204
1,2210,1.9055646478886408,1.670533412636074,0.7111481902247095,4.500757254461951
1,2211,1.502605506884701,1.3332601646789306,0.5609628309864365,3.4255148003385365
1,2212,27.17456873078748,22.954542522695736,7.13562644582458,71.96287807844092
1,2213,477.5893512539198,437.0845432951328,181.0543607368547,1004.265679789538
1,2214,4.5896146900749395,4.194288669294398,1.8660116702547374,9.599950496962375
1,2215,50.491197546286884,46.150871418014475,19.241433655260348,106.03122368890219
1,2216,3.8080856327801325,3.5115503335932985,1.6350428765561484,7.706219728959766
1,2217,12.321363392932499,9.641104851963611,2.2918395539380576,38.21779086776298
1,2218,2.9713233274642694,2.570165200038785,0.9383574249712926,7.328167862626518
1,2219,32.9995692164158,27.487455312791724,7.991094161322159,90.28495138953208
1,2220,42.02471248956534,38.817464289762,18.092077477268653,84.1921156639428
1,2221,0.31959725823946517,0.22467312881140497,0.08918264038881651,1.1408342460142005
1,2222,0.7061177376729526,0.6642351658114836,0.3342357543649763,1.317490689176708
1,2223,0.7604722231088082,0.6199669421832124,0.2372331717647487,2.1417149480376714
1,2224,5.003708635716995,4.533327472965954,1.9480830929830468,10.823517909332137
1,2225,83.49220274113559,70.9278191742057,21.90365262257063,218.44501347492073
1,2226,8.20079582590602,6.923969722410604,2.140031767195567,21.715476097383533
1,2227,27.805362974151613,23.655215415690144,7.381042109705273,72.18562686928801
1,2228,9.45842162652044,8.688291963387885,3.934029170347582,19.353373294282296
1,2229,11.671682360261052,10.169803712402615,3.793523009239168,28.307462405118727
1,2230,605.3073176982411,532.8167396837446,175.80142796340232,1450.0887836748605
1,2231,45.85477169327829,42.34068411230389,19.239254007364973,92.70316905715269
1,2232,58.18458001026846,49.74448942832485,15.826304641948276,148.8236627780273
1,2233,3.539989299089954,3.2487206560092865,1.545060205974824,7.238890310344408
1,2234,58.84757448323793,47.10452854363953,8.300499207253775,177.73161947648782
1,2235,1.5705515871511662,1.3616193414154674,0.5508013913352554,3.7989981240803834
1,2236,13003.867840573992,12712.677966312558,7423.650754718545,20222.657012491043
1,2237,16.982245441996927,14.242758863871272,4.39394772228967,45.51918490172057
1,2238,0.05120393625315083,0.03772367663507685,0.01455675176478811,0.16336415332779125
1,2239,14.644521487275641,13.262461899388017,5.603524117680792,31.88495005007678
1,2240,18.547615923452856,16.882016619659495,7.510454556432319,39.262987793375146
1,2241,0.9605731000476458,0.8068578879397321,0.0,2.821467692024755
1,2242,0.602044684581057,0.5676772113181126,0.2868015518115928,1.1171153790310535
1,2243,2.4118721584082548,2.1691602346411196,0.9430906919526798,5.264849988490479
1,2244,337.61528977001814,307.0908506188164,127.5669091402595,720.0198895398787
1,2245,0.005931050383762303,0.005538045179232445,0.0026888396142984382,0.011407651478567057
1,2246,42.0195034190533,38.023561997945535,15.311632867238652,91.86756106183464
1,2247,4.146850006418342,3.474740212738308,1.064735931580915,11.154002545468183
1,2248,10365.451439743529,10108.567263168567,5705.079672268255,16467.309514462282
1,2249,13.11498396084208,11.871036035012226,4.808271910461606,28.650227565718883
1,2250,34.414362533843764,31.17117537590078,12.690238741243167,74.73879990914483
1,2251,1.9471424425826673,1.825253123057004,0.8920951614898217,3.7138384463244463
1,2252,34.36791781110583,28.961203159276746,9.02830732723938,91.17299012794109
1,2253,8.870458144126228,7.462070665395473,2.30245001131533,23.598321355329524
1,2254,0.6694985372869001,0.6072678769027955,0.1635817280815254,1.5310149359679746
1,2255,664.2997583522367,611.065471172855,258.2463720130762,1371.167175037132
1,2256,105.65169383236837,96.35924658731491,39.730385454808,225.62886318247223
1,2257,43.83993757620072,37.314408232091154,11.685443059310659,114.3240235761159
1,2258,0.01965214327802998,0.018308228916846143,0.008591459482125738,0.038595493512790104
1,2259,12.207978596756726,10.154980569414594,3.054605592345249,33.47011414643269
1,2260,12.74043661055855,10.691058071192304,3.2896893861849845,34.189945890016546
1,2261,273.191474081205,249.44050820727153,104.54576496081678,576.6134031056714
1,2262,0.30686817720687093,0.2861363699981986,0.13783319240974878,0.5958479804935256
1,2263,2.896347953093319,2.7085570211122496,1.332331972103735,5.51000856805394
1,2264,4.3097236017914655,3.9797800961236383,1.8489501452264974,8.632756073157964
1,2265,2.2581562694778077,2.111711325921741,1.0361196111760775,4.302028830802613
1,2266,0.9088743205198977,0.8353556639174652,0.3775519798600769,1.8698242261152085
1,2267,53.45869015365798,45.26594809237365,14.12397515538675,141.299747360792
1,2268,21.52553593812128,18.070160850814425,5.590774677936436,57.66008513669971
1,2269,475.75709819775693,437.0810662982708,184.6109421881657,989.7672061881111
1,2270,3.8009183994329847,3.4832660256028705,1.5705502034080836,7.9175253710212745
1,2271,15.295698463275759,12.767675307642486,3.8305617792814624,41.70620736743074
1,2272,41.889401342758966,37.851759138058014,15.27197651442612,91.53940421699356
1,2273,0.09345074283076364,0.08761850995120005,0.043599253454125256,0.17673557534356385
1,2274,9.624992951977116,8.045805089785208,2.448770629254191,26.01357945813585
1,2275,0.09501247468663718,0.08685014255087006,0.037780309854798175,0.19899193658886385
1,2276,1.3838259162102164,1.225672740690113,0.5308193539274039,3.1588177379370577
1,2277,3.5296479075067757,3.294158540037304,1.6076688399487122,6.796061927748344
1,2278,6.898416190128211,6.44989714478843,3.1549123904464578,13.219325211589274
1,2279,0.5649971597818639,0.527184066562349,0.25635038733410975,1.0958852551032632
1,2280,3.209272518509322,2.9571301347756505,1.3898444537474883,6.475166365741211
1,2281,313.1981743893477,274.30855710217895,88.76632884150152,763.1061664914364
1,2282,387.3121866635637,334.34347478171946,106.66874826461994,971.6478572014158
1,2283,21.250286623358022,19.346139511001713,7.8846718058024585,45.85899488516677
1,2284,12.813573629001763,10.741398240767175,3.2469459887418237,34.5992129236287
1,2285,23.466032705780776,19.771560737438197,6.112274527700453,62.141852513635335
1,2286,18.190744962259835,15.279985921037989,4.635283873909076,48.977518072969396
1,2287,101.47532040033177,86.77666231560718,27.143206614731803,259.7637455102231
1,2288,2.416891644450911,2.2262249877775604,1.0363538197783404,4.896610244192004
1,2289,2.612733991719722,2.422371297686512,1.1329286747678742,5.175056414079131
1,2290,6.972308488848123,6.427549745022296,2.989308070776114,14.172609811194887
1,2291,7.6031796306386035,7.105542855390739,3.479232776472114,14.581179616889862
1,2292,274.0309828686587,249.21502825034645,102.7164752128856,586.2452506732127
1,2293,2.5185696659430077,2.292397929568266,1.0379414363523805,5.31670372561801
1,2294,161.43218236451128,138.07727278154908,43.88665560564597,413.11710952316696
1,2295,1.250641694675345,1.1534312444167094,0.5285265310547396,2.5286446107163556
1,2296,11.834104357059424,10.03248465966534,3.12047195932501,31.063709242698234
1,2297,1956.6886977696488,1843.0794481293915,890.5773090956701,3676.2889991094553
1,2298,1.042172113182451,0.9667703327366723,0.4605165226001366,2.053245981963578
1,2299,0.40278410403340414,0.3717612958168982,0.17302604463572013,0.8118374584470167
1,2300,2.6716173969188057,2.490507857401801,1.212412814480426,5.167827551337434
2,2201,308.7478122719545,300.45728463657645,207.6288836330428,458.6979531051048
2,2202,426.41550561970524,404.43772529625915,225.31621464831215,759.0518056244321
2,2203,136.0212547843737,130.7555678778627,78.28977802354275,223.59948854189668
2,2204,55.83120621618812,48.789223605542915,26.492031033383256,129.11075605628022
2,2205,12548.592203545328,12383.50073711546,8983.459701690248,16990.65837907047
2,2206,661.7750269240428,651.9651088598634,462.21241730335845,915.1281656486763
2,2207,668.0494830909778,634.2332692905533,348.4622498121068,1182.1193825316539
2,2208,124.10102604619907,114.02410990576655,59.023839001479814,247.42550009739887
2,2209,60.8143271539137,58.365968779946726,34.687288817528405,100.8271401084665
2,2210,243.54939700622108,218.4258477121112,110.59937514120415,523.7001142667788
2,2211,275.76574561578747,251.77516243437944,123.71689193341277,568.1842404267994
2,2212,1252.6378111893996,1225.9081339913314,848.26520692783,1812.5834373768057
2,2213,6660.517608720413,6563.685830225924,4710.289532356968,9164.53164584896
2,2214,653.2776473776879,615.5838654287209,321.777013791433,1201.632108094828
2,2215,535.9656655219101,519.6115808899285,359.9270790099719,807.0913267861184
2,2216,748.0345891069031,710.3624945897388,394.0647179299342,1321.7183754903963
2,2217,487.92292352425767,448.11296949396615,248.54813507970067,960.31065910844
2,2218,802.6666572300475,720.7635195672017,311.3672304994066,1774.348260514075
2,2219,2296.0452720014014,2254.3919947975,1587.0537190946934,3243.4393497794526
2,2220,1412.2760779997311,1341.7868806885958,738.6423122418139,2487.4981535304596
2,2221,25.983837917670414,18.461148943290603,8.62674795141792,89.67382179588873
2,2222,41.22959618206428,39.962534847054926,24.396069420163354,65.08655761911592
2,2223,113.34618510633943,94.13931719350464,41.809192205788946,299.5131367497781
2,2224,440.1160944059069,409.2895638879349,205.9882983390957,851.716687205227
2,2225,2526.246529269148,2485.629185128093,1764.4262438865178,3513.7616683481715
2,2226,243.3716850934254,235.35359993126036,161.19746245287507,371.1776443029042
2,2227,811.7114647664961,793.7026906166884,559.3790809691,1161.919602160889
2,2228,1101.8234883985992,1042.6902334555184,554.3666134428328,1995.3115141419544
2,2229,352.5344758572034,315.8613802040503,132.45309927009944,786.6274731024354
2,2230,5265.052032436875,5186.959612848295,3603.3776474190186,7376.262156180677
2,2231,919.4812538335387,872.1990715693786,459.9807684122011,1649.1334772655907
2,2232,1292.666986634311,1270.1233496215254,899.1103590684307,1813.3663654680947
2,2233,269.1169494558194,253.5816076245278,144.18203284023298,484.5397335053355
2,2234,3441.8264321584184,3396.004955423584,2457.8466734652125,4689.373723286266
2,2235,182.9031727092087,163.4628111507915,76.56855583515822,404.2582994196601
2,2236,18188.085063810802,17879.403495469538,11518.178314107894,26557.378455420534
2,2237,1171.2047282451197,1144.1771539647366,779.504427118752,1719.7530816801482
2,2238,16.437421848416946,12.426282180772866,6.88187519727249,50.8177509507941
2,2239,771.840662568002,719.4970138955043,351.8856434968353,1488.2298239420024
2,2240,1163.2452118568292,1088.9843582124513,567.8432343287512,2194.883474734038
2,2241,341.94736294524876,315.2965177102099,162.14700591341995,678.6313603054647
2,2242,39.373567318736065,38.23065122998901,23.31055500526967,62.006128164485254
2,2243,394.2660358642417,364.8276680969477,184.45050851692085,773.5827201320465
2,2244,11645.457114293595,11500.154277093327,8314.35586115543,15828.72532305497
2,2245,7.949736556580634,7.6870322392284685,4.605451114503899,12.772529169359306
2,2246,1697.0761681593967,1658.4204534717965,1145.5500610134598,2465.802709657166
2,2247,1109.6950920529553,1086.7457683168734,760.7176049666456,1593.4258899981053
2,2248,18866.466540510934,18577.81037731434,12392.382773134073,26913.87237096759
2,2249,815.0149519630063,800.2777757748373,569.5874973013713,1140.8937876821349
2,2250,2134.5741460592503,2101.866680628631,1515.9776945001986,2938.905153954474
2,2251,399.49753412873514,385.6829424330491,228.00830106718143,649.7903733350357
2,2252,5752.528615598042,5673.199777305585,4100.9543632058885,7860.790135541894
2,2253,1374.337836588311,1350.7284843514572,956.1895658429836,1926.544280854823
2,2254,601.0028909256616,579.9630002985498,343.65621507652173,986.5049052318373
2,2255,9582.86341490927,9462.86193632695,6937.7738030474575,12908.76515872183
2,2256,2755.815129197269,2714.317626949747,1940.5205886428107,3811.1265701714105
2,2257,1622.9489790332138,1594.5138230882928,1126.065394536135,2279.2943300277734
2,2258,26.057417753679665,25.279473341633995,15.464724134203857,41.14571228168283
2,2259,905.8539458483008,870.9634826484473,568.0669101783064,1446.793415895622
2,2260,2090.3492315369676,2057.5245183974503,1474.8108653079046,2893.2281895213173
2,2261,6745.374630965635,6660.158328595484,4883.301813135011,9062.863671388572
2,2262,313.3851876388594,300.5330058223715,175.63406679531676,525.7534516872911
2,2263,772.1953531980506,744.9530698453332,443.1278107947761,1257.362256375442
2,2264,478.59946173471695,455.0171887527637,253.00638315225473,841.0273343364896
2,2265,616.2334043474619,593.8779626629303,351.421974610634,1011.6618686909554
2,2266,872.3663891354331,830.5491794020402,469.4743377322733,1515.4858529509625
2,2267,3729.3916498976864,3672.8309851899567,2613.655300395832,5184.320751239548
2,2268,4534.638759435647,4461.267710678243,3132.8445843125623,6354.345532224838
2,2269,7027.275150378212,6946.455056695586,5093.774832534177,9406.71652620203
2,2270,640.8621568269015,603.6700266749997,320.82589438719003,1176.2203150293449
2,2271,3466.2427133250876,3414.7918343698493,2462.095442185992,4764.863224451948
2,2272,1877.632684514549,1841.649868470347,1293.4150460362414,2670.7625177113373
2,2273,58.461649845458105,56.70370879322216,34.74829816977677,91.78406037537201
2,2274,2000.5942155497291,1952.3447847250304,1333.044139027182,2946.9165574620542
2,2275,164.56643394582596,156.59079183553592,88.95522097546214,285.8366555143918
2,2276,482.21431011739895,439.49003834718565,224.6848510596626,993.1073335379583
2,2277,484.6970698653083,466.09863028254426,272.8202005890906,803.5254303070479
2,2278,771.9655661959407,742.617051557145,436.3488815285897,1273.7206876097077
2,2279,376.73693837434513,362.38855412340456,212.45132081697759,623.0357379022066
2,2280,260.20765438473603,246.67735463457907,137.33313422905613,460.2335841784339
2,2281,2994.9648200995707,2937.0764679818185,1993.2431321258564,4337.367074717417
2,2282,7018.143421686814,6927.4423875236635,4949.83368002029,9628.507508660914
2,2283,965.0093160154073,950.4257158555623,685.4684688303051,1329.2753373600692
2,2284,1617.6793287538846,1584.6411843343476,1103.2416578725085,2325.3569829536837
2,2285,4502.089424862093,4437.564599973688,3203.8911736523355,6168.807243699704
2,2286,4085.941792535583,4031.605876456208,2911.8443128683757,5571.916591137626
2,2287,1661.1833189747856,1617.6291386789985,1080.2659552633127,2488.30186324716
2,2288,480.30226020527857,455.2369717497687,252.96002221276396,850.2656040652048
2,2289,1225.2422510569536,1179.5478766532628,695.1407841538341,2011.3110033025641
2,2290,566.1861495296574,537.0126118125485,295.45640646642613,1007.6653575312956
2,2291,1968.4192958900178,1898.523435920929,1111.263386534739,3226.3773982367293
2,2292,11601.64916201915,11463.191870262255,8429.264814929431,15553.684354712228
2,2293,192.7596429404957,179.76861423351522,96.81723333745124,363.0727802777718
2,2294,4126.719423679517,4071.6065063331516,2918.974804090372,5666.927839215185
2,2295,1052.9030598420889,1008.4979582441058,581.2984654603891,1781.891493093199
2,2296,525.7482804300511,516.5459665020264,366.04878911757515,737.1839548742993
2,2297,38221.14554146843,37776.454397782305,27552.74596940101,51481.78593423219
2,2298,741.2313823302844,709.5448538047672,405.84757518491836,1255.3425903960308
2,2299,182.54149958882033,174.06335756656352,98.02773980928244,316.20340772836755
2,2300,1625.7927695883106,1562.9064258910987,910.7349323833791,2702.3592973125683
1,2301,0.46540358938205323,0.43023502157080645,0.20283287758040544,0.9323828128198395
1,2302,4.1369213524920205,3.854851653531991,1.8713289682628558,8.017691436473939
1,2303,0.11950884348417858,0.10946329147848438,0.04923767148670333,0.24704658610216593
1,2304,0.30107751803154764,0.281340184273925,0.13649706902393532,0.5795389373247857
1,2305,0.6519120027230193,0.6015701621105507,0.28350765361681207,1.3119996760202384
1,2306,2.3605006661125385,2.156379194363841,0.9815922135571232,4.930342816670246
1,2307,0.6774239897849573,0.6244549976747535,0.29268093483789137,1.3670089956592413
1,2308,0.8308240428880275,0.7717382185452433,0.37187805295498294,1.6274297744458806
1,2309,251.88456271036532,232.6667344856674,99.47997020050533,513.8415795979535
1,2310,1.699206389037687,1.5826926339990206,0.7622193260660928,3.3158140038294857
1,2311,290.8976255155575,268.2028737127306,113.499597125691,600.4966601939136
1,2312,5.928484327632106,5.005270685505685,1.5470738413373837,15.664060977049097
1,2313,539.2080504492081,473.20925182516135,154.08863863885458,1301.9194839746403
1,2314,24.444797380527213,21.94605699926467,8.701877016070846,54.21847183291731
1,2315,81.87771299279945,73.73100985562053,29.089384775765915,180.85345005401228
1,2316,88.2390022000414,80.52096612924502,33.14560459247899,187.6471307136178
1,2317,3422.991853396315,3263.184518469576,1127.2071096713976,6595.814927966764
1,2318,109.69965793318173,99.69673034588376,40.434697724093866,237.23847700450074
1,2319,0.30507907409811313,0.2564792420416972,0.02291761971670097,0.8688231643503448
1,2320,16.390059401570408,13.748581059304517,4.22946868524718,44.037852284303035
1,2321,1.7531232076308667,1.3392846433264642,0.46478175120912985,5.520688307533463
1,2322,70.20462872552419,59.62355421331655,18.695338271696276,182.9076307396243
1,2323,0.2611375681921515,0.22171098744545312,0.09784676567860738,0.667804916523153
1,2324,0.6227782816400327,0.57487460332328,0.2871873256666584,1.2103254281056328
1,2325,40.30215340672296,33.99436754052611,10.48503245740522,106.81419126809497
1,2326,25.580865573052062,21.052358736248717,5.842966616667754,71.57182043070907
1,2327,1.9390922293437103,1.6505688571328192,0.5179764566483174,5.060240418421833
1,2328,53.84231399568763,45.396815322216455,13.93717215995265,143.4259868250731
1,2329,1.831434732645684,1.650513681847928,0.7066954367702748,4.024150882358315
1,2330,9.683834107104927,8.665975322562325,3.4360653119097115,21.767919811285786
1,2331,1.727370752437856,1.5459297741221472,0.6461022039258915,3.866881268837743
1,2332,1.6047881537421191,1.4537652781548724,0.6674992996611296,3.4293539559899284
1,2333,2.676904176024803,2.4063222255101815,1.0597258514251653,5.885852114387645
1,2334,8.287148624494694,6.9275753421638,2.0868585065232654,22.393685164391133
1,2335,0.8450035185973435,0.743224695225529,0.3150163987620571,1.9795236394771414
1,2336,31.491291477684783,26.516207866112325,8.11031336570741,83.95006193501203
1,2337,11.810513080609262,9.848508788628035,2.9660891482502536,32.194500627960196
1,2338,5.972840293269272,4.855763614390423,1.3930939048953805,16.9895024207131
1,2339,22.075453863677442,18.64040453116304,5.7056979837367185,58.42727451535208
1,2340,4.17958230953405,3.8475479680463085,1.78059145529007,8.516436512285269
1,2341,410.7157711296061,355.751819716261,114.59675374081087,1019.3832777828865
1,2342,4.400612138219663,3.9766440531834295,1.7436724656650533,9.543519861520997
1,2343,0.6249113344738646,0.5747140259526027,0.286134356479419,1.2207328960687176
1,2344,84.4088600272376,71.72286667886152,22.493485642040405,219.75339778443413
1,2345,2.543665704694874,2.030879769412932,0.5203718884878786,7.633639013387058
1,2346,20.616847097870174,17.31493008256535,5.254964141307721,55.33345936982288
1,2347,7.400957800316513,5.964138966987241,0.0,23.51831524076691
1,2348,5.925808195763441,4.629513985298676,0.18625858684658256,19.054460130123665
1,2349,0.6102857176005295,0.5452848917191153,0.23565500356817579,1.3718356470903619
1,2350,90.43036797077248,76.77691574121756,23.95573342967323,236.441332077391
1,2351,0.2760661311631348,0.25978116060878376,0.12975207422828475,0.5163803536793351
1,2352,0.33329939772872225,0.3016328571911616,0.14551090609594178,0.7023410030518379
1,2353,1.751017525404409,1.5184408875247861,0.6264361356201431,4.2280618763500195
1,2354,4.645836726799975,4.146786971019085,1.697611178391076,10.50394598280601
1,2355,11.795554909676854,10.912899100113934,5.2173729689528425,23.40070134761209
1,2356,5.813635756015498,5.363656691695967,2.528675560655497,11.668866390334193
1,2357,29.03308524524648,24.305495590883687,7.37846044790153,78.42447190021974
1,2358,26.96969078417085,22.46070773898905,6.678088353716777,73.76246591830987
1,2359,2.2057511963935448,1.8018742152647191,0.5202232689077577,6.281419405419749
1,2360,83.36936875302875,70.86013629445051,22.266636626973362,217.7597150873222
1,2361,21.950999704977107,17.904392907567278,4.427331067728151,63.03056771419921
1,2362,13.508729240576931,11.294755675980635,3.385042006061082,36.505936470240506
1,2363,0.16638246834035894,0.13274190695874355,0.0,0.5623583878155064
1,2364,113.22114493740648,100.97079411276061,37.25511047480918,259.06351232279496
1,2365,0.036425323455449764,0.03413984112070424,0.01689292673790548,0.06881417024206417
1,2366,0.3441381549400034,0.3130035353768902,0.14979859603932055,0.7206203851499386
1,2367,0.02075935273309223,0.01828713161863013,0.0,0.057066417841779786
1,2368,0.11309421542496467,0.09977349236683442,0.0,0.3126020985349636
1,2369,0.810340187292845,0.734888229934948,0.3237074184536943,1.7404161474356232
1,2370,1.3140083764792965,1.1662835672407361,0.3959170271533399,3.085869414068299
1,2371,0.07779752115175222,0.06855584363552861,0.029924521170725336,0.18043609610103573
1,2372,0.03835115785030705,0.0287547203976182,0.008767342304165975,0.12737953334739
1,2373,0.14648110903434883,0.1361761691401665,0.06266148248388166,0.290029078790903
1,2374,0.021014469110557307,0.01956896222003564,0.009400792281492749,0.040815518368659515
1,2375,0.003459294835266929,0.0029111556188411054,0.0,0.010906412189732253
1,2376,0.05030100890808723,0.044188996237487,0.01859283399156716,0.11504884016872394
1,2377,0.55406146929912,0.4696263005110104,0.1677316849793145,1.4329286904601335
1,2378,0.3565579566873454,0.32338514574567045,0.12588644904234073,0.7779368537766266
1,2379,0.037594639520251605,0.03522958571009666,0.017327505481430697,0.07145895179228491
1,2380,0.3472049949487125,0.2529570465624588,0.0,1.280892894708507
1,2381,0.4903961988393486,0.39392601889578105,0.11867677022744076,1.4379565640759306
1,2382,0.02091936347940167,0.0184274428455502,0.0,0.05760622686514599
1,2383,0.0611287065937703,0.05666165186595895,0.02591929590301268,0.12103702996326962
1,2384,0.07192186804613294,0.05732856689722296,0.0,0.2391750398383354
1,2385,0.07836790063645832,0.0735582259707251,0.03656623133116292,0.147946412778228
1,2386,0.025641968976118278,0.020025891359845623,0.0,0.08683171069474516
1,2387,0.005443141505348252,0.003408743348283435,0.0,0.022678351208546953
1,2388,0.061908416510512404,0.05172461678841605,0.02406807545831182,0.1555017188371643
1,2389,0.056266343138514974,0.05182531113808419,0.019527136412999392,0.11878406058492702
1,2390,0.01601534320044128,0.01277182659987806,0.0,0.053099774890670734
1,2391,0.010199883735773409,0.00833360116869502,0.0,0.03345870394778646
1,2392,0.07816551431952261,0.06734197637296138,0.022032244492419206,0.19743170172570046
1,2393,0.0515439619469145,0.04149769162706393,0.016447474178381095,0.14761207234542015
1,2394,0.015962959756729386,0.013298501811857476,0.0,0.051023314986695746
1,2395,0.0005706702800282027,0.00032665545942088016,0.0,0.002429647917402022
1,2396,0.9943645267777537,0.8440870537052276,0.21153036076151657,2.692191047348654
1,2397,0.01765365026423137,0.012736930673651805,0.0,0.06743434028177518
1,2398,0.01921665444545212,0.01784343744267464,0.008226476356881755,0.03807054039207936
1,2399,0.09706294103384158,0.0769876478120919,0.026138934013862976,0.28868687526030734
1,2400,0.026081017232844932,0.02431399461093224,0.011598373943835859,0.050642341263842684
2,2301,378.4008884515268,360.04345594256756,205.0059804932738,658.168169356776
2,2302,742.04422740411,712.4321381692348,417.8243710402879,1234.301915418007
2,2303,122.71865600098232,115.80529991392194,62.247124353068216,222.98358447239025
2,2304,325.024251446198,314.1438754277642,187.9334992060519,525.3216651220083
2,2305,426.3542453852498,404.34142283525046,227.81181640371892,751.2034937047397
2,2306,584.1777966569982,547.8941535972144,296.56242836459796,1081.6840164438129
2,2307,594.1959874158492,563.5142441185494,314.9002124002289,1046.306265584808
2,2308,429.2432251659857,411.8371515651121,238.31136696029745,720.6299605897775
2,2309,2556.890517384735,2521.5474663411273,1811.2732271970203,3508.9223568614016
2,2310,506.0767256155967,485.39593696642316,283.404612965768,848.8040997603744
2,2311,4167.310933643451,4116.441854386557,3028.1023808739437,5575.17919116464
2,2312,284.3357633158363,278.2683735807059,193.94848993859776,410.464527983958
2,2313,5610.096736523421,5533.284422102497,3928.185650903428,7738.606891479576
2,2314,655.7498973075392,632.8292774587434,421.1817266773283,1020.9207683996391
2,2315,2695.9556249011457,2642.8432722015186,1821.0704353475892,3883.2580989279627
2,2316,1123.1838236544654,1094.3871412557792,744.45202884765,1671.3073132610477
2,2317,12714.602403554023,12537.733580815195,8444.870637786971,18016.326498735827
2,2318,2108.3263454046323,2056.7506023781516,1392.5539535219154,3121.40574121498
2,2319,195.88374390542756,174.1288414329809,96.05033829799618,429.7658713179424
2,2320,1710.101278705553,1678.8601123280055,1186.777537933677,2422.518610599847
2,2321,169.70838222639944,132.48499418508283,52.80832192674023,508.8146361207663
2,2322,2417.0396363356786,2374.643319603647,1671.4465243227044,3405.8561251023416
2,2323,107.66548586304026,93.2222835385146,50.399531848875554,256.8228824237202
2,2324,108.8823770902136,103.40617195194132,62.76452809089305,179.94612513397126
2,2325,2438.3589712013654,2391.5107144357835,1664.7053888450296,3477.8363061920545
2,2326,2964.7727263118827,2912.3977845082554,2054.4828598765735,4178.938722280657
2,2327,92.74153501349585,91.62312876555924,67.29921365449553,124.4692927203643
2,2328,5767.994144740288,5690.717692155384,4101.653568685438,7888.158394405151
2,2329,714.1667198928964,665.386593990507,348.88481550734065,1359.5925411758267
2,2330,359.28685958582906,345.9233372634345,230.17344716352915,567.5547202309393
2,2331,633.3185372659461,585.372531690174,297.80787482599186,1246.9125269417673
2,2332,301.08570071973895,280.24635632130935,152.7366948456505,574.0967964412772
2,2333,437.10117467165026,403.4375977422368,210.1180983170959,861.1403690607387
2,2334,709.5128945380627,688.2231282616553,464.80835404030535,1072.9914924961572
2,2335,318.8741777582145,287.93843836396894,143.28552420312488,675.3450282465765
2,2336,2134.7176549861365,2085.659396388057,1421.2838791613005,3123.0620675693763
2,2337,308.89258988936535,290.4664506405594,189.67742452912924,540.1993336424489
2,2338,270.0421710693605,249.49320638596646,151.99458331528749,506.3297836547547
2,2339,1361.9506262726113,1334.7386068925766,937.4372947107513,1942.6147292235285
2,2340,729.5360115728577,691.2112652226302,381.1100237997348,1298.5647052628094
2,2341,6046.9765653904615,5958.588865477188,4246.079553715608,8368.870862909342
2,2342,898.6196089086197,832.7441732468292,429.7508536813073,1734.9400523470827
2,2343,116.56899605024505,110.53614783584388,66.92246773354418,194.59232704610307
2,2344,4010.206658627892,3958.139096412732,2866.4098364126357,5461.573021809552
2,2345,389.7689744400013,366.775135017573,229.293384960204,686.9770902600177
2,2346,803.8649813551159,777.8185581975192,515.012570931503,1242.470823862452
2,2347,1832.2850140034127,1753.3972028330982,1037.052652381663,3095.276225246534
2,2348,682.0269435386967,665.9677133453666,463.1421665317126,991.1166077133907
2,2349,197.623520535018,181.68607354846418,94.92441806203418,393.443661598268
2,2350,3484.606311372688,3437.901556836984,2475.9072609742398,4778.210401342465
2,2351,63.857666042610106,61.9714968046497,37.84639630191111,100.39040216207033
2,2352,168.8059598065169,156.60993825732024,91.75429047770237,316.99218287866563
2,2353,417.60114134327904,371.8300552028211,178.1392989649358,925.4415530721637
2,2354,927.8672499926536,852.8200023194971,400.8983132262732,1887.8971148283222
2,2355,669.5655212309554,637.8100808183015,365.4654981430028,1159.212008927158
2,2356,791.8109868949142,752.7113624124524,422.3958447217419,1385.579753517339
2,2357,1907.8006583414563,1855.8247768918523,1239.8883376993747,2872.25111887412
2,2358,5879.019211714313,5791.590431041033,4138.041648482379,8133.900649474327
2,2359,210.96839509945247,198.01939023650817,127.7486272445265,371.27518900959575
2,2360,3679.8478580047577,3625.7371819445316,2597.783523197664,5078.175622891877
2,2361,1055.1209788882218,1029.4696374547002,710.3851959016257,1550.2814166191479
2,2362,291.8195038793496,277.2403791242663,179.18663168919926,491.4848654762862
2,2363,208.18251726711497,191.16317130951316,111.26696922264597,409.6350365007747
2,2364,3299.748295129021,3231.1257544542455,2195.200283391573,4808.79701282552
2,2365,13.8606685804301,13.442014410773119,8.167918141505067,21.909891425168677
2,2366,113.22305684096555,105.68629764346453,62.17432875301952,208.65042788781037
2,2367,15.0313815613672,14.53371089294696,8.651326993839978,24.24302336497792
2,2368,49.43986233587804,47.97089076347417,29.449462914333623,77.93354900920137
2,2369,276.4425587990132,259.2054222791984,141.65070623897128,512.1804124108895
2,2370,280.5163330984944,262.36997333700856,143.70415002339402,523.7140566866179
2,2371,40.20809903685829,36.43402860097071,19.434531045015053,83.98647157495225
2,2372,15.29317070342238,11.806458490623745,5.859748901887263,46.8428010199394
2,2373,54.33907586037796,52.67962578990213,32.102962627665235,85.9216913305373
2,2374,8.121263860766065,7.862663090431692,4.735586493811239,12.966297620138311
2,2375,44.42394650660277,43.13592607403912,26.49178155078776,69.98465470673942
2,2376,21.843557048064742,19.957333496305164,11.74430618265989,42.3905291636691
2,2377,172.9022730815025,152.42107502053852,65.31830232451581,402.5915227014786
2,2378,173.3322738214604,164.50819063103705,97.65461486259989,299.5319388489388
2,2379,17.352662032125743,16.82821905078106,10.348570447384894,27.406030889573763
2,2380,63.41850062918082,62.68146813980067,45.67459098986031,85.41187730135819
2,2381,268.02386085418294,225.91664170292367,84.62815540224919,703.2021644112347
2,2382,30.360711156985378,29.486500081469806,17.97240413199762,47.71590035583654
2,2383,22.749132874806463,22.04812405616508,13.4857059329066,35.91510468847814
2,2384,29.345221446728967,25.82154712933444,14.656759001941941,66.70480904295565
2,2385,14.350444128697868,13.917313522150064,8.47097908358181,22.713896197504777
2,2386,34.862298111523025,29.35547200733844,15.408904198050324,88.38779140127548
2,2387,47.80025920158772,43.69504318924858,25.587354663146574,92.79332422771013
2,2388,14.427432345242106,12.318453859194156,6.982546184758644,34.26968881846079
2,2389,41.27609790539487,40.036691229712815,24.424181834638265,65.22064348251428
2,2390,25.600933234199797,22.992691278332654,13.406518421447748,53.11661751038858
2,2391,8.031593534428549,7.76288827951298,4.576649904216436,12.970215995399053
2,2392,37.06625957849884,33.36310777013904,19.280501228344566,77.50982578853937
2,2393,30.771805212796842,25.3393687331759,12.458342808751185,82.42632711152281
2,2394,17.23946449723799,16.7326642265592,10.228322728817501,27.21744098751427
2,2395,6.934678175546818,6.709274515283598,3.952739833266925,11.223590033049474
2,2396,139.8559093437753,125.42490070303239,64.98204329306542,300.1236425911344
2,2397,47.96859566452321,43.18842685740853,24.784022417652373,101.35386374862031
2,2398,7.193684739883805,6.95550872401105,4.142528855822529,11.549538210406077
2,2399,23.521215032032476,19.258440862064074,8.799690465321115,64.42722990869461
2,2400,9.788289993604067,9.467435614735468,5.648986441326826,15.756398264131764
1,2401,0.010984845886819292,0.010234402508498084,0.004849857729901457,0.021441812168142987
1,2402,0.020682508128598946,0.017240881963537513,0.0,0.06365699294495131
1,2403,0.21491661557514813,0.1918035992221541,0.08872681430366604,0.4765167123797071
1,2404,0.18752323516104163,0.14341482784673604,0.0,0.6755564070360996
1,2405,9.845461831463645,8.0610038786726,2.2232540219266754,27.846346637640515
1,2406,0.07273551104571407,0.06832842114985485,0.033697524221772385,0.1370011569405197
1,2407,0.053098389670261203,0.0,0.0,0.334304320917299
1,2408,0.007105361192409758,0.006072899576656833,0.0,0.021583087700564926
1,2409,0.325598410014991,0.25303376606257677,0.0784501557769016,1.0026700661974832
1,2410,4.4367102796541555,3.6558980460232346,1.0711571661294117,12.382519598679357
1,2411,0.015649160129686528,0.014039576714565065,0.0017490960573831864,0.03835765886256875
1,2412,0.05180643940889998,0.04870278780174279,0.024223042160833323,0.09722845689298536
1,2413,8.844030715763813,6.740140544765813,0.0,30.289551671489566
1,2414,0.0075821737974162045,0.0,0.0,0.04429859646325594
1,2415,0.23404503495737738,0.1832549700853372,0.056924059837971296,0.7206506095216973
1,2416,6.9106959628401095,5.299592992334624,0.0,23.113445676086144
1,2417,0.04791048450404947,0.04059405747601179,0.009124047982773945,0.12539203253628842
1,2418,0.08010300312918865,0.06193951964120172,0.02043027863154483,0.24833446693569686
1,2419,0.010773022105773715,0.0,0.0,0.058959875722393966
1,2420,0.01768025080434237,0.01621709456914544,0.005953852433039706,0.037703799892255085
1,2421,0.04473474232497877,0.038224591816771986,0.005467577326966759,0.12043942813284936
1,2422,0.044020606747644804,0.04123970012819658,0.020252326141135937,0.08369724267999652
1,2423,0.03307228583860421,0.030986068483244443,0.015077409708168461,0.06323084453382447
1,2424,0.06283362940501133,0.048799489814910224,0.0,0.21425118333300383
1,2425,0.22616056348337304,0.19135275238120675,0.08715487757637978,0.5768018538698505
1,2426,0.6658183578651989,0.5264956331675371,0.13894117094615316,2.030321568268029
1,2427,1.5184231959541867,1.2671995543451133,0.3908023653019938,4.094324295908176
1,2428,0.42538910602420305,0.39874993006481374,0.19961783949853165,0.7974885303403425
1,2429,0.2693868556381742,0.24332089973559315,0.08681219297264414,0.6033256577069234
1,2430,0.05936607438895799,0.046946291125977216,0.018431169223533276,0.17681332485353354
1,2431,14.291366292217148,11.961684087394136,3.613625556821794,38.59663377733939
1,2432,3.5855966547809563,3.2682013108162256,1.4833037907905977,7.522423734354252
1,2433,0.4497564099271874,0.3901514403088321,0.14949657248519943,1.1046488195351434
1,2434,0.2827867021367835,0.252637026206345,0.11797967745698552,0.6110699023020245
1,2435,17.168405728752873,14.456329462366693,4.43090916255459,46.083582619303264
1,2436,8.09433172092258,6.767753042432384,2.041856349564052,22.113731497015788
1,2437,7.590683644591559,6.307022232655674,1.8836531349968941,20.929736803001074
1,2438,2.3799995695766034,2.0708160054110767,0.7069504223598805,5.844151689362419
1,2439,0.497554502544191,0.44391732224828,0.19121876772330548,1.119757708345405
1,2440,4.205055810339694,3.29468297039256,0.36677748954827166,13.249206927720056
1,2441,13.027654595456182,11.630782282267715,4.507762106297311,29.642608593022533
1,2442,4.312593362171015,3.5323874944892353,1.0085397916606615,12.270415979056004
1,2443,2.094193216817024,1.950813444349536,0.962000632909739,4.060627945459756
1,2444,0.1690052549688705,0.14849822832013088,0.06385574814239303,0.3982062235103898
1,2445,5.8759582087714,5.242192329439673,2.2722158508235615,13.170607585400885
1,2446,1.471800391015288,1.3371763234097866,0.5580419963732037,3.162416690675679
1,2447,2.508165296603153,2.1072444226082467,0.6489977566839457,6.650186024062977
1,2448,2.7834564741771355,2.5385987386425883,1.1505380237974834,5.836064277721744
1,2449,1260.6322680028065,1169.805871128684,473.6729880548793,2571.789144243339
1,2450,0.3214672173750859,0.28419455419290657,0.1250709187333841,0.739254196589877
1,2451,0.8235074762037035,0.7052571139566248,0.2460123589295692,2.0847905386398007
1,2452,17.91054461267533,16.27325863759534,6.656242571705445,38.4255583521795
1,2453,0.9879713106561969,0.8875762640421293,0.39094831958324616,2.170382348893652
1,2454,11.808933881394042,10.436925915980098,3.549006052703141,27.975506903825647
1,2455,0.9607674999034733,0.8477700282210703,0.3479193491119039,2.2364134455536187
1,2456,0.8271628837447703,0.7533113495554652,0.34646093114701154,1.7387808679192058
1,2457,1.694772971479666,1.383305768086872,0.3662936011630498,4.834719856419931
1,2458,3.2230841413079796,2.9266902253437594,1.3666339459943584,6.815366896096263
1,2459,6.851219322592551,5.688874701318193,1.7020404695875646,18.807125659976972
1,2460,0.5145906165221895,0.4513773580898586,0.0,1.3716001313963082
1,2461,0.168291280667824,0.15299535132642028,0.06854705458074084,0.3556286024195349
1,2462,5.084244541891746,4.15022304909422,1.15986702464463,14.521418686600068
1,2463,27.04942214102502,22.722855590577897,6.992190437387955,72.40346199964891
1,2464,0.9545675622923306,0.8418911464037713,0.32893599775396193,2.2306715242344777
1,2465,0.4970183664012358,0.4356971580570023,0.12581101890444232,1.2230206814015396
1,2466,0.362938287653126,0.3345564580025171,0.1626956648676552,0.7169955176736017
1,2467,6.051507734084011,4.945603744142283,1.383037793847708,17.28029456922648
1,2468,0.4753093002943844,0.4276486959817535,0.18626547007175429,1.0443010516799385
1,2469,0.37577254425024503,0.33209686483390766,0.14567693368734977,0.8639205770499189
1,2470,0.19707244327418977,0.17664156742024742,0.05159948334714572,0.460078139051465
1,2471,13.356915809929122,11.927084998477785,4.760875117967697,30.389348438188254
1,2472,0.13876779506359171,0.11151562363503659,0.04553805311200175,0.40213884900632374
1,2473,0.649521299780145,0.595505231574278,0.2816336447401429,1.3400763860442944
1,2474,0.4838722241651446,0.4100636382883154,0.14374794269365154,1.2677530646664832
1,2475,3.092470696491634,2.5744325307675817,0.7716868430399638,8.437975978931803
1,2476,0.2977705206579769,0.26337531598849045,0.12407640940524203,0.676096607398761
1,2477,88.66811720869696,74.36017447750285,22.43551755020036,238.5518871362939
1,2478,0.32917196737100823,0.2909464967991534,0.1288551045455421,0.7543084889813435
1,2479,2.756285827111796,2.521484088799834,1.1596650640361237,5.69933332380429
1,2480,1.6870525498056108,1.5485486717172416,0.7102565631195874,3.46404846422283
1,2481,0.06752055443140866,0.06295810755755553,0.030049022525209308,0.13094124036302568
1,2482,1.6213438776228832,1.45139636722529,0.6080307408437267,3.6172899885984835
1,2483,12.038745236381146,9.921874604174922,2.9492717711046152,33.35798229916217
1,2484,1.2572402388516337,1.1389720877353877,0.48918967977216127,2.7161448885168338
1,2485,1.5321383843370078,1.4049402081794697,0.6551631026489954,3.1662931618829537
1,2486,31.015241816530782,27.751139651145294,10.919880827752007,70.14840466842998
1,2487,2.0991243584097172,1.5898766426478685,0.0,7.312612662066982
1,2488,4.279719725266488,3.56089776844351,1.0789040294664625,11.661965118536152
1,2489,2.6502228676099504,2.406752450792518,1.1217878448695875,5.613755936975165
1,2490,12.691678208290956,10.9106613964959,1.156514957527218,34.392322576034935
1,2491,0.13248262483998585,0.1114876710651472,0.03157820803080792,0.3575386888645711
1,2492,1.9150955722800098,1.7351080477756842,0.7699702846892507,4.095724163190395
1,2493,11.28416848196039,9.490278265399127,2.9340687573255058,30.054975239976386
1,2494,0.05549999369478037,0.039203675699461434,0.0,0.22139505347588367
1,2495,0.14117596444316483,0.09485096766533427,0.0,0.5788286498872163
1,2496,0.331211905455765,0.29722951342733717,0.135422022959983,0.7248600980439571
1,2497,1.1701083553116656,1.0742085051867467,0.5012840149893474,2.3891063201262415
1,2498,0.5082356348920627,0.4545822876869967,0.19457206410394232,1.141216557600154
1,2499,0.08009026816887181,0.06143236840789346,0.02522071191729771,0.2533809051504371
1,2500,5.234669407902179,4.425775791618101,1.3706842483896897,13.861692951838604
2,2401,4.396827807618755,4.2378912947202725,2.4141037253175526,7.290235103159395
2,2402,43.376585395716866,39.92462122838381,20.431707477482632,86.49963924485392
2,2403,81.04934201533347,74.3863614839996,42.892549704566186,160.0881550661681
2,2404,235.68464242852565,209.00440354904683,107.34514240283282,522.4440034722072
2,2405,633.4116171836491,611.2034308012268,410.50322545681985,985.3001201715225
2,2406,19.245191166487263,18.66598390633039,11.382398540631895,30.437564634888584
2,2407,74.44062128437551,69.88220799650158,42.74784133630429,132.6820473741433
2,2408,12.597271392692964,12.204049016853311,7.391005341473105,20.05187894105005
2,2409,66.97844198736253,53.499556250447306,18.60250787715508,195.46954555180156
2,2410,306.74299073296766,291.32148753258423,195.3908894139919,511.18559534144094
2,2411,9.381057026043663,9.073014583721076,5.410083739507865,15.06792472800735
2,2412,12.568295859386225,12.174419424949644,7.378433494718706,19.979112076981902
2,2413,2094.2396289248513,2049.055422307694,1416.307334395348,3042.2049524386625
2,2414,52.80498587616898,44.836831759725996,23.337302749888487,132.09579046751261
2,2415,140.01924074413824,113.5061456494634,45.11910356379712,393.11459136030953
2,2416,1257.9404734939303,1231.578694533352,848.4883336165138,1822.4396838629427
2,2417,19.57675260601269,17.499102452763978,10.166225423503864,40.889107140040814
2,2418,31.408676129747334,25.256766835206026,10.20766926618161,89.87891625637681
2,2419,51.877679063232875,50.373073422541125,30.912657751035017,81.6439887775711
2,2420,11.697547957095182,11.339684161838697,6.823748922607019,18.70300813692399
2,2421,41.21348620632888,37.21019165035632,21.57749486209647,85.29982614196082
2,2422,17.965422021405807,17.412198547681342,10.533737086105962,28.596353447912676
2,2423,8.753068186860165,8.478657456641075,5.075405278593022,14.0200365418656
2,2424,78.43055418324158,70.06875792984185,29.061975392487632,177.67661636866393
2,2425,43.00336412247519,37.030471583462194,20.384368031821136,103.37494773758755
2,2426,123.43264931974888,113.7748693984621,66.94904844355551,236.4612209098625
2,2427,120.33023287638721,115.59481066431512,83.34982472644548,184.2561136661566
2,2428,28.41487366936132,27.538773999192024,16.7431276941836,45.09150819757673
2,2429,165.69505556473013,157.38918968531732,90.43950213892202,290.7201497719177
2,2430,23.072084441105037,18.684605976151772,9.090131950272315,64.19443819798695
2,2431,990.848000472025,959.742257723065,640.5978434773112,1514.54821057466
2,2432,542.1355183210475,506.7242574119141,274.50451244187315,1013.4343512822237
2,2433,371.20506549669705,331.6465637866288,150.42051461672426,818.5916101889044
2,2434,117.98252586066923,108.44345553953877,63.882030725629185,225.6155710989818
2,2435,1447.7644911362886,1423.391816415777,1012.3845176247768,2021.6554713605103
2,2436,1169.656905715484,1144.2474322849778,798.2366360904067,1690.8458850417153
2,2437,453.9818113844515,435.3602992990104,286.9033014985105,732.3327114886482
2,2438,124.41081748257062,117.67599272625507,84.45260847512559,207.95387521353612
2,2439,364.9511066011681,334.74462165608566,171.22228913854872,734.0985921004411
2,2440,944.0354524560463,917.5771968213814,611.0195172693738,1426.8965188402842
2,2441,490.94475856237153,475.06811537287473,324.97479059774423,747.989425648828
2,2442,245.9619181225983,231.3489489346647,140.65108169848222,436.49872972834385
2,2443,203.2430473606736,195.08557855441546,116.49465002403076,337.7520505632147
2,2444,70.40955375670337,63.43750929851143,33.425154829840366,149.89154256684554
2,2445,491.6232186392891,450.06489411986917,227.4389840590639,995.6530986866218
2,2446,513.1547439927749,487.4158321749776,275.09171642012,899.1983922680381
2,2447,90.0984354963138,87.63968062720724,64.01924907622262,126.10048971594838
2,2448,853.2617891809068,803.3360513731309,430.01578608274207,1568.9558970292796
2,2449,19760.618705973884,19513.09092199131,14016.546379806856,26986.643919206446
2,2450,111.60560463374667,101.19892103058427,53.296850033777964,232.33424643584803
2,2451,643.8492792735645,577.0991622822413,250.85641819024326,1431.7331066497002
2,2452,454.6920998784412,446.32206080241406,324.3982491557438,633.8051279857522
2,2453,450.5529363806781,416.1757453966336,215.91117885577515,886.6257869031506
2,2454,420.7234729848885,407.4826118801785,287.5431519945383,631.7257772197314
2,2455,280.00211600175044,254.7699755679668,125.42282794528401,583.4158476896973
2,2456,320.4520069515587,300.66640128486415,172.62467909911578,586.4438053557792
2,2457,426.37586851591215,418.19398002845344,297.2041799739701,602.4347783731599
2,2458,248.7191997434405,231.57865093232397,128.79591463924945,471.2212652129189
2,2459,264.70077585379636,250.1395435554355,162.5714337065483,454.08573974990134
2,2460,743.364163549946,708.3558916315149,400.13684854486775,1289.2239546863743
2,2461,98.69542510927282,93.02343601458693,53.34209558465689,177.85561034751137
2,2462,760.725956348431,730.5698404782079,477.39050169946495,1223.8345346604685
2,2463,4523.754946302649,4461.498810656505,3212.0925171851113,6195.43741172713
2,2464,219.66613698958218,199.8163121792321,89.66495683265752,465.237429482915
2,2465,294.0409824565671,272.39191313535446,147.06928607450553,569.6369111458603
2,2466,147.74895546701762,140.67411782472493,85.10928106280356,244.77507764103197
2,2467,646.0402703449314,616.2350779063136,404.27646788322977,1066.5827028994825
2,2468,148.97929410597962,138.1671322069429,75.6732609955598,285.50999959553576
2,2469,215.42246797822796,195.18986024549915,107.82076701149674,447.32705169633033
2,2470,268.42270692476103,254.88099495923322,144.9741136471079,470.85889944358746
2,2471,257.9239264254172,243.5343518876693,167.40039608771812,436.4071799162507
2,2472,77.57499593013118,63.50617470202228,32.811110679964884,210.875848401059
2,2473,138.39171316545495,130.26273927855425,74.48345506297198,251.4182786290517
2,2474,114.03113688105029,100.48168275599446,53.169867911604214,258.24463630016555
2,2475,487.4042664643471,476.9848227320915,338.732412738612,697.2471474073975
2,2476,144.7501309234286,131.08269134981006,75.72417285719635,299.1021428513813
2,2477,6070.638516048822,5984.845447859052,4315.997997303587,8311.110833962506
2,2478,88.02182366489272,80.05822015273694,42.89859706920792,181.91853198643346
2,2479,311.72381325659177,293.54127849407223,159.20493214409726,571.0271825204169
2,2480,484.8781323747323,458.34141860444566,252.48929274714953,869.9481013967818
2,2481,67.84246984249586,65.84117620917493,39.89883983631766,107.16634517043674
2,2482,334.17227956257767,311.2009704932925,170.18436461904568,633.7133013567224
2,2483,754.1143617241305,718.3989648335994,455.2411506078224,1264.8144352418808
2,2484,816.1055008731471,767.4822665465722,406.7075847734522,1508.09451818287
2,2485,225.81844460998133,212.8159207908448,119.22420759259475,407.3863552030953
2,2486,355.221941646002,336.8600165101151,209.42872270988076,606.1385238791837
2,2487,783.7888819738818,767.7328484704994,549.5372637748499,1112.4972634781043
2,2488,311.96135934409267,300.12045995654046,200.302964720395,491.62211739318957
2,2489,296.9313642070801,277.0103839555878,152.64542320695372,558.4057745558973
2,2490,897.3421120574308,878.5388312726195,634.5685749714636,1269.4871244367914
2,2491,175.3020202140824,155.5891192456968,75.94644225263798,390.124883671445
2,2492,517.8914554006782,484.6684029303077,261.6687760571601,969.6353222163614
2,2493,2048.9750362487603,2014.0841467182454,1440.354801790948,2858.2173233527124
2,2494,64.04770872781613,52.658140563636316,27.02031078274158,171.91631004202134
2,2495,185.58446734804568,177.94278581551106,127.53274603847592,289.71932210700123
2,2496,215.74757749571074,199.64438538586342,114.29410827745055,415.4793709776923
2,2497,211.53640379854593,199.88325248074028,110.76859019144355,379.7640171685243
2,2498,98.71395444742909,91.00850347076647,47.18926699851916,194.724323960382
2,2499,54.846637119791765,42.68192106047027,21.521504428883468,165.59546200456742
2,2500,160.5392932108448,155.21673138519265,107.19846753851603,245.28723915645244
1,2501,10.314579109643823,9.487437444191098,4.398947931160384,20.987687475554353
1,2502,0.0336058450881871,0.028312767401558296,0.0,0.09998683265861509
1,2503,8.277443390402068,6.9879899752025985,2.1503642141613954,21.934210466251837
1,2504,86.68000052663417,79.47018522570318,33.01120290837727,181.8084635145412
1,2505,399.2151536674192,368.09618414382703,156.81980826192833,818.0231537809807
1,2506,0.5989837661405351,0.5327645013667393,0.2254351560750576,1.3627109917514992
1,2507,0.6082861845584657,0.47786515655602463,0.08115104738535278,1.898199296884459
1,2508,2.3307525114363576,2.170291197233517,1.0404907874043883,4.542757806130764
1,2509,2025.2772553898221,1927.0899813240253,959.4191795215892,3658.00732861732
1,2510,6.40631880938227,5.70606109974149,2.281203121123365,14.643226273812639
1,2511,0.9708055404932773,0.7965428618692205,0.23188007507178712,2.69181797186036
1,2512,35.96139602771288,29.620137052956768,7.902782628774547,100.90148406146024
1,2513,58.729621492546315,52.65055868392736,20.100938320730908,131.92383104801513
1,2514,1.3713785470152877,0.9719579372423996,0.0,5.327148508009993
1,2515,29.641496603608765,25.300865786906577,9.227741942586361,76.14050550347427
1,2516,2.5989194948566925,2.136183939720966,0.6426954401599403,7.223721715454576
1,2517,3.5033200077356748,2.7669576499769604,0.7582994569422535,10.622552122623658
1,2518,0.5073392956579826,0.42765611584416463,0.15003884774609347,1.3378512384336694
1,2519,0.8655750870252507,0.7894981231367454,0.3639342091687134,1.8046223442203266
1,2520,37.49598633555451,31.58907014105198,9.60083582461131,100.14502823014215
1,2521,1.3509512888314215,1.1667070999974036,0.4729268280650642,3.305442429823484
1,2522,4.9533347727667305,4.568090440491811,2.1858376941547157,9.920793386501185
1,2523,37.37561053455643,34.072611114223214,15.312059018716447,78.64941169645266
1,2524,606.5486503809968,574.6621167153281,265.44025730945685,1130.3087115839987
1,2525,600.419377272787,568.3067330494923,263.1393344649037,1119.5511594918648
1,2526,5.381771478533651,4.9282008889497915,2.2845613008258217,11.083070269467433
1,2527,3.121153280569252,2.725493119344016,1.0165266856775477,7.5026485289696785
1,2528,70.99479169712487,66.22922141963387,32.881938683059815,137.25146937717628
1,2529,21.3284758568124,18.019031226275786,5.724722477073788,56.04767979656949
1,2530,21.384968338885642,20.161515817588914,7.344504843631669,42.299870174891225
1,2531,0.8015103441103676,0.6945661525844562,0.22296926870934802,1.990371007753885
1,2532,156.64757268615858,151.52823103340683,80.41734602363435,260.9879607362729
1,2533,90.36192118331181,80.53611185200072,29.522551100198317,208.7764088744737
1,2534,5.070947397255001,3.9939859858373468,1.6815472595425995,15.36701065675684
1,2535,78.55018227253804,72.03845409641184,31.28598209398239,164.4273716125073
1,2536,1069.884948882844,1033.4722856006515,567.6245062838512,1784.8032765030043
1,2537,0.7330727437479658,0.553155324462222,0.2072426387805684,2.3573000535551145
1,2538,5.671689731037379,4.631180136701509,0.0,18.064489908553906
1,2539,259.9643088547795,224.6293504101709,72.14442532801726,650.3038684607338
1,2540,7121.817958648101,6812.220203489941,3500.111990831602,12520.84144523662
1,2541,5.686503594811155,5.0106816757776365,2.097668776864757,13.159981606754233
1,2542,0.07760741047853596,0.07229982344169901,0.03381598640636559,0.15207125827705326
1,2543,29.76421193970603,26.531689843408145,8.898513677085507,68.80188878041129
1,2544,76.50815755371146,63.70862211916524,15.867156106759488,210.51170495902807
1,2545,4477.1579031308065,4391.000319535762,2884.6115547861154,6559.217127419049
1,2546,188.47250491272726,164.24898849241777,53.43138721540558,462.6432895468045
1,2547,1.046199112743931,0.9837557257719376,0.48783175987664434,1.9668364927699251
1,2548,0.1690331923446457,0.15847269666646335,0.07718707875337909,0.3206652564955767
1,2549,3.143819633568795,2.9589040510364315,1.4729019529317264,5.874626923092667
1,2550,22.225753604513315,20.14777405430543,9.368294613055019,47.18541371535141
1,2551,8.703287668473541,7.069788943807117,2.0301873426448735,24.92608661404227
1,2552,132.28102461138997,125.00188926115374,66.31023896452989,240.05547964532767
1,2553,115.18801212884752,109.06535237364848,50.808093275796914,215.28386267313942
1,2554,1.4512694308120653,1.2496724112624498,0.5471663385938055,3.549660585227394
1,2555,2.4049115896645192,1.9970299528478543,0.6088878959887636,6.569881622662081
1,2556,1296.4006070223115,1230.1878176288624,482.570092502782,2475.9389187635693
1,2557,3.111462857032827,2.645556844600217,1.1064964286678451,7.956443256341082
1,2558,5.809322721233204,4.563944036476615,1.329275556688063,17.678959035616018
1,2559,9.429853151275996,8.66731489629936,4.018620968522286,19.23971431756732
1,2560,0.19225571184940557,0.18020712097904076,0.08921697320954196,0.3639517608408516
1,2561,200.02107957040567,194.3467783824143,111.64895498120373,321.24270022936753
1,2562,8.578387265522855,7.904760740538817,3.7106270918509314,17.321680066212306
1,2563,0.7314001966322128,0.6860607026575821,0.338610215917802,1.3867865535829433
1,2564,7.604916077589922,6.270603670115287,1.850542172646034,21.14563242449242
1,2565,2.0247004858205186,1.7756776456899646,0.5503962600149308,4.923204274936548
1,2566,0.4872709744920372,0.4580999258652426,0.22918368852424392,0.9128150203995256
1,2567,1.5939131341355375,1.3590169170534523,0.632758531067449,3.9871182987866973
1,2568,8701.361077464471,8520.78533274767,4987.208902001708,13459.462043258754
1,2569,0.456316918836347,0.42815406754109864,0.21061699871054737,0.8620532190380771
1,2570,2.5835028685941936,2.303182600689733,1.096071977209869,5.759045710775256
1,2571,395.4257032343122,372.52290007293857,168.56248662721535,749.2011900388943
1,2572,1.6009673113667513,1.3852970256975028,0.263829874795134,4.156759329534159
1,2573,3.8552729657480413,3.025442961189194,1.2448262005686284,11.653158176585988
1,2574,58.93396032907364,47.5930069620962,17.642817058301034,166.39501182715534
1,2575,216.03811999116178,199.7543466532992,72.60257493364122,452.66399186400423
1,2576,6.175483159575085,3.4958308524952253,0.8760010086231628,26.127132363716896
1,2577,4.695704542144807,3.821352023586358,1.4575897324062996,13.196724504375451
1,2578,0.8506249908891209,0.7958123742809409,0.381292580585085,1.6253918558522467
1,2579,7.50100327276492,6.934820770948269,2.506601130516062,15.73417176823075
1,2580,3.0422242703687115,2.8474118032062155,1.2508728432084961,5.972865772418892
1,2581,0.20941171435879133,0.19308656089473278,0.08016904112639321,0.4340157332998119
1,2582,18093.071341807274,17575.941845452064,9696.29574450557,29407.896547472912
1,2583,5.306966308686876,4.69897129393388,2.098980483834231,12.15381846205254
1,2584,5.4808226506986575,4.91855931419525,2.033964622590495,12.13305703601585
1,2585,19.906019597460542,16.88398241129177,7.217002982139362,50.942959280555094
1,2586,1882.3385364329426,1754.2895204156118,740.5092648154933,3753.387169280942
1,2587,45.249405512753995,40.98442645011944,18.77452275528566,96.87482211761143
1,2588,0.21514573047213034,0.15468273893648832,0.06715871630322558,0.7488114251600457
1,2589,18.459783929367113,14.807836450372838,5.10116991581638,53.426630852785095
1,2590,0.9234875166808991,0.7344256267651639,0.24429327730070136,2.612765627070505
1,2591,1.4729872975881162,1.385537772066738,0.6955743347472276,2.7535664828698785
1,2592,38.87855092070733,35.33900142623511,16.81425818554969,81.85299063287718
1,2593,175.0750255175709,151.61400761133055,48.14816000359509,439.01051941303757
1,2594,0.2142102528748578,0.19950343453229594,0.0908585833255642,0.4219187578358663
1,2595,262.7766464484671,244.84458739650358,106.82916498908678,519.9951476610797
1,2596,666.8554141883934,581.5560460171064,190.03354156839424,1637.1261592856097
1,2597,13.691510832428902,12.209710558011079,5.301040456748612,30.738071436836645
1,2598,73.73958491949243,67.0842363072472,23.95746835874816,162.25451469311022
1,2599,6.331319466707501,5.435857313226694,1.115610988541229,16.818128393995536
1,2600,5.643241054099328,5.140165116201718,2.348465806530922,11.868630054985928
2,2501,1085.2763211084937,1027.126191391208,563.8311640768907,1939.7767499665497
2,2502,308.4632217943714,283.24969347473404,152.53671310323327,615.0104131915455
2,2503,468.6429402702224,458.28472003210777,324.53685918457273,671.7010886646401
2,2504,860.2979725732553,837.6139453927499,571.0940134139541,1278.9605957589267
2,2505,4057.5101838248,3991.063396434636,2817.4176442194616,5683.778371358451
2,2506,252.4030889814803,231.78512044668275,120.0930721057066,506.06612008533995
2,2507,126.60328729848537,121.23612868751164,86.6330176194203,199.11055379158498
2,2508,1295.9845902282404,1243.238929455442,714.5555829883347,2179.782767426048
2,2509,15070.716367435949,14871.41913112664,10750.261459148422,20502.605343140334
2,2510,187.9178073084259,177.59245136653539,123.14430672266391,317.68473893247136
2,2511,99.18064483139393,95.3737447119853,68.88263311190856,149.39122917786412
2,2512,2102.2660899735697,2063.894934921732,1451.2461333002245,2965.8475539616347
2,2513,2054.6403958065093,2019.5202523940916,1451.589040599824,2853.753842768006
2,2514,553.1065310069755,541.2613862376693,390.84094900688814,780.1133646612153
2,2515,250.5406767255781,223.24195567208082,122.35157430293063,538.7691166433356
2,2516,170.04520666155454,159.19090990585875,107.2410575019576,297.90062147501374
2,2517,298.95616592189066,268.8374355654798,153.2827829553154,624.204596695996
2,2518,196.14202366164417,170.5859353982187,69.6526722188247,468.7321082540063
2,2519,341.6860262660004,322.01060235183667,181.33075934827542,617.5368630721039
2,2520,2098.8924177962963,2045.1850845412368,1374.4328587744878,3126.0401679159513
2,2521,281.4603804471599,249.45338332859296,117.91538370062723,632.2009770898184
2,2522,269.4685935964976,255.294227777642,145.51939366519392,476.03592729876766
2,2523,393.30423195440886,367.18929743566366,190.49490141767242,746.0978659547919
2,2524,2071.6481902039923,2037.326727870845,1375.892251084958,2956.959175994856
2,2525,1578.477142079953,1539.0711346445541,966.9124267285958,2417.5618880310117
2,2526,723.9972624880784,681.8943571670238,377.5800978411641,1318.1853780285733
2,2527,289.4926799239431,263.6878913275581,126.21012586145568,600.062533421893
2,2528,536.7857554219815,509.811506446216,294.3368706665913,937.0218926852422
2,2529,196.22703223742056,181.47890735405582,121.05163781491846,367.7329901479932
2,2530,36.95890598169827,36.76293197128311,17.475364916786116,57.63772564384647
2,2531,11.480481279133645,11.314625530953279,7.933285854945929,15.92825042696451
2,2532,210.8098834606658,205.42641147971153,122.47482246678871,330.5433892629408
2,2533,750.867719412245,714.6906448387099,417.6771602564207,1293.1582808084443
2,2534,56.791424397689475,45.30917757757851,21.838182342206572,165.72498835253325
2,2535,238.74598273453674,224.60696356405964,133.90573590382337,426.17048380891754
2,2536,841.5763040166667,806.8157987703888,412.5245074980903,1471.1010695284865
2,2537,43.78514260869831,33.602262038360095,14.686221779308001,135.2704253641401
2,2538,334.4089072024028,318.88124338028246,183.81196378155838,575.2890304874053
2,2539,3951.1425683711527,3892.6613344557745,2752.316117236642,5498.303421901265
2,2540,36917.075401462185,36480.247508099346,26203.455887700442,50086.00717894468
2,2541,174.8925932492869,157.8477503736747,76.57195674122326,371.6046530637489
2,2542,3.0011451046435296,2.8835573183785312,1.579406404283759,5.0820170145187955
2,2543,149.3919960632071,144.49056197261342,92.36691783675275,234.64146324388946
2,2544,880.3297978644291,857.8729420905092,582.3214800143072,1306.6962022208893
2,2545,547.9876413830339,478.43978904061066,0.0,1606.3792324751957
2,2546,2305.1056524355167,2267.9899450698067,1603.1152334654723,3209.512296228211
2,2547,53.254465465817844,51.56789024974607,30.85841841965194,85.0565261431378
2,2548,7.727844749121303,7.466006047122952,4.335227987405498,12.593105846369763
2,2549,34.854159138902816,33.70555140661675,19.685453410595606,56.78777279633393
2,2550,334.8010790048015,310.4931365228266,169.0333786768267,645.3833457241426
2,2551,233.42387797782536,213.66587977415122,127.66262038478803,454.26610920381313
2,2552,243.46090385821893,231.92691293151782,130.71874737782753,422.8381467748355
2,2553,321.29509366920894,312.2976072245872,201.95374695646353,494.3282286514329
2,2554,164.42560500287584,145.05633542571127,79.53827616802268,366.85790719373966
2,2555,129.09815036897183,123.63781603589194,83.57846127982718,207.0765026343267
2,2556,2507.4011237992654,2472.891569768328,1368.5533895338338,3846.856865883479
2,2557,128.86216387659522,111.63153765420081,54.6771156728751,307.8796722883118
2,2558,62.52282075909886,52.84274396254353,31.518798884426282,152.28879453874328
2,2559,224.95042303961515,213.99653722360807,122.19610722358624,389.8563835002745
2,2560,36.99629980645782,35.9155273024962,21.73267474384799,58.78424549279912
2,2561,164.9440727814148,159.1328262629058,86.0314245282857,275.3397213060565
2,2562,422.88935187780805,401.5546737833041,229.68307198796623,737.8829535254173
2,2563,51.038637565586626,49.44009439493461,29.505715941007523,81.80586149549616
2,2564,139.65471907079473,129.54448499768336,77.82972610478801,260.55746698443403
2,2565,14.5474944880994,14.365150098808048,9.775234310612282,20.413003227579924
2,2566,16.258063457192666,15.759361443071246,9.48752472265671,26.01514951967631
2,2567,58.976322316256855,51.15499229960132,28.51025009508412,138.64164005905957
2,2568,12040.704462985392,11841.759505169222,7626.947433083595,17581.12933413333
2,2569,12.041324318820337,11.627893597811823,6.885478743960291,19.47686725619565
2,2570,139.0157476345144,126.6960243509404,72.66806614718003,280.96741292665047
2,2571,1608.42812163128,1581.058599465402,1078.8009777239768,2295.6910489233032
2,2572,99.40265074253442,93.29874820304812,53.16387472065528,182.17247848797817
2,2573,31.259928654683982,24.999476589491962,12.767270054164381,89.9644527689441
2,2574,379.2467470258318,355.64249325707,179.75256309732566,717.8373186206122
2,2575,644.5892117681315,632.2077489339063,382.56234288072403,973.9389984690874
2,2576,9.741594274008339,7.141141449637196,0.0,38.004976302801644
2,2577,60.95503230082868,50.647717265612826,22.511772322437913,161.56268029979168
2,2578,16.960202308027988,16.34350842970794,9.223613461112825,28.139379636982515
2,2579,25.557366275777827,25.27133114311227,16.064950256157573,36.665467183825115
2,2580,12.885852590441191,12.306184537142155,5.903912596050896,23.14999725438146
2,2581,38.7532274022208,37.48863129319173,22.23438904701979,62.39630672329981
2,2582,40627.11530575792,40093.16667425889,27357.77231541516,56952.13352324919
2,2583,133.48085780581317,120.84106678438644,63.085027970919484,280.7759708966301
2,2584,121.3763501345058,115.23570005505192,66.23437348354682,213.11072239695275
2,2585,32.61504351372163,28.13881804628855,12.77283257207797,80.0041117901916
2,2586,10924.602142576186,10779.41057195317,7685.834240979848,14963.305497351035
2,2587,190.87575717287794,176.5205939657484,92.60190157874764,373.09576908231116
2,2588,15.05795935277335,10.922979564279881,5.669195561912149,51.56421617851236
2,2589,160.30497481115532,130.9735979872313,50.20158161719364,445.9664667512241
2,2590,20.649913244728438,17.881022654463344,10.298372871195628,46.770564857166576
2,2591,53.00744019621959,51.319161146268,31.170136794196765,84.67181940721308
2,2592,134.65741146016472,123.68098964103288,65.66809996806153,268.1143962374739
2,2593,2086.81652616156,2035.4918406878885,1367.2699273743733,3102.210376254834
2,2594,9.115553659588196,8.753521547139078,4.641881232537075,15.646069242020564
2,2595,1710.8644468491962,1682.47178653712,1187.8860614324467,2396.659246063687
2,2596,8261.036080109861,8158.404710546751,5856.968341638381,11255.632754386283
2,2597,490.8853418698381,450.23453620293276,232.06044433231514,984.8144233569307
2,2598,183.2657198118849,174.49560543215168,93.65183224032538,323.6968331218228
2,2599,380.4415178653587,357.8362313104576,197.03669248796282,697.6679997593385
2,2600,246.59080012442786,230.3841320156834,124.41465585915459,463.16435980761077
1,2601,1.227495157454321,1.010091269260224,0.35102640359827797,3.4118381160966256
1,2602,0.5405542314689997,0.4550157057633661,0.21424692118988292,1.3441022451566478
1,2603,0.9548580859778161,0.8970813597524772,0.43034909888672346,1.8079706284997645
1,2604,3298.8817305292864,3207.6711097772813,1652.0916720905157,5469.018269817613
1,2605,3.163234670555027,2.497907190842751,0.988386899019788,9.416444389284774
1,2606,10.480084815638845,9.432795649470044,4.36643610470163,22.628962646263414
1,2607,3.4331037347094173,3.065730346907504,1.440302793225132,7.621364238856534
1,2608,3.721280325400561,3.276857676645735,0.9395348790086298,9.068732354682135
1,2609,1772.9047092903588,1702.80062454505,824.5213684424235,3119.7966372486626
1,2610,11.824261114835528,10.89697982247317,3.9246097502086794,24.92283198766338
1,2611,7.030452806854731,6.3155813696177,2.946770811693188,15.246681868405853
1,2612,0.08550524077047805,0.07969620604569641,0.03705471631028924,0.16679479656529808
1,2613,4.212067287043385,3.4659199562734235,1.0779313678229907,11.550292808858021
1,2614,3.911103103175853,3.4422533614558057,1.5603826739926858,9.05349451453698
1,2615,6.912246407169782,6.328275239134253,3.0339637159992394,14.254512111720276
1,2616,494.71749620625457,460.2773946287638,170.7202867302193,1010.1272893445434
1,2617,200.01596913501402,176.8379629528116,58.28045808828044,475.09006816326973
1,2618,4.229344419402554,3.8618373204600487,1.7560208193552493,8.87971572127701
1,2619,1023.5703216049079,989.7671395440407,525.1610837824551,1708.1710003886244
1,2620,10.74407320089214,9.375654406596162,3.9467889670694105,25.670428810721287
1,2621,0.06986373511119487,0.0654485626487465,0.032087623651050466,0.13323873627110572
1,2622,4.241082135591757,3.6024103523407747,1.5915091907590748,10.781406498674096
1,2623,0.32967002676660595,0.30960304638549974,0.15365990019655043,0.6224173395923126
1,2624,1.4233334468969419,1.1124339704186013,0.4596335797252964,4.329331335769758
1,2625,69.31108156909433,59.739837440521086,18.87171906957245,174.19820163770666
1,2626,49041.515814095364,48244.68259505479,29916.20136821227,72675.171922322
1,2627,116.4949400488725,102.0232935277811,32.756335627618746,283.0818886539112
1,2628,0.4183402512439402,0.39213758222564643,0.19494820105203073,0.7888447101182995
1,2629,13.812976491662013,13.257645438146932,7.427660637717472,23.32149458750978
1,2630,942.6557787745649,889.0624238867665,402.06181245464853,1791.9814400756227
1,2631,1.2486952722742277,1.1777109388132418,0.5917160860922944,2.3004267440625736
1,2632,9.423436144103935,8.752328836524939,4.170624692479582,18.59903992378302
1,2633,488.11394958341793,423.91959603044523,136.63594440958414,1205.438131932982
1,2634,3.53693884138939,3.2806927358330764,1.588445854747816,6.984238121643618
1,2635,47.27577859787635,42.11924432823001,14.180763400949118,110.381334120853
1,2636,57.32192461807353,53.259066953576806,25.514685456071987,112.34556500826442
1,2637,7.840060919486834,7.143685595212537,3.249504042310715,16.421309723207795
1,2638,7.106960343026536,6.055418587908086,2.5164130322136824,17.95131013751823
1,2639,7.920978358209303,7.2124141519043885,3.1862234611904467,16.685169125259428
1,2640,1.6572777129671032,1.4245913860792743,0.4496337449441909,4.214215555945809
1,2641,402.9377826290123,384.80015927386864,185.62568807232128,724.1181108875662
1,2642,1.0022390096151907,0.8738298094278025,0.3753694812135761,2.3910320357360955
1,2643,0.9754502677842628,0.7878461339924645,0.06753796026153336,2.951468009870265
1,2644,1.2095035700192969,1.138463800566802,0.5761502087648273,2.2394455429971347
1,2645,35.0759012679912,26.80323837589323,9.885931029811712,109.2028839197391
1,2646,37.33778758156556,35.06060969613516,18.56717954370745,68.42976486657915
1,2647,0.2938010890180095,0.2742598643394702,0.1265828084815133,0.57391481961719
1,2648,285.75861997503927,251.6774827734718,83.66319128198079,681.6229541952407
1,2649,3.44802668533943,2.786240508566685,1.086047750621363,9.899862036667473
1,2650,11.133236535704997,9.94185357478919,4.36561839112921,24.894107773971044
1,2651,474.1222172777003,449.77864733979584,206.91654430689263,883.0119525874744
1,2652,139.6310363895937,139.2156909387574,10.5572110609653,299.1151072211866
1,2653,4.432726752018563,3.2708617671978297,0.5471500688593377,15.27224478851626
1,2654,354.83045205619476,337.55407070067633,159.24768881960216,647.4762884700036
1,2655,96.67897546163185,90.80444476306636,40.6962153143634,186.61889245272772
1,2656,0.019973642858125914,0.009121053226691026,0.0,0.08495016261469285
1,2657,0.3295303486043808,0.30139686972159185,0.12661205868329087,0.698031629621089
1,2658,100.9218507637959,92.69163891252242,43.11543280036027,205.8912699627381
1,2659,1.2274657421683883,1.006719371044746,0.4329058289695482,3.406826648020647
1,2660,0.008872523464163423,0.008021774799569663,0.0008920761231893375,0.02148875947153992
1,2661,15.737805273196381,11.461946151661405,3.0830006400567433,54.209394718716965
1,2662,4.225546129147566,3.7978578461765506,1.774936998272531,9.191703337847084
1,2663,5.026283772727329,3.936098423480411,1.623412435157948,15.023247662986396
1,2664,10.534837385968173,9.677410054247622,4.466546901886445,21.575419333472333
1,2665,2.929737401893882,2.459250281265314,1.0748707366352968,7.658277434917681
1,2666,13.35496679941752,11.305147437286493,3.477541652876793,35.23099887081893
1,2667,1.9715764790248418,1.8522599063144474,0.92320281711848,3.7034508341289882
1,2668,2.6923018918831354,2.520563748405296,1.2570844824360863,5.121888504919806
1,2669,4.426357822022542,4.149045661797888,2.008628277012626,8.475637362527255
1,2670,4.498597405440001,4.245118216899902,2.151330929290995,8.319352112649575
1,2671,141.6354885810351,130.4335100477732,54.815194468788626,292.0792878183007
1,2672,10.345019559794453,0.12157742924564033,0.0,63.54299565737577
1,2673,0.8567068807906427,0.7832947706146023,0.36330528346902696,1.7784962870518766
1,2674,3.5030908996692642,3.3045526014804123,1.6740566443998848,6.443583397637078
1,2675,9.76928160515895,8.70143654164507,3.723896567486075,22.16586782463599
1,2676,0.014705097341933804,0.012475164860992753,2.4858118912059483e-10,0.04591869217023272
1,2677,1186.2778272124342,892.400972925251,181.6676140036154,4021.049089299867
1,2678,6.9181584434662895,5.74592228226577,1.7275645103355066,18.966523142468915
1,2679,0.6485875122478049,0.5427861457726655,0.189486310620987,1.7387970613937485
1,2680,573.1043908593028,523.8015424639839,183.43954485652654,1235.8309038476336
1,2681,0.0629119039148125,0.05757124390593041,0.023269562344627934,0.13261348212913626
1,2682,5.768223363258366,5.121376220271597,2.461167063214449,12.833242645799599
1,2683,28.808157459942905,27.792067277729256,16.025241829206525,47.59880482163308
1,2684,7.228479323310068,6.628609445693723,2.349227257941367,15.46901725909709
1,2685,0.5878031917723232,0.5399959626165557,0.2259600275278491,1.2217256150991316
1,2686,28.778439667325397,25.911604651359006,11.293737888903738,63.27121263116078
1,2687,55.0293930295641,47.2026221321194,14.964546002120086,139.48771472603343
1,2688,94.54822956166454,88.8251712795018,38.66727746287512,182.7900063024995
1,2689,0.4831779613109833,0.4511322276990733,0.21629235808986463,0.9325063996982299
1,2690,55.01643262074826,46.68696589006889,14.54071037431302,143.75091834312812
1,2691,7.217821862601177,6.4694215242101825,2.851978713841635,15.9867442572983
1,2692,4.241895369932778,3.807513955679206,1.7449369506113865,9.229945939866258
1,2693,0.4966022509554665,0.46518850192821704,0.22991452079336502,0.9414975491037095
1,2694,1.2104985388140461,1.0454590518160276,0.13755113411549272,3.2222883404447593
1,2695,1696.4995522930926,1605.9044903186277,737.9791034691435,3166.6862564601533
1,2696,3.7058555771731387,3.3949538992554036,1.6862873016006712,7.360526108824622
1,2697,0.2141000016796888,0.1855394268758301,0.059598051532067056,0.5366525580953484
1,2698,0.2863976899378536,0.2687298152337547,0.13255104476185428,0.5423692687983177
1,2699,48.692352467464275,45.58666659187102,22.570219887844686,92.98439364447044
1,2700,48.61476170397798,44.90971549003946,21.260276507898176,97.55253238740256
2,2601,95.22460538306164,80.66472225464415,32.07974050088415,244.34485201850617
2,2602,34.09109269141988,29.245483803937496,16.721414045257085,80.57994387220297
2,2603,4.311234070565685,4.147740439204535,2.2267370572019582,7.341666543233458
2,2604,5197.913169014976,5122.422738998624,3143.55699174999,7691.199828330397
2,2605,127.12801111385271,102.06169416853403,46.91368572943987,359.7264467409068
2,2606,128.48786599977004,119.00363660648316,68.65152983313776,245.574498205901
2,2607,155.87579727143614,142.31987943969108,80.44070668026319,314.83479169224387
2,2608,94.46331666403341,91.59489689715264,55.49523558564654,149.71329165528388
2,2609,3784.7071193926968,3716.832095744353,2352.7771911963073,5604.719584240884
2,2610,40.41818384153895,39.91286188777265,24.913572587743925,58.85460315495144
2,2611,217.14397125715428,199.34492300425575,109.91284029716357,429.35423997497173
2,2612,6.184763678360736,5.948407135213616,3.260342185079809,10.443402409963538
2,2613,55.46954309174585,50.34071619413248,34.191580590981985,109.68676435036386
2,2614,161.06615970839238,144.79061467414044,77.88241589919446,342.7326500135753
2,2615,159.1420933774373,149.39512316376124,84.70950797463797,291.3405986288231
2,2616,1257.2705049201218,1231.3111422068973,715.0412140836302,1945.0108313540795
2,2617,1311.340886817688,1278.0141733482592,833.4102922183548,1974.3511164158342
2,2618,359.01375518222324,337.49828861702963,183.5911895278957,661.1088101997518
2,2619,1175.3647700389945,1142.5544885350826,639.3736365674316,1902.5474383057128
2,2620,346.35804410755384,310.5303334360965,158.6911927101417,751.4071086145067
2,2621,14.703183188718246,14.216432333913243,8.47768959558093,23.69947028879553
2,2622,76.33880688895789,65.78033048779031,34.10054408826778,183.49548758567835
2,2623,26.16078257995204,25.341515748608945,15.137833655588356,41.8609532021803
2,2624,39.53580887199501,31.359708661085257,15.572604054200502,114.35830942904039
2,2625,650.866806777405,625.4826868943844,399.0013358374602,1047.263212803441
2,2626,45476.310723746145,44612.33885854721,27442.935049627293,68666.85927157402
2,2627,795.3448065958169,772.7912102708322,497.66235050893147,1222.7147789764704
2,2628,34.32316587649305,33.18479405435519,19.907835250095523,55.19998151294519
2,2629,18.889621704525865,18.228178646635183,10.550572404354464,31.04982337027838
2,2630,3261.075858504538,3189.8917014863114,2087.6797164621084,4835.7546462840055
2,2631,17.637761504953424,17.079728364164637,10.196179330118795,28.24795623516168
2,2632,909.4152903929479,868.8385564328511,494.39084238422595,1548.6577875349267
2,2633,7231.79183688215,7141.460028828389,5176.078389949328,9826.087341641625
2,2634,276.056740112439,263.8045932011599,153.56299238800688,470.1015548872389
2,2635,193.78882269465086,184.56669697670816,110.50189431594137,330.82478436368694
2,2636,387.30354908339353,369.95026560591907,215.75593899130507,662.7922179566347
2,2637,405.0261719780349,379.5733495006166,203.57229141571773,755.7939726342404
2,2638,295.63167774494195,257.2956395831857,126.62655290497327,694.5955922021794
2,2639,306.93048283307104,291.97678940216736,168.70084039091498,530.5515606591467
2,2640,29.60776922206056,29.1618228627839,20.0976872465813,41.604097183544965
2,2641,862.9576762079963,843.2198761736606,525.9732699011774,1313.252536981069
2,2642,206.87755555516276,184.13658084091108,95.07466674739966,457.48632097700306
2,2643,8.563551472822276,8.427690673426147,5.3077784928593665,12.588372756223237
2,2644,51.519329622268394,49.99786518510963,30.41474093743127,81.54159826363576
2,2645,69.8928474804415,64.85249160749561,0.0,160.94734897356003
2,2646,143.00909024973578,136.21811123911874,81.65049471366297,239.18701547878032
2,2647,12.33392965817483,11.845219657284126,6.402185301356464,21.018233534362285
2,2648,2388.06171227771,2354.3373967918415,1642.5249044186253,3334.993943779023
2,2649,46.960434693544464,38.62581719603995,17.274539322284404,127.76285693368247
2,2650,432.9930005425579,395.3005654803127,202.65739975563275,886.4044271644699
2,2651,1553.786098766621,1526.4134666364257,1021.3885670118135,2249.6883691965527
2,2652,84.6267472182566,79.30081637308088,0.0,243.58299430164223
2,2653,339.62461620290355,270.4942809336766,110.05083718420991,980.9023891754605
2,2654,1033.5616976360611,1015.3188486417105,677.7343053883724,1493.3819853476555
2,2655,300.0046348855358,290.5334674886658,190.69641256563776,464.51211192522885
2,2656,0.6352411772600818,0.5795218786091925,1.0634639323339385e-08,1.7347738187020745
2,2657,2.901900816699798,2.782317022660827,1.448060987121265,5.0491835160615555
2,2658,621.5421370678102,582.149727086585,306.18788801620695,1166.516889947722
2,2659,40.047977536428974,33.39245067011223,17.006428236909546,105.68920520675475
2,2660,1.1528264582938712,1.0885724763488454,0.12719991772539238,2.511997834710042
2,2661,171.36214784521854,127.24916292849338,37.4707142169017,568.0024419047671
2,2662,231.67053876999736,212.9499315746301,119.15825194431999,457.41315187900665
2,2663,20.255073908489607,16.529932065631197,8.652196305405383,55.8147024605738
2,2664,600.2214285049492,566.2303782323074,308.2976774709318,1084.3263604760239
2,2665,114.26517757018416,97.71602274044093,50.567096367916335,280.32745100443327
2,2666,218.11043848105925,207.38689800575935,136.3463721860443,363.79690256478335
2,2667,46.169038608536766,44.62161507625636,26.529252016022305,74.54085737210269
2,2668,116.35845990748108,111.99731605754653,67.30034885670963,189.81094116613653
2,2669,91.32327974187916,88.5662030395163,53.81861450698846,144.38147836400537
2,2670,79.76964269516323,77.34718924268037,47.40640790897996,126.1989349848141
2,2671,1005.1347582050001,977.1828597335548,657.4165335044581,1511.5007699202768
2,2672,335.81203119448014,301.36521565359186,117.73670586483186,761.8808235519992
2,2673,21.98840281244556,20.574726530461206,11.289918805471673,41.06838799708458
2,2674,67.90977779654993,65.9122115822228,40.14760791718394,107.56917965540356
2,2675,296.8826823713817,271.6809929411333,137.29525616018222,603.9122616999247
2,2676,0.5566851889882366,0.49776368153880013,1.0580181959198631e-08,1.6055106776208825
2,2677,2759.3701065373107,2880.2814725106978,0.0,4557.725620521409
2,2678,61.200375330196785,55.47613258487494,32.8293368275948,123.85411237341873
2,2679,169.8042899431743,147.19948585493697,61.789053460554335,411.002342740233
2,2680,2192.911975720454,2162.224794560838,1380.615211383792,3168.628792193908
2,2681,2.988619371737409,2.864348305967225,1.4269432551122263,5.266761716951032
2,2682,103.57732808596816,93.88224973442146,53.70794037553508,213.27487828786138
2,2683,25.56128039807719,24.59769879152374,13.997676445796387,42.66485479832083
2,2684,25.82271559906173,25.42625214192901,15.789858428200462,38.03717177698717
2,2685,20.03921971996425,19.383616657840903,11.469466359591797,32.37216322667685
2,2686,502.5465157094416,462.51686744673583,231.91059088915387,1004.9955341036076
2,2687,557.7520569094543,533.097664542466,341.4746425193015,917.7248274299528
2,2688,381.1387470590069,374.5724059664991,257.0755416505467,541.1771290353014
2,2689,10.034484104493842,9.662772205999584,5.459458386158311,16.683687190877396
2,2690,1657.589892432347,1621.1068436698931,1127.9513308989185,2403.400271423656
2,2691,273.15430372646784,251.0736292551577,129.99151841749102,545.4663626729002
2,2692,42.148306078892155,38.57427278910012,20.427441826450885,84.72876148103097
2,2693,55.50792605055491,53.804925755906,32.34584347138278,88.5454056202864
2,2694,192.58779287359044,178.905704793544,96.69928971148019,368.47112247841187
2,2695,6249.513065800008,6160.574327337235,4205.054529675945,8819.043717184544
2,2696,111.67737463928125,104.81845826558889,62.92338183449741,194.58529055373273
2,2697,120.2214609367999,109.48942025323109,57.05419639619879,245.51205453653853
2,2698,6.767714942789307,6.5352889173362305,3.81879010876171,11.003441847754111
2,2699,441.25098049003293,421.6528206945667,242.9786393443413,746.4275391176549
2,2700,509.4920074810102,480.89418444213686,264.52327495850017,918.4221276926124
1,2701,3.1196020336950285,2.6542641176159467,0.817302789428394,8.11785245724633
1,2702,1.0655104157595756,0.9629911430882461,0.43515824200937464,2.294286689552053
1,2703,303.12579294397284,262.5891537142494,84.51795382958568,756.2334774448826
1,2704,0.5201690123113296,0.4588278066019972,0.21773766541193482,1.163359727384501
1,2705,0.7799278109544775,0.6102159906699076,0.1859846059154992,2.277974843328284
1,2706,342.5758823641316,323.3867948326057,125.55305653412555,667.4035428800836
1,2707,29.54711484003417,27.214056961146348,13.065654752413547,59.69896016571429
1,2708,2.70595537884777,2.4879492550238824,1.1720080627552583,5.486898675674431
1,2709,544.0599423262641,523.7067683806727,263.2280292557683,943.1336384338688
1,2710,13.214928151185191,11.28485169223115,4.9084517274242225,32.94239634831688
1,2711,0.5811279735019849,0.5443957427398742,0.26512660030649665,1.1161001792797758
1,2712,12.1422579345373,11.069754993327546,5.137626272166233,25.225280406197015
1,2713,442.45229615050687,419.46709478009694,159.92302000036383,855.4352004648662
1,2714,0.58151571213477,0.529117049784843,0.20626670573015476,1.263832205385102
1,2715,0.606319240336093,0.5266069873795564,0.21811961286608564,1.471243712697287
1,2716,874.9115163308707,851.6216377910569,406.1041081227599,1479.3878682346913
1,2717,1.5589718200082676,1.2852242814649595,0.6003918258990275,4.1149560031203025
1,2718,0.10140420168752891,0.09069073152302588,0.016847848542031568,0.24533398239010712
1,2719,1.2326307014117794,1.1307688644774547,0.560207147716937,2.428736975617718
1,2720,1.658449840849227,1.5618942826740958,0.7836708313136993,3.097335494527212
1,2721,2.2362881121863447,1.807488120639495,0.7837785268908055,6.344584774743417
1,2722,0.07452394269274898,0.06956891800622156,0.03260437084342797,0.1454938069447168
1,2723,3.471747738115757,2.6308787123098485,0.6119809426038381,11.295093957091858
1,2724,110.19131677518489,100.07597743873575,40.48030163661283,238.41742692609503
1,2725,1.2913671264005269,1.1851736903127197,0.5537345853531562,2.634062151594756
1,2726,114.870163479819,106.52365230152373,39.24353545559133,237.80836200487536
1,2727,5.173147930368288,4.378358461157714,1.7499097935765144,13.322174710095124
1,2728,8.353092851020731,6.89840886065339,2.7453320603007567,22.611963695420602
1,2729,130.76368340557474,122.6214800193292,59.43583641500846,250.23669652406187
1,2730,23.212786532275807,19.546203000958812,5.829625395894994,61.58305626630664
1,2731,0.6335211824456183,0.5961532394117137,0.2989984576595777,1.1822170346613778
1,2732,1.1983264050197249,0.9212937280092894,0.3663241337276873,3.6836914072814935
1,2733,4.769785800405662,4.200267627281555,1.764596838841334,11.12300528220079
1,2734,0.5647728802888231,0.43636786198484234,0.16786483509786781,1.7558105032816516
1,2735,130.74620661067368,116.49113290404324,61.70601653003418,287.994680180555
1,2736,0.31224740066612494,0.29251617765051696,0.14392033098006077,0.595117045267341
1,2737,242.1064941681476,204.21777374775428,54.47782191652034,642.9146503509619
1,2738,2.524866534904119,2.0037415004668166,0.6454833966455747,7.5938630677599
1,2739,37.306291214672065,33.87205519629815,15.11453352863039,79.51109736188923
1,2740,5.5947522064876996,4.727445097352977,2.0684529134455385,14.283439945743183
1,2741,0.40161764036595254,0.2697050463574423,0.10489167770150291,1.5198084100008908
1,2742,0.1501789289297549,0.14067293264423206,0.06733429857153984,0.28934348752126765
1,2743,1.601127075419696,0.9038440658336175,0.2520893714083555,10.847479818311093
1,2744,4.9313607181997545,4.183309657508762,1.9758105610933465,12.323910716293543
1,2745,4616.364025258057,4294.063677981953,958.5631202290007,10118.255532702296
1,2746,307.7628821294569,277.8382815767502,95.32129001675328,685.1348767975537
1,2747,0.2669225310459834,0.24893540759488664,0.11483983011527582,0.5242634049488277
1,2748,2.0584546704420066,1.9413574956878386,0.9791767817146958,3.811158194202483
1,2749,0.07720101046821204,0.07224398578491212,0.03502367247471052,0.14794127918514838
1,2750,2.1886078621674363,1.9875253705680342,0.912339129841242,4.59785422789765
1,2751,44.85238177468178,38.01861961307627,11.739561346037824,117.77949179341648
1,2752,29714.98468499044,29285.308553781128,19067.03139784313,42744.68960626272
1,2753,15.803230856103736,14.0071013899225,6.671025581919957,35.65616920113859
1,2754,51.79126501599241,45.42272224176589,20.537854848526464,119.96457281879643
1,2755,16.652059837052093,14.209956956639967,4.475123894807172,42.86547152371424
1,2756,1.0150574738348719,0.9556556757103849,0.48046798775497856,1.8859153656768703
1,2757,2.4487739520118126,2.3027451914905557,1.171621256510425,4.55441444549524
1,2758,21.163083456484504,18.880419680037548,8.16909405335337,47.43282891017788
1,2759,38.7302053071653,36.08794940122249,17.705105839623517,75.02447676918952
1,2760,60.681929841087026,52.22654095489287,16.57322034012001,153.26048039710741
1,2761,528.3972835362846,499.9113670311807,268.60304425866286,950.5863659744269
1,2762,422.4707244108467,386.5514994433506,174.6998396512332,875.6760359985866
1,2763,1.3960236563650272,1.3131639578167396,0.6563605325050643,2.611671692230025
1,2764,6.199616558097114,5.37350472691301,2.3578216310641884,15.070003604491479
1,2765,236.1765571132974,209.14993596651016,69.22106952593057,559.0058619153649
1,2766,112.56508184729438,105.31766420113149,53.54388132525083,212.81261643140832
1,2767,0.5684221817423948,0.5355866156458268,0.2702891936568532,1.0560582553090048
1,2768,351.08514863885813,313.13123935355077,104.28264480771627,813.6702055406074
1,2769,8.410051489048083,7.481195148381891,3.6238276512752003,18.587323785397338
1,2770,3.1663466319542444,2.823925726595536,1.3051035594745095,7.06867274761194
1,2771,1000.6838149037468,928.8196297500455,399.1953344637012,2008.5319028795877
1,2772,361.9995546443997,352.7825864871477,207.81858691786016,570.2840550911924
1,2773,2.1745830512109094,1.863084331460969,0.7342893872252924,5.472734220984903
1,2774,828.0465775255557,806.1008922373042,551.6955819718282,1233.1846555096797
1,2775,199.42302558640588,175.12126547666833,78.3511190397002,466.1185902886287
1,2776,0.4339445405782958,0.40379373244521144,0.18893472769759428,0.8537030202809146
1,2777,0.8544119497431326,0.7710928051659441,0.37784637375559504,1.7956657034074495
1,2778,0.855557107965529,0.7369302555309787,0.3367888326172711,2.0970243891332108
1,2779,0.5235844894260742,0.4923328029143311,0.24393106777649246,0.9860767677169052
1,2780,0.2575359592723585,0.19809303027565844,0.07039448850704505,0.8058533231266278
1,2781,4.018312440722218,3.711573050097239,1.7282645883228387,8.060529174575544
1,2782,29.125189417677216,24.7007893475608,7.784896807635495,76.52420003385869
1,2783,0.5862208196454032,0.5252211730635665,0.24764260750180592,1.27927153629634
1,2784,0.01730350911830118,0.0160596209554274,0.007422145997888174,0.03437015949322368
1,2785,183.66189286431268,156.90832375224346,48.41208515261575,473.39383942863833
1,2786,1.2416593494648243,1.1347433620750573,0.5154326353179927,2.5764460531422
1,2787,0.6777934850503742,0.5727784825641906,0.2025728453933844,1.7811926459606502
1,2788,0.21264436031182427,0.18818696445864705,0.07727511265497261,0.4907017120612379
1,2789,2.874773002160026,2.341728901691532,0.7091893646016986,8.220750995383945
1,2790,0.5773494127534683,0.5276186522526434,0.2093093832828628,1.2293475168973833
1,2791,0.8632951694544757,0.6677547436885416,0.004566206194849865,2.8321858743940687
1,2792,0.18769884278329083,0.15672935596896287,0.04717753890356565,0.49132791865394915
1,2793,1.8094617223994778,1.5525310647534303,0.6857333310877508,4.541407312492629
1,2794,1.4683248705402914,1.2267673731129378,0.37522317604748473,3.953583239082514
1,2795,0.0955855223825088,0.0895210129534319,0.04410466067739788,0.18184857763944373
1,2796,0.09307484361763885,0.07805859962301587,0.031905488806357636,0.24524920642568565
1,2797,4828.511488110568,4627.115917414572,2374.477776431598,8437.380835144051
1,2798,1.521359992313064,1.3162166236511967,0.5725320343475548,3.7022972522541138
1,2799,2.04605817359805,1.8545095015922222,0.8315818032133199,4.373410784109788
1,2800,2.1149246867961518,1.8703933879699883,0.8296117021233663,4.861714161786421
2,2701,131.93558158145765,118.92105438839536,60.91891650258563,279.8064954964507
2,2702,146.72803768378105,136.10424140766787,72.48753441651206,282.17974898480173
2,2703,4168.8038556958745,4098.9209917810185,2876.502275943,5845.920732466155
2,2704,58.34230922655361,52.82196783249802,30.743694945198804,118.23911803278695
2,2705,16.068417363219474,13.934647133717998,9.362973036376875,35.96044448815862
2,2706,654.5040088766765,639.0838483121863,344.87000601860103,1054.8802466365462
2,2707,215.14149982366496,202.6089128071905,113.55217442610103,389.28273011890377
2,2708,195.00429239847932,184.59537735931346,103.3990537852299,348.34777471083214
2,2709,943.9176037459583,922.9300338797356,565.8380124459859,1446.8849012089902
2,2710,55.30393865006407,49.15681115362592,27.005989080882276,122.67021136311232
2,2711,91.74222697505117,89.0001249707431,54.2942631737486,144.6321914369608
2,2712,550.4559294868378,514.9311680564599,282.71571145413367,1021.1698071481063
2,2713,823.6817366963639,811.3643673027523,430.7051017556823,1290.2622914858403
2,2714,26.04984668296447,25.067539111934025,13.639461365706847,43.999717250658996
2,2715,128.86945714208437,115.33411624902249,59.10664391885085,280.368498410974
2,2716,706.0915052546187,678.1357923376704,289.7602038610859,1283.5669102133982
2,2717,21.870205543406502,18.32019009277046,10.237654672670406,55.999388912613945
2,2718,12.716559989367862,12.262763708969342,7.094376726371666,20.890458549627414
2,2719,65.13029802710254,61.60415304577772,37.021398052887015,109.86251372561638
2,2720,91.79401377412113,89.0641799162527,53.839601162288226,145.6664561417847
2,2721,61.09897804872003,50.15599205860183,25.776639905319215,165.28443306190695
2,2722,4.438053152806109,4.269145778821949,2.3687002937579007,7.4853422881926654
2,2723,243.06416921167593,214.2971529746976,120.08314259250724,536.4746584185622
2,2724,1132.0454066282553,1096.1173631170825,744.5681390459837,1728.7694905011215
2,2725,84.21214786482548,79.5684908719055,44.6140134056851,151.14899195966788
2,2726,344.42504648019946,339.2408598842498,209.33085477075832,509.71658789699336
2,2727,143.66396275084793,124.19248908719226,57.59692486890355,346.7592836048469
2,2728,91.6865038867952,77.25781332653452,36.53631731487862,232.25686613569874
2,2729,196.59993626054592,185.49360323844277,104.70104536075655,353.3608787989609
2,2730,595.5470588956297,580.919484090974,406.04939048756523,867.6452967055127
2,2731,33.80545325116768,32.75907399133742,19.89157482193525,53.5103431385624
2,2732,17.83237346272539,14.228436451309516,7.6743731701918785,50.7453408358001
2,2733,249.89766058118042,225.13476209810926,110.63256377717022,532.3472160521318
2,2734,37.45375722744929,29.416314349471897,13.29120977194933,111.10687854813251
2,2735,61.51995620580297,54.49125760921105,26.898980302987983,138.70627381835783
2,2736,12.370480257253966,11.948559408439788,7.062142180325258,20.053119099909434
2,2737,2254.053595963935,2211.975373664468,1494.8591236274785,3254.118323241799
2,2738,95.12510796840772,78.71925909693408,38.933938415401286,253.613553149844
2,2739,331.1964293037025,314.3832282617054,184.91221040020758,574.1922502249505
2,2740,86.25182131961671,74.26439574207788,38.694243915289974,206.72578924071138
2,2741,13.107032995070421,8.89864383381667,4.042795919256282,48.80646077852178
2,2742,6.5326597339679315,6.303793949076981,3.5667472162064002,10.79333653472342
2,2743,12.631006868283949,12.469766249844131,0.0,21.539918150873525
2,2744,49.169061374305926,42.33575741512151,23.685807352043145,117.87082501028547
2,2745,37867.8828264455,37411.05969518131,26877.604794303283,51364.54821980239
2,2746,1386.3109191470962,1357.3339492737523,869.3320325772277,2066.7531275163406
2,2747,5.7699745704305645,5.548410194947959,2.953528230797261,9.865371679877047
2,2748,60.95455240065306,59.091714741621615,35.98177515276258,96.68398228670115
2,2749,9.049206635892581,8.763442993994275,5.209202283471587,14.567419888339945
2,2750,278.4383326058803,260.04403283331504,141.6552205213893,521.4249425327797
2,2751,1334.3537316002776,1300.1417055268357,885.1479390392785,1977.5675379650204
2,2752,15582.668214380099,15080.172712083286,8190.344966805767,25826.620762223658
2,2753,93.5489070955203,84.0138661371046,46.39435858537756,198.8758025232789
2,2754,197.32099852618558,175.0156434975579,88.25665997532101,438.9527294089299
2,2755,370.51447697688883,361.7624669198901,251.48013570566818,539.4500510584186
2,2756,15.942249316051726,15.43096255945856,9.188905752260549,25.61716177245179
2,2757,120.36597651605399,116.7807693143422,71.27712944984852,189.60491606660975
2,2758,595.0169193402747,543.4267491821877,274.4067142943688,1220.772876608831
2,2759,446.45921244827673,426.15185453923823,246.0818491408996,760.2279115284143
2,2760,908.9379653082835,888.915310186954,611.0341580970743,1326.441127337165
2,2761,452.7033828157633,427.2815232585677,226.33215790409986,824.8385335986069
2,2762,639.0353008338218,590.2315940493913,304.34602279511705,1255.0914586711003
2,2763,55.776596308161004,54.10710791860048,32.7686464640089,88.3856707472058
2,2764,338.374040586221,299.0293022006361,155.43383971072387,759.9022579513819
2,2765,1838.6113778417787,1809.8669009103796,1260.7175760033101,2573.51913607479
2,2766,254.6299242891679,240.7832669458004,132.13494659256187,457.9991600765655
2,2767,25.144225727116364,24.383602697134148,14.839007002788703,39.752102182200446
2,2768,1969.3272555380593,1925.9462882186435,1239.242234790558,2941.422230840316
2,2769,74.05521867227418,67.08231492311252,38.508984480080734,152.41498871864485
2,2770,171.00546165108418,156.06379706705314,86.50524332173437,348.7024354797001
2,2771,8010.922979100944,7905.317552339953,5668.337829282526,10956.727292692507
2,2772,219.89593994269148,210.89822015983992,104.3660530324241,386.92931533080935
2,2773,110.81180881317181,97.17059677104618,44.43414361270986,258.9432696982665
2,2774,63.5117086982086,57.63329845126685,24.16593062238018,136.81289012295247
2,2775,330.17750878118204,293.6278024506504,140.24967992485298,740.3908067915061
2,2776,35.19097717710763,34.0725384816904,20.266019458580637,56.56573270681935
2,2777,109.19858724114397,101.10956810332127,59.79854709212822,205.13661273835916
2,2778,93.77641081885204,82.3408130015429,45.15466615660311,214.38997892694601
2,2779,47.58806781164459,46.020751192797135,27.47384903884102,76.6636494767557
2,2780,86.83885328263769,68.92014477208429,31.00700677820485,251.69180797260984
2,2781,450.2759943952468,428.55527362478114,236.4254236905649,789.5496294756534
2,2782,1174.8967576162804,1154.4960405075735,818.6612146687438,1647.4662357996342
2,2783,124.62454417724896,114.57013557393302,66.83588254158319,241.73560852335754
2,2784,3.8973492471299553,3.761442122690813,2.166972488229975,6.426575737599133
2,2785,3131.2458495172596,3084.4601641898357,2188.0216675408933,4342.582514013728
2,2786,158.6386276296575,149.4592158743166,80.34887033658234,291.19101130365357
2,2787,149.04551568468813,129.63745594237142,52.586614070694665,359.81477378582616
2,2788,44.15005887483466,40.50379301572259,21.8328308681012,88.21725662809958
2,2789,239.81336875332852,201.3760586552286,67.24259957430021,638.1056578272385
2,2790,328.62800017314714,315.93783351946286,189.18415938045513,539.8419055271169
2,2791,87.26077803469019,84.59124307834139,59.31195420838697,130.9928521133694
2,2792,51.098607265392424,44.60855540058322,25.89003629609773,114.25665174981424
2,2793,102.88147436222351,89.88132025908459,47.262687862965436,238.52440824579543
2,2794,75.47241087849854,72.82717997755347,52.67017752544169,112.63624208542363
2,2795,10.511366528804475,10.157412815248357,5.97627176233108,17.06553947140061
2,2796,22.944528031784518,19.66382837669144,9.40608852393374,56.29302443571079
2,2797,23036.807776575217,22736.165170752123,16151.296141928395,31576.940912964
2,2798,129.0051586047195,113.84816620558223,58.142060418257536,289.58680083949196
2,2799,283.35178823696236,264.07682743050236,138.98095449507386,538.554833550732
2,2800,187.5033537935673,169.2182485466576,88.60620630987776,395.0688420983874
1,2801,6.129711025524855,5.5561351226596045,2.34530927314413,13.241629348502753
1,2802,85.30904210270391,74.47119092946355,29.190280024243123,206.6231262570799
1,2803,1.2376747002750454,0.9944130835841529,0.0,3.9414785262154957
1,2804,398.1851456135428,344.6274233934386,109.77845557050112,996.3941211956723
1,2805,0.6728231350837596,0.6031709168038089,0.26174773219022507,1.4878013636216076
1,2806,12.614192151706485,10.626022231916414,3.244784416989161,33.853765346135866
1,2807,0.022814555340393276,0.021349864146103778,0.010423214964909831,0.04362432273854626
1,2808,23.6490296734172,19.87682532853146,6.107774755532511,63.23341719686944
1,2809,0.4206894679793284,0.38085145802974807,0.13610890145405521,0.9298639283024993
1,2810,0.5602280351813258,0.5120556111994744,0.23014811918433098,1.1687851566247223
1,2811,0.5612734133015372,0.5054485521548254,0.198412156533828,1.2387324386979583
1,2812,24.62446716350888,20.543016605662807,6.143509190673219,67.2923615725254
1,2813,0.13351730140854715,0.11583078823657866,0.046221873620528243,0.3243159610429881
1,2814,4.042686508007793,3.368874388001286,1.0172583726961473,10.990600251026047
1,2815,1.3637258610105607,1.11424119699524,0.3150762189531959,3.8703970693539174
1,2816,0.7965330346239012,0.7330501659232818,0.33549839772092704,1.6260889338036326
1,2817,1.2438091425798596,1.1467829516555015,0.5243493065093359,2.5345383749720596
1,2818,0.5264560560362792,0.4859349757078775,0.22759111872767107,1.0548585336209564
1,2819,6.07646176129028,5.672639222166673,2.75408610489686,11.712145908160805
1,2820,7.366448629880203,6.838631396964766,3.227630486067653,14.531385689644294
1,2821,0.5187995242066293,0.46910254912481386,0.16013048851347067,1.1660117584629692
1,2822,1.606546738779311,1.3725135955934042,0.0,4.841780584953139
1,2823,0.5751529731532624,0.5302413743576615,0.24715792141879656,1.1647292754497531
1,2824,9.235029827584508,7.566712379605303,2.0908009803853953,25.969924064426706
1,2825,1.790870927657453,1.5554574511145232,0.6962300862638611,4.300970684380313
1,2826,3.9967743533411664,3.6543562514323753,1.5158562858928224,8.430253683757751
1,2827,4.025779674191102,2.9596951639749385,0.0,14.457963583377696
1,2828,1.2349081415517524,1.0252693950518554,0.3083447541163104,3.4059987485327987
1,2829,42.729796524270085,34.99020364348269,0.0,136.15807661903227
1,2830,8.349021167966518,6.944864469842681,2.0821986060569118,22.815671608840297
1,2831,0.18135262353219317,0.14416904829384047,0.04990803918603271,0.5329876067284625
1,2832,3.7752708955942507,3.135241242549886,0.9388559248200543,10.29042581259681
1,2833,0.10651723694600126,0.08604550484324962,0.033457494427093365,0.3022708972575569
1,2834,3.240055462184651,2.7010448545471117,0.8250501312840023,8.835256946746515
1,2835,0.665032967287191,0.5940914220015616,0.28095983079252057,1.47258858091822
1,2836,0.3362903240157597,0.30462261684951253,0.13611930933638094,0.7082741132768783
1,2837,0.5247456566106554,0.4591209061950186,0.17334052929692909,1.2598012878055271
1,2838,5.18230036406105,4.319179175527405,1.3016806274035249,14.129430951084736
1,2839,3.431395882606096,3.127339987780748,1.4267379688564117,7.2058439624104125
1,2840,0.952068023158561,0.8561922203084913,0.400608927819961,2.0579565154768695
1,2841,0.7426287589582756,0.5788419922177235,0.0,2.4949932371341683
1,2842,1.2323808220828174,1.1226824292042887,0.524383282366095,2.5688186246661426
1,2843,117.22865326461375,99.94677841284094,0.0,335.4260732473817
1,2844,2.6349076847870183,2.2130819959212253,0.6069989548272524,7.112593003080278
1,2845,0.5317638136484254,0.4478557126702337,0.13609444556273292,1.4141978723595778
1,2846,26.483492294138834,23.46000396823684,8.746498382651287,61.75477234236457
1,2847,2.314144390483027,1.9811821589328327,0.7800460147873173,5.825137670567296
1,2848,1.7787142995837208,1.555911495527595,0.654285454404457,4.236865352475857
1,2849,10.189009820088804,8.939892302119517,3.312900834705438,24.398365983040183
1,2850,0.428883366192643,0.37027947243223797,0.14386441918037707,1.0599742066483402
1,2851,592.4734040985894,540.8238316284362,225.09635141318975,1262.6885224233138
1,2852,109.29952048006821,100.98493221061803,42.864551866068986,223.9794201100011
1,2853,0.7929138905820854,0.598321537474861,0.05771621868876605,2.6996965761538485
1,2854,2.9638471369103976,2.4531453747698198,0.7283976146234614,8.168939164143405
1,2855,7.565741561358998,6.274940886944738,1.854174263576029,20.734989851362823
1,2856,17.13549287651642,14.439872980904184,4.4041130285851295,45.58006817657843
1,2857,3.0283161356224886,2.4683628378445692,0.7262816637405438,8.651420315872635
1,2858,27.401081902025357,24.188910932749508,8.090167036510834,65.3019044635973
1,2859,13.098983054875864,11.310084336324618,4.088969473195172,32.508000673446844
1,2860,0.39279470371971753,0.35817242047774545,0.16812712659366258,0.8123623078340498
1,2861,3.411877172026046,2.827556499356093,0.8737342822555897,9.307423770966153
1,2862,1.2481988574353833,1.0357455069582477,0.39943639673838094,3.3792419345210543
1,2863,0.04152413369607738,0.000804577658524057,0.0,0.22528030252122314
1,2864,78.55437318349507,71.22218887812153,28.829812748736302,169.95234224755575
1,2865,395.75302342389864,363.7154916537877,152.50640464724816,822.5423653058405
1,2866,1.6464944022734662,1.4909344310067483,0.6296246297475238,3.571575347144841
1,2867,0.06342178391307891,0.05942221995863301,0.0291036360680841,0.12117976495353762
1,2868,20.577648762535855,18.138658688204796,6.531049810709152,48.7274584728508
1,2869,24.36117616184856,21.932750698225703,8.7030327597156,53.92619460242301
1,2870,3.145591427339833,2.5461763139950007,0.9352447501663572,9.008450133317218
1,2871,4.17251150151894,3.7659506678287977,1.6455283297017003,9.040073286674327
1,2872,8.662439235728614,7.510874694257879,2.9157677073974617,21.211609368525366
1,2873,0.2670496184736662,0.24061910485892435,0.1137512573415901,0.5490212805531832
1,2874,0.5651406122777018,0.5026054997897722,0.22534951848301785,1.2878936014331974
1,2875,221.46934968258552,200.6983039251869,80.18609355168094,483.7674857449245
1,2876,0.8733083044209653,0.7988132287150921,0.36790974286969735,1.8072414642598162
1,2877,0.15869227278750378,0.14816900852274023,0.07011111081443576,0.3080715850337079
1,2878,0.2889803090892883,0.255616131255627,0.12100750789455733,0.6489736972004467
1,2879,12.771057060360988,9.875121290083682,3.2122911514849983,39.854198057423496
1,2880,1.023067636847357,0.9192806964053424,0.3949017786799322,2.260251284053358
1,2881,1.4161907647091598,1.0974469257112265,0.38996118684420056,4.365227005197939
1,2882,8.06928623111672,6.6008384721288955,1.8392437893584586,22.94034929203039
1,2883,4.452446621778441,3.5909138341042803,0.9760568288930913,13.0441583164898
1,2884,47.974523815058255,41.731966871505406,15.17742827275618,117.25902053353306
1,2885,0.236266449503863,0.20781108923107527,0.08890236461387502,0.5545975683260228
1,2886,0.25993125319758137,0.2222138659823551,0.09341713872413845,0.6530953907307849
1,2887,0.3441856761880218,0.31644724776728095,0.14978209684718535,0.7023444557052497
1,2888,1.1461317595936338,1.0209778486194543,0.43131487901497173,2.60412437917587
1,2889,0.9542931400808031,0.8591015525427019,0.3681445107945194,2.0932532157925725
1,2890,2.2552532158770076,1.9311544404382235,0.7694207914455792,5.663487018746502
1,2891,14.07809750116055,13.035692503284892,6.223093107394543,27.920633407536734
1,2892,7.950195304543687,6.910980740975763,2.4794061166424672,19.42148041354563
1,2893,1.9084262245091432,1.7061350817154768,0.6941302589107653,4.319433031602435
1,2894,49.071638769885254,44.36409762829727,17.719333813063727,107.55157368936331
1,2895,207.17874684527536,189.4388215546569,78.92879062202697,437.617743682781
1,2896,3.229335552224484,2.564806991999442,0.6125396830964526,9.696422610119185
1,2897,11.906154482762448,10.054373075677514,3.64448992153989,31.252398768423944
1,2898,0.04510470223935934,0.03876365818655585,0.015981083962778725,0.10996586143171241
1,2899,4.568299758527248,3.654487037340052,0.8559384287320324,13.635144379413704
1,2900,2.332475909652976,2.0861968055416504,0.8957833233211451,5.195092093603513
2,2801,509.2888920517221,476.7757333711851,230.7345464803677,978.9615732791408
2,2802,648.5798394178373,589.8740459808532,356.6238081457527,1323.0236370428279
2,2803,452.17085266371754,409.74380287647756,180.4197749341994,970.045838783995
2,2804,5920.236708257159,5820.197995441672,4093.161893351331,8320.69518193205
2,2805,315.00239691140814,290.9412791633169,151.1769376045776,619.607347109867
2,2806,1680.772857355593,1650.1878163078413,1170.6149547927694,2365.6688313760674
2,2807,13.910269413779629,13.459533884727925,8.011437176834374,22.35795063987934
2,2808,2855.819815147918,2797.888403381783,1943.012315019117,4096.8061227770595
2,2809,581.8663271819696,558.1744681685861,317.68936211024237,984.1585748704472
2,2810,483.76968900612405,458.71427844134416,252.99787630719587,864.8122639327647
2,2811,493.75294628238186,466.41175878094117,251.57572016267372,894.8862427868805
2,2812,3882.6181967595808,3802.72140640393,2473.6199546211465,5744.215925579613
2,2813,103.17206776118068,92.0992699975159,43.46288977848736,226.6067836662162
2,2814,689.4334711028349,670.0521520631162,443.333321227717,1046.3389518786646
2,2815,222.10700456368698,212.20597071880144,121.56759764958073,381.16657900927055
2,2816,405.3153958114904,383.9348485636058,208.12244090370535,725.1280259077555
2,2817,519.8013828985299,493.6880142342259,269.1713579612533,921.0836536079685
2,2818,322.6441273096736,307.1358864938075,172.7946291301085,561.5486959835838
2,2819,751.9561849881813,723.383537697284,421.82980228400646,1241.4478623267307
2,2820,1280.3547444418143,1225.4475376102935,689.2162212751551,2186.053954395438
2,2821,722.4056673879279,690.5354846737741,389.5800882540881,1240.9985514430841
2,2822,1116.5978621503539,1070.2213213089244,610.0487046595307,1876.4886782696597
2,2823,257.8087896277867,245.9667624227165,141.6849416284794,443.66944075929746
2,2824,1516.5083479472403,1481.6829277869679,1011.0151935752076,2220.729147308423
2,2825,135.5003247596217,120.0018842077661,64.09830244673226,300.48314812223526
2,2826,95.1357924578596,94.04248919376187,69.02327079911281,127.34243879901793
2,2827,323.8021005778985,303.02566941375073,197.3790758688671,572.9327735193625
2,2828,154.34158444760214,147.61078414790558,99.47759393466627,248.9429009232993
2,2829,6089.488718312691,6011.2267853217545,4379.665338579699,8242.172796223043
2,2830,1352.9660032304048,1315.684069783295,870.3494862350516,2049.426903406018
2,2831,74.60989606726072,60.906161008462846,25.327454061260926,203.9775776649803
2,2832,877.5744536767189,857.9170102589196,597.366099716609,1267.6474991663304
2,2833,63.44884605924019,52.69624854676103,28.71804508272501,165.7945893864429
2,2834,266.63726317042426,256.15116173715944,183.68662736948752,415.46309767618044
2,2835,128.17429504680356,117.05472178211205,67.72512952016186,257.56593078112786
2,2836,131.76113227611359,123.99690319179365,74.40658801864247,228.343254349836
2,2837,305.19059222248177,278.1397033258078,136.9788941358999,628.5103659335249
2,2838,634.0222521198444,617.1006315730383,421.415930392908,945.7755716014663
2,2839,359.36465022541955,337.34231366326514,181.9806497322997,668.6927635799682
2,2840,199.79599802792404,184.282685768933,107.56545185844348,384.7287224284813
2,2841,59.24209675656401,55.32462878389208,40.53743390803952,98.30201531247354
2,2842,99.16970726512334,92.89166319644437,51.49656723400945,182.74091178094054
2,2843,5702.123161910722,5612.902526422071,3988.780509529492,7929.854936937774
2,2844,436.12174035677805,409.35159543086513,230.4216587742733,798.9372394282991
2,2845,30.68605407140768,30.201895475031105,20.55352780822313,43.63337984624695
2,2846,804.8359471634204,777.7551331863953,513.1330322635681,1253.2259048094645
2,2847,154.68873307689543,135.51744303980684,61.230042840921264,359.6534900930832
2,2848,195.30006100122108,174.71573738244774,86.06171909691997,425.08869920764613
2,2849,283.5057950273148,266.25148234143427,181.46899530821415,490.4070463616729
2,2850,136.62758203880642,122.10934676813679,59.608307627346,298.0501724106422
2,2851,16992.908010028965,16816.207436725217,12467.596916346376,22550.930306572085
2,2852,786.4223301536256,766.1206449864137,520.4561911214563,1168.7978918902907
2,2853,202.91374693778081,188.31162365958826,115.48965957563335,377.08197416995534
2,2854,250.98703274264344,240.4553344193642,162.83827223206742,402.0269190934498
2,2855,633.6721567439713,610.3606901193905,407.5589201025956,993.3129331110378
2,2856,987.5687179762763,967.2531286470521,675.1939254401177,1414.339910274514
2,2857,167.81920583180303,155.00728225616055,101.93099373976695,311.3269535178661
2,2858,375.98828083063023,357.1466676296917,244.31751441006102,619.1021769082951
2,2859,471.25244698131434,436.6836373936808,255.35512753699342,886.6092226204239
2,2860,139.56953150298287,130.3388433043043,73.56199070012252,259.6175739858332
2,2861,150.0410089900283,141.80802037024165,100.39913208594922,250.4209899351437
2,2862,243.69617006167442,206.50946031098067,92.84244211554876,615.4927957069814
2,2863,191.49428212039928,182.10533179124857,109.20090014907036,325.1884233783023
2,2864,1611.3410195706058,1576.0316823623757,1089.8437531712184,2328.455033137709
2,2865,5389.8073778038815,5312.941422857117,3812.9103791510024,7394.739568563003
2,2866,585.8518984040976,551.5334612693334,300.15093512421504,1066.7532634113181
2,2867,12.806560648092418,12.391634041623481,7.37398656533221,20.703418462269166
2,2868,562.3169908900361,537.2541960472399,346.3537640068043,921.174198654618
2,2869,886.8806974127702,866.3628828483081,606.5445361024703,1284.186335358049
2,2870,83.6099579030055,70.34081424668216,44.113474189347926,205.10281911402453
2,2871,362.1325620501271,334.90938747368045,172.01060504096756,712.1284305001939
2,2872,178.80350483579178,163.0594068209735,108.21708297940165,346.121366432999
2,2873,66.39676507307217,61.85838695572954,37.07273678084778,115.16626308785963
2,2874,185.402709777068,169.37754508759514,95.16431488809528,374.5497107282293
2,2875,6284.590932655243,6183.957957107414,4393.911733101872,8734.117489523469
2,2876,335.0921410726954,316.5855641611258,178.91077960066676,598.0989084467357
2,2877,69.8436680494163,67.70372536578458,41.38669114487937,110.4399657809491
2,2878,92.34142789647682,83.62314663813581,48.4989359839563,189.37860492810165
2,2879,173.6189142956928,140.46083327674728,68.42716257787151,476.544364535463
2,2880,331.9506656178105,308.3178717278645,164.91036223834084,634.2891806958095
2,2881,192.80565967372033,152.67803409463096,63.89122257017181,565.8330981144082
2,2882,1304.8008728622272,1272.728101505768,877.4013427091452,1916.7932017113794
2,2883,306.39170659827107,289.11978555344206,168.3815852149276,543.2510138699053
2,2884,588.7416922624108,545.8764147525899,299.2077790808739,1123.147366453565
2,2885,129.93688335388083,117.2676163605366,60.05385251981372,274.3648801293294
2,2886,95.05271780740235,83.51476184594625,46.69677859447275,215.73931954946573
2,2887,128.86770216125046,121.51503865468263,70.23030461385463,230.35050290418766
2,2888,458.62917837215355,420.62457178449995,215.36889922316774,921.2921153735506
2,2889,269.82194255380296,252.03257458359565,135.55794480537196,506.6757269351027
2,2890,274.2636212609775,240.25494084630014,112.05184354402301,642.1980871721178
2,2891,563.8076126522216,537.0964336955951,304.65496546361,979.7765674922803
2,2892,482.415999771043,454.69644235549833,285.4674959337301,842.7584015363342
2,2893,448.0453329416868,414.6448998858665,207.03313807614236,883.6508349720428
2,2894,638.2126645254225,615.2037428581214,408.0133840291774,1000.9682145768907
2,2895,5448.23428463817,5385.785114676559,3973.3988525149266,7295.807005905046
2,2896,552.2211102381272,524.7138200536369,325.6871451454571,936.31657587559
2,2897,121.915924047158,107.51250598426576,59.62876339246015,269.04641241683055
2,2898,73.90779399771799,65.51460615991326,37.67114185354577,161.14630669303935
2,2899,1141.5471433499345,1107.9159318298978,745.7453100479663,1732.8646638940538
2,2900,333.7325671003817,306.22176901433915,154.22411356190673,669.5898887309625
1,2901,5.768705002708619,4.813411328176718,1.4505574000749215,15.567353797987895
1,2902,0.40772952720375566,0.3744526260406713,0.1780056217516897,0.8301327043200432
1,2903,9.852059951494324,8.30622711726208,2.5406341880352072,26.195011490751707
1,2904,8.178601487892154,7.528706964315888,3.4812675282803154,16.667262353874364
1,2905,0.7114297651034591,0.6318532788777247,0.22362951928784797,1.6491134107704732
1,2906,0.2172911243165728,0.19267004976599986,0.0776456936895135,0.5010433833091226
1,2907,24.42339085819073,21.162623015464497,4.157042197423983,63.34203623352279
1,2908,160.2239971239356,146.67173809641514,60.78236526214388,338.13045928263
1,2909,3.2704721527767693,2.7247090763877315,0.9187671161562065,8.837079813584735
1,2910,5.774818008204042,5.232380096765858,2.0054423636329446,12.637238316628267
1,2911,0.33755752149019835,0.30521724652795956,0.14167122993096898,0.7244000152675628
1,2912,8.88335979566775,7.789222482461249,2.874277258657614,21.29891132014037
1,2913,15.70430074076589,13.1960157739843,4.046414233623348,41.947910623185564
1,2914,3.2681202226545625,2.9587745901567177,1.3320468434932078,6.944982376138782
1,2915,1.6400913688190453,1.48859651835219,0.6448834446553343,3.5377468945659127
1,2916,0.580397784574125,0.4786306443128958,0.0,1.8471022649575628
1,2917,55.9084251536958,51.211093246710874,21.405531840074342,117.14723174231548
1,2918,323.91007656516376,297.38325279495507,125.35581267641727,671.9520216231443
1,2919,6.953276714477622,5.464274455610646,1.463183248905605,21.351831389035528
1,2920,0.248213923982467,0.1962723399087795,0.07332115696203173,0.7410930755188717
1,2921,12.055749484309098,10.09006873528486,3.041298278986598,32.42827504436842
1,2922,692.8772113578972,651.2135299671752,183.94249776749064,1424.650096239402
1,2923,56.43389144818145,50.653411254668164,20.372456605813724,125.23995698926208
1,2924,0.6249496248836531,0.4813052741884215,0.18790943567641927,1.9616638196622052
1,2925,1.0810035418748052,0.9509874480313958,0.09855636052689673,2.7898712641809897
1,2926,0.24610460190899774,0.23051136500928124,0.11232797023363454,0.4676075612714334
1,2927,35.61423260745631,31.845997545949103,12.521351675246702,80.65389367964436
1,2928,10.73970824944923,9.585989500887198,3.8241201040442205,24.386412642575774
1,2929,0.7927491891859142,0.7445703135608328,0.372179822147418,1.4890621744484938
1,2930,48.22188005436252,43.19344790103394,16.807274243402787,108.7145124567918
1,2931,0.1315148798673116,0.11878438457532903,0.02706714991055582,0.3083836182170115
1,2932,117.16889216943355,106.67133700291453,43.46601725942,251.41901851593065
1,2933,85.59561694019392,76.97350842511278,26.299786397992833,193.94442726066777
1,2934,140.4007311743114,130.24128058141093,63.06627497865049,277.89800153434624
1,2935,0.4585794555777629,0.4288480237404415,0.20970501301730068,0.8760479357126633
1,2936,41.16918928829196,34.56377534797717,10.54122686254005,110.09508339839662
1,2937,52.2692058087281,47.19803671977752,19.132225844635304,114.64924230297483
1,2938,0.2945768062176873,0.0,0.0,1.7282621248808496
1,2939,1.0200716646271932,0.9178432961992546,0.39122790851805966,2.228501302402282
1,2940,117.33538917832897,105.14053297420648,38.896201983573846,266.4116622442729
1,2941,257.51355072425116,235.64353434594588,98.21330448632487,542.5562799241064
1,2942,0.12424862723790704,0.0934064510735196,0.0331711975098815,0.4031208786035815
1,2943,42.43744116927263,38.54899294260079,15.811950705060937,92.22532582019612
1,2944,7.674833028009876,7.093232814292568,3.0323290974107895,15.591076899105726
1,2945,85.7161918304372,77.6807989940853,31.06072767504488,186.6483944531377
1,2946,5.860115315867578,4.757530321125229,1.3314543253681799,16.827808215072153
1,2947,607.3960239274038,574.0406078418059,279.0960735017874,1130.325171160057
1,2948,42.64693458955471,36.10961301619308,11.118200283440506,112.02128185750725
1,2949,10.665470333273898,8.841947237737568,2.598540710013431,29.38542628661367
1,2950,13.897691712377874,11.402286885959047,3.260760295579017,38.83472127826003
1,2951,236.91574202939066,222.9656121181438,100.20204869707851,453.49530330082257
1,2952,6621.038961601142,6532.8867954957805,4495.854386953146,9251.289873950915
1,2953,4.288580540495414,3.5030517653689426,1.0100988293753075,12.225608409356356
1,2954,82.21226520236696,74.99436385445316,31.170288989910205,175.2684488127409
1,2955,27.308753322247387,23.72554774361141,7.657209200798789,67.61996653699732
1,2956,0.7189168460565306,0.6550849326394301,0.30822437442105366,1.5043426150119865
1,2957,11.09885024305139,9.244865217638967,2.778172114623339,30.275499693344933
1,2958,58.73554635164546,49.30740902004166,14.769366368214381,158.33290236211408
1,2959,27.181177178425827,23.097630221083048,7.218755726651417,70.72230917694502
1,2960,45.73996542616044,42.443392779539906,20.024692268466673,90.28028734908783
1,2961,272.9636520426214,245.94453145722053,94.49093862528528,607.7549674282783
1,2962,6.495356669048196,5.397045433224336,2.004163814071406,17.440200243155832
1,2963,10.008425771641104,7.652036359081568,0.0,34.01848107489103
1,2964,75.30961558168723,67.6041261310591,23.13579652379668,170.8028724310198
1,2965,0.571039708631514,0.4838431237229135,0.21692238340281786,1.463764543377747
1,2966,21.421220203115354,18.141676745513564,5.680399242051989,56.30906361603572
1,2967,0.04199523539423124,0.03925258810571215,0.01902906104078131,0.08048678212048341
1,2968,9.511877562983093,8.714856544048235,3.95680490388367,19.69932988024664
1,2969,6.667487096754891,6.169353595005089,2.908555055989485,13.266063970000477
1,2970,13.240846648699327,12.210476985011905,5.545737620649844,26.909952472071154
1,2971,7.282636037842801,6.669786642443345,2.9824115829036306,15.127049125112059
1,2972,14538.857256866484,13944.008987430108,7205.618187518402,25227.110095714037
1,2973,56.414118734186964,47.3247492171306,14.194151988417078,152.43904393466542
1,2974,7.064181501014064,6.41057349638241,2.8354797703777956,15.08867996675435
1,2975,3.85248745687917,3.5308041650236195,1.672615837980859,7.899715945479426
1,2976,7.62202349904077,7.078923555038233,3.3508189808340334,15.018189417916824
1,2977,0.420427738061776,0.3724082987224666,0.1575195635292898,0.9679978282316739
1,2978,6.911261273604097,6.41683958541017,3.076058161432632,13.672087300670597
1,2979,1.9325194710375342,1.7755666121105005,0.838599703142323,3.9558171669854283
1,2980,8.022405131143238,7.282667876793971,3.141798992022397,17.218547276561
1,2981,0.5604367601375937,0.5036579938698922,0.22769628290989116,1.2209602222686355
1,2982,1664.9256501037619,1552.5571991004376,673.874272640817,3309.474494942492
1,2983,1.6277312314416974,1.5092979504603425,0.707016934553135,3.2289587160738633
1,2984,25.513604884720557,21.592506282878453,6.708022939098689,67.57110556061883
1,2985,16.233256483085118,14.572662364638072,5.831048668558181,36.61846328236521
1,2986,812.2441170308014,730.4728103003142,245.11534708605168,1838.7809695880192
1,2987,613.8189909383913,535.0293679788313,174.2228962847394,1500.471591032879
1,2988,13.274075783096501,11.327559739526196,3.5583628046320537,34.338741294948306
1,2989,112.8079991043114,95.78022574555017,29.91231225247688,294.56071012883
1,2990,3.4794062043850946,2.830783210923884,1.2138970191434708,9.794176266040122
1,2991,3.3323410660084907,2.7264126355725242,0.764764335258856,9.476549156362596
1,2992,65.09374291277628,55.04567059245666,17.11675719550939,171.4745220370563
1,2993,0.22243762453229088,0.19234125183292844,0.0,0.6347378306156288
1,2994,7.642709971066717,5.994227986485178,0.4723752924631873,24.33716583708814
1,2995,0.1022958580066486,0.09167844535151368,0.03855111839464084,0.2288904430835667
1,2996,11.087885660646695,9.25816342713151,2.7940171055640777,30.119760872969305
1,2997,0.14671523423448768,0.09442092362155147,0.0,0.6233299749145482
1,2998,0.01822797827304406,0.013236917550327777,0.0,0.06773112320053408
1,2999,1.1126087126433253,0.7630825501818486,0.0,4.383788668572866
1,3000,3.9548556642012236,3.187313731576424,0.7871798515335289,11.621112816469642
2,2901,942.9639970601578,918.2856703333334,628.9839551104103,1399.5543510376353
2,2902,170.80957310657033,162.1198362954949,95.99663026608064,296.2385825624712
2,2903,232.06847075843922,221.50572047159164,146.80297767934425,380.48209950668434
2,2904,613.9574965811361,582.2200382054923,318.1050681830726,1096.4698434864492
2,2905,399.300229453629,374.01075741528416,198.82779561616377,749.1618595853912
2,2906,130.9551048165788,120.87154332588227,70.22409964687718,253.17375716851112
2,2907,2230.2021032419293,2187.5625301438054,1540.827413524638,3158.4648513664283
2,2908,2152.860097733049,2109.3158913905363,1461.3544071055298,3106.2586474195414
2,2909,157.65743149705077,140.78850618905855,73.0784264925235,342.49550208089937
2,2910,98.24223017773345,97.1238801906115,71.64942946539801,131.0405233767525
2,2911,274.5384745371387,255.67659211027967,148.53359306347517,516.4294634728344
2,2912,624.071933572244,592.1828713280177,373.70911038187495,1058.0468385259555
2,2913,681.6396336941858,660.9691137458948,444.3192672775104,1035.4030636270775
2,2914,203.88324304307682,189.50872787805673,101.00713939341306,389.2854086102036
2,2915,588.6210061367734,550.2636570718296,286.44676771673716,1112.2809886202817
2,2916,397.7017225520381,368.9314308756864,191.08110905493902,768.9231725079323
2,2917,711.2794662533585,696.4332290103594,491.58175054088036,1016.2133565065247
2,2918,4103.2830927791465,4039.8043131687764,2862.78291855692,5716.242484386599
2,2919,304.86835373748346,273.6756904972606,145.54065152704746,648.5955149622928
2,2920,79.4717716139318,64.3124309475991,29.368286316236755,220.25208613117204
2,2921,610.0429448093666,591.5698645364766,395.31558325078913,932.3713206195745
2,2922,3639.8480006368445,3584.489588621972,2471.638604044845,5134.042718996772
2,2923,255.95622883892028,239.04836896807703,137.0617490522261,471.5659882158382
2,2924,67.16536018455571,52.76625154258373,24.45059347634553,200.33561914957565
2,2925,362.4229402784504,342.16009699165045,190.0271331417079,652.609668341686
2,2926,22.28433193391808,21.532463042484128,12.67207904150145,36.131909134827374
2,2927,193.01967394510464,179.7493337557985,119.854195082331,349.89504565776485
2,2928,147.55557187859628,139.1888362577227,91.85977743290526,252.99509485610312
2,2929,35.7594155033221,34.5723205117121,20.75434182007498,57.30018075618044
2,2930,435.182332693728,414.3187162738656,253.58113552273812,739.5538433115328
2,2931,29.299461110383916,28.32452484027031,16.735216977978016,47.33505690918384
2,2932,2332.8158991066766,2283.677271125036,1573.0428557476612,3371.0553081892
2,2933,402.5392350865484,391.7372563398932,253.0404145656813,615.0743666140899
2,2934,165.04635464269444,153.36579711892352,78.98692655141376,317.62727627618114
2,2935,55.00652724910188,53.274591633822894,32.09506136994734,87.84467182722014
2,2936,1145.1409056023917,1102.043108002361,701.640940312645,1831.9517914255305
2,2937,451.8480792291139,428.19733305570116,278.83168741345236,764.3043930334393
2,2938,168.00811469198078,154.23314251011573,104.4487020523692,320.08125277049396
2,2939,212.29017049857808,196.37146798696872,97.50913512762234,416.92204690989394
2,2940,2881.7760333688366,2832.7050026461575,2002.5379311360111,4043.0257017117788
2,2941,4699.01250447161,4625.671219501717,3298.5947978304876,6507.941924901958
2,2942,50.84834369159891,38.990449765272274,16.483526285323542,157.37085525476024
2,2943,348.60288562789725,333.73979591809393,216.19351250369422,569.1728441602835
2,2944,84.47864266651601,83.55233348047261,61.58527230746743,112.8523430547648
2,2945,1814.2228637144444,1765.6488807819064,1174.7471916218974,2727.034860164374
2,2946,378.0042470688103,355.8115543474282,201.75671199428058,684.9017239336463
2,2947,6479.7427939715735,6379.159997372179,4491.849607206637,9031.604579832696
2,2948,1500.0585859429843,1464.4375181358855,985.6377772787114,2215.694746286734
2,2949,353.1089839472675,333.9405034184233,206.09594309615235,612.9336148242338
2,2950,458.32079081563296,435.8898049773618,261.4870713492395,784.9919083241198
2,2951,919.3820071210256,900.5908548327047,604.5661272175664,1345.2745088208028
2,2952,2256.5173165872366,2171.4386960076536,1177.9963721005302,3818.725951794377
2,2953,310.12168990444843,290.88911682858145,176.83636800681208,553.0059207914824
2,2954,263.5082659010376,247.88973657451191,139.06391098481274,477.6966776595813
2,2955,232.66051003709367,223.21992699497656,147.7028468129187,373.468942400177
2,2956,139.9036976521332,130.93138817924785,73.79136043377216,260.05880183017155
2,2957,278.16673893556634,264.08447379232007,166.56176569607734,470.5707313186092
2,2958,2477.3594196618938,2441.5383997659146,1739.8888991027457,3412.4177424966038
2,2959,816.6153208717218,798.9345768664198,556.2925535243871,1175.5026309806951
2,2960,1157.257063457298,1104.2569552160335,609.9694919241443,2007.3570288260732
2,2961,7390.957367392075,7290.639985828777,5295.837948011703,10031.473545721436
2,2962,78.67437232812054,66.8948523967635,27.76319082739087,198.56809090277667
2,2963,1396.3922226452453,1364.9438491309525,940.9127853713595,2034.9748268400654
2,2964,350.6096707863768,340.8838485200654,218.57499981838626,537.3399520364471
2,2965,65.398140364362,56.36369415691273,30.282288489471664,157.97401376940948
2,2966,784.1306773499335,765.516247015855,540.1614478102865,1130.9359343210663
2,2967,13.157952737988333,12.72378628904488,7.510747175331717,21.247076085998838
2,2968,1090.9499789632084,1026.1461945620474,554.0436209686438,2007.8917495651028
2,2969,935.7457469334901,890.7321399094983,499.1791091471528,1621.186517648399
2,2970,1682.390360135932,1600.6734607330297,854.8569254695253,2983.9829844909264
2,2971,634.8392071863171,597.935291214145,314.5632370709153,1167.5326200629274
2,2972,63471.98704705867,62680.37110143756,44779.209176588934,86641.15770135602
2,2973,4622.337987871377,4543.944150413117,3194.723513294187,6492.552967208742
2,2974,692.0641570638232,645.4877179330949,333.58820513822644,1317.4822783076756
2,2975,194.54757064764843,182.8897795413119,103.39784085291073,355.91291776464925
2,2976,961.3949432310675,919.0481713510314,521.6162122349416,1634.9838459424002
2,2977,142.24139110081825,129.3894523416789,65.34040564199901,294.8587864170467
2,2978,670.5420118047746,639.9567230177176,366.2817401334942,1148.7918712621693
2,2979,330.95054531057286,312.16158170884626,177.8820966884329,593.2273015614705
2,2980,479.5355386263496,447.13502559948995,224.811164996166,920.3458570827881
2,2981,128.36350397149687,118.39876111855455,64.69553506738852,249.99780629643993
2,2982,12589.600290457556,12449.33420765231,8935.84606460343,17112.4363726978
2,2983,307.40947478731977,293.5011929197489,162.67781124584076,530.6182331705488
2,2984,1935.6756556551204,1905.953970626849,1353.16663216642,2686.518270886266
2,2985,142.8444842844549,134.0956351731987,86.10964225883659,250.9570049450997
2,2986,11832.697223889632,11690.148905592723,8529.597331488707,15959.24523476537
2,2987,7102.882075180871,6999.932407787825,4945.341276959599,9852.147331680535
2,2988,389.95478803007296,382.15047366327076,271.7642805493009,552.5554533211817
2,2989,4720.796284479197,4647.326322672439,3289.498869382123,6565.167751521134
2,2990,45.772223181909695,37.68468079489607,18.735570309431708,123.25037436746076
2,2991,1052.56571342537,1014.2474076140454,651.5011257225087,1679.0411167012658
2,2992,3538.741801895936,3478.2699486484366,2444.9921249004233,4972.618281817356
2,2993,618.686344424806,585.5807090136032,321.87488611377546,1102.6626743401644
2,2994,2562.651402415652,2517.5068381635556,1782.8677647503812,3601.723603076571
2,2995,116.51011349649376,108.32724858963479,61.20589841954459,220.0923382177733
2,2996,2135.8761782850233,2081.6801245564575,1383.2669086852732,3197.885659393714
2,2997,172.53452014043455,163.9556611519851,116.66329010331863,281.33126148153394
2,2998,81.55092058308428,75.53704907610356,44.69265149878607,151.18661838813185
2,2999,366.1516882758677,321.72225826873563,179.00442301313507,814.6296582564827
2,3000,1323.4645573020543,1289.1411660491206,868.4255391275796,1975.8736804828163
1,3001,0.1524098560033663,0.1416118216584286,0.06538415632402092,0.3013570115854111
1,3002,0.013680569272389191,0.0,0.0,0.0838925147297487
1,3003,0.0750870980309688,0.06303486969054863,0.024261428215682106,0.19457591842591987
1,3004,2.1473442426773834,1.6827230361893928,0.2635274815003172,6.736657314402258
1,3005,0.08654974437864844,0.0760725846739991,0.03555241416878319,0.19302360069991226
1,3006,0.23794992598301876,0.2219204424973427,0.10478308392730139,0.4625324421553495
1,3007,0.6318181408153688,0.572863562703094,0.24722092503452617,1.354390468033318
1,3008,0.798066150518211,0.6312690839229365,0.17381074117563358,2.4106773131233945
1,3009,12.439078017024466,9.96593198925758,2.7941333954017313,36.82738985627286
1,3010,0.328956581040797,0.28662555256351985,0.10866168927287553,0.7978341903100653
1,3011,0.8528408975204211,0.7518392666488551,0.11067962769599049,2.1698974639984336
1,3012,0.0814196905371871,0.0668237351130745,0.0,0.26258112085603813
1,3013,3.8427008576679573,3.2904797340731538,1.035836750946852,9.889677426615789
1,3014,24.06469258514428,20.017555236116294,5.838779319156613,66.05120495026975
1,3015,0.2726020097430966,0.24154313243126535,0.10198690573258759,0.6272950894834733
1,3016,0.1882245989627211,0.1556786022117849,0.06354174897770085,0.5084126560382465
1,3017,0.2804924704386812,0.24715858178270894,0.041205507653076574,0.70823997175473
1,3018,0.09764451785492388,0.08763180383092758,0.03755537824403765,0.21591863094815236
1,3019,0.6389501380988856,0.5602074516501212,0.19258928123529684,1.5433781554027688
1,3020,0.8996001107647758,0.6565145669195263,0.0,3.2850315312058864
1,3021,0.4219099197058839,0.3863187398997875,0.18494190946727726,0.8603796885990139
1,3022,0.5800215554973666,0.5017186211334393,0.17832461122311108,1.43617271792612
1,3023,0.5431568097775403,0.4674703678632536,0.1854971864370129,1.3551641621585568
1,3024,0.09042662326889155,0.08074833149985375,0.0,0.2372254657602117
1,3025,9.94320526518801,8.30634045222264,2.4904673952945884,27.07181146498999
1,3026,0.15294217720437003,0.13808218461531824,0.020043988903275134,0.3672309977739112
1,3027,1.6084743768186587,1.2920030878595081,0.3156809590108621,4.780883555907097
1,3028,0.44801486531702,0.360633101672843,0.0,1.434313118471016
1,3029,4.512581313100034,3.759475158201214,1.1221178082579886,12.275737363507464
1,3030,0.08472627422680293,0.06686211334698186,0.02740786328376191,0.2524362098427407
1,3031,0.08635999448844751,0.07443678432075068,0.03474548343111815,0.2087427303047239
1,3032,0.10678583496852997,0.09106996149516913,0.037046695592503,0.2708054328185924
1,3033,0.9250150844119556,0.6374142693842715,0.0,3.6973968584388257
1,3034,0.3588351163710803,0.22554760957933673,0.0,1.5464819653442745
1,3035,0.5398406593841274,0.3596948502959414,0.0,2.223042373315307
1,3036,0.08755534149560831,0.07651295078805392,0.004483431403585004,0.2321216269878632
1,3037,0.025015656148432437,0.020345836006565542,0.0,0.07988862242796431
1,3038,0.017899790301831885,0.013777278274978018,0.0,0.0638065536562717
1,3039,0.08693855263934512,0.07526208313755481,0.02709785362567287,0.2140573846285908
1,3040,0.12785486815967054,0.10215871884946554,0.03890186168402137,0.37136240869364917
1,3041,0.00884219333507929,0.006935170262879551,0.0,0.029731577603675282
1,3042,0.16577259586568394,0.13637953041831347,0.0,0.501728086424693
1,3043,0.018608517516314482,0.0,0.0,0.10284484382779839
1,3044,2.1491483890797825,1.7606991063294886,0.5134329998450097,6.074138071930307
1,3045,0.014536257092458689,0.011331005664727077,0.0,0.05041695112890539
1,3046,0.3817957708441934,0.3487928934036011,0.16591609213792952,0.7922721467974978
1,3047,0.355945608108958,0.30029404279453265,0.0926451112931862,0.9448245855098637
1,3048,7.393686597154867,6.196384689751036,1.9070022420842054,19.888954305255034
1,3049,0.20770856336932284,0.19506764084140485,0.09807405374538374,0.39037723819466447
1,3050,1.6453512490473547,1.5354500230672579,0.7505776666498106,3.183567648667102
1,3051,0.26148523643977784,0.24189474937519245,0.11563560071639135,0.518439559272887
1,3052,0.5199106683319861,0.4867857639718788,0.2397682241245919,0.9893453684651891
1,3053,0.739414225047754,0.683115780525887,0.3210319950805481,1.4788684084287953
1,3054,22.40659391827143,18.849557769797677,5.791980396678783,60.15850318777781
1,3055,0.48727377078068784,0.4555611560991935,0.22385373657912308,0.9320955905652611
1,3056,0.4776655259036481,0.4466921207191624,0.21927529095609033,0.9145446395941766
1,3057,3.0330720726342393,2.550227162219498,0.7889399743299728,8.072692576974315
1,3058,17.70608083072314,15.0530175980839,4.661610269699943,46.4720140572913
1,3059,1.0568415915694598,0.991676645099592,0.4975147158724629,1.9878751747015784
1,3060,6.577755904106895,5.531140852570244,1.7015015292884192,17.524627278574584
1,3061,0.13547759258474812,0.12676159325421063,0.06207398264296327,0.2587671839532482
1,3062,69.9485572373746,58.99374150104144,18.40261197456649,184.8009873904572
1,3063,1.699375609971046,1.5915919370793805,0.7900309837992209,3.2281156736857324
1,3064,0.17766670802078213,0.15700948684930616,0.0,0.4700496152164715
1,3065,13.161822584205705,11.070691147203007,3.376024763816198,35.04334731344847
1,3066,0.7599759410220939,0.696023303273601,0.294381639209936,1.5929262721824202
1,3067,10.89472929944286,9.167686274122543,2.83312738732878,29.100503048695582
1,3068,0.09273439883986073,0.08502919253294863,0.04192585545892786,0.18260968762753518
1,3069,16.247370838757252,13.644707187847958,4.172237742339963,43.47522814967817
1,3070,0.13719156272647376,0.12548001972125053,0.05690874329362008,0.28544743253912824
1,3071,0.6656604284994172,0.6173269325401052,0.29022909506667494,1.3207805888810888
1,3072,4.516535208064328,3.809001998356335,1.1822231841244073,11.967429946624467
1,3073,1.0763804098541443,0.9951033808007568,0.47810074516663653,2.136460805593365
1,3074,2.022055455758232,1.705669503196658,0.5287811060856508,5.371999972566089
1,3075,0.6628366550974311,0.6148303831536068,0.2952934954536214,1.307296663495837
1,3076,0.474443182741124,0.4427780540149342,0.2163913129157035,0.9147280133905338
1,3077,2.3695067038724735,2.205663500657759,1.0570691818901616,4.620514687956667
1,3078,1.3262759805735098,1.2396555363477577,0.6039805614047742,2.537628979939899
1,3079,14.27959052965754,11.912202554029417,3.5676745086784134,38.61916156486296
1,3080,1.2593635569085608,1.0446382446838949,0.307945027077599,3.4778197341230266
1,3081,24.407382328332478,20.587727022294306,6.3369159395129016,64.97273291719817
1,3082,0.2645305749732718,0.2481297834714522,0.12374511673738613,0.4974306397570445
1,3083,0.2310662068030636,0.21568883989689186,0.10352672115020357,0.4474753707421632
1,3084,0.9253487804780586,0.8537747520920232,0.40138570250558114,1.8724036538157272
1,3085,3.0010308765455567,2.787673103097391,1.3235688249803632,5.9149308316984985
1,3086,91.38940559440967,78.86033982358482,25.143979496499036,230.66669600575355
1,3087,1.8088741789468947,1.6781100345934294,0.8038948131646088,3.575897654316092
1,3088,0.21338206612662855,0.19846528668195884,0.09464132087856066,0.4197566641782925
1,3089,0.018862694831930996,0.017635062070907342,0.008523608803688262,0.03634779548679313
1,3090,1721.4058512555891,1633.2726012494563,802.7557240951179,3144.665979952365
1,3091,1.1227364431553195,1.041746576232419,0.5034071521065545,2.2103820981064586
1,3092,4.535101726260318,3.8042723087879917,1.1622745418963722,12.204714806334804
1,3093,0.7315827832267642,0.6808356770028112,0.32772831866003327,1.4253011468225112
1,3094,14.465900223838393,12.193034166691422,3.7868125094453693,38.41583534362825
1,3095,47.0146192708278,42.56042564538279,17.310400032217647,102.01006604151196
1,3096,0.06251701735151843,0.05708954602917606,0.027989511130640986,0.1261634843585191
1,3097,69.01389554603074,63.99778042155161,27.76241625647228,138.91189826342452
1,3098,0.6885776612447276,0.6394624089676779,0.296974677528776,1.3610522467468984
1,3099,5.452764409454518,5.082677309490761,2.4789113274179795,10.56982293257731
1,3100,0.14580247682722505,0.1349037441379543,0.06205311515389521,0.29270005345579236
2,3001,35.28908206410491,34.21159903622136,20.789593654326545,56.00815613383522
2,3002,55.05346284266441,54.349394581856764,39.49361714342849,74.44789825918753
2,3003,72.45209355890442,63.016084288032985,35.81935410026143,169.49351898520857
2,3004,435.9546163613361,418.04195956080866,280.3704908869142,695.8829540666065
2,3005,62.46542824040521,56.4729639023146,33.240312123386474,124.40701025474442
2,3006,61.94052252530637,60.088859568567955,36.58842240293596,97.59130936499437
2,3007,418.4753935925112,393.46723214996473,201.15483617589106,781.2727120313093
2,3008,231.7694980928549,210.44083548153395,140.9045067891717,458.8794815445604
2,3009,500.38625014899964,456.9610565647105,254.4882798864934,1000.5463413632943
2,3010,271.86016084318027,243.68574179542506,106.25730905972054,602.3136536995528
2,3011,671.0358629194257,636.4831273403773,344.52492679794096,1199.0800036515927
2,3012,213.19052893880183,195.65723063380085,109.25596812935115,424.63442679580373
2,3013,679.4958581864348,649.3349460269073,399.54046176481745,1139.6598751709103
2,3014,2538.805025403095,2491.462324426865,1728.5146973898545,3622.4055900912044
2,3015,206.21621770874037,187.6642173599677,93.4243616999879,428.6188715313172
2,3016,195.8722144208896,165.91874337918114,85.42759846825804,487.638855896862
2,3017,274.1628136832445,258.17071935901004,144.33046511149266,498.83458924322014
2,3018,121.84340658585478,113.17059820973445,66.48471710682425,228.03057267592078
2,3019,893.7654071182125,827.4082679349813,399.39537437867745,1769.758963939102
2,3020,379.72879971897953,362.57962700186954,236.99456089938982,621.8525000571813
2,3021,170.50126362987598,160.4688738808769,92.60289582729385,307.1187663613733
2,3022,756.9158149214757,685.7168323653493,331.08760551789965,1605.6618705979688
2,3023,328.5225989076683,291.05433211336873,143.13070582304059,732.7659729030893
2,3024,121.07570374127503,117.4694734720726,72.01739763750297,190.49707097237683
2,3025,1980.965141120095,1936.441229357465,1303.9989876950524,2919.3510474620666
2,3026,68.92843936491855,66.8929115496331,40.799778177421636,108.78579639815767
2,3027,167.68817735142602,158.93307637951023,108.74029481095688,281.07918580683616
2,3028,381.05495743887155,339.078168961516,155.13306638828328,857.2354232250926
2,3029,539.9016732378169,522.2154864167035,345.3406581828531,836.0770118645545
2,3030,63.5559013990488,51.10837581032956,26.303036829687482,180.42900990129638
2,3031,60.533906814912555,53.355623908837416,30.716646288937625,136.02509590443594
2,3032,96.40769783868649,84.05003091894356,41.889257918721235,224.0295388066199
2,3033,485.97976977358246,463.07831083257634,298.03669805255447,807.9132908932684
2,3034,760.308589261196,722.5575090415007,457.052939412108,1282.5606653223397
2,3035,686.1419466160737,671.9955850512032,476.2746599450348,978.6991895204482
2,3036,215.26772373714812,201.14134683353097,116.3850716374077,398.31444575728597
2,3037,62.12853907099684,55.10639089138193,31.54817729012516,137.47556113370382
2,3038,109.37758983256172,97.16025941014057,54.02146903779023,241.74264190539947
2,3039,80.77900703601118,72.72821937312979,41.80965958130095,167.35920859714292
2,3040,202.77942962732192,165.90651170119298,78.79544435938917,549.5153944179968
2,3041,50.751545410488646,44.74396062816378,26.012369098426426,111.48722591979845
2,3042,81.48416543011736,72.04872343212264,37.574496736177544,182.40759102432625
2,3043,157.3732913367802,146.21325306951746,86.07554782032437,295.3186115859892
2,3044,552.6351491244172,524.5096469860969,329.1588434243769,937.0820098670384
2,3045,64.44758629763903,56.64392005167747,31.92105855579364,147.46782652151057
2,3046,102.61677112281774,96.18145089346959,54.96239873412717,189.65218857054057
2,3047,34.96264894784917,34.51293439388201,25.026458105869054,47.422516074269616
2,3048,912.6468630445394,889.7951952580972,612.0685989845271,1347.1791173781776
2,3049,116.40510464142065,112.99658949937948,68.97990326450147,183.4773490300681
2,3050,205.83803759073646,197.59028522200038,115.99739312204578,341.3674941890599
2,3051,128.12522851445527,122.39293553854266,71.22521811577366,217.58100679396196
2,3052,356.0214865567608,343.8703686234722,205.61825286978456,575.3021268131558
2,3053,179.26789323011008,170.72679710260292,96.83648548473747,310.73905260644165
2,3054,3760.218924614603,3700.605554009431,2628.151168989035,5227.898327278264
2,3055,101.69356853214855,97.84635673324689,58.172862295714246,166.91127077274643
2,3056,147.01378739317133,141.78520977922045,84.50046311000496,239.6833079954067
2,3057,409.4435854379515,402.9126574979858,292.68139956591807,562.7628502315006
2,3058,714.0609921407043,699.8007267155846,492.7761050450785,1018.7666462822629
2,3059,211.75610721396953,205.0783500210016,124.85403806069267,337.80067882480085
2,3060,521.5476480722484,511.37707590890506,364.6749039801155,737.902950693727
2,3061,106.65613675047841,103.01208361479655,62.09863424786053,171.73962418083156
2,3062,9263.617961240081,9139.189973877812,6616.861973757341,12589.320609482604
2,3063,728.3712183506568,703.6272344729741,422.00156096150556,1177.6744511474403
2,3064,370.3542158054047,355.6157335351969,205.2037036164014,621.1381665302824
2,3065,600.1242449576977,583.0825374322792,391.26557600388463,906.3366524285257
2,3066,445.22613249327185,425.96303636220284,246.5681697340001,753.0871024530851
2,3067,1409.0711829477639,1382.9274009621056,967.5442061817704,1999.766209303257
2,3068,28.954480383740226,27.332834815268278,16.470012394267254,49.08816854597187
2,3069,1098.0950426395955,1076.602353585899,754.7386781292257,1570.2621625627107
2,3070,95.26964159425864,90.04648056392367,50.17959135219825,170.77812269342027
2,3071,437.5939412291562,421.1237546780309,248.46560506334055,721.5983342216963
2,3072,383.4202511134369,376.37500383837676,266.3224362775625,541.1669106515204
2,3073,166.4378778581212,158.56577451959842,91.2306902593426,287.4855220650058
2,3074,206.50663554058076,203.550543217372,147.71570658964353,282.65351525961086
2,3075,54.19495632206518,51.6686412352318,29.861164191040668,93.17557353657465
2,3076,166.97786095348374,160.8420021364169,95.95930949754685,272.003266640311
2,3077,1156.6474715057254,1110.0453157760514,640.5337869142726,1941.0030469150859
2,3078,242.91892169564474,234.12326507645605,138.51469502381013,397.178881724407
2,3079,2239.5818712632995,2188.374205980417,1506.284262482227,3260.158958474609
2,3080,197.1695142005707,192.34129416160317,134.65581859255758,288.9934757700933
2,3081,1450.368421543306,1415.9122074186628,977.4934439328678,2113.590352723495
2,3082,106.44400298458417,103.02285050155874,62.49377455351583,169.80112209203915
2,3083,141.26801789474197,136.4334406930442,82.11253886032998,226.97809847726572
2,3084,315.9042496120267,300.3375616839445,168.77491722184521,555.1555192731548
2,3085,755.1374929131738,726.0505691270796,424.3032773463205,1249.556698494092
2,3086,1542.1699162079392,1518.1109827612872,1075.5863753926365,2147.326411066496
2,3087,390.91543368533075,373.4306970872852,215.27802629988352,668.4667433916776
2,3088,141.9121000341457,136.3124660607932,79.73554656212048,236.2895094271131
2,3089,19.355909839262576,18.778668494254855,11.42108065698901,30.633029945049554
2,3090,17379.319813455495,17160.81495764898,12458.44699135949,23541.95113050863
2,3091,423.01585730065466,404.6595490373916,234.1749906331975,716.9091173217928
2,3092,563.9733788864534,552.986833758423,383.10095577808426,807.5022081333414
2,3093,344.7367756868284,331.192320924712,192.91184168667124,574.7094189760994
2,3094,2004.1748900516047,1975.14437356677,1416.9567072098064,2763.346179622822
2,3095,1107.163400674575,1079.7807374667732,745.0760994753398,1630.9663267731971
2,3096,44.321968605393806,41.64401253310854,25.090198737229777,76.68955732000785
2,3097,415.3332738725322,404.89329045468486,277.13862416409916,614.3969198712324
2,3098,342.6288395532634,331.5236792276417,200.05438037755027,548.8228991887347
2,3099,683.3812026520038,656.0847402050442,384.34669465012644,1139.0651959067288
2,3100,117.85978070137422,113.57166799221834,67.26661348171723,193.53947521955592
1,3101,24.71807288817807,20.826223769737183,6.477406743643864,65.59178747789919
1,3102,0.6414307130678336,0.5917067112737602,0.28495776161496134,1.285559938527172
1,3103,16.20156695438751,13.527487169294481,4.0560021071083,43.938786255188646
1,3104,0.2268983842552724,0.20730048513928878,0.09841265494943796,0.4727544764726633
1,3105,81.2961544069802,74.29671652604972,30.87858102092807,171.64140962980184
1,3106,1.8960990068342143,1.7553817640274874,0.8238329707296547,3.7896580348877476
1,3107,2.549927497202128,2.3394068750665102,1.0802058333340365,5.250693571225711
1,3108,0.4388024575715325,0.4073818335597296,0.19389441068711824,0.864478817232654
1,3109,9.955171832064195,8.34054879533737,2.5556356058359215,26.728307358462768
1,3110,1.4978825049500968,1.4029007755354705,0.6913243074902902,2.8382407335179596
1,3111,0.32947754646283034,0.30814804371393834,0.15188931379746476,0.6306490093197638
1,3112,3.8740589085177697,3.2660999370791717,1.0088863197423696,10.288041808844966
1,3113,0.9060290637584403,0.842788555649961,0.4081922479881505,1.770782219166334
1,3114,2.3247683228461584,2.1778470620724013,1.0795995826828944,4.3898040330483195
1,3115,0.6556013227560404,0.6138898265518378,0.3034957314637729,1.2469062491489165
1,3116,95.25481645257773,86.30416633353938,34.97021136276848,206.2410425165517
1,3117,179.5011502410824,163.606806704907,67.66999183398757,382.9774552564193
1,3118,3.9222904205640563,3.668054040447948,1.7862847098151466,7.561605087051457
1,3119,1.672024746644322,1.5588152288001393,0.7650777260546537,3.228795643434558
1,3120,78.57369475093942,66.79352131488758,20.833923938380366,204.0375293304587
1,3121,9.633029079878852,8.98859837917069,4.392441157585768,18.607050574835643
1,3122,2.6399768298735853,2.3482585124982664,0.9335282470652957,6.038062856187119
1,3123,0.1725862727323199,0.155594836695835,0.0686494062723008,0.3758908015966789
1,3124,2.298124617058649,2.053764055692781,0.889416429671497,5.145674351399584
1,3125,0.813359018881698,0.7308467956657791,0.3435715801240721,1.7664167881019455
1,3126,0.29479272340848434,0.23572548758536507,0.0,0.9336238619837771
1,3127,0.20558895102783187,0.1924792940796026,0.09386053340121397,0.3919250178869778
1,3128,3.286939838200424,3.0592375965942864,1.4917222289496144,6.377268776058257
1,3129,0.7686744834822014,0.6514831300777374,0.21096109960221668,2.01852598842102
1,3130,0.3500709242340745,0.2899820652691421,0.12016944933151251,0.9409075680544834
1,3131,0.4406111582699198,0.35283682219646173,0.027869021221688946,1.3826445981983853
1,3132,25.987474664303992,21.147957902273028,6.011294866402692,73.81743697752866
1,3133,1.2338452403062574,1.1148445747690756,0.5078592978362333,2.658224717273045
1,3134,15.461558469266697,12.703185595280331,3.7255606273276727,42.9003378585731
1,3135,0.06524947237236128,0.06059177792436375,0.027533373846687036,0.12979478985433987
1,3136,2.4595098559917346,2.2566943212950283,1.1048010445804208,4.9845790984192595
1,3137,0.5562430427689359,0.5233309277026306,0.2604008169313138,1.044661418310984
1,3138,1.4500249395116305,1.327623979228043,0.6278470113494597,3.0036267077062657
1,3139,0.743445365822214,0.6307345157314797,0.274103930697396,1.906568293656753
1,3140,1.034079972202595,0.8790944887789094,0.0,3.124439231013351
1,3141,3.609872796214642,3.030683000666091,0.8765225566784182,9.761322489124597
1,3142,3.23873049696978,2.8325157050499614,0.8829370044403577,7.953814871856377
1,3143,0.526951842923298,0.4498086290439278,0.2062164754100711,1.3204004407613465
1,3144,4.914467609434925,4.6611959126276385,2.402992468508476,8.856153393497333
2,3101,2640.1607316530667,2597.2169211696564,1847.1937224131354,3673.4598519724213
2,3102,133.92371558752208,127.29361404357886,73.42524998378553,234.47095227035453
2,3103,2503.929821939406,2444.017412420504,1656.9120548274589,3682.4195294404153
2,3104,108.1292641314252,101.53207126287256,58.317506010202315,197.69528628045884
2,3105,1016.3733597402239,991.9932335585751,690.0103356017505,1486.0634024278268
2,3106,839.5450787291907,801.205842505349,453.85901591189435,1445.7096880729866
2,3107,248.3880373587817,234.5315168871739,128.22539355416782,445.8055714430732
2,3108,332.8506558138577,319.1453400362743,186.5820907252033,558.7561043233195
2,3109,1561.035894666742,1532.7181790393868,1072.8581081552215,2214.523341287356
2,3110,151.36396533104704,145.9307794318869,86.86930642737254,246.88603984851918
2,3111,217.74937136553973,210.10545189616624,125.87652747728946,352.61709647208187
2,3112,339.07292516701267,332.03141153834554,232.71908325741038,486.03613873789703
2,3113,216.83944107965098,207.70873058664517,120.29219187719312,365.01599910623787
2,3114,853.8990528834072,825.674783093607,496.1920001072494,1373.2832844777663
2,3115,137.79683145303835,132.9854167745214,79.29163062361033,223.7111477097378
2,3116,1788.9055352180342,1737.9223895048776,1176.7471495128189,2695.5681114992926
2,3117,4984.220192052708,4912.492592643321,3543.9709659853665,6828.350763227525
2,3118,501.5481758094614,483.523415525435,283.7299314561761,822.3602571872481
2,3119,227.0586767621487,218.23252017914626,128.82160179959067,374.5215825509532
2,3120,2423.4327578137286,2375.019746192598,1643.8120579551623,3477.3086434023335
2,3121,576.6682380835396,552.9004935933694,325.1440529772218,957.2807991115046
2,3122,475.8304248391878,437.14723776761554,200.77584491988878,977.9205638135081
2,3123,90.43742731657579,84.25512797989859,46.26716483714018,171.03475063529012
2,3124,430.3045202349161,394.72475795321424,199.8444997697806,871.7362875018046
2,3125,102.22286973588253,94.34995738522971,54.71225635651651,197.01326144569393
2,3126,189.08098379776072,166.59054403997143,67.38015733146193,442.3040247309205
2,3127,38.34476777621138,37.1594282941509,22.53216387738402,60.86057513921694
2,3128,253.19572924144282,242.1334915899317,142.04149384179658,429.88376512598046
2,3129,217.9309060436986,190.89873916614388,69.48390200685397,525.5875209965586
2,3130,46.136687454436924,38.852589502150906,19.115504329882434,117.60500143740518
2,3131,85.66502559022123,72.56711550206074,36.99465768004998,216.93692720524993
2,3132,1539.3734952686893,1449.8404642250646,826.3414406073446,2779.4420188959443
2,3133,138.12429725633518,128.59214083731723,72.41334106112237,261.2072328479702
2,3134,959.2183897164923,914.3517341770456,567.2459719792253,1606.3665202576008
2,3135,11.474998183190825,11.085196720123283,6.523327898770145,18.66323192898434
2,3136,183.98784644627148,173.3507968603542,102.17850068175066,328.6812920327122
2,3137,47.74550716974922,46.3192294126679,28.02903614756453,75.82483482103225
2,3138,209.9716983861994,197.14217420377375,114.76725163634461,380.6794880676388
2,3139,72.96951317653338,63.33598855879886,34.35773834592145,172.62739689679873
2,3140,296.6915765180908,280.5391501002356,160.97476841838875,526.7337271343877
2,3141,421.0176622578934,372.29454833980975,131.67785936924216,991.9529819887736
2,3142,334.23281615432995,302.1489393835229,101.76391284148593,753.4254812567864
2,3143,59.72367105471574,51.945852733986136,28.53822285736399,139.88640529246408
2,3144,35.66800209986213,34.533954340511414,20.8150455022432,56.79077409682637
