countyID,mean,median,2.50%,97.50%
1,487.1113728,465.4488007,268.6389761,829.0480956
2,2033.397947,1954.770442,1153.661062,3348.386743
3,362.9475438,343.6547039,222.1835257,616.0122911
4,275.3636158,248.988936,155.6272526,559.9624828
5,449.8451226,442.8792603,321.0669611,618.5520608
6,151.5580155,131.2509376,79.6767175,346.1694657
7,303.8875174,274.0821981,155.1978357,631.2809261
8,888.2075408,848.7762008,495.0957091,1504.800622
9,303.6266741,286.1479557,203.4258263,514.0050679
10,345.0373028,327.5377215,211.3303075,580.26548
11,361.2283415,342.5261602,239.4490049,597.9139365
12,90.18828485,89.12633588,66.09967732,120.1830265
13,368.4321119,336.5070169,195.1825671,731.6605969
14,264.1841643,241.6031656,137.2787822,522.0557314
15,218.6620902,187.0622877,110.4941805,514.457856
16,695.3184173,651.9639441,417.7835848,1228.804335
17,402.3360215,385.4894068,226.5804358,674.2825426
18,194.367824,175.722074,99.89889627,399.9095683
19,396.0153405,343.292312,152.9561577,944.3547452
20,629.4372521,605.2127818,387.5062376,1011.912796
21,97.61414289,94.75851404,70.42649904,134.8377767
22,1032.285791,1002.821164,696.5484247,1534.919742
23,725.9086801,703.0702018,466.7282202,1115.891881
24,317.1068807,308.1532851,220.1774583,468.4324829
25,939.4611798,903.4297734,600.369755,1494.562097
26,825.9335226,789.326224,452.2105441,1410.897437
27,443.9143163,414.4911076,271.357084,793.8837713
28,789.4327253,760.7103618,453.3167607,1283.367319
29,120.0365642,118.6969512,88.31548199,159.3449386
30,322.468988,301.5632316,204.6784192,569.1800875
31,178.2269593,168.8774598,98.81273976,311.1086774
32,39.89532591,38.6419186,23.07703501,63.90360481
33,152.8054226,138.3190957,71.39910155,320.5274494
34,135.7491516,128.917672,74.15064889,236.1853657
35,840.126,812.8728578,491.2199206,1344.239766
36,543.726091,527.7515413,371.4366784,808.4674719
37,8329.837869,8210.02461,5875.954405,11468.48493
38,123.8133286,113.1522141,80.45799219,235.9647309
39,770.5156247,740.950071,435.7219884,1274.943296
40,322.0434271,302.3527434,166.0252038,592.9696399
41,1646.612471,1582.778263,928.0548093,2726.88334
42,973.6821427,933.1475802,541.3520315,1636.054235
43,51.57111425,49.99915837,30.43818235,81.38294511
44,144.4388443,134.5284496,76.1253241,272.1030712
45,4449.010032,4296.53973,2567.138091,7171.779455
46,169.9067002,162.0034285,112.155976,276.1172905
47,238.7809405,228.6181998,167.4461518,370.9468866
48,1533.402908,1486.012301,978.8345752,2362.916024
49,3997.609662,3863.911403,2314.410396,6421.999411
50,253.5313129,243.7458945,161.0082931,402.4123958
51,1687.303058,1633.245355,986.8920426,2682.956951
52,967.4170635,932.9978339,553.8787627,1574.856951
53,57.88474958,57.14051065,40.60897749,79.48320562
54,115.5286898,108.6933478,64.5474022,206.0723962
55,436.8239985,417.012974,272.2516919,716.9509238
56,407.5174989,378.0663573,220.9688803,761.9458258
57,619.2967102,571.3729033,301.3062074,1219.811348
58,920.0084391,883.9456881,596.2680742,1455.263844
59,2170.184069,2140.070225,1534.432882,2986.582154
60,85.2766715,84.24274135,61.81370727,114.7038691
61,1110.142805,1070.12065,709.6343099,1742.624237
62,563.5648018,538.1290435,348.7753391,928.5974548
63,2531.204782,2434.918838,1430.905258,4171.482938
64,693.7695428,675.3510268,462.6849315,1030.2652
65,201.2024251,177.9075139,109.7723073,432.6409713
66,128.111169,109.6995522,66.86307352,301.6218263
67,470.7461104,432.1766248,244.7232696,922.2023039
68,,,,
69,,,,
70,2983.5728,2870.283414,1674.923507,4943.863208
71,,,,
72,,,,
73,90.13857927,81.20776899,49.06200279,185.0221022
74,25.5906995,22.6858708,15.53134776,53.49100398
75,,,,
76,46.14562668,41.08404251,25.03642902,99.8435367
77,930.8015291,894.5275168,523.6709122,1545.113532
78,13.68104893,13.48354621,9.023781865,19.49182781
79,,,,
80,,,,
81,,,,
82,235.5823909,220.5556942,103.6911536,457.7465188
83,150.5522705,138.9227123,88.80235358,282.5212797
84,,,,
85,7.358103238,7.239975901,4.36069992,11.0304043
86,801.4697164,773.7459519,464.1461134,1294.991459
87,93.92022139,84.61695821,56.56821915,188.5701472
88,,,,
89,56.5023294,53.27215708,38.32151348,93.57311012
90,32.60816316,28.91582782,19.92684401,68.86376579
91,,,,
92,73.78708617,71.76553667,52.28205739,107.4430252
93,12.81428823,10.23813606,5.693688238,36.75760183
94,,,,
95,16.97515965,16.75266138,12.00285055,23.20046181
96,,,,
97,,,,
98,,,,
99,1394.896224,1338.398877,767.2080497,2342.009122
100,1430.467968,1377.580248,810.3852157,2347.860582
101,,,,
102,,,,
103,,,,
104,136.8646991,135.3449085,100.7178157,182.0580996
105,52309.52104,51727.63719,38311.38963,69558.85098
106,2136.275978,2055.108353,1207.026795,3507.110296
107,,,,
108,12678.81029,12534.18493,9227.146397,16934.99619
109,4646.823315,4558.676223,3141.295151,6654.095642
110,,,,
111,2560.627087,2467.979135,1456.613816,4182.942768
112,1578.290635,1524.579866,911.369931,2545.087727
113,238.763779,218.4737191,130.3262477,465.3252509
114,181.2572856,170.2688511,116.4639366,313.2513267
115,548.9879438,523.6575361,340.0340812,900.4067647
116,2484.93592,2401.411633,1433.815775,4026.010574
117,296.4963308,291.0147047,214.9755656,409.4456672
118,78.79617241,74.10508359,53.40472127,131.9802019
119,63.33162633,58.05603439,36.57849401,122.1735777
120,422.7912504,405.0554936,252.9444307,694.0182567
121,77.19537776,76.36365345,56.60655089,102.595786
122,177.5437294,169.077429,122.4191953,285.1465045
123,154.0113866,141.6255934,94.22536959,289.6635289
124,298.9678881,280.7683659,185.3392072,520.700011
125,132.1904232,113.4871302,59.94566058,315.6188262
126,189.4562362,180.3888864,129.3686954,306.3246934
127,273.0820014,253.28886,158.3260483,504.7867343
128,1208.195702,1152.298235,649.9529117,2081.361859
129,731.2027634,685.7048205,369.2209419,1357.028807
130,,,,
131,208.3851203,191.1419413,118.6330836,400.4647913
132,140.7992564,122.1597281,60.63684196,330.427732
133,74.53428866,73.71886133,54.54099384,99.10653888
134,329.1558146,298.7757365,159.1438744,676.3638344
135,1331.779338,1282.350025,748.2798589,2204.11403
136,268.4956192,244.9096611,141.5647816,531.0414856
137,106.9285977,99.8498222,71.53915302,188.8958485
138,932.5317928,896.3208804,527.0869828,1539.547456
139,144.2544531,135.6209109,76.96212905,262.5216807
140,656.4509737,629.5794583,396.0685403,1071.627173
141,176.9589218,163.0381365,113.1809926,331.8129144
142,823.2291678,766.5404311,412.622428,1564.209964
143,89.58141717,86.73005129,63.86497701,127.2342843
144,422.5057317,399.1001324,264.0823105,720.8669885
145,194.8137821,182.2296322,117.0920917,345.1973337
146,178.5536014,173.3150799,120.6690757,267.4931039
147,690.0532534,669.5925695,469.8169082,1033.510449
148,291.7133521,275.0487477,181.4043454,500.6152331
149,49.59082191,47.5951929,34.87474833,70.7706219
150,154.9874729,150.5377164,106.3853291,229.6953054
151,78.62265129,77.69718093,57.45691268,104.8983587
152,197.8744128,179.8423974,121.9325066,387.8341207
153,63.756824,61.13403685,37.12826477,102.9253964
154,266.9827785,250.3956952,160.5816096,470.4566185
155,515.6014542,494.3756088,291.4138904,860.5558392
156,192.7641478,176.5558809,91.83097937,390.7195236
157,167.7595948,157.7261274,110.2592067,289.2282846
158,413.8695872,393.9075015,223.3408201,722.2158282
159,561.048292,516.9935289,310.0721509,1073.121117
160,47.47542866,46.91377533,34.38787055,63.66783539
161,77.63694847,71.97798014,51.80695697,138.0647142
162,59.72039586,59.03550197,43.06460481,80.2363225
163,78.75444886,69.4734749,47.07396863,170.5760507
164,234.376848,223.3962197,150.7307617,384.1033291
165,91.08910628,80.05343173,42.73496686,206.1889771
166,221.7827938,201.1844011,116.1751383,449.7511103
167,115.6437601,108.1796887,71.13664127,204.5226903
168,129.6775009,125.4353299,75.9939841,207.2310011
169,172.1041227,166.4624289,118.8886492,259.6380015
170,1077.411769,1027.460872,615.0148681,1825.943377
171,61.54956611,60.88543155,45.12425553,81.93163857
172,4716.274619,4558.951016,2738.062274,7570.721837
173,197.7839603,187.6478384,126.5896432,329.9297632
174,267.8106645,252.9689161,173.2699356,451.8671492
175,1264.157858,1213.309055,705.5180265,2104.362563
176,140.7820933,120.8707023,71.22794675,330.93132
177,89.02030165,78.04124944,51.58395783,195.6061261
178,1470.045429,1411.581898,815.9876582,2460.080541
179,182.3053091,172.8143642,111.5387361,309.1069801
180,140.2879758,134.5393785,98.55811075,214.8207272
181,196.1076428,173.7344988,99.74788241,424.620743
182,514.6691585,487.1633105,305.2908509,882.2358996
183,160.1940578,152.6422739,105.3804072,260.5514392
184,2844.873936,2744.903419,1623.421057,4625.803585
185,930.6658757,898.1551448,594.7835073,1449.461472
186,62.24505116,54.29953078,36.84985371,139.4664842
187,411.5845315,376.4311471,203.3028753,824.5111107
188,24893.04624,24623.73657,18198.88273,33101.44739
189,13.07462351,12.88081515,8.659157156,18.59119713
190,798.301908,763.6954632,483.7985854,1312.904286
191,2607.02377,2517.005261,1490.643339,4249.160772
192,1039.365315,988.4297984,588.5800586,1793.67719
193,225.4155907,184.6126127,126.9416208,582.3392792
194,16950.04131,16756.8074,12243.08851,22780.78405
195,544.0732485,506.4043285,298.6736346,1005.449127
196,2813.451779,2763.806175,1935.337128,3972.778657
197,9523.84323,9413.903993,6926.573432,12734.12732
198,508.8992997,483.4224419,296.0238674,870.3235259
199,3004.601014,2924.844532,1912.864348,4566.89466
200,1522.284203,1468.633445,871.5653298,2489.996774
201,286.5393207,265.0699675,162.7539262,537.8645247
202,8126.606669,7866.432374,4768.181965,12930.98642
203,1285.049807,1240.425265,743.6546113,2074.823779
204,1137.711212,1083.967015,681.1672056,1898.606173
205,754.5494597,715.6211937,444.6998405,1292.498391
206,134280.3097,132844.8642,98523.51822,177983.0447
207,1434.71999,1411.575303,1005.221505,1996.46474
208,5575.710369,5488.943305,3873.336992,7760.266074
209,293.452026,272.7837889,165.0741154,543.6979281
210,1392.072812,1354.646443,910.2172726,2090.869428
211,2684.415417,2592.551042,1547.02965,4335.968743
212,95.79097465,83.16293476,55.20363222,217.2942633
213,196.0276978,169.3504854,102.9306589,450.930926
214,4373.965355,4226.811191,2540.810032,7003.112312
215,1752.909857,1691.781982,1006.580654,2841.15956
216,1609.336333,1565.166405,1057.719979,2418.71362
217,36019.56957,35625.40871,26362.64623,47786.90554
218,4743.24399,4685.579187,3397.280771,6437.657279
219,215.1034469,197.1654488,134.6310371,410.5091415
220,34653.72168,34267.2947,25401.3521,46044.5344
221,21373.29916,21133.7145,15630.1584,28443.24148
222,695.6100946,679.0252308,468.907922,1015.161701
223,24574.33852,24300.67967,17841.05974,32785.42376
224,48082.81492,47539.16858,35239.65094,63864.95877
225,26071.91317,25771.83927,19020.83076,34752.73795
226,7304.744937,7074.671478,4290.605407,11581.23161
227,3222.254277,3107.934527,1839.144042,5255.747318
228,12503.83329,12356.04933,8981.32023,16833.51138
229,4645.480159,4500.116516,2730.006872,7357.288497
230,22125.62038,21889.04554,16217.55942,29367.59483
231,4218.136293,4077.737874,2440.294081,6771.775333
232,2076.659894,2007.380153,1202.543832,3328.939727
233,46.20566719,35.83489798,19.92255629,137.9331174
234,734.5198866,714.79745,476.4103723,1106.875799
235,4705.930989,4552.676716,2761.611084,7481.573645
236,9183.440072,8899.069253,5372.923826,14581.17867
237,4808.251753,4657.845208,2839.264889,7597.139098
238,897.5312784,861.2747766,502.1598493,1498.127949
239,790.6240486,761.0777461,512.015911,1238.35652
240,260.6637239,240.1164189,145.6276776,496.6295426
241,3504.722549,3394.41664,2067.001949,5561.802616
242,1479.720302,1388.49993,794.92175,2694.418809
243,7676.580752,7440.549419,4543.721222,12091.70398
244,3038.680082,2995.332155,2134.074619,4187.795727
245,857.9322665,818.31204,462.9620536,1479.811776
246,7898.409056,7790.898621,5562.461005,10854.3722
247,184.5460517,168.8900619,109.987371,354.954334
248,8282.193428,8177.583964,5968.016296,11185.19627
249,215.3404913,188.8370127,109.7969013,479.6819142
250,33.88426922,28.73244249,19.88802815,80.68821749
251,56.67368167,56.04204699,41.60699828,75.28730202
252,3903.226511,3775.255646,2268.685186,6262.412113
253,1274.361829,1248.360263,850.5495621,1844.241235
254,399.1317788,378.8108203,221.9092938,694.6462407
255,42.19205448,30.74369257,13.9858556,140.3984271
256,112.44982,104.5710909,67.4601973,205.5682311
257,85.13188531,73.56058936,47.91574291,195.8809491
258,78.0077442,61.25689079,30.68923024,226.4149369
259,280.5492015,249.3633555,113.7629029,631.4821286
260,36.11351293,35.66257802,25.5478443,49.14615839
261,545.2513845,504.5610063,290.9314673,1039.687362
262,14330.13047,14142.22077,10336.80811,19358.69034
263,81.64254927,60.89047926,23.53472541,265.8415458
264,3962.81212,3912.197623,2838.74598,5373.786125
265,815.0950375,785.7048345,512.6627165,1289.294168
266,338.5749344,328.2886545,220.5497143,516.1347623
267,7513.456606,7269.124519,4382.510556,11961.68004
268,946.0686966,899.5274297,555.695725,1601.874571
269,833.5699198,787.7054257,500.3916321,1434.425842
270,69.17875563,58.9906274,36.24884071,167.269434
271,218.876973,195.1431946,123.8223678,460.5049427
272,499.608226,427.5693346,200.0455041,1215.731733
273,64.91512844,50.5648548,15.55664432,201.426625
274,56.72282472,56.04719072,41.06176356,76.10233959
275,12.11601741,11.9473409,8.043746145,17.20879626
276,9019.716517,8897.157569,6390.769821,12332.65686
277,8.39419973,8.277042761,5.691813401,11.76935568
278,122.8145891,108.9455656,58.65132246,268.0832151
279,128.1024511,109.9560406,62.64304692,304.8727425
280,903.2879984,865.1014148,540.5113449,1485.520422
281,3914.600035,3784.988853,2285.931382,6248.554169
282,303.3254908,280.009777,155.3505766,587.7030886
283,55.17302167,54.50363864,40.14423592,73.86826326
284,387.456525,353.8807604,205.8719769,767.1601826
285,1288.959332,1241.485986,737.3311159,2112.214976
286,10.55373498,7.765142575,4.958394437,32.33387294
287,137.5829775,122.5657093,81.87960574,288.985799
288,527.4694548,496.802805,279.3553168,951.1858361
289,748.5830712,716.6072102,433.1835201,1240.978818
290,472.0544939,427.8951304,245.3423843,954.5358402
291,271.9953938,256.5226918,156.7845175,476.5545929
292,73.99504439,62.46713408,38.01265756,180.7804553
293,340.4876237,323.8491016,197.7806483,579.7938166
294,45.16893149,38.47436495,25.64906988,107.4235962
295,1188.767308,1057.693629,421.6342517,2733.001179
296,172.7343288,162.7998633,98.93373609,304.4731609
297,1248.973635,1209.852439,733.5262003,1986.959771
298,48.76286792,48.20836141,35.34161637,65.31888571
299,113.5833468,109.6085722,76.10064099,174.9801205
300,448.8584515,426.4122035,259.1397678,770.0091941
301,339.15885,294.8088381,116.4846083,822.6280881
302,35.25930722,22.65534093,7.103140087,140.1314843
303,133.9880056,113.377238,67.13076072,323.8626812
304,30.87844707,23.90231943,15.04220854,90.5786241
305,751.0788579,685.789227,370.9468235,1506.322461
306,199.9868645,191.3489951,111.9202982,337.2161317
307,47.23978054,41.97713968,29.77951621,98.93628376
308,2758.789288,2671.243619,1611.458204,4394.391843
309,353.4258106,317.1903965,141.4607121,772.5217181
310,,,,
311,,,,
312,,,,
313,,,,
314,,,,
315,,,,
316,,,,
317,,,,
318,,,,
319,1938.739707,1858.212476,977.5546676,3361.792075
320,8178.305834,8057.493783,5696.346041,11351.44537
321,14465.24822,14242.20762,10013.38671,20160.21547
322,21959.21843,21700.01274,15928.71963,29429.44372
323,3938.946372,3794.663638,2233.54287,6445.112932
324,568.7561012,502.1708013,262.6507542,1265.753557
325,2330.923206,2251.154304,1336.142186,3786.546594
326,927.6900559,836.0650392,421.2446089,1964.290902
327,9005.811857,8713.726612,5254.493892,14386.19964
328,46676.77172,46141.09691,33905.41954,62248.27776
329,166.2947156,143.6707088,98.41389173,384.5368564
330,2352.196595,2268.423352,1344.345778,3830.2461
331,2497.148445,2401.528156,1392.048957,4144.3596
332,2787.443171,2732.35001,1907.324834,3977.455578
333,4798.07864,4638.241738,2789.497193,7693.407462
334,2161.311036,2039.642513,1151.142096,3869.986999
335,611.2422768,573.5225955,358.3350173,1088.628581
336,228.8573054,196.2797753,127.7421817,533.6715318
337,12407.47143,12259.46603,8999.789978,16626.07988
338,4874.288328,4711.861577,2820.785591,7839.372845
339,1572.039578,1504.710163,861.0463791,2667.388196
340,200.350414,184.4625674,115.3194518,379.7854022
341,449.3628818,421.4981962,228.8984501,835.3505274
342,288.0463814,270.6796365,142.9490665,535.9837962
343,400.3067934,340.5841485,160.7745147,989.421312
344,325.9195335,290.3096488,165.1513446,692.9917143
345,405.9716172,351.3171403,170.4393522,961.6335297
346,224.3617232,211.9688793,155.6661664,359.5777478
347,1221.419899,1144.826457,639.2886831,2248.410621
348,3659.251089,3599.660842,2528.751439,5133.505179
349,1434.637832,1366.567248,765.5320922,2490.845848
350,18477.45181,18274.52359,13494.37352,24620.26905
351,409.0359224,373.9001276,212.3396817,811.896142
352,2128.093614,2049.216836,1214.003738,3474.233173
353,973.0696401,936.5131001,598.5683379,1562.79508
354,179.2623686,162.2715886,83.26749837,376.5612787
355,204.6061892,149.4602697,77.09773204,668.0064321
356,6226.36759,6138.785125,4376.06017,8579.402535
357,11512.26729,11154.12797,6778.736869,18257.35048
358,4343.732498,4199.65022,2507.930095,6999.816797
359,369.4211615,350.3494285,200.2024267,648.8459895
360,189.6950319,150.7587005,75.65754283,542.1061711
361,183.9416549,166.0707239,116.7757822,370.3624224
362,6348.198637,6139.986548,3693.922608,10154.71601
363,5422.104176,5236.667576,3097.573896,8815.3463
364,1859.016173,1794.113362,1063.255552,3024.392786
365,32927.93262,32562.85084,24089.94383,43748.61356
366,3637.200791,3556.141623,2332.424757,5399.123986
367,1341.485131,1305.088162,872.4776856,2019.838082
368,2097.462423,2025.147293,1213.683925,3382.277295
369,1907.754694,1795.601043,972.0699056,3491.047953
370,20297.08819,20049.79871,14754.33872,27168.53469
371,6948.776343,6833.944215,4786.577547,9776.282263
372,25904.49147,25609.83109,18721.62409,34780.31407
373,8403.164633,8296.699073,5991.520324,11407.69545
374,18140.90433,17932.17118,13167.00532,24321.40839
375,9525.964264,9219.498727,5585.065233,15156.15131
376,1470.788717,1391.988026,840.5435771,2547.196591
377,3729.412137,3659.523597,2553.281552,5300.83636
378,4610.059002,4426.891128,2556.103396,7706.479466
379,2037.357135,1964.67345,1160.241808,3332.112659
380,7865.644205,7605.764293,4580.935237,12574.87918
381,8535.590011,8420.057793,6041.434673,11661.58628
382,1651.558623,1589.528703,937.2232864,2709.179492
383,839.5730439,784.0191479,466.6835985,1535.784208
384,686.6434908,614.3585342,308.7095868,1493.908956
385,463.3471726,388.2740602,194.5545164,1184.709921
386,8074.233849,7788.426196,4601.541521,13156.47414
387,416.7860386,383.4980823,201.7652555,824.8500531
388,1288.115168,1230.141132,689.6793065,2211.091771
389,276.0587485,260.9669738,145.1112326,495.4064279
390,248.5967224,227.4247617,139.4485478,483.4784018
391,150.3685091,128.0279928,67.4449172,368.098654
392,125.3060242,111.1015678,70.33092775,266.4220392
393,21.04564169,20.74909069,14.39806284,29.33387242
394,504.3442262,476.0955064,322.4155632,861.4378953
395,215.2435414,200.3748103,132.1570298,389.7699288
396,1004.722997,984.19067,680.6470264,1445.415888
397,1384.711205,1349.165283,910.1015027,2062.973291
398,122.1842478,117.5472497,86.01013521,179.1727128
399,238.915602,222.8962835,140.6879956,430.7498781
400,1292.848866,1244.370403,735.9084501,2125.398421
401,92.1595967,91.10403866,67.57969523,122.8923051
402,96.7034542,93.79112116,57.14705472,152.5027917
403,128.6373628,119.6802893,66.70208845,244.1016473
404,239.0603013,228.6606387,137.5147117,398.5996322
405,1411.292163,1356.433405,861.0189677,2270.27308
406,207.3635036,191.9510325,104.3696826,401.7236378
407,782.7989875,747.0284533,438.571279,1334.808644
408,57.21681198,56.60130385,41.90115089,76.15436688
409,1438.131972,1372.954477,814.5159897,2430.692162
410,83.16110155,79.59295231,57.74935939,122.9334634
411,1115.062119,1088.536617,757.5355458,1624.189236
412,712.2445975,671.4631189,368.4493007,1288.421901
413,147.0429336,134.9147856,94.58388577,278.9150576
414,3927.721046,3788.239848,2241.880764,6405.108265
415,71.58213109,68.42956429,41.12049258,116.6968819
416,196.3543473,191.5289911,142.3193583,267.8226851
417,3805.412078,3736.954756,2603.382409,5403.08472
418,1462.486929,1408.697241,828.9170365,2401.50405
419,20.71196001,20.42025892,13.78380277,29.32495638
420,3375.312655,3314.322054,2309.161376,4797.093507
421,70.66057323,63.89057016,40.34837995,143.2454752
422,11481.25317,11331.77569,8207.122162,15606.43614
423,445.2445283,414.1102169,282.5451993,799.2296647
424,508.4068006,489.2718716,331.2422291,798.2095212
425,1228.119321,1181.682868,700.1883634,2018.494613
426,211.1621919,188.9338595,115.9544113,439.7329471
427,1846.218692,1806.496845,1239.874203,2692.598302
428,126.9015778,114.2430181,59.43419329,270.4673682
429,172.6927843,166.6937595,117.3620006,264.571189
430,140.6754267,129.4068181,71.27688478,277.1696684
431,234.1658348,220.8237542,154.5003884,400.693912
432,370.8088999,334.2393665,205.2162282,757.6146806
433,15366.26898,15178.92372,10955.97527,20870.29041
434,302.0688437,284.0800312,180.1204458,529.052832
435,133.7876742,120.4575531,82.89491621,270.0934818
436,739.2678821,708.594167,411.1625802,1246.736742
437,1775.577514,1739.344407,1201.159267,2556.654456
438,94.50658474,84.95504452,58.11014342,194.4193552
439,18.92698569,18.29123882,10.60793451,30.97507453
440,473.016789,453.2428176,264.2872981,797.5651247
441,156.5476145,148.3945681,106.9243129,256.4026964
442,304.5994607,285.6242166,180.4291278,542.1182946
443,70.96095493,70.13060975,51.6606788,94.99400402
444,516.2626275,486.0091453,289.3726716,918.6566303
445,1375.86316,1326.446585,880.3666936,2152.591772
446,1049.390434,999.3104099,561.0921866,1826.918309
447,3162.728975,3107.585336,2196.810237,4435.900596
448,373.7197279,344.1608578,204.4726586,718.714744
449,20537.65899,20287.61032,14827.33566,27651.7328
450,621.1732264,563.2927102,315.8867766,1264.554578
451,20.11107074,19.84910051,14.26678785,27.40554948
452,849.2656759,813.3963497,467.2915598,1436.871357
453,622.9248866,597.2349713,406.9224052,989.6972294
454,218.0818828,205.4157127,146.0844165,370.5450364
455,275.9295178,262.6255549,168.1758216,459.5054717
456,10873.131,10741.45753,7806.682169,14701.74902
457,749.8341395,724.2508408,467.7858466,1179.731945
458,1823.824403,1760.26351,1051.394953,2953.281157
459,169.4700217,142.3820074,80.68253941,421.4839525
460,236.5211299,229.4535332,162.2261927,353.1755937
461,227.1207714,217.093512,129.31349,382.8064275
462,372.4842171,351.3602115,221.2929205,646.8404349
463,78.02390967,76.0491078,55.58834687,107.2067146
464,2904.711232,2849.54518,1978.736663,4152.403093
465,1512.150917,1451.970627,843.7407118,2525.981627
466,116.334643,101.6373417,63.99032155,259.9966854
467,946.3170492,917.377175,624.272999,1434.7323
468,96.00410044,94.97203958,69.69136379,128.3983518
469,270.5412017,246.3590513,136.1470446,548.9466855
470,155.8644815,149.1964059,102.250015,249.4699
471,66.74180124,65.85810757,46.75146553,91.71778788
472,95.32776024,89.32753393,64.58365351,159.5446298
473,329.5416884,310.0130326,168.2517495,603.1152614
474,149.608147,142.6165459,103.3484402,234.8531768
475,66.95726959,61.04611074,35.06543749,135.05917
476,629.2208444,598.8726214,386.3854608,1048.648622
477,224.0354454,210.9726402,121.9134409,404.4552865
478,526.8036027,506.117232,296.071331,875.0881547
479,58.52165918,51.89790357,29.02145317,129.0785572
480,102.2660438,94.88300333,54.99246006,192.8250549
481,1007.757607,969.6522136,573.6072941,1652.270134
482,597.7860798,573.6839589,361.9857077,972.2080941
483,174.168025,163.9180908,91.77040585,316.6961962
484,75.20266911,69.20217887,40.50778354,145.0690523
485,156.1128797,139.2016493,92.06033354,327.0770789
486,266.8484641,250.8408555,140.1087651,486.6720328
487,51.35747831,46.25101754,26.5764056,106.3139425
488,147.9558541,141.4670749,101.6291133,230.5829075
489,56.98864167,48.89472438,32.81999563,135.0903535
490,250.9422592,226.5312055,149.0730971,503.6996449
491,218.5247474,204.4954235,116.6769314,407.4030503
492,73.46929526,69.58087483,50.66052544,113.1151531
493,301.0540252,274.1907187,157.2145177,600.5552045
494,332.6589109,316.6266285,181.1488796,576.8610162
495,1820.167753,1755.985293,1045.107099,2945.377805
496,1429.47023,1379.142346,898.5918203,2251.988955
497,296.7390909,283.0151778,164.1545338,507.9838662
498,313.8626735,283.4028385,130.4302658,674.4243558
499,1525.953411,1492.780794,1047.853738,2194.700973
500,418.5869071,385.9419742,194.5349195,831.2019956
501,468.0910489,439.0081583,271.2773371,838.349338
502,205.5194261,186.3725735,124.0992896,406.0832844
503,134.5021508,129.1461968,93.57643409,205.4081179
504,701.8942203,635.6382157,364.7193613,1426.545545
505,106.7401598,90.89122414,55.70336605,255.9356051
506,787.0135587,718.3702579,356.0637625,1619.855371
507,20.07517122,19.75887053,12.42931877,29.57961454
508,216.9218462,206.8383177,137.7929506,354.1493497
509,49.22060505,44.79743355,30.39368546,94.39065615
510,2052.014723,1976.024274,1162.150154,3375.395106
511,1091.6433,1054.442759,698.8260277,1699.151215
512,32.15235142,31.73582514,22.54580356,44.11355097
513,154.0539827,146.7646107,98.28099371,253.1657153
514,109.7293379,103.4903838,66.93369671,189.7749321
515,633.3263487,617.7099674,428.2872841,931.2835458
516,264.2936589,242.256012,165.0965114,501.5499063
517,67.1061946,56.65424432,30.83399835,170.6872557
518,580.8042902,530.6552375,290.1746534,1162.301082
519,40.69927856,38.19818064,22.01725068,74.13688352
520,11.85683482,11.67628255,7.66407933,17.06129046
521,293.74779,279.7186878,193.3702174,479.4708194
522,122.2943633,106.4972275,59.66611158,277.4466595
523,176.6528695,154.9977412,98.45130882,386.5967883
524,57.28044999,52.42081085,30.199804,113.3765416
525,662.6564965,630.1614474,397.473142,1113.727028
526,579.0472075,549.2654631,345.9111566,985.8978015
527,424.6696908,401.2663355,240.9625445,747.3654323
528,206.1681962,187.0916031,111.5147931,410.9084833
529,49.20897965,48.59514231,35.0638679,66.96955162
530,591.8063133,569.4640125,405.6437824,917.3816124
531,91.69815795,79.29151593,51.90911329,211.3224603
532,52.39964602,47.77392461,27.83255774,103.6525177
533,351.8952508,334.2890993,218.0060615,588.0937372
534,344.9228318,324.8768103,206.8907868,602.9434735
535,681.6947973,652.5070436,375.4871654,1154.311607
536,1178.186822,1144.273924,768.3906769,1780.984823
537,446.4051236,404.5003107,253.6490113,886.7998029
538,70.6169663,58.44580786,34.36617644,180.5988917
539,168.9212796,161.7440161,118.6238717,259.2716367
540,582.8253857,539.3330435,308.7502415,1107.390877
541,19.94234859,19.62899899,13.14979451,28.46288002
542,81.57340555,80.38733454,54.65887423,115.2132181
543,326.8775682,312.1915754,210.2609147,529.3106069
544,1254.537312,1191.367113,664.2363007,2204.880224
545,131.15678,115.4944515,75.70155264,284.7033454
546,68.95773891,68.13952225,50.29712496,92.11305048
547,100.2280386,86.59707722,55.31921238,230.8928411
548,192.4677309,180.3702294,99.35274161,356.6580948
549,5969.184143,5853.487349,3832.804983,8768.395635
550,12838.62547,12426.97988,7534.721022,20411.64857
551,0.490688183,0.448445072,1.16E-08,1.318388915
552,1207.875716,1174.5253,777.9375894,1827.798547
553,2191.288648,2107.308739,1224.242198,3633.341832
554,5207.673517,5023.346291,2983.916097,8456.784474
555,37.20385557,36.76404718,27.05541865,49.89628249
556,840.3461642,807.2720106,468.5070898,1400.685476
557,,,,
558,,,,
559,,,,
560,,,,
561,85.8351438,77.34683322,40.54866035,181.2767958
562,,,,
563,879.269498,848.2108016,507.4996513,1420.881838
564,129.5338227,113.8796842,76.52894834,283.4809065
565,24.58636379,19.95762762,10.02234869,68.07657187
566,,,,
567,1825.890898,1760.289669,1046.622757,2977.763842
568,51.6397684,51.05722435,37.73142185,68.830442
569,,,,
570,5.480581535,5.39278122,3.281452019,8.168847353
571,,,,
572,,,,
573,,,,
574,106.4620956,96.56961841,53.28588096,220.2512174
575,139.516298,126.6272917,86.60786342,276.0167678
576,104.2414907,101.1205659,61.82626115,164.2330374
577,,,,
578,147.0945713,141.1411757,104.0907538,219.5748911
579,163.7652287,156.2559838,93.87017063,274.4788041
580,142.6823662,134.4746231,79.71206354,251.4087845
581,1447.461923,1394.386366,824.8445203,2365.07659
582,,,,
583,66.07298526,65.31435591,48.22508899,88.26977467
584,,,,
585,,,,
586,361.2604705,353.156352,262.1934998,497.842119
587,,,,
588,375.9202067,356.6700159,203.5896485,659.5968324
589,,,,
590,64.51267212,62.58288416,38.19981558,101.4254169
591,,,,
592,,,,
593,,,,
594,341.0294338,292.2423233,115.4255833,850.8235121
595,769.2642369,727.923169,410.7904989,1366.801836
596,96.82009849,95.64120051,70.35695319,129.6904824
597,168.4999515,146.1901078,79.17464316,392.0225917
598,1340.140762,1289.413247,810.9280822,2162.828109
599,32.45431973,29.48711061,17.22445743,63.58747266
600,145.9396958,139.286461,98.26497048,235.8631327
601,515.6978186,485.0019509,269.5787388,939.4037966
602,292.3371043,246.6782546,108.3868025,738.8597414
603,462.8429532,444.146609,292.216803,741.8728493
604,31.73276723,31.3714102,22.72338393,42.95528969
605,176.4103313,165.2312843,114.5413754,306.9397557
606,218.2404302,205.0869974,123.96452,387.9913446
607,2552.039583,2460.803784,1446.775608,4178.557194
608,425.4903983,410.6670301,280.5619671,654.5488569
609,233.9354777,211.6026878,125.5577801,478.1000043
610,248.5933315,233.6697989,139.7356814,445.1886996
611,403.2407221,388.8185896,262.8144895,631.3237566
612,921.4385868,891.6159789,579.4762677,1433.213949
613,70474.1027,69701.2633,51589.05564,93584.63014
614,263.6026122,251.6298236,166.771784,428.7115024
615,85.48623142,81.6713734,60.2646357,128.0484382
616,1794.300077,1736.873552,1125.736024,2788.737601
617,162.3731894,156.7894476,109.0669477,249.2561388
618,178.052298,168.1500616,118.523667,300.8877281
619,9785.816333,9675.492632,7095.793308,13108.94189
620,186.5105301,179.5044456,123.1922856,289.8636159
621,56.39355783,50.31689036,35.70859065,118.6448298
622,417.2613528,402.0763903,272.5197032,646.6745337
623,202.9298322,198.4283469,144.580717,287.8469179
624,102.8240863,97.63751794,56.50733279,178.3272186
625,745.8356396,719.0960215,457.5437501,1187.677507
626,427.9586923,414.7351644,286.1205628,647.6017335
627,54.41124804,50.76758819,34.2275331,96.82660469
628,162.3550428,154.5158771,101.134902,269.1948812
629,436.6965269,428.6289195,306.3934213,613.5228918
630,59.11690222,58.43768331,43.21753983,78.7332934
631,196.0299277,188.9016261,130.4828417,302.798763
632,30.44539701,30.07737355,21.91382887,41.05340954
633,160.6831137,145.1002671,76.27112048,336.4696558
634,444.7658611,424.7991464,244.9316763,759.3718022
635,280.5925028,268.6924972,185.6509821,445.6495047
636,823.6570838,801.5898717,541.4535886,1237.567278
637,110.1973745,103.1584449,67.78335519,194.1972231
638,427.848273,418.8637922,296.8425289,610.965974
639,170.816932,163.4232574,115.7391913,271.3494434
640,290.6705183,276.9238485,183.0303346,479.7349839
641,141.92386,132.7005941,95.49037229,248.0758519
642,6360.964281,6275.800694,4498.862448,8717.804799
643,849.5342589,819.7476541,492.1610817,1371.534416
644,1345.668958,1313.870735,907.5006675,1973.421508
645,709.4145438,689.0376839,468.652343,1064.278676
646,7636.526535,7546.698864,5513.247339,10255.64754
647,1569.127546,1534.615111,1067.411217,2267.230285
648,189.5546294,179.0935132,122.6057705,318.8823938
649,506.7750633,489.2196372,329.3095676,788.5246387
650,345.3511709,338.2912452,244.1796219,487.2131453
651,405.1201752,386.85589,250.9718172,666.0809129
652,392.6514406,376.7200099,246.5826868,629.9491442
653,3201.826997,3157.144391,2278.384692,4377.781772
654,1959.541602,1879.591097,1085.642366,3284.18487
655,1136.603471,1079.039897,602.0182548,2001.379582
656,384.3439565,373.6139735,263.1262417,570.6145557
657,3157.441325,3114.718872,2241.763575,4319.616073
658,513.5979774,499.3334098,339.1895089,770.312925
659,83.79936528,80.04260294,47.21519345,141.976555
660,147.0307131,131.7511041,87.0950765,301.5504983
661,120.0085551,110.2329166,60.34299975,238.354021
662,117.9672302,111.4583884,62.13456342,212.5023922
663,122.5081654,117.1369296,68.53162204,207.0836126
664,277.1425164,267.00764,189.6198714,426.7470208
665,283.7858097,276.1570451,198.8206094,415.3579581
666,566.9549273,548.3693818,358.8780157,881.4714714
667,153.187036,146.2692694,99.18972677,248.1359048
668,654.0078866,632.5082802,428.2597139,1004.550455
669,2012.808434,1942.384497,1146.793498,3281.157229
670,186.6523198,182.0146683,135.6164355,257.2964799
671,147.9197898,140.1030952,79.25431461,260.1205047
672,186.2028883,168.4806502,106.4189648,373.6764366
673,32.99579041,32.59487561,23.60606165,44.72191947
674,57.69756653,48.88691009,32.45332404,139.2702805
675,44.04277824,43.56154792,32.62071067,58.097718
676,301.9358241,287.471004,207.126953,486.4954046
677,152.5828481,147.3004585,103.2198889,233.41709
678,1380.554668,1332.859641,793.1835282,2237.276887
679,2579.170663,2542.121349,1827.992854,3540.888187
680,228.8918346,222.3531893,157.4897063,340.253796
681,2117.173164,2045.522978,1215.858444,3422.54059
682,202.0528323,185.3886735,98.82695128,402.4805902
683,42.39840471,39.12700323,28.35836226,77.43729661
684,499.8720075,470.9734765,272.6676675,893.9219974
685,48.6867644,45.2455512,25.10523323,92.29276246
686,601.4644854,584.7441418,398.025549,902.4868034
687,1321.778545,1272.082121,745.6768396,2180.765958
688,220.572104,204.6365987,132.0927936,405.3741152
689,1078.565963,1051.27679,716.1508157,1594.845977
690,134.8578003,124.8460916,80.84431398,248.8278582
691,405.1645539,366.1067175,192.0342611,843.1470437
692,140.9280681,131.2593247,90.69849342,251.8909756
693,142.0251544,133.2471431,95.50963518,245.067173
694,177.5609523,166.2175809,106.3468025,315.061262
695,799.8539305,774.0405224,517.6928129,1231.598086
696,7323.32997,7238.290587,5274.388094,9870.233297
697,1078.916036,1052.725946,710.0811249,1600.197207
698,2935.83563,2840.437707,1712.03758,4711.620116
699,256.0441596,246.1386714,146.8944215,421.4053466
700,315.8831029,301.1851541,208.9876568,511.6505395
701,4430.544983,4282.627021,2563.135956,7129.413779
702,784.3408068,751.695105,436.5091381,1320.496235
703,94.59171396,87.554375,46.50568895,184.6445398
704,182.7682618,164.1419289,96.08679633,377.7434137
705,827.4232313,788.1032886,510.9640179,1375.667742
706,385.4566296,362.3178168,205.6862178,695.324986
707,208.2095598,194.129821,106.0409728,391.3507192
708,643.7336696,610.0193533,380.1087732,1102.4723
709,1629.231912,1587.223409,1066.613628,2435.260687
710,166.8073472,159.8876407,95.54806088,276.7174134
711,401.7747633,384.2803114,254.4542091,648.4060748
712,91.38987016,89.24869573,64.86881471,130.3121667
713,401.0667517,386.4535122,257.9651353,629.6037033
714,531.0103357,510.2918516,343.1428877,837.939171
715,361.2074251,332.953639,207.6667859,679.3841224
716,804.4753668,763.8519527,466.5343187,1378.235253
717,1308.51445,1251.889179,712.777156,2222.953693
718,431.7833297,411.0822111,284.3701064,708.5437281
719,1341.242232,1297.619002,783.8019287,2147.821488
720,379.1767877,349.5444355,207.4511792,725.5977854
721,1108.796346,1080.875236,728.0349276,1649.575635
722,166.600226,152.6339697,104.524704,318.5360609
723,263.1687104,248.936876,161.0445336,449.7378646
724,345.556735,313.1526441,180.0617749,700.8327291
725,389.3545673,371.778978,248.8310017,632.9576028
726,1028.587642,990.2676662,645.8934268,1630.586163
727,399.2742055,382.9339265,256.479267,636.4590641
728,3363.547502,3314.275685,2376.232737,4643.249897
729,1050.042048,1019.833506,680.6748312,1590.559369
730,398.7744454,385.2160111,263.1826534,611.916358
731,2082.092704,2045.680738,1434.883617,2942.867486
732,699.3750706,677.8632074,459.9935574,1069.341082
733,697.9625232,670.4824262,393.6701938,1156.604388
734,523.8378847,505.8877417,336.5775696,814.2696794
735,580.6111417,552.310537,362.4949914,965.7796019
736,335.0689247,322.4101854,217.5158337,526.4884312
737,182.0389959,176.8284136,126.5174423,267.6791409
738,339.8561174,312.8031269,212.1700111,632.7416855
739,445.9825625,419.3233707,257.6616672,789.7202487
740,1766.618106,1724.771411,1189.334226,2584.565091
741,636.2639719,609.8488971,387.8673621,1037.023473
742,1197.045993,1167.635096,797.0446265,1768.265941
743,496.8159173,469.8551501,300.8311887,853.4652854
744,5589.257263,5517.371719,3971.231424,7617.711377
745,1116.807435,1075.898366,638.0719338,1819.600943
746,442.6730917,429.8251482,304.3048759,658.7069777
747,1489.228291,1465.747083,1040.270938,2073.692182
748,11639.30661,11491.42439,8363.774336,15745.83274
749,413.9457587,403.1844207,289.5263975,602.7337627
750,115.113009,107.6805656,71.43528378,202.83771
751,353.5883773,348.0548714,255.8195003,482.9629193
752,2278.97798,2199.825084,1300.163179,3704.381996
753,524.6663849,501.8816833,328.4265319,853.998085
754,1007.59806,982.3534591,662.4388283,1494.3089
755,185.7204003,172.7764485,106.6371927,340.3240275
756,822.3832518,777.401939,476.3265713,1428.122579
757,40.59675677,40.16005634,29.40737143,54.33722748
758,210.6107927,196.4303597,132.1672434,375.0874617
759,201.3103135,190.6114032,108.0616692,356.9189931
760,120.5013483,116.760581,86.60143042,170.0701193
761,229.5092713,219.0195555,150.1416897,370.9226028
762,138.6407895,124.9365716,82.20294553,279.7952396
763,2295.875926,2257.344744,1587.832826,3233.235671
764,197.8016022,185.2367527,105.6248916,364.1841648
765,194.2431762,178.2382585,106.8417271,374.6762614
766,442.6427044,422.6778225,288.4696779,719.2147197
767,443.0525197,426.5727889,274.2234817,702.4167961
768,661.5706109,625.5151647,366.4244574,1162.884558
769,154.95569,143.3225185,101.02083,284.308998
770,3305.728455,3193.459751,1912.621639,5334.461012
771,340.9323767,301.0175675,182.5560676,738.4362167
772,747.655657,711.7985442,437.4759201,1258.550855
773,217.035712,210.4938324,147.2902487,325.2083948
774,279.3622985,265.3117238,175.8286703,466.3817346
775,502.677054,482.8647287,317.7802692,802.918784
776,247.1442179,234.3435848,131.8987401,435.9657388
777,250.3407562,229.5055029,122.9605892,498.646555
778,1997.034677,1919.290641,1125.118949,3307.596218
779,267.7612349,244.4863843,138.0537116,533.1611252
780,77.67735769,66.4634907,44.29014791,182.6880859
781,2717.225689,2623.990393,1552.585981,4414.845152
782,89.95906731,85.48444292,51.6568168,150.2741531
783,1098.397051,1054.554724,613.1512962,1834.951056
784,318.9125099,308.1278265,215.1159171,484.3720154
785,46.16684847,44.79070764,27.4661065,72.4775431
786,787.6724596,736.7916885,390.6484359,1479.311091
787,355.8539114,340.9212717,220.58033,579.8115944
788,863.1091665,839.4028785,572.4696074,1289.451281
789,207.8418482,197.6990277,114.5157639,358.8213793
790,272.0830485,261.7054959,179.0882448,425.7514906
791,329.0002901,313.4622125,179.2948739,568.4489999
792,56.68955274,56.09946851,42.06030071,74.89175215
793,37.93555916,32.93842295,22.79146285,85.98379387
794,132.1928077,123.004383,86.54999721,236.5366754
795,178.964925,165.4784532,101.3337982,336.1186071
796,47.00199596,43.25254292,31.4282551,84.11971176
797,234.1544272,222.7685235,126.8348837,406.9370694
798,1161.589952,1119.476103,667.2835238,1896.753774
799,218.2310808,206.0826333,118.433574,388.7743492
800,178.0157403,168.7558014,98.33784837,311.1847559
801,180.1107355,176.2604153,127.5570042,255.3533493
802,289.3575357,264.9429699,161.0128562,562.7670664
803,163.1242408,156.5318559,105.5250973,259.6803461
804,106.3464859,102.2361294,71.01039817,166.2330276
805,253.8915608,230.3387389,145.6595092,502.7028262
806,157.5549491,148.279435,97.02507075,271.9037508
807,258.615469,245.5786353,157.2672354,436.6982966
808,612.4247065,589.252487,384.8744677,977.5735407
809,99.13465453,93.26727825,67.49441959,167.5585089
810,99.41278749,94.54599158,69.37472287,158.6417328
811,114.8979202,97.33549132,61.41990656,279.2469253
812,184.9613719,166.1269085,108.0867829,378.2478869
813,217.4262335,206.2382977,135.7400389,365.5716234
814,1080.810725,1033.024786,609.8632294,1824.48575
815,133.2086324,130.9783851,94.67928506,184.2601404
816,1209.363713,1153.156782,645.2414537,2110.587436
817,126.5195552,113.5403471,67.35052029,262.0477452
818,80.51311669,71.89408062,48.99935801,167.1517113
819,160.3485664,151.033337,106.7001429,273.1080571
820,590.0391593,561.9309976,354.2468575,989.0971586
821,339.4974251,325.2451774,199.8001256,562.3940766
822,1063.892673,1022.382644,599.4761373,1754.558921
823,134.9277284,125.4037227,78.17837259,246.5202075
824,228.0791586,219.2869373,149.1043983,359.1705384
825,282.5526415,245.387666,133.5070159,650.1854272
826,94.85305197,86.05389866,59.71367731,185.0193103
827,105.5233318,98.46072279,59.49802623,192.5559856
828,92.19446062,82.12579869,55.1981222,193.6448309
829,90.63162159,86.4853203,50.48926683,154.6299921
830,92.70824818,86.05301394,47.50142436,177.5083641
831,131.5696279,128.3826495,93.17855009,188.4952691
832,173.9730073,155.6609424,90.61900052,364.1672202
833,333.5981557,317.1544592,191.3361942,568.9929519
834,100.8248353,96.78401966,57.20267329,167.37984
835,170.6819399,166.1744003,123.8244823,234.9435499
836,67.21135301,66.47244515,49.69186719,88.8523316
837,85.62785224,83.43837981,59.81032048,124.6894999
838,75.35457935,71.82129545,48.46907096,123.1695442
839,145.0388418,137.0973923,98.31173544,241.8983449
840,294.5091808,278.3821804,175.3699681,510.4126272
841,285.1976537,274.8516988,164.4721239,462.7502277
842,201.6841704,180.1057069,118.6015067,417.4956539
843,1518.329598,1461.016577,858.9425866,2505.152488
844,146.1645148,140.2142292,83.48566619,242.8378258
845,187.3176834,176.0377384,104.3371697,337.1992811
846,207.5908203,197.5423003,127.0831917,345.8095357
847,436.5001339,420.4162874,280.2079509,687.6549378
848,2495.08306,2393.107572,1389.809645,4179.071491
849,133.8578041,127.0890309,84.21056997,223.4546287
850,78.43596852,72.38703323,51.91078792,143.8286203
851,89.32304268,85.99207966,63.66325921,130.9723762
852,145.5441371,133.8633837,72.71778215,289.2123559
853,257.5760409,246.8485217,166.1272439,411.2912527
854,617.5770008,585.0745058,351.5345327,1077.923384
855,444.5718922,428.1355196,291.5772546,691.3042991
856,181.9541541,160.8829652,78.38946645,410.4709359
857,83.05228355,79.29485971,58.48301394,124.633941
858,74.58878469,68.7686689,49.27848608,137.0681661
859,70.19085617,63.29462786,44.19765887,140.382039
860,86.23646051,80.2822416,57.9137464,152.193657
861,396.4197271,384.8945455,274.3638746,588.7798541
862,142.4500164,133.1467488,90.8162559,250.7708429
863,50.30720525,48.08338517,35.37393656,74.08802476
864,304.8573485,286.0368529,169.4048422,549.7706071
865,139.5249655,120.3588081,68.7188641,324.096961
866,241.2639196,226.6196494,158.8061012,414.7962306
867,87.14117223,76.87617543,48.67586222,187.9786117
868,6112.231295,5911.389723,3558.754976,9819.393689
869,1037.209407,989.309131,561.4034271,1781.862005
870,186.6791578,179.7161743,125.6723353,289.1389294
871,32.82135033,32.46575442,24.17949138,43.40000572
872,100.7371904,90.98803294,62.02126899,203.4204306
873,1809.480071,1735.468414,1008.020891,3023.522362
874,86.91552121,84.41175738,62.72937809,119.2874691
875,421.2499827,400.2219368,263.4582156,702.9483033
876,1092.358427,1047.234327,605.6544899,1837.421546
877,179.3870604,166.7011604,112.335864,323.6956403
878,60.20135344,52.73285966,36.30312168,132.2136555
879,163.4014935,151.5859272,94.35634014,300.8951368
880,85.19878347,75.82878791,49.11050999,179.0192207
881,328.2843826,319.9767222,229.3956283,477.534728
882,414.8526227,398.8398309,234.9351185,687.5484893
883,224.7547091,211.0945515,116.1153884,412.5377341
884,45.85679012,45.36291258,33.95748587,60.42825484
885,368.7877281,355.5403554,253.3198705,565.0282629
886,142.3653406,130.3419031,82.04262504,274.904416
887,297.1188794,280.4354758,177.6456643,514.0653948
888,915.6851142,880.8989967,518.5459915,1510.175778
889,57.37775678,56.76065595,42.56656946,75.58262092
890,159.2973727,150.6214657,98.20602401,271.4812695
891,116.6248795,108.0765449,75.02315783,213.5811545
892,64.16817633,62.53553245,44.74984224,93.28252157
893,218.6915233,198.9038947,116.1917551,436.4075728
894,33.95394258,31.7886413,22.92601124,57.30702409
895,303.4527441,287.9114436,180.7719475,518.8473706
896,183.9088521,171.2820063,102.3591888,340.1614297
897,81.21514095,78.93993055,56.44269153,119.859556
898,595.2176892,566.718667,324.506881,1028.312487
899,33.95922304,28.4681488,17.53176957,84.86117725
900,25.4554451,25.19262046,18.73546705,33.71981717
901,149.3789719,139.7621881,79.10844285,276.7563879
902,19.49543012,19.26492706,14.10146471,26.26782542
903,14.12958003,13.94684644,10.07930704,19.20047845
904,59.67980663,59.02699495,43.89178655,79.19993291
905,86.79220274,80.14549692,55.54451671,161.4019694
906,69.86111512,68.57124414,50.22893436,96.94035556
907,16.80483687,14.4571083,9.825167755,38.09716499
908,396.0111858,381.1758551,249.3524697,630.1100131
909,513.9815232,483.4875738,297.3838577,911.1735196
910,21.18324015,20.9215453,15.27661243,28.545879
911,160.7787693,154.4063895,111.2554029,249.4640626
912,115.1667068,100.4371276,47.45004671,271.1105672
913,1761.252722,1691.147815,973.146575,2941.742944
914,44.74866358,41.45984728,22.91554226,85.38093586
915,18.08121413,17.87466306,13.2413549,24.07160996
916,373.8061453,337.1789965,208.4077191,758.2357868
917,59.44585941,57.58646764,42.71721864,82.1415264
918,315.5167189,304.2938243,218.567941,481.3675928
919,327.0529135,307.9945263,210.4069608,559.7681802
920,241.2674705,232.917344,164.1901644,368.825717
921,335.9029894,318.0697322,178.145857,596.8124208
922,24.80298408,21.89207139,15.21819402,53.56310143
923,17.94643411,17.73473421,12.94081019,24.20336669
924,85.85032031,74.40196614,43.54156967,198.4647549
925,67.45276245,58.45263551,35.77147246,153.4815158
926,30.89917013,23.19781094,9.493002245,99.29407041
927,61.21590378,55.01332588,37.60575775,125.3065525
928,26.66906264,22.61055199,13.8907132,65.18731962
929,39.3376279,38.89548607,29.01531348,52.11226872
930,222.0358951,214.0723958,128.0169214,361.9788821
931,25.5774706,25.26832162,18.48884415,34.38588173
932,24.40275573,21.49133915,12.31791407,53.79493078
933,120.6807067,112.4699186,61.85390657,229.6916828
934,162.5783462,153.4002372,86.14075955,292.6619622
935,37.52838634,32.12778274,20.27048082,87.96598503
936,6741.779274,6649.962524,4774.437424,9214.52824
937,118.7307949,104.833965,39.85395572,278.4769797
938,84.36987651,76.29784435,49.31731842,169.2696783
939,24.27623377,20.70397838,13.81544692,57.57594087
940,182.7469475,176.5592195,124.0549436,277.5145566
941,19.35265399,15.21775688,9.281332041,55.54461401
942,868.1625339,838.2719975,572.4639102,1334.586947
943,29.02196399,25.29790815,17.27796927,65.02764038
944,101.7960045,91.21701775,59.60437135,209.5350282
945,19.76284469,19.52966896,14.38814953,26.46425592
946,455.3342482,432.2330702,251.8594028,793.8468089
947,461.2552983,429.346013,244.5170051,870.2415831
948,111.6999601,105.1448254,74.23434449,191.4434063
949,126.6265337,115.0869714,70.30225154,251.7525653
950,28.72570219,28.37389242,20.84966874,38.47201269
951,327.8411524,312.3047614,211.1392203,537.4774295
952,47.96330841,45.4482383,32.70945648,74.45561288
953,442.29236,424.7658941,249.3952862,739.3109433
954,40.44390886,39.9843776,29.73666261,53.7214436
955,30.77529639,25.52435965,15.50493,79.25516268
956,88.55835887,85.31892,60.59229332,136.2273234
957,238.084693,218.1565759,120.8335865,473.2546843
958,20.97428955,20.72437133,15.13857539,28.24169653
959,47.88934307,47.33372945,34.68981892,64.22954187
960,168.5654247,157.5290216,85.41962417,316.1864126
961,38.04367179,33.15181794,22.08363637,84.81587916
962,43.96131782,43.49355535,32.491953,58.1577745
963,92.94081242,80.69304816,50.79634122,210.2281221
964,46.34998233,42.43656015,29.71929696,88.39997761
965,357.2645589,334.9750788,176.0541813,669.8855358
966,87.841142,80.16937254,54.51750859,170.072698
967,31.0565419,26.08557547,16.37546939,76.66793508
968,808.7248724,777.9045413,483.367258,1310.362797
969,61.66632947,54.00296294,32.0634106,137.0866853
970,82.43962259,77.46930948,55.46476545,141.9315347
971,653.6193587,628.0533585,371.6683397,1081.470921
972,69.12728528,60.68612614,35.88317758,153.1305866
973,34.27293869,29.39862691,18.92552202,80.9920168
974,72.6578058,64.56991908,42.33464472,152.8959899
975,687.0708699,656.1345198,407.4694,1151.716782
976,37.33220301,36.80502222,26.04271401,51.50748429
977,4887.616382,4726.384297,2830.33746,7837.537527
978,170.1328386,166.5491937,121.2070352,239.6453688
979,1492.489498,1440.974785,857.661324,2413.601921
980,21.30553475,19.12379698,13.45249448,42.84990998
981,44.19486943,43.62282988,31.07021475,60.57017512
982,27.99990434,27.6911859,20.55916064,37.18527432
983,33.87809563,31.74557954,23.08331874,57.37841197
984,15.27694263,15.03932569,10.14805556,21.66649465
985,37.36861725,36.88852767,26.52969007,50.95583842
986,197.2663445,186.8306059,105.1235049,351.236892
987,59.87476696,57.6485583,41.99154849,87.90354558
988,21.52298612,21.2511398,15.55331802,28.98723786
989,62.05117322,57.98787406,32.15559437,115.4596912
990,19.38371167,15.18919164,9.426674018,55.56800816
991,44.38789606,42.85325319,31.78602619,62.11132228
992,15.97502851,15.74980707,10.82435882,22.38183355
993,62.33121252,61.65362077,46.16613713,82.43865227
994,47.47886275,43.75234886,25.3197833,91.21226903
995,1695.756537,1662.27534,1164.89156,2417.465094
996,245.3675783,225.7803723,143.4940488,463.7755861
997,156.4426354,148.0298254,84.95001163,277.7926534
998,268.1793768,244.9251338,161.6524091,517.0146425
999,52.20518653,47.22950592,27.63646834,105.7641097
1000,716.8488616,680.513271,423.9631465,1221.864703
1001,105.9912082,103.6319245,74.9712765,150.6968551
1002,389.151002,361.0295398,217.1524132,727.8804896
1003,1529.678359,1488.048799,1013.831995,2273.171045
1004,121.4634508,113.5106823,67.1693818,220.5624883
1005,532.428639,506.7024859,284.7775806,928.9799398
1006,294.3101381,279.3674505,197.6231104,485.5338062
1007,169.6839554,153.6495235,81.94749514,351.1248982
1008,294.6599971,261.6374264,139.1103372,645.1610817
1009,209.228593,194.6325163,133.5448789,374.28333
1010,838.3377498,822.3726882,581.0863667,1184.615837
1011,123.6889414,106.6925457,55.04996203,297.3041521
1012,109.9840891,101.0915237,71.51875582,206.394034
1013,427.8116487,406.7991035,274.5144142,707.3265383
1014,1229.977486,1202.679315,824.409834,1792.081843
1015,93.90388061,82.66055364,36.79504333,216.2545388
1016,125.6968582,112.18365,71.54365175,262.2377658
1017,294.7781712,270.8083458,141.9313756,585.6400872
1018,282.7052384,258.6535463,147.7662009,558.5541279
1019,819.8518859,784.4525189,448.997899,1398.23668
1020,368.8349622,349.9519624,197.298232,647.8780807
1021,321.0758711,293.8368082,179.6730057,618.925108
1022,331.5950284,305.6954642,157.5737755,651.2975543
1023,112.1892168,102.9493874,65.79961673,213.5010648
1024,68.42245084,57.02530625,36.83534838,172.9153155
1025,1388.531439,1324.770557,745.3993961,2394.040514
1026,109.7541993,98.74753005,53.57258973,234.2772483
1027,96.91553724,85.18988398,57.1878405,211.4898657
1028,188.1184552,170.9330015,105.9567321,373.6600551
1029,4892.092805,4726.538011,2812.14934,7880.95656
1030,173.6327106,154.2736518,99.60599841,367.4092247
1031,299.5752893,293.8558434,214.4354933,417.7100908
1032,923.7091112,887.4520348,560.8378843,1495.539151
1033,55.25326542,51.22938235,36.56116483,96.81988417
1034,75.36237977,72.440268,50.40868462,117.9788368
1035,152.5953974,142.2401433,101.3774787,272.3315086
1036,241.032606,227.6484633,151.2626751,412.1983687
1037,465.2511046,421.4855259,262.9340305,928.8412909
1038,356.6401133,328.9502309,204.500931,669.0535188
1039,181.5151902,165.1598804,97.33474371,363.3039796
1040,511.0230931,478.3733647,251.6621638,956.712441
1041,99.9183235,87.2211412,57.4990872,222.4832023
1042,1738.352903,1660.338975,929.9083527,2999.46302
1043,850.6575635,804.7505418,454.0473508,1508.849741
1044,166.3006306,160.4155925,113.9672865,254.3006887
1045,137.3427069,135.8463599,102.0757244,180.9200954
1046,548.8535602,520.1810439,339.4515012,933.86378
1047,178.0253727,162.0724245,101.4661374,350.9977635
1048,43.88748346,38.00773055,25.11711222,101.678984
1049,717.4388948,680.9685673,425.6683208,1220.295831
1050,103.5232975,98.27701596,71.49660041,161.9887269
1051,9043.318219,8933.962672,6531.104119,12151.55331
1052,1035.113499,956.5793258,473.2889102,2064.040077
1053,453.7073805,419.0461124,238.7463061,869.504366
1054,2544.182367,2482.350976,1682.864451,3749.052521
1055,171.9729012,156.2624036,100.8739132,338.8918987
1056,410.8947824,388.7944316,249.0418671,699.3963869
1057,151.4422967,137.6676554,72.3261034,312.4309954
1058,929.5901911,900.9834446,601.0293832,1423.730522
1059,133.0885825,121.3580224,66.44175312,269.9417959
1060,78.78893222,71.06542364,50.13684761,158.2669504
1061,77.65429512,76.71720471,56.09014926,104.5538116
1062,646.283157,605.1252214,335.6788249,1197.220976
1063,172.902469,161.2588208,102.2638027,311.017264
1064,204.6587706,193.7938387,138.9219233,339.823199
1065,67.35710576,64.03204895,36.9535779,117.0125691
1066,225.5193741,219.2388141,159.0503767,329.7713365
1067,211.6601035,197.9625248,115.9162402,385.393686
1068,1172.957271,1110.884902,602.5676379,2098.966834
1069,182.5464867,175.5719316,123.1883607,282.9597898
1070,87.10752993,78.86748023,41.81991476,181.5412848
1071,1932.254547,1875.789081,1218.556994,2967.46517
1072,134.65159,118.7713022,77.21020651,289.770036
1073,443.8074019,425.3589424,262.1702303,729.5845864
1074,367.3196876,348.5644576,233.2918447,615.8428694
1075,146.6978442,128.0588769,84.95908217,326.7707109
1076,248.2667223,235.3648744,148.5216288,423.6300028
1077,571.8165227,518.9761589,284.1521838,1167.058642
1078,47.948029,47.37474047,34.37959867,64.78688298
1079,272.1348079,255.7518648,167.8131138,473.5153948
1080,219.5386227,202.2698317,111.9158408,427.2191225
1081,81.38067422,80.49622908,60.17044422,107.6211395
1082,566.1661692,533.0526177,314.246534,1011.750082
1083,140.81569,133.15428,97.37016861,229.7284846
1084,427.9540603,402.3902275,256.7585361,752.5474827
1085,331.3899974,322.6532419,233.921001,478.6382875
1086,100.4969475,85.72895383,52.67740677,240.3643391
1087,445.1699421,412.3575409,238.2779825,841.5796024
1088,655.8394534,634.8251147,438.7187612,997.7553565
1089,123.3534307,110.4543362,73.58023683,252.3946522
1090,44.52323117,37.6235422,23.85776302,108.9044832
1091,216.179034,202.6139286,122.2745188,388.8743365
1092,394.1854545,376.3666936,242.7469741,650.2181798
1093,567.0932176,548.692549,388.6067573,858.2174279
1094,133.4641445,121.3249211,82.33574241,260.7686917
1095,1012.252098,955.9792007,597.1060699,1751.84704
1096,15.05021282,14.845822,10.37059821,20.86699978
1097,119.7291543,118.4553456,88.89310027,157.9141702
1098,422.2078567,396.7079906,241.0603625,751.7355704
1099,175.4266812,167.9201003,116.4776972,278.8998447
1100,597.0548741,563.5936683,310.9039152,1074.790258
1101,614.4708063,594.6211917,392.016319,954.5354765
1102,427.0530045,392.8742096,217.4915354,832.4111549
1103,342.4876536,318.6206901,182.9551916,639.6534556
1104,310.9858259,292.4347677,189.8842981,541.7165876
1105,95.75788926,90.93713985,66.43699248,152.4154779
1106,99.9855118,91.30572273,52.17330679,199.7321975
1107,79.39550674,76.23151372,53.3427512,124.7693003
1108,161.6356737,152.4705941,101.4896747,278.0539138
1109,1778.941867,1707.862589,980.3988923,2985.028171
1110,106.1582928,97.92107103,69.53231231,197.9673841
1111,339.90923,317.4549531,190.9400393,617.7576068
1112,189.5107808,162.4097048,95.77633998,445.2759153
1113,909.6802268,848.7896574,471.7081798,1697.957581
1114,68.38843299,57.51823948,37.80585429,171.1714341
1115,224.2316813,213.6313598,122.7061395,385.0215991
1116,587.1078438,559.5201534,318.4612756,1010.124044
1117,209.5251192,199.8105671,147.1372151,321.4549262
1118,1595.736914,1523.225683,858.7375608,2752.426737
1119,148.7747825,137.4926216,78.23960122,286.9335893
1120,488.6573237,466.3939076,304.0836222,803.6574256
1121,592.7663361,550.0104781,323.38032,1112.044939
1122,217.6180239,193.5900462,106.9706028,466.6033155
1123,1051.405978,1013.881094,603.3425921,1714.171744
1124,2113.11874,2042.2364,1221.774286,3401.808106
1125,1681.118945,1624.995664,973.1318518,2704.933201
1126,400.6490591,368.4693099,171.0116969,822.0714726
1127,32.11047593,31.02785955,18.35986554,51.93559582
1128,297.5696755,246.4370032,104.6178915,795.3184772
1129,321.6062106,285.4499572,151.5687282,705.6299175
1130,516.9853264,475.5518286,238.4688901,1032.292498
1131,283.6668011,268.8824649,149.6420848,503.7494183
1132,5009.55337,4844.887692,2907.517139,8045.850312
1133,175.949151,150.6635587,76.15311807,425.6638061
1134,222.7281661,206.7435796,112.5107368,426.1454328
1135,267.9363957,253.2002516,184.1020789,445.7233669
1136,132.9301458,131.5064374,98.39571657,175.6318958
1137,287.7400018,268.4745019,144.6282294,543.4364763
1138,1293.337327,1217.862573,697.8985636,2325.236839
1139,190.2368118,180.213288,107.6059417,330.2369973
1140,138.8958846,127.6585289,91.16377206,260.3942573
1141,4367.65017,4230.493018,2553.714577,6953.647697
1142,299.3696188,275.1602125,147.1054263,594.0925633
1143,2895.839103,2784.148116,1619.821246,4808.117063
1144,1185.314652,1137.910335,654.8973545,1988.634641
1145,184.2940491,158.8851295,103.9694465,427.7130199
1146,568.1826748,545.0374175,364.9777482,906.2830716
1147,1120.535007,1076.987632,631.8923007,1857.087371
1148,93.09114988,80.79438628,55.3448374,211.1646446
1149,183.6577685,173.4352682,99.69494227,326.6865119
1150,379.5043831,371.4328053,261.4428747,543.7144235
1151,5313.848844,5149.18496,3121.580141,8428.207299
1152,1263.414858,1218.738889,722.7343487,2056.507424
1153,124.6290158,120.88325,73.74341313,196.4081124
1154,112.245187,107.5835029,65.17319059,182.5826485
1155,1096.156858,1053.291225,616.5158233,1820.990181
1156,52.70649135,52.03992351,38.11537533,70.9177904
1157,169.985691,153.2330741,82.91172299,357.1972177
1158,215.870002,206.1368585,143.1020642,347.9848712
1159,629.4299367,598.395442,330.395693,1106.188171
1160,523.6075179,499.6787132,282.0948948,904.7378453
1161,58.00253374,56.06488311,33.27794024,93.39172936
1162,124.011094,115.9103014,67.9559555,227.6035998
1163,333.4807601,316.9318878,181.3729409,580.4135607
1164,1245.270584,1177.433095,706.3299034,2177.542959
1165,537.402448,514.8800255,296.4776629,907.4447756
1166,550.9316195,523.1387492,347.8831086,919.9279682
1167,2724.293268,2627.394775,1545.259705,4457.439601
1168,1085.273,1041.984756,611.8230566,1807.793509
1169,29.49077823,29.13542738,21.30569062,39.65371748
1170,1317.591951,1236.329332,661.4795905,2455.378613
1171,174.529067,163.2231633,91.27141356,324.8757381
1172,385.9394401,369.8290081,216.5339056,649.3344875
1173,656.1458246,630.3609919,411.930894,1048.035247
1174,889.0764631,789.4779961,421.6043862,1928.688911
1175,409.7022272,394.2010409,264.310594,645.4064771
1176,210.4385416,195.54619,110.033523,399.4995315
1177,159.1985347,139.4068467,77.42053692,357.3979468
1178,142.5648634,133.4914039,78.96514854,257.5869193
1179,219.6390854,190.8757564,112.9428918,495.594528
1180,1665.401811,1604.65057,944.3045521,2733.171754
1181,1059.64074,1029.436037,697.7821432,1591.879686
1182,5795.859328,5590.929468,3295.769044,9456.030793
1183,412.4995862,392.4969195,256.2882172,686.4525981
1184,1298.670952,1257.288311,810.9707377,2024.112738
1185,2823.629839,2753.537124,1840.282436,4199.215113
1186,903.2111807,857.4705524,518.7938587,1551.041545
1187,527.8512743,500.744539,320.8114469,894.4392584
1188,1025.015017,996.8620656,667.2736626,1546.505565
1189,1771.761704,1711.584287,1017.38448,2867.727905
1190,324.5956318,296.078177,169.7734195,649.8297546
1191,543.4360567,516.6449152,284.9823088,954.8297344
1192,1125.430712,1090.094247,703.9280239,1747.219649
1193,877.857357,852.8651151,557.8149569,1344.227867
1194,537.3648749,525.573155,360.2026031,782.7490173
1195,3494.453237,3374.459967,1998.119493,5658.718053
1196,1566.608894,1506.813936,832.0060911,2632.735027
1197,8602.574436,8499.832127,6151.422271,11646.63614
1198,11948.02065,11803.30405,8605.653691,16084.71074
1199,924.8963159,884.3469569,503.3553907,1584.354024
1200,393.3293833,377.8347392,246.8907144,627.779526
1201,1856.22489,1829.927765,1314.020248,2547.404262
1202,1229.69049,1206.819742,846.3504874,1743.073247
1203,1771.026133,1733.636237,1205.839076,2551.505271
1204,522.1391278,493.396126,282.1403301,930.6586186
1205,3385.311843,3337.294448,2379.179711,4678.401028
1206,832.1349047,793.0484463,398.9444279,1487.150506
1207,3321.963857,3274.878268,2351.470229,4564.889306
1208,3643.27498,3589.274273,2571.86898,5017.212796
1209,510.0554804,467.1456597,224.7638311,1040.656623
1210,12796.207,12648.58462,9296.031282,17133.36479
1211,12665.69425,12513.85299,9081.879632,17086.66673
1212,578.6834385,562.5213682,380.6353905,868.1589904
1213,1022.832131,976.0798318,559.0436155,1748.939407
1214,189.6459647,182.2316281,108.7845308,312.3071832
1215,708.367611,672.4761138,372.6072466,1248.48195
1216,1610.695246,1548.616263,894.3971857,2677.126561
1217,1071.672709,1023.921838,573.6036523,1849.063213
1218,1053.855376,1011.171681,568.3219152,1785.190993
1219,8381.93416,8281.757773,6004.773391,11336.19785
1220,4606.866066,4452.417758,2655.233376,7410.469802
1221,1939.253569,1869.916094,1100.719696,3170.09039
1222,9192.892881,9079.988899,6549.721885,12510.51014
1223,344.4726566,323.7922206,190.6782506,619.9707266
1224,13518.69238,13355.15345,9712.669545,18267.61811
1225,1530.18153,1485.129891,867.7318087,2443.893568
1226,5621.24586,5436.403174,3264.798459,9009.810773
1227,3114.449476,3010.301715,1788.414373,5047.233131
1228,27686.56885,27372.7317,20031.49768,37042.10872
1229,769.4232097,716.4809263,316.3890555,1533.47468
1230,10043.17386,9918.970957,7215.537055,13573.08999
1231,7072.168444,6988.639237,5061.628646,9583.967197
1232,14190.62045,14021.56285,10247.29673,19106.94915
1233,9565.795903,9273.161375,5631.864058,15131.85225
1234,194.0241066,184.6369288,116.1677183,326.2582492
1235,141.1350591,126.9549996,79.02477848,287.8596227
1236,2013.387119,1975.92509,1381.348589,2860.112049
1237,498.5015143,479.1727836,309.4426553,801.7200266
1238,500.6140855,486.2824644,322.2029759,758.3545562
1239,214.1581221,208.5774669,143.3067829,318.2463598
1240,82.59671264,77.75358053,57.03847733,135.0994267
1241,602.5707511,589.303953,414.3326895,865.7408605
1242,1183.937776,1140.36651,668.1063751,1946.902722
1243,277.1191529,264.2583231,146.993477,480.727143
1244,1645.22023,1590.564863,950.561591,2648.496861
1245,484.2867896,473.4734462,338.3405449,691.0144774
1246,1112.65264,1076.210121,647.4109786,1782.434788
1247,553.3094465,530.1037386,305.198138,934.5414977
1248,604.1327843,581.1846548,365.2332252,976.6855751
1249,579.6372827,563.1350308,372.212225,883.2988829
1250,599.4944076,577.0551317,380.7471146,948.9328008
1251,428.3239571,414.8578974,281.9879442,653.9895798
1252,629.1575005,606.8374059,363.443875,1017.003448
1253,133.7989491,131.2820221,94.66859648,187.1806985
1254,364.1280749,355.4852972,254.9922531,525.0045912
1255,445.6243701,421.9495829,262.821233,763.7662558
1256,1188.183254,1146.134418,683.536397,1922.374202
1257,492.0552058,470.484108,308.2382216,798.6981265
1258,4506.34916,4352.719424,2597.288983,7281.624632
1259,410.3528721,397.90265,267.6275111,624.1605294
1260,227.5339074,215.2283803,137.8387478,389.8817107
1261,1037.861794,999.3399896,586.8853496,1706.134601
1262,483.3048002,470.9128769,333.1196972,704.8916299
1263,492.5053637,480.7556166,340.5516742,713.1134958
1264,563.0844796,548.7420915,379.5066843,826.6102091
1265,380.6733137,370.8275119,260.5702877,557.8955712
1266,3095.75969,2997.231799,1815.340472,4921.80101
1267,732.3755406,715.1401571,499.2320047,1067.648292
1268,378.3467046,362.3642469,237.6955344,610.923153
1269,202.6321963,194.6153168,126.8111161,324.1399883
1270,859.3477318,842.2933552,593.2523995,1227.207072
1271,1418.522275,1371.151088,827.7593148,2275.148051
1272,2835.679243,2745.776975,1651.487474,4527.521201
1273,164.6224631,157.2116839,90.89826479,280.2145961
1274,6932.059128,6845.558809,4993.207345,9371.278831
1275,29.53158173,22.79008413,14.89056811,87.69721919
1276,147.5977977,144.4887394,103.6343976,210.0345866
1277,1164.107284,1142.536532,798.8764713,1656.745622
1278,165.7419055,159.3666009,94.67213132,273.984858
1279,1153.544473,1127.412511,799.440862,1660.837673
1280,2139.665497,2110.556685,1525.639544,2919.047537
1281,51.58833739,47.03097997,33.84617297,96.13507662
1282,286.9783174,272.4543969,162.4212738,492.3212478
1283,10192.951,10074.96238,7359.345711,13685.97418
1284,489.584111,477.4109863,324.0006214,725.0200475
1285,1473.762669,1437.19284,963.9878605,2196.996257
1286,298.9913405,291.2213516,207.0878345,435.7599373
1287,569.2624717,553.7961734,379.6795131,845.5868783
1288,306.5062444,292.2748667,194.3259921,505.0593036
1289,809.9214972,778.2802763,454.8355,1345.079393
1290,190.9701025,182.7797042,121.9120718,307.6642013
1291,1757.770489,1674.001395,948.3786296,3041.889381
1292,1021.215828,991.4836669,660.5089971,1558.728032
1293,120.7863124,110.583091,72.20977512,230.8227381
1294,1499.545258,1451.861109,877.2028465,2387.679483
1295,580.3596027,561.6446873,388.0538349,879.7379511
1296,17534.85924,17333.02406,12692.86531,23509.15392
1297,312.1789201,302.339096,208.9568521,472.0537218
1298,364.1667856,352.4025004,232.2574893,564.9034579
1299,54.56671356,51.86860973,38.40084156,80.83682316
1300,260.8135611,255.4806415,182.3249423,370.6302302
1301,82.21204566,74.12622557,52.13556072,166.3464179
1302,444.4621411,420.8858304,260.480818,765.8253971
1303,3833.38004,3776.952848,2682.772165,5306.258173
1304,212.6879338,204.1464062,133.684731,340.1740099
1305,670.1889935,635.0150292,374.0126559,1166.894027
1306,1632.873063,1581.427497,956.9331532,2596.578634
1307,2029.252106,1996.469114,1414.364135,2829.470903
1308,890.9124568,856.5907294,564.6305342,1410.460813
1309,460.8576832,451.7014426,322.4678897,651.4562135
1310,146.0925708,129.4791815,73.40263713,315.5220604
1311,1173.111236,1140.475402,769.3977933,1757.897324
1312,668.2916383,651.5762954,452.4480207,983.6738386
1313,1139.593592,1110.054244,754.9352583,1688.407434
1314,4931.378971,4777.34702,2885.714124,7856.24364
1315,16582.38651,16391.91415,12109.77895,22060.57391
1316,457.6033838,436.4876501,287.2500421,751.1187917
1317,275.3809868,266.9650818,177.2542544,422.7473565
1318,3604.636751,3560.29814,2582.781009,4883.115268
1319,446.7120371,426.6622702,281.8444684,733.0526191
1320,552.7345132,535.7544133,365.9285586,837.8505968
1321,338.1235381,323.5742901,187.9959542,574.5881608
1322,126.0379915,110.524484,55.76998188,288.0308172
1323,583.3896987,562.2487645,334.821775,949.0249274
1324,251.7628668,242.4335225,170.8219006,388.0796352
1325,464.871737,433.6956841,231.5884455,882.8296242
1326,1292.842101,1266.476937,880.4319671,1857.584939
1327,434.6779129,425.7674144,297.1097976,624.0099789
1328,113.579779,110.9587601,79.86869254,162.9569665
1329,673.9095542,657.6178106,453.9515784,983.4328814
1330,490.4619976,473.1339656,282.930012,794.405625
1331,68.75584117,65.36040408,48.16485007,108.5706995
1332,254.9308278,238.0818119,126.2161915,478.6738416
1333,88.96613212,85.39798236,63.07094889,131.7353176
1334,1418.203611,1372.582156,887.6579062,2206.088684
1335,6224.23719,6130.634063,4361.483304,8612.869982
1336,153.1892476,144.6920537,83.15415219,272.8749447
1337,515.4565358,490.6218956,322.0351648,855.7881847
1338,185.0178211,178.4980291,120.2795131,287.4882641
1339,194.2518531,186.4920482,108.7158731,323.735016
1340,336.3261311,319.9219488,218.5689621,551.6046987
1341,609.049232,588.8870235,399.3722692,936.8886551
1342,55.80572453,50.85818549,36.53576895,106.7150477
1343,19533.94144,19309.11282,14228.98655,26074.04807
1344,132.4397721,127.9410895,76.80127,213.3784237
1345,277.5701621,264.6724629,176.2635185,452.8877923
1346,475.4131011,463.5541632,317.9470839,700.7312203
1347,694.5563175,676.5942476,459.8091044,1032.524713
1348,151.0902744,143.9490371,92.45360163,251.1118565
1349,141.9839277,139.8333811,103.076098,193.2811632
1350,389.0801295,383.0554521,281.5505707,529.6516941
1351,44.04448859,38.83337834,26.319514,95.65245608
1352,106.1694538,101.0208619,73.94791958,167.9267798
1353,60.63945034,55.64002118,40.18161148,112.7588466
1354,129.9083485,126.2301088,87.68794755,193.6528245
1355,102.0112259,87.73991794,42.91290118,244.4990272
1356,311.0911954,300.9479119,203.9809872,477.2945597
1357,41.84537204,41.39807462,31.11465484,55.07188557
1358,191.5699528,189.103095,140.8816732,256.1323639
1359,377.677317,369.1881679,263.8116351,539.3284606
1360,46.71767073,44.70986364,31.38054401,74.36278295
1361,86.68477885,82.50423849,58.11252334,141.4587323
1362,344.0064554,326.3783951,202.6186963,589.9428671
1363,271.9646834,260.3729904,175.9251488,436.1596129
1364,235.1392091,230.2739267,162.9726675,335.6736569
1365,354.8673045,345.5813948,244.9608472,518.3927279
1366,609.583528,584.9704202,379.9807955,981.2789395
1367,84.01488686,82.29589698,59.31175675,118.3663805
1368,309.8464269,293.2158933,166.8117547,548.3067031
1369,197.6482115,192.377662,138.407295,289.0094491
1370,51.51455669,49.38917131,36.66207167,74.72854786
1371,1393.551929,1342.015591,794.0914516,2275.708321
1372,871.4066218,849.3306664,579.7522725,1294.17809
1373,185.8830414,175.8475406,114.317393,316.0817613
1374,363.2430279,353.4374635,247.6955717,536.1334342
1375,66.22245662,64.14850153,47.70784289,91.54557276
1376,291.126414,272.545979,150.0863397,542.078192
1377,176.700048,168.0626934,106.8856376,297.2232501
1378,6531.227159,6448.582512,4716.702992,8799.840871
1379,32.24482711,30.27960723,22.25234022,52.42362151
1380,134.8159374,132.0823126,96.14787009,189.3130477
1381,148.8386625,145.0294383,103.4233486,216.0534754
1382,1097.416475,1057.416566,692.7831493,1732.871468
1383,52.09086526,49.82442946,30.19721553,85.63869013
1384,155.6971243,150.4657669,106.019716,236.0690946
1385,2005.032224,1938.465472,1162.498877,3223.608601
1386,1687.814965,1654.414933,1154.418611,2409.739641
1387,802.9058407,776.1087011,546.8839271,1219.722069
1388,201.0628123,191.6226755,126.0693851,330.6649947
1389,1402.818905,1349.251558,797.7548468,2307.920495
1390,655.2458005,619.4071473,379.6591753,1137.232123
1391,102.6843714,100.4374371,71.47536817,147.2422658
1392,167.8403629,147.132522,82.54878436,376.2852715
1393,280.3469108,271.481573,188.8624625,424.8201394
1394,25.21056889,24.92538141,18.57507424,33.38976939
1395,145.8303074,140.9985267,85.05070741,234.1151507
1396,106.9546381,105.380031,78.10736389,144.7600153
1397,296.8375819,262.1187896,149.8396478,646.9814192
1398,3450.432038,3386.06003,2361.102924,4911.533698
1399,87.39799216,83.91257651,61.80918574,130.1331508
1400,81.35414817,71.2940583,46.07119598,179.0992861
1401,665.9827908,646.1806144,442.063495,1005.856933
1402,1458.805813,1431.520673,1004.810715,2067.621643
1403,132.750528,129.3318967,88.90507571,196.0150162
1404,217.6923889,212.2450744,157.3662244,301.4240336
1405,422.2882484,402.8305115,263.3935686,697.4166674
1406,92.70266669,91.62187642,67.32851929,124.1562817
1407,274.3950084,244.8211969,138.2069565,583.9317957
1408,,,,
1409,233.9490059,229.0598338,166.9823549,329.2271165
1410,92.22568566,91.22034035,68.21105268,121.8381368
1411,88.37208066,84.01612022,60.26307461,135.996853
1412,208.5013121,188.5851027,117.696924,416.1493766
1413,163.9250115,145.3819088,76.28245274,358.6671985
1414,63.8312016,63.03197849,45.92697133,86.24568599
1415,235.7270071,221.6004845,133.6147916,418.475671
1416,141.6148067,134.8964019,98.26499326,225.7623559
1417,137.741539,136.2825747,102.1340349,181.6982169
1418,247.1220994,227.9670906,124.1711535,484.9178877
1419,193.9021475,178.9975113,116.8126483,363.6360058
1420,,,,
1421,535.2735137,510.3954747,296.3182791,920.506583
1422,144.0164781,124.2348649,64.61341212,340.8104343
1423,403.9316798,368.5797937,212.8149771,801.4119203
1424,132.8284846,131.4040892,97.93557599,175.7520324
1425,163.2227362,154.8396086,112.5437717,263.546127
1426,535.1967776,501.3364288,270.159496,999.1706369
1427,2347.104775,2252.729693,1306.630033,3928.59207
1428,1712.032138,1650.74062,983.6297093,2785.310965
1429,125.1035857,114.2816107,63.1178944,252.1109567
1430,55.84292948,52.35189682,38.17092082,90.4771986
1431,13.76188808,13.56867202,9.232430413,19.37766516
1432,283.3691732,262.5200934,171.04308,519.3511254
1433,1801.87762,1722.436193,980.6373629,3068.662375
1434,196.4742264,174.9292309,109.2645164,417.0319486
1435,243.6610273,215.8281621,96.0666896,554.3667283
1436,81.06667055,80.11217888,59.1569591,108.2284544
1437,615.3910145,595.7589069,419.118495,930.2021798
1438,79.53371028,73.71759856,52.25043261,139.7224494
1439,887.2160446,847.9610629,529.8104063,1469.669861
1440,438.0262551,416.2633654,241.8824204,761.2973107
1441,1021.729344,983.4422625,634.838686,1620.019716
1442,129.4171168,119.2278843,76.98878408,243.1262191
1443,366.6443982,332.4068432,186.3142144,754.2653325
1444,829.8803568,811.881555,571.8695602,1193.805614
1445,211.7870665,206.8149409,148.5992782,303.8073512
1446,271.6252374,259.6387079,188.7149106,428.6912142
1447,594.4354476,579.7279724,403.4668258,873.6300956
1448,736.243203,706.912544,418.1996135,1221.085909
1449,188.7085855,180.5797033,131.5247435,290.9758427
1450,,,,
1451,519.1280644,488.3854728,297.273559,920.9943932
1452,68.9259354,68.15226691,50.23595548,92.06449954
1453,231.6545546,223.9803855,159.7978501,350.6797072
1454,215.2736346,191.7795262,128.5396654,452.4615005
1455,121.1760516,106.4761735,64.04176337,267.9958369
1456,557.9381082,533.1162563,367.1792997,898.7939508
1457,333.9619813,317.4651389,214.3853469,554.0028682
1458,649.0411689,620.6922271,414.8525775,1047.232266
1459,60.46791165,58.60022682,35.6355178,95.79747465
1460,466.1210631,434.6495468,276.3224767,843.456148
1461,478.0609398,452.722426,274.4815187,826.4961415
1462,227.3364435,218.4769858,154.4643002,354.0200933
1463,58.44165793,49.74758447,34.04704825,139.4533202
1464,1190.982982,1146.383992,683.1798939,1944.908627
1465,212.6064164,193.8910284,106.3564079,434.0203892
1466,56.53798274,49.33198296,27.49629834,128.968995
1467,177.9061906,167.8083717,96.49096932,319.6650428
1468,107.1292133,103.2741004,75.76829715,154.1532252
1469,111.8506516,104.8396721,62.35800184,197.903255
1470,302.0432632,288.3166893,197.3363081,488.6638289
1471,150.2606134,132.7373848,88.59873172,323.428769
1472,,,,
1473,255.6596516,239.2985664,153.7022258,455.2482927
1474,175.8601154,161.2856113,112.0473899,334.8999012
1475,,,,
1476,385.2789401,356.2836525,217.4655229,722.8858948
1477,322.0002606,277.1317143,132.9076687,772.7287618
1478,433.8234505,415.0109311,284.4532315,696.2299493
1479,563.3641657,536.9022593,342.226279,936.7386664
1480,187.3566171,173.0025617,115.8623677,350.0092925
1481,112.7546555,95.6001954,61.1034973,271.4433807
1482,281.7544551,209.5771035,85.97645363,916.0679692
1483,294.6429571,265.2479908,149.7550542,616.7007898
1484,107.6814438,98.90453293,70.31601234,199.494666
1485,342.3873268,318.3889756,173.0672503,650.2478652
1486,308.8404939,293.9542132,193.6610409,511.6396207
1487,128.8198607,123.4584663,73.14847536,215.9128493
1488,97.09816694,83.2682197,45.29637482,231.1448347
1489,219.7132187,208.9900889,145.5488994,359.1495333
1490,852.1923703,792.6259736,439.0435648,1611.08697
1491,118.9947668,111.5082696,75.38744283,207.753023
1492,194.6608697,183.1545662,115.8914869,342.0608344
1493,237.191327,225.7209951,152.1724206,390.203568
1494,73.99131102,70.51752535,41.12660633,127.3815051
1495,2509.684667,2401.674605,1368.30143,4232.262211
1496,781.735314,754.1687413,446.9603567,1276.509738
1497,672.4650616,636.4104056,394.8523522,1159.188131
1498,62.98210008,60.67070742,44.20425079,92.09303972
1499,395.0614339,373.8210533,212.9904637,700.8207357
1500,1103.628253,1068.233228,681.8672308,1721.504862
1501,1067.168293,1019.3074,578.8782474,1823.660003
1502,128.6144257,116.7122576,69.23308028,257.241311
1503,65.64249813,55.60591489,33.87014424,161.0694094
1504,1079.966914,1061.960607,752.5235599,1509.081126
1505,248.6735839,214.4592555,117.0356529,583.7635085
1506,120.3365252,111.1015471,66.3537451,226.893127
1507,667.3749839,635.5675178,366.4601298,1154.910973
1508,113.1001295,102.946538,59.79531423,224.5798124
1509,3147.041003,3098.052518,2192.191183,4374.730695
1510,151.2276592,146.4925224,105.9295735,223.0870572
1511,812.0484774,773.8330432,439.3287052,1408.312619
1512,186.0924455,175.2622338,96.71818891,336.7264131
1513,273.844944,261.2454967,175.1257262,446.7198207
1514,119.4753991,103.0310457,59.56851975,277.2880092
1515,194.6230567,180.0231614,93.75289888,382.211771
1516,111.4702143,104.7002004,66.82502881,195.7083761
1517,246.4257864,222.2966629,107.255439,527.6528543
1518,120.5076331,113.1543149,82.22553552,204.7588714
1519,87.48560533,86.54191,64.38146957,116.0464174
1520,380.2441497,356.5065248,222.5485552,674.3539616
1521,1133.248364,1112.658984,782.6303803,1603.248841
1522,376.2888854,347.8005168,190.9577227,726.5276591
1523,62.09645889,59.11872824,40.35149744,101.6523772
1524,4305.829456,4149.637275,2427.909247,7048.253154
1525,111.0650232,96.88206598,62.2087861,246.8851131
1526,59.29847225,58.65755417,43.70397058,78.61967001
1527,402.149657,378.8911382,227.0325793,715.436574
1528,90.76025356,79.87398453,54.39524633,198.5310797
1529,40.11301384,35.45693765,25.39666788,84.54171064
1530,93.37215039,88.64122804,50.35065797,164.2028915
1531,494.5845981,472.0756978,309.8779478,811.693916
1532,71.1050253,70.3442201,52.73063859,93.80805568
1533,8991.602451,8880.705032,6517.855091,12079.58669
1534,1106.597303,1061.586095,617.7542033,1846.118827
1535,2516.745055,2476.490843,1765.523593,3490.875767
1536,891.0418217,856.6744819,553.7103388,1427.139284
1537,45.17290073,36.81983973,23.26344374,120.7483146
1538,506.2529589,462.8764693,281.234615,990.5192293
1539,267.2793512,257.5200746,181.2973706,412.8234972
1540,770.0526925,702.453747,387.7622827,1555.377047
1541,93.54929419,84.77058556,59.95456973,184.5018923
1542,609.616302,578.9572837,384.1368893,1013.745987
1543,144.5092066,134.2846709,86.02891481,263.9234056
1544,253.3588653,236.0300506,136.4540015,471.3215898
1545,305.8156893,291.5509132,190.0351568,502.9694005
1546,208.318054,194.3714804,122.1434893,376.1038933
1547,143.2294238,125.6396054,81.79850631,313.2517925
1548,103.3277006,88.01864613,56.74523197,246.9384483
1549,665.4356464,623.1259952,353.8574197,1224.723281
1550,24.94065567,24.65382225,18.20298794,33.30847798
1551,215.5758993,208.7894009,150.2769004,322.3680708
1552,96.57504611,95.51096243,71.05091485,128.0228219
1553,226.3388094,210.7065283,108.58669,435.1132486
1554,122.796948,105.913718,63.90775934,283.8228368
1555,234.9923479,224.0779242,136.4322669,397.4720613
1556,201.7724806,194.9646152,137.9206653,306.5522209
1557,157.1815322,148.3156286,101.3315782,267.2247315
1558,773.5471481,724.1197254,388.743758,1438.932647
1559,259.8821657,250.5204363,171.2756696,403.1980355
1560,107.2937648,89.68646684,56.28266551,267.1286736
1561,110.987774,102.7510766,57.52291583,214.0804404
1562,86.20421809,76.82321353,53.59331851,179.9326455
1563,186.0412562,171.8965164,107.6118751,348.8014226
1564,377.074082,344.2222299,192.0680071,752.3326526
1565,407.7976041,391.8784841,274.769298,639.1034812
1566,1330.147925,1213.919229,629.423796,2722.546294
1567,152.3584038,147.113581,109.1656652,217.8832781
1568,1485.949135,1454.790918,995.0399006,2152.73757
1569,432.2301372,404.7078959,214.8269217,804.6386125
1570,686.9173829,653.4265812,440.7405069,1132.610475
1571,35.28291907,34.82537417,25.06270144,48.06208263
1572,83.52941981,80.67821747,59.80938658,116.7172306
1573,355.451967,326.831497,203.9355075,677.9106489
1574,284.9438107,272.7759618,177.4554869,461.8561387
1575,154.4041885,141.1232932,75.58201195,311.0404346
1576,77.87206351,77.05049323,57.67625744,102.7747226
1577,4387.898795,4332.02954,3127.546265,5981.901625
1578,83.11180319,80.17332321,57.7558423,126.2948642
1579,204.896368,185.4884135,124.2964369,406.085612
1580,977.388646,941.443385,627.6436842,1538.644275
1581,11499.96714,11371.7071,8266.478655,15519.22188
1582,220.2291301,213.114026,151.2887984,331.9351987
1583,31.62420785,29.28470735,21.33522347,53.14724748
1584,31.51276886,31.12891309,22.74396991,42.41823294
1585,579.9120422,534.5377191,318.2276998,1106.411217
1586,76.19490766,65.25424619,43.99421017,180.3588513
1587,94.08472181,86.91372543,51.98650819,177.9233334
1588,363.3818701,343.1870398,222.4761576,622.4346099
1589,460.2099084,436.4468281,281.474972,779.5768778
1590,43.5453011,43.05766199,32.11025256,57.69251708
1591,722.4332583,695.8400635,466.2047518,1130.24824
1592,523.7147265,492.6609868,292.7522376,936.4720356
1593,171.1988154,164.6136761,117.0679147,265.1016171
1594,308.2563902,295.1194089,203.7960243,491.8800914
1595,615.1917677,562.0238978,297.2305302,1244.299599
1596,118.5752534,111.3984828,75.78067877,204.0088202
1597,315.5066645,299.7652885,171.5429035,551.3972643
1598,14.92475681,14.74337422,10.74691178,20.10144569
1599,385.9563384,351.8175834,191.0474851,782.5264058
1600,5378.493541,5305.7806,3803.666678,7369.419147
1601,102.1114096,91.33790082,62.69766251,210.8714877
1602,112.0810505,106.2257234,72.64902898,186.669702
1603,96.51601428,85.0727202,48.89366087,212.3378715
1604,41.64892476,40.36456346,24.42693543,66.01771978
1605,104.1064733,95.90036083,52.59331827,203.0116042
1606,10.30644794,10.17413857,7.254182156,14.09150077
1607,858.3551102,820.6049994,468.4750952,1457.938862
1608,44.32664979,43.83618803,32.65974982,58.7237362
1609,,,,
1610,11.94543837,11.79291995,8.454525316,16.30076298
1611,70.06108983,69.27720431,51.51699964,92.9180133
1612,343.2537837,309.6307241,141.6501296,741.1501219
1613,20.44908472,20.18209349,14.28490754,28.17691533
1614,91.1043641,90.13745893,67.31255713,120.3917861
1615,1318.710894,1277.782958,853.3776425,2015.118493
1616,992.0763971,954.0260812,563.5917596,1639.129986
1617,6.733287557,6.642210229,4.651945461,9.346502194
1618,241.8804721,211.4815869,108.7234508,553.3622102
1619,6.690694218,6.60310188,4.669374003,9.215542541
1620,27.81461771,27.4815807,20.10264693,37.41130348
1621,133.7891819,129.6658838,93.68453319,198.7020647
1622,87.81588967,80.90294561,46.92089414,170.0414323
1623,15.97555793,15.78641149,11.56719796,21.46872446
1624,609.4467654,561.0879629,303.8524355,1199.088044
1625,593.3922001,568.1584874,330.3777202,1001.317426
1626,12.96098275,12.78892342,9.055274169,17.8410365
1627,237.6836596,217.170192,143.0185784,455.2903951
1628,14.84927982,14.66103717,10.60085756,20.15013317
1629,97.65204878,87.44077824,60.91840415,200.5351398
1630,17.04220792,16.81771372,11.79141971,23.61101803
1631,61.54153315,57.18342782,29.58845737,119.0088553
1632,1263.725117,1210.42405,693.4251439,2140.097809
1633,38.05322724,37.60993242,27.70476835,50.89620813
1634,218.7065356,194.5981628,125.8802013,460.3619048
1635,12.33944114,5.847062687,2.63339941,60.74868055
1636,31.17529755,30.7861244,22.37851835,42.18382207
1637,90.82009265,84.40574735,49.68208298,169.9018664
1638,40.0514292,28.31376744,13.89029593,138.1477621
1639,93.58873776,83.82984282,59.7446327,190.8033135
1640,10.72554339,10.57854667,7.402366517,14.88463965
1641,722.0423364,672.1465018,398.7973109,1333.1054
1642,80.89132137,80.08361345,59.89143245,106.8334683
1643,84.96633234,76.65204154,54.36416193,169.8254429
1644,95.81694142,81.71030745,50.9975095,226.4560333
1645,140.983398,126.0007698,85.70417956,291.5571577
1646,41.23422152,34.20021419,23.10010087,105.4747037
1647,548.5452744,511.7187114,307.3957472,1007.752026
1648,68.88588591,65.19441339,37.66095594,121.3105724
1649,29.16758638,28.82335213,21.25380268,38.97599631
1650,59.91141127,51.81497731,36.01515596,137.202804
1651,45.90285734,45.3859478,33.6266384,61.11996246
1652,24.30288255,14.50586064,5.71333183,102.884297
1653,210.265968,189.4613087,90.04564779,453.026668
1654,28.36240397,20.71861734,11.71918669,92.78641511
1655,7.987549924,7.874531357,5.307004627,11.29143745
1656,1567.658862,1507.911964,873.0274629,2607.838162
1657,380.6111136,359.8583626,232.0573827,649.0184954
1658,48.45336608,46.51848087,34.51328035,69.29334991
1659,3.040320171,2.99522616,1.95199979,4.385507646
1660,4.909351716,4.840362965,3.318258473,6.881053187
1661,3.23039247,3.181431804,2.062957104,4.684573237
1662,61.32986158,53.45968213,34.86203747,136.5994683
1663,76.72753197,75.90348712,56.23632235,102.2997567
1664,17.42612062,15.42323927,10.92576874,35.72015846
1665,33.8533813,28.00924266,17.38745967,86.08121765
1666,502.3276555,488.1482978,342.1003799,742.9115797
1667,51.8447497,49.81902711,36.89815415,73.22079222
1668,61.98973432,61.30885913,45.99266531,81.75375944
1669,278.2281142,261.6021241,144.388018,507.1774954
1670,182.7502567,165.5135432,84.58382601,380.2768679
1671,26.2837218,25.96759925,18.99385327,35.34948205
1672,78.22740939,70.2208005,41.78161645,162.2567573
1673,100.6171233,89.64950452,60.08503183,211.0060565
1674,87.84050519,76.4963241,45.00338993,198.7872705
1675,226.4149981,190.3681817,92.56100793,574.0884818
1676,94.0302247,84.06304724,56.84357404,195.644033
1677,103.8087595,95.81575789,66.03690932,192.4326879
1678,181.2496612,166.7119387,89.56561279,360.1235707
1679,66.39383144,63.18074504,45.76960751,103.2841291
1680,436.1015593,402.2157842,222.3095747,844.9659834
1681,20.59179457,17.01168281,11.55215579,52.59143993
1682,72.15149074,62.71419594,38.32159406,164.6624848
1683,524.6051474,500.9222144,310.9417382,874.2900774
1684,6676.274275,6464.410313,3902.737212,10631.02062
1685,13.25882729,13.08715948,9.393103892,18.04346549
1686,49.36137149,45.78071996,33.36435448,86.1074712
1687,36.18104376,29.81440966,19.15026229,93.86782135
1688,19.95621668,19.73791457,14.63351486,26.52048891
1689,51.24166164,45.03608725,29.92350672,112.0553751
1690,217.0728441,204.2464486,140.3894755,373.9226756
1691,12.46423204,12.30574973,8.9520061,16.83780272
1692,13.9030322,13.73100577,9.922854201,18.89739443
1693,15.19247631,15.01076111,10.92112398,20.50714849
1694,5.355920039,5.280996362,3.727038563,7.397720645
1695,16.44047533,16.25782778,12.06081675,21.88215318
1696,522.1441576,499.8752094,291.2098757,881.0865185
1697,73.23131345,70.10334435,51.55532121,109.9867441
1698,22.95590454,22.70177591,16.77844056,30.58019977
1699,6.958388482,6.870353345,4.925860458,9.489311166
1700,27.48068291,23.26217063,15.82117069,66.77368515
1701,104.08589,98.67287374,66.58613868,174.4647476
1702,5.275494892,5.20121376,3.513461845,7.48282486
1703,57.28862146,53.26668764,29.31097532,109.3648994
1704,62.70518896,57.39530968,40.92554483,118.2787385
1705,49.94784738,49.35973294,36.53235338,66.5421872
1706,46.87063005,46.36247471,34.5547985,62.07930364
1707,176.7791289,164.0036747,88.22610216,338.0411408
1708,7.548777421,7.444615061,5.138904379,10.53700778
1709,26.93552806,26.61964233,19.5611088,36.06690478
1710,71.48122177,66.46514945,47.88249283,127.8946453
1711,3148.448479,3045.195305,1826.833409,5054.151712
1712,375.6024636,361.3047214,244.5363326,591.4572208
1713,5.868384414,5.791936611,4.055290511,8.113837465
1714,4.930580179,4.857651495,3.319714171,6.964555137
1715,6.171059105,4.029821412,2.455385753,22.42219918
1716,372.2453602,356.374582,241.6577811,597.0962332
1717,59.12803427,55.77144846,32.00495757,106.0646076
1718,63.16525504,59.18092022,36.63882223,112.9657334
1719,24.86864059,24.58398102,18.20538809,33.13471607
1720,87.23774666,80.82147168,51.71024137,161.1285578
1721,54.69963174,49.99417806,31.26350475,106.1575158
1722,287.1769834,265.3890243,147.8844635,555.4941119
1723,17.98641679,17.78467325,13.10872444,24.08836602
1724,21.23940177,21.00316635,15.5094761,28.31219291
1725,73.30802423,69.15446526,50.32214295,121.2105093
1726,77.93022803,67.9444538,45.6650577,171.3731953
1727,323.8282479,310.4930904,217.3373498,511.073829
1728,57.40807766,49.53154629,32.82447026,130.3817709
1729,138.6329204,121.9266739,74.88068391,302.3474144
1730,58.72527013,58.07018073,43.28247895,77.86473205
1731,9.573917688,9.447952619,6.88170486,12.95133607
1732,320.1992539,293.5609651,150.1719681,643.3080977
1733,1656.192246,1599.533167,952.8110111,2677.280937
1734,191.7668511,180.4178622,101.5706565,348.0978718
1735,480.2600493,447.7686707,274.3313618,872.1298736
1736,108.3024726,104.6954865,63.55773688,172.5873957
1737,37.42955083,37.02054755,27.50743155,49.74605795
1738,22.44304236,22.20189557,16.42905613,29.91853256
1739,8.143117472,8.037600069,5.651624863,11.26083956
1740,43.01288431,42.54023158,31.63427555,56.99378002
1741,42.14149556,38.76571197,28.29180401,74.50711717
1742,4.643118514,4.571893855,3.016419467,6.677624963
1743,55.66820778,49.83665975,34.0932525,114.469883
1744,29.89634905,29.56287165,22.01817448,39.72681558
1745,109.3042157,105.9980974,65.04949665,171.499189
1746,99.71979434,94.34515091,64.67154635,167.5037919
1747,36.47316673,31.52833953,21.27889502,83.45262705
1748,6.139020676,6.060598235,4.289771647,8.452442371
1749,148.7829016,141.9295475,96.05769093,242.1872369
1750,,,,
1751,27927.79997,27611.80003,20354.10348,37329.49674
1752,,,,
1753,,,,
1754,,,,
1755,,,,
1756,,,,
1757,,,,
1758,,,,
1759,855.7207521,808.3992145,441.9900985,1545.344316
1760,,,,
1761,,,,
1762,,,,
1763,25.28271325,24.4275647,14.50210848,40.88310569
1764,6853.115081,6618.108898,3899.396149,11122.50034
1765,,,,
1766,673.8126807,639.0488769,358.6746781,1183.239943
1767,1327.631683,1283.594073,823.91496,2078.127011
1768,956.7669305,913.1469737,574.7705129,1588.212414
1769,1243.164597,1208.368038,811.1986467,1873.705502
1770,629.4240465,606.1019966,389.5523363,1004.221671
1771,1705.233705,1661.737392,1112.229645,2547.915421
1772,6093.452248,5880.593669,3451.166185,9941.569597
1773,2762.34127,2704.521525,1854.708327,3993.133927
1774,4789.079942,4701.522786,3193.805033,6868.146237
1775,1794.092791,1750.9477,1178.826258,2654.992738
1776,746.6370032,723.8110126,478.5742095,1143.50201
1777,3106.557712,2996.252738,1774.963929,5065.949423
1778,11275.14756,11148.27873,8156.683389,15135.25538
1779,5301.412812,5237.400859,3806.647665,7159.437243
1780,7467.237603,7366.806428,5317.908676,10155.5577
1781,999.7944487,962.4471976,567.2682559,1641.947996
1782,1384.976005,1331.512654,781.3715342,2288.383252
1783,9662.300285,9545.834209,7009.09971,12960.76161
1784,3833.153951,3786.205562,2735.29149,5206.317747
1785,10657.11768,10520.98477,7652.002744,14405.65335
1786,2012.138492,1978.710129,1389.361342,2834.412981
1787,4165.511093,4019.611503,2388.399006,6763.653962
1788,10081.34268,9958.411466,7238.676913,13637.17101
1789,9221.595855,9109.706715,6617.875192,12442.95313
1790,5913.367017,5845.061104,4258.031877,7957.479296
1791,7405.423784,7312.612221,5306.064617,10025.87043
1792,5244.214103,5179.497425,3775.015667,7082.618685
1793,790.0150514,770.833622,529.0398172,1157.560262
1794,4255.789685,4200.672585,3025.694213,5797.677125
1795,2033.767021,1997.607145,1392.742408,2882.906061
1796,7081.587316,6994.501259,5077.212855,9579.485641
1797,1286.437592,1238.017476,719.6100212,2133.042374
1798,9813.502788,9490.899729,5698.884922,15735.98565
1799,114.3151138,100.8452729,47.73762204,259.8290565
1800,1057.933304,1008.044105,626.4703676,1775.162693
1801,231.5241753,221.127397,159.7711639,366.3754792
1802,146.4184574,130.661055,86.70782202,305.3988501
1803,601.7549655,579.2877543,387.031774,950.2374002
1804,15.42464334,15.17021887,9.202653681,23.09901626
1805,2973.050072,2842.949538,1613.020707,5091.537697
1806,725.7633678,693.8490782,461.940891,1177.220942
1807,310.471824,296.0451475,201.9335572,504.7132402
1808,59.1468745,51.15015609,32.94396467,137.0763741
1809,42.10677686,32.60964796,10.62105022,130.7395992
1810,54.42586095,46.68015641,28.71314414,127.1073723
1811,859.8834588,814.8368595,535.8423827,1451.596088
1812,165.3925303,159.6395746,117.0454191,240.8950483
1813,219.6442096,208.3686504,140.6663299,365.6235896
1814,369.6481864,342.740388,208.4117346,689.2720144
1815,737.9141879,715.1539283,491.4134853,1117.222253
1816,67.04968538,58.40542802,31.5157146,154.0304344
1817,1037.566674,997.8449055,653.0329413,1650.577711
1818,102.61049,89.03932162,56.02611748,233.4035097
1819,415.3876637,400.8045888,277.888517,637.294244
1820,193.9924315,180.7028161,121.5294461,349.140001
1821,2346.45657,2256.172533,1306.378913,3890.254435
1822,1161.065734,1117.034287,654.6955569,1918.462703
1823,425.3521013,404.861467,256.9904561,714.4471095
1824,3034.212566,2925.914844,1723.526796,4945.933033
1825,92.28258958,91.21528682,66.9927173,123.541931
1826,173.4822692,159.7522772,107.5527256,325.9221074
1827,628.6996394,588.2724103,350.2209084,1145.676607
1828,197.3326074,180.4773307,92.53027259,399.1020685
1829,44.9671275,39.53693997,26.73760702,98.23861587
1830,632.8304024,608.6775968,359.5823107,1043.380826
1831,4771.787328,4608.258515,2756.271923,7690.122123
1832,716.5472771,703.6643235,497.8467986,1008.611619
1833,14817.68967,14649.17738,10803.97534,19798.18673
1834,2659.204232,2568.758957,1528.068476,4300.469671
1835,1100.79104,1081.216358,767.2833019,1545.269727
1836,1726.898771,1680.731256,1112.260969,2612.144076
1837,2480.840488,2429.917983,1684.496791,3567.906285
1838,956.840547,922.1923086,539.8434307,1573.25298
1839,810.4467854,780.2703028,504.3284252,1289.075527
1840,1837.890022,1785.480222,1180.7112,2797.277961
1841,2911.065112,2850.895272,1929.373662,4242.397167
1842,997.2472641,970.8468824,648.774856,1493.917616
1843,1211.840766,1172.360781,746.3548645,1907.790487
1844,4530.497708,4384.329982,2618.205897,7294.549315
1845,12486.90659,12346.14842,9080.722957,16736.81215
1846,718.623061,698.117979,467.2838552,1085.743686
1847,1573.54252,1515.084188,935.3888484,2551.301833
1848,1430.36072,1367.628755,823.3172874,2405.344881
1849,878.2009769,849.5180483,570.1456186,1344.531485
1850,1204.506323,1171.710284,776.5661932,1819.914558
1851,42.79269602,42.27473387,31.06277464,57.37118226
1852,793.7580728,761.0624658,438.2383083,1333.317833
1853,1752.325994,1666.337261,921.0396511,3074.513018
1854,38880.01434,38446.21852,28433.5143,51771.37487
1855,319.9179589,311.6973136,217.6946976,467.580611
1856,735.8087751,716.1431778,491.6877402,1090.616941
1857,586.3186821,565.0777148,336.5202677,954.9878089
1858,10376.04402,10259.55317,7540.259281,13860.40066
1859,725.7184821,697.3210508,457.0375955,1160.331004
1860,14855.99949,14692.76937,10744.84581,19893.18857
1861,40618.95301,40143.20073,29540.20118,54345.8801
1862,3198.08407,3149.738839,2230.854878,4438.465241
1863,2638.396244,2545.703956,1516.977043,4274.702535
1864,5808.382785,5626.066329,3418.666272,9172.555113
1865,2497.620681,2445.743093,1648.248539,3648.113161
1866,3938.132308,3811.100151,2303.922287,6283.210509
1867,641.8458782,623.5877465,412.9384971,971.588255
1868,1428.33771,1378.357068,816.5225547,2325.110065
1869,1439.736711,1401.844843,932.7813299,2159.335813
1870,1597.327963,1565.125914,1078.022577,2303.1414
1871,30147.92338,29802.27494,22003.98933,40146.64442
1872,2219.043134,2144.588858,1276.081437,3585.423062
1873,5427.847493,5351.325577,3869.347737,7416.649182
1874,3201.829947,3161.037993,2299.672375,4337.952129
1875,1971.444927,1933.62269,1348.818579,2814.487188
1876,3170.12925,3047.401669,1771.684521,5277.897966
1877,1838.720555,1762.943356,1019.129564,3078.787945
1878,299.1300809,283.6156943,160.1725968,526.8325184
1879,419.5404219,394.406337,229.3193854,757.1302042
1880,645.2284342,624.6621618,409.0395808,1003.130447
1881,1631.465845,1592.605481,1087.644615,2390.119002
1882,20763.03768,20533.13479,15062.13124,27779.72378
1883,1932.440146,1884.51234,1258.006593,2883.875336
1884,461.3449933,438.8281275,249.2346941,805.3077322
1885,1850.838265,1779.475065,1030.851092,3074.484439
1886,2578.016139,2493.025031,1491.893124,4159.027339
1887,968.6998205,925.9237268,523.8038805,1657.220323
1888,1113.985573,1059.743018,585.7055214,1944.770492
1889,1328.480897,1302.039417,901.9789521,1909.770362
1890,12834.7735,12691.70456,9249.291358,17249.94718
1891,699.701045,669.2920572,431.201262,1138.683087
1892,338.3750425,325.312487,214.9860863,538.419747
1893,1575.966429,1520.146067,896.4847663,2580.778555
1894,414.0663634,387.8650779,211.9116816,766.962631
1895,186.2760078,162.3315376,93.1595269,418.5549482
1896,164.6028873,160.2515449,116.9836321,230.9229368
1897,391.0449979,369.4707478,235.9734392,671.6581051
1898,182.0317654,172.2454648,125.3765632,297.9622984
1899,839.3294719,793.1997869,477.9888564,1466.931137
1900,145.3617195,143.8066974,107.5237908,191.9698047
1901,416.6165073,387.0957516,240.0066303,764.8174361
1902,1313.41957,1269.555124,764.2779574,2109.815373
1903,4440.39317,4285.662981,2530.815208,7223.611469
1904,857.8295439,821.8959785,479.3485827,1439.339963
1905,2754.793324,2696.92383,1858.059072,3973.370262
1906,492.0433622,476.2853396,289.6655211,784.2808407
1907,106.2550203,94.3678751,60.56990254,225.354327
1908,980.783909,957.5267723,664.8667676,1428.905867
1909,211.1709738,206.4677894,150.2696988,299.8791187
1910,1903.706845,1836.292724,1081.879376,3113.655525
1911,994.3422367,948.9779939,538.1580857,1699.329593
1912,530.8751521,498.1613724,300.2176773,956.6555108
1913,162.8699014,139.539618,88.5669123,381.0283829
1914,84.41231494,83.43935879,61.45627127,112.854829
1915,1054.82091,1030.186881,729.1758077,1524.76048
1916,628.4204541,609.0447228,417.9020839,952.2321232
1917,1695.616928,1656.864894,1133.57299,2480.710005
1918,2873.099933,2781.997261,1687.808792,4566.896074
1919,275.3019223,266.8086043,184.2384914,416.2074784
1920,942.0217793,891.4656587,524.8420044,1646.344839
1921,1630.080468,1570.359304,931.1684796,2664.56832
1922,297.7807079,284.7728346,167.5220801,503.486656
1923,838.73423,790.6743793,481.6107091,1483.195262
1924,4058.383168,3925.865724,2368.291757,6483.538183
1925,555.8598654,527.8588433,293.8926392,977.6845435
1926,4085.986175,3952.541758,2365.772975,6565.760734
1927,602.0329779,588.5300413,416.6298448,866.4361364
1928,2778.776251,2736.030919,1937.904758,3862.448986
1929,72.21790487,71.37475224,52.07081599,96.98327389
1930,63.44721946,60.9982008,44.56887581,90.54261353
1931,778.3447439,748.8233756,506.0863848,1222.118037
1932,213.8976331,208.6048349,151.0232125,308.1062653
1933,6076.56812,5881.802382,3538.950356,9698.780332
1934,505.910819,485.4870471,334.4118519,799.3576521
1935,1526.755705,1495.215285,1059.134218,2171.163299
1936,1271.61937,1223.903086,777.5109142,2040.730998
1937,1539.820093,1480.801889,865.9521077,2540.669373
1938,601.784507,564.5915143,320.5743416,1094.832952
1939,265.921591,256.8207326,156.9128353,424.4573577
1940,47.05749445,41.11666249,27.52463859,105.1079251
1941,1931.004346,1896.002792,1339.605052,2725.718338
1942,1030.642546,973.5478966,569.8258216,1822.404525
1943,2257.150501,2198.376669,1510.258086,3339.864049
1944,180.0708915,167.8711727,98.37843472,331.1182179
1945,882.5725802,847.1819118,555.5699935,1419.289134
1946,919.4445417,891.524364,588.8585175,1407.984514
1947,1289.451228,1248.190612,815.8110524,2012.238784
1948,781.8629411,749.5701403,478.014588,1267.962728
1949,1187.060132,1135.5927,677.1500613,1990.346836
1950,214.8321137,202.48024,112.4554335,387.8007068
1951,427.2013474,394.2738168,223.4501768,820.4314409
1952,12222.08949,12080.43704,8879.159615,16345.29087
1953,335.6686555,298.5828258,157.2313708,729.6106168
1954,415.1415813,382.2439915,227.3785403,797.6894624
1955,1173.992658,1126.713506,649.0565846,1966.289746
1956,1020.899987,973.5405247,552.0510084,1763.632507
1957,3162.393468,3042.89971,1782.0608,5202.375275
1958,220.4803851,205.3375459,132.6886535,400.3037056
1959,1699.637393,1642.532904,987.608577,2728.087403
1960,1695.025947,1638.673462,980.0761937,2731.635332
1961,156.7732077,140.1631076,92.28269349,323.0566173
1962,502.0537246,478.6299373,315.5156172,826.9151914
1963,628.092368,594.8868186,334.4814586,1113.315238
1964,98.21052791,96.99067063,71.13416511,132.0968704
1965,440.5592046,419.5613307,236.5966329,766.0057324
1966,2343.355711,2244.875689,1292.326551,3959.49736
1967,245.9292835,235.9181779,158.5884149,392.3232834
1968,1255.495788,1210.282043,717.2230534,2052.545261
1969,388.4507623,371.7454822,262.6094737,617.1027968
1970,1166.233438,1146.142088,825.8964306,1625.523552
1971,735.4729192,693.6606884,394.9410921,1316.514817
1972,1707.963875,1672.226223,1157.46159,2463.577934
1973,1103.909142,1063.919613,691.0694923,1752.657587
1974,789.5852584,754.6761193,493.4684344,1288.312573
1975,450.7853169,433.6823432,290.8942138,710.4079124
1976,766.7151757,743.364159,511.0595609,1158.017296
1977,513.1183808,486.4626836,270.9682792,907.7312883
1978,1280.620663,1244.101377,826.2643903,1946.220024
1979,194.9860131,175.6980217,105.8092424,399.026943
1980,549.5520792,521.7822775,328.7302954,932.2068859
1981,29.76441744,29.35475885,20.77767799,41.08993152
1982,2246.37068,2214.790582,1593.817649,3071.231101
1983,347.0738523,338.8221208,243.7876901,498.6604307
1984,11798.03887,11668.47869,8587.472454,15746.5525
1985,183.0055761,170.7689681,120.6403928,323.2269432
1986,341.9751696,311.0382168,156.1877786,707.6544501
1987,1242.742748,1195.967394,760.1550416,1989.561773
1988,1104.708741,1049.109512,592.4822828,1940.260338
1989,731.1028405,708.3382295,492.5726124,1106.165888
1990,1858.76563,1789.073402,1117.852245,2999.638856
1991,283.2237858,269.9608774,156.949398,483.9932137
1992,195.2939229,185.9441956,127.9026338,319.5655015
1993,,,,
1994,,,,
1995,,,,
1996,,,,
1997,,,,
1998,,,,
1999,,,,
2000,821.8894063,788.2999371,460.5414209,1376.292157
2001,3224.84721,3052.852734,1645.39719,5771.726718
2002,,,,
2003,,,,
2004,,,,
2005,,,,
2006,,,,
2007,,,,
2008,,,,
2009,,,,
2010,812.3575648,773.5217692,434.3342758,1414.541924
2011,,,,
2012,,,,
2013,,,,
2014,,,,
2015,,,,
2016,,,,
2017,34.58313906,31.09043623,18.42980156,69.5628443
2018,,,,
2019,,,,
2020,,,,
2021,,,,
2022,257.3167177,243.3193288,139.3648594,457.1890286
2023,,,,
2024,,,,
2025,26.06157809,19.67329782,8.725284016,82.81492225
2026,,,,
2027,,,,
2028,,,,
2029,,,,
2030,20.71784117,19.01562238,10.24946775,41.32348546
2031,,,,
2032,,,,
2033,,,,
2034,,,,
2035,,,,
2036,,,,
2037,,,,
2038,,,,
2039,,,,
2040,,,,
2041,,,,
2042,,,,
2043,889.7731294,836.3611054,449.7563157,1633.411802
2044,,,,
2045,,,,
2046,462.2155848,428.7395867,253.3963284,869.5286328
2047,949.6801315,915.5637143,541.2017963,1552.875696
2048,977.5132921,934.6933127,589.4647929,1611.399853
2049,1501.803316,1468.856478,1003.798538,2190.532399
2050,1213.179926,1177.393756,780.5451431,1849.654274
2051,613.7764003,594.8610532,403.3940907,934.9253149
2052,669.4102224,633.2854002,355.9249408,1197.363257
2053,373.0130745,359.6087566,250.9258987,576.4142724
2054,4408.861448,4343.998097,3098.645727,6105.573494
2055,259.3060644,229.728709,122.3753037,580.1598067
2056,415.7370469,403.4064482,282.2197258,620.427656
2057,1281.717007,1236.767125,731.641428,2094.513704
2058,2455.999829,2419.332538,1732.153547,3385.866141
2059,611.8661488,591.2431697,391.8245567,951.9116288
2060,1483.29407,1428.727662,951.6971881,2326.859048
2061,467.417638,447.9307449,295.9829706,755.4546307
2062,678.2472582,643.1993814,403.2819858,1155.047054
2063,14176.65984,14017.19828,10348.26041,18932.96044
2064,648.4502074,605.4599607,390.6887161,1164.293454
2065,492.1938735,467.4500268,305.7841316,826.4603158
2066,2315.97295,2274.751051,1600.573101,3279.098858
2067,1075.082298,1009.530825,539.5792432,1996.471234
2068,1749.387475,1725.210822,1231.512149,2413.521965
2069,479.3105965,454.1463044,282.202469,822.4520542
2070,16987.52452,16796.05002,12369.87326,22690.6236
2071,294.4524266,282.8458096,167.3218459,486.2650105
2072,234.3216517,223.9870101,163.6934153,366.4240616
2073,1153.924214,1117.7902,747.0764564,1773.321083
2074,2049.117931,1970.300944,1150.538553,3395.216247
2075,808.352811,752.8739787,433.6108254,1504.6661
2076,8905.217789,8802.095475,6485.50119,11907.38898
2077,1870.106992,1788.457749,1089.550406,3116.361775
2078,398.4570141,354.3923532,219.5660031,844.0492346
2079,187.6158091,174.3049218,111.2495635,341.9992822
2080,472.6097291,450.59469,282.7714306,791.3761426
2081,584.5409189,553.718682,355.6929843,991.22329
2082,219.2873239,210.6546268,150.6604657,339.4663193
2083,447.9661827,415.4083593,276.6535019,817.1905827
2084,853.8702947,826.1337334,551.1890542,1314.084157
2085,312.969173,295.2078148,204.5893552,532.7887763
2086,670.1757601,637.8958805,362.9997619,1163.172324
2087,915.7560073,873.0041477,562.7645896,1517.970233
2088,3043.530484,2991.717843,2103.931982,4275.872095
2089,568.2776077,543.0504831,312.0123591,965.9639227
2090,1946.170826,1910.628416,1346.432265,2740.177198
2091,636.0844009,610.010796,399.8746976,1027.059057
2092,4121.592502,4061.265319,2890.527266,5702.197834
2093,5183.679031,5018.892225,3026.654395,8286.282689
2094,797.4361438,749.7528065,452.8509851,1417.429559
2095,2449.232894,2363.982311,1416.251634,3960.438142
2096,1009.701133,984.3355446,677.4726124,1480.818362
2097,1876.111091,1849.172164,1327.15587,2573.317287
2098,174.8607923,168.7928027,124.8748231,253.7554284
2099,756.7363659,709.4662904,421.5094879,1365.827869
2100,991.8941562,952.8558534,559.4804532,1647.916298
2101,266.2736686,251.8610309,152.622186,463.3770686
2102,5976.669059,5789.922709,3511.325576,9471.134548
2103,178.7276337,167.4333962,108.2432907,314.5230508
2104,710.0674106,677.1505818,409.7540799,1196.992082
2105,1294.557795,1258.7066,851.3363699,1942.982549
2106,412.5284126,391.4926865,232.8017321,715.69992
2107,427.8265697,403.1014373,224.5753418,771.048751
2108,259.5509229,246.1441856,158.5088092,438.7145363
2109,495.0948902,473.9603061,302.5979937,807.3478302
2110,660.9672411,643.332402,443.291927,980.4553494
2111,396.2726738,367.8229714,226.742177,731.2583917
2112,1789.005692,1721.320036,1013.926411,2945.21425
2113,450.4645622,437.208585,304.3876164,674.0579404
2114,359.1634428,346.3888486,240.1839829,552.0506858
2115,1435.935721,1373.85982,788.5926921,2436.101532
2116,1281.671099,1234.524025,810.1357546,2027.870519
2117,860.8686074,822.9050834,536.2610989,1402.859415
2118,1251.906899,1219.430632,827.2602655,1863.497413
2119,830.6609589,798.5203417,522.6512886,1330.041227
2120,1117.032899,1076.373626,675.0952155,1796.322907
2121,4182.973623,4048.335429,2429.716248,6723.767207
2122,6536.297538,6331.065068,3827.823287,10387.88455
2123,1769.277173,1712.099226,1033.850166,2828.746109
2124,1923.653475,1859.000702,1193.898583,3020.970968
2125,657.649489,637.0529482,430.6012387,1005.043271
2126,252.8849825,247.6549141,179.9394016,356.0002697
2127,95.81419006,94.72389884,70.46745346,127.0217503
2128,2318.099753,2283.304749,1639.199233,3194.533918
2129,937.1382236,912.3240715,619.511451,1397.713878
2130,1854.031984,1806.638736,1226.373545,2752.511979
2131,388.1146863,372.6554544,258.2822551,610.247839
2132,1420.788768,1366.275331,801.7101199,2347.185202
2133,499.5240398,458.4647865,250.1923384,985.2151448
2134,334.3064982,317.9433546,196.5423391,568.3279125
2135,113.3609603,98.8238105,58.19251414,255.9461437
2136,162.2709252,147.9545401,101.2767951,315.024891
2137,94.92779075,81.02956631,42.65368067,230.1451986
2138,313.8462892,291.5046434,188.3217361,569.4061123
2139,191.9658707,174.361929,95.85926151,389.9900165
2140,785.6317384,751.8224174,474.208954,1285.771128
2141,317.5278151,309.6585012,218.9185727,461.6587624
2142,1779.102008,1748.245139,1224.950942,2513.08525
2143,802.325907,777.0923268,507.7525947,1246.392959
2144,1128.23728,1093.316574,693.0144075,1767.395272
2145,180.5655056,170.7968398,109.9670958,307.9320152
2146,20.25016499,17.94526644,12.44534319,41.64813681
2147,3889.102904,3824.717025,2682.12156,5462.317195
2148,38.07882923,37.66619316,28.18642484,50.29685685
2149,,,,
2150,,,,
2151,148.3372591,141.1555549,97.73118145,242.620824
2152,655.3659412,646.2340884,465.6708177,898.6917503
2153,383.3726438,354.204704,219.0082175,715.1062808
2154,558.2173112,536.0350748,354.807112,892.4341747
2155,30.89538891,30.56572353,22.84388314,40.8720117
2156,37.60822173,32.35021013,22.17667797,86.64240559
2157,,,,
2158,344.8705791,329.7515339,215.4944033,562.8015221
2159,492.0468604,484.3207703,347.7592616,680.7516518
2160,30.82980544,30.49545713,22.69229441,40.95260669
2161,48.12271392,47.58149584,34.9903517,64.41314873
2162,96.44397193,83.21703764,35.5781805,235.269205
2163,77.45012981,65.00727994,31.23475385,196.8768716
2164,108.3391124,103.875491,73.38165718,170.3112408
2165,221.0545916,209.5981991,133.1080919,374.9352615
2166,236.5145249,223.0694051,155.1669014,400.6099294
2167,65.34889949,60.36174728,38.54591523,121.307217
2168,189.2094062,178.3132649,107.5922964,333.6783802
2169,620.1517185,586.8655846,373.0621072,1057.145639
2170,275.0912914,241.2709639,129.1057635,621.2702486
2171,100.1539154,91.56580717,58.50248085,193.0129419
2172,89.93755866,82.15478051,58.03204369,173.1635422
2173,484.4686296,476.1642349,343.6828399,674.5634421
2174,370.4156124,362.7601968,251.5217278,534.2389395
2175,431.3272757,423.8820948,302.6128914,602.8622899
2176,88.74972671,81.91731922,58.78257857,164.2410335
2177,381.477807,368.6049247,254.1930127,586.3535498
2178,314.0930682,303.1947389,210.1545149,481.3160205
2179,250.3133071,231.6673774,148.823028,461.5513961
2180,57.37199589,54.99359589,40.72178883,82.45830996
2181,193.0671523,176.9175583,113.1414812,371.0486378
2182,861.3551689,830.976629,520.3493011,1383.461602
2183,177.706555,167.7696691,108.898111,303.9402227
2184,914.3838793,881.1517612,582.339243,1441.470342
2185,153.6049114,145.4419908,92.54375203,261.364132
2186,180.0220494,165.0031822,93.5969266,353.1150654
2187,127.489956,123.0203901,85.90091527,195.759361
2188,9478.028966,9357.804574,6842.98999,12781.45435
2189,356.1667427,348.625897,244.5194799,512.5687129
2190,347.0298362,343.1013163,251.5846839,465.5516663
2191,435.8962727,425.155599,290.6101839,640.8082517
2192,163.3529642,159.1503822,109.2391415,241.5510524
2193,1416.539323,1364.50331,885.0929191,2245.757377
2194,470.9670074,460.5698426,327.317335,673.4029492
2195,711.1665299,687.2474038,439.692929,1121.325519
2196,1033.14318,998.5151719,662.9025699,1603.06841
2197,138.4856053,131.6790007,86.13810624,230.5048442
2198,42.82716036,38.98619518,24.60752239,84.2817042
2199,874.1833305,862.7912205,624.1202673,1188.531917
2200,297.4925827,288.9665349,196.0735231,448.6657929
2201,,,,
2202,593.8671258,570.7758613,375.2405284,945.6491945
2203,189.74521,185.5420054,133.8910845,270.459353
2204,77.93918933,68.22074844,44.35617485,172.3367095
2205,7409.538941,7325.02926,5386.23547,9908.675015
2206,707.0623449,696.8838411,503.13878,970.1469357
2207,928.9652118,897.1849388,575.8097086,1458.959633
2208,173.4775555,161.2880602,97.10914648,320.6947146
2209,84.87290882,82.72078926,58.99980245,123.3251149
2210,340.1991918,308.2870499,179.7934868,690.4800776
2211,384.7420412,356.9337095,198.5967529,734.1625592
2212,1029.527247,990.5684511,581.7661106,1693.89962
2213,6498.83773,6407.385056,4554.3461,8958.058931
2214,912.8292288,874.9918174,529.7339838,1513.765832
2215,534.7897053,518.6254147,357.1023634,806.0945912
2216,1043.575174,1007.01546,655.7297949,1648.111031
2217,400.1875004,362.7484448,177.9124661,836.7316885
2218,1118.068761,1018.729998,486.2923373,2315.619941
2219,1875.443652,1808.96346,1075.784707,3053.665922
2220,2018.559156,1951.148047,1248.621152,3172.447542
2221,36.10314888,25.68635512,14.16913087,122.5051086
2222,58.08787629,57.47283413,42.80392637,77.13012033
2223,157.9698912,132.7202201,67.17920879,395.4309388
2224,616.0490425,582.5626769,333.535974,1092.36523
2225,2100.092567,2028.408702,1212.948951,3377.542582
2226,202.4858114,193.1982073,111.9365701,346.520889
2227,675.539466,650.6773161,385.8978062,1105.790364
2228,1539.828271,1483.145496,909.7807498,2486.706055
2229,506.7684517,461.0255068,213.330052,1060.124522
2230,4722.383425,4565.154299,2735.503626,7596.680684
2231,1337.709908,1293.378936,785.2060366,2156.895742
2232,1087.271989,1049.247415,626.1473461,1756.338374
2233,379.3725872,361.2374152,245.0239245,621.2854233
2234,2817.794441,2726.025363,1650.617129,4485.562806
2235,255.8981399,231.5399506,123.2797657,532.2438791
2236,16329.63788,16138.19035,11833.83944,21894.03616
2237,956.320441,918.1336859,533.1046159,1601.525436
2238,22.52134405,17.23807309,11.58928607,66.66145243
2239,1090.784996,1037.067337,569.0575643,1926.851267
2240,1635.974647,1554.574606,935.419308,2800.742618
2241,476.8980542,444.9319483,261.8708195,873.9678492
2242,55.36057727,54.75868799,40.87092955,73.26737823
2243,550.2011613,517.1755628,298.7831973,992.7534508
2244,10904.47111,10759.65462,7687.923032,14949.09382
2245,11.03412982,10.89679925,7.816750273,15.07301875
2246,1584.827556,1547.814551,1051.809895,2325.209767
2247,896.4286598,862.260762,509.2777692,1472.69283
2248,15298.90636,15126.23328,11171.81293,20388.82971
2249,754.2110434,740.7410296,521.3657979,1066.269613
2250,1974.317839,1943.42681,1383.127891,2744.469749
2251,556.4667411,546.0462069,390.4549834,782.9543494
2252,4655.491406,4507.121301,2720.551237,7405.405771
2253,1112.672824,1074.559996,640.711717,1802.832357
2254,833.4736647,818.5231312,580.1478486,1175.120068
2255,9320.832119,9209.956903,6667.017337,12606.12453
2256,2606.187655,2564.816414,1820.085027,3629.538761
2257,1341.42086,1295.685682,771.0132115,2167.548341
2258,36.2135127,35.80414916,26.67057908,48.00808339
2259,738.604631,700.4506575,390.0315666,1305.226191
2260,1693.423538,1637.612152,982.3569983,2710.957334
2261,6389.240728,6309.787871,4581.070432,8661.981771
2262,434.6522485,423.2526275,296.7422776,638.2329077
2263,1074.466949,1054.206658,754.4386946,1507.116822
2264,668.9812352,645.8317489,421.7526884,1048.772096
2265,856.2727723,839.7718646,594.7539437,1210.044823
2266,1213.258551,1171.201055,781.843067,1884.173482
2267,3038.625597,2938.321523,1756.931292,4893.419138
2268,3663.740433,3538.181634,2106.051322,5920.321074
2269,6832.86171,6750.878247,4904.232437,9220.134491
2270,894.0975477,856.5464092,520.8326741,1477.550107
2271,2801.007832,2709.594052,1633.998549,4492.547426
2272,1748.46963,1713.622965,1193.598947,2501.932379
2273,81.13797334,80.27922111,59.89558368,107.4111877
2274,1615.219434,1550.679419,901.3476063,2705.725255
2275,228.4473189,220.9047855,147.8960555,351.7211023
2276,669.8328041,617.7457289,365.852774,1277.744865
2277,675.3340529,660.1228948,462.0853497,975.531493
2278,1080.182314,1056.854932,742.5949488,1551.958209
2279,523.1753275,511.4828479,361.3324401,749.0821211
2280,365.2965079,351.4409955,229.6339601,579.7540214
2281,2661.707492,2567.111771,1504.359543,4369.734145
2282,5953.639079,5767.072109,3476.510707,9485.873689
2283,897.457093,883.0829442,628.7214693,1247.525454
2284,1312.129875,1261.917202,743.9094569,2161.699805
2285,3638.931142,3523.714206,2128.39198,5803.37304
2286,3304.340598,3199.451607,1935.579229,5260.018755
2287,1419.594425,1360.083763,780.5175211,2399.085469
2288,670.3079226,644.6924391,424.124057,1064.640609
2289,1698.931961,1668.021692,1177.215615,2403.377124
2290,795.2461206,766.5434388,493.6311819,1265.340964
2291,2741.136418,2689.956447,1891.958453,3882.295961
2292,10810.62215,10685.56391,7758.424525,14603.34723
2293,270.8417336,255.5030485,160.9679435,469.017594
2294,3449.840408,3337.976495,2014.157452,5501.427347
2295,1461.630113,1423.877186,972.7550941,2172.544673
2296,431.9914279,417.0423467,248.3919796,699.4971361
2297,21041.08272,20800.13691,15258.93099,28213.4232
2298,1027.003134,1000.361738,679.2040214,1526.525645
2299,253.5262756,245.4204733,163.730344,389.9031376
2300,2255.412612,2206.431886,1536.177106,3248.172542
2301,523.8563592,506.2986188,341.7197598,807.2712442
2302,1034.71118,1011.658531,708.1300488,1494.023727
2303,170.57822,163.9789847,101.4021191,278.2121257
2304,451.3107995,443.8705021,321.0827977,623.3491877
2305,590.9985074,568.753393,376.3280079,932.4021901
2306,813.3877644,773.0624774,487.7763083,1368.248802
2307,825.3744245,794.7959619,519.3222435,1306.231669
2308,595.6554713,581.068857,399.6921,875.3269606
2309,2558.780237,2523.322884,1808.623652,3515.18927
2310,703.8655528,685.2180958,479.7998687,1032.945078
2311,4060.17235,4011.180744,2927.984054,5461.811802
2312,233.4167521,224.4942012,132.4151907,384.3654809
2313,4945.01453,4789.705875,2897.418116,7858.45705
2314,619.2622291,597.5903261,395.7045659,969.4242955
2315,2529.281616,2480.393282,1688.18691,3657.803975
2316,1102.197856,1072.71791,726.9893828,1642.999305
2317,8455.253047,8352.441404,6089.460794,11404.79592
2318,2021.115803,1971.030837,1318.317389,3018.121976
2319,273.0454819,243.2174928,160.7805182,572.5428609
2320,1388.136546,1339.186456,795.8149829,2262.29325
2321,237.4517769,187.3467183,83.7031612,690.3782603
2322,2002.450849,1932.715117,1149.533301,3250.293778
2323,149.9179403,129.7601211,83.62217501,343.9611763
2324,151.6978881,146.1539691,107.9681058,217.1182737
2325,1993.708557,1920.168197,1130.382628,3270.521124
2326,2404.753212,2321.208982,1378.045515,3906.575793
2327,76.23743222,73.88527889,45.111782,120.1170624
2328,4680.040564,4529.337487,2741.945202,7467.893175
2329,993.705517,940.2646563,567.9146823,1728.786252
2330,336.0288181,323.341939,212.6666123,534.0983244
2331,882.0052887,828.1966928,479.8703197,1595.026557
2332,418.9547113,394.437118,252.3959378,728.0269487
2333,608.8935653,570.2167531,344.641424,1101.648048
2334,577.744782,552.7710218,317.018375,983.5559083
2335,443.059692,404.5461086,232.6119855,879.2723736
2336,1743.304816,1674.099975,970.8711572,2916.195118
2337,257.9378259,240.0978905,133.88195,486.7437388
2338,221.9013182,203.4969695,106.9820996,446.3754044
2339,1115.291996,1074.442675,636.012348,1822.386252
2340,1016.393412,977.3879093,629.4387098,1622.254728
2341,5190.932627,5025.428178,3024.739807,8300.435187
2342,1248.604906,1178.291914,699.5652977,2203.660717
2343,162.3014983,156.3801289,115.2503405,234.5659814
2344,3294.927129,3188.617698,1935.558825,5230.369937
2345,315.5300401,293.1502984,158.2007143,604.4400215
2346,664.1555549,632.6241043,357.1317537,1150.214643
2347,1674.246174,1598.358694,936.5694546,2837.59325
2348,553.9535971,532.441685,312.9808574,916.059343
2349,274.9061533,255.7097541,154.519372,507.2245025
2350,2877.69473,2784.958915,1682.742545,4594.019317
2351,88.99096637,88.03209664,65.51127898,118.1559556
2352,234.1664833,219.0854521,157.3835889,412.0710848
2353,583.5251931,524.9972001,285.1779572,1221.954397
2354,1296.138177,1211.597347,641.7069976,2438.013996
2355,943.5939272,912.6499111,622.1537114,1445.249077
2356,1107.427859,1070.300647,706.6049594,1724.62323
2357,1559.35056,1492.123241,849.1261592,2645.783464
2358,4751.328222,4592.94444,2754.104206,7629.827118
2359,171.5152044,159.4194357,88.0966329,327.486988
2360,3025.631713,2925.492292,1759.797773,4855.999203
2361,867.3795963,831.7737937,487.6745593,1443.298985
2362,245.7834787,231.0681999,128.0370433,450.190343
2363,288.3965916,266.7580449,188.858751,529.2717257
2364,3104.89032,3039.404051,2039.350309,4560.255111
2365,19.24780125,19.02722795,14.06109795,25.71441613
2366,157.6738646,148.5383154,105.9152196,268.1371713
2367,,,,
2368,,,,
2369,383.7760415,365.0057214,234.1346755,648.9697737
2370,,,,
2371,55.66616992,50.85470035,32.15544831,108.3396981
2372,21.24515252,16.38906064,9.596348225,63.29912758
2373,75.56129973,74.71809879,55.47138875,100.4363573
2374,,,,
2375,61.51212002,60.86901267,45.63695415,80.97948995
2376,30.25978013,27.95945676,19.99883659,54.78153784
2377,240.5389274,216.1742935,103.693511,529.880446
2378,240.2057273,230.7659233,166.9968687,371.7980147
2379,24.08604827,23.82365555,17.88085931,31.74280648
2380,51.27336342,49.67774648,30.24826086,81.00595727
2381,373.7348473,321.233619,131.7745442,940.1697456
2382,,,,
2383,,,,
2384,,,,
2385,20.01454937,19.78809015,14.64225017,26.69759749
2386,48.60459114,40.77826311,25.31942098,120.000097
2387,,,,
2388,20.00118632,17.28567058,11.72792724,46.1539578
2389,,,,
2390,35.51990547,32.06132756,22.72414572,70.85153271
2391,11.1426673,10.99646249,7.747551299,15.37818583
2392,,,,
2393,42.5835628,35.22490237,20.36003218,109.9645938
2394,23.91310376,23.64349711,17.64582569,31.68445748
2395,,,,
2396,,,,
2397,66.43373232,60.04387039,41.73850702,133.1602382
2398,9.996484658,9.86050278,7.0125647,13.70862659
2399,,,,
2400,,,,
2401,6.114095277,6.020890557,3.984144303,8.756473868
2402,60.09426952,56.1807693,33.2734673,110.841348
2403,112.671282,104.0398336,72.73390656,208.2594866
2404,,,,
2405,517.8966819,493.3445081,282.1053951,896.831124
2406,26.75566702,26.44875374,19.59192153,35.59326117
2407,60.04311885,55.66347802,29.52731846,116.2623006
2408,17.45359252,17.23419673,12.58144314,23.54737384
2409,,,,
2410,250.188842,235.0215951,133.541959,454.840681
2411,13.02794504,12.84948462,9.17482847,17.8742751
2412,17.48761906,17.26569352,12.67197363,23.51808035
2413,1691.408401,1627.12353,949.5193104,2809.269469
2414,72.63549421,61.93678208,38.27186059,172.9151827
2415,195.4555802,160.2764089,71.30263902,533.7795233
2416,1016.49106,978.4312839,572.3302325,1675.281971
2417,27.1666285,24.42068036,17.29353737,54.20859579
2418,,,,
2419,71.85958142,71.07742213,53.38908543,94.52749259
2420,16.25086891,16.05672337,11.68235667,21.94625969
2421,57.35244607,51.94367302,36.69937103,113.5880858
2422,,,,
2423,,,,
2424,,,,
2425,,,,
2426,99.89746864,90.99279733,46.68316544,205.2818653
2427,98.15638734,93.0419915,55.88975154,166.8511995
2428,,,,
2429,,,,
2430,32.05039754,25.98470261,14.79175273,87.00683737
2431,808.4912502,772.1085108,439.6442596,1387.514687
2432,755.3919447,715.9369181,451.0435741,1290.510843
2433,514.8797507,467.8425025,236.1432057,1060.518607
2434,163.8375951,151.7887572,108.8002166,294.181254
2435,1177.837171,1137.669903,680.2247836,1907.120719
2436,947.6020856,910.8499488,536.4522975,1563.164842
2437,371.3583431,351.5489168,197.105569,661.4525501
2438,115.3919441,109.1695728,77.38052821,193.0432008
2439,506.5847621,471.6418217,277.4717676,939.3600944
2440,762.4813397,729.1751925,415.1274498,1298.025461
2441,458.4061597,443.7664712,298.6579535,704.9140269
2442,201.4691737,187.0243246,98.53848513,388.2503248
2443,284.5663049,277.307268,200.8094418,411.4849204
2444,97.74471637,88.64123995,54.82117663,195.6231837
2445,688.0586758,639.3034818,372.6532387,1286.89626
2446,714.430873,687.5637776,461.0663285,1123.353543
2447,74.49603246,71.41004148,43.3882712,121.1601817
2448,1186.738707,1132.013927,706.3834258,1974.949092
2449,10995.63921,10852.74595,7877.97821,14907.44467
2450,155.6685402,142.0632794,88.18206436,303.5202799
2451,893.5279543,813.7216189,392.3469812,1858.448022
2452,430.0346218,422.0054916,302.7520172,605.7304059
2453,625.6000215,585.9412384,350.7239563,1133.299527
2454,393.702475,381.2925789,265.2048952,595.1211565
2455,389.0530746,358.8601584,201.5877821,755.5326666
2456,445.1659675,421.5635958,290.4843606,740.8736847
2457,344.2991786,332.0420109,198.1922898,559.7659533
2458,349.7156498,327.7450173,216.7577881,613.187967
2459,218.6540341,204.5776931,113.5238169,407.3167843
2460,1032.514917,998.8271144,669.4280241,1588.344941
2461,137.0002398,130.3542507,89.94118856,224.285071
2462,615.414646,582.3911965,325.9651627,1093.232795
2463,3662.503984,3540.890242,2138.74017,5850.419354
2464,306.3639464,283.4299395,143.060812,604.2428598
2465,408.2828175,381.7043952,242.3106211,729.5761433
2466,204.9436953,198.4231166,147.1788305,292.5225235
2467,524.7122376,494.0582049,277.7792564,949.3265643
2468,207.3974975,194.1081575,125.5309585,366.7700661
2469,299.2518685,272.6450603,180.3012371,582.45462
2470,372.8187606,358.5835925,242.947795,586.7829189
2471,246.9635801,233.3556241,158.7818608,418.220765
2472,108.1577329,88.18516132,54.15813043,285.1674221
2473,192.5470797,182.8864172,125.3995585,317.9272928
2474,158.9550123,140.219365,88.35862452,342.8677908
2475,394.678921,379.956168,226.6231932,644.6113598
2476,200.8343861,182.6822028,128.1961099,392.0092194
2477,4958.402817,4800.180044,2898.569662,7914.382163
2478,122.425937,111.8964815,71.1399798,236.6143513
2479,436.8940901,417.1268962,264.430306,722.9419915
2480,674.2933773,647.5907838,417.2932466,1088.386176
2481,94.16357455,93.09008536,68.71216352,125.8091858
2482,466.0077967,438.4219034,281.9934308,806.9986501
2483,617.6204056,580.211305,317.6746433,1130.21951
2484,1131.172802,1080.617848,662.9974323,1879.187054
2485,315.4117516,301.0459649,199.8617693,515.1210151
2486,351.5163593,333.5325209,206.2289182,600.4128742
2487,631.9247419,608.4217451,363.9045119,1027.322235
2488,254.6654702,241.6852329,137.2941762,447.2708362
2489,414.4154499,391.0882969,255.7869277,711.7386591
2490,828.9033483,811.2115006,576.3689259,1185.445488
2491,243.5201459,218.7738562,121.9083732,510.918717
2492,722.2216513,683.751561,430.3973448,1234.331858
2493,1657.853918,1599.792349,957.7602196,2674.308238
2494,88.98719366,72.95501399,44.63725109,233.0929872
2495,149.4111891,141.5156911,84.68791593,257.4729736
2496,299.4017802,278.5431658,192.5324185,537.3183249
2497,294.6020384,281.5863633,185.6327069,479.7609695
2498,137.1660693,128.1258585,77.06456662,249.8306131
2499,75.99796116,58.96274905,35.43659886,223.1754372
2500,133.4377451,127.2271531,74.3441877,227.3375096
2501,1520.845572,1463.217597,939.2651018,2431.95602
2502,428.1112969,396.3164851,252.647293,791.545651
2503,383.6617175,369.5865429,220.3685953,630.1347098
2504,862.1154128,840.3044997,570.2111736,1281.836828
2505,4056.70007,3988.296874,2799.875714,5709.12497
2506,350.1293801,325.4545517,195.4000155,648.7953375
2507,102.5062402,96.793446,57.75811309,178.5166274
2508,1797.050109,1754.865282,1190.211855,2643.058881
2509,8943.616298,8833.812084,6481.664303,12005.13565
2510,177.0307483,167.2918932,114.6100149,298.9404869
2511,80.65080724,76.36321899,45.90538511,137.112783
2512,1720.532408,1660.065157,985.3943293,2796.699138
2513,1924.255876,1891.51507,1340.073505,2700.258956
2514,505.2665117,494.8554583,351.6427278,719.2970971
2515,255.7116069,227.7294618,124.9363336,551.7974747
2516,138.7103135,128.7718487,73.07578187,262.7945814
2517,243.88794,217.1219173,107.9949239,539.4089822
2518,272.3854787,241.1016602,108.4489571,623.5799546
2519,475.0325911,452.728485,303.1289092,775.9307129
2520,1718.901763,1646.863552,943.5237285,2899.680692
2521,392.4316203,350.8684358,190.4843472,836.5769851
2522,380.0318739,364.7911765,249.0581253,599.4569396
2523,598.4685731,568.256956,337.0321466,1029.221481
2524,2435.72175,2396.602925,1707.909716,3373.342612
2525,1984.589966,1938.403923,1311.397828,2922.034916
2526,1011.139813,964.4748217,632.0345036,1660.297893
2527,404.0280711,373.541935,203.6803799,785.5102181
2528,840.953049,809.2905396,563.5387961,1306.128882
2529,174.6053317,160.5753371,91.94628032,343.6772534
2530,46.95780795,45.57649514,27.83983073,73.74814847
2531,9.87997011,9.558998083,5.712222421,15.8575039
2532,334.5720635,326.4879405,237.7299268,477.6499555
2533,766.3081998,730.2956397,427.1990808,1313.814442
2534,85.94009452,68.53956467,38.62284329,245.3664426
2535,288.2574887,271.5560488,170.0705051,505.0008056
2536,1739.451945,1689.932122,1107.067537,2659.729356
2537,61.60961427,47.67599978,23.62301055,183.2517579
2538,472.3117527,457.4541262,314.3411464,718.1982342
2539,3390.614914,3279.244351,1966.540982,5454.637923
2540,23056.25629,22794.8578,16873.06421,30658.23564
2541,249.9430805,228.7721047,127.2236745,496.9117867
2542,4.259063652,4.190303339,2.61865274,6.29271766
2543,144.1296028,137.4311338,79.47504079,247.8722275
2544,770.1936186,738.4948791,432.854951,1285.373786
2545,4574.11351,4490.452104,3122.856404,6528.104016
2546,2004.957781,1939.143278,1169.584154,3212.3425
2547,75.2391214,74.25102717,53.82079553,101.9966257
2548,10.95249746,10.79576542,7.453587135,15.33138927
2549,52.72218136,51.95640267,36.13366643,73.54495037
2550,495.2762645,463.2132797,298.4793241,883.5403075
2551,194.4638955,176.4143822,91.60747096,405.1333931
2552,520.9435915,504.633941,352.3163883,785.9622288
2553,397.4563426,386.058831,269.7364764,593.8304785
2554,229.4815833,203.3125297,133.3671459,489.3767559
2555,105.8562792,100.1001712,57.42677053,188.8107914
2556,3061.439508,2962.653773,1792.756956,4887.746693
2557,183.2199364,159.9828501,90.78434361,413.6877305
2558,54.92247066,46.41285153,24.00179825,138.2341981
2559,325.1526978,313.5872821,213.3935254,503.2843096
2560,51.52014546,50.91147106,37.42307952,68.94630663
2561,332.1274702,323.1752813,232.7989754,483.3365406
2562,598.6319854,576.6960881,390.5412409,934.5655532
2563,71.86167206,70.91664155,50.83685427,98.09251809
2564,118.616794,108.9336429,57.03281089,238.0947466
2565,13.34418245,12.91050042,7.749665282,21.36371461
2566,23.18900572,22.89947829,16.62205357,31.38482161
2567,83.92991874,72.84484841,48.81356318,190.7277963
2568,10854.23843,10725.99397,7884.426293,14528.22781
2569,17.321768,17.09463216,12.06127448,23.92723953
2570,196.7224176,179.8517261,124.9384462,379.626456
2571,1823.474617,1793.761491,1269.062114,2552.148527
2572,139.9764125,132.7941221,90.70303347,232.5438579
2573,48.70070651,38.75874799,23.5949926,135.6854233
2574,606.8328772,575.8225145,364.4504064,1024.864438
2575,692.6232388,667.1604868,395.6023674,1133.232252
2576,21.96564723,15.48125574,8.061872483,77.87006645
2577,91.27696103,76.55838112,38.54494953,232.1355503
2578,24.68788341,24.31593693,15.97215726,35.55640673
2579,26.63357359,25.80093048,15.69482884,42.16241246
2580,22.06202901,21.71022957,11.58734333,34.60167199
2581,53.94280496,53.21749531,37.75897182,74.25474645
2582,30698.60686,30363.77407,22460.00765,40798.67062
2583,192.3760723,175.5325913,107.6682458,377.7163537
2584,175.6012082,168.8364307,116.4075572,275.5430277
2585,72.86773588,63.44059525,37.19968709,165.1684013
2586,11648.04822,11505.60791,8361.510605,15741.20068
2587,327.3629977,306.963872,188.6919097,584.2586133
2588,21.21271118,15.27456742,9.449313295,70.83428772
2589,247.6466035,205.3315101,86.9577867,659.2724072
2590,29.70163813,25.98573004,18.12349672,64.34051898
2591,75.58144763,74.71308793,54.56264986,101.6364389
2592,240.5513699,223.4458466,141.2633842,442.9898703
2593,1818.005276,1745.552698,1009.434404,3059.081172
2594,12.93779002,12.73016746,7.660857131,19.39982933
2595,1796.127821,1766.887743,1262.021486,2501.103733
2596,7181.593919,6961.822776,4244.998387,11380.15618
2597,696.7070326,647.2706387,388.7667567,1296.290755
2598,207.0365943,194.9312456,104.8585783,377.7261055
2599,536.7065988,511.5178568,333.2727041,884.6665325
2600,348.9981157,329.9516479,209.5364308,600.8309767
2601,133.5001209,115.1092364,50.69927593,324.2840159
2602,47.84696447,41.27596351,28.50477603,109.0815834
2603,7.299432221,7.17988591,4.504026266,10.78387889
2604,7733.79445,7639.167286,5536.476861,10468.33727
2605,179.7742443,145.7389346,77.44290858,489.7370334
2606,192.8993185,179.7732739,125.9994329,343.8118769
2607,220.9362153,202.9498799,137.1460843,417.0702801
2608,135.9189828,134.2952861,99.48399249,181.4142747
2609,5059.67432,4978.775367,3496.805635,7096.984358
2610,42.04783727,40.67716751,24.35512401,67.46350953
2611,310.8094598,287.5485647,188.7307645,573.0354664
2612,8.701892054,8.563183312,5.415242451,12.78912687
2613,47.94773487,43.20659367,24.91804541,98.65541099
2614,228.5184667,206.6257311,132.283269,457.3258537
2615,229.9168909,217.5243259,148.6104324,389.0241123
2616,1410.257841,1356.282707,795.3009493,2325.767263
2617,1215.851901,1166.244829,676.1761994,2039.646754
2618,504.4074642,481.2573767,305.33919,836.3126649
2619,2003.943093,1957.998895,1351.531439,2919.625526
2620,495.0974238,447.2265913,266.3522303,1008.53072
2621,20.48448875,20.2056311,14.49795897,28.02089893
2622,111.6198901,96.88640517,59.20921095,254.7340481
2623,36.66558735,36.20871284,26.1606733,49.72674825
2624,56.42005292,44.95313335,26.19824662,157.6238113
2625,579.1695922,548.6639135,305.4005277,1025.923363
2626,49436.78298,48897.95339,36191.89557,65657.47825
2627,733.2327174,701.3793876,401.3475767,1245.169532
2628,48.18547941,47.52194175,34.21049171,65.66113626
2629,45.3377277,44.80551912,32.84566729,60.91861562
2630,3825.650474,3748.318248,2565.709375,5548.402786
2631,26.18198249,25.85473152,18.67671285,35.55010537
2632,1273.268161,1239.224489,827.3659911,1916.060315
2633,6213.707777,6022.313028,3670.919381,9818.150462
2634,387.6294648,375.4159676,261.1483382,583.9653248
2635,193.9225332,182.1495628,101.074337,354.3835714
2636,615.1382689,596.9024276,421.1034815,916.1434358
2637,572.103466,542.6477629,338.770475,976.1893634
2638,420.2250821,369.7355337,209.2782681,934.7950686
2639,436.5416915,420.9212514,290.5520867,675.3982451
2640,25.12030921,24.27146656,14.33688679,40.69890679
2641,1151.869413,1127.425047,780.3675599,1659.77342
2642,287.5179468,258.0992493,155.9594074,593.3139298
2643,7.675359003,7.403904134,4.239240306,12.63995184
2644,73.09530376,72.25676485,53.73674204,96.95686433
2645,145.3506603,131.2614223,90.18855407,290.3972436
2646,249.7450411,241.9990699,179.0957997,357.3213899
2647,17.47938854,17.17887105,10.63060038,25.94822174
2648,2153.001518,2082.802248,1254.979334,3439.694906
2649,69.78242825,57.89477071,29.63511077,182.5899038
2650,614.2058694,567.9801303,336.9407083,1163.337466
2651,1846.790516,1815.020587,1282.584082,2593.515981
2652,180.5561855,173.0708136,103.2753344,301.406925
2653,477.8465731,384.4901458,174.2850188,1346.388832
2654,1265.423427,1244.11601,888.0011369,1762.141865
2655,361.0534778,349.941183,246.6584635,544.0384209
2656,0.907260501,0.857502428,1.72E-08,2.290308089
2657,4.468178093,4.397405056,2.574512466,6.787009173
2658,1001.450855,952.3818326,584.621777,1694.455402
2659,56.95084987,47.67575822,28.52679254,143.3293441
2660,1.610969282,1.574345195,0.190745543,3.210398035
2661,259.4481562,196.7251053,62.12387865,828.379146
2662,326.3442419,302.0748676,202.6558587,596.8442225
2663,35.00467695,28.57448099,18.8791813,93.09710051
2664,848.1478124,814.1099446,513.5312719,1380.298029
2665,162.5811201,139.3845343,85.16838554,379.743481
2666,186.2015068,174.9721131,98.50541988,338.9264264
2667,66.62854324,65.74653555,46.73882938,91.63539468
2668,165.0449635,161.3208454,117.8801724,234.3000572
2669,132.6519459,131.1719047,97.17990891,176.770025
2670,116.728493,115.4603195,86.18252195,154.5485969
2671,1044.451162,1016.010276,685.9159032,1565.537259
2672,479.6612232,432.3779705,231.6548049,1003.252159
2673,31.67513261,30.0321315,19.29670222,53.71003975
2674,98.96330884,97.88510905,72.75614299,131.5172638
2675,424.9481444,394.6807223,229.094705,797.8217788
2676,0.793196921,0.732779595,1.67E-08,2.13892819
2677,3173.669688,3066.065717,1837.138314,5114.757149
2678,54.91576198,49.30007917,25.63597875,117.2966663
2679,236.3439536,207.7425045,97.47269479,541.9729701
2680,2224.331757,2151.36523,1293.601924,3554.129347
2681,4.219257246,4.144918759,2.312580377,6.521710775
2682,151.4080478,137.996673,95.71588898,295.5441869
2683,75.43629121,74.56227054,55.1510108,100.59258
2684,26.58033105,25.68919682,15.1378854,43.03209882
2685,28.59188059,28.21546397,20.07598463,39.25612748
2686,736.3043587,688.1591223,396.202888,1359.17277
2687,493.4836255,465.9806616,260.5288509,891.3424683
2688,432.6267555,425.7088016,305.6487107,599.1332426
2689,14.59095015,14.3689169,9.381415129,21.0367677
2690,1378.93454,1326.515834,780.4088392,2278.07739
2691,388.6125333,360.936776,217.6616812,721.0378808
2692,64.31789087,59.44552875,36.74418114,120.5665253
2693,77.65639932,76.69057293,55.67659792,105.2429711
2694,268.8456696,252.7207331,160.2206408,471.3040764
2695,7233.751747,7132.306386,5106.845308,9939.439439
2696,159.3173005,152.0873379,111.1908964,245.6453021
2697,166.8193281,153.8318089,93.33975633,317.2495631
2698,9.789667012,9.659738192,6.688402879,13.66327356
2699,680.4014179,660.120422,457.7487442,1022.328129
2700,773.1078333,741.7483932,478.6204636,1250.962331
2701,187.5835459,171.10715,101.4637962,371.245122
2702,204.9586192,192.7545655,120.1447021,362.5758859
2703,3597.171475,3473.478591,2078.954162,5804.557203
2704,81.70266049,74.3901934,52.35376446,156.4899659
2705,13.64155277,11.69657615,6.629434648,31.72215077
2706,802.132333,770.6420748,449.6854987,1333.213855
2707,339.9833358,324.4632159,214.9899104,558.1153892
2708,273.1957947,261.8921191,174.0191328,440.2876836
2709,1355.442673,1326.908127,936.1430664,1937.275696
2710,94.44927345,84.35029795,58.14736776,196.2594409
2711,128.0634969,126.6153503,94.06156998,170.2457038
2712,780.3325232,738.7637479,476.164146,1322.499651
2713,1018.054088,984.5182885,589.9559909,1638.845661
2714,36.90209358,36.31647723,22.85927798,54.18650386
2715,179.2302888,161.4369844,96.61204384,366.212655
2716,1271.740162,1224.479365,721.0553774,2087.720744
2717,32.65471956,27.30901981,18.30530583,80.99158397
2718,17.7975627,17.54033115,11.91341696,25.11955842
2719,92.26458695,88.29090067,64.62991614,136.5450148
2720,129.5316457,128.0615989,94.35984171,173.2504735
2721,87.28427474,71.8629776,43.81473414,227.7371649
2722,6.248649616,6.148418853,3.948585009,9.10550232
2723,198.2931854,173.6110753,84.81816238,460.7263264
2724,1130.983577,1093.755147,740.9461741,1732.971597
2725,118.0786714,113.0730868,75.23770731,190.4200075
2726,369.8038407,357.0465817,215.1064563,597.1043791
2727,205.574084,179.0158309,94.97870125,469.197358
2728,139.2771627,118.0167499,64.20799943,338.5119244
2729,297.7836109,281.4778423,184.0010696,506.8557661
2730,497.6131211,478.362581,282.3531352,821.4167413
2731,47.76119388,47.20715872,34.69339105,64.08108045
2732,26.40334776,21.11568065,13.60715196,73.71343192
2733,353.5299646,323.5999016,181.0184824,701.3791671
2734,52.88402807,41.50700872,21.70940831,151.6702433
2735,267.396883,238.7938402,154.4899039,555.7239495
2736,17.5821984,17.3342578,12.17048987,24.33356355
2737,2006.999871,1934.661876,1147.36914,3273.118279
2738,135.0316313,112.2992577,64.81122099,345.5170801
2739,511.0175093,491.5628751,349.8514292,790.24743
2740,127.1396497,109.6961978,67.87982437,293.184395
2741,18.68068737,12.70388429,6.55903964,69.0394548
2742,9.253708122,9.116667572,6.07420953,13.2200153
2743,19.69246857,19.40922489,13.30064062,27.64509699
2744,74.76622669,64.66828029,43.67011805,172.5416109
2745,22241.55856,21998.65902,16256.35035,29572.76168
2746,1361.740652,1311.707125,769.8956582,2242.609294
2747,8.384316995,8.243892546,5.005372357,12.55559791
2748,87.3261839,86.30830515,63.83290639,116.6017645
2749,12.65995861,12.49699916,8.951922446,17.35117854
2750,389.3414151,368.5021319,235.1594522,668.3173495
2751,1109.035167,1062.859204,617.1794518,1859.042471
2752,23701.45491,23428.59095,17157.42728,31811.3419
2753,151.2411018,136.957843,90.46448673,299.5742227
2754,345.4474903,309.4164301,182.7599001,727.6556433
2755,311.2180836,299.1218397,176.127142,515.9992698
2756,23.47782977,23.17618358,16.6313208,31.97165851
2757,170.212386,168.3867126,125.8489829,225.0813402
2758,854.1473779,789.4202419,456.9802764,1630.19396
2759,670.6309552,650.7025028,447.8277987,1009.932401
2760,780.3814757,750.7218117,439.1958215,1294.439057
2761,1358.517296,1310.266191,875.0651069,2111.056829
2762,963.4538504,895.6454608,516.1587171,1804.79641
2763,79.29503681,78.37861586,57.80363475,106.0676602
2764,477.151851,424.7831242,259.6309202,1011.308962
2765,1670.76185,1615.844798,975.6018809,2677.797282
2766,508.8226915,489.0420671,324.4076807,809.6668473
2767,35.6352675,35.23364047,26.03093992,47.51998134
2768,1867.920825,1794.775586,1039.567318,3102.648182
2769,113.9900931,103.9918392,72.74247731,221.4161981
2770,241.1849284,220.7866384,147.7131354,458.7828025
2771,8207.012589,8097.557966,5813.158611,11233.10127
2772,529.6357877,516.7337022,356.702246,776.3352007
2773,156.4678067,139.128633,72.0307854,340.8764158
2774,810.8055057,788.9260589,536.492611,1207.935559
2775,734.1571009,659.6240164,388.8786132,1524.766396
2776,49.37711958,48.69509182,34.91108108,67.69954453
2777,152.4015657,142.661828,102.0974627,265.5216803
2778,131.3060325,115.1915926,75.94855418,288.1613349
2779,66.7400138,65.84919463,47.00468377,91.31511799
2780,119.9084482,95.91837125,49.6554586,336.4684017
2781,630.1121123,609.8164901,391.6162193,985.1873604
2782,968.063418,934.7019105,558.9262259,1565.691982
2783,173.2806077,160.5667025,114.2869619,315.658119
2784,5.433499475,5.356355442,3.610982562,7.698854018
2785,2668.242686,2578.352872,1548.958401,4277.944539
2786,221.4664775,211.9112595,131.7862896,365.9406696
2787,207.9218503,183.3312389,80.85540716,474.8097437
2788,61.63157867,56.97340164,36.00570933,115.5434488
2789,335.3319311,286.3889883,104.2013466,851.8614649
2790,,,,
2791,70.9337267,67.81990529,39.94772435,119.673655
2792,70.65081112,62.29896881,43.86749217,151.5685156
2793,145.2360691,127.1686505,79.3204549,322.8645678
2794,61.90171816,58.90999765,35.4158785,103.5870542
2795,14.71995231,14.52884243,10.19125775,20.41562576
2796,31.96853909,27.57029623,15.20967745,75.30775364
2797,14582.9913,14409.00233,10535.66037,19617.62165
2798,181.1084355,160.9920553,95.95967394,385.6145016
2799,,,,
2800,263.3662765,239.9434585,145.9736469,518.4310439
2801,713.7384198,679.6399774,368.6998644,1251.6082
2802,,,,
2803,628.5861354,577.938354,282.3770071,1265.691429
2804,5082.827287,4911.855796,2929.635331,8218.567746
2805,,,,
2806,1361.525806,1313.506929,784.2672893,2205.813989
2807,19.2963804,19.04926637,13.65497779,26.3310208
2808,2315.712811,2229.845362,1310.718724,3807.81463
2809,806.120522,787.2167999,531.6241567,1189.065214
2810,670.3842258,646.4584021,415.336364,1066.589448
2811,684.498274,658.8446568,415.2965977,1102.026797
2812,3144.827389,3023.659871,1699.215688,5296.739681
2813,142.9014401,129.5086654,69.78616562,295.462214
2814,557.7637423,533.254621,302.3680543,953.2647193
2815,179.8331835,168.6539569,85.31758136,337.3229184
2816,562.1314138,540.6438795,342.6746701,903.7123392
2817,721.9949379,697.5309624,445.360799,1137.713763
2818,448.2438311,433.3309755,287.5817635,694.5369493
2819,1050.262956,1030.232933,716.5638365,1504.236182
2820,1784.866707,1739.261725,1151.500388,2670.438693
2821,1000.826674,973.1597182,642.5631688,1520.329704
2822,1548.414408,1513.08234,1013.470573,2287.608893
2823,358.0981349,346.2429774,239.5357061,545.9286833
2824,1227.719605,1179.477809,685.8813447,2043.807338
2825,190.1164595,169.2200529,106.9749796,399.849525
2826,90.22464408,89.20673007,64.8521769,121.6352273
2827,264.2513862,244.9114892,135.8481116,506.7693708
2828,125.0537684,118.2049874,67.62724207,222.3922783
2829,5586.394129,5510.767165,3958.785604,7640.713651
2830,1095.043963,1046.254387,595.0928998,1868.447285
2831,103.5510005,85.4008847,39.82788465,272.9835386
2832,709.2944904,681.5264883,400.8649304,1172.528629
2833,87.67400388,72.88238192,48.24844203,220.6341464
2834,217.2950901,206.1440222,122.9775901,374.7060012
2835,178.8616835,163.9003342,114.9958101,337.7670437
2836,182.9311471,174.3473648,128.2660787,282.638289
2837,422.9582477,390.7947527,221.3521532,808.8267568
2838,514.4116218,492.6694222,285.4832725,868.936369
2839,502.4485983,478.5560566,299.6612586,844.8922204
2840,278.3999077,258.592865,182.7281132,500.7265695
2841,54.67857896,51.025225,36.78631472,91.07167327
2842,139.1407992,132.0127576,86.85383048,232.4532582
2843,5297.309383,5210.241964,3670.907011,7423.150176
2844,399.6994141,374.4225378,208.2401219,735.1585305
2845,25.13278794,24.25091909,14.15442204,41.06876316
2846,756.8068649,731.8203311,476.7863782,1182.187286
2847,217.2885824,192.2326902,99.31639139,483.2001946
2848,273.2627996,247.6592957,139.1180785,560.8408493
2849,267.2185561,251.0674327,168.9949675,462.1434773
2850,189.3573594,171.8038872,96.27236222,385.9569095
2851,16011.06359,15833.77615,11594.42143,21420.2381
2852,815.3320826,793.9574569,543.9695823,1208.268964
2853,164.1792487,150.6489711,79.64615651,329.2007418
2854,204.3641911,193.38785,110.787823,361.9676582
2855,515.9789332,490.3677143,279.3277913,901.6622229
2856,807.4727769,778.2126966,458.3317285,1323.659383
2857,137.1824452,125.6494045,70.15434386,273.186114
2858,367.32767,349.166781,237.0357269,607.5931828
2859,440.5770052,408.5907903,236.0523214,827.5980893
2860,194.0149576,183.2242031,122.9411176,329.0819783
2861,123.3560488,115.3311622,68.18820486,223.9717711
2862,339.8104698,291.2677626,148.7000877,815.4543747
2863,265.6788227,255.9296808,188.7125232,396.2026313
2864,1540.610558,1507.325353,1028.511392,2241.413798
2865,5264.925987,5193.07299,3695.166182,7255.562136
2866,813.9611509,777.3930426,493.1717816,1345.679023
2867,17.81228564,17.58834718,12.48483014,24.44122287
2868,529.5738587,506.3397791,324.644548,864.9486502
2869,829.3707162,809.8718055,560.7355213,1212.067006
2870,79.14446565,66.6005015,41.23544334,195.6657608
2871,508.6348034,477.4472972,282.266126,913.7920376
2872,170.3546327,155.7318202,102.0490427,330.3725973
2873,92.40592445,87.21585453,63.39945142,142.0369362
2874,257.9242721,236.3938824,160.5209792,492.2009924
2875,5921.712317,5826.801957,4091.923406,8314.234271
2876,465.8959059,446.3234917,298.6573005,750.1526419
2877,97.01333783,95.89920842,71.33829646,129.0222676
2878,128.3208329,117.0034385,82.24872386,247.07459
2879,169.5510952,136.9475457,66.46277332,465.9448049
2880,461.4508624,434.0275864,271.3767333,811.8763172
2881,268.1103288,214.2769884,101.8906316,759.2320215
2882,1056.369241,1013.495549,590.3456185,1766.879709
2883,250.0984561,232.1312534,118.9649291,483.9358493
2884,579.7675836,537.8787722,294.1280645,1104.205533
2885,180.4569594,164.3631984,97.58218063,357.9229663
2886,131.7912214,116.3625703,78.32977588,287.5661346
2887,179.4599116,171.4204289,118.3426365,289.6130985
2888,637.4811753,593.0780279,350.1483768,1187.116083
2889,374.6674899,354.7403248,223.2682533,642.3740061
2890,384.707166,339.7547736,180.7646217,849.477902
2891,802.2538608,775.0703265,522.7899247,1243.95516
2892,447.3949993,420.7212524,262.0035671,788.8813626
2893,624.15996,585.7243941,332.2890531,1135.447866
2894,624.9393358,602.0578265,397.6213664,983.8984742
2895,5145.875143,5087.137325,3701.390709,6931.063953
2896,446.8342873,419.0578394,224.468127,832.1820044
2897,121.8124086,107.6299572,59.44947621,268.3718666
2898,102.487507,91.26436477,63.59161971,215.6751092
2899,922.0758563,881.1494756,504.938914,1577.183214
2900,464.6321136,432.4836326,250.4422488,864.6346457
2901,763.0338843,731.3070421,423.6727317,1281.795013
2902,237.3284566,228.1371653,163.4201704,370.0774998
2903,194.7793137,183.4995615,104.0594174,351.2044202
2904,861.3562753,830.4434571,527.8313583,1368.690544
2905,553.2812801,525.8537382,322.8112315,945.7163688
2906,181.5088699,168.7290816,119.6339798,324.1102088
2907,2053.100823,2013.927652,1394.045235,2936.241591
2908,2102.879238,2057.363774,1418.625923,3033.809155
2909,146.2936242,130.3497919,67.4247042,318.4598502
2910,94.7481225,93.65944455,68.61032423,127.0657046
2911,380.5714474,357.0437233,252.9907079,654.0281048
2912,576.4989694,546.4979077,343.278107,982.8229844
2913,560.9349787,535.8513668,306.8724458,957.1788528
2914,287.3515062,270.7197633,166.6700317,503.8724376
2915,818.4837866,776.2413633,467.3218865,1408.510831
2916,552.7888105,520.5985162,310.8246175,979.8277925
2917,699.2977767,685.0610219,480.399646,1000.734984
2918,4030.826304,3970.762019,2801.129814,5626.763705
2919,251.196315,222.6234622,105.6905158,565.8664542
2920,110.4843205,89.85659442,47.2699722,295.6706272
2921,500.7738797,477.9404914,273.3908522,855.9045472
2922,2267.777123,2236.079441,1621.909429,3084.800875
2923,284.5252154,266.0863197,155.844568,518.090748
2924,93.95743952,74.12635794,39.5686186,270.181755
2925,505.1626691,482.4433323,317.63049,828.2875707
2926,31.20948803,30.77380979,21.59704664,43.29825698
2927,207.7660272,193.6408958,132.5308701,372.9849958
2928,144.1606596,135.9542232,88.81882171,248.0224144
2929,50.72651331,50.08574944,36.0154479,69.14408458
2930,440.875759,419.5917369,257.402999,750.8509308
2931,40.80465299,40.25348251,28.41644648,56.20277941
2932,2233.209107,2186.255534,1490.407847,3245.54153
2933,392.6337823,376.3768615,220.9313228,657.8927057
2934,277.5052524,259.3265184,157.303371,504.5140018
2935,76.91380196,75.92015892,54.91059394,104.2282001
2936,955.1100635,905.4206105,500.4659286,1691.474893
2937,458.92468,434.8304028,283.9875581,776.251959
2938,153.0144564,140.6380164,94.33927407,289.4657757
2939,295.4757261,278.1130154,157.4610627,532.8271379
2940,2730.74561,2685.287947,1877.443537,3845.152059
2941,4511.549622,4445.475974,3126.899172,6285.932092
2942,70.26548857,54.42798345,26.19389725,210.046631
2943,355.8549232,340.804089,221.8721518,578.2185205
2944,83.89746143,82.95513362,60.7721332,112.3647408
2945,1729.001054,1683.012819,1109.150848,2611.383718
2946,308.3745847,285.6592849,144.479044,604.9494675
2947,3710.434205,3655.205426,2604.798953,5134.145458
2948,1240.515384,1188.757461,684.3431891,2089.725811
2949,292.4255974,272.9729021,146.6280294,549.6835318
2950,379.945056,355.9584945,187.3464282,710.2725206
2951,1053.469394,1032.353459,717.6647848,1510.816895
2952,4644.327537,4586.874477,3345.569477,6263.568542
2953,252.3696894,234.4275522,123.2560538,484.3935502
2954,315.1314135,296.4395377,173.5423714,562.6382129
2955,209.0199055,198.0881766,113.8310176,367.7024198
2956,194.5116274,184.0827248,123.7862165,328.6963426
2957,233.0109585,218.2606993,118.8963009,433.5947035
2958,2041.22108,1973.758156,1187.924123,3272.089846
2959,679.4976642,654.3264707,385.696893,1116.216236
2960,1665.831021,1619.315837,1040.567528,2557.738513
2961,6976.163347,6881.703678,4937.058586,9544.364532
2962,117.7333686,101.6707273,46.81535412,282.2059312
2963,1132.076549,1087.076117,632.4400955,1881.964243
2964,342.6042336,328.2345656,191.7402919,577.6470702
2965,91.47496367,78.71976956,50.97756767,212.5823983
2966,648.2969309,623.6101888,369.3922549,1068.813904
2967,18.29079233,18.0441992,12.73766386,25.21594996
2968,1524.48535,1454.747361,914.0794247,2538.751108
2969,1306.85789,1266.183558,828.61637,2021.152973
2970,2349.247092,2268.933892,1402.760167,3736.404101
2971,890.0362577,855.9161655,514.9206411,1466.086648
2972,40819.6793,40353.22763,29748.71301,54469.84982
2973,3765.097304,3634.432956,2159.16535,6103.5415
2974,970.2367985,918.2404364,544.5770464,1701.17583
2975,275.6821322,262.1310379,175.1604355,456.5235719
2976,1342.995397,1307.98661,868.525045,2024.845861
2977,197.227584,181.7606147,105.9324975,378.3456842
2978,940.0326223,913.1732433,617.893086,1416.493873
2979,461.0122068,439.9551849,298.6930396,751.7723953
2980,676.1748372,642.0835924,367.632637,1185.254718
2981,178.8328847,166.4599834,107.9675694,322.4172707
2982,12976.26615,12818.68042,9279.666301,17586.1073
2983,428.3228363,417.1160038,268.7222801,651.384332
2984,1577.220672,1522.011212,910.8843447,2542.77216
2985,144.911855,135.905025,87.24592204,256.1460653
2986,11507.97451,11370.68397,8256.464755,15566.29655
2987,6201.922332,6001.762854,3615.860644,9911.526118
2988,324.3890108,312.4881484,187.4742921,528.7390076
2989,3888.147157,3760.045578,2241.872384,6269.800437
2990,68.40441006,56.32023215,32.84200797,177.3710923
2991,849.2855955,804.3748082,444.9510341,1512.736258
2992,2897.801018,2796.957901,1661.58927,4712.561878
2993,858.1822442,825.8305624,530.5266816,1373.058119
2994,2067.044157,1994.939912,1190.376905,3342.485421
2995,161.4733882,151.6033736,102.3219081,280.8758679
2996,1728.195405,1655.521503,943.8085926,2935.623579
2997,138.8503869,130.6889115,77.46918661,247.0710685
2998,113.512367,105.8032149,76.66028134,196.4732471
2999,296.1574305,257.7192269,125.1893177,698.0436823
3000,1068.440656,1023.221007,587.9181081,1808.316078
3001,49.11180165,48.52748931,35.53902995,66.00482062
3002,44.31150333,42.94282381,26.01818197,70.04955808
3003,100.3353491,87.63021783,60.39583781,222.4348149
3004,352.5447488,334.1479357,190.6574048,623.4171345
3005,86.79858986,79.02389653,56.8035679,164.6771634
3006,86.19970882,85.24637653,63.61779386,114.2710182
3007,581.7538786,556.3001635,323.1652834,985.2637181
3008,186.5718324,168.5597903,95.37889863,385.9112901
3009,412.0683557,371.8808671,184.4994416,877.9566478
3010,376.5312086,342.5833573,168.8850468,780.4757104
3011,930.6986601,897.0162895,565.7680178,1492.264913
3012,295.5586134,273.0224579,183.3843076,546.0452385
3013,,,,
3014,2062.915223,1988.203339,1164.707012,3384.366494
3015,286.4550363,263.730482,150.816829,553.4417267
3016,271.66873,230.7326123,140.2661823,650.2528599
3017,380.2844468,362.3934904,239.7846767,623.4372202
3018,168.6385903,158.5228466,113.2415081,290.920615
3019,1239.319663,1169.490694,635.1635957,2236.986357
3020,306.6639464,289.4877997,160.891205,553.8565091
3021,236.682746,225.2396287,157.1897133,388.3249884
3022,1052.568589,962.6726898,532.784475,2096.865867
3023,456.8457272,409.3202414,230.5996618,964.0500649
3024,167.8645469,166.0485356,124.5393727,221.2321064
3025,1601.387895,1537.257063,887.0045697,2679.534233
3026,95.63606992,94.60312873,70.0943328,127.2781401
3027,136.3771255,128.1068798,73.6193738,248.8338232
3028,529.0569478,477.0283858,244.9819196,1119.973606
3029,437.9350771,417.7560737,236.5069541,757.5261834
3030,88.86642714,70.71070857,43.40625024,249.6738664
3031,83.893747,74.10486453,52.00879646,178.7829805
3032,133.7784128,117.954025,68.0168758,293.7219551
3033,391.7490135,368.2938439,203.5037637,714.8040763
3034,612.4046017,574.8371208,314.4632747,1132.50681
3035,552.7139981,532.4390534,317.0830061,902.4510292
3036,298.6731371,281.3195561,196.7998501,507.701076
3037,86.22301289,76.37855708,53.12185068,182.7617489
3038,152.0430536,134.8684851,90.36716521,323.9788604
3039,112.0332537,101.3843664,70.88052174,223.7466192
3040,281.3816296,230.7258062,127.7424006,740.766963
3041,70.54058195,62.14571846,44.06994147,151.1032652
3042,113.2295914,100.2751601,61.79033873,243.4207863
3043,218.2158414,204.3344041,146.2190076,378.2847953
3044,446.3108018,418.6656434,225.199372,829.361806
3045,88.99071789,78.43300791,53.56222528,191.8999772
3046,142.9335944,135.1410819,93.21681331,241.185551
3047,28.39403041,27.52334385,16.69038393,44.97053089
3048,740.4965449,709.9961891,413.5131428,1240.145132
3049,161.7661414,160.0538499,119.3607115,214.1697659
3050,287.3060333,280.6254839,196.8581182,416.1557091
3051,178.1035809,172.7256577,120.3358883,267.7517779
3052,494.6076559,486.6219019,353.1629695,683.1132919
3053,249.5134901,241.2592432,161.6663501,384.258113
3054,3044.24748,2941.145349,1756.276958,4913.105881
3055,141.8747369,138.8701176,99.77985913,201.1232344
3056,204.3388164,200.499466,142.9973267,286.9276029
3057,331.5426806,320.7312605,194.3920672,529.0387046
3058,588.6515888,567.3122066,336.8741487,962.4987915
3059,294.881413,291.0158318,214.9585822,397.0067396
3060,424.8948746,409.3386484,245.0551262,690.9639483
3061,148.0170868,145.3193059,106.5602931,205.6378721
3062,7511.869553,7269.656175,4395.010053,11938.89238
3063,1012.0433,994.9801798,720.8850357,1399.693423
3064,512.7708235,500.3065069,341.6394606,754.9009126
3065,493.1975726,471.2214395,270.4705426,839.4989955
3066,616.2792569,599.6491341,413.3073267,913.5161266
3067,1142.903757,1100.754671,653.5493342,1864.978146
3068,40.18393345,38.48655448,28.39013132,60.05193217
3069,896.1831318,862.6563395,511.8524334,1468.324202
3070,132.6276143,127.1153228,83.55396652,213.8844637
3071,607.1883607,594.2674982,422.4012355,865.4818654
3072,311.9634571,300.9222389,179.2238868,506.2437975
3073,232.4687713,224.5836481,153.3132409,357.1644991
3074,167.7886518,162.1813892,98.57233271,267.667606
3075,76.16448976,73.6425415,50.8010946,116.1091248
3076,232.4096215,227.8451123,164.5553478,325.7041909
3077,1604.013766,1568.402742,1071.993479,2341.438682
3078,338.3731068,331.9972196,236.6305918,475.0179466
3079,1812.374061,1741.444112,1016.360126,3005.278417
3080,159.6056603,153.2895084,90.49829883,265.3515155
3081,1187.310133,1141.519002,666.5465717,1975.131552
3082,147.9953307,145.836668,107.3842474,200.3946215
3083,196.236322,193.1452144,140.476216,270.1613325
3084,440.4898872,424.2375258,280.1949062,694.3644807
3085,1049.612446,1026.629853,720.9606057,1511.600151
3086,1314.274854,1269.642459,762.4643265,2115.767829
3087,544.5413171,527.9388438,363.0751843,821.8355166
3088,196.9084388,192.291026,134.9338118,285.6200523
3089,26.84067095,26.53128802,19.64961193,35.74868568
3090,9984.00303,9864.182139,7213.344924,13400.72813
3091,588.5132995,572.0946511,392.9578407,883.2696878
3092,457.6506968,440.8994268,259.299963,751.5834256
3093,478.3674918,466.5697282,326.6589478,695.5563393
3094,1621.928424,1568.311468,943.1859168,2597.828206
3095,1051.257145,1025.209786,699.1640636,1556.063812
3096,61.58162976,58.59880221,43.26920788,95.46036414
3097,441.6578773,430.8910301,297.9475693,647.1707424
3098,476.072731,468.7825917,342.0277793,652.7613121
3099,954.1064041,932.3890576,651.0005778,1383.377813
3100,163.5798904,160.0970291,114.2357667,233.3711386
3101,2143.969596,2072.715303,1238.635568,3461.983752
3102,186.5179976,179.1460106,124.0990712,290.8065666
3103,2029.898132,1949.02853,1122.64638,3400.212496
3104,150.2849532,142.1364823,98.27017763,252.9389818
3105,1000.334512,975.7239663,672.8941884,1470.99161
3106,1166.848232,1134.072934,753.9595748,1762.100408
3107,347.8949832,333.546563,212.1909293,566.0130643
3108,462.5848723,449.7307485,315.4023633,682.4786103
3109,1264.865519,1219.692094,720.8082163,2061.145922
3110,211.7684125,207.6780602,149.1412103,298.2282415
3111,302.5950061,297.4046747,215.1220991,419.7512315
3112,276.065536,265.7142584,156.8574154,452.4735576
3113,302.1158573,293.9305988,203.7322413,449.1759699
3114,1186.900258,1169.053061,848.5470001,1628.188491
3115,191.9691527,188.585239,135.6192654,267.3376802
3116,1715.502803,1664.707627,1117.134927,2598.6068
3117,4702.784587,4635.883349,3300.667541,6490.42271
3118,699.1713852,685.1831815,484.2904591,991.1239985
3119,316.6968103,309.9219087,219.2966407,453.229118
3120,2015.992749,1941.649448,1140.033024,3314.032202
3121,811.7048983,791.7375813,560.8373173,1176.589028
3122,,,,
3123,125.3990904,118.2259761,76.34074609,217.9593737
3124,600.2989038,557.6185807,321.0294566,1127.500757
3125,142.9210074,133.2257983,94.14421639,254.590936
3126,262.7434092,235.2596651,103.5258991,584.8580546
3127,53.38859836,52.7491679,38.82542887,71.55847086
3128,355.4911603,344.8977889,243.1636026,530.3126511
3129,302.8840919,269.686236,104.3511291,691.9378478
3130,64.37709249,54.49883173,30.93631153,158.0152982
3131,119.1875488,101.0705518,60.57461701,286.977822
3132,1260.387836,1171.366797,584.657057,2460.074691
3133,193.2939015,180.9003009,122.4260477,339.2045007
3134,785.4092734,738.2123369,398.0478884,1446.473385
3135,,,,
3136,258.1932315,245.9672419,176.7198135,416.7211888
3137,66.87821581,66.09068368,48.60344015,89.59792154
3138,293.7685073,278.2240681,194.9851752,489.6363495
3139,102.5041221,88.94865909,57.3484901,233.6320081
3140,413.2619324,395.0639453,270.2419452,663.1602494
3141,587.0393018,530.9188796,196.85848,1305.942924
3142,469.420985,434.6092228,151.8027302,987.3544238
3143,83.55654459,72.76974098,48.23856304,188.2522868
3144,56.32044759,55.67681571,40.9096914,75.4701035