ethn,county_index,mean,median,q025,q975
1,1,5.932455534300757,4.8750056436869675,1.3880250273957035,16.718182738417713
1,2,36.6292971151954,30.35539454821801,8.837516432101685,100.73229818508177
1,3,1.388502062556682,1.281488298641993,0.6419691477036971,2.759424591902994
1,4,7.335563346478208,6.173793850263919,2.087990791560781,19.33153531838394
1,5,49.47368534141735,45.83310950982333,19.8706472964902,99.45231365331188
1,6,0.584846143841801,0.5010901812760218,0.23208410039735552,1.4575472090264114
1,7,0.36648956074103656,0.31869443283648513,0.11881171542677034,0.8979035732498653
1,8,12.051008723912984,9.927785958062817,2.861582754218257,33.71842707308368
1,9,0.62153142242612,0.571587151454376,0.290457108923219,1.237751623347856
1,10,0.37549343265862384,0.34456112989512516,0.15900229174735808,0.7713246478823838
1,11,37.859131488886,34.26274430922251,14.305667547483035,82.68177999400906
1,12,0.04407095113351847,0.0408280039615871,0.003578385243799988,0.10138483254325986
1,13,0.38166637396779485,0.33665921901464335,0.13363273336248271,0.8976738884344622
1,14,0.7753863037378843,0.692082801273822,0.30987627774543974,1.729930547606329
1,15,0.3497363866936078,0.295571373994514,0.12806030776964358,0.906504728735543
1,16,5.171606638786217,4.748991604307536,2.4359252675331415,10.336432038066583
1,17,3.7451784810673474,3.076829674060183,0.8821546027221645,10.525036244956066
1,18,0.17534145474346452,0.14959611495598213,0.012354917802847306,0.4857376749073125
1,19,0.5272614267208685,0.4407540622144959,0.15933542958577285,1.4062383588832623
1,20,0.8584050861629509,0.8000816912107893,0.4041102651693093,1.6388712198118263
1,21,0.14108605741332972,0.13144759682385576,0.06240565102137871,0.2697378164080419
1,22,3.5821894338719855,3.388470767285485,1.8343851991598108,6.432702807823831
1,23,4.1401340501431925,3.907303204113625,2.062914085750871,7.5866382004130735
1,24,0.2260747164568842,0.21202217367464155,0.10748498897170106,0.42335227085155275
1,25,13.696597654486926,12.85464448947964,6.811016109293893,25.429929061204618
1,26,8.666340651468618,7.1232918969267764,2.0319895122154232,24.362430154559345
1,27,0.951457333692892,0.8643707745804945,0.40507126301237284,2.0003778189675834
1,28,12.095878889410121,10.019840914885659,2.916758010217219,33.26389944827039
1,29,0.08488257487724415,0.07524434226268495,0.0,0.2455865093592844
1,30,5.560117380315681,5.111090705256231,2.7051897648021743,11.133369216437428
1,31,2.786320210459545,2.2805520798888663,0.6488258441538781,7.879860367029432
1,32,0.07785921963218195,0.05566791326054944,0.0,0.29468831261563694
1,33,0.06541857059865647,0.04238983387452915,0.0,0.27520995560020045
1,34,0.9865557801707451,0.8020201355282928,0.22352961293823476,2.8277665798982765
1,35,11.587541585545065,9.637467400025221,2.8152732998032755,31.730306190104944
1,36,1.4463627650431374,1.3677973263226844,0.7464051049692523,2.608147000869352
1,37,458.38632195923657,419.98488534446955,176.81039655475436,964.1003193271647
1,38,0.09206490193869066,0.08137650858961362,0.021454151250273706,0.22266637810224432
1,39,7.8461022096815904,6.487567151417862,1.8735965911204826,21.76622320568416
1,40,2.7952543358005646,2.2554878571625663,0.6224523057250062,8.145249072898332
1,41,27.46668043663179,22.753298207777767,6.597896617360787,75.84019011150737
1,42,23.041211647703154,19.072237959916933,5.513626061085917,63.65679123015822
1,43,0.04047342436445072,0.02642079903774249,0.0,0.16964930059683286
1,44,0.9977777105105585,0.7857336956989958,0.20347132034304885,3.04126592106114
1,45,89.78922272571285,74.86008671222672,21.843677007618986,246.24216917382626
1,46,0.3096978371524873,0.27766931987544535,0.0,0.7963614522405387
1,47,0.5164368452841775,0.4817860894057874,0.259808285821574,0.9641865995743593
1,48,22.829858663810725,21.521461831703732,11.367171059195307,41.81260252472948
1,49,41.45376679549715,34.39200610730569,10.027692615519038,114.03189860720302
1,50,0.0407661074297595,0.035181696103351506,0.0,0.121242095647488
1,51,25.856857438367367,21.528087510655546,6.312200174991322,70.48258946710442
1,52,33.1507845842262,27.78531382938548,8.160558700178074,89.38647919884322
1,53,0.021485043132498726,0.017777862943096356,0.0,0.07056753446600621
1,54,1.2164152376124906,0.9822768687192582,0.27243546139451424,3.509588544602653
1,55,0.8383475630622912,0.7788050782075624,0.39710702539713866,1.6190591644436867
1,56,0.7821850185185626,0.7009828910441012,0.29939846324571295,1.7477311777812532
1,57,10.464161480403357,8.373886231781636,2.2807778100222755,30.837756742182435
1,58,26.118405968209895,23.324317595268184,9.227524254484896,58.89192453618733
1,59,162.40952409348196,149.23557401026818,63.39627815663322,337.5772114686951
1,60,0.03891532975587436,0.03483689920188073,0.0,0.10874673216973325
1,61,2.275760366876407,2.1365393074075287,1.119878332755872,4.228979820420197
1,62,1.1304155465143633,1.0527051978119624,0.5408627378290595,2.1808313307278966
1,63,43.882767109612786,36.38281247707464,10.526586653896223,120.90368689793269
1,64,31.433963224365325,28.44536596848156,11.525369223703644,68.56672025663087
1,65,0.07152865103899322,0.05941113990432016,0.0,0.2235986317488045
1,66,0.009119461254255055,0.0,0.0,0.05150739766129449
1,67,1.4225041836225707,1.273792758633635,0.5873151422574034,3.133471099851628
1,68,0.5522222865357242,0.48324094826237785,0.19595764021102016,1.3114671452806286
1,69,0.7640038230230297,0.7054200582938885,0.37973623895102193,1.4637144811275573
1,70,84.8166257647324,70.6805376382757,20.592853551533434,230.45724286647143
1,71,0.14441482418564136,0.1357243158544968,0.06973503193858133,0.26768377544791466
1,72,0.08706643569866292,0.061494488295518845,0.003518226408494292,0.3218535625761746
1,73,0.2649617550953003,0.23267278977885106,0.09770417764193623,0.6257586050056752
1,74,0.08795547571285771,0.075541369316027,0.019000244867551565,0.22119790501919992
1,75,0.17943569618277255,0.11761295158665727,0.0,0.7651149588534149
1,76,0.09487309702599785,0.08258812101859023,0.03727833812221103,0.2268246140630513
1,77,22.71766462217536,18.87965438401905,5.4963001236124,62.64218703222329
1,78,0.042694633258643755,0.038883862497587116,0.0,0.10649338079864708
1,79,0.3766563596867562,0.3129211678995082,0.112162114962497,1.0195933856379484
1,80,2.5191910092559984,2.277439290777676,0.9540845772884325,5.504138392428953
1,81,2.158335393441467,2.0030036958467177,1.0062077527679827,4.205682399240204
1,82,0.964941981681767,0.8693449604350636,0.35714285909041293,2.134464782537257
1,83,1.037156639539066,0.9411068159290124,0.4692726058189749,2.17072871758494
1,84,0.08080253950190316,0.061905884537861125,0.0,0.2886940911761852
1,85,0.0020028971034722672,0.001687168472543482,0.0,0.0062580455467180765
1,86,12.081225221885147,10.042353491471836,2.9343942925432906,32.98994699711784
1,87,0.10717580659784344,0.09418474571000174,0.036346391115818076,0.2548851678502188
1,88,0.29436290265174164,0.2793362814921092,0.14492427980879385,0.5299708507148215
1,89,0.06810457204285722,0.06035965744924042,0.0,0.179531609465135
1,90,0.27626020851651173,0.23990475460408486,0.10534140509904419,0.6539542816589691
1,91,0.14882742958865627,0.13932490103434902,0.07552173225046704,0.2699690755821135
1,92,0.39716217924093616,0.3760126043431755,0.20990834069918926,0.7054300716123201
1,93,0.029978766339569,0.02218615681875053,0.0,0.10536527874924077
1,94,0.2836507321463976,0.26914164529027806,0.13848621840771883,0.5129981866259271
1,95,0.08976791902509802,0.08394902216041905,0.028958754727035792,0.18449589361643878
1,96,0.020063009886260787,0.017614445846004745,0.0,0.055879468071338936
1,97,0.09154804189068719,0.07636664862097806,0.024885688649891293,0.25072873361949977
1,98,2.4120151471087805,2.2960902339723486,1.2832861756405118,4.2029106657666535
1,99,170.78121119265822,147.52046451646424,45.34173271363175,430.0904088499421
1,100,70.53146757802175,59.40285037359656,17.59067068298684,187.57386257309565
2,1,476.3716265377201,454.7661526497624,262.8787299982255,814.1916740919926
2,2,1977.341009488495,1902.5256887191576,1118.9937359268479,3261.5376501246355
2,3,360.8196363035172,342.07790217117974,221.43916211185189,610.537664935863
2,4,266.87726658501623,241.46290375014559,151.81229203123047,534.752324517711
2,5,399.46846412096545,392.8276241387528,281.29687326114487,556.0550414637718
2,6,150.553493240775,130.4307522426466,79.23529385189384,343.83318641842396
2,7,303.2212257753012,273.1937150806698,155.20867242757583,628.2360226091105
2,8,868.329128582605,830.1971803216959,484.96892743453697,1474.3799554839575
2,9,302.2119380356598,285.1144324680045,202.54199934252907,512.3384458632256
2,10,344.0261435865453,326.18961017818197,211.1333276047915,580.342257232587
2,11,322.62873072331956,306.2846299813526,211.27720620053861,538.7628239488225
2,12,89.9851758836786,89.0084058891028,65.64616336974431,119.75713974580934
2,13,367.20227314887217,334.81955503196207,194.3062436087877,728.4649960052599
2,14,263.2457880435657,240.89320330133,136.87712846730471,519.7476970831673
2,15,217.46421303605146,186.49436274199454,110.57622009178576,513.5002488390164
2,16,690.7086266140491,646.3734413118982,414.19460584742905,1228.3133240231691
2,17,395.08233959475143,378.79265153104444,223.1488341177289,664.2317827578883
2,18,193.65424241882332,175.33261727944324,99.39208998028491,395.12045771914154
2,19,393.45715796943574,341.06833036473074,152.85802321587647,938.3259600610744
2,20,628.4155240380857,604.3401424162655,385.92043888578405,1008.5885462191642
2,21,97.39637455908924,94.45940913992735,70.10740689639215,134.42373659151136
2,22,1027.706974433729,998.3155590833019,691.070884353054,1531.539328337838
2,23,719.9983095900036,697.7931721508808,462.9992540355906,1106.9550718293865
2,24,316.66064821783294,307.43556702625847,219.10842663456248,469.8693190972973
2,25,923.582122986981,888.0540692978984,589.3790066730702,1462.7597655664995
2,26,808.9031385384745,772.8479504333055,444.0807000984419,1381.5363195382286
2,27,442.44645981251523,412.68425670242107,270.4719523576622,792.9317188177653
2,28,769.4586325716916,742.3780840681529,441.3257752558841,1256.9417448723061
2,29,119.73465276644808,118.38833264793584,88.0375676944831,158.71513053662426
2,30,315.7609445376968,295.08189324344966,200.19217174519403,558.416160708282
2,31,173.79146584325443,164.8579047154462,96.33465177076933,304.19565744693205
2,32,39.43328912672514,38.154943962864536,22.832361174093943,63.28622211054329
2,33,151.39704725089715,137.30250199432578,70.12540201391886,315.6328270087045
2,34,133.62870914828144,126.74402094776812,73.02193936834833,233.29776912036488
2,35,820.8291587536021,795.0550951898974,480.34114189516265,1313.3110941106681
2,36,541.0042249489474,525.4799290671572,370.33089065581567,802.942573823905
2,37,7862.258052825076,7738.444364678082,5528.488627815119,10892.424301803705
2,38,123.2569787383805,112.89729288037827,80.1874813707146,233.90194075744668
2,39,755.0143949908132,725.8240464809942,426.8330109523426,1249.6400306468056
2,40,316.2268275790988,296.9473133552824,163.85264622338147,582.2211453914246
2,41,1601.4545964808417,1539.5432286255289,900.4777583133455,2662.1382028433763
2,42,940.8052804011634,902.317275958334,523.5592359426598,1574.4852151536102
2,43,51.03035072846503,49.48792455268578,30.16790579393021,80.60060734019787
2,44,142.2042755779443,132.3112256954113,74.76381027666787,267.71758865973874
2,45,4317.347108079741,4171.84275904815,2486.8001349845704,6964.804190142189
2,46,169.12901354065795,161.2645287612283,111.59491898544968,275.0327049654469
2,47,237.59884049116698,227.41464826273722,166.84362687005344,367.86017031172
2,48,1506.783488608888,1458.2493750570027,959.3081984314454,2327.022172930486
2,49,3917.5997905713994,3789.197996588193,2269.816818425393,6313.046621804864
2,50,253.39334825523898,243.90433312848936,161.07311604519072,402.1612663164717
2,51,1646.2245542616292,1594.1931358173788,963.7780854788806,2626.7753701300226
2,52,924.942556120776,892.4902772641209,531.3269787113722,1507.8226072727152
2,53,57.76406983191697,56.986947595375284,40.43688481145915,79.4016648301926
2,54,113.08579400499636,106.46031199747496,63.33723874296445,201.85849390778338
2,55,435.11202147933795,415.1149458521291,269.6359365728353,718.6792762300425
2,56,405.9980494540815,377.3570890533067,220.50368473094275,759.1943038299513
2,57,603.318926124183,555.7569754142768,293.63570515121467,1194.6438267397004
2,58,893.7963408764857,857.2259518110056,580.2793383369468,1418.3462275046604
2,59,2004.7027271419552,1972.7408822299321,1408.8612134554303,2782.04359549384
2,60,85.09024601675222,84.07773147256279,61.505734175783104,114.16971361295766
2,61,1106.78888133687,1067.66374676657,708.2242465528782,1734.4176038863143
2,62,561.7465493910773,535.5208956605005,348.5450967781728,930.3109532899197
2,63,2463.2676630088954,2372.2741098757288,1391.3478054380305,4056.574044542617
2,64,661.938597526998,643.9072140909174,440.9759823122774,987.2076032982033
2,65,201.28777847064583,177.90653402219783,109.43873050959654,434.25118381332294
2,66,127.6123061837318,109.34912212429018,66.58023852772473,300.49647102851134
2,67,468.282186401236,430.02869074549017,242.58042728141697,917.6342334752158
2,68,59.918185189827234,54.44883596234834,30.929604163473257,121.86598835242638
2,69,63.86148450225893,60.48527132355831,43.21431132201621,104.2244866104382
2,70,2868.7066054468005,2761.7116082276475,1608.9057639722812,4748.201421493526
2,71,132.13355773210057,128.7475577661565,93.81127615005843,187.70940150728285
2,72,12.96536586408811,9.352204019519254,5.640927163925689,43.57217726104742
2,73,89.65467055481521,80.71683067136878,48.818906481085854,184.10207764429418
2,74,25.361862072700244,22.60327875856721,15.425758234740705,52.91817560778009
2,75,48.72387595631117,38.02568214292393,13.75841800593043,152.15292236188546
2,76,46.00609193808647,40.91780191026024,24.85014056814113,99.831600002667
2,77,898.8028741252991,862.9664538011409,504.56914613621734,1496.3481626988673
2,78,13.614782745506032,13.412033985164992,8.969652537801098,19.40397103915587
2,79,30.09796535843067,25.471792120215788,16.941009731366396,73.97116338010457
2,80,519.4377435482605,485.2069523397888,234.0847071869692,1015.8901030200346
2,81,717.7456494425604,685.9567219243287,420.01920255773837,1206.5180020474934
2,82,234.33522880416467,218.9293644163581,102.94520958180605,457.4897528081884
2,83,148.91249435737345,137.5032454264894,88.18844065087008,277.9140676974668
2,84,65.56736497567643,59.73092835624672,41.1648424186135,128.63752176915594
2,85,7.344659770413096,7.231924881977081,4.357207729042469,11.018676942737331
2,86,781.8508987023899,755.0885036534905,452.9168433470458,1261.726099863057
2,87,93.57547329344807,84.20736850590532,56.35044478560632,190.36255265564404
2,88,105.70456203566175,104.51299343443523,76.91774677989767,141.23826109799495
2,89,56.4010865830934,53.12226698998622,38.066094893769396,93.55178805915662
2,90,32.208104328109215,28.668212131479258,19.6801203361441,68.49548197074563
2,91,50.49058068610889,48.78535641942468,36.257961206743346,70.88239512095845
2,92,73.2769867527708,71.2820835265415,51.7913378019085,106.74828804263319
2,93,12.70302562923661,10.185223476461555,5.674030983443915,36.11293637237485
2,94,56.91938352055966,56.345370991410164,41.9135721920358,75.36521951313624
2,95,16.855286445121653,16.629522648566898,11.929248867013138,23.013835673717473
2,96,5.547775191152016,5.454906630042252,3.1192200490045465,8.510025541935107
2,97,80.94724431858921,70.29007243899426,36.62662909547886,189.87207433405317
2,98,506.06261306536345,494.96959228833936,358.72557988007156,715.9525259724546
2,99,1211.1482290805989,1159.3748029165072,650.51133798623,2065.9223278571176
2,100,1346.7034851358526,1298.514759161002,756.8268041398779,2216.10408967342
1,101,7.925636731937445,7.3775659774531555,3.8929151053242643,15.072614239277266
1,102,11.393859143691786,10.683898901617411,5.786168892661839,21.096953682628374
1,103,4.113623593374485,3.9570468117420745,2.2707202303367042,6.8633808747075085
1,104,3.2387864012654486,3.1075927420758616,1.7832674649999645,5.439617808153597
1,105,22560.148990769416,22110.18996994286,13135.980563297919,34583.05655490072
1,106,118.85882617212347,100.17219769889238,29.90568097806769,315.41800032999424
1,107,8.481869745583888,7.938712741571871,4.2255593209906825,15.84281713029284
1,108,6114.176946360956,6002.188834021381,3661.105526929838,9219.798163476458
1,109,1326.6317020781394,1261.6760708103386,594.3984760666975,2418.397527138325
1,110,97.8170690676176,92.28753912978644,53.33571267764935,174.07367069841493
1,111,126.71226764856486,106.95794549316085,31.641658650346226,336.28214921844875
1,112,486.0764903649265,447.03163017836465,161.45516986429124,1031.5690516347308
1,113,0.7970437443881472,0.7135832719996811,0.3348829257208112,1.7612270268921384
1,114,0.7302189287890991,0.669612545483978,0.3383967452157375,1.4801227639880288
1,115,1.1568315143510313,1.076191324506961,0.5495698208705255,2.2347642427364267
1,116,148.68514551345825,126.13095356729849,37.91924535931183,390.23559578429104
1,117,0.5987127206980077,0.571197294739993,0.31932184923194246,1.037018148336988
1,118,1.1290034267408184,1.0356063854423518,0.5601625459878116,2.190057258306748
1,119,0.6801231260224427,0.6031634162933767,0.24138966315972296,1.5766126396953608
1,120,5.4713389206592735,5.101758814331243,2.5734183688455743,10.487802005637507
1,121,0.4070841519255811,0.3865515512565753,0.19977051917373032,0.732561975769885
1,122,0.7415086449201548,0.6913496995559014,0.38067705123073253,1.3913712314162865
1,123,0.13176907403094792,0.11538301321960215,0.002438854593144345,0.3520355997978067
1,124,0.6149745123021206,0.5639946028703462,0.28031225826603123,1.2493127853349317
1,125,0.05443511249068914,0.04157679985976291,0.0,0.19695618737350634
1,126,0.6564764745654268,0.6095350618833669,0.32110135717107213,1.2658504754577151
1,127,1.0347433275168854,0.9333556238194473,0.42927305664222104,2.234095473075579
1,128,23.88082609136256,19.70468414351339,5.61358389756965,66.85857624809232
1,129,17.779116739119765,14.510933623051564,4.005966770076921,51.114349620972654
1,130,11.563278842157185,10.465958316485054,4.301289225708241,24.98932806488217
1,131,0.3051580312570211,0.2717480522205554,0.11572626892152973,0.6866922214987863
1,132,0.20175959620608488,0.15983361984366795,0.0,0.673348963846947
1,133,0.35286745521666907,0.33559996611658605,0.17652301409971308,0.6280826958835072
1,134,1.0974377938180735,0.9683108487312633,0.4170795945671836,2.539534325604045
1,135,23.576351118277252,19.51031198856664,5.639917620726699,65.27331153990147
1,136,0.6675761773174345,0.5936887662620343,0.26797029370764053,1.5162488351189636
1,137,0.10880072205361345,0.09764117118682802,0.019884594765167875,0.25847566462391247
1,138,21.449046073449562,17.808075592771367,5.175889227152894,58.837009204959976
1,139,1.4689040593723286,1.1949714479945746,0.3356140183228085,4.2275615388146806
1,140,1.9542246965524857,1.8250268584690073,0.9186302116063783,3.7333376559970235
1,141,2.230585222262462,2.028304070261345,1.0859372454014247,4.600082101858779
1,142,2.4020834102312247,2.154604242369982,0.8958532324902645,5.3478018042000395
1,143,0.8041710900656457,0.7553957525942849,0.41374225342447,1.4402599842714474
1,144,2.900912463326463,2.68511550975807,1.399373338872783,5.69144240294206
1,145,0.36599757514194853,0.3341086904051689,0.1555514329972127,0.7636582842013906
1,146,0.3964128893291584,0.3714799920143309,0.18468678341358866,0.7504096670202272
1,147,1.3314271445228096,1.2574740509714843,0.6808675411899874,2.416326979039908
1,148,3.07487353383312,2.841326795382213,1.480682044361634,6.051494599660203
1,149,0.027655091361621465,0.024363290940402835,0.0,0.07620387893846921
1,150,0.3079159208174882,0.28836021513662524,0.13931297371558732,0.5909225376796958
1,151,0.21116475847002958,0.19954339140380395,0.09870944295733287,0.38907442980454743
1,152,0.7587905453726553,0.681387092737167,0.3534639156649896,1.6452223871870137
1,153,0.6550659708856388,0.5328992064322507,0.15007380579115082,1.8626187601260515
1,154,0.8982069247921155,0.8230585572062418,0.40597467697014583,1.8373622869106139
1,155,8.743667672735054,7.224201520879649,2.0984642197098915,24.187134995197855
1,156,3.1332704741076967,2.489495155552045,0.6756173901766861,9.369378603390501
1,157,0.2626338920453504,0.24099692314664595,0.12231211571419764,0.5296167474036446
1,158,5.927163374956347,4.858539331322564,1.3712881981722018,16.72975030352504
1,159,2.0205434301206218,1.824427348293033,0.8828148718628439,4.2964157506513745
1,160,0.10207372624078105,0.09730723885345569,0.052984055075021866,0.17866975095380466
1,161,0.29843133919884707,0.2698871722382477,0.13651494159164462,0.6126290840989185
1,162,0.21837975386627445,0.20592897839506835,0.09270124440806797,0.4150412029053101
1,163,0.08878821047667414,0.07603939222557543,0.009733812054196976,0.24206239692063877
1,164,0.37810546299871123,0.3483031378839695,0.16109085273499923,0.7700211706014858
1,165,1.1155839038518156,0.8446883195484365,0.20463850674210157,3.6569238850591277
1,166,0.362251495851093,0.32028549194998035,0.14468002962592835,0.8273366701446395
1,167,0.6551216631680765,0.5994832215958346,0.30195635840784046,1.3425145021120877
1,168,1.5983050515385389,1.319484601632157,0.3772973575151541,4.454625842149205
1,169,0.8674748226283094,0.8188155728580936,0.44868878014023117,1.5717290733765246
1,170,9.347811819238364,8.686097090560665,4.293616279057089,18.27599007384599
1,171,0.15442262887793892,0.1471442908455538,0.07951402413333736,0.2713045647925991
1,172,129.7400859883006,108.50350791503323,31.87785849947015,350.185357833913
1,173,0.47139510610880997,0.4361368184683886,0.22410493334672885,0.9221021656746903
1,174,0.9981270970871001,0.9262660266852647,0.4939133140378503,1.9320189892728319
1,175,27.187497760971695,22.538656456011914,6.5179289545745895,75.02649550561574
1,176,0.9520858131875601,0.8105458539343993,0.3775389983906149,2.382106207142915
1,177,0.08735308172090063,0.07450116795994409,0.006322840999085827,0.24201924613503104
1,178,76.35685117141698,64.25150122664877,18.970525342388314,204.4104141162133
1,179,6.889824060578282,6.403809954565801,3.3299021756140057,13.274739821889074
1,180,0.15790035674756472,0.14631555612709862,0.06899751404574028,0.3117441995718879
1,181,0.1786493898176359,0.1547306118203783,0.06781964669171318,0.43119022994779976
1,182,1.893870577047678,1.7524565695130958,0.8879384123332068,3.7333078240666375
1,183,0.28591732256251695,0.2618518807219513,0.09743538275862641,0.6153031722337491
1,184,171.6758387757621,145.52280969549926,43.45662110128838,451.98947460807653
1,185,3.4388613238983137,3.231561266914605,1.6947122202857678,6.36633057938288
1,186,0.033294291368715305,0.02658544429470528,0.0,0.11310458008491131
1,187,7.839897355462207,7.027358988366506,3.1904364429572314,17.344646135703847
1,188,8599.861358006629,8386.413442556814,4758.795564004229,13713.988125053838
1,189,0.16272339183415596,0.1496297563108,0.04524524525233185,0.3567271327492573
1,190,11.705371051012648,10.939258661050575,5.612985580281982,22.25616938492015
1,191,169.58557940398563,143.98875766689468,43.165882359188736,443.38547823688265
1,192,12.244620969179172,11.320819864842425,5.58142090077569,24.26691988935225
1,193,23.531835907077816,19.284780224672808,10.483468560234941,63.84017555908956
1,194,4435.675822387935,4236.8508780068205,2019.4655863973308,7973.376097822941
1,195,10.919718826361967,9.937816691837394,4.8341946836318845,22.714529752548057
1,196,378.62240769932004,351.37922720920454,152.5282484394163,758.9685456797644
1,197,6281.452761592061,6195.87542783137,4152.12353018244,8911.837210329753
1,198,27.372444363592756,25.407885314129324,12.856792985825887,53.28040664541671
1,199,33.209068902739816,31.400753781068893,16.58785487624521,60.19858560924747
1,200,830.7091642206449,790.3751808174327,352.48727996089434,1545.4532674866923
2,101,509.33776518185033,482.67159380640237,323.61283196482174,844.1502964322983
2,102,346.30726352244386,330.9027655663342,227.81880616907776,551.667642367563
2,103,65.7992278805199,65.04419687470981,47.71340814869077,88.23269361487048
2,104,133.3891959059614,131.84462885379875,98.03078389740281,177.0875413486244
2,105,29473.88854122944,28987.94492579174,18713.857888505398,43016.170298653604
2,106,1996.4515859171984,1922.2135850322884,1123.3329669889172,3296.656214652393
2,107,933.4229293190019,891.1793692251192,605.4870290806689,1489.1228635035673
2,108,6500.0158836741175,6374.692167479003,3993.4629818236085,9705.626578010848
2,109,3312.9715754443623,3240.72417518906,2044.4549791661777,5002.332732996607
2,110,300.1768327327205,285.07319679539717,189.51217254924697,498.0494962792691
2,111,2409.8950628583575,2325.62036337102,1360.292102890997,3954.8757282865536
2,112,1076.6020210456604,1035.1416190674422,530.0413511082961,1864.589519925671
2,113,237.9003668916162,217.24778348301615,130.00842955883033,467.21281676076075
2,114,180.31417701354053,169.1656449926537,115.97226761855447,313.368954962766
2,115,547.4309828494505,522.3520939213648,338.9375589507823,902.1605561367363
2,116,2310.8193402210873,2230.8117802503352,1322.7106643969773,3741.4686952909337
2,117,295.40201725684335,290.119947724654,213.9791137881295,407.3280709316385
2,118,77.62215332853054,72.89849454756836,52.439388627854086,131.00391620510018
2,119,62.4498409395022,57.21494198712388,36.03629542478111,119.85789249606093
2,120,416.51518984770314,398.5765755575619,248.75059427771575,687.356841311086
2,121,76.65815990927935,75.80944583247899,56.08737825822557,101.97593069638884
2,122,176.3761515287702,168.06296773313358,121.48651138313197,283.06769155459085
2,123,153.54164233693206,141.10196872997167,94.18692026905121,289.03839453784434
2,124,297.9285316478737,279.4054859282468,184.47388036885593,521.1771195392129
2,125,132.00855558469894,113.20390122323016,59.71709132389812,317.01880400085264
2,126,188.80061866530954,179.81042950897302,128.81646022502167,305.96260918512644
2,127,271.46083686056494,251.47633435043292,156.85477006575826,502.5449402844305
2,128,1171.572822196147,1119.0516223901118,633.0285817248631,2011.8189428722453
2,129,706.5497444572394,662.7047656975856,355.8091589661297,1305.7348550263666
2,130,309.88312270427554,302.3680884459588,215.14283784187865,449.18117418081266
2,131,207.52132217602576,190.4666658818607,118.56069203127213,396.54698898341115
2,132,139.8470146926209,121.43104931115025,60.54547650465525,327.8581776455566
2,133,74.05876611294326,73.21761449212404,54.13069452816907,98.8091506379581
2,134,328.12971386770846,297.4429220528137,158.7414396937249,675.6151596133406
2,135,1294.114774945951,1244.104375127647,726.0299134132727,2153.0713356586125
2,136,267.23652572417006,243.53325049958292,140.72993315315642,530.2152960442504
2,137,106.47145407182182,99.45139794945548,71.22004447014999,186.77665870022363
2,138,902.5985471643522,868.5390213988642,511.16335757660465,1491.3699725802398
2,139,141.39795882044743,132.9649564535838,75.44249674546933,256.56143074378673
2,140,652.6277779333341,626.3187086447465,394.76983408399514,1061.4017526973305
2,141,174.34420594314486,160.54976383075234,111.46997048314356,329.0524751593369
2,142,818.4732994517532,761.9522019491052,409.0425740358503,1555.9464846995252
2,143,88.79633801124709,85.89697215613842,63.18166335644446,127.09506899818479
2,144,418.9426493342316,395.73750321420846,261.44677967239886,719.298672245908
2,145,194.11781762744232,181.58173694381117,117.02084220994091,344.1846499319688
2,146,177.57107200776187,172.40051326985605,120.2826682619255,265.3725498271174
2,147,687.3874089553676,667.0922746504302,467.2808360264568,1027.3233914907769
2,148,288.1036505225511,271.50709292520685,179.38383576609556,496.79247637804946
2,149,49.3549359771791,47.46607666733681,34.72779006267723,70.31143242802953
2,150,154.3736768830896,149.91273114954743,105.60525888632536,228.9186623658821
2,151,78.27577970815426,77.3851389895735,57.29792589991258,104.29243919837155
2,152,197.18328349645003,179.17176311584342,121.06303973437629,386.0569475902567
2,153,62.470712022965124,59.930646147141644,36.397192984998135,100.70251880274222
2,154,264.9964415696792,248.65374935945226,159.9377925085312,464.4852572378018
2,155,502.1304183847556,481.4447630834511,283.6244999482666,841.3238634280409
2,156,187.58159765923696,171.81548869708962,89.53719284630097,379.37234685094006
2,157,167.64967417485462,157.41258431733434,110.0422440359393,290.602400737001
2,158,404.55933711230716,384.72997944124154,218.02304317117466,706.1799132010184
2,159,558.0177779018858,514.4480203348803,308.26671934670946,1065.245746668041
2,160,47.295042524231924,46.73885935481587,34.21270289466684,63.59192589858398
2,161,77.16282233632913,71.55425904908265,51.486255595182165,137.34736888722423
2,162,59.40118730361689,58.7247186726801,42.8421522659783,80.06487392896403
2,163,78.62963168163165,69.2829405463828,47.07246382743615,170.38480034184303
2,164,233.51118622823213,222.55535736286544,150.11481569482302,382.00775326863845
2,165,88.98626264304282,78.34994889323266,41.77565835558082,201.50372402866148
2,166,220.94500593226164,200.21830517675042,115.69563823539005,449.7988706520315
2,167,114.77998224260449,107.47345699748253,70.83787731570314,202.0614765593935
2,168,126.86130559541486,122.68797283269704,74.42907340591218,203.28711782007986
2,169,170.7473042499468,165.1852392952713,117.88109987802996,257.64972445638807
2,170,1067.338893522538,1017.7984593461595,611.7736908021087,1801.1522278395294
2,171,61.28872626297814,60.60837256996017,44.92759846850551,81.5138004060092
2,172,4542.089856702738,4392.161221412091,2631.9150470571794,7311.978488653226
2,173,196.89250702549438,186.79035449674046,125.69644626532359,329.9356910047428
2,174,266.69995846183684,252.06048694675812,172.43670837715374,448.84744199558986
2,175,1224.615375348849,1177.6837701204931,683.9000630781245,2036.263296809393
2,176,139.33331917721895,119.77952352378927,70.69502036390327,325.4410194927111
2,177,88.72594255816716,77.91309161295564,51.34354637651338,194.1822346877546
2,178,1381.3043305835417,1325.7502062420822,764.4420856442915,2315.4791830560894
2,179,175.10546732913556,165.83460036027452,106.78690281157442,297.5969062089228
2,180,139.9403895072314,134.2046437584458,98.27649390691575,214.52631429880574
2,181,195.46377435506736,173.38160001461767,99.86410512257632,422.31033226290316
2,182,511.6117396092927,484.66436252127414,304.4530075575527,877.1633132486365
2,183,159.66382763480445,151.97567791464223,104.8614055619397,261.64914279045394
2,184,2645.9997283684784,2552.971444336558,1502.740100041615,4317.078243610705
2,185,926.341513619501,895.4529345285023,591.5454008999956,1436.9436532492975
2,186,62.08498852591393,54.15645303085064,36.69244492989999,138.53403527234906
2,187,402.29759113059646,369.2013468448535,198.9539429162124,799.1485834522535
2,188,16154.481041976609,15922.666235432313,10717.669671822236,22912.309612614245
2,189,12.887918707263607,12.696623191967126,8.52774797681927,18.337855702995313
2,190,785.7655819179597,751.3587778835741,476.5201606866323,1287.7507523592556
2,191,2414.849468509343,2329.306902453339,1369.5938626006625,3937.032906937081
2,192,1024.947371621483,972.5432039508411,581.392976548739,1771.9120327446583
2,193,202.13247056078993,164.80931863648192,112.9634377301176,531.1139256450482
2,194,12498.495255429314,12324.425558986632,8266.909901456278,17768.474099451218
2,195,532.1395811725382,495.13442196202885,291.8964893787446,985.8838796585516
2,196,2429.595293175408,2384.2864967483874,1635.8798925926633,3481.4372982149866
2,197,3190.2957412751753,3095.3650423659583,1762.628193938057,5157.6307509677445
2,198,480.6346079397997,456.2994125679866,279.37240295636553,822.9400482863855
2,199,2969.32677479662,2890.6827631907227,1892.5770928994289,4505.58480130587
2,200,676.9487799017468,636.9908533690281,259.8242840076358,1323.4846135613518
1,201,5.977492318133892,5.436529898133324,2.6924212050164633,12.51014121300794
1,202,2038.1466771483756,1851.5778004312538,640.7513838392074,4477.644346635714
1,203,325.48029606322206,295.6687459088682,101.35246917751488,719.4778377732194
1,204,24.916112771832985,23.16041182106965,11.891632867795341,48.16077898112575
1,205,17.909713796748342,16.634148916564513,8.439515099503087,34.849166581730785
1,206,81562.44616984592,80381.32859127305,52782.081685338955,116805.77863133265
1,207,840.9132807363352,823.6033951598836,485.67170800539145,1296.7545865601378
1,208,1047.5756036514485,983.9463810105601,442.533801248584,2008.5438200456936
1,209,3.66997754176188,3.33999889896874,1.640232745707795,7.6142390562789375
1,210,36.73203222389301,34.78331262607969,18.759702830169637,65.95653806258133
1,211,817.7399906072891,751.2805679457106,269.9633512082186,1743.9599862399823
1,212,1.2106884980515948,1.0442463449952835,0.5300809237313358,2.909141764611886
1,213,5.355785075839834,4.583691412125944,2.2173755920927816,13.099772213649388
1,214,1279.5469126450034,1174.0830920891563,417.53678881832633,2735.069435314526
1,215,241.41906010574647,211.1088029632237,66.46161103589058,589.0145165043347
1,216,13.643253730993006,12.915412948261135,6.92282959324857,24.560829304815147
1,217,16817.247494751806,16499.62629321688,10012.517829527069,25378.67227465897
1,218,704.8583062712956,658.6471479338395,292.33919217397005,1378.7019752273297
1,219,1.662768311959573,1.502279963127818,0.7907793078594297,3.515849125011239
1,220,21752.019580689874,21440.58983901269,14192.238965759192,31004.261752048904
1,221,7556.017668953203,7366.663813444906,4194.0310116404235,12007.485928536105
1,222,409.68086087853015,398.8325805165937,230.54102831666717,654.2231747653256
1,223,12695.848691002317,12449.857418307387,7116.132128032423,19638.6022114324
1,224,22128.057881038712,21716.574059374932,13115.652768026834,33515.19557338645
1,225,6508.693946993947,6290.480973721917,3382.465553833568,10899.04966411698
1,226,1230.7657681202234,1092.0329454438963,354.9815345669124,2894.301439462358
1,227,274.11924148666645,235.06712308090516,71.3004051335998,703.3004892388759
1,228,2965.466471443312,2819.643724475776,1323.044221623618,5424.1722543901815
1,229,923.4378450821073,828.2693873299445,274.4833272193458,2115.97585761017
1,230,7939.729697810301,7745.29278657624,4422.775641284987,12574.228355014957
1,231,548.5968001502489,478.21149235019607,150.53043542821842,1341.7804108732741
1,232,74.36770938435605,62.46535523541672,18.48501071365418,199.46314572381
1,233,0.25320652089600654,0.1921468875106179,0.0601030394969856,0.8295537368866199
1,234,7.749332286097511,7.334915054855163,3.906577681077753,14.018440643201972
1,235,491.71197237238056,425.8447464610819,132.29901511370062,1223.2075897082436
1,236,998.1887742614509,866.4449823596049,269.1219787448302,2486.0753349787137
1,237,1007.4185763383372,906.9827024950986,302.9039428065742,2284.6787842080776
1,238,107.0527584101046,92.52697133926908,28.404545512222434,269.07864464025846
1,239,22.055165291579957,20.746891324461416,11.181407528533313,40.50254128336194
1,240,1.3307429292921478,1.198910314316463,0.5685053912677458,2.864073359609821
1,241,1183.2769475806815,1099.5637007327102,408.6913344857208,2431.4174515995014
1,242,16.41545747598299,15.016860043274033,7.132885157870244,33.67881074014636
1,243,1349.827392645885,1202.552943188438,392.8824396699232,3139.9345061710515
1,244,965.499706915776,925.6109965806265,453.27491761968975,1696.7121299863188
1,245,91.54653381234397,78.20492465483909,23.53488351853664,237.94014926601207
1,246,3158.628320795481,3061.166579577376,1582.4652679080198,5298.332052012695
1,247,11.05950950440413,10.0013340713049,5.202096066498944,23.335399792615455
1,248,2617.460650256647,2540.1815179472396,1405.4345876218251,4267.952805408977
1,249,2.808268769461554,2.4283649288021807,1.137333259694547,6.738342778889373
1,250,0.27577233489017056,0.23211689268907,0.12243068564644254,0.6948162813560388
1,251,1.8826206776245331,1.8087259566351856,1.0373500995294607,3.1545384868957504
1,252,179.03226274356962,150.96711433258574,45.005072339538955,474.7549326050207
1,253,167.40445963976396,154.91433612831491,66.2669335096316,339.7787546669587
1,254,3.2484274157398176,2.993253622065561,1.4231423026496821,6.580952173940877
1,255,0.6525903237357855,0.46240785690128383,0.13714031024994008,2.3512888661462967
1,256,7.968895312065307,7.001562109438659,2.6912089281385074,18.89535353673269
1,257,5.688775485282081,4.897308239043044,2.5382308420656026,13.758535576945302
1,258,6.255482014655454,4.887253086392059,2.047932469272371,18.931727793779785
1,259,8.29013339586324,7.1720567565238476,2.830241747848123,20.184351747550135
1,260,0.07352403627330467,0.06820685798434384,0.013016476056418922,0.16299559914790568
1,261,6.7240396990428515,6.085270272776901,2.904546083348517,14.327662881547157
1,262,5688.533265658721,5550.623151607861,3218.9826911153627,8941.16425288406
1,263,0.4277377592260023,0.27815010642139226,0.0,1.8105125586080462
1,264,371.6162812186199,343.3625437278919,147.76668821667263,756.90450692849
1,265,23.67879155148572,22.26268169235893,11.702020213635233,43.83257743225173
1,266,28.326034660011647,25.757557616264265,10.665387045512599,60.75044138604315
1,267,442.2521647943335,375.07887119444365,112.6770973649061,1158.6889990196023
1,268,12.742905808802961,11.842041417150565,5.966373259016552,24.82583813660259
1,269,27.207863687173287,25.210334384082753,12.97126348545535,53.18926118698556
1,270,5.806729919940865,4.684826978491945,1.4593156479787084,16.824586851358198
1,271,1.525521577110187,1.342795075238338,0.6632369444442603,3.4951083270694068
1,272,4.333162646645104,3.632792042269414,1.448864024669809,11.386335116382503
1,273,0.11165724531459272,0.07403593617143298,0.0,0.4564231100306588
1,274,1.6796662443210586,1.6075725861657046,0.9044477662650825,2.8614898636355894
1,275,0.08591782396645953,0.0781401281587318,0.0020699976993677196,0.2105711152718723
1,276,1337.6829535490792,1248.243967746147,553.6430556937568,2618.4062361122806
1,277,0.05493123305968866,0.05014789141088258,0.003342945619395363,0.1316874559170088
1,278,2.2849185092446693,1.9920091082228064,0.8945153118683364,5.421399753039216
1,279,5.015505649769353,4.238785890851781,1.8590751280520839,12.95275548188773
1,280,8.901227911356907,8.290781882629624,4.223504752085087,17.05455280583154
1,281,157.53163752271465,132.70970632130366,39.35802038765496,419.38576316159765
1,282,12.926476921136477,11.671979601271076,5.460360905689091,27.696756292614566
1,283,0.9675222601009688,0.9251401121606627,0.518221348840818,1.6596669044165118
1,284,6.4598418577899155,5.801846187765254,2.7830601427541755,14.055364660113131
1,285,63.580805484072364,53.64711119765757,15.999866525529045,169.6976770115769
1,286,0.02340777713832574,0.015955756539530665,0.0,0.08012540524028837
1,287,1.6914844115002339,1.496728057393427,0.7713556141549358,3.813074111436793
1,288,5.494772310835846,5.029528786658292,2.3596178310420735,11.291934500457808
1,289,15.200849009709643,14.181783088699335,7.096122702109043,29.18180031489047
1,290,19.602736184788924,17.4727094013834,8.27411938015161,43.72684718485617
1,291,12.836470419920483,11.859875095508656,5.945541614669184,25.420137835544832
1,292,0.2679047943108562,0.22070980827016937,0.05067547884545491,0.7709525814007177
1,293,22.684163887225157,20.190528020267365,7.770929783571743,51.90793289820579
1,294,1.1289826249189345,0.9504010903410902,0.4326401600183827,2.898990391515431
1,295,11.408643797330917,9.85522679007599,3.406371636200247,28.550452936247996
1,296,8.26030533029086,7.645883402324664,3.829834027893191,16.317116631775463
1,297,204.03292129054637,180.81785147046776,58.34563439209537,481.5929576949452
1,298,0.4382034681302113,0.41819937506841176,0.2318172493917215,0.7585544509292126
1,299,4.823529629731896,4.551505704827196,2.490137137505854,8.706357539565783
1,300,2.9347691694364206,2.7111430888802763,1.3340845417619398,5.827845373206119
2,201,279.22360998496015,258.4434930229276,157.95730821640262,523.1623223772443
2,202,6010.837333380839,5808.32999188993,3148.456009429329,10048.68208525238
2,203,947.4642953541711,912.681342324527,489.1086227396602,1608.2992660954092
2,204,1109.8937187428205,1057.6994088783026,664.8799838239818,1861.0218544277136
2,205,735.0285329288813,697.9239818250194,433.25488740888,1253.7418311892102
2,206,51995.074141215366,50688.23644447107,29807.003286681153,81638.93003560453
2,207,591.8920410678675,572.2313510023043,301.5548556550438,995.1450690216649
2,208,4520.500381765295,4442.787755960897,3009.2981324970287,6481.815356529881
2,209,289.39498486238676,269.16002057684057,162.26351190906013,536.1867496046007
2,210,1351.3484225460252,1314.400324666883,883.1002990610416,2031.55563656435
2,211,1841.3429880514166,1770.7251493002427,907.9127025497726,3174.009171338196
2,212,94.30305447050786,82.08822246103693,54.430197780470436,213.60467754176668
2,213,191.13447811411768,165.02322340735748,100.0434614084285,443.1232558312452
2,214,3049.7449596781694,2937.2280238335516,1531.9163267725505,5213.238830779082
2,215,1494.0349870351797,1442.478415345564,829.1043294186424,2453.818343005212
2,216,1591.3770417222386,1547.6756309813738,1042.3555803718077,2393.2992072419393
2,217,19008.44845454699,18675.02311747153,11817.096016444473,28121.43468186489
2,218,4032.3685855828526,3974.479077366127,2809.39454908561,5587.078318562309
2,219,213.22783657637763,195.2411933530102,132.989292793154,408.39283453846093
2,220,12716.01728429009,12371.890682253153,7194.962653326526,20152.206721703667
2,221,13699.572844020424,13495.453188388252,9041.062916919662,19472.103814363327
2,222,285.7795084608647,274.7852243548823,141.73081772806054,493.6576563483047
2,223,11849.735267000038,11579.90345390071,6508.220287917993,18765.953324005026
2,224,25694.566426459398,25242.727440474097,16042.881154392691,37939.347279059155
2,225,19418.2455801085,19168.9259921891,13438.918291517388,26829.02925680368
2,226,6005.4792710708525,5818.0552151014745,3345.651097242013,9767.052841823608
2,227,2917.0631702870296,2813.0632707718732,1648.4265552120114,4783.115419277033
2,228,9512.072814529165,9376.37507980044,6355.971252325914,13429.137954066679
2,229,3677.669680063337,3558.9502227158046,2011.3940424277055,6026.499816653335
2,230,14067.950746472938,13872.640822477442,9275.742935426084,20011.524249746763
2,231,3629.715988819446,3507.2798083623884,2036.5053208142078,5922.983955698153
2,232,1982.8130961330014,1917.4736371365223,1147.7866734853196,3194.2889066513194
2,233,45.85932579486885,35.52145240878329,19.7041110618944,134.78964767415547
2,234,724.8375428059187,705.0480088832552,471.07450232127115,1091.2937132104742
2,235,4170.470523551455,4036.310743095286,2394.5801092461256,6706.032307229516
2,236,8098.5727375010265,7846.323267724816,4636.640080584856,13052.708982525026
2,237,3754.3409923728277,3634.4773937153086,2043.1476138881706,6156.774113211744
2,238,781.068332985477,749.141488680275,425.70752452489216,1319.5812619813198
2,239,767.7923336968018,739.267338074269,497.50252021238236,1207.134757046937
2,240,258.905885663707,238.7560469334333,144.87544343093845,492.2839410176523
2,241,2287.8396151296024,2204.849697278688,1111.0469513781086,3941.743566906258
2,242,1461.0147810983374,1370.5819991898818,779.0741884643309,2658.5831895816077
2,243,6253.5036600648655,6057.556180045582,3482.3890923655317,10145.778350618255
2,244,2069.14433780257,2030.556428215521,1293.3376290197778,3056.854094163839
2,245,758.0733247593288,721.926076446998,401.17862185104764,1321.8323183725263
2,246,4734.309772035367,4639.242190079042,2793.863874583612,7214.241248485601
2,247,173.30611676842202,158.45823216488054,102.95863803657974,332.86734314791687
2,248,5623.395252228037,5537.702508594048,3740.8807957945996,8005.040400730889
2,249,211.47697584111606,185.93170850936417,107.7873433057495,469.25680162882367
2,250,33.57287007166264,28.474266658186963,19.69307346297266,80.50300263243089
2,251,54.6951103682339,54.062843543768636,40.121241799354756,72.79751252810387
2,252,3686.3662194921612,3568.5124698894115,2132.684993528134,5922.0489103657055
2,253,1104.11720704022,1079.8579183905676,723.7249854627976,1623.8468451929139
2,254,395.1570779541433,375.0906776031934,220.25101825744957,688.614115060264
2,255,41.35899208365222,30.250171430544896,13.701870652567436,135.97672666195882
2,256,104.41648764489041,97.08760793583878,62.23352581975015,189.94581165775094
2,257,79.28921477761062,68.4290923491161,44.473619206619304,181.37200352837866
2,258,71.35173073430173,56.24234938102687,28.074797653759607,206.26038598000383
2,259,271.9947340583151,241.67012962111696,110.54055089791116,608.1800752146561
2,260,35.97914752611884,35.53958254331957,25.560364659086314,49.09519808567803
2,261,536.9196866874353,496.003522164184,287.2066534012109,1025.4312818907167
2,262,8565.822481476727,8417.858881740736,5476.00351831721,12471.668413639976
2,263,80.5202729145904,59.97111272844607,23.633916701790007,260.2154884020136
2,264,3585.2561799039763,3534.301623693913,2536.071640961217,4925.737144159429
2,265,789.9798713749288,761.5172133013338,497.1205359629597,1244.8506374553788
2,266,310.1667293964288,300.8483264114992,200.4376020995731,474.29000739891
2,267,6999.293733863196,6774.068747955809,4068.452518520626,11227.404686551885
2,268,931.5731235062877,886.6501934643898,549.2115990448666,1577.3036836598105
2,269,804.1095482525817,760.1809804790848,483.2766768216743,1381.588558262105
2,270,63.59999242492192,54.20969869636315,32.86800889580675,153.5322008342662
2,271,217.04558746105903,193.14228797136576,122.29886784292047,457.28488656021915
2,272,493.5834874516721,422.9280313075751,197.79731799251456,1205.0749605678034
2,273,64.29117238455257,50.25653389372905,15.522092238312794,197.94868087389506
2,274,54.94863497836219,54.293603969162845,39.70838334823282,73.91783192994848
2,275,12.010236196894422,11.841081977413564,7.978226945869814,17.048749012904523
2,276,7666.055160144416,7546.930234340675,5296.387068162567,10717.145436994932
2,277,8.325010421744452,8.213050358452971,5.638939504996707,11.652819891916666
2,278,120.21367582374674,106.74993847194838,57.514865261964076,262.2487741893201
2,279,122.4824534462697,105.12606741466556,59.829475413897256,288.93752509459637
2,280,892.9662057865495,854.2287902180942,534.8580727692633,1477.947869007845
2,281,3720.53114624355,3604.1687941670743,2160.61092131775,5956.788085002509
2,282,289.89224709505,267.6468607214901,148.33017829383704,561.269590984603
2,283,54.107870873807705,53.47164826968465,39.36110891496399,72.45802281264179
2,284,379.5957362380755,346.7010935690095,202.77449073041143,751.1476014903869
2,285,1214.1777318744375,1170.30285632689,692.4990892598559,1991.4616685549427
2,286,10.63829127721965,7.739908334321003,4.949056125846893,32.110595094107545
2,287,135.33116961673133,120.62143324912948,80.63504074288151,285.11581091567075
2,288,520.1978837086235,489.96141791811885,276.2912903151838,940.7710598519817
2,289,731.8044200466987,701.0102802472445,422.9034783705987,1218.5902349062826
2,290,451.23279075685787,409.18334275020857,234.70313097813974,910.902152487735
2,291,258.7085698611848,244.15995124111586,149.05542211400797,454.35733263250415
2,292,73.7816483618758,62.306277050600364,37.81711852869635,179.75066194414669
2,293,317.5503530659932,301.89020540369347,184.4123773209436,541.5446319424027
2,294,43.65519492080476,37.42652764081305,24.916098487154102,103.00840557324989
2,295,1174.5546099853614,1043.722982260847,413.24095728975794,2696.359936380828
2,296,164.2955247455007,154.96650331994528,94.38792266792204,287.67579713308066
2,297,1033.0378505787005,1000.1732019541791,578.9293920106986,1681.474372326823
2,298,48.23756579976852,47.66713754293124,35.0190464619137,64.64297462589305
2,299,108.52963765262399,104.78359637643683,72.67949271960029,166.98432226574016
2,300,446.0300508955223,423.13892403316754,255.780718230856,765.5130418424866
1,301,11.902334544699535,10.048307810953503,3.4925016275836747,31.191827609402587
1,302,0.3982396042004564,0.22371350729156508,0.0,1.8677891336514447
1,303,1.6141655978309815,1.3473833791227245,0.6249935712825971,4.191435931574881
1,304,0.41145060904062275,0.31754544941417767,0.11723197636452308,1.3057387899859563
1,305,10.251844233876371,9.148867867599416,4.071787304963236,22.85221854358874
1,306,4.427324397929724,3.6527318617080207,1.0523904137018214,12.347983041647659
1,307,0.44347177568596524,0.38857213875942576,0.20962946940148464,0.9892142887206825
1,308,302.0984385975357,262.2596653585994,81.56864330571048,750.7954286163928
1,309,10.619462928891815,9.292577291301129,3.619414272312784,25.392397131465742
1,310,1726.2367115105844,1671.5448704841565,908.9100190425065,2858.629288587464
1,311,157.55107599685385,136.20022125072876,42.09105128532976,395.87875998852854
1,312,87.20595390311621,80.37280695408325,34.48404209659009,179.0725845352194
1,313,152.4027342318475,130.17325624064566,39.508262814676556,394.70790308096923
1,314,2.788933958839871,2.6738808289211358,1.5331112567217282,4.702655997851549
1,315,5.511760921172005,5.287506072005834,3.036147446562465,9.274401118398856
1,316,192.26269912488314,164.19292565047792,49.84042360796204,497.9646806773853
1,317,73.20157888281426,62.03768132467361,18.6434771525189,192.68026522902005
1,318,217.92688309250758,186.38457576417642,56.7019146296396,562.6456814785289
1,319,47.35155711245932,38.968806719124274,10.868450379118332,133.27999452505784
1,320,926.6331797078915,858.717215026164,369.9089629576604,1874.8390116579328
1,321,135.72637883717942,129.71730032162716,71.58790764319933,233.9077816178753
1,322,4248.6114230934745,4079.8972301052017,2129.892083380977,7325.010172462768
1,323,149.20756026428046,124.89346017296467,36.78755529696016,403.0391536595885
1,324,18.83478513648728,15.605918794162356,5.2994097478381095,51.517653182656545
1,325,60.81500108736097,50.80760811195809,14.866618238929759,164.81310106131576
1,326,3.3117100303296207,2.893170072231113,1.1978920544466696,7.88995597617418
1,327,327.63625277083554,275.4025912266743,81.77181457694074,874.5532449211372
1,328,13980.011376608825,13428.781633057897,6585.8934259294165,24445.832861008035
1,329,0.8420323841374255,0.7229900718099624,0.3682672450967473,2.046129166950725
1,330,56.72122101144174,47.22866378289609,13.854630994252359,154.91433059385884
1,331,50.30989300869414,41.785361554667915,12.091038296993268,138.88165835377924
1,332,297.47584709508,274.5380415955782,116.5753096335488,610.6088664357993
1,333,476.28580193952143,411.31707968176175,126.26360184297886,1202.0249007355387
1,334,12.98411487838624,11.932647389694132,5.598640141376079,26.403021755394242
1,335,20.06474299247644,18.455547197355042,9.419677024427987,40.27538660866077
1,336,0.651719377542336,0.5542779296342666,0.2701367822480387,1.6393032226867985
1,337,2387.739552645494,2291.1434246859453,1197.0982505144611,4123.421381548602
1,338,104.29970636073976,87.10849828942477,25.48549135554123,284.39655694451704
1,339,52.75162683020108,43.8718367989071,12.681359636626354,144.9404449169986
1,340,1.1309519852330614,1.020712986111845,0.49511819486252917,2.4162237566715876
1,341,18.216165985779877,14.927452735452924,4.221121812381116,51.35426739509752
1,342,6.586278982822715,5.325546783732877,1.4640662462196454,19.152694558272966
1,343,8.625473575823053,7.159436352642048,2.8967526748000694,23.028088952697168
1,344,1.6151094941405881,1.4119159023492356,0.6384409291233185,3.7982639021058593
1,345,3.8210188072659923,3.234003587412966,1.3384886620066083,9.725816521471442
1,346,11.024704933982962,10.21981341422539,5.816119382367972,20.20509283591913
1,347,115.48635090300424,105.9775346691305,50.721652520630904,236.37932775022733
1,348,573.713769899378,535.5135030343969,236.2945496613959,1128.1539850802742
1,349,109.73636024441483,92.32976789631932,27.315338488095552,291.84517264406725
1,350,7752.704187022126,7589.539335629892,4479.167080016534,11966.01847593233
1,351,0.9233280237005945,0.8204700441778604,0.3624222216136891,2.0816281314023395
1,352,92.7435026028944,78.00362644408287,23.098182277620662,247.70819862876442
1,353,4.427586650320289,4.147796013150275,2.133151073359455,8.361659593811346
1,354,2.630994431721368,2.0590183518383176,0.5353091945740878,8.075279677320871
1,355,2.078889514664447,1.493372129789283,0.6173692493560902,7.101922710635023
1,356,1088.1787566055018,1020.8545669880327,456.526869390905,2096.2347215112513
1,357,942.3895766813583,809.0206610121029,247.96753710299518,2409.450262529378
1,358,105.82256081679162,88.33240057040967,25.856838003147192,287.4804316337673
1,359,11.425754488543305,9.424552422690327,2.713246163571662,31.737837481171887
1,360,1.2231401084506193,0.9505087259690124,0.3662000183075673,3.748528000531609
1,361,1.005938309557471,0.8935033950005313,0.4754422197966406,2.195915046137279
1,362,383.9159335600847,326.9305191106764,98.16857197836617,1004.6905629075959
1,363,286.40322055353613,242.25472453588787,71.99648129195823,757.0469338056174
1,364,97.4008300492881,82.19862616148626,24.50896123642691,258.8198591253547
1,365,25461.931327289905,25150.86549642196,17813.634212977464,34898.31074874725
1,366,78.67413992181899,74.75366567677018,39.614578710163734,140.30407838954943
1,367,71.4687913262187,64.82047207003497,26.264636771651766,154.94557573746405
1,368,69.40697686674906,58.20748570015138,17.17311444348937,186.04570666068
1,369,48.31445564242743,44.316586690608574,20.388316290618377,99.33359268013147
1,370,9211.696139398204,9030.867537980736,5430.093135262013,14076.127935529143
1,371,3612.0977170125307,3520.1630572148997,1967.8584802142773,5788.406893031884
1,372,5962.3082791279285,5663.605718030318,2653.865752350843,10966.427867933653
1,373,1429.1661210988623,1340.7331807507517,602.7806112012426,2751.759319458971
1,374,3227.050437758737,3092.789180022496,1603.487124878461,5609.967472900871
1,375,944.4779306745734,817.4930824874834,252.76499354486896,2370.790028610863
1,376,12.985337858760397,12.003364350942807,5.932332014320473,25.98404839780532
1,377,315.90574090145225,290.07745534241474,122.02718725095794,657.9555726047893
1,378,328.45850813163685,278.8422679588055,83.03182088639883,863.7774174417142
1,379,41.12371228827407,34.12564245496091,9.939211199567588,112.61909293159967
1,380,252.29227909193017,211.87121448398608,62.82190284246349,678.7269865631772
1,381,1866.3307827222316,1767.1633625767465,814.1364338864585,3483.846413015303
1,382,35.86301197658731,29.82362061016455,8.686304474264714,98.41939258411477
1,383,8.888527762118944,8.120515842558632,3.937394966427215,18.263559205407187
1,384,2.9940731720311446,2.607453976946303,1.097210644445338,7.140759707170038
1,385,2.216459571931181,1.8130872652669106,0.7494026250717639,6.086081417713758
1,386,410.5979575486274,346.0963068585083,102.45395859539452,1092.3327830634244
1,387,7.6246710431807765,6.090605131895535,1.6360900644645575,22.566223240165495
1,388,36.65019679626017,30.312246788917783,8.697913483363774,102.14379440335881
1,389,3.251789675126524,2.6475501683368137,0.7384138787302245,9.262260893801278
1,390,2.115507423915703,1.9050416084191493,0.9272743221441258,4.590186809513847
1,391,4.242784908634867,3.5544390902348653,1.5356878513276748,11.039037256127475
1,392,1.0499030570943608,0.9174925781668187,0.44352101928884335,2.4569199965156985
1,393,0.048916923062822304,0.046194419136026815,0.02346602366799232,0.08994972828348674
1,394,1.0530069359772605,0.9720342091269842,0.5008376269388909,2.0811043662712634
1,395,1.1156204805012122,1.021019133591695,0.5266053135241099,2.2688389410150567
1,396,139.89624730671196,129.7026623534765,56.11941600979253,281.64567421776684
1,397,143.36867057938684,131.3002230297377,55.125918997817045,299.1032567732586
1,398,0.6075466495580905,0.5660256462724187,0.29215635977906934,1.1418773576025132
1,399,1.1796004081273335,1.07603038377274,0.5383661946274608,2.4323568420143373
1,400,18.951505392102735,15.667400007697779,4.543452057551691,52.579523820233405
2,301,326.7565187213958,284.5408539226917,112.27127325756682,792.8130587914223
2,302,34.74346763614771,22.23711579055442,7.091922508644312,139.51603070052292
2,303,131.98636391837223,111.61545670485037,66.09819976396949,324.7259600164743
2,304,30.29241899370971,23.558262671474633,14.810413988356828,88.8477209050082
2,305,739.4019677075079,675.4539727633905,362.099642114635,1491.4459121966163
2,306,193.7444603727363,185.3768288921147,108.60399304929255,328.7308274379395
2,307,46.6889571861971,41.463594671141465,29.449503341615934,97.86760772073225
2,308,2429.1957744219862,2348.945435628176,1387.8037144230873,3921.4216859445487
2,309,343.40095327575983,308.4561399712395,137.13017173802973,756.3080065768169
2,310,4777.746333448185,4720.687588236516,3304.7230708024913,6593.411298567298
2,311,1546.3917192095003,1501.3439268059465,909.3311773245414,2444.767477861246
2,312,1138.3486470896391,1125.2702273217858,829.6868158666447,1519.7104155702925
2,313,2231.53492777866,2166.741645409695,1322.2719534732996,3516.6371847426167
2,314,722.4881313675118,715.313331225844,537.9557512164258,947.9205884241157
2,315,849.0375233536979,840.3650142865953,632.080927602687,1113.5369032574981
2,316,2823.064485577751,2740.9756433897696,1672.2683396309124,4449.71031059491
2,317,1481.219779853518,1438.3352056435301,880.7914685983772,2329.6432926145812
2,318,3023.5946589278465,2935.425505676263,1791.1224925139345,4766.898778928199
2,319,1873.9294919541871,1795.4433987923817,941.8250222054825,3256.838249927699
2,320,7233.065974746388,7107.50757017443,4970.210441501749,10204.398532159681
2,321,14302.581602783372,14087.252047890772,9927.115281730958,19918.17461112296
2,322,17594.24131609376,17363.092395369702,12341.742741042042,24133.77013181975
2,323,3753.286491593956,3619.7814989840035,2121.4228747334682,6140.074444065351
2,324,548.0172252709774,484.8301719354629,252.73350510296498,1210.6429867646602
2,325,2248.6629034582184,2174.32103765788,1290.720258700016,3652.8566569455948
2,326,924.6770851677276,833.0248594337249,419.96948265269043,1959.0080234686216
2,327,8590.184686140617,8323.380961461356,4992.847723504338,13744.477027908837
2,328,32641.841190135274,32205.915782908116,21097.460442254116,46681.900677411104
2,329,164.80677351426615,142.7216229994554,97.57732702785759,373.6113110271268
2,330,2271.2131718363453,2191.237179821468,1293.6541635630174,3701.6174774625533
2,331,2422.5346241560565,2331.4431790550216,1356.4403257996285,4030.8696885267673
2,332,2485.438885384518,2434.733417486281,1674.3750942916297,3586.6842510420606
2,333,4274.0662821711185,4129.45050221756,2432.7236357241554,6907.483984768218
2,334,2143.83553117072,2023.3645175520273,1143.7170471346428,3821.3300026025427
2,335,590.6585939061566,553.9820329342566,345.9569300174027,1044.7290720522262
2,336,228.08042339092245,195.16164950347434,127.04275315783426,538.6777170235896
2,337,9947.758432389535,9820.756831944189,6996.07170005473,13641.252583861618
2,338,4725.360189821428,4566.562159876768,2737.7978486407205,7612.405384790848
2,339,1504.2335547780797,1438.0533570422106,821.5057704254136,2559.1701890012546
2,340,198.8389739380694,183.0149725598854,114.250950368854,375.0930110770554
2,341,426.00879869116665,399.9352649747524,216.81391479114646,787.7475709474397
2,342,278.6239390309791,261.52835561124823,138.28252891370295,519.6506240090567
2,343,392.2671467971579,332.44757466919083,156.94999109303288,977.3774697742184
2,344,323.62090581306006,287.9764595251041,163.3892757590623,690.8229837673242
2,345,401.796695830808,346.4889709948544,168.35323186937958,949.6524326451209
2,346,213.12958110457632,201.29449180138914,147.44646281637782,339.22696506686094
2,347,1103.6683087048962,1034.7545602683904,574.5619973261098,2035.2081791880682
2,348,3078.935935623084,3022.4757174486185,2067.4253482776217,4404.326375708568
2,349,1309.9103904680487,1247.1771830519215,693.4806632760689,2287.1636419203123
2,350,10619.538128993192,10445.237026904506,6766.723544662073,15461.691786003365
2,351,407.69755161406914,372.72647964753435,211.55850724330853,806.0280846828963
2,352,2014.5984148250384,1941.9677081309737,1142.681088367864,3303.9531703475286
2,353,967.2136725617879,930.2596572776614,593.591445241152,1551.0225379266296
2,354,174.29815050427982,157.75496882377223,80.85342595508692,366.67254205953583
2,355,202.84226863221346,147.33630200771609,75.9782434202058,661.1775502708731
2,356,5128.544861975255,5044.41759977524,3470.864185992669,7274.740066926292
2,357,10461.625728566352,10138.457274179966,6086.147116171212,16707.271265092244
2,358,4196.268641687246,4058.4606313965483,2418.437184697922,6779.7280173594445
2,359,354.869356119778,336.1611590783477,192.48857810078795,625.087474435514
2,360,188.6877340248093,149.88400540533868,74.90744824133053,537.8496109008263
2,361,182.7228439300565,164.6643531639325,115.81005960366555,366.9288290670593
2,362,5908.070482089885,5718.119297158142,3412.491769277029,9511.269104642768
2,363,5077.861398851707,4900.585956167319,2896.687824719118,8272.114595077448
2,364,1743.6598625810973,1680.981580153098,990.5634689600546,2858.7432757378683
2,365,7291.256985962422,6993.088292052769,3777.634145955903,12461.564102718889
2,366,3551.345397480195,3471.3584288281245,2267.651799157982,5276.566405207506
2,367,1267.1622008876973,1231.3607149831637,823.046492863733,1909.7545761667654
2,368,2007.8484183202584,1940.0588554212807,1156.1761084990374,3239.7989350549533
2,369,1854.685098619137,1745.6967476466098,951.9253094250527,3394.6582481110418
2,370,10978.646047210364,10788.121918029145,6840.573883638718,16219.16020246636
2,371,3328.486930301277,3236.4792014427567,1769.5720645356846,5443.917312803659
2,372,19904.937904994797,19643.793500146214,13408.110199701092,27914.568850545882
2,373,6966.753397273156,6863.523841632596,4787.912896872655,9718.04558609361
2,374,14813.434655265832,14620.381451944106,10483.142415321534,20250.78773649351
2,375,8491.786408865466,8216.088955218005,4891.725410155033,13636.184367797598
2,376,1456.3780090741518,1380.1689837438184,831.9469228140614,2526.5282303911326
2,377,3407.412298022665,3338.189925591234,2310.9161254743462,4892.56002237648
2,378,4233.111255390591,4065.054039935698,2331.363780888001,7108.146982210031
2,379,1978.928133600127,1908.2021826696466,1126.3836957816911,3235.1935391188313
2,380,7542.573067559057,7302.630080473427,4381.843502841536,12103.582609527626
2,381,6662.662424915988,6555.540049911146,4440.131974076805,9474.289821121825
2,382,1600.2192689709682,1540.3410755896073,905.8285830324924,2628.0095199703846
2,383,830.0804937972473,776.0250387293254,460.7148565895417,1514.3354008276817
2,384,682.8244260158365,610.4184875675064,304.2940040882485,1477.9919246521583
2,385,461.62464746902464,385.6925384792302,192.27596820943847,1179.6166951452553
2,386,7588.250450220896,7315.490099016527,4306.770528109169,12401.855035890712
2,387,405.68762599229177,373.5797661045568,197.89087713924545,805.9158179362752
2,388,1238.2379314282612,1182.7492495330457,663.6116355721474,2131.5753252054087
2,389,270.16148277234265,255.32737696891814,142.14921546842626,485.8721561056816
2,390,245.9049502291755,225.1760650276338,138.287250107387,476.9606442843505
2,391,145.54843809938444,124.3621150236623,65.43491887747888,351.3125852755707
2,392,123.99142853148047,109.99968558935609,69.63856661511728,263.97844139981805
2,393,20.96027607480506,20.658623154489472,14.317252977453284,29.269301251856767
2,394,502.40442995783826,474.2871293166541,320.4076507438899,855.2260743173958
2,395,213.4385185696292,198.7289410240024,130.75121483329335,383.62489117720867
2,396,862.947600726496,843.98483988064,572.8050433206863,1260.0207744248437
2,397,1238.6938378855896,1205.2191331421864,808.7630817284396,1867.3830407047476
2,398,121.2348975918692,116.63798261930083,85.39114087623905,178.42070813462772
2,399,237.90727910977284,221.67204892351816,139.40663427520133,432.2115569265852
2,400,1259.9330887090634,1212.7351442858878,716.1812902779009,2070.8256487860504
1,401,0.3249954288465712,0.3094617770212764,0.16482476549113204,0.5744878789845074
1,402,0.9187050170862677,0.7594208197328749,0.2190883081237889,2.5494078057152088
1,403,1.7570770671556095,1.408325271848312,0.38015933606018365,5.204179871893002
1,404,5.830347021007384,4.829966479608766,1.4064277318904244,16.128152598947924
1,405,5.1861747286024364,4.836540367647471,2.4747207502753654,9.911281087163117
1,406,1.9412046393663949,1.5304685227111818,0.3885157242913014,5.939257626146697
1,407,25.082770144059044,22.01580904534574,7.993225807224806,60.003197013548224
1,408,0.24380491262892795,0.22919552948160793,0.0830817063406576,0.4884042692500558
1,409,8.019532269564039,7.449970171719973,3.6445293055363517,15.727915684350306
1,410,0.98300529472834,0.908298995627612,0.4320175779104547,1.916862743933212
1,411,93.41166465563477,85.56554334817062,35.905603708515486,195.94148811499582
1,412,7.380198572110907,5.972539720696,1.6579910412613001,21.517445291440218
1,413,2.078673182322451,1.8709834919234578,0.9568605990414517,4.420098844291402
1,414,102.18931917595468,85.20128331885607,24.845450497586867,277.7082889603104
1,415,4.2261651139686025,3.5504328824734097,1.0662330761501149,11.160992362258552
1,416,0.8442342845644025,0.8012077165222653,0.4539946949333349,1.4645749513063868
1,417,465.2067451616013,430.12442545591415,185.67925874354853,943.5544428979395
1,418,54.1048964638385,45.193497599190394,13.309051151722011,146.51191598449591
1,419,0.004959426576379195,0.00409185615702469,0.0,0.01626037798197953
1,420,502.81077378906474,467.7490471335989,204.64692425150716,996.0212661710619
1,421,0.6008742423150905,0.5277410041423036,0.220935973268733,1.4180715373496788
1,422,1689.9912955316922,1579.1390713235114,701.8724665479714,3302.129510896352
1,423,4.681784165012087,4.290693324669186,2.2735314575564423,9.489158647181956
1,424,9.596151111074251,9.02264564772927,4.843011715991698,17.66618867106592
1,425,29.910914149868788,24.886464353207003,7.263283711808985,81.8846836665008
1,426,1.196308768582709,1.051338522748809,0.5078527922179207,2.7562460456291515
1,427,143.7653758106392,131.42209516270577,54.47316139999892,304.2907020357192
1,428,2.1004236128554337,1.6420199737634429,0.4295981112855311,6.4710435440369
1,429,0.4742977321458797,0.43198134407878924,0.05188184761389612,1.1318859895388194
1,430,1.267690244349926,0.9708794876066589,0.20047772598419228,4.070157771701131
1,431,16.817628404956604,15.043070269287288,6.169995821714934,37.9799894532405
1,432,1.6347942196120437,1.4474770296496926,0.685349101712785,3.7024796443754067
1,433,1654.631178106708,1533.43405293578,664.6862013508505,3343.6118158383374
1,434,1.0524503918450088,0.9661927588683837,0.47408974568143025,2.136363503642264
1,435,0.8732447514938448,0.7745696382208922,0.3952651158675298,1.9490235757549554
1,436,7.731376792307908,6.370446056058597,1.8112427545417253,21.632429637792985
1,437,208.0141786728509,191.67968552315872,82.00459550022356,424.77188921481155
1,438,0.22226725012114856,0.19689300473597854,0.10050641871442427,0.49897627200492845
1,439,2.182907326189089,1.8634685078256918,0.5435172172679583,5.652558428211375
1,440,8.950276259831915,7.407871793786197,2.1357492427233296,24.880922292327927
1,441,0.5500218333933039,0.5090852249631973,0.2757004775800791,1.0543115151584286
1,442,1.1930025550502423,1.090407841249156,0.5295388071328101,2.4579073806212803
1,443,0.7796610121363178,0.7445324906814472,0.41178378075091715,1.3502900149103028
1,444,1.108737108909884,1.0135205893716743,0.48366002340104336,2.294457377582737
1,445,110.09132064525464,99.91871922618509,40.8134138743122,238.01513186347188
1,446,43.53031797749509,36.18591102637808,10.426893778919915,119.37889172471941
1,447,309.900768693812,286.0354934428317,121.88792813533648,632.8843511499194
1,448,1.4727947024815524,1.3256715058116342,0.635287839617812,3.1791623543038683
1,449,2870.997750386935,2738.5564772897505,1389.058053056672,5122.723119968162
1,450,5.95076053959092,5.2872509964378285,2.4407224596897112,13.314231611416908
1,451,0.008305671268272318,0.006957940365397947,0.0,0.026474544351997312
1,452,20.745137180625907,17.19441434924745,4.940696885023488,57.117884225400864
1,453,8.962263962933601,8.421322916030014,4.5074641242278455,16.6545767935839
1,454,2.3818118138112427,2.1999580829142102,1.1743974391592729,4.649118721568176
1,455,1.5946858693288968,1.4752046086148742,0.7335470419206468,3.1469272851851096
1,456,2494.5542976512256,2366.087308317671,1105.2045329690138,4605.270004314347
1,457,10.48599293146748,9.8649776963696,5.133802361306951,19.393797665267417
1,458,192.34392826552426,165.89210196500653,51.211890447946935,483.4059982572537
1,459,0.14454755105999026,0.11553655714431099,0.002992174823169485,0.45368708196414964
1,460,4.148298384883091,3.569102907776176,0.6929291169607487,10.85306674786398
1,461,3.69519304528295,3.048169631398814,0.8855874493407291,10.329423599591523
1,462,0.9846166606776257,0.8992355075229421,0.4145831672009531,2.0540510488593555
1,463,1.6153788117984575,1.4352879825397187,0.5563665035464048,3.660945821754514
1,464,233.16597345442742,213.57813567997164,89.58779804484013,489.5738875339551
1,465,34.764733424203975,28.84750045855254,8.329373954673573,95.65478933285792
1,466,0.8146023694130674,0.70377003434443,0.337203644569333,1.9601865097166093
1,467,7.347899898037967,6.939784422552011,3.725563379566743,13.301862118439443
1,468,4.372207834484301,3.9884181984694473,1.6548452723092493,9.292498106011418
1,469,3.5167384744754386,3.1339108156727833,1.4305217830949601,7.893536346938599
1,470,0.5084815385100485,0.47229430010014184,0.23984857319628552,0.9873715113174415
1,471,0.15878985153723169,0.14774597303889353,0.047747146059186875,0.3324256964254783
1,472,0.16160961106628127,0.1455544224249244,0.05612498097783608,0.34830161598216824
1,473,2.120255998113678,1.6926587518228602,0.45145285926981465,6.279228448862679
1,474,0.10490769303075445,0.07279449427962129,0.0,0.4024765261020177
1,475,1.2092815153901528,0.9501267362647956,0.2509268557062487,3.704930704234486
1,476,1.2580969018291681,1.1644183735317233,0.5834378740959022,2.4762937448091407
1,477,2.1879400313504402,1.7712154598032104,0.49309456856004186,6.356075548042206
1,478,20.56647783552032,17.250649614682587,5.059615915163608,55.72400510805373
1,479,0.3498225306010876,0.2708432629146825,0.07207058523794757,1.0984920641587093
1,480,3.9423068944042474,3.2249050075261385,0.9313599474061335,11.091073573244861
1,481,21.30131129891613,17.724106592719092,5.1690654835116305,58.465202525682216
1,482,32.499447229274274,29.092382973456147,11.432672868158795,73.04564980062204
1,483,2.2594870481952887,1.8321929381426991,0.5071184417662509,6.525432925201063
1,484,0.5071557486597088,0.3816889101742833,0.047830230727922744,1.7049996645419971
1,485,0.3579436882575282,0.3115948549197834,0.11087990715427312,0.8856106775019933
1,486,4.91582227421659,3.9801949585397187,1.1021941874874979,14.128400124744681
1,487,1.189347394999117,0.9387264788194579,0.26505707567992415,3.5586566287536265
1,488,3.033350987259714,2.5609587825082367,0.05849544039963495,8.562863791660362
1,489,0.09831368366165891,0.08244344213621091,0.02528436735330344,0.264456423607403
1,490,1.2434161947491444,1.1119240460368909,0.5594232263892599,2.7329851684054582
1,491,2.0239024676698754,1.6238209113097146,0.4415622167682792,5.944763289807601
1,492,0.41781418992955993,0.3844689641439836,0.20634900985648455,0.7922523528519703
1,493,13.570551328561995,11.588337870699075,4.136679402065407,34.63294210482664
1,494,17.249514670975625,14.432149399109717,4.20153099419865,46.64669503286567
1,495,48.52226061394214,40.44906239676891,11.908939737697246,132.26929466133063
1,496,82.87866005312048,74.53438930776582,29.903962053859626,183.79443083865687
1,497,5.380848173233275,4.42749934024326,1.275163291200806,15.038350994009354
1,498,6.13090489333831,4.793619088271905,1.2111969508456981,18.87499336317234
1,499,120.9044705554556,110.7208956131151,46.57543994790573,252.49822999910268
1,500,12.554377674925886,10.090670553936278,2.7095750713301094,37.08611773461864
2,401,91.6711455971246,90.65639481217619,67.13148958411888,122.02611466571328
2,402,94.86145804916727,92.01823371838972,56.21454263310038,149.67322964125137
2,403,125.73109811294073,116.87863594517569,65.07868389535817,240.33063728221657
2,404,231.1921254571087,221.12413694065387,132.85976169467946,387.740373495505
2,405,1404.53578032295,1348.0741833748216,855.1903599677318,2270.1544300876662
2,406,203.75301333704775,188.7323980686288,102.43405716804202,393.9668696763937
2,407,756.8596820561227,722.5736811624945,422.756506420089,1290.3157615212015
2,408,56.876390534620484,56.237095468591406,41.5822869931151,75.8005865939577
2,409,1428.4932524020865,1366.900983448234,808.5376344938051,2404.9290402034485
2,410,81.99227620673001,78.57884202750925,56.91136668943513,121.60843475907444
2,411,1019.5380165231851,994.1731610952247,689.1379226298384,1495.9919358000348
2,412,699.2059126927236,657.7792637306839,361.23252327960444,1273.2186168042942
2,413,144.5293301604444,132.80280304197254,93.16561307924093,275.26584690141704
2,414,3790.558436684425,3656.5221437110954,2151.9624260160867,6189.381093751213
2,415,66.61457958931356,63.70482970402631,38.14836323204135,108.96955544044093
2,416,194.91160523913405,190.3790827319636,141.58813428103196,266.66561285307915
2,417,3334.6805833931558,3268.848619323828,2249.811620343889,4795.735413762378
2,418,1395.1075619085998,1344.572845385776,789.6758747015391,2300.891112269549
2,419,20.67256622513112,20.371920894829024,13.742063693236824,29.34798063016501
2,420,2864.666794602003,2807.907401864847,1909.2628264108125,4145.120818229754
2,421,70.1087705071289,63.30654453957555,39.805344940747226,142.8160133300145
2,422,9774.602732318646,9637.071767781883,6792.962284689474,13561.335848515928
2,423,440.3677953013802,409.02834559324697,278.8260186450304,793.3494564998078
2,424,497.8710281389332,479.16446772489644,324.8091456674838,781.7556560349944
2,425,1186.0425983694922,1143.1225576911988,674.1097737210575,1943.1248632634918
2,426,209.50851139493312,187.10520256468982,115.05223846263321,437.15782681986246
2,427,1701.639975627425,1661.8092225698704,1131.9635258594774,2500.245911393325
2,428,123.73577605659592,111.35498921218336,58.03746505063425,264.96456451717665
2,429,171.91486951355506,166.01695932764983,116.75496283472924,262.33212728765915
2,430,138.23230667961897,127.06477659240406,69.92999812894305,273.9551050478086
2,431,217.09993568138438,204.55554315792364,142.159890449478,372.41099208696806
2,432,367.3073183933623,331.6134060086589,203.24433099809394,743.1976097100768
2,433,13682.81370586842,13485.46555485488,9631.003977634655,18840.54324183437
2,434,300.59071787225696,282.9226024513077,179.21918166843622,527.1369555888671
2,435,132.78973550918658,119.53680304615901,82.37855677189428,269.7778710520406
2,436,725.2588122123589,695.2530865882134,401.6171920566193,1218.8120091274682
2,437,1564.9521568869488,1530.8552667504096,1041.297326420254,2280.861567738675
2,438,93.78482148783218,84.37913861080494,57.90584595776291,189.66419159783013
2,439,16.56137287604025,15.972603776906627,9.054323233633063,27.45584563509197
2,440,459.29164424608246,439.898569245299,256.88694087073236,772.0084019917915
2,441,155.68246136822472,147.58137667722843,106.10155042381318,256.44710129549014
2,442,302.40021445150506,283.455863337448,178.76270378511305,536.5205060949402
2,443,70.05902937767866,69.26272436675282,50.93280945944564,93.685709663429
2,444,515.0402127341963,484.1751912415118,288.0128312247949,919.3433922834522
2,445,1265.3476774519897,1219.6881623365334,803.601445682956,1989.772104491732
2,446,994.2734434639384,944.9509049674137,532.4821545830033,1738.507902390131
2,447,2847.1438028145094,2794.895818882672,1956.9789298346882,4035.326822756575
2,448,371.27300607852897,341.7073105211059,202.9962585107054,714.6859621250215
2,449,17558.11834456726,17327.0188634175,12499.95006508166,23964.427601899013
2,450,613.1574296663392,555.9984350800066,312.7866324521159,1247.3970415402634
2,451,20.067283629765623,19.81962427970356,14.20926408299829,27.324172598709104
2,452,820.5251328448294,785.7479142785536,452.92019638384903,1392.0795537324573
2,453,612.9593009907474,588.2151706258821,400.40532601367903,973.8479685176461
2,454,215.6543534503103,203.06509771318977,143.90701399855075,368.18557433986007
2,455,274.0902557782562,260.8191209832086,166.5351010797058,457.9998023466259
2,456,8361.955693926066,8238.699979405514,5601.4951216474965,11807.869509514327
2,457,738.1497328808496,712.7455984781001,459.9881958041011,1160.0407582612409
2,458,1613.5232100425512,1555.8059206956036,908.566137473602,2639.3132838960987
2,459,169.57250654710978,142.58706817427964,80.54654707822901,423.47244296483404
2,460,232.14655638379205,225.09229410921174,158.67837641491937,349.4975746063457
2,461,221.23266472637275,211.37006610125138,125.44136958991763,374.7162228807156
2,462,370.6765805092615,348.89668292732904,219.88680349734187,648.2120855343115
2,463,76.29615463850149,74.27485468447355,54.31734476173515,105.30440476723884
2,464,2667.349547664491,2613.2390406708437,1800.0086674794743,3845.584940246831
2,465,1463.807195372608,1404.9513451365588,817.1237859970981,2441.900242892523
2,466,115.24581796110647,100.8969837946398,63.160144593923114,256.50844329608486
2,467,938.4165430202031,909.6409902000198,617.5043736310182,1426.6891674561182
2,468,91.50177511216837,90.3635610839842,66.17681595976704,122.99003065963245
2,469,266.17911883212594,242.54271562782878,134.20137792310734,537.2535029664742
2,470,155.1550560332307,148.49603373305234,101.72922147280343,249.23781393999317
2,471,66.4687294160734,65.62212505035461,46.604188645963376,91.30953652469354
2,472,95.13631698140608,89.068800520247,64.33409326729571,158.9807787683844
2,473,324.4521190103074,305.39062198117983,165.8143563400647,594.8426220459944
2,474,149.26959856762426,142.3690752544852,102.86630866820028,234.47251983884405
2,475,65.28668931276644,59.4475056095842,34.066612079870175,132.37391139637162
2,476,627.0285690863006,596.9527071936507,384.6406523388456,1048.6258739998466
2,477,219.85690513999867,206.82356793321372,119.46600493875944,398.66647043273707
2,478,501.1998702201096,481.43894981827594,283.18604054810964,833.5324518881878
2,479,57.62403684274827,51.1743181854571,28.491574075174704,127.32501211135514
2,480,97.29717735886533,90.3470828421934,52.344160924906035,183.50608990906576
2,481,976.2942131650391,940.8487294747194,555.7003914781134,1600.518646060125
2,482,564.4580022483559,541.785043438393,339.6179670410279,918.5867905451897
2,483,170.36013316262688,160.23913796797422,89.45148706232092,309.05225644886053
2,484,74.07984847095923,68.10655202887642,39.92289531559628,142.16209995860746
2,485,155.30933405716004,138.7187667915565,91.66214374276437,321.2265678868423
2,486,259.66300035972796,244.29347856913296,136.29167427323137,474.1270484340156
2,487,49.54296806414689,44.659963570136256,25.756500080244646,103.35851860043235
2,488,144.91246512530427,138.24429638312068,99.52122783750951,228.45942297458865
2,489,57.08561639248752,48.769716163752044,32.63609475435831,134.7456538471409
2,490,248.78056601800932,225.09841565762457,147.92673811831895,494.5500379056979
2,491,214.47256646085992,200.43322283651622,114.24507706742799,398.91979906459574
2,492,72.861909185152,69.08213701756304,50.26606313651413,112.04364319563854
2,493,287.960789516207,262.01791577830534,150.6110132055276,577.8839898150568
2,494,311.89900195040894,296.6025594561389,169.4094577193776,543.4888058802549
2,495,1752.7387425048446,1692.9646727616014,1001.6935451088088,2843.924016594745
2,496,1345.686785320124,1298.8310096198313,843.8389665894229,2117.455420970885
2,497,288.8106964963083,275.29594358024735,160.03428813871759,495.96182449151337
2,498,304.4325119287621,274.8597548035496,127.6262682657437,653.4678761022948
2,499,1403.8999474751429,1371.1056420300908,956.2566340559954,2039.9726137442922
2,500,401.88598222854705,370.9513595275243,186.52366424275334,799.2211810783161
1,501,16.07151437901594,14.101506626778697,5.282258196490599,38.31264424085745
1,502,0.9017004534145405,0.8053560038092371,0.39725710090531524,1.993377803154652
1,503,2.3809033941505224,2.1088405788680546,0.835563870982226,5.477444549084589
1,504,8.764954166598688,7.798575286259926,3.6587008448094114,19.569655156940872
1,505,0.7456479000215761,0.6224116677510296,0.23128543861786052,2.0082671717334932
1,506,5.028693621087409,4.438165807985336,1.8323052543654175,11.577236752855619
1,507,0.007768303587992708,0.006596003082128592,0.0,0.024127842845230483
1,508,1.5454626741724313,1.4405176232587618,0.7520618151962696,2.952545504088546
1,509,0.19443586435221782,0.16920785549722392,0.03172958300422342,0.48167137678232563
1,510,36.98096071677012,30.69061921158344,8.918180564330411,101.73761913072354
1,511,120.66363775299452,109.98467532808644,45.60164394447203,255.50591271114672
1,512,0.03768409142377376,0.03295958654630862,0.0,0.11113176985383602
1,513,0.23770226609509548,0.2201566699356056,0.11152000226573888,0.46373476955019044
1,514,0.24686284776369127,0.2269354226123952,0.10982207083082254,0.5026416580886266
1,515,38.45489207730304,35.00718603597343,14.416947407534348,82.53987039051093
1,516,0.5183872712702792,0.4637199839133148,0.19966441898658632,1.1561058020189423
1,517,3.147712827629382,2.303934493350412,0.4415643305911175,10.806799130310333
1,518,2.4595072682405483,2.193097297379721,0.9696918578709165,5.544464131200046
1,519,0.07712602025451906,0.05033872180388811,0.0,0.32482164572482536
1,520,0.04606279534398561,0.04112437251946137,0.0,0.12446762117614037
1,521,2.4118779079909665,2.249917309547519,1.2113789876409102,4.5653723010384875
1,522,0.13600846785806758,0.11068577915374261,0.0,0.430075320483979
1,523,2.9083537689643486,2.5124583905740927,1.1435911342368312,7.054526877304258
1,524,0.5925821960588198,0.4689228465638551,0.12937351591594007,1.7826696009502225
1,525,1.9131394789132,1.7700224203967967,0.8758235822757764,3.77794331936899
1,526,6.6826885946409575,6.187256651043606,3.1458397824178124,13.05235766064026
1,527,4.332354985475791,3.9864815622589616,1.9610090106265798,8.700614998910032
1,528,0.506476584163296,0.4512279669385557,0.21326346088439702,1.1308765290810152
1,529,0.04116109593742923,0.037849377200685604,0.0,0.10170377412749346
1,530,2.202870370949972,2.0712127503144218,1.125167894177334,4.0458309780588175
1,531,0.35412149401077564,0.30238669144032204,0.12916536458105482,0.8971073251518603
1,532,0.15699770663836385,0.10822085957417828,0.0,0.6158632079461517
1,533,1.0344442333131836,0.9607635725335073,0.4884324143096543,2.009178336234485
1,534,0.8544607907384726,0.7847072165917861,0.39430839099955506,1.722706699202894
1,535,5.965377198680396,4.86351629736402,1.3728254349337112,16.99461303688922
1,536,69.69851293134298,63.133618074579985,25.697949567862903,151.1244501284612
1,537,1.9171552977859638,1.7083862531492129,0.8425337641649424,4.243521298786691
1,538,0.10874808096057804,0.08604900380167838,0.0,0.36147335586188734
1,539,0.23650618772160353,0.21952435498405112,0.10736411676480216,0.4626232858599726
1,540,2.7471921217825077,2.4809045592807513,1.1592569044351975,5.898406406500731
1,541,0.06121006037454755,0.05518954712232019,0.0,0.16195527462068993
1,542,0.25339166777239575,0.23973598190267204,0.12196714727024888,0.4643361125803535
1,543,0.9708632123046942,0.9041029470926569,0.4669167058733518,1.866008417110247
1,544,179.24993347967126,154.72910423810657,47.51639413168224,451.5571518225997
1,545,0.5205511236226802,0.4540250226519048,0.22870724226958933,1.2198121938225108
1,546,0.21257099090329756,0.2006979184353792,0.09288676376723676,0.40048069312599116
1,547,0.22598353311066746,0.1913874798664345,0.07307596832011205,0.5910030314792409
1,548,0.6752699431593482,0.5226491148305341,0.11269341858533365,2.1481472210108157
1,549,54.49912522165615,51.742113717098576,27.458507596154128,97.5775799830446
1,550,373.91689431218424,313.8097260639944,92.427072781232,1008.9043289187663
1,551,0.03526993034042018,0.009355783852252962,0.0,0.21966575526173718
1,552,9.84817068867418,9.298467606373677,4.943438604067684,17.875197621745038
1,553,70.52076744578476,58.88712637142531,17.064033892128137,191.95615338098418
1,554,151.76787204918145,126.97493125931489,37.35896468631714,411.99445381458975
1,555,0.10451648650259167,0.0983425322357874,0.04480070631343025,0.19868232803490063
1,556,24.898527886750667,20.775997687307367,6.01019288873706,68.03020038795793
1,557,0.14704808763725,0.13996247655028202,0.07414631181120569,0.26104549051232345
1,558,0.3482067760478863,0.3088042068724187,0.13447111207046944,0.7905370960005479
1,559,7.329445440112108,6.804063125612887,3.568057959581114,14.138997026434051
1,560,6.436771202388519,5.668876210462393,2.8144939828488775,14.666117448041087
1,561,1.0422326005914744,0.818812078538899,0.21786462236148582,3.193569280755415
1,562,2.759699952175959,2.514625597643949,1.0629336114334367,5.899533511864915
1,563,39.77937040798808,33.553096441020884,9.950544296080155,106.08305382566029
1,564,0.5203272370084393,0.45247935681260965,0.22541190114865353,1.237278166212994
1,565,0.6258995621953216,0.4419183464900882,0.08859158218845432,2.2925594751520166
1,566,0.09983405402491202,0.09042323455360274,0.020776486943992156,0.23295815098437442
1,567,164.98950305374552,141.686369432354,43.214149669976585,421.73613041200105
1,568,0.24404311313599844,0.23299768007615346,0.12941395913820342,0.42070946468070697
1,569,8.484619948109373,7.712915427260216,3.826148470259254,17.7295759173202
1,570,0.22010067955733517,0.18316319389173344,0.05253094219428923,0.5778613852554813
1,571,0.36953552928808703,0.3157264308904696,0.1301296573938517,0.9335641102403651
1,572,0.13878651958681007,0.10471861028475528,0.0,0.48242960531871193
1,573,7.919948672202109,7.00159022481574,3.1071930680163384,18.204177216886254
1,574,2.6301897026180097,2.08901770421793,0.5737945553709266,7.890442409706141
1,575,1.2453320523898828,1.1147219118503622,0.5866176536642981,2.6955242862536384
1,576,3.030980738735703,2.5376955785258892,0.7461470506267142,8.200829463071075
1,577,3.6574483880413164,3.5145502197373277,2.027330669951397,6.119940561277454
1,578,0.37359848421986913,0.34429003033264677,0.15269607248810652,0.7436076123160787
1,579,5.77573021471305,4.8087741287205565,1.4168576507769242,15.681668415586234
1,580,21.734984807448566,18.837451927418655,5.932388493250672,54.25814006900643
1,581,23.3527827102869,19.37266597047868,5.63504123742005,64.46461768751045
1,582,1.680835709664793,1.5641863784089507,0.8076098267714659,3.2259929061453505
1,583,0.14557745098048086,0.13703206108592336,0.05895037152430895,0.2817401037222903
1,584,0.10396778471390943,0.0899336447988135,0.03759966807986548,0.2559796154874632
1,585,1.2062932413895044,1.158283538324497,0.662380942231778,2.026053061184467
1,586,2.6621814482864545,2.5271523306376142,1.4387265053197043,4.621085510757477
1,587,9.539090436657943,8.485309967615521,4.375355979530683,21.149662192321976
1,588,4.768145178989263,3.8967495199271567,1.1018775866691475,13.488504958765695
1,589,0.07491249864859363,0.06989619590756516,0.018996065713945628,0.1586586447493677
1,590,5.81626636877477,5.0179435196625395,1.5459981482655625,14.65560240534407
1,591,2.9305855464053336,2.765866186648802,1.5420459272352085,5.275771363671085
1,592,2.287163614357002,2.014539845160477,1.0869108995087746,4.959420466057625
1,593,0.386414304342665,0.35268192347822835,0.1740831934749707,0.8001295666879131
1,594,4.867776399956499,4.060262170592949,1.4134502284847372,13.079618397298637
1,595,45.33795179720667,37.714198202023894,11.009191912969296,123.43608546165615
1,596,0.48171465518151674,0.45708813876264737,0.23338062658058312,0.8723345458414578
1,597,2.0067692573915967,1.7122201116010176,0.7541013223087529,5.013549429064565
1,598,1.8099116863039992,1.688837906799857,0.8503382181602185,3.4600775305748908
1,599,0.2229346836938012,0.1625535386180913,0.0039925214198137295,0.7758469340328313
1,600,7.123591331260773,6.364965910228223,2.557428900120079,16.05195998644004
2,501,452.19345528647875,424.3076864841669,261.16801004335275,807.2462392510068
2,502,204.39947090781484,185.24934541389996,123.31987854794622,404.991079059196
2,503,131.9894166672775,126.51033716297655,91.53638576761561,202.63814123038964
2,504,691.1754141376414,627.1522870098034,358.5388258941577,1401.4423511914604
2,505,105.70069711294165,89.95507235276914,55.12479876061989,252.89536820909774
2,506,783.8401794036231,716.954997757417,353.7972045154392,1607.9322492559875
2,507,20.02942260545247,19.704950071612934,12.380621347756758,29.396721741094936
2,508,214.9593488390044,205.3786240945181,136.2060728548138,351.27390075819926
2,509,49.12163282044749,44.60466570428956,30.25042342232331,94.56833052596117
2,510,1994.6616003728577,1920.294534696081,1133.4041040961333,3276.3432733639165
2,511,968.4979304359698,934.6350004851521,611.8305167678164,1525.652881972468
2,512,32.056663422932196,31.647689836646183,22.453617891141743,44.02232741528031
2,513,153.4990187849776,146.10279052712366,98.26773931929414,251.6404057139195
2,514,109.30068669036218,103.11475699551033,66.46741622054756,187.9674996938841
2,515,594.4297895301904,579.1146566870193,400.20511421970855,876.9203032020815
2,516,262.8710240017924,241.2308101075896,164.52929681471514,498.75777684860344
2,517,63.20613703905167,53.56651920549744,28.964301603156613,160.45345078529226
2,518,577.0835292670296,527.7124811745626,289.15216034748846,1156.1433250351188
2,519,40.22679898984727,37.78066081066444,21.838066622694225,73.21544383197107
2,520,11.791769779046739,11.616267547696314,7.6128207815861915,17.001187278587977
2,521,290.8873330333898,277.00309423586293,191.81101381854756,472.6784808825104
2,522,121.66797059177365,105.87936378119748,59.26401235450706,277.9538484823352
2,523,173.77990158025432,152.53552198204903,96.6617648350426,380.7690526700196
2,524,56.15856299194529,51.38455304867993,29.582634194994426,111.97939470076896
2,525,658.7425673687538,626.7500668022462,395.7727863505958,1109.2797089121868
2,526,570.5536408825116,541.3867416164022,341.80190900787983,968.9833031237372
2,527,419.2376920332489,395.2120146981931,237.78850395197776,736.0559826819095
2,528,205.30437092071114,186.72980503535533,111.2343405138164,408.74948231930136
2,529,49.07709335519117,48.48974137554278,34.84234000398583,66.72695575065357
2,530,588.6781599359193,566.4974980349202,402.75161663305704,909.2050037158249
2,531,90.89372535742567,78.78750024626038,51.56427284189804,206.9950303059329
2,532,51.71002620234269,47.1494849641036,27.552509825993443,102.13021276115717
2,533,349.850257073789,332.807342046341,216.3347885884367,584.5266079991421
2,534,343.50808255390154,322.68364258273283,206.2997177021191,601.132516201167
2,535,669.6716794547111,640.400987750459,367.8992304004771,1138.1163034819506
2,536,1107.3354447938348,1075.1945033186714,721.2690220796003,1680.672156408863
2,537,443.55851564741147,401.6327193101204,251.35520055972964,893.0102796127964
2,538,70.34463516594866,58.23261667439295,34.115999188104205,180.14322372691265
2,539,168.29824219216823,161.14492568167344,118.0074960401908,258.30638379427404
2,540,579.5290132507486,535.4263118016738,307.5615282666477,1104.6976479845873
2,541,19.84576105566946,19.560217470876893,13.057676294837846,28.20904085836284
2,542,81.17439804556162,80.03283913805001,54.30639084074172,114.5126308261566
2,543,325.62397977078655,310.691671224315,208.8987362477136,529.735671495773
2,544,1064.1395779183435,1010.2060568869406,545.641314447359,1891.14190354932
2,545,130.57829209318334,114.87569109532255,75.36981343456165,285.16230167592994
2,546,68.62843456953412,67.83574261953908,49.962615901192805,91.79321375192403
2,547,99.75840630090195,86.14176316145253,55.13871265364545,228.92522838012826
2,548,189.7411345262849,177.54770947415162,97.72672877754107,353.62022908277015
2,549,5910.3843320433,5790.8030207809625,3792.6847545754813,8718.286510396467
2,550,12342.382035180188,11959.698558860993,7228.815769843643,19671.718332548262
2,551,0.45057771538538993,0.4081931014586025,9.55420710108403e-09,1.2402431177909612
2,552,1195.706136606364,1162.0897872687347,768.904034837654,1812.3572138612712
2,553,2100.6324631841876,2018.98121606618,1169.6645626707086,3492.3245365873167
2,554,5004.086901786568,4829.412293337586,2867.49571116712,8133.656468254568
2,555,37.034684879066006,36.61469286076746,26.888062633499636,49.65985612425968
2,556,807.9473120090205,775.1465919913962,449.5743763341724,1349.7178665777467
2,557,45.12275643596851,44.62367392186101,33.16509827536791,59.89776990029216
2,558,163.59427465038146,149.10062130316757,79.2668719719097,331.77749861260975
2,559,476.4464553391958,451.1593514378176,297.5610589941142,804.1472275676103
2,560,303.82228069597363,270.65964387871156,167.83165273539248,643.5222666107461
2,561,83.94429596826159,75.64069032080693,39.8878573767383,178.10820783685708
2,562,998.9015473917983,937.7269196089248,452.092090915537,1889.7497845806909
2,563,830.6781985639013,802.4653724843822,478.6551749063878,1347.3158602573799
2,564,129.02018462154368,113.16654601165683,75.94059321589476,281.38183000189235
2,565,23.625996107841207,19.275953176724684,9.694832691536732,64.90230371035403
2,566,7.438219030395755,7.320228484959806,4.57412178633025,10.976160142895157
2,567,1643.033720469797,1583.6885303107006,929.9571285453956,2692.55296482189
2,568,51.30740892183667,50.708952790845714,37.42028625249037,68.44037683894722
2,569,282.35105091399373,261.1365155701051,159.29176149721766,531.7300311157412
2,570,5.252473569381977,5.170278876330746,3.11303864068335,7.8785450423919725
2,571,140.7163952158207,122.83300023406107,74.94558077318521,315.0223341726095
2,572,80.77800491426419,63.94610809366702,35.17727506965835,228.0934234750475
2,573,494.71826764580476,447.27055659998547,235.73414710916984,1034.247715209915
2,574,102.50280424266094,93.18158207238392,51.31913190077269,211.6673368186741
2,575,138.30361091070407,125.2709562900426,85.59985625504538,273.39358394590397
2,576,100.20798563647409,97.21203847691456,59.33237783291811,158.22873531771734
2,577,108.66280855150526,107.45202671923988,79.9634408667317,144.04852206290525
2,578,146.79877060101614,140.51573063522693,103.61373164066667,217.769340088139
2,579,156.4697551768513,149.35388575852375,89.7223639843297,263.2357649023455
2,580,119.46355345418262,112.62749054589389,64.05669285480093,215.29968415124966
2,581,1409.950363641088,1360.4643177345738,804.2335662557382,2304.5511513648103
2,582,481.3543363771145,458.5432910417122,301.5965716347596,795.8051283693055
2,583,65.81158606354354,65.05304899182252,47.932211315342116,87.83848253139041
2,584,47.28515392577956,41.73249214020722,25.460961260641724,102.64266629719253
2,585,37.6694351157766,37.247881997821565,27.560772727907207,50.128128409842326
2,586,357.99944656134824,349.80607173691135,259.5795529925671,494.54715808282964
2,587,218.85987133552953,196.46773120201846,126.31494321740686,447.4499868403909
2,588,367.223073074294,348.68473895372813,198.40700462325125,641.3962945981446
2,589,31.661076808776613,31.286387133295555,22.9524016433283,42.47163014159895
2,590,58.073884719808596,56.363927972256576,33.96646023498509,92.2251321536125
2,591,201.163386402772,194.31789135121267,140.17790347753748,302.4692970472932
2,592,63.87365144334714,57.108314873748135,39.81382497943245,129.96576193231587
2,593,166.89198682759346,155.78363206098618,97.56514440413042,302.7712376512495
2,594,335.15524041099513,287.6172895922143,112.10553290657037,835.7168551945674
2,595,715.5452474802642,677.3392114985273,380.5973561929419,1268.6117723988261
2,596,96.17363655790756,95.05713240253155,69.83622454338547,128.80806575829996
2,597,166.7714432425921,144.45020068206242,78.20749008078181,389.81928794059104
2,598,1335.9082880996025,1284.6663746358095,805.9507803264363,2167.317034306026
2,599,32.04877796086742,29.04039038402869,16.953089514122095,63.64277107867118
2,600,138.6195340043624,132.18689662998037,93.1706980531277,224.0992671445144
1,601,45.30326152317094,38.07920448331705,11.174517590819738,121.58276698706274
1,602,1.6531776104651215,1.3609373609051718,0.5080107945806297,4.529133970506689
1,603,3.532948493311718,3.308749891455882,1.7362054212388192,6.657134431502581
1,604,0.4657593193756725,0.37215855925360275,0.0,1.5643960891460136
1,605,0.781259278900539,0.7186403182763599,0.3851141789263745,1.546878674225357
1,606,3.712503407002889,3.405580712930784,1.6706678357740743,7.556135485460236
1,607,63.897492915600864,53.13330259792528,15.473926360351276,174.91060479341942
1,608,0.845544531605996,0.7857128569912375,0.34979497042947927,1.700125552656823
1,609,0.1691353779345817,0.1459360328362218,0.034997797067710154,0.4372912686193362
1,610,0.08299232729067237,0.07156588828639696,0.0,0.23942199347665186
1,611,16.002361699382508,14.381049433832967,5.783761038913149,35.43663097440044
1,612,2.751884665190996,2.5778776348804007,1.3043743236239242,5.219313239835523
1,613,27508.89317675269,26889.758940109707,15611.031297396416,42907.45701047356
1,614,0.7268000154295325,0.6772197255154225,0.35184297391208363,1.3852989402374416
1,615,0.032253489519376705,0.02814230703866179,0.0,0.09288172594559614
1,616,243.81590529335057,223.83713581519203,93.78148318187891,508.903600710518
1,617,0.44816426357336114,0.421657687720672,0.22345321523454262,0.8307930461995411
1,618,1.1555635880932298,1.0738964973808762,0.5848530817090732,2.216368425429383
1,619,1501.0560644669795,1407.2175066148097,628.281532232568,2907.0454634640155
1,620,0.16047043854939397,0.1460324876872972,0.017676876756375273,0.38358746625391826
1,621,0.05551007286437756,0.04835569512483862,0.019296137770661755,0.13232350720778424
1,622,0.9788800692813335,0.9190927835218107,0.48831132978363695,1.8079945929116048
1,623,0.2945087363446487,0.2767189988872476,0.1280090752242042,0.5653529127844829
1,624,1.643949586635841,1.3477924034184459,0.3834094733939992,4.656591948077725
1,625,0.8207646716002516,0.7666037767249554,0.38433998159311555,1.574771716906278
1,626,1.0898875910836692,1.0291433766638773,0.5556821484445826,1.9779373434053045
1,627,0.06078927559806407,0.051354036961201395,0.0,0.18768758146076786
1,628,0.11487052613957692,0.10410718430483554,0.02980463243480288,0.2624187777810931
1,629,49.19294775999737,45.497452343902765,19.60385182646045,99.66863322834776
1,630,0.07958337899312058,0.07332648453613824,0.0,0.19856742365220276
1,631,0.3591327975234283,0.3361147674320759,0.17401716308236442,0.674801779493888
1,632,0.03119716688343236,0.028878886689896497,0.0032606904338911085,0.07159330007084604
1,633,0.3104460526792456,0.2711523147198437,0.1116597113961515,0.7419282651011815
1,634,9.308017677136403,7.693716678904517,2.2188009152511308,25.84086319554174
1,635,1.7484551748490658,1.6392568389324143,0.8877553792404658,3.2565788825753565
1,636,2.944495618535995,2.7749059065328767,1.4702990687705828,5.367588349080942
1,637,0.11590646169901667,0.10620926663224628,0.052774659250010514,0.2368217710806108
1,638,1.0819964700887668,1.028787084211205,0.5650065518090088,1.9041610534326698
1,639,2.2318281038972105,1.9135260668107497,0.4861600864108959,5.771424541092416
1,640,0.8193751067920071,0.7628337665870288,0.3956166124500121,1.578969767718009
1,641,0.5061123349991327,0.4628643431103706,0.23908558439036767,1.0151707772509693
1,642,2028.4939675603578,1948.9058721238684,954.4813565979244,3549.399836640388
1,643,33.50046349434915,28.199178626104764,8.354273771950336,89.53063557763174
1,644,285.07199458072205,267.57608480956094,120.72346411164028,548.8673321917555
1,645,3.701416680977138,3.502072650648329,1.8787827534618393,6.693935542467191
1,646,1796.2163331705212,1706.286104786726,803.026614438369,3288.0337542267807
1,647,13.714141750179612,13.047204997249336,7.148204391474323,24.15399944361069
1,648,0.5410872839111129,0.49413508942488615,0.20604841893156947,1.151755291539232
1,649,2.747321198254979,2.5828712453615434,1.3753142025273661,5.059070643691573
1,650,1.5277405195117553,1.4556760631720862,0.8097172913369621,2.667211703691191
1,651,0.7621828452463403,0.7057606971048667,0.34283432541242315,1.5028552993451618
1,652,0.9754397700342978,0.9116600395814701,0.4748855831194383,1.8408082892054927
1,653,486.64703845565754,455.0862659102158,202.50673616647504,949.7617324348664
1,654,37.86865962743356,31.37683110364927,9.038690929259834,105.31465147609059
1,655,9.075535202318482,7.422579754238736,2.0896266005314525,25.779160921069224
1,656,4.94832515158961,4.443203589645108,1.7717233041568403,11.056752736999064
1,657,133.53354115089428,121.76622838971066,50.88851907160883,282.63512854770596
1,658,0.7949806680101177,0.7507180582239694,0.3949347015482125,1.4529723147044036
1,659,0.7834592949097583,0.6443316601109556,0.18451950428059016,2.197246095229039
1,660,0.1286410898166156,0.11246882007504475,0.04318248518914875,0.31046322146785776
1,661,0.9638898474195933,0.763214294393618,0.2029016310371728,2.930566111081099
1,662,0.6121526990812418,0.4763117794632386,0.10443093313653015,1.908112686842017
1,663,1.09646967469975,0.8996037601188565,0.2582229130616832,3.0871711469273455
1,664,5.254101301282538,4.684827146731699,1.8635664375523189,11.963026524914453
1,665,0.5965242364003566,0.5660313820850005,0.3107664143944339,1.0626415316827875
1,666,0.9875896818562462,0.9208697707180786,0.4532689066197824,1.9038224063899987
1,667,0.16902647340725668,0.15499064436648174,0.0606202429504729,0.3579425339203992
1,668,5.973131101599114,5.6220546487644505,3.02173767321601,10.949206435266175
1,669,35.568191782548574,29.531732541935448,8.600089727753573,97.73992830812414
1,670,0.7076790240540867,0.6700477425085227,0.3744476513197764,1.2419774983639502
1,671,0.5341641786991982,0.4319000438069108,0.11950764189758745,1.5539864436328943
1,672,0.34348937260701634,0.30537579380688396,0.14957777282193552,0.7617697424403829
1,673,0.08683844705728057,0.08175334978554401,0.03626120595440502,0.16707585784206183
1,674,0.04514289247960194,0.03741657201822215,0.00635860461217156,0.130312869365279
1,675,0.2056197216340833,0.19671410606961742,0.10994204554439865,0.352045727637304
1,676,0.9690664570954575,0.9049082718754429,0.49573320917733227,1.8241289056279053
1,677,0.23545186181903344,0.2187972008028244,0.09733973722461348,0.4672958915624603
1,678,61.76054373490275,51.98619372825513,15.438708730889298,164.56142294520933
1,679,129.76756995009558,118.70763995515208,49.54511176206335,273.4143539639154
1,680,0.33124216436427806,0.3120348633056448,0.16576808313327998,0.6070182535217821
1,681,17.964770526685914,14.881987207138586,4.322090353397747,49.79229434280684
1,682,0.3551446235353372,0.3091554438168622,0.09271194092618465,0.8904598517471995
1,683,0.07857010336829198,0.06890939331934513,0.0,0.20697373771520228
1,684,0.503433062787835,0.45755115258724677,0.2015359638911,1.071009429256532
1,685,0.31304009943748184,0.24520136555491875,0.062363970139303185,0.9556867529635322
1,686,2.515748038125466,2.379896852951977,1.265346336552249,4.561681906003124
1,687,10.982994554779227,9.058853802626256,2.602476517152656,30.567738695439722
1,688,0.9146890022765509,0.8326171785722729,0.42208400488461295,1.8874326952737914
1,689,4.47183557662213,4.239391535768645,2.2799161645890407,8.011106904617924
1,690,0.1730819055854555,0.15705479805309133,0.07697337528201485,0.36306621354589547
1,691,3.865901408490702,3.4106659196151163,1.5054523961248296,8.871694200042933
1,692,0.18744522592622964,0.17156825202156772,0.08930749291151552,0.3790405614826464
1,693,0.19423177602183092,0.17752137309976088,0.08849094027041861,0.39606496317611206
1,694,0.2031003856780538,0.18436610410937188,0.08562498880211583,0.42917567444719296
1,695,8.906149808559116,8.391332075214626,4.480628269993705,16.229879563649256
1,696,1373.5152303995212,1294.655462745332,589.9101301366159,2602.673680132072
1,697,2.5543545563600194,2.4151386019719068,1.2925266731720408,4.60908699516055
1,698,142.9801859900129,120.79324087516157,35.97425289967128,378.3970733449667
1,699,1.6665931008894905,1.3716282816608865,0.39326517447835424,4.6676245167823796
1,700,1.190826893618065,1.1133089997060486,0.5993155315564954,2.2413368271281184
2,601,465.31334755365594,437.7031550563076,239.89400694674427,849.6890686262751
2,602,290.06692979404124,245.089367626409,107.51073735504772,739.0296794496144
2,603,458.7086860891357,439.7186515587149,288.8228547198263,738.9632533754038
2,604,31.224584009561628,30.83489010895443,22.327185184976162,42.402993037088244
2,605,175.37478212087703,164.17360705739708,113.80871908024056,306.6331860315034
2,606,214.88668021319455,201.95875718757648,121.69106095748836,383.7815927437334
2,607,2465.965445434814,2378.688462113333,1393.7691602972432,4048.1537078045303
2,608,423.26461299970396,408.9924635165005,279.647652862531,650.1684402572898
2,609,233.36546458147674,210.80066321525914,125.29225216891726,475.73439531369314
2,610,247.89968913171123,233.10656819069598,138.87293610887133,444.2004886822079
2,611,386.234430175142,372.18871123449185,252.2285458227732,601.1639732205259
2,612,917.3063454041799,887.4948299775656,575.3102913486521,1431.1666202512704
2,613,42599.69158730783,41955.58506972881,27618.69057517853,61267.95678006409
2,614,262.1022372565488,250.3078325817549,166.6102791701803,425.2893590983693
2,615,85.12897781159539,81.52213557355952,60.071051537213826,126.84488302376587
2,616,1550.7611395487666,1499.4892680455814,954.8393266512873,2432.2990800840357
2,617,161.6791695724397,156.20055257057373,108.52105461184358,247.79758054050862
2,618,176.31863004776977,166.5647208498001,117.4726307609146,296.2400933070514
2,619,8271.176375829806,8165.76751124043,5809.745072808057,11353.944819604714
2,620,186.0209361294677,179.03041449728352,123.19342433603204,288.99413326319643
2,621,56.26633962635703,50.20194930534524,35.5745093179918,116.76332345923335
2,622,415.40896475731256,400.47202375594816,271.33611900888076,645.4840506130931
2,623,202.23710359261025,197.81489187269017,144.04668603622898,286.2226648278232
2,624,100.22462392120674,95.35411701067957,54.84286030993508,174.1196751929801
2,625,744.0396401831533,716.8291543235996,455.4557558165227,1187.3752766779266
2,626,426.3322998713584,413.76340227683573,285.2765845135766,642.0469244976578
2,627,54.21509410687523,50.55291791316518,34.13252875242649,96.26968956834781
2,628,162.10536290275607,154.28038615398862,100.88946184968383,269.3412832539603
2,629,386.7021145702901,378.93276511031297,267.6096377648267,549.9786958770287
2,630,58.934801064924514,58.24556512468803,42.99579989821775,78.6197318009119
2,631,195.4503996638922,188.41484638310132,129.6869849693922,302.0197099103833
2,632,30.36254521729415,29.98160087022635,21.80162902899278,41.004882146566324
2,633,160.1654281107355,144.53375911188732,75.65305307657556,336.0728333445398
2,634,431.0528131058914,412.1507010986754,236.9139833621383,735.2130106496428
2,635,278.3750110091133,266.55765977196927,184.288173143128,443.1812890341261
2,636,819.9368912136636,795.6167836998959,536.5023624644043,1239.326160673681
2,637,109.79071738156053,102.75956990727917,67.56842801445603,193.2480628631287
2,638,426.0052443076712,417.29688803359545,294.7582682225598,608.4752968166923
2,639,168.6751700584365,161.1621854855921,114.12269364658039,268.8875365356456
2,640,289.40138591568154,275.80616419564615,182.46279444007536,476.49296105351374
2,641,141.1444555843979,132.14329061561153,94.78705148472028,246.1445421468224
2,642,4322.814869918933,4245.590469598732,2701.231319904051,6377.713488381302
2,643,807.837661394739,780.696720677176,466.8664667598639,1305.123727494717
2,644,1059.5521609717948,1032.485447323926,675.9674621915666,1598.5893292662183
2,645,704.7228755319644,684.5760907881881,466.060992931185,1057.1307604611306
2,646,5830.265939829561,5749.429389780818,3913.41269967312,8209.113534235086
2,647,1553.6441490847574,1520.9905163578896,1056.7043894485403,2239.791654507274
2,648,188.28540156399364,178.17749095401604,121.55613124866304,315.9408612721401
2,649,502.4144468492903,485.1978048860667,325.89253058050247,781.9595210908201
2,650,342.8096316471717,335.65237432662695,242.4396856990235,484.09035119363483
2,651,403.55066584791666,385.86632207927175,249.2698478811447,659.489444494517
2,652,390.7905674160503,374.5134784232191,245.38289741649612,629.8105781295145
2,653,2711.8231776423045,2669.832158530245,1875.3699528053862,3776.9004507412187
2,654,1901.8528247562717,1824.513944085193,1056.7545230204214,3174.2117847155464
2,655,1117.8834942880217,1063.2086703079913,594.6378481425346,1965.7851542945182
2,656,378.8484924812046,367.7862692979546,259.4763885633065,563.3155554249543
2,657,3019.2777608317547,2975.4772698185143,2142.972848003312,4146.6537426892555
2,658,511.45964265871123,497.348254487942,338.31717701046836,765.7903228114674
2,659,82.23901977729483,78.65509442283913,46.30231560841043,138.96672359047523
2,660,147.0119654224442,131.53692955569596,86.90674565722968,305.08930471028043
2,661,117.93394649483871,108.38883401973632,59.49111195873146,233.43699815963316
2,662,116.12297007315773,109.52399543697857,61.08968803813959,209.5038284004084
2,663,120.25369317300596,115.0312463351322,67.40716056049715,203.57526285665458
2,664,271.52933050724664,261.5737846252523,185.81086028651947,420.42576865115984
2,665,282.4730354571509,275.0481594551112,198.20435778501925,411.2772584207191
2,666,564.9360395957848,546.0455320228441,357.23067673813057,880.8859834908567
2,667,152.90622044461773,146.08516956530391,98.77440861743511,247.21246255037983
2,668,646.6849880709553,625.6492172155018,423.57433422762125,990.1430400734662
2,669,1959.7235451188747,1892.594129872952,1117.2823816993025,3191.5808962801925
2,670,185.45722023457594,180.97051622862364,134.6419748840401,255.09964813917634
2,671,145.9573709743502,138.38765929908442,78.56233939394487,257.57502145497847
2,672,185.81250857468225,167.9700335334932,105.88350582316384,372.29616191913476
2,673,32.851093995572015,32.45757591434814,23.48183550963701,44.453082398073924
2,674,57.561401856106045,48.747410599517714,32.47887946795996,139.84207465614506
2,675,43.75989937242201,43.30888184978528,32.345839041443625,57.69334236504764
2,676,300.72011525123196,286.46290610909443,205.97571721650058,484.8467960576547
2,677,152.06234413188747,146.75210413606305,102.92309370038375,232.65444876577428
2,678,1305.6561245654912,1261.1487272858517,748.871113090893,2124.1893120648297
2,679,2445.1342179522067,2406.627318016162,1726.9914092843396,3379.696343834478
2,680,228.02099635650887,221.1193891380343,156.80672084780434,338.88579981901296
2,681,2079.889251345917,2008.2446474335793,1196.8325089023144,3362.364585326375
2,682,201.4960906202771,184.67297619754817,98.75964805793862,404.8386872530658
2,683,42.2030025517425,38.92678936300045,28.142919092426915,75.77698346700818
2,684,497.94063652456083,469.6171368650106,271.86244349626133,889.5689573385897
2,685,47.95968636945124,44.57667644006445,24.592370624423392,91.018403222347
2,686,598.6464705695299,582.2184386110432,395.4898401702161,896.7257771860368
2,687,1298.5051147953793,1249.2529163597992,732.353032514398,2149.4705651822555
2,688,219.16835002693068,203.45387241327933,130.68361140852133,400.88746323885744
2,689,1071.9771700727556,1045.299999575072,711.8608831929337,1586.3707531810524
2,690,134.5903251962187,124.57469892062826,80.45473810588281,248.21352161403078
2,691,399.7083683486113,361.40769807206937,189.5774188657814,831.9975978856004
2,692,140.48903833231236,130.82149252970459,90.31425000326819,249.92158891258646
2,693,141.51513438481402,132.84552270974865,95.02970034831343,245.090208759573
2,694,177.06867406897237,165.7229588978277,105.85773139559144,316.2166197844509
2,695,789.3686039000947,764.0340462156871,510.6192148255692,1217.1462094534602
2,696,5939.30763832512,5855.213189388772,4087.39565818722,8264.765997922626
2,697,1075.0712008992252,1047.4364484203184,707.8967293520716,1597.2763181048513
2,698,2764.975392354328,2675.582635887054,1600.2433384514206,4456.976324963104
2,699,251.86151267997465,242.49580366245948,144.3319268639196,414.5169539657778
2,700,314.0233295911731,299.53952906927026,207.4453023814749,508.43340608183377
1,701,121.01267034543865,101.29257662034885,29.846607538919677,328.5446796715722
1,702,22.848701850408556,18.963138309834513,5.531751550660909,62.679909831241986
1,703,2.0529183863590643,1.6530134984679163,0.4523178260771756,6.024255023706449
1,704,0.35631617752720157,0.31083028249178807,0.12840888262655858,0.8552858205527184
1,705,32.530893296352026,28.95241599043837,11.268591014449331,74.53772913376093
1,706,7.702786591214049,6.437123379755278,1.4083987669369589,21.289244702268398
1,707,3.059881433012258,2.4663347810738836,0.6798878195336092,8.879221168455596
1,708,10.18760176373722,9.445343845039453,4.763935364712433,19.856940604290198
1,709,114.71610818909546,104.34987276532695,42.8208968724016,246.64704251739587
1,710,0.9393720616154819,0.769681960606957,0.21808967541016352,2.6454613459873912
1,711,6.968928431848033,6.5223295640364585,3.441150904463598,13.095593994007427
1,712,0.016030520800422145,0.014279554239249634,0.0,0.04518307803221591
1,713,1.9374259720507023,1.8155976405646133,0.9451550579221036,3.6363580535836477
1,714,8.438719355073143,7.497425929424768,2.8992588685928373,19.48542082767844
1,715,0.6745709707035622,0.6036604474794942,0.25535853996722524,1.5148170024840792
1,716,1.7547206062894105,1.6239721859975842,0.8001617112652997,3.484375568401254
1,717,12.571413692570069,10.292455064457975,2.9313998335874127,35.33869956310534
1,718,3.4579013414984274,3.2228758464771188,1.7393225667450176,6.527241678806276
1,719,89.20830835155566,76.07574083069541,22.962603035300745,231.0195051854082
1,720,0.45244208514585255,0.4029612094308938,0.17169095852878585,1.018508116220894
1,721,45.713117699279245,41.418599487819606,16.66303174430995,100.10042205501819
1,722,0.30485185564132666,0.2747447149051083,0.14314686607031452,0.6440744923903182
1,723,2.828907314877817,2.405261708964435,0.6520877304466199,7.517674431082226
1,724,1.487942385312346,1.320247793506713,0.6182439772477589,3.341893232943422
1,725,0.7089115966250028,0.6609786862564285,0.340091646763049,1.3614962202013017
1,726,4.168607410119868,3.9066900001097147,2.0326149226711308,7.796410998864655
1,727,0.8013800258008253,0.7505630277278045,0.39314958521281906,1.5078196718737706
1,728,171.46655229607217,156.78639390301342,65.56735848468756,363.85832394892367
1,729,31.690839735973967,28.475270224671295,11.382001197043628,70.2315652332209
1,730,8.485422962511999,7.49735507435053,2.7674129253486415,19.91441907268243
1,731,105.4095296747868,96.03895491063537,39.79458549631935,225.4212493458147
1,732,1.3327761550739228,1.2567629083720007,0.670623515393954,2.448729505185484
1,733,8.829725119460797,7.290835763466557,2.0978214787692306,24.673926784193103
1,734,1.2160133283537435,1.1422884269998317,0.6029524706978561,2.264553850857823
1,735,7.341876113779649,6.830804423560716,3.5406323730028086,14.178327068147121
1,736,24.017348379092738,21.734262830506456,8.835952920602418,52.69301732470432
1,737,0.5627000862491738,0.528976523059785,0.276082470097571,1.0411237907196342
1,738,0.8289128206225806,0.749439093785401,0.3828330215737934,1.745790803366161
1,739,0.9913873858243041,0.9068947947281076,0.4292593734948452,2.0449755174373587
1,740,72.17924516404764,65.36131092201214,26.798087796508895,156.89949433125363
1,741,1.3157260560734383,1.2275164030782666,0.6158637554452615,2.5349926754413494
1,742,8.9902428291176,8.529506163208264,4.623677429655305,16.06429505577569
1,743,1.5036858735512433,1.3901265136302672,0.7116082727620834,2.953205527123352
1,744,1118.9207044137095,1055.5706033185636,482.56159569344715,2113.4196630013876
1,745,25.82609641170689,21.55926146228905,6.30186605007124,70.61899391106597
1,746,0.501714334773184,0.47022925744489924,0.23219478008075564,0.9557609650822021
1,747,77.47123712226923,70.5958016254834,29.48418478782581,164.5782970625053
1,748,2574.8147950669413,2475.9055808702815,1307.211997234773,4395.482589860471
1,749,4.097525874865967,3.8936159705420654,2.165766948645406,7.217560556430342
1,750,0.12055603214432374,0.10715352129644203,0.0061840093266455195,0.31065163407110225
1,751,1.0839279318362118,1.0351199352341123,0.5772802662928691,1.8789488092798003
1,752,31.883958837791397,26.483670856878568,7.68199345529235,87.9811085204089
1,753,2.399932038213934,2.2397967004594133,1.161655683921795,4.578184496705946
1,754,18.881386898928614,16.98139473540607,6.7776641931137025,42.048091447821065
1,755,12.610313427114813,11.10169548685339,4.254689969706703,29.90976239575751
1,756,7.389442888965832,6.829608746369667,3.4094811123902153,14.608084282196806
1,757,0.05708652812111254,0.00037849277854598844,0.0,0.3246193527766076
1,758,0.2595881721887032,0.23605978920558252,0.11123472984179822,0.548089467407925
1,759,0.9600072248490075,0.77046122046645,0.20570210073641376,2.8273416339568005
1,760,0.07399068801834256,0.06801979403631458,0.01516972856897312,0.16389052996958922
1,761,0.2060147575713514,0.19111987746138454,0.09527994207571497,0.4028974734153499
1,762,0.06367426036342752,0.05347865686382053,0.0,0.1948437822664685
1,763,250.83216724144566,231.88016469944054,99.12772027664658,510.66823038867
1,764,0.8389354348412491,0.6509071163672326,0.13445868845728828,2.6643321684099073
1,765,0.5870594323453052,0.5271613141524569,0.2461666332060308,1.2861610196455746
1,766,0.6600146382087718,0.6127762103362154,0.3091363903796341,1.2838129263599036
1,767,1.8274825699801578,1.7077354978583719,0.8574663414822647,3.4748485522983104
1,768,0.9492365386375551,0.8697972230235551,0.40832523061513126,1.9482012381142726
1,769,0.09664706724961869,0.08513924558508405,0.0,0.25973092650474855
1,770,108.93908454652768,91.28853939274936,26.99144450342399,293.23792193845696
1,771,0.7304898092508773,0.6352099852863917,0.30047568565004623,1.727003628633269
1,772,38.81009744886349,34.452145952345994,13.280650512879669,89.52418984660146
1,773,0.5131590736685805,0.48399838068676215,0.25854878282447524,0.9383724410844175
1,774,0.8408435788363772,0.7811156267232886,0.40373828054659566,1.6233512036320952
1,775,1.7416324230340599,1.6277067337953657,0.8443572639858254,3.2997127682135865
1,776,1.2769549717007698,1.035259774439203,0.28529335497449587,3.67766208952196
1,777,0.10860456926401428,0.08786303585361832,0.0,0.36349133414671386
1,778,62.975843783660906,52.60323038949235,15.379354160641297,170.4641418476647
1,779,8.38230162222206,7.09178035583954,2.434757017334575,21.82493476226008
1,780,0.03776842469560079,0.03168171181666429,0.013215877165169814,0.0993816006836115
1,781,30.236558477829043,25.06496321781828,7.287079346857014,83.54358271068992
1,782,0.3621513909018303,0.2939335887115897,0.08253759237731892,1.041697614080446
1,783,12.158724226778133,10.039644942366607,2.8795929390224995,33.89030522069113
1,784,0.6547706209970915,0.6162447814065581,0.3291712644201923,1.2009678501417032
1,785,0.10762546150808257,0.08121527150518476,0.0,0.36893243215449806
1,786,5.790645471386066,4.6491581433232145,1.2578166554617387,17.083549312774462
1,787,5.651651326248572,4.960248863137764,1.817134086382585,13.449877931760259
1,788,2.4666018075385834,2.328488069351911,1.2526651256256467,4.490636902244787
1,789,1.9834476592163741,1.6229115995549928,0.46283694765327194,5.5854187358734375
1,790,2.391545554682487,2.246447193576316,1.2050489378053184,4.419054244816993
1,791,2.763114240286652,2.2482360723248638,0.6217265717809094,7.937264252075542
1,792,0.13469540016912404,0.12782949875241006,0.06509747876569397,0.2442512980633201
1,793,0.02782320990257192,0.02350511935881834,0.0011153939370541167,0.07853626451102809
1,794,0.8817794035482497,0.8079321556702763,0.4323059785796991,1.7709648080471692
1,795,0.30250514664995093,0.2666061585460462,0.06364093096218293,0.7494544220322907
1,796,0.04403438346005954,0.03901655293966219,0.010407791281395575,0.10252750893549337
1,797,1.0555488981514733,0.8583756383150509,0.23952267082442696,3.0188111349434332
1,798,17.92063898657196,14.879642116751633,4.337693680382606,49.31846394773298
1,799,1.9742755162352117,1.6053792344636855,0.4446601809125157,5.676151453482401
1,800,0.8592969613031356,0.6957349241250368,0.1917276552295002,2.4946878288285137
2,701,4266.851774078851,4129.86978592574,2467.2972324982384,6853.948006544814
2,702,753.038850918784,722.3033818963602,418.7378246490454,1263.2323342829861
2,703,91.29405028938822,84.61610459235425,44.835308632358235,176.79549177461587
2,704,182.16587285432652,163.2093938159137,96.3454204004571,379.5806052026868
2,705,793.0601822348708,755.0071797806136,487.5443905599562,1316.6377448379321
2,706,376.8968252901506,354.62544365435764,200.77527746512445,681.6502746720159
2,707,203.07350664660424,189.54983228949828,103.46142534462558,382.76531085447607
2,708,633.6166445361351,601.0270019138313,372.57377338122495,1081.0097462611047
2,709,1513.4160252041122,1472.9089406614191,988.9238209771763,2275.1962745790547
2,710,164.09401778991776,157.54047217356432,93.99962466451144,273.0006157009723
2,711,394.01159253251745,376.75995598893905,249.29152688223908,637.9636089761811
2,712,91.15230193921188,89.00406967406522,64.77631340168958,130.1818125242394
2,713,398.21787250271797,383.43252474658806,256.0514193937803,624.8371384178472
2,714,521.3309550966264,501.2241561574351,336.6061722404095,820.9528301335677
2,715,358.9289167977678,331.44977832001587,206.59102721682586,671.8268950076647
2,716,801.8552112268776,760.7837895324883,465.7382487824172,1371.6954554247736
2,717,1282.9805322833915,1227.0166734424288,700.7663201192297,2181.0020409763206
2,718,426.8345045078239,406.4531037784111,281.1646734980355,696.4969129169589
2,719,1238.6495876920462,1197.8633980207287,719.0001158531298,1993.3197058376304
2,720,377.70741120963095,347.46763794348203,206.7072898740616,724.7631988525421
2,721,1061.0883191771545,1033.3649367079918,696.2038871157025,1583.6697724718063
2,722,165.6455354937192,151.5673494476702,104.00298211170652,315.27682417553393
2,723,260.14245796852464,245.99580320336264,159.03239979626306,445.2778325718972
2,724,344.0524666333724,311.7876779083499,178.3959746674371,699.5022848161435
2,725,387.8623124084407,370.5297256326925,247.7896215916318,627.8449654855506
2,726,1023.2415223343263,985.7035289307839,639.7853640626262,1618.1401843554534
2,727,397.7688951987592,381.8547667215521,255.05621881530482,633.294485582024
2,728,3186.2612833572302,3133.8875187951176,2243.4852578464274,4424.298507190367
2,729,1017.7161836225429,989.5620170855076,661.3005543515326,1543.9520885403788
2,730,389.9286019330677,376.2087715775199,256.28569836607846,602.1388746980132
2,731,1973.5749817929554,1936.7115058015804,1354.5445340144752,2803.4846985919926
2,732,696.5819620192843,674.6041946350899,458.0071784660268,1067.0066503903563
2,733,682.5909767596363,656.1559269513459,383.47123097180776,1136.096734507002
2,734,521.7018901553963,503.8521940272569,335.53608265063053,812.0002284785812
2,735,572.2263054940951,544.2059198661502,356.32130487797184,949.7226966874172
2,736,310.6272993704519,299.097558017829,200.36070769714894,488.70050929515446
2,737,181.30396564037028,176.02804140756194,125.72563735711792,267.8609904887344
2,738,338.5446169354907,311.33325848447487,211.60613913220888,637.5033718305214
2,739,444.48558902563974,417.82360716262735,255.9255781381852,789.0668219269382
2,740,1691.4098353054342,1649.7867190274865,1132.717046426739,2484.590353036168
2,741,632.7103325574199,606.816314983733,385.2186315329076,1030.2579480659049
2,742,1185.963957977096,1156.9299899472855,789.2879598915576,1750.239287214449
2,743,492.9596166312904,466.3381470003037,299.17580733673856,842.4084185257243
2,744,4465.056115193275,4397.264862459433,3016.5454554893927,6306.325958255758
2,745,1081.27701312179,1043.1385240302882,617.5093415957424,1764.4225479561921
2,746,441.5686122481774,428.8238108531627,303.7100425110482,653.7818691211143
2,747,1410.3901251776856,1387.1910706582614,983.2556185654862,1970.9565581109896
2,748,9002.978163572514,8873.146268735369,6211.067635118317,12514.080319146693
2,749,409.22995576458885,398.4121395679106,286.19962358860283,594.8617363524214
2,750,114.85373589503104,107.4608249426197,71.27520961895434,202.91906782563194
2,751,351.8531050759796,346.3448561708442,254.16213009585294,481.86699194203163
2,752,2226.9095638532785,2148.568134722305,1272.4448482847029,3633.109922794281
2,753,520.799041555727,498.4013837013907,326.4885423420012,847.3885982927118
2,754,988.2895918966336,962.8429180933348,649.293847503585,1471.710893529846
2,755,172.8064857893161,160.54353394161257,98.66096252839453,317.45461714343406
2,756,812.5986040300548,767.7233930759904,469.88986193805937,1412.0667702526637
2,757,40.48586279289508,39.99640874738654,29.324519486278536,54.39113414510474
2,758,210.16523345304697,196.1467333946678,131.9482943419267,372.4484101122619
2,759,198.8474505483919,188.3016586241032,106.16920786508588,352.6367858347935
2,760,120.22644067803823,116.5177784759837,86.40652410123205,169.30941733774463
2,761,228.97875360625443,218.7091264651115,149.73512181590266,369.7061807801344
2,762,138.4577544170508,124.63489310610053,82.09932327920117,279.62898070435125
2,763,2043.636561714371,2004.664477444596,1388.1937786094268,2916.2922966155465
2,764,194.930095540193,182.6918566438314,103.87398677072568,359.8253149169313
2,765,193.25645514679056,177.42206800353102,106.51121828426702,373.6276437424623
2,766,441.6566212990071,421.604694389093,286.4863436353794,715.3739961647625
2,767,440.4428110734118,424.3989680897755,273.25750834690444,697.4240251290938
2,768,659.3550972545681,623.2152861110881,367.07857329899565,1156.9335899332118
2,769,154.541074213045,142.96042535584795,100.98943222915491,284.66582541550963
2,770,3167.0546024849646,3063.0234956268146,1831.0391864509575,5100.675458626558
2,771,339.177704759445,299.5615938283968,180.93112790155448,736.8428905323811
2,772,707.1645910151665,672.1761027010162,411.53534749566677,1205.3541630812233
2,773,215.8362265096564,209.38421567686163,146.63530654402902,323.0834004732552
2,774,278.08342998935416,264.2479890956851,174.95272177300805,463.2056553498765
2,775,500.20961863310254,479.9790898335901,316.78852017391506,799.020295879804
2,776,243.62385310525596,231.38127052807877,129.56405895442956,427.9983123074253
2,777,250.32765254085422,229.6189490550733,121.81194347853608,498.8576036809822
2,778,1915.0722929900107,1842.1658322807225,1075.7930362051222,3165.572622829927
2,779,259.8681686812336,237.0329445027672,133.64184352443107,520.6708482306301
2,780,77.978680347654,66.44296711614821,44.275122694002626,185.8177501750598
2,781,2659.520412503186,2565.4294630925474,1522.561511190953,4320.213906485528
2,782,88.59246381998283,84.32635070602223,51.17963441740851,148.0768892199939
2,783,1074.2175497657647,1031.2194871531765,601.2523024925451,1788.2004742590495
2,784,317.39895398484316,306.89075434345494,214.0014778409584,481.38000823058314
2,785,45.61653275337312,44.275341770403244,27.155085581926,71.74085224355021
2,786,773.8370037021768,722.7534162886202,385.0439531828823,1458.0978542576245
2,787,349.5717523196289,334.5657918837363,215.4390632407301,569.5167084329088
2,788,859.2268150219728,835.2107800650695,571.1051116865142,1285.7881116522117
2,789,203.84184226848222,194.13640046124658,112.03032941640049,351.8672974471413
2,790,268.71026387156434,258.45369569570823,177.1885012385271,421.1292512621705
2,791,323.1977588595324,308.21034201044677,176.12352303019634,557.6565286888498
2,792,56.458292672365324,55.88462951040199,41.77074250431033,74.41651882341908
2,793,37.72164889257747,32.816976723187864,22.74905204306178,85.17971699884154
2,794,131.22207192649628,122.0785193988047,85.52912358266951,235.6617986110325
2,795,178.36632687638772,164.99502317215922,100.85430170093225,335.42623142092816
2,796,46.74150922463417,43.094635071522006,31.231252434008667,82.90805701418587
2,797,230.98738015178594,219.72564887989722,125.30974707368318,402.8585903680738
2,798,1132.2928087239034,1092.765096569283,648.0944167703767,1837.6489544212675
2,799,214.34560473899424,202.4394007701987,115.56170723695762,381.68993485798364
2,800,175.42620869504512,166.53966202731772,96.78821311923248,307.7570802452583
1,801,0.24211185239976354,0.22985680478657028,0.1254473624502189,0.4285363206062817
1,802,7.897575866069152,7.1181948997507645,3.5249944570583995,16.846011794003033
1,803,0.14392786725563253,0.13399572156472844,0.06679914696120991,0.27918564703680815
1,804,0.22929496735713667,0.2148015127335704,0.11171680487248525,0.4333001837030951
1,805,0.563936586607879,0.502587608441739,0.2442637075222707,1.24881854095112
1,806,0.2992387760766504,0.27312110195065065,0.1183138991376672,0.6317589294322754
1,807,0.569144783298713,0.5273126379765319,0.2680717763370621,1.1186577955072792
1,808,2.697136791697966,2.526806146112089,1.3143097210195696,5.066702267420134
1,809,0.3856496814391512,0.35441327871812994,0.1933346230221354,0.7480694091081996
1,810,0.33295199917730245,0.30816567850372567,0.1678795273448462,0.6278127796686375
1,811,1.6405988126640825,1.378832110007664,0.6686723175292842,4.236877264063802
1,812,0.6300709900933857,0.5560379602331436,0.2700085255586434,1.4278247736960656
1,813,0.33574980007249544,0.3111148363096056,0.15961566673081104,0.6558574931839983
1,814,2.8827760184153797,2.676205909220598,1.2990867333974936,5.671625493505642
1,815,4.16563026460348,3.9882826932220627,2.2557828407310643,7.126425363061429
1,816,24.621446133628197,20.2183000908378,5.736818708573364,69.07583771058768
1,817,0.17193828574828393,0.15037410065105117,0.06439612242900102,0.40746004663775676
1,818,0.2118305344949049,0.18622655065294494,0.09119277489030242,0.48325938306953964
1,819,0.18393378185708853,0.16676039560072906,0.05675947069114497,0.41006277740049174
1,820,1.7184798055920532,1.588001515609553,0.7694059777843071,3.4104688907539353
1,821,0.7507700061652851,0.6981037905895375,0.344115341300573,1.4655008654784043
1,822,10.402646428173858,8.585379349014438,2.4583730536368975,28.88535145383439
1,823,0.9130650416947994,0.8265264245889772,0.38072787359186216,1.9484770850776905
1,824,0.49687711633036974,0.4650876477416118,0.2423718924191074,0.9332052640572596
1,825,0.8734105921729997,0.744362316062243,0.32095364132711485,2.1936247177324804
1,826,1.3242643012955333,1.1868189039113837,0.6308163896655905,2.8448591967454395
1,827,0.2889182344067018,0.2621595918748581,0.12294144677787776,0.6091848361038146
1,828,0.2989111501940993,0.2631494347962755,0.13280546718841302,0.680417169239893
1,829,0.4770654280188395,0.38873886312285033,0.10930844360556474,1.365003472604626
1,830,0.7692262313183502,0.6178131295833132,0.17004818010948686,2.265294377275206
1,831,0.9901363895433348,0.9400723365569936,0.5192396530757273,1.7476148434846408
1,832,0.9601874314806371,0.8430694307363416,0.38754885673918954,2.2252241333595064
1,833,1.3926472713311586,1.2890599293746186,0.6319073194633591,2.741929613365987
1,834,0.686366229225152,0.5645112746471834,0.16238200739578237,1.9285486849538
1,835,0.8239051453288323,0.7784505778193145,0.43504212825043515,1.4605683954614679
1,836,0.12075267945974158,0.11481675886918578,0.059910838425998855,0.21590053953066485
1,837,0.3042348315710692,0.28673985710137373,0.14706361616911956,0.564596471593168
1,838,0.2180973037145263,0.20308343626800435,0.10471231067928696,0.4199110233821069
1,839,0.3404843642551233,0.31330306986335665,0.15354919227599273,0.6815112058229853
1,840,0.4397006441929755,0.4043571751616397,0.1971132490366547,0.8865425132962168
1,841,2.6389864549347153,2.186329389496523,0.6357886691667957,7.309849923010776
1,842,0.48947030504667155,0.43009420294681,0.20173418434951987,1.1332029416462006
1,843,30.535773955502304,25.32820286127837,7.391288340690261,84.66960364379314
1,844,0.9943550633864492,0.8083585906679367,0.22387713228957845,2.853754170107341
1,845,0.3555912757044049,0.3264209371825718,0.15574882765751458,0.7278888920687875
1,846,0.6411893915235668,0.593945595310659,0.2988778577509036,1.2526851223009996
1,847,0.8804773200266469,0.8208055604907737,0.39798608367135513,1.7151872471530407
1,848,28.4347603736387,23.429611517419513,6.7511010280672625,79.49563008927632
1,849,1.7931864955641883,1.665257072629911,0.8721116412674692,3.45549899543475
1,850,0.16877351695142598,0.15207339653231422,0.0730862351991483,0.3591257736733037
1,851,0.26783295675098395,0.2507558015605565,0.1406820052427016,0.4826267687028218
1,852,1.4928456236898593,1.1832698737626588,0.314235133237632,4.484795303858139
1,853,0.39249036218119404,0.366360670499032,0.18970622272641288,0.7489072377145736
1,854,1.100387580453561,1.008837997201519,0.46542913476014947,2.26871264494481
1,855,9.730805916633093,9.153055801063463,4.953260151331011,17.838063871617454
1,856,1.5569142240291436,1.1909550604802404,0.3028837280993908,5.004128740865613
1,857,0.09742738517508849,0.0897781836554972,0.045163972565156245,0.18600448109571077
1,858,0.1039141285786528,0.09355294151795585,0.048896413319675175,0.21529819168949235
1,859,0.04108783987358997,0.03467212334499557,0.0,0.1249714600820087
1,860,0.1523134651515771,0.135947705080563,0.024637515326128637,0.3690350792050438
1,861,6.1923490235616985,5.868122509797782,3.2435104989446892,11.05699100670552
1,862,0.7627195842136058,0.6999371689492155,0.3690678581343332,1.5271396881432502
1,863,0.5784573272824959,0.5360865989034371,0.29399509090914083,1.0574012438652303
1,864,0.8838128887810465,0.805488397592521,0.3735304006250844,1.8530444077402919
1,865,0.40090718940217235,0.34097523544552877,0.15723195670888498,1.0007498224387195
1,866,1.244067900416144,1.1471537106317407,0.6188032971290355,2.441339450120218
1,867,0.36081307251550176,0.31522512528257063,0.15608148587319418,0.8413420541502393
1,868,195.3151239983724,163.8912714248372,48.372212072383796,525.0720933235076
1,869,28.672610837181857,23.759927093935435,6.804093049234508,79.69620479593037
1,870,0.38472537641559623,0.3597764337828039,0.1818410641504438,0.7339570690178776
1,871,0.04630984274898783,0.04346557508941237,0.017178937817332506,0.09154413799244851
1,872,0.36326668837359133,0.3243992587994954,0.16890538807244104,0.7950553704432318
1,873,40.42775541571668,33.60106138088787,9.65476407826519,111.5125530273477
1,874,0.27337576496395066,0.25781715051190546,0.14039608488920716,0.489687606533036
1,875,4.775610283188683,4.431974564251276,2.317787471562589,9.14971993641995
1,876,15.712125715955631,12.962461480634557,3.7172170348635825,43.41194627259042
1,877,1.7548165010307393,1.60831868282601,0.8493488921097657,3.544724204370906
1,878,0.30671081713297066,0.26594697759964403,0.13893098825414937,0.7243096381581849
1,879,0.5426653915177936,0.49401188783653377,0.245625496651461,1.1237515902594668
1,880,0.11068787669023124,0.09688827984248347,0.044513827518043225,0.25953382623204757
1,881,3.4536707628057792,3.279522200793912,1.8203324074446086,6.112533575943203
1,882,4.689096293911002,3.874028679308368,1.1140719382454491,13.164220476505127
1,883,5.209053601219195,4.244823667054547,1.1918944733441525,14.934407534699657
1,884,0.030411745085245735,0.028457314631585275,0.007154213276314415,0.0648741726952973
1,885,1.7300983718501597,1.6291434597750138,0.8892160609148579,3.165679669404351
1,886,0.7018283493142086,0.6310271972211582,0.30635183767712815,1.5234095098665579
1,887,0.807165941784709,0.7412357932526594,0.3644333158991342,1.6367428741352756
1,888,56.685674316420204,48.07193573982907,14.262757152375954,149.10555642444015
1,889,0.18220569583494903,0.17431996195841776,0.09732209006669794,0.3125101248234845
1,890,2.5682371627081513,2.3815145661830535,1.2232359705701956,5.024072828439343
1,891,0.4356431821213029,0.39621970143278934,0.204735735249301,0.9011341775335068
1,892,0.014073257159933504,0.011883733627653555,0.0,0.04471577353399863
1,893,0.6444704837501923,0.5741071934787892,0.26132409548759644,1.4433831536622168
1,894,0.13282225851031967,0.12108251679249585,0.06495035227133089,0.2604415163351919
1,895,3.948707876096881,3.6642267060523057,1.8526018687144188,7.71196582125178
1,896,0.35143705086813937,0.3053248176451889,0.0,0.9594426377677824
1,897,0.29355120672643265,0.27751229312672343,0.15014783685838312,0.53067574817522
1,898,10.670839542029759,8.788052004645397,2.500416516366123,29.89352363524631
1,899,0.2237197920172491,0.18543865632577672,0.08226863137515245,0.6057188538134258
1,900,0.10719312664781126,0.10209950505022079,0.05465276724913949,0.18884100889172942
2,801,179.57421672472998,175.75676945928996,126.69543341473762,255.0164186024053
2,802,280.80831499002284,257.5820024515436,156.54223355770856,540.921021082833
2,803,162.95779398731415,156.19955748573676,105.49655629858638,259.8016921192255
2,804,105.95252119581362,101.93576953560923,70.48121747823858,165.78891688182065
2,805,252.70452416839433,229.04309760893693,144.55916912008325,503.41962629624356
2,806,156.91765097205487,147.99362310086588,96.38709690562392,270.4197141635902
2,807,257.9908964294671,244.85501092284795,156.3690374362199,436.776521962387
2,808,608.2938186347219,584.8518206342223,382.0899292023169,970.1166790647898
2,809,98.7974512279865,92.84090501136205,67.14963742232071,167.5965580480684
2,810,99.03399902290145,94.09606050148369,68.94678034803448,156.35390560204092
2,811,113.17710924445329,95.80082310815904,60.49996188020647,273.46889205314136
2,812,184.37983605486636,165.21764122150893,107.35802595098396,379.8287162893569
2,813,216.4660216360337,205.3289070016724,135.1184718410817,364.49085133873155
2,814,1077.9202697930582,1030.6045493852469,609.7057916418593,1823.6675666279114
2,815,128.7224574428584,126.54072222718376,91.54291627907584,178.20802520978864
2,816,1173.9856219379035,1117.3380377940753,624.0265860758211,2046.7425679289054
2,817,126.16438418254417,113.36526337736362,67.12313517508453,261.60041732995086
2,818,80.32218509822533,71.54040224559284,48.734443344135585,167.3990104430188
2,819,159.84525960269167,150.66037945856004,106.3504508002855,271.9459621154283
2,820,587.4680249239767,559.780633706036,352.06621332702485,980.6479929424701
2,821,337.95359729492156,323.21136111123025,199.44905016231837,562.6890067823049
2,822,1042.528051433186,1003.4103959533413,589.0415470994155,1718.6458211195793
2,823,133.59567031378444,124.30188816850568,77.60376988651251,244.22291379676895
2,824,227.30935234522582,218.6892987611235,148.6963859739162,355.99865150365514
2,825,280.7537856094223,243.99445478209515,132.78703450144127,646.8481958690508
2,826,93.30615700344404,84.67549375703936,58.91875711195648,184.2391332577929
2,827,104.96511312147786,98.1411864396388,59.36083739297816,191.6135196317577
2,828,91.54263822573238,81.53984664184567,54.81186133333829,190.3220800729201
2,829,89.19305369546922,85.1098369748328,49.64251490970068,151.69530349345027
2,830,90.83890468639204,84.38462210431875,46.694597313458914,174.2848336770418
2,831,130.52043601228547,127.34425128771682,92.1267425605355,187.63431267784136
2,832,172.9347917916718,154.67492255497632,89.66356217991765,363.95238549497833
2,833,331.336255132911,315.082992213769,189.9372729519768,566.7904749983105
2,834,99.23294002619008,95.2983929265551,56.521514275651,164.98742685987955
2,835,169.59523972374936,165.16702883631046,123.00328496429877,235.4144162973992
2,836,66.97470799426108,66.23089367198001,49.48612471823934,88.51628288051886
2,837,85.11750827590093,82.93824081244139,59.428988752673284,123.53196797046914
2,838,75.14052959833046,71.60786554296777,48.30308379163121,122.14684749961197
2,839,144.16979422038446,136.38362232815211,98.10379082263277,238.8402737833972
2,840,293.91307551276526,277.6213864496593,174.8569134857974,505.7253655010946
2,841,279.69869465692915,269.7757192881422,161.57216007449333,454.7433902003021
2,842,201.16572151122753,179.1995740826755,117.74655981557082,419.2675065111096
2,843,1473.5513955653516,1417.9669766255715,835.4524107651131,2428.4921111971803
2,844,144.00960376026993,138.35745817077577,82.32408396771737,238.9431396308242
2,845,186.3599611252594,175.26352006636444,103.9625460265133,333.54013132793034
2,846,206.37938240649927,196.3680458486015,126.3640405883112,344.6861334807639
2,847,435.21558118207685,419.3570772198782,279.0026463418352,683.8292996044094
2,848,2444.764610097163,2347.037180083553,1357.779297157695,4093.106631799333
2,849,131.77012908844986,125.14916446091637,82.84801085997911,220.01345738320742
2,850,78.22518551879715,72.15069013983492,51.68747473405854,143.47659446497985
2,851,89.13796121762923,85.63112336087468,63.25561830627789,130.7647220821589
2,852,142.52760358166023,130.93247060027835,71.20677322835972,280.350550863574
2,853,256.81195387880945,246.34966893452898,165.42725240501156,410.59332673576495
2,854,616.0550789444068,582.5949037216109,349.72856688744326,1073.9944765122068
2,855,434.34590854419224,418.243067313525,284.3137288127744,678.3959845253918
2,856,178.52133840264625,157.47464334219273,77.20746377861089,403.1220038707141
2,857,83.0483685628078,79.05333874074859,58.16211168544102,124.69145575742199
2,858,74.5668292857248,68.51402071534824,49.173356138712045,137.15257416473915
2,859,70.0496897975034,63.05121161263225,44.14673479801091,140.91828409546906
2,860,85.99872325160489,80.01070645970049,57.62217079131066,152.76359139146916
2,861,389.7502746706897,378.11218665114984,269.32521385210373,578.4280854956896
2,862,141.6309429192904,132.23253828602515,89.9404819931055,250.59902478730697
2,863,49.73653842352322,47.467231543479684,34.85543788992369,73.24863451358851
2,864,303.67627837232294,285.00699195416445,168.32464096735222,546.9013816847767
2,865,139.00819014978745,119.91490821786236,68.28544748014542,321.98216816141394
2,866,239.6428291342374,225.05330695216344,157.00652441772337,416.27282431318014
2,867,86.46773655540437,76.31253232303416,48.506208025929936,187.75311850506003
2,868,5858.697646512604,5668.63058692382,3399.1658466315666,9386.63849423337
2,869,998.4449641805435,952.046431641229,541.4907679285221,1713.955901462768
2,870,185.7074819087445,178.8948425810875,124.98362131630287,287.10283529351
2,871,32.7161321703045,32.357039447672065,24.11591470191894,43.29138456280905
2,872,100.3695783481592,90.56253281024381,61.60604455177332,201.0973265784383
2,873,1750.9687424274891,1681.6031256212468,980.1932003327856,2915.9706417401635
2,874,86.22090425115424,84.01874561519966,62.259413673521095,118.25752573105083
2,875,415.599579819656,394.6295558602013,259.01515591358435,694.0644021997203
2,876,1066.3724296986647,1021.3492845398764,591.751473938209,1800.7174861967746
2,877,177.22889500123452,164.7882128525717,111.21959076160007,318.45302639216055
2,878,59.79301014673005,52.37391935736008,36.10101644791854,133.0782662406009
2,879,162.37884622798117,150.8107704808848,93.95930680168776,298.9235719576935
2,880,84.92095442008113,75.69907732676663,48.835691452501514,176.4398594100019
2,881,324.3428029584466,316.56224012257644,225.80960785846483,468.9647067312697
2,882,405.99939469542653,390.75974960190274,229.7976251748098,671.1502342000487
2,883,217.50853422754315,204.4830019862307,112.61442607945331,400.4623334019838
2,884,45.7472923332881,45.26201722148034,33.884645172501195,60.37445791296088
2,885,366.2313287901679,352.9646126332302,251.16027940287142,558.9193990151878
2,886,141.17255397620505,129.31367931691557,81.1080389063066,270.7395709698521
2,887,295.6321103592565,279.1389806841993,176.71682564254107,511.82603844632223
2,888,850.137537004839,818.759513854415,476.59526884850527,1408.0187840747205
2,889,57.09479107810096,56.47994507004382,42.35876874019392,75.2217508758057
2,890,156.53774659902373,148.2272025907556,96.06321848791512,265.5559370474104
2,891,116.01959582366692,107.35267459110823,74.64870090995295,212.49450594332058
2,892,64.08665633794482,62.443683771210246,44.64008533289273,93.28766878348473
2,893,217.12223438329733,197.59504565815226,115.70492983186787,432.5372684224658
2,894,33.844506319781054,31.604174759041882,22.714242975384206,57.306865498444814
2,895,299.26104690195257,283.8336906075881,178.03549098458467,509.6745999665181
2,896,183.00381611957886,170.19375686542867,101.60708848006561,338.49840665931544
2,897,80.81254398876503,78.6037881297201,55.95916757701011,118.89635525917127
2,898,578.832733246085,551.9084448592158,316.52535955704604,995.8661816149782
2,899,33.67314991501501,28.20155856325953,17.28849230839955,83.49129882389838
2,900,25.304000870284433,25.018676608743768,18.66152684245642,33.53035404786529
1,901,1.147277303083396,0.9186334407080687,0.24882758065176006,3.3940245469519836
1,902,0.16516505171707024,0.1579739513238491,0.08740527880108293,0.28487963937577576
1,903,0.09379619875758502,0.08719329010566607,0.022510223464596444,0.20338833057546488
1,904,0.14207416863615327,0.13409208215902024,0.06109082158132517,0.2684620011941572
1,905,0.25199241457576177,0.22700458747315444,0.09751652197504046,0.5556889110380098
1,906,0.14468803209479797,0.13605074429205016,0.06097494513523876,0.27827115459383467
1,907,0.0352093776344846,0.029364810922661896,0.004156356071084698,0.09783830044511481
1,908,4.135845215131457,3.8779914518897245,2.040135365500569,7.7324051324437075
1,909,2.6131801404668633,2.400367383165873,1.2027740741674513,5.2741714053921855
1,910,0.057555373584459175,0.054447982835142544,0.026763491182344227,0.10587105428070057
1,911,0.6920530477687215,0.649002698381413,0.3560450628051215,1.2797304458917305
1,912,0.8785267928262225,0.6697006642390171,0.1676745550555747,2.850292931574023
1,913,38.57154738251197,31.93971666529732,9.20515676562318,106.516143317393
1,914,0.9315025332889133,0.8423823760250564,0.38572291238627315,2.0015503370111483
1,915,0.0470758034812364,0.04435211601222666,0.019385037466346497,0.09064862126390495
1,916,1.730814369206934,1.539650169547071,0.7579843688780441,3.832972358097894
1,917,0.31407067440372577,0.29471533125823696,0.16236111617962787,0.5588666918155103
1,918,22.52632877637166,21.299828900614155,12.078283204095198,40.012808394713346
1,919,29.034043317217765,27.003523995939496,14.843919604001591,55.61460833058849
1,920,0.6963735395902365,0.6550901598581022,0.3508320710652147,1.2770881891932497
1,921,17.277521529532176,14.378945622938598,4.158251502273154,47.12512785442513
1,922,0.016442282052960493,0.013895721630799284,0.0,0.04635235310361524
1,923,0.013434704715517456,0.011589243788750071,0.0,0.04060844702672423
1,924,7.739180411127079,6.625090843145335,3.0878376483628824,19.34981758660083
1,925,0.9495472188882694,0.817947591318346,0.3957389875430208,2.3024367617029884
1,926,0.35565089590919197,0.25779007188432523,0.07869886747641366,1.2169400648451099
1,927,0.1774115971912434,0.15708794482063326,0.07463251720189433,0.4039637988867565
1,928,1.155225499959213,0.9620192636141072,0.44753566736242545,3.0594206451640047
1,929,0.1801958726095985,0.17007799660831718,0.07812450973110863,0.3410642926119847
1,930,8.901404014872517,7.472565396677252,2.211654916294646,23.89007312799487
1,931,0.7920539708675994,0.7574281684849848,0.42159339858160677,1.3617124828163791
1,932,0.08980889543318223,0.07673861612894917,0.02937718537830994,0.2286251845120928
1,933,2.0688503452929297,1.6623612966214742,0.457566236732231,6.111929497081733
1,934,1.303296744509954,1.055762987740487,0.29678668035502037,3.750013056741598
1,935,0.036914233362781025,0.030785523110588967,0.005751718450560701,0.10481712242932947
1,936,594.3083367596882,548.528976380242,234.19306550584804,1214.8632850308861
1,937,4.396209142782835,3.759441859283382,1.2633224299607326,11.283742314112985
1,938,0.2605208020171824,0.22911660280241086,0.0909547976936578,0.6181523694432876
1,939,0.08477387895500096,0.07196683046931883,0.03569403727204193,0.21481151602731216
1,940,0.8255869336705158,0.7771524624568162,0.4169213370363082,1.5228549873290915
1,941,0.26380635707703937,0.20549269088941474,0.09021456727185748,0.8054173152697747
1,942,65.3142373952761,59.30009363506326,24.401557605548497,140.41003670966145
1,943,0.11204311959605642,0.09676623235344022,0.04551228380814021,0.2710140568389893
1,944,3.8367827319912293,3.2665705596254178,1.2308725548746582,9.781789299194307
1,945,0.1188364790975882,0.1135249521614447,0.06376333242255969,0.20444441451362108
1,946,10.00624567134829,9.256550536955107,4.5069283305564,19.846034199240716
1,947,1.6486438324726453,1.4946640355121805,0.6990476304796269,3.4872850894021856
1,948,0.37717636135546295,0.3482007735979509,0.18539971818419954,0.7426173030620239
1,949,0.2805729121790851,0.2490685588342227,0.11519038997079646,0.6358856026697252
1,950,0.5918587879148699,0.5665031546273179,0.31566165314286937,1.0207963443457517
1,951,11.720719721369681,10.443723000544107,4.133276108264275,26.69348826221494
1,952,0.08518658238080844,0.07596681493117471,0.0,0.2188526155496551
1,953,2.742192010503652,2.5543296538577276,1.2425041631970144,5.3355726615190955
1,954,0.14698716177489113,0.1384821079215257,0.060456146531206754,0.28405989023679395
1,955,0.6495395753953661,0.530531177858825,0.23440980588307325,1.8146753727705793
1,956,0.19598538729772666,0.18383289131964564,0.09595594614731479,0.3674371188402508
1,957,1.1431935542806526,1.0238641737461744,0.4668682299677744,2.5347018907067547
1,958,0.26054465893309225,0.24907165246512702,0.1389663881106435,0.44756131415246475
1,959,0.20972346221450017,0.19967620620057747,0.10781868626936837,0.3700030219305636
1,960,1.864311267022848,1.4922694471890372,0.39938814019237917,5.509759768826098
1,961,0.06645594405426959,0.05653959986967973,0.016455424220593325,0.1759434877167751
1,962,0.10607792671437366,0.1003580050298557,0.048077882454103014,0.1973566147723446
1,963,0.5817020448003639,0.500584796976395,0.2378648820324062,1.4269134261567782
1,964,0.08713218054755666,0.07789904464658307,0.031126816689322802,0.1962681769089057
1,965,5.985307609374924,4.844828797047052,1.3231660574333193,17.332046263035746
1,966,0.5902455975915453,0.53030797408334,0.27676888930325455,1.2604590139884018
1,967,0.18801504900862595,0.15582969942613656,0.06531024290944248,0.509638293666251
1,968,6.432453468143728,6.017299266618025,3.063203811230815,12.22035534746557
1,969,0.059386390977552904,0.04914519639168348,0.0,0.18386307496452076
1,970,1.07026157320536,0.9863871581738984,0.5314494617316973,2.094726811857967
1,971,20.066140259577324,16.724218853188717,4.902684042954701,54.717473675725365
1,972,0.16022548587391894,0.13727019265575074,0.05742370050922144,0.40012938829451766
1,973,0.13611597221855443,0.11476838632373242,0.04974482026688008,0.35465975869265454
1,974,0.20172198881800413,0.17514967301911266,0.06342202738506857,0.4979015739013788
1,975,6.891961750066853,6.421077563719864,3.231282483073669,13.346915872265226
1,976,0.6518033223521038,0.6165025521585203,0.303680601629422,1.2062066793725235
1,977,258.1218268726786,218.35393216599044,65.26205287425941,682.3424473397439
1,978,20.179238856362947,19.40099199836478,11.314588843463433,33.62737579129544
1,979,65.14925508714278,54.84315318476637,16.312046489609216,174.1849487646437
1,980,0.1104200772264203,0.09701226254897113,0.04994402688309162,0.24127623239645113
1,981,0.4516790427607398,0.42650674535097666,0.209777194046863,0.8351908015230719
1,982,0.030365033044569126,0.028193458466114797,0.0017035453816053893,0.07050294397487243
1,983,0.3880016463899732,0.35449456270018165,0.19561736812636715,0.742938091806854
1,984,0.7555704812036351,0.6917687652185883,0.2816085504745064,1.6005730271911696
1,985,1.694836973401339,1.6221469588301147,0.9039960060697195,2.900175536191819
1,986,3.5506749601822296,2.9086449194837773,0.8181418401949435,10.10895454393727
1,987,0.4692131414363051,0.4386326409747188,0.24054974094864368,0.8526981582829429
1,988,0.0048036267408280535,0.004025840961475399,0.0,0.015423797009777676
1,989,0.7457139619247886,0.604013274849756,0.16829670783883766,2.165306266071844
1,990,0.11650583241504672,0.09073202922272026,0.0296177435656849,0.36864860078792433
1,991,0.1421203203029936,0.132054735990105,0.06411509997837894,0.27108314606387074
1,992,0.6780968800807112,0.6350859049338575,0.3050003540104208,1.295367739236101
1,993,0.20849407102315567,0.19869835575863645,0.10853011004476154,0.36552371861399807
1,994,0.004732696665385362,0.003553929346331315,0.0,0.017535026698942448
1,995,552.837299229991,529.4817681612876,258.04105961904304,983.6598527840047
1,996,0.7502486481798857,0.6772597200102675,0.3345834562443764,1.6078531215043088
1,997,1.12977969340542,0.9106242216982432,0.25394987082289133,3.2898750878129244
1,998,0.605451166846907,0.5422556208331109,0.2561834203406734,1.3267950108395719
1,999,0.3101614899064688,0.24255958936009137,0.06644341594159495,0.944386200827766
1,1000,2.452697441858786,2.2678461560388605,1.1398151875200537,4.844143855352166
2,901,146.94588584913285,137.62893094064293,77.75913014689635,270.94498360999046
2,902,19.296199441705298,19.071919316612245,13.95381674901906,25.95535705164554
2,903,14.01220918981,13.84523075313647,9.952805212578387,19.058072226961947
2,904,59.43495525158904,58.78977940797361,43.675586519598866,78.89632715411837
2,905,86.39046046899216,79.78876829679457,55.24225045252904,159.51802547778234
2,906,69.62729127089261,68.38310959135545,49.90407560748386,96.81100253693238
2,907,16.651582409595196,14.41307356043368,9.781008514910269,38.01667694414984
2,908,391.1389768729433,376.50541821153286,246.83493244300206,622.0585506357467
2,909,510.2578703021762,479.92884258572815,295.90268857403964,899.3967904936181
2,910,21.090498577384572,20.84008131477944,15.17775307398029,28.456045097015757
2,911,159.9043516166348,153.46425016474893,110.70624846207228,250.0954047365984
2,912,113.27305514402657,98.99231447857592,46.990512732213624,265.00227713184756
2,913,1706.283257145305,1639.2841423406503,941.0575162657914,2855.26654428273
2,914,43.6620678751918,40.50083447008012,22.34280333867517,83.45435225422283
2,915,18.00258272536525,17.79327414675523,13.206202960720333,23.961042484239773
2,916,371.26989206740654,335.2384281645728,206.55288068453555,751.9956511443715
2,917,59.092247083992426,57.21938557110207,42.37682663019578,81.77256332918304
2,918,292.8482051700988,281.9572785085277,201.94142623563786,449.69357918714707
2,919,297.41459849299866,280.41724175536535,190.74177589734776,509.53935238148534
2,920,240.317797999033,231.84841950218708,163.55476859804668,366.9065359858887
2,921,315.17627388117893,298.414134887579,167.0980987247134,561.5653602604225
2,922,24.72951569003397,21.818911398381772,15.148450425140355,53.88985601723587
2,923,17.902381684102735,17.698557559948632,12.883062676745771,24.134447833197967
2,924,77.99914461773817,67.55453982324481,39.478543499882996,181.03329925646383
2,925,66.258957550126,57.646478547262674,35.0774383468961,149.55545366441322
2,926,30.47113671572536,22.944994600275855,9.376551337805274,96.57749497366015
2,927,60.923470929296016,54.78539311087667,37.52944151697544,122.94801486358307
2,928,25.560950986471447,21.571721804993665,13.234746663964978,63.26469461900785
2,929,39.090867162465706,38.6529380538347,28.748029972413715,51.86035418742607
2,930,211.00941157146022,203.82963744282722,121.47715821398073,343.7491415770641
2,931,24.740463536379142,24.447165049876283,17.83779941725931,33.31287409935752
2,932,24.29849089998559,21.385332987441025,12.228897310579974,53.7084769386622
2,933,117.66962266535087,109.62968710737063,59.95566603742939,222.10677033204317
2,934,159.9146361753231,150.76298959485612,84.77548507714043,290.3617855294911
2,935,37.29165587346768,32.04280755136301,20.1932665221449,86.672638583018
2,936,6138.101665922402,6043.5505894945745,4309.72505259403,8485.593896625785
2,937,113.6984638658532,100.31319237720913,38.11201146164353,266.51340063249165
2,938,84.07937359130558,75.9697972369849,48.9000113389607,169.34419241293156
2,939,24.090609489145283,20.583477569587934,13.739118320105552,57.77744530982371
2,940,181.44414794976112,175.37643579077502,123.22308814787206,275.8312714895042
2,941,19.109785931333317,14.969349337487849,9.130502289810634,54.959973531176885
2,942,800.017553632599,772.9268463909144,524.5223093002816,1237.54496170399
2,943,28.758185936582805,25.12422960356521,17.142835641946217,64.3231954394362
2,944,97.86190125678257,87.7611888056511,57.13687209398605,201.71651621859408
2,945,19.61060787667637,19.388742232649577,14.245677459798179,26.262877813895113
2,946,444.20567015953145,422.0156889853836,245.07283165088467,773.9242094970488
2,947,458.4652207898435,426.3306031750218,241.57332898988938,859.2543692327946
2,948,111.30550109080997,104.73895344362415,73.86867782830252,190.50227400433081
2,949,125.70651696177535,114.13482128207532,69.99329433791644,250.1059166343894
2,950,28.08363628051164,27.748881483613253,20.354074030375845,37.66053074908899
2,951,315.5804129507891,300.7871034777053,203.12574110169905,515.1213578696138
2,952,47.68211247596241,45.277346426559575,32.55582048926325,74.02535264836288
2,953,438.0662879698551,420.75064766777393,245.99033879616317,727.8501344087153
2,954,40.22813062164167,39.77740977195588,29.51864808529459,53.44832971934285
2,955,30.20504681253017,24.94330817379798,15.189171039494196,78.11507893069638
2,956,88.1063946060636,84.94266339828596,60.25642483546667,135.12925500540095
2,957,236.4866402185651,216.6194251908537,119.77394915754462,469.0091212072057
2,958,20.676814232753113,20.423993599267305,14.91973548004918,27.827124643900035
2,959,47.59812971097135,47.037545020353974,34.454709684887256,63.82160414700026
2,960,165.23235699940943,154.3751485370089,83.43722507810105,309.877056614127
2,961,37.861497474256055,32.985631046717685,21.959374745147837,85.4036695497404
2,962,43.780644817405964,43.31633084420858,32.298716256397384,57.922038183475344
2,963,92.11628397978846,80.09923738999147,50.345252515223414,207.77665919702196
2,964,46.14560053039612,42.30383458713334,29.54901946600833,87.35107835630366
2,965,348.0740895989564,326.1405029579027,171.05732958000848,650.1974407752529
2,966,87.00490701994859,79.44425233835437,54.102467016843946,167.90630250873554
2,967,30.752466092896046,25.8535630612097,16.218968425312642,76.26440220663244
2,968,799.8042576844296,769.3727869370646,477.95411157093486,1297.6511385947153
2,969,61.829831765475355,54.05425442578321,31.985217209622384,138.64593893536644
2,970,81.1264565514453,76.3122914626137,54.61725900549472,138.05862236858408
2,971,627.3437664095329,603.333601356871,354.5004859888798,1039.8116276788887
2,972,68.81711913167977,60.45407677150072,35.56611977579506,152.79076349302824
2,973,34.14803312331344,29.235001770521194,18.817396042272314,80.55798785189738
2,974,72.11529966834719,64.31413800719682,42.05254283173123,150.7572215774881
2,975,679.5907143984479,648.812814332947,401.19011482101746,1135.955021082128
2,976,36.61610648260006,36.122931427756086,25.476331964905825,50.573399699870414
2,977,4582.605487294001,4432.345541046672,2647.762741157914,7381.4473672335625
2,978,149.60319692240364,146.55079663017355,105.9846353297721,210.97809609564735
2,979,1412.0702176250445,1363.4453120608594,811.863833005734,2286.9941481079127
2,980,21.232370554056853,19.004147745819033,13.327174180703564,42.500618367505254
2,981,43.66398887606807,43.08834919217095,30.706642581448307,59.71295293927919
2,982,27.922645800642126,27.63382468093959,20.486482526752074,37.08501915288613
2,983,33.58372203866278,31.30744077714003,22.678663378154663,56.97385312718458
2,984,14.493035791896233,14.279507459245334,9.62574688886525,20.56714008184781
2,985,35.60768479827592,35.1543158326597,25.29409143064118,48.60000926166306
2,986,191.72721871136903,181.403242799844,102.36344398744043,341.9079754232647
2,987,59.43521613214058,57.175765072279766,41.55586151987852,87.16089671305996
2,988,21.482540157701177,21.219896172584455,15.457623246788183,28.939482762784333
2,989,60.759159064324564,56.7619818933072,31.56556570261247,113.12556489241037
2,990,19.151902180749044,15.062258342131834,9.327333693499838,54.734974896086584
2,991,44.07833933580571,42.645327742885215,31.589984730495782,61.66192962587647
2,992,15.26996334248787,15.048456746159545,10.375449621796422,21.445144903984744
2,993,62.0145390912845,61.37206639483307,45.851721013246156,81.99752380899602
2,994,47.23768053056165,43.65874385736238,25.255413840092732,90.44744947239946
2,995,1139.1230855689394,1112.5729422901074,692.2475035154937,1735.3907993212251
2,996,244.37999029146425,224.839132107407,143.1341897172376,460.8724461810071
2,997,153.93883093436634,145.65670466074465,83.42200906136014,273.32396857546274
2,998,267.27941790007884,244.3591347559808,160.65246029895752,515.1427122834424
2,999,51.36807708042854,46.49460175226288,27.27176252314803,103.0449162006177
2,1000,714.3883215968217,678.9307864093539,422.5462442315064,1219.122099727255
1,1001,0.19557656180467256,0.18571011013561373,0.10121012593774883,0.34749949611753267
1,1002,0.297731115885068,0.2567591368617087,0.0,0.835828559619464
1,1003,83.41138833154854,75.72689048784507,31.041154009628485,180.58146334907076
1,1004,3.361009314578543,2.7395432367042574,0.785729370147417,9.581510832767934
1,1005,2.9496986198140633,2.4056806618504476,0.6733721702756907,8.389265451751806
1,1006,1.1463055224079202,1.0657840502692912,0.5752068062033246,2.190270610506491
1,1007,1.5927972104631218,1.23138190894052,0.0,5.363390070695381
1,1008,0.1590899391664854,0.13286172732134344,0.004031743008448645,0.4650638666751897
1,1009,0.21998204079541173,0.20094362602077487,0.10365770255676522,0.44737016044326566
1,1010,26.465777731755452,23.99031180868355,9.839542500398228,57.314921727953845
1,1011,2.215183102151717,1.6856308910302822,0.4364820690791077,7.190210336424673
1,1012,0.3245536809904187,0.2898607051763186,0.10990511012304174,0.7350434760727049
1,1013,1.0256380263399556,0.9538530336666129,0.49895184460504444,1.9757765320054994
1,1014,34.455554231682385,31.137722316597504,12.544511113139773,75.45812957373882
1,1015,0.9139205249222193,0.6855168010923025,0.1594218219354518,3.0217434873126194
1,1016,0.7352115027358231,0.6423482429522698,0.2739032941454668,1.752765003721952
1,1017,0.6705038060927123,0.47510049164170076,0.0,2.503969807770229
1,1018,0.47523137520707603,0.4182271827674753,0.16675922603551788,1.1140363201644872
1,1019,22.7040158342706,18.821928157590094,5.429832765574066,62.63220194246529
1,1020,5.123235332239278,4.184611237140734,1.1825139907375792,14.536599893625414
1,1021,0.45447046625988674,0.40600940268104013,0.1846031900507381,1.0053713574020247
1,1022,0.8715281794835937,0.7749351978224686,0.32211044242030284,1.993883501305908
1,1023,0.3444692153889995,0.3048627308285762,0.1014333183585568,0.8223908894600407
1,1024,0.085278013423188,0.07013728913213677,0.02492356978277315,0.23904759470626435
1,1025,16.836587207874118,13.790444076896723,3.914920079066726,47.81842110081654
1,1026,0.21926008079677445,0.14880570808958632,0.0,0.8723903770624486
1,1027,0.13020689956112627,0.10794817002224391,0.0,0.4085295719440242
1,1028,0.1208306093455284,0.10164888269067254,0.0,0.3662871600976495
1,1029,149.55546838946444,125.29299845262285,36.93274773546295,404.76790373818193
1,1030,0.28431775872143017,0.24765044778003192,0.10636990136454855,0.6823231442391865
1,1031,0.2821192570861541,0.2637107662213314,0.09637002071784805,0.5760086683490554
1,1032,3.1864425997509453,2.973072918384148,1.5174968711908268,6.108255685457522
1,1033,0.01467939718402547,0.01227999182734888,0.0,0.04567343561348937
1,1034,5.1599184379236664,4.659834067485649,1.886813386888196,11.308629043599108
1,1035,0.20570163281394652,0.18431024613558827,0.03993680554995356,0.49402515995728874
1,1036,11.326435443866641,10.049143640996677,3.958157185044844,26.088221556196498
1,1037,3.2724888361269957,2.916356233979821,1.43463989726199,7.251215146144306
1,1038,0.38426686542620514,0.34495716647910346,0.15731026487258942,0.8445759949676459
1,1039,0.335304806160442,0.29294835458535295,0.09253925233407531,0.8289377864513606
1,1040,2.6474969787287925,2.1262282343744427,0.5793436935093467,7.897286341702749
1,1041,0.051329901223453246,0.04314655516175592,0.0,0.15510701929619072
1,1042,34.3225436858505,28.256265397638874,8.048585842662645,95.29258488944845
1,1043,0.10738854008004833,0.09545863162453674,0.022220116621507465,0.2607097351747458
1,1044,0.22400368833931086,0.20729370688667645,0.08122791359813888,0.46334002054469225
1,1045,0.11834873566297632,0.10964952972120787,0.0003002576795693072,0.28181916140336905
1,1046,1.1936654650333764,1.1062924366373101,0.5710883104914123,2.330883059590889
1,1047,6.138666127641235,5.269816816686276,1.9556319246366285,15.474646245629982
1,1048,0.10926405136328891,0.09210548057800166,0.026707294838479105,0.2944436829933976
1,1049,1.3731421412242992,1.268219520614006,0.6338559600657063,2.7163806156996926
1,1050,0.0688883591585646,0.06373935716082421,0.03394253934908929,0.1312178336643441
1,1051,1233.100803269448,1176.516855109426,595.9925521189822,2199.163424233973
1,1052,15.958392610891254,12.757968519443644,3.370805670158764,47.55888980123944
1,1053,0.27146403239766487,0.23476540716464517,0.008000827501638934,0.7353927225946669
1,1054,118.66768718083341,107.63475613120647,43.88658486022607,257.7699247763599
1,1055,0.06893198913434322,0.06058962328062263,0.017738720106082313,0.1697786024925457
1,1056,0.3683534850437653,0.3379150129392396,0.1598101371682961,0.7538948004242061
1,1057,1.1245765332162019,0.8633321563816184,0.20809266630745485,3.5698450087365217
1,1058,1.235929777907601,1.1615486832384951,0.6004602607081927,2.2938200603242724
1,1059,0.13393862637394321,0.09118719792769447,0.0,0.5300888197289921
1,1060,0.07772950960088881,0.06830590290619815,0.03234296593277853,0.17463894384091905
1,1061,0.010313039671906006,0.008744610343677671,0.0,0.03245242593193028
1,1062,0.5329006770881437,0.47914744709501805,0.1966229197815993,1.1806730754611596
1,1063,0.014455142866315603,0.011282319265583518,0.0,0.05096199628749428
1,1064,0.2975620550751085,0.2705224628284527,0.07702871906464384,0.6722623481206751
1,1065,0.44922746693090293,0.34973587781466975,0.06688841521271394,1.4128946540724474
1,1066,0.49823432292808617,0.46782318064657646,0.23378072431791183,0.9378936213462552
1,1067,0.09770742583811066,0.08492906948397991,0.0,0.26660100163410927
1,1068,11.364348055075986,9.245474363671217,2.5584628903709135,32.675965566709
1,1069,0.36678171754192096,0.3421135997520526,0.16896248501818836,0.7072005743326432
1,1070,0.6645008299718074,0.5189019664261478,0.1358966438647167,2.0624785035259223
1,1071,5.745577438945313,5.411618752824627,2.8189730004770994,10.616862586835795
1,1072,0.15349801444536768,0.1303162351101638,0.00812876268731825,0.4303162667721366
1,1073,1.0612878681535365,0.984278952073468,0.46694826074354107,2.105936715832121
1,1074,0.4994646966539421,0.45967771316027406,0.21507273446869252,1.0194903463966387
1,1075,0.3581401566260703,0.3096839766606434,0.1531108073389132,0.8569357411245601
1,1076,0.5702579544719002,0.5226089348524738,0.2426781200309761,1.1784179503884284
1,1077,19.11439193840369,16.213190399180647,5.675312685928878,49.58903944061187
1,1078,0.030677715146881345,0.02765854758691341,0.0,0.08287996408232265
1,1079,0.7830441773560646,0.7189085385784746,0.3539623863973772,1.5898450474549517
1,1080,0.36453744706783536,0.31835230713744184,0.0846590153879825,0.9119625132740352
1,1081,0.3201984654038491,0.3055862998922938,0.16695775546736072,0.5573226170739625
1,1082,1.1526618124828927,1.0410337911203342,0.42516438322477773,2.5276739343943695
1,1083,0.3724507322988779,0.344100703768474,0.1885262738613073,0.7066288733952606
1,1084,0.6495971983414283,0.5938463111521061,0.2858232187314827,1.3278583038726641
1,1085,11.249317230198614,10.163541154350142,4.180740424999612,24.590380582520943
1,1086,0.09407312191499574,0.074735273963591,0.0,0.3195056456786076
1,1087,1.3073440403384815,1.16951543482871,0.5139353285257681,2.8776346887135826
1,1088,32.77471800928482,29.59187606941407,12.083399909814966,71.70647020792966
1,1089,0.3804713814700644,0.3368587596037248,0.16162708253230332,0.8690720678543075
1,1090,0.004807062608179696,3.221121125378365e-05,0.0,0.027089495764021452
1,1091,3.0084083358703997,2.4616466889474027,0.08420307062304815,8.997875791850426
1,1092,0.08006910053658238,0.07174835899886464,0.0,0.20677304849455783
1,1093,0.3157568787512339,0.29150402405059506,0.09920211779991614,0.672526642668982
1,1094,0.1681118677082022,0.1466708730931946,0.002153990632113654,0.4525631875739012
1,1095,2.444117743431463,2.256433723359782,1.119787658474223,4.8493356504696745
1,1096,0.008347479688924804,0.007211215066102776,0.0,0.02490512237671598
1,1097,0.12899043552701728,0.12163120834842372,0.053335526992976515,0.24748255042636572
1,1098,0.6867170497644285,0.6228387567476608,0.2727877878080605,1.4777967285634714
1,1099,0.6638380266263219,0.6216316766157839,0.33595199869485937,1.239840567515139
1,1100,10.39382077517301,8.489057925902719,2.3826009099910532,29.546784463092305
2,1001,105.6108306210784,103.35910647856329,74.44033481179254,150.01112345055432
2,1002,389.0004473688866,360.33920836396135,216.51355603310844,727.0859341335636
2,1003,1444.1606969227314,1405.6300412694236,956.1052769826265,2158.5957269352825
2,1004,116.98815992633654,109.3869767733714,64.7381261141044,212.3977937903734
2,1005,524.1478213451885,498.73279170477144,280.0933114107453,915.4504818192606
2,1006,292.96898897358625,278.3215773074467,196.03348420839535,480.7719993416735
2,1007,167.46962993758294,151.73651981458352,81.18661890155587,346.278583754031
2,1008,293.3737384626646,260.94331132046784,138.5340501899382,638.0955473346663
2,1009,208.50380843717352,194.02351563180065,132.7283780391838,373.0961706681186
2,1010,810.581538099479,794.4221474296551,561.0710740746445,1152.7143626918566
2,1011,120.28385649238942,103.948472315988,53.605950015414464,284.8085661259824
2,1012,109.3285960805538,100.7416221135583,71.09691870911882,204.867189698431
2,1013,425.9608204057491,404.96439813528025,273.54112469458835,701.3650895024793
2,1014,1193.7227439249282,1165.5424685119756,800.4058431724994,1742.2961141673936
2,1015,92.11563151635683,81.05093534912315,36.27959098343572,212.31985632309403
2,1016,124.96682984770646,111.574247298935,70.83593522994634,260.7849131744712
2,1017,291.1680902625526,267.5677313854952,140.63931767647986,582.5420504957907
2,1018,282.03024391622836,258.0566267626334,146.76933640020806,559.1602983477794
2,1019,787.8375026573644,752.8196833932069,432.55111507388744,1347.581321211363
2,1020,359.9829404887714,341.9924972144769,192.33816434206307,632.3595431327481
2,1021,319.69465147069764,292.7957957832201,178.99565493889253,618.5878389816107
2,1022,330.44929500997955,305.4123782919723,156.76836736251943,652.5701975529381
2,1023,111.98989484573598,102.5885647089497,65.65316331590442,214.37133123071507
2,1024,67.98334096079314,56.82557320777466,36.6628200890784,170.57465699527512
2,1025,1358.5315482779795,1296.373052401169,728.4870049371026,2346.844805194201
2,1026,108.20356672784182,97.53428814592039,52.62225757757926,230.03358434511182
2,1027,96.33854046637666,84.77187249930788,56.92486192795518,209.86551598646247
2,1028,188.2849632196406,170.81729661021825,105.47949760702356,375.37343582156996
2,1029,4693.846310702365,4534.309216458831,2704.382813184014,7597.435511355152
2,1030,172.9130637615481,153.73713533922958,99.00161628401932,367.2250892988694
2,1031,298.8540761355085,293.0070561343744,213.77264783639112,417.8582224904999
2,1032,918.0787560007703,881.1061789981474,560.6564966172328,1485.5590174457973
2,1033,55.1834670149463,51.12606157035046,36.44143710079234,95.12026720781768
2,1034,70.0619360458247,67.43145034264978,46.789276397986654,109.81428758357525
2,1035,152.41147502517538,141.96297936376163,100.77143882338687,271.6578259609839
2,1036,229.3492282405405,216.23499470811387,143.66879685106028,392.35885146319487
2,1037,461.4712915276979,417.60046787066284,260.9119725954198,928.9315590097208
2,1038,356.3260858567531,328.30630872735014,203.3341902478856,676.3159851166859
2,1039,181.1537858666043,164.9068337654769,96.73776034459698,362.1312315271295
2,1040,503.73739131995575,470.864949475087,248.8233892513497,948.636800598426
2,1041,99.37977270245938,86.92034392212238,57.16855201058399,218.81479345975453
2,1042,1686.2875628989962,1611.9041460272592,904.8681677643467,2898.3764585816953
2,1043,847.1275915634241,801.5687518882913,451.99676377040726,1507.477016140054
2,1044,165.83639455104313,159.95009235054636,113.3698987723281,254.8463147644413
2,1045,136.98867745535742,135.52467215105077,101.6098837437648,180.59470618005955
2,1046,546.9764861285038,517.4592886887032,338.0205957753379,929.4852127235976
2,1047,171.3765427127778,156.2587370253999,97.19427365568893,336.9771354774096
2,1048,43.80482156831784,37.865759992355216,24.968989451043168,101.10593811399748
2,1049,712.6687975961363,677.1154725524937,424.31231330440335,1205.295560129962
2,1050,102.97662260062667,98.02484191430985,71.24971913029947,161.81214665587487
2,1051,7763.096356967228,7663.661611279905,5525.059025213636,10580.828117781184
2,1052,1008.1125234011391,931.848596696944,459.6284471366491,1991.138762900296
2,1053,452.6195637153696,418.9385169909017,237.95136479553258,861.2392293117686
2,1054,2423.668084856933,2364.914721602431,1602.544114340324,3577.839972451762
2,1055,171.68361411516992,155.76139551245265,100.74805779476648,340.0123497274116
2,1056,409.4465610282954,387.8342323737953,247.5142198545911,698.3684492812229
2,1057,149.08427878221065,135.81919806101678,71.34876095901988,304.7488501791202
2,1058,928.0792825740276,899.4391001410347,597.942489918972,1417.954962124737
2,1059,132.1016267399782,120.47545712889426,65.95887721014927,268.73939237173335
2,1060,78.71138646998848,70.86422882613371,49.95851694473829,158.08800750505935
2,1061,77.51255238524924,76.55586514551035,55.79193691706324,104.55256955308758
2,1062,645.4065226233761,604.4609204425836,334.15384694097446,1187.5434490473956
2,1063,172.5990211201962,160.77050143172903,101.76713178880676,312.3214032710621
2,1064,204.22910453719788,193.16374292005273,138.16568718513815,341.4847265096222
2,1065,66.20575813271259,63.05610912260563,36.200227407042824,114.79355242823017
2,1066,224.4520454190158,218.29832634139746,158.22300804469828,327.78562375182076
2,1067,211.50574197016664,197.50472999429087,115.55400399727712,387.7952976359787
2,1068,1151.1634118667948,1090.8146777446154,591.3009039690903,2056.1581263449557
2,1069,181.74128740712405,175.06800288755392,122.4591637147261,280.722019495519
2,1070,85.6428767419004,77.62994837387973,41.13811095705862,177.71109932058198
2,1071,1921.9789681328084,1867.2254404094188,1213.7661458948835,2942.7495206211656
2,1072,133.81991854331338,118.30443167580944,76.8074810309987,286.5259860760555
2,1073,442.54977749806704,424.7478410501883,260.32563290341204,727.4554139016883
2,1074,365.9472987164882,347.306150089886,231.76805308720213,610.5505784818764
2,1075,146.1393644041695,127.31114889075127,84.48472607853185,324.05351522664984
2,1076,246.93741179288932,233.95029032143452,147.76256460681788,419.67248820926653
2,1077,552.5283586754305,501.399022136624,272.9115107684831,1135.219851830342
2,1078,47.83397817712429,47.222806515601185,34.36034617993377,64.65529074958407
2,1079,270.5903487682464,254.67854535328013,166.7051427575285,472.52641417237294
2,1080,218.65988173750185,201.31619768871687,111.93528963854962,424.1309345416818
2,1081,80.91452767873547,80.0603035062433,59.79286566152475,106.96734191961247
2,1082,564.0458949052025,530.7385651302716,309.7214598615715,1010.1792053312382
2,1083,140.40361192968777,132.731932450589,96.88210927969133,229.25371705666618
2,1084,426.1475237102131,400.9256122072998,256.13387504466607,746.4500602460963
2,1085,319.54861885377295,310.81117851827923,225.65081410455082,464.1203371171054
2,1086,99.80674770999711,85.4813335579966,52.317059102883036,235.43502189507007
2,1087,443.1587260525056,410.3758187984436,237.49294962250272,842.6846274131456
2,1088,621.3382481512425,601.1687235746148,414.7261852143866,945.4312246752664
2,1089,122.75548182866137,110.25896279994897,73.24204883915687,252.7121695101951
2,1090,44.72162190322776,37.704074694303465,23.789552371508524,110.50317271650502
2,1091,212.9237333681438,199.31380582101463,120.42149356269543,385.1757179786426
2,1092,393.55108033538534,375.8826622929305,242.3797210338946,646.6545193843657
2,1093,565.3676330245584,546.7299551661156,387.18702803988344,854.5136417830948
2,1094,132.97852208136496,120.97849886783898,81.64527978419834,260.45677290391575
2,1095,1009.0235661996742,952.9181365255213,593.6747359387763,1747.2763608270516
2,1096,15.01414600284653,14.805730302645252,10.36474637245441,20.807012584051698
2,1097,119.39248103980245,118.14927528268879,88.44363328781108,157.22880119544473
2,1098,421.13826153919473,395.6456585623515,239.7110289687263,750.9751142963859
2,1099,174.37395420933086,166.7672949222096,115.58304697136953,278.4875761230064
2,1100,580.9230148422446,547.7717280151453,302.0137022386748,1052.1653274011378
1,1101,75.2568113964705,68.79041168544393,28.59714026208703,158.59665195247024
1,1102,1.2258441907934448,1.0846635436166978,0.4299004664127926,2.84947621069421
1,1103,6.260362362693973,5.248592168290928,1.4482331941719386,16.998346756268326
1,1104,0.7302504905310654,0.6682140216045019,0.3245455001685823,1.5021735491099724
1,1105,0.40343090782470686,0.3710462938724586,0.18970139310366105,0.7888366712250687
1,1106,0.8206226637199346,0.6333944615985323,0.14929598803922647,2.601552721092602
1,1107,0.10489357611238373,0.09329658188566134,0.0,0.2883734616509506
1,1108,0.24388979819020137,0.22265496461955972,0.10159934098393225,0.5095473849405137
1,1109,38.842102696407665,32.15635937167126,9.297002193452093,107.28923230045194
1,1110,0.05600318866373245,0.04805891255128238,0.0,0.1653447706671947
1,1111,1.0119948687026339,0.9151037266941373,0.38746072288968486,2.2108094974798327
1,1112,0.8100767718537587,0.6877983669354334,0.3196733449109152,2.042743521969115
1,1113,0.8403153805794704,0.74366407031416,0.22635135359552405,2.0187890497472782
1,1114,0.058316004735575126,0.047427373161367456,0.0,0.17967085091956347
1,1115,4.646625674132696,3.8104537381354215,1.0716626113272303,13.128338245779041
1,1116,6.255869922184412,5.133440051897711,1.453930294259787,17.719835835706526
1,1117,2.0701200778734385,1.9313687674527635,1.0780765508546453,3.793735943357954
1,1118,40.172725980680106,33.226587373015136,9.532288005879636,111.76655860094375
1,1119,1.131799728102068,0.8875753259650376,0.21957434138502285,3.481159272022346
1,1120,1.1340232105820323,1.0495173626291747,0.5150429263339822,2.2412983263946975
1,1121,1.786345989752956,1.6219480240471809,0.7766305996666272,3.772663302095868
1,1122,0.32854996622278726,0.2845920097369633,0.12177719965700814,0.7971511221787901
1,1123,27.372991628243817,22.814721627871812,6.676992063666077,74.57103034068061
1,1124,23.849148064117017,19.784702679290966,5.755399368059627,65.46915887217865
1,1125,27.284951428233796,22.6991176600733,6.63083557593534,74.99402614362138
1,1126,0.935160370223528,0.8186100803683858,0.28420366590299856,2.269420815244777
1,1127,0.016795021734242677,0.00011723104920877706,0.0,0.10474048172389172
1,1128,0.16933483723931286,0.12399746303387196,0.0,0.6197157063091343
1,1129,0.8338143533407493,0.7225088120377734,0.30814959021006527,2.013065993191515
1,1130,1.4349714123778579,1.268013885721402,0.5027217261155973,3.33017390030936
1,1131,2.707035009195963,2.1990281078104825,0.6049998618798509,7.808488569530789
1,1132,108.87824681570636,90.7348700824383,26.6790664268846,295.918119828404
1,1133,0.4000482724871353,0.32811308500592556,0.102403202545466,1.1352791480874456
1,1134,1.370035268047672,1.0734812098078272,0.26721684305487353,4.216453017964049
1,1135,0.8293382172719159,0.7612613412530136,0.3859404221198911,1.6427867637581839
1,1136,0.08598277835391079,0.07814347700477395,0.0,0.22753219470658745
1,1137,7.46561937664011,6.057350554973279,1.6817108862044858,21.55304433886467
1,1138,6.706363660034325,6.143365791708375,2.903030941414212,13.74277947411828
1,1139,2.949782655806971,2.4161233451954094,0.6936699517064582,8.330079888349973
1,1140,0.4051443420769275,0.3624552921273284,0.16080123262715615,0.8887051104433831
1,1141,273.41153279118964,232.5051921858842,70.30544583971592,712.5285580040106
1,1142,1.7392362869725382,1.3683626627885128,0.3578053968340334,5.28711362096782
1,1143,59.69946642790165,49.47687211105959,14.343090363783519,164.92001863497913
1,1144,21.84176571535319,18.037936987088642,5.179491529450744,61.002708342738764
1,1145,1.4273748633268535,1.2223150663937847,0.597361965032173,3.532069831658001
1,1146,1.813320640254111,1.6974043835498065,0.8909202581067135,3.409756507351166
1,1147,21.81262864446748,18.088723204467236,5.257698425906486,60.24475885508557
1,1148,0.08317711223895409,0.07057870075377132,0.002935557810770622,0.23706919142090696
1,1149,0.4661935084542894,0.35556969834846935,0.04798996237916943,1.5327081968859773
1,1150,0.8282964055153843,0.784751310605515,0.4126307515472335,1.5002032017288414
1,1151,138.72761398480966,116.09144810979629,34.39023153825135,374.9003427647909
1,1152,14.665795390594269,12.151410118910235,3.5330984993000114,40.40911925191384
1,1153,3.546930088678958,2.9662387071110903,0.8783757879061272,9.58178406384183
1,1154,1.2710514043952204,1.044481676972107,0.30176589392872594,3.5458320544008983
1,1155,14.735325505213474,12.18501243772847,3.520740355029594,41.06418273394984
1,1156,0.09950605928389894,0.09070234718819353,0.0,0.26025456971524547
1,1157,1.4157353983262702,1.107082429260207,0.29224079033902695,4.364364009362035
1,1158,0.5452088611676906,0.5087648679945055,0.2675235882077616,1.0367273453562904
1,1159,28.801590667847915,23.937681263444254,6.884586315170342,79.52529978696577
1,1160,13.514709022398407,11.168882511911296,3.1950506543528334,37.58862404737097
1,1161,0.47421744577173086,0.3918808501402687,0.11304221120204724,1.3259552662576075
1,1162,0.36719597223612616,0.2871329151602282,0.06811304248776566,1.1462324188225228
1,1163,9.934876158424052,8.1846068452991,2.3671368938132415,27.69235320150119
1,1164,2.44638655428235,2.2485158101560763,1.0891373331625198,4.950491237902808
1,1165,5.299648309792107,4.358048062094905,1.2341993523427084,14.8526928531323
1,1166,4.192300722793988,3.8907576788553326,2.0431799996965676,8.08713012575285
1,1167,68.82794231935463,57.249531248224244,16.76685916451571,188.52777116818598
1,1168,20.9768564812459,17.37617085823399,5.04700800561481,57.882973146483735
1,1169,0.08806010833811953,0.08083649208734028,0.0,0.21689270864537652
1,1170,32.95419758536759,26.811564748676815,7.502446292007538,93.90043295757407
1,1171,2.310363358322432,1.8650786527644345,0.5114865980996679,6.752230655788024
1,1172,5.07809609413627,4.192682647400256,1.2097883810994348,14.116868667873874
1,1173,4.728390810999896,4.438886451221386,2.3173703996370705,8.822444517820559
1,1174,2.2663133413142145,1.9598941613024914,0.8117170953936237,5.578294635160325
1,1175,0.7865942331270962,0.7367696534911948,0.3845676550293726,1.477563296798004
1,1176,3.5616354836720747,2.8629378431202843,0.778849690751524,10.512970152355793
1,1177,0.4198123076583234,0.35171424071275226,0.09131866621898532,1.1561217508783355
1,1178,0.5645086502754569,0.43783820597940326,0.09505959219445151,1.763040889603952
1,1179,1.6161956607772665,1.389738358229165,0.6521575798147452,3.95094995584377
1,1180,10.18626431724052,8.396428284431707,2.4195900068221143,28.62728719128216
1,1181,1.2553693247801903,1.1861169819462,0.6330599378118238,2.282441695926217
1,1182,45.93214380276927,37.998613470672574,10.961923090324607,127.15976919516451
1,1183,0.37350327050643123,0.34514462976586746,0.16899487215243153,0.7466731626581529
1,1184,1.748263763765473,1.6394913838485103,0.8343608464182746,3.2878196502693644
1,1185,4.366537450179906,4.135782694513223,2.204808824233717,7.8477589098074105
1,1186,1.3850616152614756,1.2780439564374837,0.626528341596853,2.7600362719697884
1,1187,0.46490340948381215,0.4290006109682596,0.21493230785789405,0.9229782386052181
1,1188,1.2534076443030868,1.1847162496634915,0.6262538292459637,2.2872022817813784
1,1189,9.611122320111832,7.92656702114357,2.3053786592564998,26.599299587733416
1,1190,0.5144224011646822,0.45874650636101605,0.2134434209012456,1.1440276646615992
1,1191,4.278184757595127,3.449627531360422,0.9184798652020644,12.571519223772544
1,1192,1.016738747135109,0.9502801069351468,0.4663591084404963,1.9549909761549116
1,1193,1.0647130210600984,1.0045262844300746,0.526991674272161,1.9528425835785481
1,1194,0.9393454021091454,0.8915189604063307,0.4828436615599597,1.669923830103633
1,1195,22.310710982613614,18.452499409686396,5.345225926399176,61.69413476011922
1,1196,2.2191628761310054,2.0626185583815637,0.939520695067773,4.4036451588921235
1,1197,856.3153536136078,792.8610887398999,342.79414307857814,1731.8467777003652
1,1198,916.5626396240468,844.3465888628457,360.7072834868822,1881.7079651770503
1,1199,13.423694863591235,11.045305366299637,3.160370087370729,37.541371981239536
1,1200,3.028222472961892,2.8417483656891998,1.4840119440849555,5.653658175716288
2,1101,538.9689931977623,520.8004730197047,337.66162874215377,846.9981587013308
2,1102,425.4056113207093,392.00817746994517,217.15681838197315,829.9068786510567
2,1103,336.4245445034584,312.55797727166254,179.5968164703367,633.4111266195657
2,1104,310.0802857461031,291.52158433872796,188.4347518088037,541.1104020132501
2,1105,95.350973884014,90.45862808217218,66.13437434932123,151.83868987204173
2,1106,98.13429017764832,89.67628538402181,51.19240841539081,196.08612261778796
2,1107,79.24878260303521,76.07454166419052,53.11927794450537,125.03218232620418
2,1108,161.3873125187953,151.8737849131403,100.80465750209335,278.07901203642547
2,1109,1723.2783542189509,1652.894303351057,953.2746367393091,2886.7801669564997
2,1110,105.90166245317504,97.58817093488614,69.3400140397226,197.97465243291745
2,1111,338.92133261186035,316.7048207020688,189.7151602869194,616.4817364925525
2,1112,187.89264780357632,161.1657913790267,95.21757260354785,441.6744458838637
2,1113,908.6049131657476,848.1468532706874,470.5403943579538,1701.240388775858
2,1114,68.13259443627763,57.37358843558671,37.59015749351441,168.2390931367265
2,1115,217.63434375965946,207.6993147087981,119.03568885949818,374.6427581514205
2,1116,574.7471238130436,548.1499855742427,311.3909073216049,986.4633764003758
2,1117,206.91413590689496,197.4731025115364,145.32433477491944,316.74312115361977
2,1118,1538.5205952554247,1469.5554613877796,828.6150474946642,2644.7029530182685
2,1119,146.10653312886848,135.17337910952668,77.04071579779914,281.8195328473962
2,1120,487.3632241993083,464.6861696188317,302.3182228455511,803.4935187051683
2,1121,591.8356135818518,549.6685133432964,322.84641701660235,1110.2072329380042
2,1122,217.3568523526711,193.1364103889278,107.07954914154317,470.4928691451468
2,1123,1014.7362211781959,977.251581536957,579.5072686157555,1659.711611586821
2,1124,2070.8154381045492,2000.6527012165325,1199.97783297034,3329.8536320981843
2,1125,1638.4836871703058,1583.056092540599,950.4928715741012,2628.8864247695
2,1126,398.97915089097654,366.9071563017724,170.49709668641353,814.7500608430025
2,1127,31.784021348383696,30.7239035589774,18.155689942180175,51.32624842509339
2,1128,295.77408971928185,245.26674534357414,103.69274707431272,783.9584507797379
2,1129,320.6432657272283,283.90426360889046,150.10536669322408,705.0437362586748
2,1130,515.7467211260956,473.4626923541895,237.09750673377434,1043.5480632902575
2,1131,278.9240181037997,264.40370506051033,146.78381070899988,494.45558191636803
2,1132,4850.657270484723,4689.354955954732,2814.8046765486215,7800.421779597363
2,1133,176.13483150998522,150.54107403058032,75.76347011377162,428.8531952533092
2,1134,218.81691713783025,203.22913907063528,110.928668561428,419.464981794709
2,1135,266.84150354972763,252.01221520302937,182.49447324381933,441.2148226137881
2,1136,132.61348917310036,131.2076285040328,97.94417896000137,175.19452254876745
2,1137,277.32237928898314,258.5560683310746,139.46747417655467,522.719753010174
2,1138,1281.380213771173,1208.3349197868079,690.5109281281443,2304.019726648042
2,1139,185.40068821524784,175.76120305044697,105.16944163020894,321.8291181363607
2,1140,138.02936614239215,126.87700330765304,90.66534378072447,256.60326475743676
2,1141,4052.928235395056,3926.1212893583124,2357.831813192934,6491.519038418439
2,1142,294.6395376097316,270.86864896337295,145.20885782612356,583.6524707833843
2,1143,2808.048974599231,2697.2948162001485,1572.1809400451318,4672.163607093696
2,1144,1152.6036896976398,1105.6477538060944,636.3132331953277,1937.4089794702822
2,1145,182.2657258274549,157.13410889411418,102.99205358196397,420.9695070919423
2,1146,565.7751724685071,543.1935175195529,362.90526970879716,905.5361314721691
2,1147,1087.7106484487874,1046.3412026924716,616.411835218499,1804.7735952705673
2,1148,92.42707192005331,80.56573514069592,55.208507034598554,209.7963209371479
2,1149,181.40717470682796,171.2491672996647,98.4327518265419,325.3052969200292
2,1150,378.3398124135799,370.3473166144183,260.2445047533765,541.4797914327053
2,1151,5124.091725646336,4967.131399410711,3016.357277737795,8140.296561295916
2,1152,1236.0746305026873,1193.5624543937543,710.8215531658864,2010.1842445437503
2,1153,119.87964900502367,116.28305787889425,71.01453116561912,189.39965070528544
2,1154,109.83986061463752,105.37049677446558,63.98207090080343,178.59594887523687
2,1155,1070.6579328758437,1029.011187472898,601.4821074919,1772.6635521301837
2,1156,52.513801576426616,51.902983571507235,37.927534049543674,70.49900856751592
2,1157,167.17835340960193,150.98856364180844,81.2458072038204,350.19369734016146
2,1158,214.9953112307998,205.59556469966662,142.43981574924643,345.83593550676676
2,1159,594.661195142382,565.395489720525,311.7307544591586,1047.4640333576972
2,1160,505.4699539852093,482.160214041941,272.95137163510714,876.3347270841913
2,1161,56.97672084199759,55.147227572975616,32.668118093579245,92.0865621496506
2,1162,122.8251856872842,114.49091842202915,67.33110707791451,226.12942953221906
2,1163,320.3348996515316,304.6425111783798,174.45770381869298,559.1115738118606
2,1164,1240.8422189966723,1171.280061423668,702.9680063526444,2179.9981328218564
2,1165,526.7340237935988,504.7166092488523,291.40867166518524,887.4114323813626
2,1166,546.8376148266726,519.2804560567165,344.4963570477831,912.4395072134676
2,1167,2630.081281040906,2535.8269270675064,1491.7431671941088,4321.238815234896
2,1168,1052.4845678794406,1011.5599366839037,592.5393234280252,1749.3533348407736
2,1169,29.351435984116318,29.011051511015797,21.208661103263317,39.500087544290125
2,1170,1271.2552414493891,1194.0656653243616,639.0022780960395,2356.8835910894486
2,1171,170.85726009300285,159.8468340134131,89.3641414289517,317.752110054636
2,1172,376.9780785898409,360.7606889263426,212.11153848210435,633.6172166977337
2,1173,649.6413245550871,625.3381439023319,406.5112091526109,1035.1315267781172
2,1174,887.7166751251475,789.2166085569785,418.48601262580496,1923.1677877224054
2,1175,407.6673568281888,392.2020333159013,263.43521778093503,640.1490038338746
2,1176,204.58817073689085,189.9682807127553,106.93799131981393,391.0692264624909
2,1177,158.48870708667775,138.70029256466523,77.04443541807676,357.1367586901791
2,1178,140.52984669652113,131.6801120107107,78.16243757250585,252.67749925102999
2,1179,218.240287461982,190.0652365114438,111.63456552029598,497.1135299803926
2,1180,1640.0104783871907,1579.6204527668747,931.32391231805,2692.8970072778125
2,1181,1056.5308450572709,1026.897524769677,695.0143761601815,1586.7765803598265
2,1182,5695.925120945041,5499.941615812566,3241.405653604184,9284.58383876603
2,1183,411.5887038306286,391.71797475473113,256.0552138422201,684.5450624082505
2,1184,1294.4259797717457,1253.491797877689,806.969067779167,2017.7918305312867
2,1185,2813.541330456394,2744.830610681184,1835.9672941160127,4190.364428200643
2,1186,900.1309080379631,854.4575199169888,516.1415735865347,1550.242191652345
2,1187,525.4542712738413,498.43519893556055,319.9813898626753,887.1736446473031
2,1188,1022.6219610745512,993.894610820297,666.3080130263019,1544.307268912079
2,1189,1746.1718176640961,1686.7902402588797,1000.6954286693181,2838.1915646686975
2,1190,323.7457891583965,295.2563183995603,169.7816216017251,641.3033401287292
2,1191,533.769576223644,507.55099045205657,279.7565129093661,939.4485883779009
2,1192,1123.6709180311905,1087.9075409435873,702.7547058320246,1748.472646333251
2,1193,875.4897063332717,850.0581302898204,557.8488683175102,1340.3785335877385
2,1194,535.7467165668007,524.0673146820129,359.67995658521727,780.4755660900399
2,1195,3436.999776208646,3320.539316586336,1969.2011047489648,5572.493782182434
2,1196,1562.0117868443608,1503.4114425966634,831.2199860288225,2621.752546657978
2,1197,7731.6581678987095,7625.353124945617,5467.475844989354,10596.711605710303
2,1198,11015.260998288146,10869.156538388279,7877.078624672352,14975.578327498233
2,1199,902.5573756870666,864.0385296255636,492.4682277374241,1538.316223092009
2,1200,389.21185661598304,374.5727401573064,244.2538440053735,620.9151684514387
1,1201,88.8975289848637,81.18787158714527,33.94081562054135,187.99067251527808
1,1202,66.88069387856895,60.97658300328183,25.340925028331505,142.16030617742337
1,1203,130.4141529173809,119.17743494471475,49.560101090594415,275.0386186644647
1,1204,2.166619540280211,1.9958207328208166,0.9430296749513751,4.403583095871853
1,1205,407.50973947660583,378.23593669921206,163.90821339184663,817.2616220663126
1,1206,0.881182469128101,0.8120315920868886,0.3466067055276073,1.8167364176077982
1,1207,186.53835810438744,170.75755528145552,71.78307645002266,392.13556637389576
1,1208,299.87254528417697,276.11196143002735,117.39312947471313,619.9144935839486
1,1209,2.291047235225322,2.044296580085297,0.8372651851917047,5.1564113589764045
1,1210,2582.1772030702186,2443.1045816450287,1124.392750563043,4830.763982514694
1,1211,2858.073449980164,2712.0098405043486,1264.0280643662306,5281.7534289324785
1,1212,27.779347766043895,25.092949852682235,10.12944237011258,60.689420347347514
1,1213,18.9680932529356,15.61925579729007,4.470436513156884,53.21095149372926
1,1214,2.511937930395537,2.070186048088396,0.5953926490830037,7.033516432261949
1,1215,5.5600084927795,5.130980167760519,2.3866904833605944,11.258692577751514
1,1216,36.17852619708922,30.00756937192545,8.717811969754806,99.88719852306222
1,1217,24.410232432877443,20.108042418113502,5.692024059298653,67.90668259955717
1,1218,3.0013891541138507,2.786823201883302,1.3131033210889713,5.919173429677759
1,1219,1180.0008811362652,1123.812603548038,569.8728197244997,2109.871308099036
1,1220,54.40731001005834,45.0049479085754,13.181219476207975,150.32377711447091
1,1221,33.666328392566356,27.97719530883014,8.124101771202124,92.20433848158149
1,1222,886.337219676643,819.341155994641,352.85776831784847,1795.8898757303168
1,1223,1.0297540490969084,0.9254902330666537,0.376064157605846,2.2723152809269207
1,1224,3005.5528630437852,2849.8054983024667,1322.8392492310636,5576.543646524607
1,1225,6.458130681431297,6.0711371209149,2.949139147761068,12.196303059534873
1,1226,506.92200644423167,436.20221541170565,134.0032217364838,1288.7034638981843
1,1227,69.75611331965236,58.169110570813125,16.958007622253337,191.39131604788932
1,1228,2433.73657182912,2250.1646045630864,967.4734814028229,4943.170864935334
1,1229,6.792617984486473,6.059399376711697,2.2580554908479993,15.51247234528261
1,1230,541.6853496206868,496.3508695957845,209.15188060005707,1132.631160999166
1,1231,333.93309862486245,305.69653483787664,128.79433706710196,704.0501613739865
1,1232,4832.0054510719165,4698.613349975062,2636.2395900405136,7786.6950866496745
1,1233,398.6559638322072,336.54220622646403,100.52198014684011,1057.3645469659327
1,1234,0.21382249529535505,0.19598423480292132,0.08554281805102545,0.44533300624086036
1,1235,0.2264335630896409,0.20004915667222878,0.0965036547211598,0.5133227756477236
1,1236,12.278529565468514,11.699652654567016,6.41783029229251,21.495329179352506
1,1237,0.665506554298838,0.620742595678688,0.3126556414674494,1.2781707328956593
1,1238,0.6864216352144278,0.6459973739248343,0.3303185121046594,1.271669255325405
1,1239,0.28620880006321336,0.26991917143980054,0.14268010878473686,0.5238656220887897
1,1240,0.11011587600421323,0.1003413492083568,0.04999758315222414,0.2186147374045438
1,1241,20.88847127192472,18.91198349349851,7.711885806724747,45.461373531254445
1,1242,21.152577165991666,17.525711680533313,5.073251619460146,58.11839976006958
1,1243,2.1157690911641565,1.7200219646596722,0.4751831532791752,6.05742319626015
1,1244,31.31120017582019,26.084473480593076,7.636702276216112,85.3261346136524
1,1245,2.230608487653528,2.120759536625534,1.167541756718087,3.92130709684787
1,1246,19.263695976059562,16.04621275017113,4.70870942007286,52.62480444728527
1,1247,7.224251577194404,5.942021088480009,1.7107285282242457,20.13282598833271
1,1248,0.9480443231395084,0.884413718547465,0.445783104968573,1.8167612122511418
1,1249,0.6780863500555752,0.638218048042271,0.332018988718231,1.250691348499017
1,1250,0.946308870293138,0.888553847654092,0.4651080361401067,1.7702469680355495
1,1251,0.6957274627074983,0.6556607430516403,0.3470243023479861,1.2779228998375458
1,1252,10.040605831601704,8.350954070581919,2.441947786293563,27.497220719234303
1,1253,0.16260843831867444,0.153080594407497,0.07297605166278691,0.30874196823464983
1,1254,0.5130904506254594,0.4863347028057665,0.2663655171960953,0.9136019540121098
1,1255,0.7752447150778017,0.7150022457608135,0.3537647176247536,1.5420109412987184
1,1256,22.171162241413867,18.469799839433744,5.4146651863015185,60.83262518362233
1,1257,0.741494192433661,0.6921227978437208,0.35925371158324415,1.4067012079172416
1,1258,55.917138215424515,46.327559166603656,13.561264468026362,153.82745945659866
1,1259,0.49845860133136405,0.46661317400007263,0.22407497214524985,0.9646765052581009
1,1260,0.32073597913011975,0.2936072769563949,0.13393219285420238,0.6649216160989321
1,1261,10.648410574289372,8.806449356386583,2.5392881194194024,29.552677231316665
1,1262,2.8189675086099335,2.675891009379048,1.4770426452980543,5.006082742161139
1,1263,1.0491549492471506,0.995482357150367,0.5442735265829334,1.864877274300291
1,1264,0.7289967109248976,0.6897212155602872,0.3708313198582119,1.3109623818188387
1,1265,0.7146898760343676,0.6772434662565695,0.36783658425832777,1.2804513676333746
1,1266,82.30825730763661,68.9354129085314,20.38513810437624,222.05719820265665
1,1267,39.50389139638088,35.92092083501649,14.789815758003543,84.38573320290674
1,1268,0.8366944712839712,0.7817593094570665,0.4028656207192552,1.5879905146333633
1,1269,0.16119307180119666,0.14972349924662604,0.07295435213375095,0.3164862310153874
1,1270,3.1193475233092265,2.966853465061387,1.6376407626023062,5.471597740252689
1,1271,16.824680493515803,13.988564677585536,4.082330864888289,46.303678912357746
1,1272,49.33452944985759,41.106509053581064,12.060121952537992,134.47351581809596
1,1273,0.7522655480438268,0.6049533296169003,0.162408578092594,2.208499930838311
1,1274,1295.0494239142126,1241.8981589521377,643.3842769725102,2251.5946450882548
1,1275,0.04058887964495669,0.03158057144558511,0.013524255022427186,0.12417383948657343
1,1276,0.951114665468947,0.9053751288857623,0.5011054038978331,1.6704766658232832
1,1277,56.854024733920994,51.78442790172561,21.40667042468626,121.36855340936593
1,1278,2.367017835244319,1.9586773211129442,0.5669455932207412,6.5355059057212594
1,1279,7.702800440586556,7.327241507762365,4.045114231447232,13.527218162871142
1,1280,62.91806838454156,57.26961116326957,23.712024364423534,134.38068488783915
1,1281,0.1038620053857347,0.09289755392471015,0.050189813178669225,0.21482810590328133
1,1282,0.6150885785889719,0.5609152007637935,0.23765840619774542,1.3013635710252307
1,1283,314.924509233556,287.06553008134813,119.74389316063524,671.6399761426895
1,1284,1.2029362231405962,1.137126296576073,0.6015458819749543,2.1762921433796323
1,1285,2.240566021001206,2.119956571861181,1.1249681429576956,4.050453961977757
1,1286,1.103672987288487,1.0465569314310008,0.5710553619614831,1.9685529697887822
1,1287,1.1569283333926217,1.0931589300933917,0.5835798258271512,2.0969888437422166
1,1288,0.4563609646650069,0.42407629196848035,0.2181939844841613,0.884899252209947
1,1289,8.558337743910547,7.059749529275904,2.0395859041016786,23.82409678881983
1,1290,0.43470922095662456,0.40573373589092043,0.21339163191348803,0.8237523294791315
1,1291,22.403735717731895,18.367162957812496,5.230360247163356,63.28147844464098
1,1292,41.48728180155088,37.44171770825993,15.034881853512003,91.34978909211324
1,1293,0.14111596072856752,0.12544600875118317,0.04528826956143215,0.33059741306045365
1,1294,27.54066895669579,22.947139020716133,6.7271392918647885,75.1343984904234
1,1295,2.7260534560691485,2.5761431894623423,1.39936042968176,4.9287075780401555
1,1296,837.1061055348814,766.1300468760065,322.74362286962327,1754.3214420315064
1,1297,4.2271943739135125,3.9899070603298528,2.1736860203662682,7.6722942645368235
1,1298,0.5421966094869206,0.5085246688517323,0.2621399005914743,1.0157239942884349
1,1299,0.07492261146038497,0.06863622017344512,0.03460678074373751,0.14429230363033252
1,1300,0.3431786711469266,0.3263920913173365,0.17848240994378659,0.6066416052690767
2,1201,1763.927906878649,1737.3099519761122,1246.0697548153857,2441.63988968934
2,1202,1160.484969814094,1138.9742004587715,795.1617448463974,1650.8469909639184
2,1203,1639.6215671037096,1603.7196172838724,1111.7191294793895,2375.1983365847714
2,1204,519.927673722036,491.3200619844241,281.5224482206426,922.4165810718913
2,1205,2974.4823008817793,2923.9149859521635,2054.170393458852,4178.468176001774
2,1206,829.4691360424395,789.3450926294163,398.61472330454717,1482.0639293463687
2,1207,3131.903611045266,3084.914439124646,2210.0477416968306,4323.102815052286
2,1208,3338.0773634918714,3285.608450658152,2340.5070517145687,4642.414105759351
2,1209,506.00474426245825,464.6727107246976,223.75939286004018,1025.7725745212952
2,1210,10197.331579999243,10063.100800624954,7010.870299150119,14168.729049558475
2,1211,9790.547510559172,9647.627259931782,6585.43911682205,13804.397769044403
2,1212,550.9171500711614,534.7708645496552,362.43987967461226,834.3965678939355
2,1213,993.5557605907079,947.4147956565673,540.6788373213386,1706.4345067016013
2,1214,185.27093536260287,178.38575620111163,106.41461445069525,304.34859932170343
2,1215,699.5002341524413,663.777540342686,368.1214530513238,1233.2847673394795
2,1216,1560.2986543046275,1499.3437496097733,866.5179392709244,2601.504712509437
2,1217,1036.7994468392785,989.6096976042414,555.5742763573797,1791.3149991660603
2,1218,1048.12179648067,1004.135338002642,563.8140653788523,1782.3074433355318
2,1219,7158.461814353249,7063.180319823328,5058.139727814618,9813.056350619574
2,1220,4504.836027055136,4358.777376538065,2599.778902894173,7260.705897620488
2,1221,1885.5743752061132,1817.8324389250947,1072.1979179993825,3085.7293728060467
2,1222,8296.078715334042,8183.408937682983,5842.619502212996,11402.19721763518
2,1223,342.4430320195844,321.3354326713426,189.532396377698,615.8327714358637
2,1224,10490.50285925076,10345.071061785136,7064.240103726364,14785.590236957196
2,1225,1521.4389765134388,1477.0895882647326,859.2807524140248,2431.436719238315
2,1226,5061.695612598695,4895.69536822734,2907.953644202095,8188.907612066358
2,1227,3015.0527357188616,2913.925894980613,1726.2408291720506,4893.427076701897
2,1228,25214.03775953522,24886.30699358358,18108.486727449566,34085.72936635212
2,1229,761.4241886293141,708.5028808035347,312.22113927252093,1508.9998452136542
2,1230,9485.507598409367,9358.322938232057,6804.199358970181,12890.065987001104
2,1231,6725.364856883876,6636.504203148083,4805.821165867329,9158.434051185215
2,1232,9280.21671793438,9138.874978851354,6112.100647634755,13258.069313663187
2,1233,9074.992760181354,8798.941599949998,5337.5034141869955,14415.757510981222
2,1234,193.78926942408373,184.35399220074717,115.87336337783772,325.99820411449406
2,1235,140.91570880881707,126.37726146934027,78.65329797381423,292.55197071601845
2,1236,1996.5433271976099,1956.6476851546295,1369.6993773400661,2835.0789736692427
2,1237,496.3962711094409,476.7796822768174,307.0025977296919,796.9662024214872
2,1238,498.95731752396944,485.3756452148855,321.16678771885665,755.735810306654
2,1239,213.3878603973604,207.74482587608378,142.6852793364305,316.7521649137908
2,1240,82.4080158514679,77.57971362548713,56.80208127851725,133.17621294914142
2,1241,580.9322728173901,567.444517124874,398.95989143315484,840.4807014623431
2,1242,1151.416755828859,1108.8952257402382,649.858794876777,1900.2552108656032
2,1243,272.4795690913265,259.46169411836263,144.55943404960644,474.38921443780004
2,1244,1599.7624809865479,1548.886630350053,927.8973370649101,2576.0535410754246
2,1245,481.1279363262482,470.9065007977372,335.48398290608594,686.2227581351626
2,1246,1082.2810626662233,1047.0982367521815,631.1536763232579,1734.008945922866
2,1247,541.1114315724993,518.2626703498955,298.39042526500697,917.2096555578074
2,1248,602.3146188054019,579.5120593929587,363.8919451339672,972.4607793439889
2,1249,577.5848598990509,561.453738378498,370.3444691562394,877.1716104841415
2,1250,597.2647275289744,574.7628566605676,380.67034069332266,943.0138528875617
2,1251,427.08116951357044,413.84134412266997,280.951166453359,650.3811512653909
2,1252,612.9273075680499,592.5672055853884,353.97722349882076,988.9915862120556
2,1253,133.49890077778397,130.92317294433153,94.20915184311973,187.49953527164433
2,1254,362.9408415373912,353.9476091550883,253.95335037023443,524.1387972358658
2,1255,443.49762754879055,419.68333248105927,261.0820033048629,761.5218920575056
2,1256,1154.8801899201342,1116.6589644814783,663.4494503880125,1873.93384120007
2,1257,490.5404662497951,469.02547371630345,307.9454135483429,795.8561592457494
2,1258,4407.1419420460215,4256.808093278627,2548.110827043824,7126.059479701311
2,1259,409.1311658122407,396.73734085281114,266.21429986251803,621.1166532170578
2,1260,226.47988976701203,214.3819743207078,137.17076736856848,386.4387587915828
2,1261,1017.6075894916266,979.5413665502413,576.4041834946024,1679.4267078493406
2,1262,479.2014652184242,466.57639202149227,331.2490139996104,699.9120385999175
2,1263,490.96857734150177,479.3358448858971,338.8434541970124,708.4058191747544
2,1264,561.3997889882298,547.2617979605544,377.1730236678729,824.823544703615
2,1265,379.4096862172083,369.79723939827966,258.5443058989783,555.7125688684415
2,1266,2984.0089752551867,2891.170807251583,1746.938353793189,4760.712112354793
2,1267,692.3172550019161,675.4068935104717,469.6231099171681,1016.491111349979
2,1268,376.8241195048605,361.36935881718,237.73335008851151,606.6299356766161
2,1269,202.35995845751296,194.46631663860137,125.83736372181383,323.60493521102217
2,1270,854.9005530550985,837.6501530270709,590.8324191914278,1216.703240458026
2,1271,1387.255344718099,1342.8749387926932,809.1109275602877,2220.66653773381
2,1272,2759.5973339959073,2669.8449731759433,1615.5089062859215,4409.848376883469
2,1273,162.30032151439568,155.13226300682913,89.47743665453808,276.1757695577011
2,1274,5599.076606567509,5521.376427653604,3919.8855668497167,7729.179028796934
2,1275,29.261492946879105,22.76683973956479,14.839507057594458,84.74938750827785
2,1276,146.4050922286184,143.29821361586434,102.50244280068858,208.0816459493545
2,1277,1105.7931658385435,1083.719467134681,756.1590335318957,1579.523317262295
2,1278,161.73828509544887,155.6302607476851,92.3283950264843,266.7745680530293
2,1279,1143.934649753948,1118.8681178627073,789.6267684329005,1639.5572491411708
2,1280,2073.392114935241,2042.3001784738037,1474.3169640294427,2845.319720319467
2,1281,51.36681105578188,46.83950676026187,33.659618953679775,95.40495406020149
2,1282,285.9317258566876,271.6113318271771,162.3066664654562,490.9667156510447
2,1283,9862.956492468778,9737.629095008113,7111.116868927813,13314.933952911462
2,1284,487.2853909796806,475.094430031867,322.0753492897003,720.6355285783595
2,1285,1467.908367582664,1429.7974193688378,959.3416446002149,2183.2767424965105
2,1286,297.5061629901069,289.82804823145705,205.55592424597523,433.60553885061523
2,1287,567.6147182716761,551.9128284464236,378.35666851026815,845.301503889956
2,1288,305.3696208645613,290.96128127898476,193.572396933799,501.18437530288867
2,1289,793.6475861902338,762.7088698604985,446.21159193511966,1316.3390746868108
2,1290,190.32471703435138,182.21048794062668,121.60427562895579,305.77563571930705
2,1291,1718.8284112748286,1637.5568331695813,926.6333244159026,2988.1718279511497
2,1292,978.3942398898496,948.8534986672446,631.2533588454123,1496.1646425050333
2,1293,120.64306694607966,110.40973035386608,71.71359187907936,231.26213698012404
2,1294,1457.6092783102526,1410.9403721324247,853.1582164350027,2325.514645445684
2,1295,576.6686780725703,558.0357752850259,385.67760779236716,874.3376165683354
2,1296,16672.46324685794,16463.704354665908,12051.151669848248,22449.566846754242
2,1297,307.3057761975244,297.60762203706366,205.38322217452256,465.92416006829893
2,1298,363.1276279174737,350.95837126656136,231.12444544170154,564.3372389424462
2,1299,54.50692508047642,51.687218649389344,38.196112141936986,80.93187225489478
2,1300,259.89475540069753,254.7404125821413,181.32122662653657,368.1239392818852
1,1301,0.13241907839145753,0.11754022488504388,0.05996753091416064,0.2914477254135341
1,1302,0.5099576886012347,0.4686179948071838,0.22003815094207052,1.0415991774163669
1,1303,387.69787840138525,357.84926812478636,153.212003723273,790.5573140124956
1,1304,0.19087691716267424,0.17817749225963553,0.09073614501837313,0.3633487070018667
1,1305,0.9878618313305284,0.9090614456039181,0.4300209524148155,1.9996047242935482
1,1306,45.16396320471663,37.78397834558952,11.203285515424998,121.52584067098235
1,1307,71.42673913109535,64.98712312283328,26.874664297745746,153.39202693744883
1,1308,6.371887831927323,5.98287972364833,3.1425326773286475,11.90997782875852
1,1309,1.5674448998051047,1.4932865312534225,0.8288094535407714,2.7374498786977295
1,1310,0.14987509957010073,0.12892293086287565,0.0507524533800513,0.3728968141503459
1,1311,2.685657909338073,2.535078468707421,1.3590259225917232,4.865822663470485
1,1312,1.8333507979887584,1.7363366553342976,0.9472476855051704,3.2856604028505623
1,1313,11.556102896076679,10.9616663422693,5.933481410687832,20.707046478451563
1,1314,82.80357111969298,69.11229065906653,20.1977686817321,226.8994668316305
1,1315,1924.447532881697,1832.3253084839807,924.027970643811,3458.5069806847923
1,1316,0.8989817129632153,0.8396298823204066,0.4366520391211957,1.7040367137861305
1,1317,0.1969719104251375,0.18320543520828722,0.0856816370549613,0.38834811030018174
1,1318,200.07363973262795,183.3420120215614,77.39320955903655,417.99041581852856
1,1319,0.5217428174429642,0.48506064558941053,0.24689008301104862,1.0138242993077407
1,1320,1.128505716550498,1.064280719902667,0.5704174842301434,2.066246097477579
1,1321,2.8299963514038695,2.3281630581428123,0.6619169565308133,7.947321809145837
1,1322,0.21598733824900046,0.18434169024488428,0.07457754112445664,0.5427757000466944
1,1323,9.11243966622336,7.564014893097955,2.2081829838753535,25.154906412662342
1,1324,0.8702536612111572,0.8169585388342606,0.4457781140424884,1.6078220544105204
1,1325,2.4889372018572447,1.9979577090659375,0.5458308577028312,7.329312699376221
1,1326,63.32366986043337,57.58576800182743,23.705904756817944,135.817936372771
1,1327,0.6223361402571794,0.591589567580544,0.32303526351192663,1.0994621291644129
1,1328,0.8356659743058815,0.793737803453841,0.4336833621343405,1.4841764729009814
1,1329,19.37934890510239,17.470240943517723,7.076923334730273,42.4517701711568
1,1330,7.274975281771352,6.040839566906316,1.762033501485491,20.029267728634448
1,1331,0.03634713614222589,0.033489144399146964,0.017292608325529927,0.07074522817269398
1,1332,0.4011482170704333,0.3586372441196844,0.1385352425122255,0.911528658435467
1,1333,0.6422521062134704,0.6012766641093183,0.3366606653658303,1.1613980298888291
1,1334,1.4123906208908705,1.3259325219068978,0.6780046464773641,2.6418182459916366
1,1335,517.6255483515438,476.516509105708,202.4218484696943,1067.232402811
1,1336,2.6196195028755356,2.1423800132472763,0.6084545355165519,7.466760065702512
1,1337,0.8176462363761187,0.7591942219382768,0.39414391756640693,1.5784417009797465
1,1338,1.095629478959343,1.0297967755810373,0.5453161719715761,2.0173578749809296
1,1339,1.243265191824387,1.0205370831977438,0.2913634131858598,3.5009266677520148
1,1340,2.744296804505638,2.5582318173554675,1.3691368275664602,5.20046695496135
1,1341,1.8461179500443055,1.7376590456137775,0.9254802783273356,3.3805805925268007
1,1342,0.10950459275912805,0.09831968879306968,0.05242253657461119,0.23243374302947506
1,1343,2573.941362076352,2455.6177962453803,1244.3604435430616,4585.338921699726
1,1344,0.5378714532984604,0.43939483787589223,0.1224354347068966,1.5362597187880618
1,1345,0.4834628542816305,0.44957856927524203,0.23251661704548776,0.9306065579976142
1,1346,9.681789014720973,8.674167799873842,3.4101554074466702,21.658027877125953
1,1347,0.6169423549405688,0.5839651822315624,0.3115792104082054,1.112884452252256
1,1348,0.4616511267384573,0.42898716255496805,0.21548160003486858,0.8960949481004206
1,1349,0.18150724308518537,0.17302200026518597,0.09639181032099925,0.3157953935071615
1,1350,4.584649686335685,4.388752799119601,2.490918071113924,7.826381753879895
1,1351,0.041951843768926175,0.03573096276655646,0.0005985573994334368,0.11841820362067518
1,1352,0.15305732612435136,0.14120960431778878,0.07240466316235666,0.29636456059981164
1,1353,0.15657357015145126,0.14195833136625124,0.0778323476753608,0.3168796698936093
1,1354,0.17811259480035121,0.16698488359725286,0.08319160346781362,0.336691482065309
1,1355,0.06631434144215592,0.048956355419022525,0.0,0.25244101249159767
1,1356,17.82099027256898,16.12648514185711,6.573186432192494,38.71683732566022
1,1357,0.037384498516993624,0.035302830956378886,0.016341749885762008,0.07015079597995899
1,1358,0.9032831087515116,0.8630623637426458,0.47990376968283155,1.5654578816978422
1,1359,2.142850551766182,2.039478858181281,1.1281313354864562,3.764972311552004
1,1360,0.13892294418782036,0.13008156087931097,0.07018362028355529,0.258580078379855
1,1361,0.25479062960700144,0.23701764725879398,0.12578825635869104,0.4863331360356914
1,1362,1.6072968451402254,1.4868139049175164,0.7341048779648521,3.1840479762290728
1,1363,0.8247235305555664,0.7701766223494192,0.4060813152339774,1.561563321139224
1,1364,5.060015093658233,4.568890806835359,1.849406689042431,11.119428696946082
1,1365,0.4472266891081059,0.4238219609857674,0.23194467391505733,0.7958184549331565
1,1366,6.542140636341648,6.1261505644542895,3.187764904027656,12.319969230783409
1,1367,0.28889574703328363,0.2747638436801185,0.15187430904431262,0.5062103110102193
1,1368,5.058837214655527,4.140800102856165,1.1693313629317725,14.365790589400634
1,1369,6.87707705610497,6.538189566491006,3.668169219015894,12.043336371798667
1,1370,0.22708610633497145,0.21178428834040675,0.11821119765208815,0.4094284445906173
1,1371,25.905488198717222,21.544319938534215,6.261881527729644,71.19033709100931
1,1372,2.4779372843029495,2.345426976892412,1.267282753537258,4.45472075958358
1,1373,0.6567081884252199,0.6002501557174773,0.2719219578025405,1.3682741229855382
1,1374,0.8296758772933479,0.7854906205061449,0.42868340478510464,1.4865517880149623
1,1375,0.42163725115268763,0.39651352981568505,0.22171993074651167,0.7424686536700024
1,1376,5.70910037063923,4.6438889631492675,1.299660255756652,16.400384755672437
1,1377,0.2618593274891102,0.2413741089619097,0.11820574692117097,0.5211553302840738
1,1378,912.2675849552576,870.1098971286375,440.6048472373711,1622.2456364423963
1,1379,0.05998690128052183,0.05396704085111819,0.017977158082233023,0.131552715399033
1,1380,0.4093239484084642,0.38959959004229006,0.2155502955484472,0.716987580416194
1,1381,1.1256380638160537,1.0686329217735573,0.592206048310671,1.9869581305775808
1,1382,9.001117918552742,8.46157505150206,4.43653767196144,16.803553738811217
1,1383,0.5386478920276672,0.4427902323352866,0.1276158970703258,1.5124934413203812
1,1384,0.2114264555880324,0.19883570267748804,0.10444935366682818,0.39119301205246365
1,1385,11.010764843897082,9.114001369695629,2.655900546182013,30.455109160985945
1,1386,103.55952739544556,94.55877120056115,39.337529280436854,218.95751870755603
1,1387,24.28396592307551,21.86352500052415,8.884746293871874,53.824715023778644
1,1388,1.5322393052597358,1.428227839389931,0.741999709719402,2.9305997133298254
1,1389,19.57655680530275,16.20888067552123,4.689031867698998,54.10700418177219
1,1390,4.391354191752675,4.061421055644528,2.024893295687909,8.670041536996898
1,1391,1.0976353154185703,1.0428038847001557,0.5785471343437638,1.9254604929694417
1,1392,0.9628810900965973,0.8307023091902028,0.3732897112752244,2.335027531289421
1,1393,1.956704991043983,1.8467129204366364,1.0045604646620483,3.549670419637888
1,1394,0.11516768197389816,0.11015956679014596,0.061971347152540414,0.1963122590239697
1,1395,1.5342591465704853,1.2707451932836262,0.3685475108810105,4.231616102868422
1,1396,0.1982400316507519,0.18788070894006786,0.09747116762263261,0.3597965779035079
1,1397,1.1198047364581274,0.9713858439998047,0.4387783337998788,2.6793430016863584
1,1398,172.9784646375324,157.3554682093074,65.04044949159312,370.5868862741384
1,1399,2.468825085258944,2.3165747851026595,1.3136415955100929,4.4106127658734815
1,1400,0.2185637419489878,0.1885231831539641,0.08324093220290166,0.5411316546758672
2,1301,81.96485241055197,73.92019614191986,51.99455315978647,165.60494879014615
2,1302,444.40183540428495,421.0196691088916,259.1384619789801,764.4748199524283
2,1303,3442.0383366425262,3381.4173062321192,2382.144831128534,4833.496741264358
2,1304,212.38302016282358,204.05489937628175,133.47871810768655,340.1285774827691
2,1305,665.9192533313201,631.2047421846864,372.19941951745136,1158.0858116983711
2,1306,1572.0327886619666,1522.0981229303763,921.4563298094789,2507.276538247188
2,1307,1954.8462264033692,1921.6505554174573,1363.087592571779,2735.946250532803
2,1308,882.6463560242705,849.2128527026816,557.7295103799349,1406.9021770440886
2,1309,458.3145606556206,449.12723274579366,320.155579029115,649.0896470560687
2,1310,145.4203685956138,128.78896078046603,73.24176475848432,314.045342679522
2,1311,1171.363285308693,1139.458085260792,766.4069735971652,1761.426107313339
2,1312,665.2305960456364,648.085523985576,450.4961142566394,979.2499844345656
2,1313,1126.962964380832,1097.9463010742775,746.6180610152945,1673.5798095683008
2,1314,4801.155629307644,4647.26208428839,2809.517474923469,7644.269822805348
2,1315,14567.544503651585,14393.740492220073,10513.44965322199,19614.684818175225
2,1316,456.1113224370545,435.59655296836445,285.96648624884176,742.7981235461924
2,1317,274.8909981626903,266.4110791713493,177.13813906960172,421.7874422698732
2,1318,3399.822745577262,3352.690274888646,2432.052055266827,4632.169850273543
2,1319,444.9292766391878,424.61965485380404,281.3857829282445,726.0598423098409
2,1320,550.5872713158844,533.4772319695076,364.02200134594585,837.362911613925
2,1321,331.7568978999303,317.663163465486,184.64319444079862,558.723071287897
2,1322,125.60438330922989,110.34318927412704,55.78716026548264,283.73968661374346
2,1323,568.2943368980826,548.3155577372181,325.0449973643867,927.9054357696499
2,1324,251.10994318131554,241.48593108450632,170.31519341351867,390.41380982864257
2,1325,458.4266401218341,427.68824701612834,228.80645523945086,867.8895387200895
2,1326,1227.9321484753402,1203.4609544476057,830.6551566580064,1766.112210906001
2,1327,433.3564441612398,424.2730476109015,295.88240329911247,622.5536006281657
2,1328,112.51986520642382,110.07132637955591,78.96659327723424,161.02744835128092
2,1329,653.4629537846768,637.4957350745367,439.7842464960241,956.8903360673089
2,1330,478.19985928128017,461.7092459256978,275.85635781041236,775.3750980535252
2,1331,68.604370763278,65.19509267933071,47.97758274438327,108.2469428987129
2,1332,254.12764198066694,237.93995980652352,125.83605264611569,476.2641772635533
2,1333,88.06322287481008,84.65237631099833,62.522425439310055,130.49802685070506
2,1334,1415.5258388818818,1370.3642679793743,885.2850285775227,2211.3330262404893
2,1335,5694.737709583996,5605.672976637468,3954.4086865525273,7960.119124775082
2,1336,149.12118611638343,140.7024874844517,80.67725453868762,267.5282216526996
2,1337,514.3722209081146,489.65714463081684,320.49322961796565,853.6169666706205
2,1338,183.64159895600565,177.20955009709178,119.29970634873425,285.3220296970921
2,1339,191.01415785594375,183.3641993835427,107.02050346651856,319.93205998742525
2,1340,333.46838266198813,316.98910314358545,215.50205258055445,548.891592215574
2,1341,606.6019498730806,586.7614514556303,397.46042136663715,932.3474214219726
2,1342,55.6265044382066,50.7310719784159,36.416053916210586,106.66079869710394
2,1343,16854.32002946144,16637.13970291958,12108.82459322071,22795.830247632453
2,1344,130.63064797250593,126.18587820048188,75.74163276980417,210.60416502481155
2,1345,276.3322746440358,263.7607957235627,175.32805564736077,449.6786706088251
2,1346,465.29078388000966,453.8351122591963,311.2671799019333,686.5626745034494
2,1347,693.2524617464879,675.1985790356596,459.3098584016069,1029.927157331482
2,1348,150.24431938836705,143.2424718832346,92.37501479281991,248.59448944304756
2,1349,141.57428987584274,139.46903105696788,102.56255982524118,192.5793710887146
2,1350,383.975658312077,378.20654283406543,277.85439882835215,523.1075567368764
2,1351,43.93727064912127,38.635628625778196,26.194913333376864,96.69696771240179
2,1352,105.93724298400183,100.77282502676785,73.73585072383521,166.32366326517928
2,1353,60.16088321996671,55.41381150820381,40.002186838422155,110.54586374187933
2,1354,129.55979312100592,125.83090585845738,87.45793538079904,193.13228063843147
2,1355,101.80204536497176,87.3165278826461,42.74272719408053,246.5980321978257
2,1356,292.989818392766,283.0341282124273,191.25580319733905,453.59915270851144
2,1357,41.73526548942166,41.29965783093066,30.958036793157763,54.94339266992976
2,1358,190.23984526950963,187.85000059022173,139.3527051238178,254.31709691916998
2,1359,374.6817268287947,366.620729709448,262.20987730791666,534.0023223201247
2,1360,46.461103464965376,44.487346463126826,31.20547050458833,73.90439224296753
2,1361,86.26368313512994,82.08276894546127,57.73882913184339,140.75856151663098
2,1362,341.49379660938496,323.8339843778368,201.53778946701024,582.7605457153572
2,1363,270.5507061200985,259.0341735541059,174.67472325413596,433.1134946819421
2,1364,229.96268493320804,224.90748941444502,159.720215606703,329.03954089333695
2,1365,353.6798642970834,344.35096951090554,243.18721478484713,518.1687561256042
2,1366,601.4519959447216,577.3021569984849,373.67346556014036,967.8837825880546
2,1367,83.62350492328345,81.95892996277814,58.94928777409676,117.39457877859894
2,1368,302.2087635964564,286.42595151179785,162.12820364713912,536.0394927338787
2,1369,190.4124650715338,185.31651492548184,133.09997254988227,278.3609455342718
2,1370,51.22910356408311,49.07052471196934,36.40307617113957,73.93760755123073
2,1371,1354.3624696065388,1305.2728081330526,771.1279531098336,2218.183412151501
2,1372,868.8043939597668,846.0321950698078,579.4813071289265,1286.9463285315087
2,1373,185.2770798465545,175.0010813139216,113.19825136917919,317.1590459594769
2,1374,361.5472324551168,351.5825084137831,246.43194904872027,534.0310871945563
2,1375,65.64543453268556,63.58701219676983,47.3033679206476,91.12628029115152
2,1376,282.2959426752018,264.21223336677895,145.79524227922573,524.1894470445932
2,1377,176.3265365916666,167.6894559360019,106.69636489229651,296.25755889895356
2,1378,5581.559363797829,5505.206800863352,3961.7480910511695,7630.118235004697
2,1379,32.22274200772415,30.18463776874527,22.125035246780328,52.434169401380075
2,1380,134.29138794726222,131.56803469338377,95.57406025252267,188.74333737759557
2,1381,147.51443190098695,143.97064695440628,102.37378488468525,213.1319363378742
2,1382,1086.9985432318897,1047.2985705313433,682.9646523536094,1721.790656315781
2,1383,50.9988367378063,48.815328410545035,29.63600037625149,84.05317145448973
2,1384,155.21290338148174,150.25839103121388,105.70751087002257,233.71265453256586
2,1385,1974.5044394639722,1909.9931199447742,1143.2311586904282,3171.2015738658974
2,1386,1580.7620182826822,1548.8265804298355,1076.6169837149343,2271.2019033274155
2,1387,778.7514759702267,751.115612839478,530.1849350004345,1193.4459491779044
2,1388,199.31061121830538,189.84193871313664,124.72057213765711,329.7671513140673
2,1389,1368.3290836555457,1316.7188944405968,777.936861217508,2247.7128719223356
2,1390,647.5357154285183,613.0281462561234,376.7258468926776,1118.9983252383026
2,1391,101.34747362721082,99.11840000410562,70.42129003000376,145.04656458745163
2,1392,166.2878900616178,145.95561360751373,82.02608417871002,371.3943487797816
2,1393,277.55637705744437,268.71547956270695,186.4847725189153,418.73078189074
2,1394,25.053632510966967,24.77960043586911,18.41254029026165,33.22427349218078
2,1395,142.8394415261494,138.12553532497972,83.19120910924543,229.63508509471936
2,1396,106.59748460688145,105.05202094380667,77.6070649562995,144.30362133331508
2,1397,295.36883706029903,261.2996729907007,149.32797596033805,643.1824992087658
2,1398,3270.8675359803015,3205.8917127314985,2233.9088751253116,4668.846105455316
2,1399,84.67866776465101,81.42396895199965,59.8446106854083,126.20128419821073
2,1400,80.95342754242057,70.85058623100996,45.81322269398305,177.9551700746408
1,1401,1.7757123700003705,1.6746841041607512,0.9021939099511489,3.2291717732650937
1,1402,49.20989552962555,44.65148271898846,18.376872403400537,106.28505546685297
1,1403,0.44017022036828013,0.4172154100582264,0.22560972113887307,0.7899174435442642
1,1404,0.6950941306757323,0.6483629245463922,0.2874957987652665,1.355625129970948
1,1405,1.2349084121068958,1.1493019509377582,0.588358897920639,2.386366006212798
1,1406,0.009437282170724665,0.007914647113303804,0.0,0.030186267167187003
1,1407,0.10047095879492743,0.08356105461903601,0.0,0.30055170378913704
1,1408,5.196266777761938,4.087522256193367,0.9703049307893727,15.9794761101038
1,1409,0.473925475775413,0.44788805277456634,0.23213119357642067,0.8642516500296827
1,1410,0.5431759369222201,0.5192459955614639,0.289775347019909,0.9314699793506924
1,1411,0.01624095350938176,0.013745048011482942,0.0,0.04999801439723369
1,1412,0.8568022730617346,0.7617562347954505,0.369809798139325,1.912514494575462
1,1413,0.2885110896363784,0.24808865586855022,0.0991214603443511,0.7137035156654524
1,1414,0.02179987531336122,0.019335204419203618,0.0,0.06330435591482193
1,1415,0.1102500301252944,0.0997858030648121,0.04204702649505218,0.23899440067134647
1,1416,0.02646260904615034,0.02370667868600422,0.0,0.06947408697292465
1,1417,0.2974164994859838,0.2821057991331378,0.13796797409415315,0.5470364841805382
1,1418,2.85796321115263,2.2835635855681353,0.6146251623589826,8.4811347027939
1,1419,0.5441541592770626,0.49202611275844227,0.24117107737621174,1.15645434346462
1,1420,106.68788880763121,96.56228733455127,38.766583544202874,233.78811243458878
1,1421,6.789035895444193,5.571331974094135,1.591334442285419,19.080918328415397
1,1422,0.18317861778962374,0.1478101518814215,0.0012986416709122033,0.5697038784623148
1,1423,1.0919283900536132,0.9651952773842886,0.3798500619077173,2.552178644930771
1,1424,0.146449275192144,0.13925367689049048,0.07394260730580292,0.260984020616558
1,1425,0.063857896526842,0.05380826614619556,0.0,0.20140371957961692
1,1426,5.579929593001437,4.4958646659946115,1.2246467813003294,16.380399207158955
1,1427,50.100882681705144,41.56557584947507,11.982328552187079,138.51523838697398
1,1428,11.518816924787808,9.511107583509467,2.7490954627770097,32.08510093797665
1,1429,0.1681730471124463,0.1130746042906417,0.0,0.6781527544232931
1,1430,0.005743324186081143,0.004749243746832043,0.0,0.018286718817289018
1,1431,0.02135121781905912,0.0170033368464741,0.0,0.07342634651875268
1,1432,0.5255190490685601,0.47525024817397643,0.22245164902161782,1.1291282180397584
1,1433,43.0638224926419,35.62695000582062,10.233969311149536,119.16721361211614
1,1434,0.06846232385331683,0.05606598670499201,0.0,0.22142716403275942
1,1435,1.381249503041084,1.118703806269235,0.016998076774209548,4.226795908864048
1,1436,0.010826370115111119,0.008872991432202522,0.0,0.035345132849727186
1,1437,3.1443690974996237,2.960882357609769,1.6016933803628288,5.728162070223259
1,1438,0.05445591257692144,0.04831283235775452,0.007169650871580385,0.13310228921631034
1,1439,1.8664020817100966,1.7219915379849247,0.8295176825457756,3.717413761082997
1,1440,4.63328678947246,3.804626478371667,1.0873827713383648,13.028370613620002
1,1441,1.8112265821305398,1.6921044513216992,0.8509849795733281,3.450452209829798
1,1442,0.1216699490315139,0.1073973622630299,0.02604617620144095,0.29929970980887555
1,1443,1.6798518605118327,1.486679064545077,0.6740181216890218,3.817060921160023
1,1444,2.2014986028218346,2.0898620002140573,1.1401062611462165,3.906840008775964
1,1445,0.506464883807949,0.4789994965761183,0.2555138500648432,0.9176765465466408
1,1446,0.05766636085626748,0.052486619598811006,0.007723568403876639,0.13639621632015644
1,1447,1.1547716145743745,1.0931547278780682,0.5937353994501948,2.0662863795661734
1,1448,8.801613165488803,7.269303031309336,2.1039750202920735,24.471454354548385
1,1449,0.17197337856832157,0.1572885560427299,0.053405754431970376,0.3706269319464263
1,1450,13.12099536114781,11.662613449762844,4.685251876743808,29.929117909713597
1,1451,0.7545097643191462,0.685710312128565,0.30501449647218415,1.601813705563495
1,1452,0.027770649632101276,0.025228534230771336,0.0,0.07357609623420523
1,1453,0.24225087887856014,0.2209317097146752,0.01335771281758952,0.5849456680739186
1,1454,0.34437931992796117,0.2998189470632633,0.11701989988118308,0.8416296363643396
1,1455,0.03507364206480999,0.028831460980486973,0.0,0.11125702241793661
1,1456,0.7976770476096225,0.7440429184852358,0.3899766142630658,1.5182524500638213
1,1457,0.3427463611731542,0.3086911173356485,0.031169231807080495,0.8427108698536206
1,1458,2.039410945698376,1.9021368909830492,1.008645500106359,3.8562105916805858
1,1459,0.30238675813066906,0.2490729987086877,0.07173610442596154,0.8438014351623115
1,1460,0.3424929196878905,0.30139243203911337,0.014259738024663684,0.9025825161563368
1,1461,2.5611592479260166,2.3663296378807974,1.1602399621292188,5.114575443144116
1,1462,0.19170207809309603,0.1771420769011065,0.07401675000965527,0.3938507390915829
1,1463,0.02829110234451873,0.023113833873744792,0.0,0.08941374294855942
1,1464,11.892418244452934,9.82577045000827,2.8372045685507685,32.95075991335006
1,1465,14.042824827241757,11.428160632874826,3.2392751174486394,39.995945024838356
1,1466,0.042997574824732765,0.033990327326374706,0.0,0.14725287277491428
1,1467,0.8531566525385037,0.6859164625574093,0.18534626618134287,2.52238478269983
1,1468,0.047257665254045615,0.03996422578913593,0.0,0.1461165686373868
1,1469,0.7054687128916901,0.5539955406754096,0.13269987704938443,2.16679010440219
1,1470,0.6929191071786664,0.6430447566852893,0.3272196547971396,1.3430315557774062
1,1471,0.04976938700910582,0.04211240550721762,0.0,0.1450612242333961
1,1472,6.253626027428632,5.684839314976211,2.341368129142965,13.467946656720963
1,1473,0.7712850113805373,0.7056468687051232,0.35494208769011487,1.5785418400704951
1,1474,0.3900743605548676,0.35289511018761344,0.18543154410485968,0.8152184866687533
1,1475,1.0554746875994685,0.9380372489132497,0.324409005800301,2.457296514786616
1,1476,1.4691253223075649,1.327542499386348,0.6485339633971091,3.1115598064781427
1,1477,0.30190592157058865,0.24868263653505301,0.07935539709464022,0.846035265156993
1,1478,0.708636152597215,0.6619123942583967,0.3525874103746217,1.3375739109949354
1,1479,0.7982214608410633,0.7373891964171129,0.3605188424975239,1.5955889982920732
1,1480,0.7210353927971636,0.6361370199595671,0.061465791734789894,1.862520655010292
1,1481,0.09540922672264161,0.07910576185386912,0.0124309657018156,0.2778399174144765
1,1482,0.020795080425853662,0.0,0.0,0.13476717576582115
1,1483,0.09720097420877248,0.08052158574758103,0.0,0.3015254547829887
1,1484,0.05493724173942518,0.04892877025643792,0.01657940700879351,0.12647912050471913
1,1485,8.962822256169053,7.239844258741719,2.0129308960845345,25.8996711531508
1,1486,0.6076664793083888,0.5605458411605124,0.2699615476569293,1.2173783727933616
1,1487,0.9314450307400828,0.7568761835232709,0.21114774588526367,2.6795300501724015
1,1488,0.11144381343467019,0.09230600873567989,0.030514330427673455,0.30725997614667044
1,1489,0.7062819918673783,0.6575808297590473,0.3494600843270513,1.3519811952944851
1,1490,6.7885584571188895,6.1492497147137986,2.831221536308379,14.448197510049289
1,1491,0.17905072271409375,0.16349511005571601,0.0734921818163386,0.37727216484577114
1,1492,4.2357988054271125,3.703424377518526,1.3538106060111934,10.329452338401541
1,1493,0.302277938184523,0.2788544895456365,0.1248321557914067,0.6185284170480917
1,1494,0.2915542415648213,0.22922621665186538,0.04841101927337077,0.9000160077639459
1,1495,33.339975934132745,27.46244496259084,7.81230907845061,93.47218229992241
1,1496,17.27311083999826,14.379469342603986,4.209167442243509,47.50772278012522
1,1497,1.367658468012667,1.2556981166873578,0.6068077395863222,2.768921801308362
1,1498,1.618989057493791,1.4429064974859005,0.5845069760347416,3.6273329476887324
1,1499,2.2958415234864846,1.8629820861117095,0.5193657153483926,6.609259529686029
1,1500,2.756723391437583,2.5864700385599217,1.3013353784779642,5.176525186411693
2,1401,662.6604612724268,642.669970095402,439.5228214394235,1000.8552903484135
2,1402,1407.4772418018097,1380.357232552799,969.5333475561853,2000.1358448649598
2,1403,132.11998204319943,128.6977134309068,88.43902264870654,195.2136934021817
2,1404,216.7644936890085,211.18924026182134,156.07223414171122,301.26771146968275
2,1405,419.93716573487654,400.9679640863176,262.71999830486203,687.8810543550692
2,1406,92.5376581194113,91.46470793513373,67.01911821576041,124.23540114608227
2,1407,273.6672983926221,244.30603401815182,137.99426267474598,581.8649482397333
2,1408,311.0145514543746,269.25530330177264,86.84565463036851,776.5198044900122
2,1409,233.01714494398698,228.06773110391822,166.22840404556322,328.913276952873
2,1410,91.52320315157635,90.61067033734,67.69402798713402,120.75025095865122
2,1411,88.0897351471975,83.81537108288576,60.04133750032508,136.03067672025915
2,1412,207.27466933461116,187.6884040291527,116.62153586600779,413.85131960394676
2,1413,163.46982919978691,144.99676408481963,76.27477909967061,357.8333693351859
2,1414,63.69647225412925,62.954521967181336,45.757267092480014,86.06446776253158
2,1415,234.990766309385,221.23101967034071,133.50432073988094,417.04257106745155
2,1416,141.1492256329597,134.3695054123694,97.58652748925711,223.61946580721934
2,1417,137.21102141179858,135.75272664827418,101.58053551214351,181.33887049003184
2,1418,241.55560147727917,222.8002356238962,121.58644134639556,472.03568091981754
2,1419,193.19657897742619,178.23633957770937,116.40786776488898,357.94217216393497
2,1420,1713.5361969289304,1662.5108622426583,1070.768870839878,2652.232607531983
2,1421,523.3231594543145,499.43226500634864,290.5359121669438,896.1958690385785
2,1422,143.49240672742351,123.88922340954957,64.7137464280392,339.0413813937997
2,1423,401.4243724343019,367.2704393416851,211.47724070645506,794.5895147044914
2,1424,132.45119130252874,131.0150298097593,97.62324554417043,175.3647977318398
2,1425,162.75668503944735,154.6538999282393,111.94712641491215,260.8716862459369
2,1426,525.5810583180993,492.23789301222075,265.0228660066093,982.429178788534
2,1427,2273.3790569291864,2185.2276646231367,1261.9489546545167,3797.3674411414445
2,1428,1685.1846569410689,1624.621356522718,967.806085351782,2748.0893454670436
2,1429,123.8182959968004,112.93046495382134,62.42880816597912,251.09902302475504
2,1430,55.66753346681109,52.27462676708092,38.05024727174364,89.57286925954195
2,1431,13.717766444073558,13.516431942325294,9.183956297765912,19.37789337885803
2,1432,282.8641058309104,261.97383729889833,170.9089040157889,520.4409578093249
2,1433,1739.6426412888634,1664.4579608522276,947.2626521726769,2954.037913163911
2,1434,195.93595703891143,174.71110886275795,108.88097580783868,412.6053036893426
2,1435,241.80490280311034,214.28232849735798,95.09254580729024,547.9871027252898
2,1436,80.91702019413957,80.00467169413828,59.050019510346125,108.01547621340059
2,1437,610.4772068090826,590.6123275060659,415.6994652999638,920.3538383739464
2,1438,79.05811794879871,73.47389864337833,52.15198711058162,139.1436586591316
2,1439,885.0301394848616,844.6664544037928,528.703597137647,1477.786066147948
2,1440,429.3484453046258,408.1464548884766,237.13915053488628,742.7552854937537
2,1441,1017.322431657083,980.1521128757073,630.9786015852158,1613.7287600204647
2,1442,129.0917206765344,118.99965588029829,76.68980089058991,242.12244540630624
2,1443,364.40324421992466,329.45115961429997,184.6046289278419,745.0016588437504
2,1444,826.5260245033793,808.3450595405747,568.4741761060482,1192.2334561858531
2,1445,210.81955171079557,205.97261932947188,148.06345792843578,301.56782256234754
2,1446,271.21007883211576,259.3646175334343,188.20514084252986,426.6659577497823
2,1447,592.2712519260491,576.9000276259162,400.4495341330308,873.2854048884725
2,1448,720.6341128103894,692.6442813159256,408.80167515208984,1196.4716748649544
2,1449,188.25166644867454,179.89404698689555,131.17437246450663,291.45400131250335
2,1450,276.1410377529655,260.57325355931886,180.48262193569082,470.16358822408233
2,1451,517.2908079471683,486.1864928228209,295.5794545312156,919.5737667192012
2,1452,68.7821179379846,67.99569209177312,49.92117714094161,92.07804441287193
2,1453,230.87586941359191,223.25995520426682,158.80391111905612,348.74683002401883
2,1454,214.56841465848413,190.84578002618952,127.82552423615601,449.00041391988145
2,1455,121.15656546394965,106.2467723323787,64.17182889919437,268.6131552617333
2,1456,556.6523509519476,531.9456076774268,365.2504554081356,896.928508928156
2,1457,333.14054974370754,316.6061330205805,214.10390487130678,549.5828288369272
2,1458,645.631854061738,617.441908830288,412.354603869242,1043.2004654790649
2,1459,59.5759273863677,57.797241546757995,35.13229150490486,94.14814690384807
2,1460,465.0552026339502,433.99593287824086,274.9608987178003,842.149949145395
2,1461,474.5916436447926,449.1934452771794,272.74237893930353,822.3871751489052
2,1462,226.43716588860127,217.81445768701298,153.6365993983568,352.21684105696784
2,1463,58.17217314989732,49.669714252407985,34.014661193158716,138.3952268797248
2,1464,1167.0263955454757,1124.266478479481,668.7911462482114,1907.6938425624903
2,1465,196.54864836224425,179.089417751167,97.32646964224968,403.72973777946254
2,1466,56.47921399294505,49.041589026714185,27.319533280916076,129.3025351723121
2,1467,175.4789307125318,165.40561869300745,95.16176563768632,315.5972318585952
2,1468,106.77449203699999,103.020241717713,75.43818810452676,153.2973846734825
2,1469,109.90489737427292,103.23233807736973,61.29696053004531,193.92686014269538
2,1470,301.25138008332425,287.35854741254343,196.4176850559904,488.56437766823547
2,1471,149.8292143492582,132.34791222010594,88.42222770984006,320.945020989563
2,1472,173.62293950595387,171.46246037350005,126.39048244193391,232.40768008094383
2,1473,255.1221871637069,238.37053447154096,153.4363427974626,459.05101778078136
2,1474,175.16813320187006,160.79122390628388,111.40006253287325,330.7419095398743
2,1475,54.25331928597388,53.508593833252306,38.01922096192828,74.76099253323
2,1476,384.06094559778967,354.4497484284449,215.90535896810863,724.0107115503291
2,1477,321.68038676562225,276.5384989638702,132.7904210915032,774.1389095425282
2,1478,432.6474815568714,413.7026789599687,283.6971139966026,694.0766967565216
2,1479,561.475663998501,535.8569558495647,340.46949552893045,935.5164109049318
2,1480,186.68890388201305,171.99183301832886,114.99662617097363,349.3825600744062
2,1481,112.02843749522394,95.43101260427304,60.98194281542972,267.6628688860914
2,1482,281.24610582941114,208.9151753275376,85.69397782703304,907.8350776290105
2,1483,293.52962050314153,263.77563311063125,149.179706634028,613.2256524917404
2,1484,107.29225665636373,98.8067216476282,70.17423493942779,200.1142205589226
2,1485,330.50520266564143,307.6449424959455,166.52729402708974,629.2378424341078
2,1486,308.10427813647556,292.78526979384185,193.02320415420988,511.5980644213957
2,1487,126.69237667781931,121.44580554114992,71.47950485306912,211.50249779545933
2,1488,96.6190672824083,83.09462442623658,45.24540613008508,227.0738159952603
2,1489,218.9180915200374,208.22031087494457,144.77611348290972,357.4502246683941
2,1490,845.870707859792,785.5517137251117,435.3659646402277,1604.9810795990904
2,1491,118.38541632292656,111.26960004534234,75.2682995887459,205.03360131588823
2,1492,190.28362239413187,178.8961114900918,112.9211246968848,335.30148407173266
2,1493,236.60816480170064,225.1282574087508,151.8097688085238,387.51431478760367
2,1494,72.96856315264264,69.64795513558275,40.59532413824292,124.73803619878883
2,1495,2453.8086835693284,2352.128362240369,1341.3093531528048,4168.770565161647
2,1496,756.8653063780116,729.55726615745,431.6098894796851,1241.4492804846598
2,1497,670.5504264510664,634.9302736426298,392.00703693170306,1152.6892580473802
2,1498,61.23700543632457,58.97661290341915,43.00971597003232,89.32261263836918
2,1499,388.4959201853231,367.9571477621554,209.29309811604998,686.3221616105218
2,1500,1099.339594517236,1063.949588058771,677.4175905979874,1717.6003689474865
1,1501,8.698161865110677,7.111735552121761,2.0127407520256977,24.561609553902436
1,1502,0.18562045081041745,0.1626909221009999,0.05853769908050529,0.4510011067298051
1,1503,0.16012777576776704,0.13409645474455703,0.06342180843980655,0.41733076835619115
1,1504,57.16005743305277,52.209917889383256,21.74708677936396,121.16723371453676
1,1505,0.534703802875692,0.450452112754093,0.1835861950690854,1.3889550338615138
1,1506,0.024955829818696554,0.021547024095858486,0.0,0.07020414902208709
1,1507,6.297480535371968,5.156863167739236,1.467298032458793,17.804099120150575
1,1508,0.03307937717198457,0.02750161188386576,0.0,0.10360718085892255
1,1509,237.75100270139157,218.18136153958457,92.0073258686787,493.8565241054067
1,1510,2.7273873918203573,2.396004923172975,0.8412613208028674,6.516292506237966
1,1511,7.00695115948815,5.7153257812636715,1.587752696093465,19.932553961702347
1,1512,0.6588027520690481,0.5197751832343894,0.12476615969790902,2.015499920163818
1,1513,0.38302158058513885,0.3508775399699824,0.14264538387355094,0.8081026089548511
1,1514,0.18247929779178051,0.1547900128416529,0.06665518133490407,0.46392091646022804
1,1515,0.49852638295541896,0.3872603235381064,0.0947426985858892,1.5614678446026353
1,1516,0.16323741888959944,0.14979560093630426,0.07298240815656121,0.33317492612579797
1,1517,2.551619936774998,1.988701513123075,0.5075724513990181,7.932540017547939
1,1518,0.1754176186393826,0.15992387222805182,0.07742500489473576,0.3574410496734965
1,1519,0.08140074599927985,0.07482495092762756,0.0,0.20031787641800491
1,1520,2.3086605584252893,2.1201238425029523,1.0657298553737524,4.631011383511796
1,1521,25.89105997616459,23.389224554651122,9.52966664707482,56.68615451274539
1,1522,0.34810243539629215,0.3104223858484684,0.12938575421960613,0.7895406016137881
1,1523,0.0767168640652808,0.0699736213786897,0.020922680229967214,0.17182178416938515
1,1524,66.25940385522766,54.901108711874095,15.937482909734689,182.5522380356302
1,1525,0.18617110173459986,0.159914726942462,0.06681440062263833,0.46628735564291807
1,1526,0.09551303383278663,0.08998537489488939,0.03958908742270732,0.18288340647083257
1,1527,0.9288233895841825,0.8436662141131182,0.386120929618714,1.9563702562116472
1,1528,0.2028633009997847,0.17650155241527585,0.09183511636559498,0.4756165765590679
1,1529,0.056191378721672146,0.04861212331659938,0.021068015990499896,0.1318939354033549
1,1530,0.4022903272927199,0.3145281847674152,0.07048994541759365,1.2462624665760744
1,1531,0.7323605683230964,0.6793639472379658,0.33864766423342796,1.4349791604877125
1,1532,0.07959953181606287,0.07436341259702285,0.020681279445541965,0.16740119198310033
1,1533,1643.6224564942252,1576.427227284975,816.7465418381548,2856.7928187991215
1,1534,33.40201256621541,27.790782713867543,8.080939339627358,91.69357595825126
1,1535,63.09982880976461,57.30213369007635,23.531070950567795,135.931605969794
1,1536,3.1659433670615096,2.961097145344511,1.535437830339018,5.9555326716352885
1,1537,0.023396271931519247,0.01557714473936933,0.0,0.0976767497115938
1,1538,1.1139139867744818,0.9943583846953277,0.46814486539821343,2.46014640010666
1,1539,9.488045814063547,8.508578294222012,3.4317806071509143,21.262811172688323
1,1540,4.936455313436762,4.396026950796749,2.005601424878444,11.017088090895278
1,1541,0.10885216544364999,0.09553667543039353,0.025254794626541194,0.2678635974341152
1,1542,16.83994815459262,14.942667645448015,5.776434507849871,39.03220405634318
1,1543,0.21234843856915275,0.19285696938336874,0.0902641994436942,0.45036870915070193
1,1544,0.15569208443392782,0.1340609104231959,0.0,0.44105330872046444
1,1545,3.142687741475773,2.9250457226112956,1.5209126569340896,6.01910967414502
1,1546,0.18811143591545046,0.16974334229047255,0.06822701212743389,0.4170477810874985
1,1547,0.3937295259224794,0.3381016571122976,0.13522904603380423,0.9887906636145878
1,1548,0.16095958937870328,0.13643308719974062,0.06647692222568168,0.4076190691092406
1,1549,0.9064513815868845,0.8167763870740379,0.35027684152230903,1.9805670361035197
1,1550,0.06735470673265839,0.06382728650360853,0.03243461474358883,0.1226909972499054
1,1551,0.260510496158749,0.243283207493107,0.11635073268303922,0.5031858706228961
1,1552,0.15154030897956103,0.13898127702502977,0.0,0.38491607442268944
1,1553,3.9147512106022164,3.1490764472733757,0.8489685282464976,11.436218557275836
1,1554,0.13008266523910136,0.11104128366796603,0.04983584556493973,0.32714184447019357
1,1555,0.519313085511507,0.47945107373873896,0.22994692996961738,1.03716903992984
1,1556,0.27677625928264965,0.25801564224543744,0.12001399297712599,0.5445400991965138
1,1557,0.24642584879443002,0.22768693288576825,0.11877736905436509,0.48139499329417307
1,1558,15.988148118932207,12.977228595253521,3.5973282129717936,46.2166897794874
1,1559,0.35376372140663764,0.3315674250685712,0.17467925181014668,0.6622965291051703
1,1560,0.09211323916077496,0.07585170839066888,0.028620128960448032,0.25590638671343574
1,1561,0.343143296747289,0.2668688409975443,0.06466632880191273,1.0759391093575046
1,1562,0.08067516940070926,0.07013131472332869,0.026581297758079374,0.19847004879685717
1,1563,0.3787909271418973,0.3407593158967693,0.15762942162472576,0.8308766959520748
1,1564,0.46790247847600114,0.4149265199089264,0.1799848453189441,1.0718601744677878
1,1565,3.139252107972754,2.9475725068850642,1.6066008848048652,5.7876201717488405
1,1566,2.724073024335077,2.4075682463759938,1.0354504154052484,6.240315169390885
1,1567,0.20394066124962087,0.18705206071472222,0.03634155026314984,0.45803848938971914
1,1568,98.83777746934291,89.97586773159381,37.331325757173175,210.0263758301747
1,1569,2.982348237275715,2.3902823920783938,0.6451511501996611,8.787183559905484
1,1570,6.126857215439504,5.7080769430993605,3.0204760412958453,11.663147434170472
1,1571,0.05439526676957682,0.05094015215292137,0.019660359236344946,0.10890387652566835
1,1572,0.06296845575371257,0.057705505926784625,0.018222359616213445,0.13408616300213136
1,1573,0.6027427678625924,0.5425203348863453,0.2688066281130835,1.2918335810575163
1,1574,9.64943994088552,8.599370855136812,3.3609151626063833,22.125117163666236
1,1575,0.10910625783951508,0.09271405885607381,0.0005566602687837455,0.3090857469105138
1,1576,0.09540270317394628,0.090560035652089,0.045828897632715124,0.17239063439842328
1,1577,178.29789416977582,162.56559745452472,67.90746556646853,378.5558276612715
1,1578,0.09389528903097932,0.08787041394853382,0.04472016536910475,0.17852456435715172
1,1579,0.17490243453827806,0.1542380259481819,0.05060337187455952,0.42227230149076095
1,1580,1.0883413412108622,1.008523770770048,0.4635267370278817,2.171897345857987
1,1581,436.3081206764179,398.29516191674907,166.64277515273335,923.7678534200882
1,1582,2.353630345228317,2.223119436728337,1.2308703410992756,4.240229471457881
1,1583,0.011882741486042028,0.009699114634713353,0.0,0.03763195638187288
1,1584,0.004186701604725585,0.0035129298494408355,0.0,0.013303175576574679
1,1585,0.9920539240831141,0.8899129298398114,0.4104075966177706,2.1640578028512176
1,1586,0.041472865523156946,0.034199788151880975,0.0,0.1274544892693094
1,1587,0.10711190453623201,0.09348634876274195,0.01283936049755598,0.2793068475698529
1,1588,0.649348998834159,0.5966119422266136,0.2897577034537703,1.3146239522493437
1,1589,0.892185244036691,0.8259181966680063,0.41861888688266474,1.7556591152400296
1,1590,0.6638041960993746,0.6355806574011613,0.36174351694220713,1.1271049641686883
1,1591,4.209449301685456,3.949799803330845,2.090979305811671,7.845803026072909
1,1592,0.8571836564938465,0.7780786223316924,0.3471865675310369,1.8258392006031283
1,1593,0.2842030889189228,0.26250113718841855,0.11310160398432244,0.5814768785711842
1,1594,8.863529691300744,7.861648464090196,3.0123140730813955,20.53893399245102
1,1595,0.3849400592691009,0.33620290937160857,0.12291912801483361,0.9309029676038624
1,1596,0.11753685495029857,0.10422370899126976,0.0,0.31702684380323337
1,1597,1.6492088184726037,1.3290848503026396,0.35630153073199705,4.78706137875352
1,1598,0.031104288850862992,0.02938872305913634,0.013791818381012145,0.05862614440528903
1,1599,0.6631666429104023,0.5844625083341811,0.23928934950871286,1.547775885632509
1,1600,511.4023093956091,484.2051216609759,238.59259887012175,940.6627023007815
2,1501,1048.133308134207,1002.7652420944678,570.4150683010744,1788.6819212111052
2,1502,128.3718264127324,116.35839211361784,69.32033216327194,258.9195183628043
2,1503,65.29722371033769,55.283988140901585,33.78740747217229,158.57385489576947
2,1504,1021.8396109421362,1003.882640777693,713.3072339779252,1439.1879466314049
2,1505,248.3567523010117,213.5900502095065,116.68009220675388,582.6585002929338
2,1506,120.03583150667353,110.83310964618305,65.90123864622954,227.48945736060338
2,1507,654.1654861022141,622.9679517162122,360.77681752400383,1124.9837623080684
2,1508,112.96878128630588,102.9747713004582,59.554907565013,224.49202943153352
2,1509,2904.5331970337616,2855.2235340821485,2021.5222182316134,4069.1007807103824
2,1510,148.3338246627095,143.51881372100775,104.12658265550132,219.19795861082068
2,1511,797.0564972534949,760.4678312399074,431.21854862365655,1377.7729851684428
2,1512,183.65885976965174,173.3124918664979,95.07733888526784,332.8668044484419
2,1513,272.4500984663611,259.65862224585527,173.3015516697415,445.78409213674644
2,1514,118.59457898117967,102.52959443472261,59.27947988660516,273.6277312395563
2,1515,191.9018904794368,177.4684810516698,93.12941256028132,375.8175984134472
2,1516,110.87041202942194,104.23677139535904,66.5833495479564,193.47174782125649
2,1517,241.29520478427202,217.31758425220943,105.35839585060472,516.7688406672124
2,1518,120.16154802294349,112.74767611929143,81.85569646696231,203.42605815617523
2,1519,87.25585505188646,86.32627677131228,64.09065588607871,115.71489797234496
2,1520,376.55523784289875,353.41107878136404,220.70568200048888,667.8661111348686
2,1521,1105.3109479104032,1084.0044334161407,763.102005303074,1566.9775194190108
2,1522,375.2252092783901,346.4363867531323,190.55274622790847,722.3246884523629
2,1523,61.87464594061478,58.86064058300489,40.27699065939605,101.756924626414
2,1524,4197.257421611727,4046.7156139823724,2379.108404851001,6866.126333186958
2,1525,110.47987825178498,96.53644617924093,61.97535280222588,243.79668581964143
2,1526,59.09979976693815,58.454621734065555,43.442179700721404,78.33902447352729
2,1527,401.10632245896943,376.76313724511203,226.51794577750428,716.6218835812857
2,1528,90.73357483008012,79.6399089912112,54.23825743447968,199.03841482189387
2,1529,39.94398666242126,35.29799974150819,25.24558169388969,84.30676505523886
2,1530,92.09313378430458,87.43823042761352,49.67136952508459,161.85691644425543
2,1531,492.75803310974834,470.22237279925594,309.22904942021745,808.5466349476728
2,1532,70.90335495836966,70.1623866258586,52.47066410723677,93.5400143448301
2,1533,7297.861201262903,7204.494832559454,5136.070324133998,10029.758382822343
2,1534,1062.4743636009337,1019.1863547521057,592.1816627431315,1778.582535927479
2,1535,2450.2980080811817,2410.033664855556,1717.2855686926432,3411.8657698469383
2,1536,886.0513636040522,852.8298436104421,553.2451405923489,1411.630280387661
2,1537,45.003886473033646,36.64249084728513,23.16511513484658,118.5281016933302
2,1538,504.9469145593098,461.1479113985708,280.46689685116485,991.5030423743918
2,1539,257.5422919481181,247.99165756767263,174.665511808876,398.8183395243903
2,1540,766.0413277074556,697.599144817339,384.8080508190537,1548.001284504846
2,1541,93.57799356685283,84.52188669700554,59.71440658640556,183.48399382305527
2,1542,592.5535507942282,562.0560695239888,372.7955966886672,988.9768021468125
2,1543,143.83869343112002,133.731578116457,85.64657863963531,261.45065254224465
2,1544,251.99441348431972,234.91913156477062,135.83085718579432,469.51670315824896
2,1545,302.75975098337324,288.8329436772656,187.6613081582267,499.1084680088383
2,1546,207.83393693179204,194.349506232692,121.54106655199577,374.91508373126703
2,1547,142.88746293793332,125.0909688847123,81.15509358052422,317.287065977088
2,1548,102.87426731664168,87.7241246311797,56.296159910183206,246.03659486126554
2,1549,663.2161733036316,620.5684263786545,353.33371108880357,1220.390242852906
2,1550,24.830374712650677,24.551897175870202,18.102474630320852,33.20934128909317
2,1551,215.08854021256673,208.10170585457018,149.68475333228184,323.023694344348
2,1552,96.25785806889297,95.25245714204954,70.85165642498548,127.58994091886424
2,1553,220.1847871793857,204.50309210879345,106.15452061563221,426.94653253174425
2,1554,122.25524727331262,105.66889655353,63.65015110152281,281.01302570178433
2,1555,233.87148330988853,222.7903608151628,135.22309446840177,394.9439937915811
2,1556,201.38112078761907,194.49079248944642,137.173365603086,306.79781609379353
2,1557,156.78470654866516,147.95097982222023,101.09705347440466,265.4698606247691
2,1558,748.9267719371098,702.9718050457861,376.0597457399562,1386.9435618938292
2,1559,258.85650649191916,249.3440582218399,170.26199152437934,402.8081485669938
2,1560,106.89578123843464,89.27052469789781,55.94302845737101,267.7643621325409
2,1561,109.48046085754088,101.439178179522,56.66724014458908,210.3809991221029
2,1562,85.90663257423532,76.53288091215961,53.411470409423956,181.1320198544146
2,1563,185.41621222604311,170.7513032150381,107.2235170567431,350.3047850479171
2,1564,375.18513354565533,342.51914152597953,191.2238756085065,745.3830631257529
2,1565,404.2292550473945,388.28586819057375,271.3510531030556,633.5774895839297
2,1566,1321.7094270002563,1203.1140520373724,625.6585067162029,2710.010390372675
2,1567,151.93646487836963,146.7789221290422,108.74345991323213,216.84233237108452
2,1568,1385.2586993519765,1354.3739937942366,926.8358896323733,2020.6563129867775
2,1569,424.7821830532947,397.9602960945816,212.2512391092956,792.4051477540208
2,1570,679.3036127038359,647.3067051535846,435.85919653000406,1110.7171342461952
2,1571,35.168887762220585,34.713874271239916,24.923878926247294,47.953780285226195
2,1572,83.59594865879394,80.52966026771077,59.6865640833338,116.77873769272209
2,1573,354.61891257271515,325.45736474230426,203.35786381339585,678.3219560345025
2,1574,275.19004284693756,263.4476407483587,171.0522214938016,447.8104525268307
2,1575,154.04322990993907,140.69745586145746,75.84209711299565,309.4413250162964
2,1576,77.64348994450569,76.82697568203548,57.41020811660735,102.65040958618006
2,1577,4203.283463773641,4141.86775346401,2990.9915187479123,5752.603325803308
2,1578,82.80237622785384,79.88469808155594,57.62410642473495,125.7196910190582
2,1579,204.44682669638064,184.8714750418007,124.09677339900358,408.1814250959965
2,1580,974.2787985505735,938.544901605665,626.7532385430385,1527.206152983062
2,1581,11048.96755790381,10906.894564024882,7930.694742327624,14990.863001176194
2,1582,217.30335249496204,210.11166558083522,149.57674135401163,327.4093637424084
2,1583,31.538167606006105,29.18900410115798,21.23473471560496,52.90676242248538
2,1584,31.45635269423797,31.09175668186858,22.62440974531397,42.3839468670112
2,1585,577.2581745251927,532.0428105153268,317.91556502274744,1100.7952331553947
2,1586,76.02692365279384,65.01598388030368,43.883006688872165,181.03220895839576
2,1587,93.76582004140143,86.58019138516526,51.770936822845385,177.29237932167274
2,1588,362.2362614217352,341.9568173723056,220.90209742288135,622.5815584242595
2,1589,457.6412895264896,434.056284247398,278.84652486416155,771.6624698726185
2,1590,42.808453940075616,42.34653243822237,31.4906673500663,56.82556268182261
2,1591,716.6596698718217,690.6493862870559,460.9435456784841,1127.3287545335188
2,1592,521.9154883908751,490.92119261863934,292.560564734481,932.3407275879069
2,1593,170.6300732534824,164.09045163894896,116.23802211319082,264.7970504617251
2,1594,299.0356523271099,286.1223405459834,197.7214428275412,479.45525679286396
2,1595,613.007414152145,559.4576878323187,296.09644096966906,1239.9339652326157
2,1596,118.3313929584125,111.40187288008971,75.44067212673114,202.11218888273407
2,1597,310.2784791616093,295.3266828829711,169.28126400344163,539.753136961639
2,1598,14.868466626630447,14.689016778622827,10.691507262936437,20.04434073137466
2,1599,384.06044341560425,349.66713686017147,190.04098638412523,775.3646526884337
2,1600,4836.525922188257,4767.540363914111,3406.8799629497294,6655.2218603105175
1,1601,0.47036843887926677,0.41490919209704535,0.2042841341800503,1.0702808306636464
1,1602,0.35756601978740704,0.3302668967529031,0.17091756393947685,0.702468746852835
1,1603,0.14845156891944059,0.1270386641466531,0.04584535023955364,0.37935369780629347
1,1604,0.23820983577510546,0.1760656234453295,0.0,0.8503976313152328
1,1605,0.7068645154455913,0.5600077994731529,0.14798503777434327,2.137977023424503
1,1606,0.007499604669167936,0.006611082598965597,0.0,0.021618903649473793
1,1607,13.740796986555592,11.330887018206026,3.221820846528917,38.25898756417525
1,1608,0.057660433819767896,0.05394879020975868,0.018433374320736433,0.11763445855268372
1,1609,0.2853359464349808,0.2729779340517723,0.1544353540809329,0.48598710984063537
1,1610,0.01352708386726061,0.011886167274200936,0.0,0.03927853829415742
1,1611,0.21256759771835515,0.19914778114251974,0.06438636161476936,0.4373903822015798
1,1612,0.9461893054146918,0.8201734253581863,0.2979878908879472,2.3389968570991067
1,1613,0.016676611832824057,0.013336383501150515,0.0,0.05647254642837744
1,1614,0.178247870109537,0.16928831408522285,0.08910036586538406,0.3180519182494669
1,1615,3.1862241362746233,3.006934367124101,1.5865600503055488,5.821705681069859
1,1616,15.58788831087298,12.872752695466794,3.75425376836111,43.1279039529869
1,1617,0.0026678456111430124,0.0,0.0,0.014263282669881519
1,1618,0.4665329210052953,0.39529493323112486,0.15552387654551905,1.1984633940642355
1,1619,0.03130799340976025,0.02872016924105509,0.0006171914399974453,0.07576690846180036
1,1620,0.011694633399442165,0.010275183859415976,0.0,0.03428967144463159
1,1621,0.28724245191536235,0.26901403487024256,0.13317335575404093,0.5454410384681498
1,1622,0.5087320334100692,0.4033952132940863,0.107638122317628,1.5290934337241384
1,1623,0.0696044629812942,0.06486330644222257,0.01486255196021108,0.1515378652525441
1,1624,1.9239933579951007,1.729117790275435,0.7826007307938674,4.208718808994583
1,1625,6.714561496672566,5.5302004976972565,1.5825999131556074,18.791052428610833
1,1626,0.0026625437266572026,0.0,0.0,0.014083256345667221
1,1627,0.34801206886227426,0.3111969393674502,0.14415800372088097,0.7686660193170777
1,1628,0.002911014264095568,0.0,0.0,0.015403890565582137
1,1629,0.2646435267068813,0.2308082224523602,0.09281441332672921,0.6354256607503673
1,1630,0.04391025924910361,0.04151397898460375,0.0211523096474425,0.08039739830138866
1,1631,0.9224861731467893,0.7365249028667225,0.1945768793743274,2.7460764491516336
1,1632,19.32597091099083,15.918668557643535,4.546780848212333,53.66909003773128
1,1633,0.14207989472854435,0.13435223270139846,0.06320618896016358,0.266585577193002
1,1634,0.4086267508960278,0.3598416863788195,0.17341567628441573,0.9406931125092431
1,1635,0.01007249264183347,5.084308035732528e-05,0.0,0.06605982223221057
1,1636,0.00709980841494727,0.0062197813447250885,0.0,0.02116337437226689
1,1637,0.12950324971618232,0.11564585080582268,0.046108082532162864,0.29477719300014577
1,1638,0.008423504896320025,9.741467743389507e-05,0.0,0.05355313379828722
1,1639,0.18901045148000972,0.16525583099122712,0.06852407104093453,0.4392731777550593
1,1640,0.005861252466797159,0.005063081531737517,0.0,0.017580015665969204
1,1641,2.1274260915025964,1.9372897643229643,0.9331879196494283,4.435879519665339
1,1642,0.2759105188658208,0.2613739890985811,0.1299683496163201,0.5049747970678011
1,1643,0.13214654017822575,0.11683364433841636,0.05570115082356475,0.2994757697697051
1,1644,0.20789857731581582,0.1753198406346191,0.07247283478829936,0.5451801803019477
1,1645,0.31853077444332206,0.2799988491294569,0.12961481730953806,0.7426176798411073
1,1646,0.169053650272536,0.13881539062919576,0.059981482514449805,0.45947619441581256
1,1647,1.808773541206259,1.6465598499620622,0.7904064277792257,3.774586853045678
1,1648,0.5457864808488995,0.44085369040078215,0.1203814088753692,1.5809011767876606
1,1649,0.015526849057205748,0.013166280933757364,0.0,0.04903201163154447
1,1650,0.09345274514805078,0.07971924064958838,0.04011497264383777,0.22772702247754584
1,1651,0.1595172257185193,0.15192466461499046,0.08135471550911863,0.2817291502007502
1,1652,0.08300475940376302,0.046510420310131084,0.004346284403459556,0.39257976864280847
1,1653,0.25872089548256494,0.21634526177188762,0.0256976005678899,0.7367209952988277
1,1654,0.0027199047882643674,0.0014088301007306992,0.0,0.013362817138777574
1,1655,0.03630415727294315,0.03290765502458316,0.0,0.0909339698057612
1,1656,30.744969736243743,25.507300020425475,7.361467475584441,84.88204117564419
1,1657,3.4158105916992163,3.16568810807092,1.620373953159084,6.678947818054063
1,1658,0.13230390047371834,0.12333401575441377,0.06842905573177979,0.23876742314886693
1,1659,0.000978822291392137,0.0006510984139050764,0.0,0.0039013498791480696
1,1660,0.030986902814547135,0.028120609629140397,0.0,0.07826502822964079
1,1661,0.0028264802091036148,2.6161707744199566e-05,0.0,0.015289014143102301
1,1662,0.19399346560629022,0.16649179123300717,0.07845667291498272,0.4781526921953964
1,1663,0.868428334614067,0.8306674609972708,0.46444972255351136,1.490190766332444
1,1664,0.0948334477203559,0.08130349586252533,0.0394756203729271,0.21326258301387963
1,1665,0.2128090377851854,0.17390076632812296,0.07450893454420575,0.5927744277450511
1,1666,4.218868822315436,4.000304724123203,2.195494001313285,7.521258996639979
1,1667,0.10288938850396182,0.09469712581944206,0.03399915375240031,0.21285209508964134
1,1668,0.272143981104008,0.2584956173452907,0.13338172182972016,0.48956467619370664
1,1669,3.3436475724259274,2.714040252346943,0.7568546232741431,9.60605761484946
1,1670,0.36101115947088896,0.3175079521577593,0.13361819791004423,0.8394974283121202
1,1671,0.3675755067104078,0.3484962576653319,0.17774389256407014,0.6681467228098341
1,1672,0.08978550879329567,0.07420026423996742,0.0,0.283745656375669
1,1673,0.596123007856741,0.5252648348922959,0.2712690977403003,1.3469568469055577
1,1674,0.6635114230992344,0.5697311252391284,0.26185732065226913,1.6365269820598143
1,1675,13.22133897304542,10.924246276833808,4.5000333172056255,35.603214048139485
1,1676,0.9179313033918489,0.813788332672984,0.4220492181370465,2.0626366453111165
1,1677,0.3104441470447359,0.27963402265675263,0.13122995501609744,0.6758345614262087
1,1678,31.17223539422445,26.451657646957297,8.069548590890113,81.86494573572219
1,1679,0.17446026361929512,0.15812958012215292,0.0470282075217051,0.3863251966276231
1,1680,17.62512609932977,15.925447881195076,7.3512163717214,37.88995622095376
1,1681,0.12875710176703176,0.1054187394305254,0.04988381007837254,0.34483929413328046
1,1682,0.9460699893877295,0.8137092120927658,0.39287455136547395,2.3154644516869007
1,1683,8.165269545629968,7.6147289003752086,3.859440402126042,15.688206312162746
1,1684,306.15095783624645,258.6550111486473,77.43050187136302,811.9984039342345
1,1685,0.03979580695860721,0.03587821805691837,0.0,0.10716501724870374
1,1686,0.13915073541809944,0.12537008248954812,0.059483188363671065,0.2889814342455873
1,1687,0.0876780387040375,0.07143971495849794,0.025049048876707242,0.24983620364837775
1,1688,0.07191891012559083,0.06816555261750443,0.034973421084681273,0.1300904709993511
1,1689,0.22227380522352036,0.19449442950125811,0.09844488652332872,0.5140725590074743
1,1690,0.5239982269591936,0.4826626511671669,0.2510457867520341,1.039360305393045
1,1691,0.048723473987295374,0.04520435171961369,0.011077092100245383,0.10659753261295425
1,1692,0.03110098935172428,0.02886038542940032,0.005167898444925134,0.06961745316460467
1,1693,0.05669897257800706,0.05312433227124018,0.021353456289457548,0.11277735206782659
1,1694,0.0012993283545536065,0.0008829520290894448,0.0,0.005025207111415059
1,1695,0.02663599538601066,0.024562687411994674,0.0,0.06508402040084478
1,1696,61.45105649235914,53.03397147953861,16.307560490111133,154.7911204999356
1,1697,0.22532655747223337,0.20969246990086798,0.1147430500425952,0.4138468753848274
1,1698,0.020247823908024366,0.01848646401308496,0.0,0.05206955168399638
1,1699,0.025642620873050078,0.02401005189153218,0.009796063678589529,0.05073915841218229
1,1700,0.08064754947870231,0.06783295225008071,0.03299618545385474,0.20721028237709713
2,1601,101.42643403973604,90.90364788620192,62.25610916054211,208.27176791261445
2,1602,111.6320864669626,105.68954779228062,72.38257258663566,187.49633953819148
2,1603,96.09177621100942,84.91810905646582,48.933211697186024,209.95382198274626
2,1604,41.00623668246442,39.75883597362986,24.101973228290642,65.09176081691673
2,1605,102.35836843269408,94.49531520713293,51.71194089130143,199.12043829807718
2,1606,10.280879499987126,10.144478515122366,7.246145107249852,14.07628770945248
2,1607,837.7920880618274,801.5359501791049,457.49476751031875,1428.750907314931
2,1608,44.19187715528299,43.71938227033088,32.49151298936494,58.50738268686506
2,1609,91.9113541298209,90.94378194931951,68.09275675520128,120.89249220436844
2,1610,11.912487798837812,11.757997523276075,8.412186477535226,16.29893953827064
2,1611,69.72958274343826,68.97452462835977,51.192536417594674,92.48796123548338
2,1612,341.88163498892544,308.0683334828019,141.00187000896915,739.2814505116064
2,1613,20.39697189751114,20.1380329391275,14.248012311444631,28.11053132189327
2,1614,90.77253388240688,89.80979679330164,67.01946261406762,120.0382882953568
2,1615,1313.32677740283,1272.6935618905445,846.7850240413297,2009.4615485193497
2,1616,966.9514297205274,929.770057738896,548.8318263185125,1601.7446753220722
2,1617,6.718979806943577,6.6245959051947025,4.6275726283918885,9.32321013086431
2,1618,241.5880357629981,210.93685389980013,108.11321578509188,556.5961798791874
2,1619,6.647796198450826,6.557627751085716,4.639831656463417,9.16345637961475
2,1620,27.755087288488337,27.436661949685497,20.010368653442775,37.23465694662195
2,1621,133.42038678108227,129.2950931863976,93.3423537129794,198.53910907170015
2,1622,86.45217448560958,79.77337478895959,46.29225813315438,168.21360522221642
2,1623,15.87879322151527,15.687431421919264,11.483124626835725,21.357222883412206
2,1624,605.0748107379831,557.6814662052418,301.5886116832845,1184.5725611420069
2,1625,580.9054833516451,556.4962204304306,324.5640082659507,976.6883202272252
2,1626,12.93591846241007,12.757790196485495,9.04429265860684,17.79937535428164
2,1627,237.0764903603865,216.79350293192658,142.7486284802336,456.8772972384384
2,1628,14.82039957257897,14.639711434292991,10.558512527216516,20.122493292937715
2,1629,97.4525799975847,87.11296753261635,60.52846656317927,201.87400816371257
2,1630,16.969747106436863,16.731235823663795,11.722071218724476,23.53331392390557
2,1631,59.94139890881507,55.62744525352289,28.826974761502836,116.03548864341275
2,1632,1233.0200599174075,1181.1628410379572,674.7614449759046,2084.193829860081
2,1633,37.84462601554406,37.415765541029884,27.564507816875345,50.63031743690105
2,1634,217.39761295898248,194.034863587286,125.00619737933248,452.77328509891356
2,1635,12.262820977408404,5.809114841268126,2.6260809227468993,60.99294967287362
2,1636,31.113505281683324,30.741526795347813,22.331201816858094,42.07673371739887
2,1637,90.55241023932943,83.961727677402,49.54992958008939,169.9957856794528
2,1638,39.921510474534806,28.27852853953668,13.87206249012015,137.14110679784838
2,1639,93.36606311663559,83.58240388452586,59.31316814111388,189.41328586044708
2,1640,10.701377078488452,10.552913923313806,7.367151167196101,14.885355130460457
2,1641,719.3134254664128,669.2706245961533,395.9872330929421,1330.2588544068185
2,1642,80.47340798176737,79.62807010239018,59.51091118685733,106.35954245967207
2,1643,84.73089821656579,76.352846998616,54.22693776125631,169.5518690039774
2,1644,95.10002347615993,81.38032288663388,50.80995631771137,223.19784118468866
2,1645,140.27369585787818,125.4258537699969,85.3796680660454,289.9300472567716
2,1646,41.13613717211576,34.06012531200114,23.001039607061774,104.50670334487602
2,1647,545.5832394998671,508.15835069373543,305.0655729932913,1000.8719629264517
2,1648,67.62778871233552,64.0880446539979,37.17140472806232,119.04195238760359
2,1649,29.10091235693878,28.758724069286693,21.191852350771658,38.9913079630552
2,1650,59.8311449370406,51.65448762126991,35.90174732622025,136.41210170586388
2,1651,45.66387350201096,45.13405212032369,33.38850945784149,60.88025503687716
2,1652,24.23787179126222,14.446827283034334,5.690435209363812,103.54591970023169
2,1653,209.81530307896514,189.23693461473005,89.44180973179256,450.61793875766233
2,1654,28.24342842900341,20.620492448595776,11.695986599037383,92.27112924252644
2,1655,7.937215735338489,7.820894501394946,5.273334381017896,11.246262050631577
2,1656,1522.708443209268,1465.03462883939,850.671107783536,2534.2902170158427
2,1657,376.49593483619077,356.5397919321998,229.36436070100797,642.2018972631499
2,1658,48.25600358095208,46.322384416955785,34.28168922301324,68.40657114559863
2,1659,3.03398445812241,2.986311022759015,1.9497018051550135,4.381968701909794
2,1660,4.869370705751286,4.79961395670148,3.301107747249074,6.8206986142162584
2,1661,3.222691319119561,3.174783059554703,2.0480250422301074,4.683851787048418
2,1662,61.27596349032062,53.200815549298646,34.70879892883017,139.2450203038715
2,1663,75.72860135901458,74.90355623408931,55.44444778270198,100.77072873200045
2,1664,17.40535807853444,15.296016333120619,10.85605805014976,35.4374888124826
2,1665,33.69526916563383,27.889953583013195,17.262556296456925,86.20070341539267
2,1666,497.57409639235846,483.71694451190103,338.8989062318526,736.2824265341935
2,1667,51.59540331436596,49.62429624605696,36.727137746993634,73.23458010495376
2,1668,61.61368387370495,60.96246001661195,45.561145677118965,81.29961647168307
2,1669,272.36893274881714,255.68914950891005,141.5730079486538,499.4859849337555
2,1670,181.89857843542083,164.75677513179812,84.18345344467306,378.59844141106976
2,1671,25.87110394271059,25.579912355954356,18.62508049857564,34.774635753971324
2,1672,77.71292251657938,69.92845996427687,41.779878676998194,159.70850219990206
2,1673,99.56209600474415,88.7165115789474,59.633685579118,207.68689987967122
2,1674,87.17578213798592,75.9598918756867,44.47890640440349,198.271055380318
2,1675,213.2517185861353,179.3810761497108,86.89942665823864,537.72643737633
2,1676,93.00663519531209,83.16394047143346,56.12433244026915,193.39470053324519
2,1677,103.48716952445453,95.41706329165038,65.72632553233541,192.12842846638304
2,1678,148.3135640852138,136.1000919621402,70.25675028427904,299.2672913797377
2,1679,66.21774774730444,62.92639523924145,45.52193415289865,102.3752935662334
2,1680,417.52557829472386,385.3621204690163,211.50587743780494,812.5273056414501
2,1681,20.34223758686948,16.83733513281133,11.453704747816248,51.56522777235402
2,1682,71.31170929873953,61.80636124139049,37.69603765427717,161.90967603488204
2,1683,515.2607114976266,491.9957485830872,305.44001766586797,859.3659918501514
2,1684,6303.38282480577,6110.003877686977,3677.001643066118,10068.148777934715
2,1685,13.195390943954822,13.035859689919231,9.348104991797754,17.98333713171813
2,1686,49.02239946810963,45.57392648448145,33.206034197388824,83.52132840498551
2,1687,36.012013851157356,29.663208213745392,19.048486647076363,91.91634205692826
2,1688,19.84908313584202,19.632668438184435,14.53663475905561,26.3985059550068
2,1689,50.7103898812087,44.76345733451849,29.696974295215828,109.40477584083601
2,1690,216.1836253402999,203.46849489121763,139.64457325783175,370.76147987151415
2,1691,12.39366993674387,12.24802390806115,8.885672278439262,16.750169909864265
2,1692,13.848130620581468,13.679976845790277,9.842707060411746,18.82447861036205
2,1693,15.110176487386127,14.924158015247738,10.839905110737739,20.387235643002455
2,1694,5.345516116141658,5.273715290160351,3.7131430214451075,7.397045612555708
2,1695,16.38515046002017,16.206902397630003,11.989782692464667,21.75682765678426
2,1696,455.36727699453985,436.41633350856864,247.81119776112035,769.7222790100626
2,1697,72.89878192959569,69.81762618245949,51.178150947351824,109.00225949582072
2,1698,22.896940263093867,22.63242921573051,16.73104576508973,30.52090103788699
2,1699,6.920662954243698,6.833412097176636,4.887348425403304,9.451535633764749
2,1700,27.31536773618603,23.149812023531325,15.743409342721792,65.59709838137188
1,1701,0.38292988385493015,0.35424064159421453,0.18235002020869379,0.7506666897246073
1,1702,0.002886687126083079,2.474876211906204e-06,0.0,0.015484403941435191
1,1703,0.4082766234132433,0.32318828235418967,0.0836938164249012,1.231311380921996
1,1704,0.18214082085732217,0.16067829988903992,0.04359783115737994,0.43629259452124286
1,1705,0.5243819591225334,0.5019995401605641,0.2837344331282172,0.8935897748053594
1,1706,0.21073146366460505,0.20003691558737702,0.1035650926406171,0.3796150994088998
1,1707,0.9535072442724492,0.8607825212429852,0.38063185351160295,2.0704397968339374
1,1708,0.027604196978046138,0.02355805359886605,0.0,0.0853940041340787
1,1709,0.20666046683745448,0.19581399637672559,0.1017324941805257,0.3718910559841644
1,1710,0.18725442899944178,0.17060557014271083,0.0921461183321629,0.37545420432709026
1,1711,80.81053477566275,67.54572444189186,19.89126307538396,219.05909938693637
1,1712,2.6712191054342904,2.5066610005331924,1.3398600472000208,4.950619677413582
1,1713,0.006215877175953065,0.0054452352696226745,0.0,0.018146216293554743
1,1714,0.04653123346597984,0.04267925766232649,0.011903781451143469,0.10298413429364431
1,1715,0.0041146212476440135,0.0,0.0,0.021659369253868067
1,1716,5.176235681585251,4.851593515736939,2.6019987747603053,9.64028826607104
1,1717,1.0570845341652446,0.8653201115586523,0.24727009209464634,2.998126131313118
1,1718,0.7609238177878113,0.6982415071116749,0.34989646734929547,1.5359922650022688
1,1719,0.044346928466890825,0.0413991931700209,0.011146797128875511,0.09427872704042108
1,1720,0.26410848228344924,0.23820562555188446,0.10654504940842247,0.5761083245985411
1,1721,0.08594209511466032,0.07453871112116983,0.00890922741816426,0.22832496874248323
1,1722,2.369990771367541,2.135907857520629,0.9841711448246097,5.13035842192159
1,1723,0.02446155341271683,0.023004286839152725,0.008940756072683733,0.04865290356500767
1,1724,0.09507198625831345,0.09042951548974973,0.04790490800712125,0.1690667650764276
1,1725,0.3552318684404927,0.32813993747767456,0.18150469762791474,0.674633700260846
1,1726,0.09314227074989008,0.07966814987508816,0.027254530155164023,0.2403196518240814
1,1727,6.581203056262242,6.177385834856466,3.378811519574913,12.150933103034014
1,1728,0.22771011019270845,0.19491876121730645,0.09696578569034779,0.5657010474665406
1,1729,0.7219919677569714,0.6221865696605775,0.25754623541475025,1.780169421991298
1,1730,0.12471893983745885,0.11878090615812267,0.06479262473704014,0.2175342055661361
1,1731,0.002440727094494788,0.0,0.0,0.012923945289899761
1,1732,8.182017839962093,7.318339447008561,3.146137880086925,18.259285139382147
1,1733,57.97359741088045,48.57804792817677,14.375092243113967,156.84631076178846
1,1734,1.4502847133580758,1.1614082346825139,0.3125441712186059,4.283550401057052
1,1735,10.511833597228131,9.619004981254825,4.798399774770375,21.465629094215426
1,1736,0.9327422325052345,0.7723140476470904,0.22501076253654825,2.5750050157838906
1,1737,0.15079553884353603,0.14356523662043522,0.07566832827427838,0.26834741244736
1,1738,0.06507440823749894,0.06186418058874004,0.03256354876204331,0.11633806737205292
1,1739,0.01998157960974375,0.01806891235474478,0.0,0.05243881031614106
1,1740,0.2644917304470721,0.2534422012393638,0.14291326128408832,0.45133201560952224
1,1741,0.06211507931123639,0.0552504304621977,0.019118088281784535,0.1392213896921827
1,1742,0.013864487590522754,0.012136923126590232,0.0,0.04024455866842512
1,1743,0.16602789780418142,0.14683129039680112,0.07357350233616404,0.3790247639547665
1,1744,0.07717399711982587,0.07241309836842932,0.02762708819488433,0.15369437997341032
1,1745,1.0118508401982145,0.8355975911860599,0.24051131643305895,2.8162208813560423
1,1746,0.8507936844661457,0.7881844961021083,0.418789452848349,1.6465670281116775
1,1747,0.1499611297452847,0.12813438991935422,0.06410623769757687,0.3734335303241935
1,1748,0.005803699737222765,0.0050271959898229345,0.0,0.01740318861656132
1,1749,0.7683858020088928,0.7167282408427587,0.3800824547374193,1.4565538514978755
1,1750,4.27092717912858,3.7667683335780886,1.571980146542392,9.872683423686127
1,1751,12200.279711543202,11948.138108729312,7092.459741924714,18724.436984399228
1,1752,8.111277804919384,7.159225503733254,2.9114658594173597,18.915828709688736
1,1753,18.019199896759364,15.838519541363496,6.548435804053544,42.309229058345736
1,1754,0.5152553416849014,0.41571854105003725,0.12249121178344732,1.4065845236093595
1,1755,0.02285318201911734,0.018964976860247597,0.0,0.07411419894226336
1,1756,6.5228750751579705,5.569229176910521,2.131901535198166,16.63536637790279
1,1757,0.9929561991125454,0.811673775146657,0.3725264298157703,2.7010842140102174
1,1758,0.7559855864846232,0.510179474208798,0.07297063336951179,2.9060533314012438
1,1759,54.27406493151206,45.17588448189734,13.007477301823485,148.12298634100745
1,1760,0.6061211445312147,0.5653330740507285,0.23218334589603312,1.2177760043703043
1,1761,17.034805807434633,14.404247093966587,3.9035549541994516,47.1902650287138
1,1762,1.5120805758217666,1.4490990198102027,0.8217590140577636,2.567279058014842
1,1763,0.4471681223925329,0.34605697882350045,0.02839356004662267,1.445738108135859
1,1764,603.9442893925432,517.8060875015436,157.29821976639101,1546.471366932075
1,1765,1.3852478643441528,1.187540668723126,0.6161307791449759,3.3808584096430967
1,1766,59.78384679129526,50.55518465504376,15.023387629277224,157.9662641733441
1,1767,1.7358841550205377,1.6201076064763855,0.7989750552664623,3.331678965860142
1,1768,1.3338341825424458,1.2343530440685002,0.6056427841606686,2.6386052077376583
1,1769,2.53507339887163,2.3938302652757386,1.2637938384052643,4.650683449174185
1,1770,1.4736887328191224,1.3732951041962913,0.6892427156843096,2.8348510223392003
1,1771,3.4481122643474222,3.2648670871411847,1.7445464025874884,6.217391774227174
1,1772,156.2186031198024,130.44433187573975,38.301118256815116,424.92031352210205
1,1773,5.380891263145792,5.113309149535553,2.7831652720510704,9.503969307734831
1,1774,171.4902827631514,155.29641372131056,63.21483570320466,371.67723510993545
1,1775,58.68939124643036,52.972753754856235,21.33887535062212,128.95564531562854
1,1776,1.5163982908535911,1.425995771849585,0.7351130514231387,2.8247417297968513
1,1777,208.8918652570894,177.64841892781098,53.391133760604035,546.8406949158751
1,1778,2368.268560009053,2243.7966712124535,1034.4537775558454,4412.916977947825
1,1779,487.41966623878847,450.6968301919711,194.21430475531943,990.6486113809709
1,1780,1344.4185474850726,1263.8501792389234,571.5832166518053,2565.7881401279083
1,1781,25.309256415199997,21.093666778226265,6.153351300500231,69.44329245909475
1,1782,180.39356285551168,156.6222546675605,48.97326510412162,445.9415271037515
1,1783,3546.7092752581157,3457.7564390276652,1974.6905675531962,5621.972616349278
1,1784,295.42808297723775,272.15946819830805,116.05661469699412,608.9712831511277
1,1785,5600.371344297022,5501.55583663112,3413.7587450823135,8369.270172039767
1,1786,170.1794386447113,156.57517364067377,66.02891388966783,353.9093235164102
1,1787,326.86639356857694,279.22676737310945,84.7711251033023,843.2603483842094
1,1788,2196.0941694927424,2081.4640109969705,963.57728805258,4077.646938734856
1,1789,1146.5381108289953,1066.4892278991085,468.34864502011385,2276.4459696837616
1,1790,883.7210846988731,827.358993080087,368.34614012624996,1719.603411298294
1,1791,783.4989611785383,726.08452373095,314.27622216701553,1578.705526746343
1,1792,2167.5154188175425,2107.951149327585,1109.239979861949,3558.2724185434595
1,1793,89.1777667518598,82.09391967500954,34.711830177978435,184.46287572600085
1,1794,708.1790572303479,664.2727415370223,297.1265462684005,1371.388583195831
1,1795,214.23868008476424,197.34534272417596,84.36693562591302,438.2083093746348
1,1796,2352.137319336704,2265.1527408126803,1133.256150472112,4058.1460055298385
1,1797,49.58909193533891,41.4785200795084,12.140015808309848,134.05692820356427
1,1798,1979.958150811497,1772.2565041843914,587.6687744983377,4543.587734598789
1,1799,1.4393694209768118,1.1939922384945894,0.31974765193346916,4.010819939121075
1,1800,91.4127123016178,85.3982878274735,44.018037231214734,173.0926148101744
2,1701,103.56923176186594,98.12956855320589,66.1882603901708,173.24240748523582
2,1702,5.2635848246352035,5.182862958400122,3.506463084132244,7.468860505076639
2,1703,56.36670044611994,52.39503230322468,28.67506698547897,107.68897554178093
2,1704,62.460958557142874,57.09389005880668,40.59236845034888,119.4141829751493
2,1705,49.336744737433285,48.77880424560085,36.061706713160106,65.9537293892638
2,1706,46.57969828998306,46.07733890099911,34.32180295789387,61.66504583639405
2,1707,175.49050248298846,163.02291068701993,87.53998936211413,335.86587520271604
2,1708,7.509522867698234,7.407716590118332,5.094414638308657,10.517504398287736
2,1709,26.683860440902777,26.384303821403723,19.324514657912875,35.73989862351559
2,1710,71.12506990640505,66.17461240970549,47.65170012531881,125.98957493587106
2,1711,3037.2883523571136,2938.0133765379887,1762.0087131581022,4875.404722674126
2,1712,372.4506716055644,358.40464350535444,242.56077038671984,586.5521406707164
2,1713,5.851573060574957,5.775394493149779,4.054733972185296,8.090742015169894
2,1714,4.87566545580543,4.807372481297649,3.267129153674675,6.875146362447037
2,1715,6.149567075072325,4.02358932885139,2.4490001380307183,22.37515160035024
2,1716,366.73247713043213,350.8533767472453,238.41509999394967,588.6931768735459
2,1717,57.44259913758777,54.25849412689808,31.101871869238348,102.3910204238878
2,1718,62.27257561436777,58.404942959463995,36.100798982972286,111.26301844871931
2,1719,24.77951151410994,24.50867131725537,18.15573019509375,32.91395118309937
2,1720,86.87454632195747,80.47592549247699,51.5268614371488,159.56209215389848
2,1721,54.586230031721534,49.830561983041335,31.087713100315774,107.64064157791
2,1722,283.65053130853244,262.0388281186342,145.79631095064528,545.0234006042976
2,1723,17.93082224897096,17.72209394015381,13.040028960757887,24.000611572621256
2,1724,21.10918920597074,20.87657772796628,15.413727534308121,28.14496815575212
2,1725,72.8898299243999,68.78515480905276,49.97713434902725,120.02940206541598
2,1726,77.6085676516015,67.66116094520484,45.29269024348134,172.92086180805717
2,1727,317.42393072056836,304.19317828805924,211.85623893526858,503.20098991207743
2,1728,57.2402252212811,49.365730583740685,32.71216387468931,131.70275936545005
2,1729,137.73950616628488,121.24423847106854,74.18081308119174,300.3837991445201
2,1730,58.49908228913927,57.87065537265926,43.00812969208043,77.52607671175987
2,1731,9.554463694121965,9.43918136204378,6.858722480443385,12.903156336954572
2,1732,311.906148555818,285.3984576269126,146.3975839409562,626.8945774201171
2,1733,1582.9616301745295,1529.4745046451633,909.8096671980836,2567.0037076790118
2,1734,188.6130366338932,177.35437621792866,99.52118850394346,344.39698727266335
2,1735,469.3953740160995,437.8100639578207,266.8696029513216,855.6512658131438
2,1736,106.413489969832,103.07526236138659,62.47833274483738,170.00292759933427
2,1737,37.213368989978136,36.79909932766016,27.31973245055938,49.37787318861691
2,1738,22.33907610207561,22.093965074752624,16.296893045382383,29.7333694665563
2,1739,8.108653427533387,8.002052344704168,5.616656089175356,11.187737105456703
2,1740,42.67048941111981,42.208116656859644,31.46184239561489,56.54373487879909
2,1741,41.954633549673666,38.699132720440446,28.172835298362873,74.36051775611737
2,1742,4.6206119989272425,4.551740938222768,3.008049829374957,6.630731547268557
2,1743,55.37051250494374,49.56596872975123,33.90352366486575,114.27907116920083
2,1744,29.76774388019131,29.442899291873903,21.87260118033054,39.49812684895222
2,1745,107.24567258740579,104.12300205988049,63.894392632527676,168.62634881382127
2,1746,98.72497081586849,93.28330384559595,63.94798304951835,166.78212023277487
2,1747,36.403189521730106,31.349175446995922,21.171137968549488,84.19120337041605
2,1748,6.1229750453146945,6.038796286080029,4.275175389183511,8.444615213297157
2,1749,147.70352709320483,140.84963032287249,95.2799492276846,240.71299122382948
2,1750,355.8608176284652,325.9388888113016,160.84181587133747,750.3982759361711
2,1751,15579.706293835738,15316.28679783175,9812.60804923542,22850.676199223042
2,1752,761.6356716314292,698.0086360756767,335.37934707096673,1616.9921555164908
2,1753,734.9076606764169,669.6103454193858,326.65900975315725,1576.2756094857193
2,1754,8.832569210916198,8.699692635937629,5.118681502810279,13.359221859744677
2,1755,11.668270805574144,11.480675819188676,7.216325490483675,17.18744900782012
2,1756,264.02903787901676,233.96447170202097,105.06277514361793,619.3557014747987
2,1757,60.55903689482659,50.161542678377586,33.04651430494094,155.98494926360965
2,1758,164.81641234059128,125.54396953266377,30.837029715041478,550.5509168817017
2,1759,793.7065565673605,749.2470671277403,404.3039004713454,1438.342389452379
2,1760,32.02733426279577,31.58758837919291,22.012478397120365,44.69378126914293
2,1761,1278.0678580936844,1132.9352729017028,354.0423530857121,3265.302682697913
2,1762,69.124607878416,68.38116355246737,50.256374168411774,92.27806391531199
2,1763,24.597852294131304,23.785580809662516,14.095679692024728,39.77710665541749
2,1764,6182.806628952836,5968.639060537567,3466.1023809716257,10109.423788102347
2,1765,107.02910842258193,92.2432292004994,63.2078447684857,245.99664085443607
2,1766,607.1980656436518,575.8201735303833,319.0728053295874,1073.2844712672031
2,1767,1322.9750854071542,1278.9925530668568,822.6149713505024,2079.618601935539
2,1768,955.019609438788,912.3061555430779,573.5560271693347,1585.7084958963956
2,1769,1238.2214366818532,1203.708971719273,806.7075159759315,1867.359358745239
2,1770,627.0391321203576,603.8201298635006,388.27080108600006,999.9366601678362
2,1771,1697.9848995404384,1655.9221731178957,1109.9131850913689,2533.042705717806
2,1772,5874.8966959684085,5672.706539219107,3334.232691931442,9577.985522933255
2,1773,2750.7008804483094,2693.7795011130547,1847.4679910096731,3970.476312650914
2,1774,4611.37367895596,4522.524237829973,3079.972731211039,6662.373606527593
2,1775,1732.800432301942,1690.428521384401,1137.7391292927864,2571.8130743790794
2,1776,743.5505294057093,721.6109747471048,476.8544008129793,1139.4382053405664
2,1777,2866.5767186016737,2767.562055171108,1622.7926328978124,4676.163647764741
2,1778,8890.591755463105,8770.73811919292,6062.586855514152,12403.729160444234
2,1779,4807.325134350449,4741.9237946896155,3418.7213477846162,6570.113621342699
2,1780,6114.879723375434,6027.697027561518,4182.039797928599,8566.515653964163
2,1781,965.082614883409,929.9059646880573,547.3307255250571,1584.7706522283863
2,1782,1192.0154131509332,1145.4698234956363,652.4413787609329,2000.0472093910398
2,1783,6062.471700378773,5968.939992579122,3944.1852874474507,8726.840154021633
2,1784,3533.4312373428297,3484.29216309896,2507.628924508714,4843.58808130789
2,1785,4999.948683445304,4890.094383542179,2973.4140511577966,7663.92290318971
2,1786,1838.9449911424429,1804.7290172598764,1255.3827596816711,2615.784422534785
2,1787,3798.636851270461,3668.655495984928,2159.6894177039358,6185.119199567428
2,1788,7871.945640519774,7755.2907555370475,5307.142505891348,11084.294501307175
2,1789,8062.667516991469,7954.585367873411,5680.123708805133,11051.807486600846
2,1790,5021.6911762513055,4952.417726193797,3507.3993823544233,6931.9796731895885
2,1791,6613.089091167768,6523.271469803072,4669.562464509561,9073.226545413401
2,1792,3068.040328503936,3015.102876389509,1815.6036625175552,4631.150968393887
2,1793,700.4512871743892,683.2890834271935,462.4707365558076,1039.96446455414
2,1794,3542.6721236612784,3488.795795877961,2432.929886807485,4966.787327623272
2,1795,1816.1474810537502,1780.3490065669557,1229.207599254323,2604.1859872706827
2,1796,4720.833611284628,4643.453798057129,2959.9658812547327,6912.458191577318
2,1797,1224.7040514235384,1177.4216705416993,685.6085793232271,2034.5328265624814
2,1798,7734.798235645017,7475.630456135881,4188.419065214014,12778.301753432994
2,1799,112.68028972448583,99.4068021400459,47.26922669227284,255.37647954382882
2,1800,965.4590854935564,921.5288027819529,569.4133344258205,1624.9497132521387
1,1801,8.509924643433264,7.967376548793798,4.451122894042487,15.72919738785225
1,1802,8.745811306346495,7.739291191344827,4.071740667503996,19.586502265530328
1,1803,32.87123414687454,30.96992285672443,16.676878452909104,60.04138128136166
1,1804,2.065567372227485,1.7264685494038208,0.6902482457405125,5.429939253388496
1,1805,1000.3780380630101,915.1894218338654,328.0015856145831,2160.342860731923
1,1806,47.01141733757253,44.10232565623769,23.598452698905856,87.15537675293277
1,1807,17.79292928493579,16.675612365552194,9.063976521478454,32.94211677765844
1,1808,10.550482482248187,8.91090885115511,4.190075139242902,27.134548460669166
1,1809,1.64293690504945,1.150930132770923,0.25710187510541593,5.955453690484231
1,1810,4.655171460030757,3.984955984151206,1.9834649278831498,11.536899584166745
1,1811,86.61026245058567,80.91986197744038,43.41566755958161,163.70460953489896
1,1812,5.717118945341163,5.382964324771146,3.0517769138594644,10.15629601321109
1,1813,3.0333150452875004,2.8188536192413145,1.498523740114532,5.836596290754171
1,1814,43.157178945407885,39.492368744203944,20.206604457737384,87.64124957050757
1,1815,7.393659377123436,6.980291632743883,3.7806224261504573,13.384808091962768
1,1816,18.11059401518933,13.486272611748017,4.751060410501682,60.5045836509769
1,1817,43.02660489166288,40.50046920628657,21.383687159187478,79.33868717941255
1,1818,5.528609657538319,4.764598857273404,2.3800074632755095,13.425116268945713
1,1819,53.45527674762306,50.73595311701415,28.677713128957414,93.72404790917463
1,1820,10.568155294640581,9.72708310238183,5.175929182494842,20.98912732642535
1,1821,354.44543443327746,310.1943602507896,97.5787435296125,867.6928514313485
1,1822,76.72661914062401,64.95532040270209,19.456985559930434,201.17588901937674
1,1823,78.82253488389888,74.08981246964933,40.03055775462139,145.4609399063322
1,1824,616.091753557643,549.340036777396,180.6886557770953,1426.7806520758538
1,1825,2.5680412508549386,2.462281779481932,1.4032250454231416,4.3417671915358005
1,1826,11.511455605106162,10.496055618991019,5.564878991214424,23.664947004776604
1,1827,44.2042616017416,40.530813218025024,20.17676622996452,89.50438964844659
1,1828,34.51219675962271,29.190573237411154,8.640987133567005,91.71358378228233
1,1829,2.258965424305175,1.9618449465179868,1.036184441286884,5.299971288511023
1,1830,184.4039865442457,168.48168361081568,59.49752209609903,399.67485512832087
1,1831,100.8329561176694,83.99876978913846,24.614986059777703,274.6598099373167
1,1832,0.996311873309589,0.9448830455636945,0.5019389604196557,1.7902688922579018
1,1833,9786.033134853751,9647.892840770735,6485.625052399971,13863.252253245528
1,1834,42.80595757352618,35.60604822955831,10.359573917306927,118.07591219370244
1,1835,1.9343016702625655,1.8414427979554306,1.0164564409798056,3.381319980094086
1,1836,5.2927008968625815,5.005130100579052,2.649622198581564,9.615947694280196
1,1837,18.2219445393317,17.321162028344155,9.44794793631411,32.197547814852875
1,1838,11.339616111150617,9.382724846051035,2.7109581958176623,31.34900294940404
1,1839,1.4504791285550926,1.3573132084614437,0.7032007204745826,2.7332992913110465
1,1840,5.581945571939575,5.263431811620752,2.7763170748930484,10.193760522344206
1,1841,13.523259901463168,12.83662889332314,6.907214442857446,24.070129815695434
1,1842,2.775626998786288,2.6222660166632874,1.399829932615629,5.017012415116735
1,1843,4.21103272367637,3.947579699334482,2.0061750211973397,7.951165584476388
1,1844,218.31338066902555,184.38624452972934,55.00400102492904,581.0174557526045
1,1845,1307.035523823635,1242.1068936907757,621.8732790618168,2367.9936618046845
1,1846,1.7708687854645275,1.6756566105958304,0.887059178803432,3.2128149835630393
1,1847,4.035260191857179,3.7640392457288403,1.8623589532255733,7.766810910151567
1,1848,4.592163816319366,4.2688150423983675,2.105853703920994,8.933352045364925
1,1849,3.4959577497700596,3.2924192383645723,1.7550138842987915,6.387200881185928
1,1850,6.4695977504990845,6.113389562269653,3.2401903395826808,11.762224809125131
1,1851,0.05885707850426311,0.055687009799067516,0.02813091667586327,0.10739119159248098
1,1852,7.203258112946838,5.926818988997248,1.7017693052445766,20.111490153316527
1,1853,42.37811226656319,34.909845094879756,9.881214832883352,118.5273157318152
1,1854,11204.786798558287,10870.703362574804,5969.085832463926,18371.211804164763
1,1855,0.41698323862128783,0.3943059053511667,0.2132635424308736,0.749966117316296
1,1856,33.273757668180146,30.13150868836881,12.252454287439827,72.07392615279703
1,1857,4.238092578212888,3.498743830995214,1.0080497753455986,11.782374731987476
1,1858,1642.218293670487,1570.35029643557,806.7292368924858,2891.4322069740947
1,1859,8.956269030473347,8.399638188166456,4.415278580874717,16.738163355888872
1,1860,2687.5160077614387,2531.5388694998483,1147.9668303185533,5105.868790606295
1,1861,14314.865678969314,13942.693857895936,7909.242402708247,22825.169385995297
1,1862,120.87832306781235,110.04491257246534,45.55102264395542,257.67627046881256
1,1863,55.73188771717619,46.46635965023675,13.57172243082148,152.38425653211803
1,1864,101.41476284775612,84.5428220552491,24.935978990709426,275.44101149154903
1,1865,141.75579199712024,129.07393716667514,52.70365821128252,304.4128155624098
1,1866,306.8194570969869,262.5748745309206,79.9960797430472,789.3823632240757
1,1867,35.54028078412016,32.19052109567047,12.966144595268633,77.55826371224248
1,1868,11.858441988429721,9.805504585939296,2.828123204129989,32.91414702112087
1,1869,4.680534812802254,4.431938445913314,2.3544205795218125,8.449838469622518
1,1870,296.1071613445323,277.30911782520434,122.9381617503139,578.3157314426838
1,1871,12131.320734911871,11862.015398438347,6931.754717846904,18885.24130412627
1,1872,38.963157676814625,32.42717715784321,9.446377690884127,106.45480663244777
1,1873,1597.3878470055797,1546.950593470438,842.7114555578299,2651.2056832521366
1,1874,622.1835734111247,586.4141770349597,267.3753371452218,1174.428049904004
1,1875,4.004615906029596,3.8144108709947466,2.0903812278467107,7.024057771910372
1,1876,37.17907152598745,30.714683411338083,8.846276825642624,103.24755772607185
1,1877,45.588625055670825,37.840554355900984,10.987916733546824,125.11096571960864
1,1878,3.260934782339314,2.664175494792011,0.7507698492531365,9.281206204753849
1,1879,0.6442580395996906,0.5870514508359461,0.27128858820014384,1.3449182018631252
1,1880,2.3846419943755346,2.243217943539082,1.1830838581238428,4.39077109540602
1,1881,2.256829935124552,2.1373455518471483,1.153673416359339,4.038708522454235
1,1882,4523.447013912929,4290.100873109113,1996.0625153762624,8376.53657918217
1,1883,30.940580508472678,29.299090635266285,15.754835756308394,55.51922680461108
1,1884,3.1445814916701056,2.565484663028136,0.7191613310534953,8.98772947808162
1,1885,36.29628254806893,30.06276633994736,8.701236849512174,99.75687263983465
1,1886,99.6318719928031,83.7753557198281,24.779529227491228,267.7118525535197
1,1887,8.344778308700448,6.827003480688772,1.9241027168963465,23.63054861012935
1,1888,12.23053537219775,9.99952498716411,2.8092557825915505,34.64191720340623
1,1889,67.34406520042485,61.28192072278969,25.312511492610454,144.56048991992142
1,1890,3351.0277741592304,3198.922865319804,1525.4404060090217,6040.695581561379
1,1891,2.171548615156922,2.023919062611271,1.0393627332352098,4.141322143916921
1,1892,0.641004249196102,0.5968811182527005,0.29970371920444794,1.2421118451050268
1,1893,78.02146415715595,65.62987916706257,19.58710362687163,207.02885127297245
1,1894,6.532316547573407,5.293755977298202,1.4686607333465438,18.867779842246662
1,1895,2.1097616297672888,1.8186615662342431,0.8369620555780894,5.141374713675563
1,1896,5.991804660874215,5.402931659285429,2.212108913241423,13.080160196242215
1,1897,1.9752162281320422,1.822830303198741,0.9169907332647147,3.9127592963138156
1,1898,0.7509347788170527,0.6951049296247038,0.3840646547477752,1.4223920475931509
1,1899,4.809598273998348,4.423699157898147,2.185104820754952,9.645858105589003
1,1900,0.26962564714801635,0.2564014104248259,0.13872317916490373,0.4756441063959041
2,1801,222.69070879958372,212.58075677328256,153.1973025127971,353.39184780092666
2,1802,137.26655027349867,122.18246692882047,81.18153825284072,287.0722168975259
2,1803,568.2017906291607,547.4770694460116,364.6484459226657,895.0829037178784
2,1804,13.330607356246102,13.159163981931643,7.342714724235922,20.408063446730985
2,1805,1940.3561538198746,1841.8879589732,882.8884821005539,3561.077932286638
2,1806,677.1294327367622,647.0224246447406,430.2102506403094,1102.3081822078507
2,1807,291.9255196232945,278.5928823093565,189.48911574497478,472.6482971238706
2,1808,48.349444368755876,41.996323016154875,26.162877626661764,112.70321560794822
2,1809,40.409759732949226,31.295599061470615,10.205366408106965,123.83793083688884
2,1810,49.687552118201246,42.71951435456498,26.16168281591241,116.36694692549887
2,1811,772.0598737519837,731.3754681304217,479.71372414022454,1300.5927646967873
2,1812,159.50126083657554,153.8979156722055,112.56143876847571,232.37443956174604
2,1813,216.1407207486075,205.25865694455055,138.43270679896202,359.4902854601664
2,1814,325.7274942135929,302.42299306418096,183.20400122640356,606.0439067798624
2,1815,729.3844812770473,707.0233542708245,485.5779661967043,1105.871812856153
2,1816,48.84254189615926,43.155786529147846,3.310998807179355,118.42134418044786
2,1817,993.633910140097,957.4141096948831,623.2984811010396,1574.7837617798493
2,1818,96.90219368175164,84.01757280340988,52.8610006750007,221.20540236893086
2,1819,361.1042008783906,348.56911823320297,239.85527774130432,556.4928239849186
2,1820,182.81409183945811,170.34917838973098,114.53769786867436,326.8611111151325
2,1821,1970.4397793081778,1892.2958267336708,1055.411259257204,3330.2590025148043
2,1822,1072.9045830356943,1031.5006263015125,599.7995481568362,1784.205465884067
2,1823,345.743462331059,328.6011284194834,207.15418508919234,581.2302463200858
2,1824,2388.3595310496353,2297.7088299897364,1263.7992403557087,4034.919880317256
2,1825,89.55633095886594,88.57611754589087,64.8759799930635,120.01701171211342
2,1826,161.36616769243702,148.67306715532447,100.16537124671414,302.01206163538893
2,1827,583.0977235520887,545.3321700863341,325.01408637506705,1062.4258332456534
2,1828,160.58939561085097,146.78178551714012,72.1228551657167,330.2265368277766
2,1829,42.922414707208524,37.59871286001088,25.284470142871104,95.0571358515781
2,1830,442.43994380697484,423.65375016840886,218.7883593248091,772.8611620029446
2,1831,4626.223070130279,4474.205571445434,2665.0641136500276,7461.35061400389
2,1832,714.5325301682201,701.3798961048733,495.5988374479232,1007.7093019705061
2,1833,4952.343366977152,4804.528309852647,2741.7275709564374,8002.089772184932
2,1834,2590.09755722568,2500.9071410009838,1484.906677176742,4204.5017502911305
2,1835,1096.591324641547,1077.2093229850752,763.5800635920997,1539.9500503477761
2,1836,1717.499968835663,1669.4769725653928,1107.7882807377594,2598.187755709086
2,1837,2457.916757819047,2405.125451693845,1658.580143557811,3543.9058521993525
2,1838,935.9538109757527,901.9123786799697,529.5232634448183,1540.4300690060998
2,1839,807.7523029943719,777.0868960978839,501.17426513218084,1290.154027580583
2,1840,1828.8990104770198,1779.2077956373946,1172.232997203417,2791.991766837595
2,1841,2892.7159934106253,2831.8981529262574,1918.694385394092,4213.010836152986
2,1842,992.8688395302133,967.0000503680787,644.3369632710655,1490.912130590592
2,1843,1205.4842708411268,1164.2548074085653,743.2901501455159,1897.897440666895
2,1844,4267.920497555029,4125.1552779732965,2462.484812537314,6876.376028905426
2,1845,11110.83342421725,10974.74441510978,8007.098309917768,14994.823420815695
2,1846,715.1607864713648,694.9250299922178,465.67293376770255,1078.0122366290393
2,1847,1567.4924832126233,1506.5269859762996,930.3072629922439,2545.2496318552717
2,1848,1421.4296230666623,1356.3494552960228,818.2466226641304,2396.8133499356177
2,1849,873.616955941259,846.8831688324578,567.7998594195783,1339.6765296739538
2,1850,1195.6975918756,1163.7421038287087,768.8081994328263,1807.4368223027373
2,1851,42.658680317526404,42.1692333295957,30.89316200961612,57.187797569494826
2,1852,778.5304020656951,747.0337211103136,432.87157337220094,1307.6152440615544
2,1853,1692.873225096424,1608.2306005240907,892.1121333409195,2981.560011300673
2,1854,27468.571630343686,27111.52381515366,18720.211519067685,38279.461593362
2,1855,318.94984374598505,310.6091253011464,216.68986230801175,467.8754668038376
2,1856,701.5605496103869,682.7775873737352,467.2980790330453,1045.1362114594099
2,1857,576.5025955448702,556.0892490440175,331.54514245095714,938.776307976965
2,1858,8674.77486904859,8563.442017725782,6178.742450355982,11806.53084909999
2,1859,715.5787726169419,687.640403649039,450.20560075093965,1140.908438976928
2,1860,12150.434410113003,11990.484650493381,8421.67861820516,16821.00412509712
2,1861,26069.54755472529,25682.66777157392,17140.176991840817,37225.47760669328
2,1862,3071.8330509578077,3022.4354586564446,2147.223009584284,4286.0782113769055
2,1863,2558.2569502314354,2471.1689542851072,1467.0839450747276,4147.303026269514
2,1864,5650.412674178704,5474.6228700408155,3323.869355681304,8966.057089741988
2,1865,2351.8125021551223,2298.4847098635955,1549.3189125551878,3445.4885074940053
2,1866,3593.6873946206147,3478.2807757220467,2076.6102176359304,5770.0389945273755
2,1867,605.4513075076607,588.1022279927415,389.3995029708878,924.9661243141543
2,1868,1402.3958217811448,1352.848576877766,805.9882752495944,2288.09231900948
2,1869,1432.5587779514071,1396.476705683103,927.1742753520301,2147.0506809380263
2,1870,1298.9046660836923,1270.1323954881075,841.831230348393,1921.7203192140712
2,1871,17847.230959635042,17557.783122146862,11470.276108599955,25853.53512337128
2,1872,2158.7708016959114,2085.227012200865,1242.1770622342228,3497.2401524500706
2,1873,3803.0951120955383,3741.0765208595294,2531.2031044169635,5425.885886520347
2,1874,2578.239116397049,2541.7154193583174,1760.008764278695,3613.341097796244
2,1875,1964.2708045047063,1927.842062594304,1343.6993939077877,2807.6788642572233
2,1876,3102.509942838705,2984.134622278574,1738.220735031151,5174.050176136365
2,1877,1775.422414132209,1703.3673070721065,985.0693721332292,2973.7206205438947
2,1878,293.1631892979877,278.08057132546315,157.1235160072721,518.3186145756074
2,1879,418.14683053776764,393.00000873289133,228.2442330085637,751.4408723571892
2,1880,641.3956730768467,620.692568048555,407.9265479597681,993.9094588083838
2,1881,1626.9314174210622,1588.7426459828143,1085.1080332198896,2381.557694052115
2,1882,16208.80348484577,15993.668645429098,11031.570350595748,22613.211585779038
2,1883,1897.9910466026718,1849.764518684403,1236.6400360165355,2829.572074942447
2,1884,454.0001743414818,431.66290683684144,245.51737511758384,790.4115440053409
2,1885,1795.418459922152,1726.3769485310772,998.2735123256024,2982.8207780155117
2,1886,2454.3257676829194,2373.499127525863,1411.8483224746115,3964.3121510257924
2,1887,952.2525894750129,911.0687761169786,515.7778871248445,1627.855442738019
2,1888,1091.0504666387303,1039.2438732495887,574.6953952056118,1903.3966313210296
2,1889,1260.109629776275,1234.5811781905381,853.5244927896031,1813.712678719916
2,1890,9464.504115761376,9333.858309054145,6226.994422740562,13455.225929585193
2,1891,696.7173196994975,666.3352543732669,431.02156886799105,1136.8418563204393
2,1892,336.85677044694296,323.7654914913231,214.61721176028723,536.3886068803134
2,1893,1481.9730048152749,1429.4755837947769,842.2609953832329,2426.0508211530646
2,1894,403.5824053554683,378.01116673903414,205.78422984636762,751.6827093170092
2,1895,183.20406216234412,159.95890621801612,91.92592924789453,414.2074658750305
2,1896,158.0884819380307,154.00456518936565,112.42808010791458,222.5942907580814
2,1897,388.750144551621,366.9077331121344,233.89545122489162,671.5725044674108
2,1898,180.82767406850968,171.03742749452104,124.45069130247967,297.15952144243545
2,1899,834.6643722833486,787.3577394010074,473.71595288566135,1470.2634721628374
2,1900,144.84258541044628,143.32633300037952,107.10037562286146,191.39453912112023
1,1901,3.2192208557349233,2.9315803834600125,1.4496014802034676,6.706978564232712
1,1902,23.33594701055198,19.450440772150532,5.700815145205666,63.76036637420803
1,1903,116.96688421882412,97.50110991101384,28.632254648881485,318.401989452435
1,1904,22.672576634748673,18.849006189842882,5.4672758358281595,62.46116870081854
1,1905,334.3234483981263,308.935875907443,131.50378340628072,680.697032708622
1,1906,9.837555214706944,8.215478215277475,2.4188151463458167,26.756656721088717
1,1907,3.864975813916189,3.215614054334442,1.0414568580126553,10.550676064878676
1,1908,3.5171312503431102,3.3367078461996478,1.8112231084698822,6.273186982119664
1,1909,0.7847005781323131,0.7449240980436154,0.4119034729521926,1.3865840119335984
1,1910,67.89976164348245,56.9081784011502,16.72149199890607,183.07265769765436
1,1911,44.424242399619914,37.0570871878395,10.696959900089531,121.10687567142992
1,1912,1.587603833156184,1.4481011165547437,0.684684178757293,3.3062147944839326
1,1913,0.7507545673701934,0.6380293371328077,0.30677930548100113,1.8950106780843072
1,1914,0.21891383541964624,0.207348909998253,0.10366349896563613,0.4006495184284586
1,1915,3.439245531697612,3.2668057881487425,1.7948065880569637,6.071903152870559
1,1916,2.6357508957108733,2.4855062122836813,1.3395271862635283,4.800300917692093
1,1917,9.898903061891195,9.381390383590128,5.097305219459506,17.583324351828605
1,1918,114.63864464263622,96.67204746783598,28.788219623625093,304.5190200327585
1,1919,14.763048390911294,13.381383432882638,5.464958442686299,32.13558817944531
1,1920,4.88528136990174,4.497772653990154,2.159045573667223,9.869582535934772
1,1921,44.10878429478429,36.80779928076409,10.773014912283212,119.88655700713035
1,1922,7.021057003183585,5.819630061721922,1.6877705030354118,19.412727412063678
1,1923,18.696841567972662,17.22092236895469,8.61746288719428,37.46516843492892
1,1924,212.44457874254994,179.84224549228435,54.142477773591594,559.5914786928142
1,1925,11.990119431294891,9.816358991393171,2.776666271027586,33.8806273556351
1,1926,197.76841613584924,167.12246381017732,49.94558466496286,525.4944468505197
1,1927,66.06743481200753,60.920367822804295,26.128082734208565,135.42223753895274
1,1928,256.82668282330667,236.96153075093002,100.83486185963275,528.0191322902562
1,1929,1.5172861369572643,1.3436994781895373,0.4500571296334146,3.5807746146129533
1,1930,0.17881183995817101,0.16660907052047674,0.08992454887655724,0.32690182317376404
1,1931,6.506747905591993,6.115056773435493,3.260358686339685,12.037988881575256
1,1932,2.9315284002179456,2.7847216654336164,1.5559662915492052,5.176885281505096
1,1933,191.02699325951528,160.12836928285503,47.5546161485267,514.6349748091735
1,1934,1.342112676358632,1.2543933921521015,0.6573192865734035,2.53112414752805
1,1935,18.817946658440977,17.899907293736515,9.947015304317324,32.94270957355456
1,1936,4.9494744111216935,4.632884477921314,2.365330088804872,9.39196257535139
1,1937,66.70304079402283,55.90099005782323,16.423557192627822,179.47997478620172
1,1938,3.88418926324114,3.5474442054405513,1.666854089206649,8.066314485574708
1,1939,13.04470200080526,11.025271078062184,3.3109046995994693,34.491632157919085
1,1940,0.24488616589284634,0.20700943140934108,0.05388496286150359,0.6491351892096933
1,1941,167.78469545421564,154.24528213590133,65.6017993048517,348.76225163570757
1,1942,6.984118102060715,6.413006524334026,3.0418487375660774,14.248062188498785
1,1943,363.84138256070236,338.45963303705594,147.43023006261632,728.7248666289697
1,1944,0.7794710580038033,0.7095379017867764,0.3397802099488762,1.6255613970660538
1,1945,16.853104560427084,15.780907381156675,8.30078276201236,31.612974471330006
1,1946,6.99524419690798,6.594595333257288,3.4859199278819504,12.833761864261254
1,1947,97.0630213184418,87.8046871491236,35.572863462298194,211.9194689191059
1,1948,4.077147558139624,3.8115138889410387,1.9589748938549745,7.755667256915388
1,1949,9.350799605176254,8.69887541419477,4.276594399224849,18.177719283643068
1,1950,2.86675715201087,2.3140452572770442,0.6216498153115827,8.332923701001333
1,1951,0.8015912782898459,0.7145089725444304,0.29285226118127317,1.8269609672054667
1,1952,3010.5642147995823,2909.015551007964,1557.775586376828,5048.376949680969
1,1953,1.296295256896487,1.127062462652542,0.48671055527824475,3.1133524944604014
1,1954,5.822446018586623,5.256914189006265,2.55059313882934,12.445281267179128
1,1955,29.05463593409207,24.083637235545265,6.947812194370682,80.15939548505415
1,1956,26.62636104959229,21.967863726725525,6.274119022044867,73.99146686330306
1,1957,75.43970975159388,62.86423286401177,18.23834186264807,206.82905187629748
1,1958,0.2854649028419115,0.25886515393065634,0.12305187363068418,0.6020461422195356
1,1959,76.27816162024696,64.36056539090893,19.12375866006038,202.96100178786747
1,1960,58.53546570316309,49.04362573778727,14.479608826633926,157.78789219654323
1,1961,0.5367724157826074,0.47492200062054757,0.24094955455365039,1.2135558835537579
1,1962,2.2335750760506357,2.0775848958270675,1.0644028407001977,4.3244292201464125
1,1963,18.55339510681417,15.279980268313922,4.388935078403785,52.1058097748448
1,1964,0.2913540777043728,0.27666812657789597,0.14513209075812575,0.521813200240486
1,1965,7.2417968420813805,5.9144631186371885,1.6738493366074985,20.42022092644009
1,1966,58.177515213436074,48.10566165104913,13.912955827256942,160.61227907774338
1,1967,1.0067929951867816,0.9388840016229909,0.4778676376662604,1.9321247081675827
1,1968,56.615437583893986,47.682903057547364,14.068097523826689,151.93794760695238
1,1969,2.3438722314047187,2.199277291604787,1.1963387802305192,4.359157921593352
1,1970,10.224422455033118,9.75063186822791,5.459388873825296,17.73741260956812
1,1971,17.070873182784545,13.998169016912922,3.9800526631473363,48.074910399348404
1,1972,197.68667306486302,182.1706733115528,77.94875012772484,405.46240046806105
1,1973,4.497661624569467,4.222861773312037,2.1912164182460314,8.388984434738603
1,1974,15.792883684677733,14.754571384270015,7.741472661394477,29.794003247371506
1,1975,1.1643163388655942,1.0898872704663014,0.5620212394068634,2.190638677658701
1,1976,3.097825646537118,2.923242726042338,1.5719529222182913,5.650058840509865
1,1977,4.646757883449576,3.7516260066933937,1.0184258856671289,13.48654431441473
1,1978,12.323632455791094,11.641083052255135,6.1641344295822185,22.486153029497554
1,1979,0.7520327520329041,0.6635497199614898,0.29430324649941714,1.7331359799628159
1,1980,1.848062781786869,1.7111531155157869,0.8494394229722606,3.671318093004715
1,1981,0.2159708764795314,0.20044279217345815,0.05966617143895547,0.4602456695544672
1,1982,281.9841957387999,261.7941030255572,114.64289269520569,562.8091367736079
1,1983,2.456975127414352,2.333750453635963,1.294818110481673,4.3333965118963755
1,1984,2187.2595724087973,2099.9359799633294,1093.275035265402,3792.4726016615905
1,1985,0.6368218379030848,0.5818744451489994,0.30601543267175324,1.2828170194749582
1,1986,1.1837687467660831,1.0345107273841574,0.40043260512011924,2.8314813668122127
1,1987,6.208756708784712,5.808885675544395,2.983251016759732,11.750180920805901
1,1988,47.14778747904581,39.15212519975201,11.315742837680975,129.65744362865635
1,1989,4.194823082685997,3.959448900259197,2.153374290223957,7.602413833864198
1,1990,19.476071281042284,18.255853053558482,9.281991848410497,36.644001482231516
1,1991,11.441984340485256,9.531023806103228,2.775842458759952,31.254968227822697
1,1992,0.8068861620403848,0.7500615809674029,0.3961684163061827,1.547604052330701
1,1993,0.06190657973168376,0.058667741317483736,0.030264189711819506,0.11206986182782289
1,1994,0.18644918408087838,0.1623507844941306,0.07760452524010025,0.4413749170564226
1,1995,0.055323082418627795,0.052150135476471425,0.023852211419956425,0.1045391370683045
1,1996,0.017627278379559953,0.015812330875733596,0.0,0.0481699880676914
1,1997,0.11919203815598821,0.11385341231121635,0.06298289817535446,0.20593254683092227
1,1998,0.148459205351766,0.12552080961157275,0.06470393906396975,0.37452004291035834
1,1999,0.007692241557461847,0.007079569991015781,0.0,0.0187999595132417
1,2000,7.187021081057846,5.904594434223066,1.6955167126811836,20.16055759216479
2,1901,413.5900529147693,384.07870153710417,237.67293884052907,760.8250363794399
2,1902,1277.4446633358787,1235.8732276253309,741.4423240947361,2051.0964904970683
2,1903,4282.451282602257,4134.195565470769,2434.4697657450497,6979.328270247927
2,1904,827.6872271270746,794.2227140569906,460.67183368630157,1387.0843717214511
2,1905,2416.652454207699,2363.7403072420775,1603.9604691949432,3538.379290799757
2,1906,477.6324421498818,462.3757330650354,281.6619048493521,760.4858863044045
2,1907,102.0257683730137,90.8084452279285,58.429192355020376,215.2829819769617
2,1908,976.1602603187819,953.71999371084,660.2854531922966,1420.3759713904012
2,1909,209.95480492098812,205.27592794464138,149.38658435321128,298.33877220771984
2,1910,1817.8631907594415,1751.937838317517,1029.655874404024,2985.0802029037923
2,1911,940.5609765905036,898.1750100140138,508.34566481440817,1622.4895612124837
2,1912,529.1236443766708,496.0069835817601,300.1575905240346,949.0754277976059
2,1913,161.71227762008428,138.54030995157188,87.8370391647408,380.6991531398787
2,1914,84.0516030151466,83.12272186441317,61.07631082130962,112.45657561278061
2,1915,1049.3754236224167,1025.0763922074807,724.3908702259426,1513.0044107155122
2,1916,624.7641760001433,606.0643862670909,415.27429505126787,944.6962108482727
2,1917,1682.8938645980597,1644.0103682301874,1126.068962366537,2460.4410678308996
2,1918,2731.7940617780973,2646.979265717621,1601.786418589059,4347.101028899856
2,1919,260.00513508149066,251.8658719743276,173.20337606559596,395.1054436152344
2,1920,937.0670499594098,886.6849047205053,519.712082335733,1644.1648528636604
2,1921,1570.1245926789504,1513.448741089478,895.5628334187024,2572.8503763627573
2,1922,287.96687300646255,275.4557689001452,161.60384671923322,488.6619944740841
2,1923,818.9096783476158,771.7932951855275,472.23644582829303,1440.9806297231366
2,1924,3806.461735805447,3683.911266321077,2209.142245668516,6105.044457031218
2,1925,538.147666302179,511.76504361531835,284.95630191642584,947.6778003050725
2,1926,3851.8670324336954,3725.1468723352773,2224.8290854611755,6208.229686540126
2,1927,535.8831954412108,522.7355886556306,365.5803303821309,782.5015281501092
2,1928,2518.536026983317,2475.23060884143,1738.1271801777395,3541.603276022157
2,1929,70.60455715893335,69.71277629273663,50.932995501703346,95.37481870023026
2,1930,63.09933895398813,60.7204534199015,44.36026133068245,90.28743430823194
2,1931,770.4281301512532,741.3759897274424,501.70087485403224,1211.0014026652448
2,1932,210.8121441344915,205.63929179307394,148.66237752711137,304.3965553446533
2,1933,5830.1355887591135,5646.200147263324,3392.1873126011337,9347.226357470181
2,1934,503.6891686166408,482.8473191559858,332.92128010046906,795.4657348129102
2,1935,1505.9720312378154,1476.3626200389476,1045.578776640883,2140.3308737688594
2,1936,1263.9377750449373,1216.247136285508,774.5340795811742,2025.1418853703146
2,1937,1458.6430067724154,1404.6832970189273,820.6488533506771,2408.430091872107
2,1938,597.378169028728,560.1345447544338,318.25788801834665,1087.4742850002772
2,1939,250.17696044777796,241.596178624133,147.2305845012708,400.53288329679555
2,1940,46.70290485286894,40.80173023323759,27.267787175096316,104.5958922436317
2,1941,1760.6234903055683,1726.6576146764537,1211.06508670858,2502.2920717906645
2,1942,1022.102321959974,966.0200575143825,562.8071686982297,1810.4914088759997
2,1943,1891.6888994864073,1839.6364029467952,1227.8524789763678,2847.547509291455
2,1944,178.93695153768408,166.8842870247202,97.6346945889271,329.8780010337914
2,1945,863.2333833100129,828.3771797434487,541.3592479035711,1389.6305254598315
2,1946,912.168728020072,883.7688155569768,582.4990663785393,1406.6965334346378
2,1947,1190.5639330157676,1150.1968107668972,746.9004560783324,1868.6708505850481
2,1948,776.9112838866009,745.2613023608832,476.1778899468197,1259.8876565583532
2,1949,1175.3361495923118,1124.4760578639198,668.7292350177016,1969.9609824213717
2,1950,209.89170140966502,198.0355397689974,110.12026506825124,380.0743188778364
2,1951,425.52553423904425,392.47188174578315,222.52490723880993,818.2600366448562
2,1952,9145.405568307513,9015.952373982884,6316.00779267188,12681.000730856707
2,1953,332.9986103511274,296.2042104693794,155.87240010476086,724.3918587289095
2,1954,408.4693783344565,376.04284842786836,224.0001646134747,778.9164045278362
2,1955,1134.0665090771242,1089.1150049411463,626.1142803959975,1903.958890082641
2,1956,984.6088026983709,939.2773685749664,531.0788936874967,1704.8718315382955
2,1957,3054.674709182111,2942.704229665331,1722.2866784505864,5056.70518154584
2,1958,219.6674586949826,204.2065529294952,131.8298871558833,398.51074355572126
2,1959,1607.8485755265922,1554.676847374571,929.7458027766206,2587.5997004702404
2,1960,1620.8617139359667,1567.1460882071879,932.8410374986454,2607.555188964783
2,1961,155.85310788732798,139.50089042978175,91.59107170623042,322.92122122757934
2,1962,499.26751682152866,475.6824161386904,314.10816934129633,824.0737455029051
2,1963,603.1454878521785,572.5463440198848,320.9027635935223,1066.0981021733874
2,1964,97.75038073223597,96.60867926957138,70.61632679041682,131.63290610208463
2,1965,430.0495168113236,409.4845439310077,230.33363200268363,748.5325721120162
2,1966,2261.2738884851024,2167.8967011955683,1243.0131222791993,3805.863030044088
2,1967,244.75242445211515,234.7296078601691,156.8541079817405,389.609408127135
2,1968,1186.8556725193628,1143.3155958475018,675.0067682964661,1943.7220584130807
2,1969,385.44948424252414,368.93246032583477,260.1858681924627,612.0504289923657
2,1970,1153.6919316163262,1133.183547685659,815.2974400084195,1616.1050239085764
2,1971,710.7553817802975,670.6148445388534,381.87060861133506,1272.3040461865055
2,1972,1508.7552482448802,1475.2156264136586,1007.9860263772322,2204.571420070003
2,1973,1096.1434640629334,1056.4053751777315,683.6383968875015,1733.3094812605973
2,1974,771.8529019389018,737.8610430700992,481.3221940653991,1262.0300971469221
2,1975,448.2613199743005,431.793590837552,288.7677433792033,703.7160724635717
2,1976,762.4345962073776,739.0803303415089,506.99248389303267,1154.4145048031246
2,1977,503.47320459358684,477.38662690375554,265.39202593072184,895.5517223907962
2,1978,1266.2818390962448,1231.054068201749,816.4430543749495,1926.4773353590952
2,1979,194.1191969146565,175.08412450068283,104.66032788417424,395.20726014249254
2,1980,546.6387714567958,518.6070054283233,326.5272603931072,928.4712856784869
2,1981,29.49919258009052,29.106400616911397,20.53587831571574,40.70560517091457
2,1982,1961.621742974918,1929.877189823831,1364.4485087562723,2727.235020264248
2,1983,344.0472973100127,335.71105214897636,242.07195560317527,494.2816993132482
2,1984,9549.847305015692,9428.928035024543,6746.49398437535,13046.008721616547
2,1985,182.38605484586924,169.9704007121883,119.98421590579629,325.9735449932207
2,1986,340.4670551796698,309.8558936749328,155.75009563864495,704.170881050824
2,1987,1232.6002735263028,1186.9249810998692,753.7469682175371,1967.7087588486363
2,1988,1047.591296783092,994.3057398395769,561.1958121037674,1837.8039237083985
2,1989,726.1855781981818,702.6098824228926,488.46984452117545,1101.881235198076
2,1990,1836.9597409536022,1768.6782182417971,1101.044013447964,2965.498096047757
2,1991,268.7060404064049,256.2749117130304,149.05238665354858,460.48359313970076
2,1992,194.35900563632381,184.9130815210446,127.07828884500272,319.8186136449655
2,1993,16.23561081073433,16.049559911612214,11.754806853565277,21.831111773945686
2,1994,118.13984594985895,103.99209807270132,66.9306322161937,254.7865381881921
2,1995,38.01424278762506,37.62564243937372,28.216487021049506,50.078146920726915
2,1996,7.2124821815892375,7.115232804222086,4.982163341129671,9.9958549783072
2,1997,49.50712311148864,48.978715294390256,36.64088191721102,65.32049852867983
2,1998,27.88162308501282,23.749315528791183,16.516226765836553,67.034188415266
2,1999,15.641700512724615,15.466350216387788,11.312621863734677,21.00262922698508
2,2000,806.7974788225296,774.4021810825088,452.19540395724357,1347.7068052515424
1,2001,34.12950793263277,27.732514539648463,7.77546362890297,97.748394322866
1,2002,0.020271026686790473,0.017917492140969736,0.0,0.053646064991400746
1,2003,0.22533390012821486,0.18945083312901073,0.08105861266489436,0.5828332910706054
1,2004,0.050576329401769204,0.047153616755601147,0.012029987182197614,0.10875931697014353
1,2005,0.24027403468916106,0.17754107929365412,0.05948696137641355,0.7873336019620377
1,2006,0.07532285896036983,0.07079360290202927,0.029400683564150668,0.14761748716789555
1,2007,0.025912967124702455,0.021075217837009337,0.004833771579275649,0.07724886586728591
1,2008,0.019773230764964178,0.017492453523430186,0.0,0.0571766982811447
1,2009,0.009755995619215954,0.00883238833530981,0.0,0.026191306055823385
1,2010,11.90994581307692,9.729261476346911,2.7761542749003585,33.75983885475044
1,2011,0.013583048195134466,0.012024104416523157,0.0,0.03919131591764735
1,2012,0.010394342802541014,0.009582789652938541,0.0,0.025556216940301683
1,2013,0.007495883351985583,0.0,0.0,0.04998639229538699
1,2014,0.0460068973721619,0.04335834971976206,0.019245949771507096,0.08854113646931965
1,2015,0.019658464160549314,0.018407300340055728,0.00611311004972385,0.04041427781310909
1,2016,0.01637937022961822,0.01531237608287334,0.005469949072559991,0.03337282463408559
1,2017,0.17261729133484963,0.13090027634877638,0.03126775220285758,0.551442072891139
1,2018,0.04575900791777532,0.04343999172464967,0.0222855694293478,0.08285208639767709
1,2019,0.8819116935146128,0.8447223575747297,0.47817994702185124,1.5001182144540843
1,2020,0.1533194104330608,0.14220354634766783,0.0695561746981223,0.3027299977288596
1,2021,0.2019928657126259,0.1708245326097328,0.06711172601669321,0.5309340744280007
1,2022,3.312766674089081,2.690549933283883,0.7574458438987841,9.479009930547713
1,2023,0.5090686142778628,0.4627791612508084,0.24542896195463268,1.0353131196691092
1,2024,0.03428925811460901,0.029869845795023678,0.014193689881804706,0.07764340314907034
1,2025,0.3506138100789102,0.2151743306590529,0.0,1.5130132145851682
1,2026,0.1928621287801174,0.1846086529016197,0.10432289231771295,0.32952807500033987
1,2027,0.028530354358668287,0.02001272934085435,0.0,0.11534657516594923
1,2028,0.17274046186117958,0.16365196011434485,0.08219160800244041,0.3154972754577187
1,2029,0.07155246194712982,0.06788813637739627,0.03481466694794475,0.12913547240166257
1,2030,0.1050141497550447,0.07363009585772479,0.0,0.40348028374391626
1,2031,0.869160711691832,0.6842535177163528,0.1942378210037123,2.6306729650502474
1,2032,0.05301732538899533,0.04615495749834221,0.007305920424371825,0.13868036433757452
1,2033,0.13831119845511644,0.11199327174760926,0.03995739113156613,0.38731495924636883
1,2034,0.0029043251390049947,0.0,0.0,0.015465094620771162
1,2035,0.03169838940377309,0.025812043981651055,0.002278569885629754,0.09535617356848178
1,2036,0.002737357538238686,0.0,0.0,0.014562511282574825
1,2037,1.8755732467088784,1.6895553902561284,0.889980693354415,3.9693945424119934
1,2038,0.04605755658667178,0.036987834914724405,0.012600075926565417,0.1295493171563452
1,2039,0.6364988086612706,0.5502210594650966,0.26475210788734593,1.5480239848239759
1,2040,0.03206252241300193,0.029483367039140868,0.0,0.07804669885959768
1,2041,0.16992411616542258,0.15132471649194051,0.06036107071846092,0.38905126152749725
1,2042,1.18313830081003,1.0148883329312448,0.4718520297318258,2.8613530182699622
1,2043,17.857676620172384,14.559624573074496,4.057459617567564,51.30114755525088
1,2044,0.02445779659745411,0.020743426978095895,0.0,0.06970417905549703
1,2045,2.6441383037556894,2.4344553454842153,1.2883192360774507,5.262163051511594
1,2046,0.42808476043340665,0.38629236022098545,0.17998706437020076,0.9212264152543208
1,2047,10.46948631099184,8.654635787542162,2.51701348732092,29.05395875269489
1,2048,0.9038391405686338,0.8380603493624843,0.4064802183072028,1.7784392565224711
1,2049,73.9803272204015,67.15408131417155,27.43477316448466,159.68236339987362
1,2050,1.9611845269755603,1.8464904445951014,0.9578001770287524,3.63022074059405
1,2051,0.7526829000596315,0.6981710499392274,0.3006508200223497,1.5194677346900605
1,2052,2.44815043755408,1.9846021910512088,0.5545375944651143,7.067840009199052
1,2053,3.9673980874241273,3.5245940248084677,1.3592038378906517,9.13888476033351
1,2054,287.257542604511,263.5909453789561,110.86908896694223,600.8935022781474
1,2055,1.6762771028417012,1.3006030876849655,0.34809961140372414,5.239255360848334
1,2056,0.41205039774825325,0.3838565149652171,0.17093519586958053,0.8128806646920346
1,2057,18.43105621019578,15.243413101137612,4.443970983104965,50.74364413372723
1,2058,61.6354630002364,56.06485356681205,23.08337147241846,132.94435614599846
1,2059,0.9054835253795482,0.8508242974472775,0.44508127411445575,1.6792278897853679
1,2060,1.9384659793867636,1.8208949340202834,0.9470832939066386,3.6225725379149605
1,2061,0.06104519779052162,0.054536781135419224,0.0,0.16220624781926923
1,2062,0.7305400584490715,0.6723973219940236,0.3307550732160184,1.4593809833170157
1,2063,1633.7854857394582,1555.5215068354028,782.0164852810508,2939.509612520405
1,2064,0.8793485506447827,0.8041007915889604,0.40989121282071295,1.786734085232516
1,2065,4.218379898979388,3.9224998519262186,2.032083627271041,8.144128286360933
1,2066,77.54282345215773,70.38413297279838,28.922952082207424,167.39881909618526
1,2067,14.894425344581917,12.046210603213972,3.320717352093992,43.48137057941035
1,2068,44.44270474412294,40.28660644534363,16.618852801725783,96.05060665054306
1,2069,1.1082470106398552,1.0153195338111405,0.4724795970351695,2.2666703819271827
1,2070,2082.142300204072,1983.910209949499,1001.7387255367993,3726.706365223553
1,2071,8.661031054692337,7.226959129864771,2.1161543892693278,23.678831850007956
1,2072,0.15504408624810065,0.1429969219193765,0.06375918336265382,0.3126938530268846
1,2073,22.464462279600987,20.110350163362924,7.937915696346223,50.59944983855953
1,2074,19.87251653498905,16.429564746680402,4.721960443772325,55.24565923988544
1,2075,0.6715949890785615,0.5974815828025765,0.20245294429619462,1.580772304780756
1,2076,716.6544582338855,678.997258951207,334.6836399574268,1315.541098890313
1,2077,8.438908673939551,7.8500150501074195,3.912014954947256,16.264671309619274
1,2078,0.5347407297940742,0.4684109397815786,0.2231909437579063,1.2421358289539859
1,2079,0.21874349360014378,0.1988992567784436,0.0979988880109436,0.4589911639523865
1,2080,2.803802151331704,2.6072836783123545,1.3251830300486402,5.40522556886692
1,2081,0.42543507945711245,0.39269652293591123,0.19559687236128945,0.849147189368672
1,2082,2.3776715656586775,2.0661795716676243,0.64478782147719,5.907735228640028
1,2083,0.332699821482441,0.302882234314798,0.15439704438452412,0.6878666904396763
1,2084,4.498560229403812,4.236977487162822,2.2368322236547287,8.269753044493505
1,2085,0.23571464535269812,0.2170351266684754,0.10687402323829576,0.4732727988819968
1,2086,3.162431805643955,2.5717701593002706,0.7196087441148123,9.102326907154563
1,2087,1.432829340295084,1.3305917172026949,0.6710309681327264,2.7945764751659015
1,2088,161.63244054970733,147.51806416943901,61.386375625644035,343.3081355645815
1,2089,1.4741119788472248,1.2000049742824777,0.3343252245226864,4.235007586471912
1,2090,43.77028099470585,39.61091011124656,16.126069343550434,95.14257018373193
1,2091,1.2748384952647456,1.1906984848982776,0.6120795584294021,2.439664363949589
1,2092,428.9900321640164,396.57175082808726,169.88440739935982,871.6997908710451
1,2093,121.58383574154479,101.67088094994406,29.93517998697429,329.85461920137
1,2094,26.01456353480108,22.78760404348757,8.553348311024761,61.876242915421145
1,2095,52.758923126238194,43.90682053744443,12.851821556197518,143.7649903556651
1,2096,2.5056827955156775,2.373304078665759,1.2857667980222065,4.490277564778735
1,2097,49.121717948606666,44.641706871010285,18.426809798450115,105.79797171635921
1,2098,0.07923210142523437,0.07163854448429571,0.0,0.20421012801734595
1,2099,1.1320697916802769,1.026997260936834,0.4621906954135539,2.4196645981704727
1,2100,6.001687580444133,4.933101430742739,1.4118376630750973,16.775811147404482
2,2001,3157.4441190620114,2986.425291756872,1612.2040212103536,5664.480445179003
2,2002,30.33344910351693,28.589878709403337,20.92258738884374,46.525440380068176
2,2003,62.318239428432605,53.42531108744985,29.319961442392636,148.467792243065
2,2004,17.020103123960666,16.81067861501474,12.146847930209024,23.100240076886728
2,2005,82.49911583903004,63.74404337827049,26.875855476185702,252.36777030917372
2,2006,17.90270028828732,17.692187866444932,12.917562054901282,24.08162582536761
2,2007,37.78407254638769,31.086605605294366,20.42945253008147,97.44855657659274
2,2008,25.902581919839452,25.6073374583168,18.904633709098604,34.59747681888332
2,2009,12.738770211988282,12.586109729600777,9.08038363973067,17.305373079260864
2,2010,792.5501085061669,755.0380519881703,424.29995988741075,1386.8346068448388
2,2011,17.449021845574766,17.24835735593422,12.75003639522165,23.245259344778617
2,2012,17.65561106897128,17.45296849487943,12.800717525183936,23.70485160494484
2,2013,53.143474707634084,42.148829484996156,15.187622504767276,160.70289878568877
2,2014,19.557333243453556,19.312950436382053,14.099600779905794,26.363994937912775
2,2015,31.3252140779733,30.986502233152066,23.124318397956664,41.47220773731802
2,2016,13.80056210027669,13.637805801251368,9.950439848029411,18.586132105702283
2,2017,34.15647054096877,30.67151361915934,18.155564457532293,68.83946508087124
2,2018,19.059197426916555,18.84348639818652,13.872630141608749,25.476734950743424
2,2019,97.13282911903322,96.09700907843705,71.64174039677624,128.74546385036206
2,2020,89.2556400596282,85.18551577003781,59.810451269802336,142.94387343340375
2,2021,93.12515859263158,79.91899572403938,50.8491100030034,215.63561359954818
2,2022,251.4382990436439,237.81539025319222,136.74030873418056,445.1425690741191
2,2023,80.57246484026125,74.74606407327211,53.727386370202986,145.1049232838563
2,2024,28.15921145757439,25.027534664185225,17.93730187006503,58.305329740029144
2,2025,25.454662027155052,19.19077271375162,8.485261309436625,81.22461250766791
2,2026,53.67704976656631,53.102375130252724,39.73712399218392,70.88081817546662
2,2027,58.381623170736546,46.57822000049825,24.58649895222178,162.637893884897
2,2028,83.04025288132263,82.09604579820672,61.037492444131146,110.13823932969727
2,2029,43.50697259178588,43.040064038319386,31.939008340614535,57.68072198318313
2,2030,20.430585939677886,18.75528364082769,10.099442834691974,40.79512704277521
2,2031,339.3008022369629,286.7834199968995,104.88747718236817,930.7983774108891
2,2032,98.11719927317182,88.3976680213474,60.981287210810926,198.13198605234695
2,2033,62.95595493991397,53.582683684667884,26.45942602711505,156.64123357752752
2,2034,11.218317889997143,11.085913213001952,8.134908469588904,15.056521594721671
2,2035,40.51789985147328,35.02118795547956,19.400174575769075,94.71132360483152
2,2036,7.01912006711057,6.927528474982729,4.922678084742586,9.62191961867717
2,2037,301.71783315823075,275.4310163935871,188.83533710081733,577.7528861951693
2,2038,18.951925797323675,15.469003970043905,10.699699869815792,49.06272576530163
2,2039,238.0349483876117,206.81690843391453,135.1566023488421,532.256995210702
2,2040,16.524395691413208,16.316690431817026,11.717685261150486,22.482173524047337
2,2041,83.62391552111727,76.74095154178264,49.034849985519266,157.73680958868792
2,2042,124.29747891892082,108.33304698253258,63.16724658390464,278.9672400898505
2,2043,863.4809145799712,813.0765903357005,438.25703527699915,1589.3832150171443
2,2044,34.80347487316815,30.97029137057246,21.753598254408313,72.93297300388562
2,2045,350.57988392365905,327.9601360629639,225.21930361202791,615.6152468272064
2,2046,461.85335990017256,428.0277355251072,252.73074685605184,868.662156351508
2,2047,929.5936921009803,896.5803395124126,529.9427815801208,1520.5611390610577
2,2048,974.9672884589174,933.5700055607119,586.6040945944318,1604.8130792773547
2,2049,1425.8722606565086,1393.5081857330383,950.4444748289905,2086.931632646138
2,2050,1207.6435394275238,1172.7255291958077,774.7348689364525,1841.6008534426396
2,2051,611.7213461597042,592.9900889542173,400.86081970200377,930.822033591347
2,2052,660.2139932909175,623.8987159033481,352.9699372824044,1177.5812525128724
2,2053,368.25533963309596,354.759055946096,248.23338125427298,568.6925666176581
2,2054,4115.012823963304,4048.8105603963954,2880.1214101553574,5726.5990903094325
2,2055,255.02626827621305,225.8750779205036,120.54457043573281,565.8345352654406
2,2056,414.7669658426144,402.5474289289841,280.7930608126885,620.0677631891726
2,2057,1251.739301747602,1205.989819658124,711.7379424235204,2050.423991129123
2,2058,2391.1127407657973,2355.4158697997145,1684.7807930236922,3308.3441552661466
2,2059,611.0286797080537,589.8250810937714,390.1679101919127,953.1309267782258
2,2060,1479.3253850008437,1424.4964030720637,949.1083394305434,2321.2145629178713
2,2061,466.37174668901037,446.4998770315441,294.3918549269807,752.1654413205547
2,2062,676.0965006807853,641.2109088736624,402.63975249586446,1145.9910626939245
2,2063,12465.092770568983,12314.953293166745,8990.317159712913,16786.371521326786
2,2064,646.1042713540215,604.1206908218478,388.715934166661,1153.9647229692243
2,2065,486.8720042287436,462.36589386746493,301.9849294023495,814.1841591045704
2,2066,2235.642807501815,2191.2976695357884,1540.6386124459464,3179.0016855945664
2,2067,1051.4776508341574,985.8867188936572,525.1376349192021,1951.359250189344
2,2068,1703.752887150279,1677.4497686121774,1200.8533692105127,2358.0577282487707
2,2069,478.4312133600735,453.2258513201323,280.64023410633746,818.6495605900357
2,2070,14811.768333581962,14636.778850193445,10664.848354077001,19998.853508516342
2,2071,282.8797937942995,272.100777507528,161.28772908972712,467.02798239586906
2,2072,233.5675089911117,223.3931538213286,162.90096465628616,363.246996174395
2,2073,1130.7093865889503,1094.548251515564,731.4881289465492,1740.2539085360092
2,2074,2009.82069506428,1935.684935963955,1126.788883002142,3325.409511167228
2,2075,803.429072371223,748.9137173934125,432.2161154662262,1493.3075040867739
2,2076,8142.467373069852,8043.621497488695,5890.963079454072,10925.874750852106
2,2077,1857.7227255962025,1776.744689038268,1080.069058883428,3099.8095369971547
2,2078,396.45267045113826,352.84897520851246,218.70182572900757,838.6158279829249
2,2079,186.80867673836087,173.58941437030745,110.63856997374991,341.08851345333295
2,2080,469.28612714624876,447.55612504242976,280.32152577311285,783.8520174386808
2,2081,582.1425055805117,552.0453366058925,354.342094843763,988.9113250565312
2,2082,216.67020532675846,207.83285202111034,149.00639946714523,338.50978210121997
2,2083,446.7518095496546,414.1347123646393,275.04545584954036,815.0633726452493
2,2084,847.7644432693002,820.3181756473707,546.9127071877261,1302.038035606841
2,2085,311.6411352763082,294.01928324082127,203.21479094964806,531.0598541452786
2,2086,660.922773213341,628.546034045025,357.0214057749594,1148.824815749909
2,2087,913.0337238154459,870.1804213488426,558.5073446121422,1517.1996256976056
2,2088,2876.444504463299,2822.6224714149394,1984.0183097106913,4070.1472150969403
2,2089,561.0137039376744,536.8750337723664,308.95142825296995,953.0252360851175
2,2090,1898.1728733756202,1864.009901215175,1315.4373661645461,2676.7669509791594
2,2091,632.6897124194174,606.1554525150378,396.6740511192626,1024.093767282955
2,2092,3686.47259935138,3627.336388694245,2551.69937293513,5168.562543732445
2,2093,5012.0870068035865,4852.292005866369,2920.939626908583,8014.399716739968
2,2094,768.3596531169195,723.0372985260127,436.7956674169614,1359.4485071518393
2,2095,2373.183585698883,2293.4131976483714,1366.527031900271,3835.39058328993
2,2096,1006.0592240852499,981.0515875441922,676.0079831767425,1481.5251661856541
2,2097,1824.6649634286473,1796.3135279361443,1293.235635920492,2518.8706259832516
2,2098,174.4589823769282,168.3399283642074,124.30651097377354,253.0491389856709
2,2099,754.3437770253889,706.9510474682913,420.83869247133117,1361.528750408496
2,2100,977.2687050555603,938.7857909823524,548.8288860173742,1619.474893453817
1,2101,0.013137211185927365,0.0,0.0,0.07337334511959709
1,2102,74.2035574545953,61.783690089652005,18.14126943127117,203.70010258518417
1,2103,0.10321349470282713,0.08755542678876602,0.0,0.31727111465332897
1,2104,16.274776819608622,14.356340785259878,5.349412052565466,38.319018977236055
1,2105,0.9160223014002852,0.8641392147790965,0.4571377712123187,1.6774369227814028
1,2106,0.5394579582383245,0.48565861073882605,0.15449943072195557,1.239580937588757
1,2107,6.997391682335704,5.698955990642464,1.5978142052978055,20.069571027727243
1,2108,1.1081252438766989,1.0250499932940613,0.5198773557909127,2.185658089069675
1,2109,2.5762497127881794,2.204651462286681,0.6337498387491449,6.6854339158760245
1,2110,9.887960516440467,8.847625702785727,3.479893504661672,22.27409126925809
1,2111,0.06056262319046431,0.04731499349397558,0.0,0.21303668804880194
1,2112,10.474413837004969,8.631794224685486,2.4972372560964717,29.344660135669283
1,2113,0.23698993392930653,0.21971453397548638,0.08878491034772489,0.4823731447517126
1,2114,1.8194241316439188,1.7139082556801726,0.932740557821954,3.3165708460529295
1,2115,10.061376807904159,8.251607399424001,2.346371258484318,28.35484975248367
1,2116,1.105396778905672,1.031790113205754,0.5194011127798208,2.1139758537874327
1,2117,6.975122524347667,6.51276976156541,3.3889929275425956,13.242342989974444
1,2118,1.7353186493522388,1.638758693229291,0.8617253615908216,3.1608691630877055
1,2119,3.548025774711622,3.3195854720759685,1.7312204301159984,6.670760345585045
1,2120,1.6146241601597102,1.5096759388685936,0.7645405727806317,3.0586758561276985
1,2121,37.32984170047016,30.963558259630155,9.022745718249073,102.67928211126672
1,2122,50.327805011958525,41.746293140703514,12.212520946451006,138.48188506210087
1,2123,11.423425164042662,9.457182982040123,2.760827232917499,31.39407372199963
1,2124,7.125106889963176,6.690594449443806,3.415206868656079,13.427930597746139
1,2125,21.17651145547574,19.03912656550432,7.627393016556378,46.9606507108482
1,2126,0.7259615309398052,0.6902363971279633,0.3809683710950141,1.2768266543674582
1,2127,0.002792036072420866,0.0019304771205579329,0.0,0.01061067621555224
1,2128,71.01102583807842,64.56835212946726,26.82548664029214,152.02588548134733
1,2129,0.9121633595079068,0.859094256051971,0.44769296875184433,1.681747264529367
1,2130,3.446553252773073,3.258635573027016,1.7423460029673903,6.245607770301571
1,2131,1.5076767827428665,1.416128284722983,0.765907080737963,2.797786563995445
1,2132,27.92909382872246,23.161867074750916,6.722693720268373,76.465494803885
1,2133,1.0227398002108792,0.9072763364007748,0.38442242655077075,2.3392521205858965
1,2134,1.7448017239187523,1.6165518272896415,0.8147882719946378,3.4200127336154904
1,2135,0.582998883768233,0.501513720215401,0.23035824570926572,1.4261015396358854
1,2136,0.540564011346325,0.48809089934576183,0.25774911319960847,1.1440941870012444
1,2137,2.5020805094952965,2.106948722120679,0.9210215947162218,6.493283435247458
1,2138,3.9826109447423836,3.6298721664219356,1.8614605931030974,8.165781726458334
1,2139,2.29054785491188,2.038313344210617,0.9277831551136552,5.104277723296359
1,2140,4.937602794640727,4.607920823701031,2.355719982379173,9.412105056574928
1,2141,5.164085620356963,4.907003770356846,2.7147698263793147,9.119709878700242
1,2142,198.4619554292458,183.50345669672942,78.7689095696862,404.0970291984706
1,2143,5.381372225214079,5.061885931999337,2.660007315816002,9.926787105126579
1,2144,7.45811653118846,7.01989500224282,3.590656388194881,13.859710706305545
1,2145,0.7586198959768493,0.7019143930431644,0.35908444615409674,1.4893291028968916
1,2146,0.44103753732599,0.3807732119626458,0.19214188791163664,0.9698490862073177
1,2147,402.1582985605803,371.50196372044076,158.358993473281,823.2440868602874
1,2148,0.15173947120943718,0.14494597556028693,0.08044591273822459,0.2612832563252704
1,2149,59.03943778287423,48.064107045540666,13.056945329042797,170.30592580241202
1,2150,0.4086324207902261,0.3384662125264293,0.0974670936897305,1.128512898183487
1,2151,0.4157797625064544,0.3876487176947528,0.20606439232868798,0.7925332457701021
1,2152,33.47735665087985,30.618462569185276,12.833426629202885,70.78898896620858
1,2153,6.594689769419619,5.9978876099255425,2.9850470622350564,13.71075133464663
1,2154,1.7938709973931073,1.6815551077263184,0.8829070786587709,3.3616356800661413
1,2155,0.15817628306221385,0.15158800421605031,0.0863623757723635,0.2679330465708736
1,2156,0.2394685016799184,0.2039098051756561,0.10189942233176148,0.5875943392821201
1,2157,17.610415303837275,14.87718333921137,4.43769866281523,46.624646783992404
1,2158,2.8288078403351915,2.6449384863111063,1.381589752373156,5.335465082468897
1,2159,32.76067505950614,30.04819385377548,12.662685393053556,68.40429348178685
1,2160,0.08497145244082119,0.08104489433878787,0.044317715166116066,0.14812247477821588
1,2161,0.41267364542768475,0.39388230877133606,0.21769079046693046,0.7176541939175778
1,2162,2.829456825790149,2.379485112984133,0.8919939871176108,7.3958252480316125
1,2163,1.5341717369306496,1.2587118185056245,0.499069359347467,4.180291702204953
1,2164,0.439411485195524,0.4119971473885695,0.22343862757420735,0.816021466823911
1,2165,0.9884305489931428,0.9136227862232917,0.4588079384602105,1.957007755575496
1,2166,5.19037484217348,4.812494020005023,2.6062820143509757,9.983732452494321
1,2167,0.5360661285501859,0.4876391584970676,0.2479792156903459,1.1097291421314288
1,2168,0.7819743115597846,0.7191158554058861,0.35035507578838704,1.5883406280081993
1,2169,4.369983931057625,4.049881369527309,2.0652643555970642,8.521272190536802
1,2170,4.441855091304986,3.825005424469233,1.7028413843801984,10.75339467811319
1,2171,0.8736826449402009,0.7852911507368221,0.3963144638686346,1.8763957631978943
1,2172,0.2677845638588471,0.24103937779156287,0.12727661169565055,0.5655258492034647
1,2173,3.0835803011154885,2.944221545591752,1.6492729127772638,5.325344480369244
1,2174,13.591238730152337,12.316111717324308,5.042419015225089,29.571101854432865
1,2175,35.2472607791609,32.342682008025136,13.75787767831801,72.86843902802174
1,2176,1.3526476407670764,1.2285740025710101,0.6808762412201037,2.717261022547051
1,2177,35.56856934830901,32.4558869985739,13.542300321497024,75.49855299699573
1,2178,1.629710275961465,1.5341935878925577,0.8335877040119238,2.979799130688509
1,2179,0.5651382538364493,0.5127118410685122,0.24853869113602312,1.1911762155908527
1,2180,0.5158929007041108,0.482599534259295,0.2709643268965761,0.9213175981470966
1,2181,2.7981064149616506,2.526486930838196,1.2892459133160998,5.9397893029735975
1,2182,2.376770137614889,2.2223917343945105,1.1217565630124176,4.524745984435324
1,2183,0.9285207550677651,0.8567217656858535,0.43571938663495513,1.840848208259915
1,2184,5.239322860327581,4.930598390311031,2.591593672854036,9.662012596062096
1,2185,0.5308849567866586,0.48913919562416164,0.24209421718870533,1.0629771016984582
1,2186,0.4058401168651294,0.3598859451006887,0.15205334337471837,0.9309492785439051
1,2187,0.35787784626657465,0.3368517915827415,0.18171752159409535,0.6547267925000227
1,2188,2896.8082947269045,2813.2470410905016,1547.4775422381501,4738.60875665905
1,2189,18.22725217807714,16.59293519159646,6.861729593830184,38.991447107117786
1,2190,14.253599759870143,13.019821979730793,5.456822340024555,30.27613303032505
1,2191,1.9581853068230552,1.8549975094220845,1.0028545132073188,3.5069814758790714
1,2192,5.9474832665827355,5.3595044534752,2.1530755416928913,13.078537778863453
1,2193,6.969322820052744,6.531319643956094,3.398764252323372,13.104747672014282
1,2194,2.06175955166368,1.9637568735312771,1.0861766879542907,3.6225890419326974
1,2195,3.5699552902996405,3.353026267288945,1.735055141099588,6.653797580483534
1,2196,4.957990730222752,4.6667338641563045,2.471604505945302,9.136630437495569
1,2197,0.4082231558282738,0.37816412234628005,0.18980365392017892,0.8009672339783297
1,2198,0.3027703509023498,0.2706239249221264,0.13392379649080005,0.6642056553522661
1,2199,49.44801383566056,45.272968660596966,19.085331735727465,103.81560900457904
1,2200,1.202050637880504,1.1361366478137427,0.6101895280401893,2.177141297511831
2,2101,266.54356436158156,251.5650412625155,152.13562703708712,468.3056232126099
2,2102,5841.967693031883,5666.261082344125,3441.3011677209424,9288.435018070031
2,2103,178.55186561744725,167.31960541613716,107.74286171159163,316.39667845001793
2,2104,692.253688941013,660.1329799362575,398.56814572555913,1168.429270140629
2,2105,1291.7126966703217,1256.0134881879324,849.2620341351527,1935.8749580387212
2,2106,412.1207530072638,390.8262021759126,231.82751268299992,716.4773692340646
2,2107,416.5622505168412,392.57251939653344,217.5423855116997,756.0307375873973
2,2108,258.1182892420094,244.50289987341853,156.4268217984306,438.49201054463697
2,2109,492.06784880193146,470.9585957918457,300.8818109895572,804.4774354286366
2,2110,650.0015181188459,632.1068958445549,436.4234220343745,964.5643365423299
2,2111,394.98227451552316,367.3685428237866,226.23557284722858,730.0775081941122
2,2112,1761.186407936092,1696.3741656333236,995.5758754894393,2899.837463621472
2,2113,449.60899045750404,436.1425419725539,303.80789862962104,673.1111888464438
2,2114,355.75221154638405,343.86083238228593,238.55061282423532,544.7692597734324
2,2115,1414.2965581751573,1353.611164967946,778.3297741276497,2394.9386484741285
2,2116,1279.772754472239,1231.6328726034317,806.578926327494,2025.119781025031
2,2117,852.0896934019108,815.1707333780694,529.5462423596074,1384.9501858052877
2,2118,1247.8474899859816,1215.4359115548764,822.5971027923849,1859.2968172108244
2,2119,825.4027057178545,791.7646648862905,518.51329894318,1324.698710085034
2,2120,1112.8735426756864,1071.9667635746493,676.2102731965929,1784.1147293942258
2,2121,4109.253729374578,3974.243466972619,2388.0111182171745,6608.575710635672
2,2122,6422.99091196775,6223.003916090816,3771.5188757407773,10224.58136650621
2,2123,1740.167257153863,1685.5204465894274,1014.3895644666067,2785.5335842304794
2,2124,1915.4149318739417,1848.5009255761872,1184.6912620467128,3009.547330040373
2,2125,636.9581422880814,616.5350594843206,416.0199256721556,976.4391680172998
2,2126,251.8052281604268,246.59575186223765,178.67868272347266,354.6877805877376
2,2127,95.64899284063232,94.59761301738706,70.4047327397789,126.90880005954557
2,2128,2243.6652496483043,2209.0800214795727,1586.7926761333927,3098.5267138369622
2,2129,934.5678423877229,909.9043035559043,617.6785512702278,1393.4742906140038
2,2130,1850.238358962483,1804.503826066628,1224.26783229349,2748.9265057547623
2,2131,385.3443332048356,370.2294376034555,256.8149815532134,606.1240859469082
2,2132,1378.4436318311402,1327.896619725643,778.199426411153,2271.2614619389906
2,2133,498.7634864876266,457.134125353798,249.69129154533243,991.4078956700967
2,2134,331.6171955476403,315.04709402436913,194.66541020026733,564.4734995094475
2,2135,112.06497661377516,97.96763518943368,57.71927258093242,249.90283415963486
2,2136,161.34675950570232,147.3128345527453,100.98415575377125,310.8690141970391
2,2137,92.259003083446,78.79404537155432,41.514614841297494,222.5329853114476
2,2138,310.02270642847037,287.6357113437641,185.47222439487848,567.5003909327451
2,2139,189.24215297121256,172.22135749299358,94.56895460928526,383.7932411230248
2,2140,778.0440192965,745.9174176174624,468.28643729764343,1271.5756708816734
2,2141,311.7562648739474,303.96866087917,215.06699366247614,454.76378385929115
2,2142,1578.290350615364,1548.8911443267734,1070.0759052876645,2254.93295546245
2,2143,795.1720984099081,769.9134666275287,501.4615558589396,1234.7897999109007
2,2144,1119.3216682907728,1083.8364655537052,684.7383635663892,1754.3276403977682
2,2145,179.3155900969985,169.82303934177236,109.37619215385239,304.6220031124888
2,2146,19.807538394676765,17.52048253041115,12.130194684028863,40.05893273802832
2,2147,3481.2306609225643,3418.3513952766016,2372.211405750495,4949.043158044702
2,2148,37.86218923057274,37.44915210667511,27.993346717735673,49.97382364012314
2,2149,1230.3701559926844,1148.32016109992,566.6498653831003,2372.5054130097546
2,2150,28.12752282257789,27.288667181200516,16.67737312815516,44.41183758790802
2,2151,147.7181228821202,140.58974771552448,97.06996606944695,241.86181033215718
2,2152,621.2233544199834,611.7428428589984,439.8641326243707,857.3906003043984
2,2153,376.49513041058174,348.4124898652781,215.20064887930295,702.7589181385472
2,2154,555.4356653513969,533.3006615941165,354.008143534042,885.9046399685465
2,2155,30.68355305357978,30.363649446934396,22.65885531656373,40.539990434217245
2,2156,37.30127690991478,32.074196534846095,21.98622318223076,86.1754363756621
2,2157,348.291099603436,336.7128665834065,202.2746562538255,559.7271680322411
2,2158,341.4027053996591,327.03995963619036,213.28772368297572,553.8210100348664
2,2159,458.2751522505036,450.4496837274383,322.4342835560945,637.898347022583
2,2160,30.69081306589893,30.357637172543384,22.56104781902104,40.7940445154604
2,2161,47.62562751244699,47.081274844428805,34.59577988684045,63.80650510292749
2,2162,93.05267087031538,80.38054288678605,34.55249325326359,226.45294780220112
2,2163,76.0777890390502,63.726325585338955,30.43015880589161,194.9409566924103
2,2164,107.73422072013224,103.3600312906982,72.79063172140243,169.5359975985723
2,2165,219.65566137270122,208.16862105496085,132.6291617979552,372.53340541603575
2,2166,231.0651352503947,217.8433712517895,151.55648302269802,391.93701875815907
2,2167,64.52264345817963,59.66533558595515,38.08245964344642,120.17666595167651
2,2168,188.03545513782203,177.17626501559386,106.91622660537513,332.4074362233871
2,2169,615.7462414227899,582.9774445685318,369.27366855571523,1053.9287601291182
2,2170,270.41679710425035,237.13636247704295,127.43859746185161,610.5913518188611
2,2171,99.30675850689447,90.85951182101945,57.86444267897673,191.66513312860926
2,2172,89.42236116601258,81.78215848809529,57.8238881242072,171.37309640306603
2,2173,480.42445371028134,471.8575537021477,340.9582859465357,668.9310122298078
2,2174,356.2249911321719,348.4204630398682,241.61037277318934,515.2256038922283
2,2175,395.3675215112765,388.21781794200194,275.23468992997965,556.8140352486724
2,2176,87.20385044240385,80.5610838127343,57.911489545574135,159.04921393493782
2,2177,345.4673433889543,333.7138542488145,228.21357536477333,532.5268272328382
2,2178,312.29812010322644,301.46868203079777,208.8367839141198,479.1103626567005
2,2179,249.66609327580153,231.7280282420764,147.94487728932472,458.1408073451302
2,2180,56.6212619027184,54.395318843886756,40.12399847463845,81.57136338232276
2,2181,189.80931475390642,173.81281371204045,111.30937399300076,363.6331342674465
2,2182,857.5114901991087,826.0811568678084,516.6900647023062,1379.7446465358823
2,2183,176.85507854369078,166.8873128425757,107.74712916441766,303.66676929854606
2,2184,905.810902126423,873.260225621968,575.8119743999077,1419.9680633996165
2,2185,153.09930219602964,145.06097501544554,92.05313741787926,261.763220891868
2,2186,179.41041490443104,164.36501256048837,93.1369443321959,353.0871033293625
2,2187,127.1414705235022,122.69855349998286,85.37562034773586,195.28158697126472
2,2188,6528.247370106275,6432.391562582556,4364.304010280568,9230.842658510794
2,2189,337.49359773861187,329.9205038837239,230.82782292615744,487.259613663097
2,2190,332.39267164991395,328.0524893538949,240.9572175927685,448.28849701321354
2,2191,433.4533916367667,422.8580198663117,287.8373920990489,640.3809459663403
2,2192,157.23151083345635,152.9206254764925,105.3144202743715,233.86645205256164
2,2193,1407.4177708676093,1354.869660234775,879.2902499310209,2239.6992904205704
2,2194,468.18608762573547,457.9574057490854,324.6455095990925,671.0738645468181
2,2195,706.234464770762,682.9430674538039,435.6214622011595,1111.7491067365384
2,2196,1026.3156808083618,992.5912849023499,657.6720645374024,1590.7138633414268
2,2197,137.7349046981551,130.91354203212842,85.44092787885218,230.6736872406686
2,2198,42.45883836352643,38.55621265987945,24.346807717185786,83.86073791150078
2,2199,823.621699112938,811.6992455199206,586.6576199643603,1129.257522923148
2,2200,295.6005457339282,286.9497014558902,194.94302970331506,446.27725799302465
1,2201,3.999305686859193,3.302530774621725,0.9530882376276701,11.10535361189782
1,2202,3.898154876794739,3.6567870184415585,1.9222929320693656,7.292817513147007
1,2203,12.809298845540612,12.252549427215778,6.946640303274902,21.94688813251671
1,2204,2.087403984872327,1.8142235766673067,0.926008893087874,4.950819847746588
1,2205,1823.326489405059,1762.1951429745982,943.1954882149137,3062.4427671490093
1,2206,57.57053185947043,52.9624143207656,22.694469328032866,118.37629716514341
1,2207,4.832029092207316,4.535128067873453,2.364001341128307,9.008844471803412
1,2208,1.3945105024518654,1.269472917893319,0.6214758230387635,2.8931650693772317
1,2209,0.4304442080642924,0.4078076496243588,0.22254093363832153,0.7687523247437708
1,2210,4.2731261344916005,3.8048938808286135,1.7924830875936282,9.51841321875483
1,2211,1.731819778910438,1.5617243008174042,0.7108131193856657,3.7489025181806492
1,2212,28.29951747177913,23.538259208137504,6.857412424731522,77.62483202111815
1,2213,629.9799902643479,581.3435060533818,248.3170531846948,1281.8242040289501
1,2214,7.075864494396437,6.584646967649668,3.28016978795582,13.665713408975568
1,2215,37.192549665988615,33.77746703621019,13.926786651846369,80.2125050324879
1,2216,5.470858842218954,5.133369899371756,2.6736840551271532,10.23234800598072
1,2217,8.306116974838085,6.516838160645618,1.7019516510623265,25.403836182146595
1,2218,7.779251421812343,6.872378760588721,2.807579631645345,17.99623598224867
1,2219,50.80443435070424,42.49262113920331,12.450080883654499,138.29399701745373
1,2220,10.21188771794399,9.597984327451334,4.975000168141658,18.988380816827096
1,2221,0.22101169494204811,0.15615649191700542,0.052213315005993736,0.7918287569630468
1,2222,0.21407261614766648,0.20364052189113688,0.10853861324808918,0.37790744178268504
1,2223,0.5485872707061604,0.44947373855508466,0.1733936940768425,1.5186992268409993
1,2224,17.780668600730593,16.388405027967913,7.7983883417964215,35.86099825510986
1,2225,99.45525724798308,83.89945692261443,25.077438006315376,264.05744093760376
1,2226,13.035410397034598,10.975670582153924,3.25773586462992,35.03978904865662
1,2227,17.978196248341323,14.973385522577233,4.360392658524271,48.81723235333731
1,2228,17.29687841916779,16.20349724507588,8.186820134703668,32.754204293071126
1,2229,4.049367703758123,3.5732564813079084,1.4028879404077377,9.487261171960824
1,2230,152.92472862674057,128.33133298875845,38.042469281633664,412.6553158314716
1,2231,11.077191621624968,10.391053592556851,5.20340436153707,20.971132845642906
1,2232,36.61796803451782,30.678533123837397,9.013600225121921,98.81563009006744
1,2233,12.122053644481513,11.333813180848157,6.084028685130363,22.702509033028512
1,2234,288.5158347088366,249.46612655795838,77.58731337859992,723.3134229708821
1,2235,12.149503795336376,10.792676349353837,4.829340999713359,27.45565047909569
1,2236,3494.6790791525214,3365.4396810608323,1776.2356497561236,5973.928730409591
1,2237,48.25140280426748,40.56871166047223,12.024788839089371,129.9898768789969
1,2238,0.09311706536279454,0.0702800477280405,0.01578983326028926,0.30300244177399144
1,2239,9.27329961891619,8.549344670551616,3.940344999781259,18.709368069725294
1,2240,46.44259659969727,43.09605892982963,21.468281362201,91.01106326808572
1,2241,1.6686461996285915,1.5192625010554286,0.7273951160506058,3.4755938106749547
1,2242,0.171224704527545,0.16165477802969397,0.07510777608259658,0.3224419990791899
1,2243,10.209033006893907,9.370512182292137,4.517646187096601,20.833077928568922
1,2244,1927.4652018137958,1810.420767106714,814.0595853050909,3701.3172373787597
1,2245,0.0307894875459755,0.02817272395254371,0.0,0.07726935845901346
1,2246,270.5477479888995,251.82710677666256,110.05695160691685,536.1020448115745
1,2247,21.849547189422164,18.146689253929686,5.312730391285518,59.73804560128349
1,2248,762.7587196398177,719.6846077998982,351.2599190934696,1425.2454641663755
1,2249,7.7207216763564155,6.950015413409526,2.7681448688755883,17.235788986143092
1,2250,47.38759267902602,42.98198285130792,17.647312996083315,102.37725572119763
1,2251,0.501368044963108,0.47750559579256474,0.26333081708644834,0.8773556263334036
1,2252,382.0754535038432,327.4935303587861,99.89676639889109,975.6043545650457
1,2253,5.251748117067138,4.33260527796131,1.2573507183709496,14.634367097110106
1,2254,0.9609888592302132,0.9144310190484491,0.5002011114324189,1.6939317065566062
1,2255,584.5327861126306,536.572381334536,227.49114861424016,1214.260422687554
1,2256,51.06991137176517,46.23104762575097,18.95628530381902,111.24815071012377
1,2257,8.543733065425906,7.06941584845693,2.055471305879414,23.63086922987265
1,2258,0.04036059410822796,0.037688475151964336,0.0111043094235559,0.08473325508395468
1,2259,14.819289114478906,12.155790986970576,3.453274794764393,41.80359060045023
1,2260,18.913511646854644,15.672532295857517,4.570857839749588,51.99056129526009
1,2261,527.9544588189037,486.6710756549489,208.54215625768,1082.9535037956787
1,2262,0.32745559479450986,0.3075768692708496,0.154781973592976,0.6138854232436901
1,2263,3.4923374705074197,3.326608418524179,1.840662204356771,6.091664501836632
1,2264,0.9833441854540159,0.921165473257677,0.470341552997786,1.8603666183547132
1,2265,2.488211882696628,2.368172889032272,1.3115112762181116,4.3611899133819145
1,2266,1.184886793024733,1.115373085821683,0.5906692917587754,2.1825168011659044
1,2267,45.95855428253418,38.22747065052256,11.184424516893609,125.78915824365447
1,2268,129.46425438068044,108.53023331478224,31.92634643651241,348.40696380775825
1,2269,328.2319271352656,300.2896839792226,126.33511383736771,689.5983286897431
1,2270,0.9281686076034649,0.8604956687710306,0.40959883461009405,1.8367121148085437
1,2271,39.318334375900136,32.74937212633796,9.55523502610251,107.61248576136822
1,2272,27.37732054138989,24.71850097380735,9.973441707442314,60.121354700270494
1,2273,0.39484094806107145,0.37828499024317175,0.2137077109182631,0.6719283059041758
1,2274,38.148428662810986,31.654221324627628,9.144506437259741,104.98177552993465
1,2275,0.24315178744326554,0.22771581968317467,0.11233958341813707,0.4652097898315125
1,2276,1.0697328931223842,0.9650024191482063,0.4596341721460535,2.2882768317312117
1,2277,1.0765983716526102,1.0216478659316226,0.5487674974617678,1.928433463918223
1,2278,1.2548828503013734,1.1925407258885259,0.6538667913958718,2.209848869218422
1,2279,0.30180623578775867,0.2839980437883636,0.13949909177719624,0.5665307834274043
1,2280,1.0438420384977127,0.979379499697735,0.5093391574327445,1.9585784878813053
1,2281,76.65222306708824,63.91200361409761,18.62544570742031,209.16430332019323
1,2282,208.58404940055647,175.18762580539726,52.122360168157606,558.8230242464132
1,2283,18.245506197562417,16.53792610653456,6.784437522217234,39.4800672426326
1,2284,62.375416778696504,52.43346511503121,15.477216016828104,167.08652036987533
1,2285,342.19756473226676,295.46898856896473,90.87676143557584,866.3314663767135
1,2286,171.67642980312263,145.4258853394133,43.68139842538552,452.1454778207494
1,2287,9.144435110774259,7.510478145852143,2.1398796984249495,25.71724813943525
1,2288,1.2794140427938,1.196020692487367,0.6140837001238916,2.4333326097604733
1,2289,2.1347876624966657,2.032592752293077,1.1182638495712616,3.7440325736647293
1,2290,0.852804569471491,0.7968781619411074,0.39883730029707865,1.6374449236365969
1,2291,40.597177459874324,38.66349191584948,21.4012483477199,70.78758698079206
1,2292,698.4662186955951,641.5026510071995,271.929951217912,1453.653140561283
1,2293,0.5760432913244202,0.5285714428115456,0.25349826531748765,1.1773201201799433
1,2294,163.67577780133163,138.23494235519803,41.40596461749702,431.9526580152894
1,2295,5.615684799326539,5.31573023859489,2.8703986731752535,10.096713334190119
1,2296,2.98569356889083,2.471407520550496,0.7143564190629128,8.283443904449047
1,2297,5120.442255616731,4942.417126447173,2649.630526691963,8625.380677720266
1,2298,9.735540297880762,9.234511456230894,4.960310918631544,17.49608461564201
1,2299,0.30062489503246187,0.28182237080823236,0.14111401769097218,0.5746900211586095
1,2300,12.265784383103044,11.659502043294072,6.379318067982998,21.617884329721893
2,2201,255.7289658941134,245.23557129738828,143.32357825050096,428.69663466968416
2,2202,589.0446353886459,566.9542875853014,372.3073628205807,936.8786702711742
2,2203,176.52521294733816,172.56305558002828,123.82402729605607,252.20700959350333
2,2204,75.70264380771341,66.08464677283595,43.00329438415338,168.42251854571404
2,2205,5547.467773260957,5474.534133966727,3834.869150899284,7697.70059294284
2,2206,648.5067015144307,638.3220854075238,457.41329771774707,896.7080321987403
2,2207,921.2425834791295,890.3624284083088,570.1378849036954,1452.6112996155825
2,2208,171.62169153829348,159.5771468036467,95.84574392510953,316.18841910094835
2,2209,84.23099253130965,82.13799600468315,58.627313240985536,121.8356176356108
2,2210,335.07574380931715,303.7007003302057,177.4768658320554,676.8807027903191
2,2211,381.7916809816659,353.5254826354786,198.0540980479342,730.9047058047194
2,2212,991.7419960575329,954.7539453167429,559.6863720398771,1637.9722326096617
2,2213,5860.337615881481,5764.995301743456,4059.6875608835417,8208.271233315767
2,2214,904.384802118302,865.7021951533409,525.2273171846211,1502.2375787480664
2,2215,497.19057114677014,481.7574373623007,330.3433539820172,755.6747069508211
2,2216,1035.8053781640585,999.1521608113387,649.2098846474249,1635.430252743945
2,2217,388.3014691480259,352.16050672192307,172.59706516550835,811.7735936703681
2,2218,1107.291892323291,1009.7902950825674,481.60764621537277,2299.5022321937086
2,2219,1806.1649159965932,1742.0325735043202,1033.8426402060602,2945.0865292437647
2,2220,2004.723448792972,1936.1543698766086,1242.1656912581557,3160.844647503411
2,2221,35.97037020302341,25.55655393055994,14.003159761999788,122.26481117106053
2,2222,57.77529938042832,57.118901878152094,42.46879238731753,76.7278552528421
2,2223,157.16484142493076,132.03547362704688,66.67452932416218,395.47838227503496
2,2224,596.8953322524444,564.8313824926576,321.0421711484202,1064.2765965092688
2,2225,1980.0403143728497,1914.6289347961285,1142.1111765340356,3201.639160077327
2,2226,187.36307656692165,178.92984493055891,103.07919505070727,323.20663727032615
2,2227,650.9279803151023,627.0258154879579,371.83989312749515,1068.2731521034052
2,2228,1520.7139437497187,1465.4999410563546,900.750694769553,2462.566424949448
2,2229,500.9825878585429,457.35138190190673,210.00229028605273,1046.4628389133084
2,2230,4524.776082989612,4376.892629319662,2623.9114577595687,7278.780745985946
2,2231,1323.6328761625437,1279.9186520682706,773.3749556648193,2126.3588925712734
2,2232,1039.0150968075257,1003.5942994266657,600.241821231041,1685.255891535901
2,2233,365.96720913478293,348.5098359026184,236.11298459229414,599.1200120725608
2,2234,2502.6206028692886,2423.762396623398,1438.9312576213365,4013.099737068256
2,2235,243.42898642051026,220.29688837108523,116.79936628424389,505.6227849381147
2,2236,12744.430047077793,12570.083401280364,8874.028260653477,17583.18140227995
2,2237,898.3770778591377,863.5914414326546,499.71782191946164,1503.4389842546987
2,2238,22.424030721810098,17.12419244380105,11.499255543373925,67.96391064563619
2,2239,1080.121308406806,1027.0904719005205,563.6910759414949,1901.2901542139784
2,2240,1584.1540852469102,1507.098558728369,904.37565490734,2714.2056109882246
2,2241,473.7001483094188,443.1830122957315,260.7877139032374,864.7682340696448
2,2242,55.09508079749335,54.485295132271254,40.62195210235606,72.9077396403593
2,2243,537.7923053133318,505.449492581724,293.5260426735972,968.0417463451057
2,2244,8969.733256098856,8833.069332656189,6075.452060244711,12640.970187976765
2,2245,10.984843996378435,10.846576907983449,7.762484333210417,14.999634603838093
2,2246,1310.9272735883287,1279.2499957797577,846.0385650823641,1959.8677355823238
2,2247,866.5483858321461,833.8678246681658,492.1902633585994,1425.6035103079396
2,2248,14452.835824297475,14285.832139853508,10539.924527813835,19328.195847428557
2,2249,745.275601157278,730.6654049766198,514.7889805479592,1055.9684596249404
2,2250,1924.5868962284476,1892.9572969080082,1349.574155744543,2682.9649340969772
2,2251,554.8790528753387,544.7635368126643,389.0308038361724,779.1886961624489
2,2252,4228.534558219808,4093.625585591747,2443.6748039169197,6788.729977558347
2,2253,1097.4879586716606,1060.1352722132735,633.2557136368154,1778.5412627619835
2,2254,831.7085855028531,816.5327858416795,578.753424735916,1170.455018426868
2,2255,8720.978968821155,8604.102271085896,6215.956786004671,11895.89434055087
2,2256,2550.694224924782,2508.939200166809,1778.1268011985119,3562.8809960827925
2,2257,1320.2433953929713,1274.7927557312676,758.6974506377034,2140.855088974314
2,2258,36.11058976032711,35.7058657377984,26.556917307430563,47.9225920344323
2,2259,716.8011022135984,679.0324067126596,380.692274848094,1265.8412023775907
2,2260,1656.7532366138605,1602.8725768842396,963.8733852606938,2666.6526193967775
2,2261,5853.419927671873,5771.507266438677,4162.010243197314,8013.06147592617
2,2262,433.94166882740456,423.09457754777213,295.6133679299553,635.2579492679184
2,2263,1068.8452391521796,1050.0938689790323,748.3747886440755,1501.2960619583907
2,2264,665.9710082724037,643.677617183012,418.6222790249247,1044.4701418881598
2,2265,852.7222887634264,836.5817975995019,591.9588771053392,1208.8519253792344
2,2266,1208.810394367107,1168.3655923287408,779.9467167365449,1869.4615264969602
2,2267,2965.1246078181343,2867.2951563187034,1716.5330573351005,4782.145053018456
2,2268,3502.2101810651434,3381.8538319971894,2008.8417932333557,5682.282441788082
2,2269,6494.278673345363,6409.2757540249295,4652.602263621287,8823.598205151437
2,2270,890.9417639458551,854.1395464777333,520.5149304409964,1471.1158105413874
2,2271,2735.023753663253,2647.1703580251015,1596.1429910635848,4368.0944456680445
2,2272,1718.7575150830833,1684.3610206609296,1171.8837704459668,2465.7415224819456
2,2273,80.60231986316101,79.72862971143388,59.401149863739874,106.60087510010518
2,2274,1560.585410004657,1498.2256765818902,869.8981703976104,2614.5329600988234
2,2275,227.80826531198974,220.61822602790872,147.23025446088013,349.4325908851638
2,2276,668.424114488215,617.4493971639495,363.99683752247705,1273.7676271933678
2,2277,673.19914282142,658.6356085446007,460.2945884219195,969.1903973905547
2,2278,1077.941415223678,1054.8057176013285,740.3390034725577,1546.2760064228146
2,2279,522.0109126282679,510.4863998723157,360.87140800892905,749.5009953707956
2,2280,363.549753843455,349.63715501263226,229.00397888381363,577.3729115669427
2,2281,2557.966669536198,2463.9217843591014,1445.7932166971918,4205.187846054483
2,2282,5686.104365461001,5506.956960063058,3318.9407661621244,9063.913564492994
2,2283,877.7601157165292,862.5015408785434,616.3845534863682,1225.2575121918878
2,2284,1237.3087686912756,1190.9708489039588,699.0883275841259,2044.1472112310494
2,2285,3262.58624697056,3157.481543465792,1872.2633677937815,5257.899828830801
2,2286,3101.6721928156694,3002.978105898169,1809.9293633978048,4975.949459362666
2,2287,1396.2720747624478,1338.3064831518384,769.3187895592184,2356.313849970469
2,2288,667.3378312607298,643.0809331144443,421.26048400954863,1055.0912816193736
2,2289,1693.7537617935498,1663.0089457442955,1172.5907541758525,2391.348879414633
2,2290,791.6330105517198,762.2034806922902,492.27322789157984,1257.0957381651185
2,2291,2696.6940071265763,2646.5623966299545,1854.4686021662358,3829.574962205537
2,2292,10100.07506819466,9959.295338957196,7209.330751705521,13769.282534462714
2,2293,270.0948427620694,254.62654455978316,160.03246007911196,468.14497948068487
2,2294,3253.377358111162,3149.5196800479393,1892.8034093542062,5219.7809448134485
2,2295,1453.2053134205273,1417.3634006884624,967.6953292250762,2150.5132917623337
2,2296,425.1854049183528,411.09280723527525,244.51256471358366,689.2545470124102
2,2297,15806.437163688608,15600.438365486327,10915.414153193473,21936.818899595117
2,2298,1016.9335500453162,990.0117543808378,670.4388522112095,1517.9030267211776
2,2299,252.85706251329134,244.90642488287006,163.35146538647783,389.4846475036015
2,2300,2238.3460080168866,2190.464338514469,1527.3891214416476,3230.054664287176
1,2301,1.0525498233071644,0.990847473579197,0.5264421676308658,1.9396344574616462
1,2302,1.453438194782387,1.3799053062142521,0.7518445231713965,2.5853487652202825
1,2303,0.37473403083095197,0.3493509583693972,0.17320006772559418,0.7232768132523278
1,2304,0.7397883032547596,0.7061724549523618,0.39571416867466747,1.2772771695720009
1,2305,0.7249122199399701,0.6795899540785622,0.3573862505931119,1.353135262311484
1,2306,4.5121698099837335,4.187527773392087,2.126476545224262,8.76502958079703
1,2307,0.8021658746262387,0.7522549238167358,0.3897566101537071,1.5070540054236254
1,2308,0.5509356501925291,0.5208519450122295,0.27552905400813305,1.0016832983849864
1,2309,53.04057807950507,48.14052464524167,19.859523585079103,114.41476233756319
1,2310,2.829942309159707,2.6836221532107327,1.4663706879156624,5.043458239637478
1,2311,63.14324632282716,57.32592339791064,23.675133171197242,135.94068292347902
1,2312,1.8385381499890552,1.5147341750172039,0.43787590824583084,5.127475162650885
1,2313,139.97719016180199,117.346734244781,34.65586567203002,377.6134247383022
1,2314,27.357537689285312,24.630381491645643,9.80553894877719,60.649904287056216
1,2315,163.8446870436595,149.62444302454452,61.46663675253944,347.6273196395839
1,2316,71.72580889828221,65.12620357074091,26.536034771206204,155.22803044657098
1,2317,3102.6902566007543,3023.4792786338858,1719.6443314736941,4936.448026354365
1,2318,72.10385135712515,65.17029143988502,26.168817092183165,158.48724309713953
1,2319,0.5926422235196712,0.5227196264708945,0.2597150422637981,1.3549089013986682
1,2320,31.51410731859415,26.262613269128032,7.658720834298846,86.10296590759351
1,2321,2.5997951102208434,1.960223275569211,0.5093048269773102,8.624751044941277
1,2322,30.290118999596384,25.17022539170702,7.326990987331669,83.60569360912464
1,2323,0.23257491293184562,0.19500119269408459,0.01689890587781325,0.6691444608736973
1,2324,0.3513458831614862,0.3278453775555954,0.18057401877106977,0.6331056539250308
1,2325,80.12742810025753,67.29230527907382,19.88238807081577,215.13806188978958
1,2326,67.36833515870858,56.26178005200002,16.49869115631347,183.1904295502498
1,2327,0.7508586506914691,0.62196623507787,0.18042778055446054,2.0807005423884513
1,2328,106.79234876226695,89.28901901668084,26.308225923424775,289.38232309059913
1,2329,3.9595223109476634,3.6568451207376853,1.7933287000746978,7.8965165156372175
1,2330,9.418661638844974,8.259994850169573,2.8325863990097684,22.659247886687
1,2331,4.455200545323362,4.078114947212079,1.9506220298150352,9.14101337753821
1,2332,0.9458775794399166,0.8680284301820813,0.4355403462710251,1.9176041700565751
1,2333,1.55339606491226,1.4132441479109232,0.6630233482789102,3.263384405656896
1,2334,4.553954797780709,3.7333347690266034,1.066907879017038,12.773195838477298
1,2335,1.2047130850931185,1.0709101062216508,0.48666667090197174,2.702525688038981
1,2336,37.11184015914093,30.764300762108,8.901185547809707,102.4889908483521
1,2337,6.291407415718647,5.098897961425419,1.4294051862866377,18.115241897698684
1,2338,2.5451765455610866,2.0185666761631182,0.5433096709479545,7.622169064492841
1,2339,11.97730104673134,9.906834820420844,2.8774778252359092,33.26305672133691
1,2340,3.6223646885329326,3.3935574274335645,1.7507694193107968,6.804921833090258
1,2341,189.9193425041718,159.73936481800072,47.50558285727745,508.89399963457544
1,2342,6.681727165123906,6.144437435842146,2.956239623161314,13.515605803128482
1,2343,0.6348782714431978,0.5956283911549634,0.3336568412153021,1.1357651499633268
1,2344,75.239885994066,62.90910541775641,18.58214826797708,203.91347306595324
1,2345,19.919962442751935,16.36392056730032,4.671034996107166,55.66383097040458
1,2346,13.00914103257684,10.725809593982158,3.0442171584117577,36.1064564141631
1,2347,114.67772607964388,102.31626945673679,38.93106317340592,261.13164563975283
1,2348,11.346420955364144,9.39964521944648,2.7427712300252245,31.272220403494238
1,2349,0.4325042296008844,0.3871707442265602,0.15276775498816197,0.9794064161218412
1,2350,71.36558121628077,59.6454778484694,17.607884860035245,193.63792442222098
1,2351,0.025641605576018456,0.02346432915627502,0.0,0.06542139828761592
1,2352,0.49328788710384813,0.4399687757848066,0.01825586211682401,1.256169443050928
1,2353,1.7924575676949583,1.5763250202417316,0.6960336320197147,4.15636922448011
1,2354,8.109377131379055,7.357799398276047,3.2770126128800303,17.24124058574605
1,2355,4.060846084625527,3.829525718478609,2.045415292752975,7.446094589607585
1,2356,2.1767584169514014,2.0441898096552267,1.0841342605263533,4.033001224550296
1,2357,26.283868356831434,21.675912528009285,6.19448258415841,73.3557955346147
1,2358,95.12814236069312,79.44436021625381,23.316480233053802,258.68209685258205
1,2359,11.337223657530279,9.369469287122788,2.6814591238917775,31.54710217427993
1,2360,87.82853458826324,73.54127447239713,21.69353808926033,237.05574338121932
1,2361,12.911439284719082,10.66497258758844,3.0862689954099793,35.79418806712097
1,2362,1.1132559355540967,0.8926044140462117,0.23829834674390676,3.2679900458105986
1,2363,0.7267491598367379,0.6614937195787491,0.34986401438886827,1.4894584068711831
1,2364,218.28478772759314,199.1831401747756,81.99813694154624,464.24277253850175
1,2365,0.0969952860825843,0.09077729636970253,0.03425529934963151,0.19326687706747622
1,2366,1.7631370095069898,1.6307917153453444,0.8747612688188352,3.4127014786907846
1,2367,0.01673290580863961,0.014378901550112526,0.0,0.05115821733268061
1,2368,0.1690324035065837,0.1599807863037527,0.07967009414281309,0.3095462221118244
1,2369,1.0050571534416073,0.9299317449223059,0.47307364997599494,1.966633213618051
1,2370,1.1813822037391046,1.0903632365990183,0.5559769537755305,2.3362369688441342
1,2371,0.07680962692281058,0.06547925871035379,0.0,0.22535825400918533
1,2372,0.048057569852595995,0.035416300414979375,0.0,0.17679260722916124
1,2373,0.22046961760924128,0.21007195083181496,0.11309694065569874,0.3886683769145444
1,2374,0.05253079001359519,0.0491123674333274,0.01902561997537475,0.10552181980420189
1,2375,0.11875761909300273,0.11322345458157013,0.06209912396253665,0.2064046393443546
1,2376,0.07568293541479154,0.06744836398332812,0.02464782629128439,0.16900781891377104
1,2377,0.6476952011148387,0.5584141429334608,0.21187580216310511,1.6119483624395485
1,2378,0.6204873857738534,0.5803299733303555,0.30603380225874743,1.1685983255856722
1,2379,0.0018721552565080057,0.0016337425193112191,0.0,0.005609111256203609
1,2380,0.4802694677504228,0.3911144130732484,0.1049197342393787,1.377361357479562
1,2381,1.18668822466408,0.9842185986980603,0.3325360855454855,3.2649469669945814
1,2382,0.08645946210415868,0.08152548647812752,0.0354398067371517,0.16617991852845454
1,2383,0.06826260874058504,0.06512327779686139,0.036130299912515075,0.1184542022994548
1,2384,0.054289150583030715,0.044152609937267516,0.0,0.17728215700161926
1,2385,0.03647090748098066,0.03448150982714121,0.016507174797429056,0.06794275375903247
1,2386,0.0331843167926836,0.02668722228590025,0.0,0.10847069637283699
1,2387,0.17676627821513766,0.15873324011815276,0.07721206922482275,0.373687655121296
1,2388,0.048872992420594764,0.039310800070974,0.0,0.15493463001948318
1,2389,0.31060995454379825,0.2970045878659384,0.1673523418302565,0.530219918761657
1,2390,0.026046951467809113,0.02234738153994956,0.0,0.07480798044854046
1,2391,0.0012658397091413547,0.0008647934529297144,0.0,0.0048763549672663845
1,2392,0.21970391886548668,0.19602454967090405,0.10573755400802949,0.47537050502774375
1,2393,0.0578095584494963,0.046743525370358203,0.01658834528215253,0.1661723951238699
1,2394,0.014904223782234709,0.013150976143728699,0.0,0.04368771039723742
1,2395,0.012287523985196749,0.010402294208838297,0.0,0.03844205115861302
1,2396,0.4104558193521792,0.3584209660688932,0.11668682337421549,1.017227264867167
1,2397,0.11130881140010443,0.09888675574753662,0.04958083913525852,0.24863461675109008
1,2398,0.009203628810468836,0.007906269439975215,0.0,0.028237562938311846
1,2399,0.0026466498230433844,0.001270338976364251,0.0,0.013054471991561227
1,2400,0.0960400480101896,0.08934524062248252,0.024955458154097505,0.2047694591174092
2,2301,521.9009514099218,504.3323456428412,340.10958684138524,807.4927405199646
2,2302,1032.6444087677114,1009.6991527407565,704.6014781094309,1495.1737002189516
2,2303,169.67282147050705,163.16091802886137,101.12144346260455,275.55055666745403
2,2304,449.704323571165,442.284108535321,320.16659476693405,621.8386859648036
2,2305,588.8091954789018,567.1027526621231,377.4487912729983,930.4027353500592
2,2306,808.6363539498137,769.5568501201458,484.5495173192255,1357.3845150314287
2,2307,823.025306102744,792.9814043010379,519.7846377410917,1293.6190810346689
2,2308,594.1215079674469,579.8653714877478,397.4342409628026,873.7954919839362
2,2309,2502.7084853571705,2466.244005074503,1769.2890565226867,3447.2760029455117
2,2310,700.035747775558,682.9753810475321,475.4943769185019,1025.9125913929734
2,2311,3990.849647917053,3938.776295757631,2871.2848869872178,5400.183091348566
2,2312,229.38692262836904,220.56295323078336,129.87193727791754,378.9781110235786
2,2313,4756.404695328103,4609.317644341178,2788.1811632645836,7565.168331554079
2,2314,590.5100164632211,569.7077945228241,377.22718456890135,925.7713725644272
2,2315,2361.6303842966636,2311.486537495941,1570.3769322448093,3430.884002652705
2,2316,1029.5360311202041,1001.5389298390755,675.0982296698429,1543.7705063438375
2,2317,5305.477446585218,5219.319606231655,3443.1604918819007,7664.8555897452825
2,2318,1945.762561082877,1895.6203968735313,1261.5815444597215,2910.062799448471
2,2319,271.3307862751587,241.93777855145188,159.89202938407945,564.5776689007124
2,2320,1343.8343493149034,1294.716690163399,769.686528808928,2193.384551641406
2,2321,234.83357527096786,185.407533341177,82.68822848299803,682.6759650867239
2,2322,1952.5094704195062,1887.3976459642695,1119.9579919149842,3166.013747775489
2,2323,149.39799126788475,129.2938305254106,83.46679066906702,340.511342898716
2,2324,151.23660261174797,145.55985130218193,107.50647685552367,215.91899831316158
2,2325,1894.6538726306978,1825.0053988033378,1074.7680768554533,3118.398815575817
2,2326,2314.084807582195,2234.8878210298035,1327.7611141201623,3768.3464952427885
2,2327,74.75145393740141,72.53647240010437,44.23802555649524,118.00650499052792
2,2328,4527.9987790806435,4384.343940997278,2650.652790038601,7231.970940470271
2,2329,986.6136480081007,934.4831749098528,564.6111074909333,1715.084066598288
2,2330,326.51199687177495,314.0769963107547,206.66818968245357,517.2798922112577
2,2331,875.4230899556538,822.1488318348597,478.51844979247755,1577.8298725137233
2,2332,417.8604598475649,393.10341193038323,251.78136171707487,729.2755037602699
2,2333,605.4392631441885,566.0175959172586,342.23521038483705,1099.3552549256387
2,2334,567.8723430368361,543.4177657939194,311.92306329971274,968.3396007718018
2,2335,441.4980176336961,403.0425197324429,231.43766328406446,871.8869715375113
2,2336,1688.849759286701,1621.7980217625925,939.0264372229553,2810.8888062551487
2,2337,249.32621011881446,232.29715581205707,129.13240972148188,471.2333462864612
2,2338,217.19874708527882,198.926606528747,104.71375391778011,437.69314341369403
2,2339,1092.396052015423,1052.359278859282,623.2890923949669,1788.8177452306097
2,2340,1010.6196796803292,972.5416329921648,626.856984210095,1612.8860193771284
2,2341,4949.093986255974,4790.704685462442,2876.9757316068562,7913.419594559708
2,2342,1240.71972448418,1169.9807549786785,692.2058139621969,2194.4470169722013
2,2343,161.32173286262244,155.31755068293253,114.60600481188371,233.40253149209246
2,2344,3187.884135844725,3088.037479570132,1874.951324411653,5071.05526233043
2,2345,292.47798535902604,271.5021973758507,145.59463671360055,561.5850496596203
2,2346,643.9978406959569,613.8908289017195,346.414807911251,1118.1945132421442
2,2347,1556.763338857694,1485.7785321491517,870.5968043884276,2648.533355301176
2,2348,537.5223117588982,516.7738630916001,303.5373521779729,890.7069741905182
2,2349,273.8639149892222,254.68912381527625,153.55670528742058,506.33834451910553
2,2350,2777.5575367199795,2688.2589600498504,1621.287028069308,4437.61759693689
2,2351,88.81440095290579,87.87025033291062,65.37880253683771,117.96537079463204
2,2352,233.25832877904952,218.12074463676922,156.34483402037176,408.1545864877943
2,2353,579.920589947668,522.0091222859905,284.8665134239452,1215.446145846421
2,2354,1283.5808924877522,1200.134942441582,634.4470205284277,2421.241056477639
2,2355,938.6731700667408,906.624330129107,618.2552375263642,1442.5857942842208
2,2356,1101.6588142469225,1064.248738978294,704.0573276775219,1714.2677166792103
2,2357,1517.8048929002741,1453.8000864481041,828.5500326440358,2586.6964468790034
2,2358,4607.298402937992,4456.644885431755,2667.3837031766166,7425.780077558136
2,2359,158.58494758835263,147.38824216236674,80.60536024577914,304.11681938701633
2,2360,2909.5473836854094,2817.4115119433122,1688.7627231963058,4669.461765835974
2,2361,847.3238199526772,813.3787906985799,475.4486928363003,1417.1332725275856
2,2362,242.27021310698825,227.65973016987397,126.39485005174416,443.91357853548294
2,2363,287.00782524862626,265.571933323415,187.70905319864414,526.4540583589736
2,2364,2882.4970263619375,2818.5084972642485,1890.685465550468,4245.165016482452
2,2365,19.118490741193007,18.89598308979486,13.943099665091374,25.52889210562901
2,2366,155.3584549741362,146.5370038072202,104.44482414476721,261.9526258854105
2,2367,20.809753971088497,20.55106434077595,14.628530138933673,28.48664785579014
2,2368,68.42252222311483,67.70246944022806,50.573019144638955,90.29310598389742
2,2369,382.34772424641864,363.15893684130907,232.78903110059198,646.26203330493
2,2370,388.4202688564019,367.64949280600706,237.26399684199333,664.8643141404469
2,2371,55.560738224671745,50.75483331546293,32.045625028144045,108.78398264234706
2,2372,20.9591410171278,16.28379316296335,9.565162631378683,61.67288078208496
2,2373,75.21404931457454,74.37389084125664,55.154400392717484,99.93693134428713
2,2374,11.202375182392888,11.069564591309392,8.01802756371588,15.163244059171491
2,2375,61.28884227602206,60.667775979608095,45.410951886364174,80.68724129410221
2,2376,30.136948417578004,27.852854477801664,19.936517284663793,54.2642750828517
2,2377,239.67667971735065,215.65407714890796,103.33159547524927,523.0242338019357
2,2378,239.45389606239922,230.01509886000832,166.01012349440677,372.12528487424555
2,2379,24.041854986143438,23.791176090415007,17.815347639010408,31.684699301757732
2,2380,50.3032793452672,48.76410425764024,29.71584216345999,79.69660002421624
2,2381,370.30889737727074,318.56342795689693,131.00779873969245,925.1682042382051
2,2382,41.95615695129166,41.50732183706765,30.98961860470209,55.39874221030615
2,2383,31.494920982916724,31.14168070303612,23.180107932916926,41.778909693058
2,2384,40.92057085647994,35.84269416608501,24.61328015680999,90.07767601128866
2,2385,19.945342209116106,19.720273571392553,14.526656468303218,26.629199368073557
2,2386,48.25552601636382,40.73780241014792,25.2289148030726,117.61423781747813
2,2387,65.77401826158398,60.69501528491831,42.97553498984801,120.29634669192214
2,2388,19.898612141313297,17.216602181911625,11.675308921869938,45.394696985449194
2,2389,56.836622208268864,56.22185733109842,41.699203086249575,75.46940022775232
2,2390,35.36148113245211,31.968836202068807,22.688269876550763,70.4794237345374
2,2391,11.121530160234501,10.974739096292694,7.739294590260299,15.378800367092692
2,2392,51.23219701291002,46.254082755938654,32.721830722454996,102.69511639097418
2,2393,42.359946048510444,35.12198020160459,20.310446997900954,108.37353491415622
2,2394,23.855989961259407,23.59947835469442,17.606446877580126,31.57879054108135
2,2395,9.586127005763084,9.457251883937072,6.6538325697594045,13.219328971818827
2,2396,194.63354261439156,175.86553396536246,107.13661801936746,393.5198407281558
2,2397,66.48465485716565,59.836939646664774,41.52047496407271,134.72346812322309
2,2398,9.97107171913037,9.842682883376686,6.983748283035731,13.710501020854599
2,2399,32.69793966120054,26.986904961729763,14.160464471806787,86.0881048480198
2,2400,13.474839768069291,13.307889147095352,9.517395697222081,18.399945034908733
1,2401,0.0022553761163837207,0.00178525307516441,0.0,0.007781973138143569
1,2402,0.16054134861926464,0.14509979150951852,0.06549726236781986,0.34589836693111425
1,2403,0.46346236124767837,0.4163144539399441,0.184459609711048,1.0172831232077764
1,2404,0.8677141836115163,0.7612174889903247,0.35591098031661067,2.0185606156364155
1,2405,5.253160424208641,4.283594769012204,1.211226658524719,14.910876156561223
1,2406,0.012754296365404566,0.011564951555644801,0.0,0.03366879795503416
1,2407,0.6460112013773882,0.5158752989941084,0.13854941042721614,1.9232879877725062
1,2408,0.01384917170836823,0.012024173665847682,0.0,0.04171949379235899
1,2409,0.3489776234566323,0.2702886120395771,0.0818225748285094,1.0908495687745021
1,2410,3.8128246367207583,3.0995196259696414,0.8730337757052787,10.949929803500934
1,2411,0.0022514491604041552,0.0,0.0,0.011891850892771397
1,2412,0.009857042296452996,0.00869623140251979,0.0,0.028385817805914614
1,2413,32.93542701664268,27.285629101543176,7.951025203741908,90.33487867856509
1,2414,0.254406323620369,0.21456146671003107,0.09945310148846555,0.6521360081298643
1,2415,0.32330890165608067,0.2465417859852464,0.027951706417608226,1.079314067001031
1,2416,16.859429156940624,13.956383620893462,4.034442518598063,46.54674358099983
1,2417,0.027639464669849154,0.023619374422130142,0.0,0.077121986106388
1,2418,0.0063183345214850055,6.080747557772292e-05,0.0,0.038533269640502014
1,2419,0.1199729403754182,0.11360774161734534,0.05389169519267907,0.2229057189390352
1,2420,0.021590784764132787,0.01981469321409155,0.0,0.05352792865139641
1,2421,0.13955949954022678,0.12292026696549499,0.02815087642559618,0.3453466875956303
1,2422,0.06328308443545332,0.059884355831679364,0.029925906415275694,0.11653681623070454
1,2423,0.0025223674749585063,1.9019018009489376e-05,0.0,0.013468357801792787
1,2424,0.16428259903229725,0.14065991259481198,0.04414325530229519,0.4218469234017208
1,2425,0.06478376480121398,0.05457399157551955,0.008249260744323703,0.1815522543866754
1,2426,0.9946039679105153,0.7843529181381887,0.20945126476266104,3.032300144948598
1,2427,1.4939950224641487,1.223084826347249,0.3514985078305058,4.221722989826229
1,2428,0.031963766187752006,0.028988231463879487,0.0,0.08570390363939007
1,2429,1.2022356439416897,1.128512404187385,0.6070803949205297,2.2270828873254183
1,2430,0.04175991160655788,0.03329439919143008,0.013327060509238478,0.12370588567104487
1,2431,9.992259380960085,8.208743650312078,2.330381570045065,28.06643672037701
1,2432,11.135807689268558,10.309021894610673,5.222496853050031,21.892999077070474
1,2433,0.8336728624749121,0.7208955126765728,0.23997000114480194,2.095362180379132
1,2434,0.4205431889200877,0.38066172579744995,0.19688024428527018,0.8629978824295559
1,2435,16.632494734019538,13.810817131993534,4.021221067891498,45.73974655692945
1,2436,24.87658070658415,20.65924132345245,6.0543176777947,68.11022594977341
1,2437,1.8348656410844293,1.4867532795090113,0.4126475057006453,5.308238468793611
1,2438,3.6976646024754602,3.266558447410993,1.2961923878130237,8.639986212407653
1,2439,1.4531541065569933,1.3184803783467185,0.6246825950021156,3.0707812813544146
1,2440,5.204107152601717,4.247382280323622,1.186148582956274,14.773654590658708
1,2441,24.24995482932971,21.860917560515333,8.742316965531916,53.486604798762954
1,2442,1.1302852276016224,0.882926060263498,0.21316077051545346,3.5159739598015505
1,2443,0.3868027196343056,0.36656591949261996,0.20187244788700076,0.6885913280066178
1,2444,0.10543682445118542,0.09113023140233673,0.01230540334901808,0.2801004555393992
1,2445,1.3082666443423479,1.1793422833694684,0.5380118086331446,2.8245161985961267
1,2446,3.0269282769808004,2.8357018919060213,1.4632422717511506,5.714447432252813
1,2447,2.9887084111965914,2.4976065041381323,0.7430287632611278,8.064457846521979
1,2448,2.842600215883277,2.6343465866661306,1.2863656105185428,5.616337510181947
1,2449,2502.582493866291,2405.8037973509327,1271.655853348935,4274.681084351609
1,2450,0.4445768356841436,0.3945213985149971,0.1696546182917141,1.0203377700763934
1,2451,6.026553795931571,5.293531330427692,2.1311405807730703,14.165463144417137
1,2452,18.512052188255264,16.82110407174992,6.942654625630095,39.71750155965119
1,2453,1.5709600167209914,1.4149058655027713,0.5691598661683465,3.49702892762779
1,2454,15.058446665246967,13.576342014060476,5.46648260917134,33.246838381892175
1,2455,0.49646265505258386,0.4418968661286123,0.1835076915087535,1.1312309789244326
1,2456,1.2566237705829197,1.1659144657971725,0.6125026166789488,2.431551044541514
1,2457,3.0677201659111177,2.5408533340972497,0.7398886953516018,8.471526284040577
1,2458,0.7037889207326425,0.6386725471803456,0.2610566143138484,1.5311885649832304
1,2459,3.0323336914354075,2.4429346009834765,0.6707925226119847,8.818064127792317
1,2460,2.65395842409551,2.4910360803297156,1.2724700601536012,4.962301804904675
1,2461,0.1313382297474281,0.12040804096578149,0.04909452931786793,0.2783611767472089
1,2462,30.63009698268399,25.4492079090587,7.332864202363265,84.81120459949457
1,2463,91.74474470089706,76.64493738741932,22.63031083230898,249.55206454616294
1,2464,0.21168719444382506,0.17963285055903955,0.0,0.5993023254017116
1,2465,0.6938734251392504,0.6321139662913426,0.29828369940678645,1.456129268394528
1,2466,0.3307231782905481,0.30839749585984433,0.14972544531921345,0.6322958468718677
1,2467,3.0947170971114213,2.501695545702226,0.6948683673528887,9.000297998078171
1,2468,0.8961723754370843,0.8227413780663417,0.42057875423590724,1.7993236512488782
1,2469,0.5056622433238095,0.44607218856026365,0.1387187998931797,1.2234044293701571
1,2470,0.9126772615113342,0.8521832707909479,0.441320937061319,1.7250647796282657
1,2471,7.507957897941476,6.567224439154977,2.419832090102895,17.984810800070406
1,2472,0.34164139325653564,0.2786240411686767,0.1270192479912627,0.9473786146477794
1,2473,0.3351452772137829,0.309988454061433,0.1575232377635121,0.6570313377340152
1,2474,0.11612481776233792,0.09962447258446569,0.02990937990129861,0.3014218332843842
1,2475,5.9472407550951445,4.931402703294349,1.4266437070567544,16.48690901481182
1,2476,0.3587658024392107,0.3208054470751218,0.16125673030539261,0.7759673416487238
1,2477,93.37520766480446,77.82816249294825,22.872190003261835,254.13408940663243
1,2478,0.5170102878498166,0.459977204820971,0.17463582492685187,1.1977809955647962
1,2479,0.6679349788097942,0.6179524672694368,0.2978769114818624,1.3294231504839444
1,2480,1.3836171226326432,1.2921908136466933,0.6600237494045293,2.630644501052932
1,2481,0.3319905512695452,0.3156805251566167,0.16705318575226716,0.590486968764266
1,2482,1.7312145662679521,1.5946629621832753,0.8069904532784431,3.440845283758479
1,2483,21.414518459558167,17.526526518578827,4.958422449779751,60.589057085312845
1,2484,3.919807549360769,3.648119928612916,1.8155599773883262,7.622296447693988
1,2485,0.3133705652430875,0.2902952312604991,0.14500555930865855,0.618760221486278
1,2486,21.88830764841807,19.240056746365497,7.0271421964349114,52.01662910958967
1,2487,9.852640171656722,8.173164153266388,2.3740901460830086,27.159630151875977
1,2488,1.6009677331012835,1.2945660911942403,0.35584149738154497,4.636694911265497
1,2489,2.788461352335221,2.5732118015715937,1.323425568089123,5.501402913014457
1,2490,66.11085717874799,60.612599275014844,25.59066448026253,137.89001689891242
1,2491,0.15811796792325028,0.1308827573051744,0.0,0.48808782095508313
1,2492,2.392265682415058,2.2135869822250234,1.1133920919654687,4.710725891330599
1,2493,58.01158076931011,48.69237252365211,14.370039507689414,155.81480698913603
1,2494,0.08998077980910592,0.0717397759346192,0.007556222723148094,0.2830768922102841
1,2495,0.4620989227752272,0.36195208721460936,0.0795979978394251,1.4321786979865267
1,2496,1.1006005688081761,1.007146474352568,0.5192694758089041,2.24404543333944
1,2497,0.3911693952489221,0.3645270769284853,0.18950848645742402,0.7457875606041791
1,2498,0.11925082350285933,0.09607315746799307,0.0,0.4037535014202594
1,2499,0.013915692511899527,0.009566536834689856,0.0,0.05706304025192871
1,2500,0.8366231029869703,0.680089324238536,0.19230992261793747,2.3871741223837892
2,2401,6.101061110737092,6.007632864244079,3.969809015496108,8.749026644453872
2,2402,59.995630347369854,56.02855110090704,33.05982204049338,110.83465572826007
2,2403,112.00771849321475,103.41288302318264,72.269368034647,207.73050411093502
2,2404,325.626300626659,291.27599144536225,175.57724131918744,684.4676967888
2,2405,507.620609789052,483.3267329500734,275.54519108311524,883.1466848313978
2,2406,26.69700700307115,26.39779176539804,19.562834035985436,35.461335710495405
2,2407,58.92344473967388,54.58260529243286,28.980252192399043,114.44725088663677
2,2408,17.40997832927485,17.201939785889675,12.538605369849174,23.47706596628732
2,2409,92.47487971335615,75.12068117231746,28.928118681691448,261.5340695223029
2,2410,244.25683057311227,229.49477892157182,130.0029038989389,446.55396022849834
2,2411,13.001725426983603,12.830662988651934,9.144581217087458,17.767100204144953
2,2412,17.44807530583212,17.24193697541679,12.61426028472314,23.448132876467987
2,2413,1640.8127971269878,1578.6980433561578,920.7237547727532,2709.4342835334232
2,2414,72.29719920664283,61.69203081984997,37.84562005412479,171.65526872744206
2,2415,193.77247184598778,158.99579734066057,70.82026310284017,528.7943275023803
2,2416,989.8729330270819,952.3754060888286,557.4469208783596,1636.2924538875436
2,2417,27.1204819562042,24.375437153126164,17.234362173289977,54.29856039677059
2,2418,43.69307498054211,35.52982417376011,16.12154260348855,119.85447485184048
2,2419,71.61450705016485,70.91861649767418,53.12361213164763,94.19860226047084
2,2420,16.201297617219268,16.004281485791843,11.62418038036472,21.873499796566016
2,2421,57.03344045164172,51.71847707426197,36.58988048428328,112.68363493238414
2,2422,24.841242998338668,24.54743440915175,17.873103831601625,33.55433965282033
2,2423,12.135500664825566,11.987444033319228,8.606199339040737,16.513289799395444
2,2424,108.48252843157897,99.06765025434166,45.65133427668929,230.9816124957799
2,2425,59.76241484046396,51.600456048050475,33.947059003011326,137.14585156533985
2,2426,98.04298921869032,89.27194541495822,45.694738665561125,201.59423644231254
2,2427,95.69021815765113,90.75963485204849,54.47016439971024,163.80897990267013
2,2428,39.897022962920445,39.44717870775524,29.220386113792546,53.11035002803945
2,2429,228.39176138125515,219.40180537318454,151.38616657125777,359.55138609552534
2,2430,31.931961414690917,25.856797679730242,14.663246609279225,86.39690502277003
2,2431,790.0120782669494,753.9126168493601,429.9771902778587,1356.4601672090091
2,2432,743.3132038301555,704.5147291324122,444.04466159369514,1267.7217340801633
2,2433,512.4825124048738,465.81933368490934,235.0493205031228,1063.0706269084749
2,2434,163.25727921830722,151.201985753276,108.21849749766002,292.7744271999154
2,2435,1150.2295413767129,1111.034212626765,665.0201226275599,1857.222678451447
2,2436,913.899048962532,879.4029047699235,518.6889160125194,1508.1314135453551
2,2437,365.46869702448464,345.76774601150953,195.06653581898604,649.6660553799642
2,2438,111.57390471288376,105.4803530445511,74.58546343390995,187.42977707116842
2,2439,505.25082967637616,469.52350843183723,276.6728897994082,941.7003022298101
2,2440,750.3012640307717,717.7050134313106,409.30745334433027,1277.941370409821
2,2441,433.4068096810641,419.02149712936216,281.60526883918055,667.7919688614157
2,2442,198.12644858612495,184.09422638074443,97.22727682107086,380.53780932600915
2,2443,283.5978750601858,276.32443149556104,200.18101959119443,409.9913177664499
2,2444,97.55507049512936,88.46324752488616,54.581296520054806,195.38865618670766
2,2445,685.6950317712923,637.5260271486745,368.6720328699462,1284.7847685601848
2,2446,710.4309185392759,683.6612453904097,457.6221622878442,1116.7894951967505
2,2447,70.80511364840518,67.85250715006936,41.11178981895503,115.53708607304621
2,2448,1182.8770443564981,1128.8667151519367,702.7672411434185,1973.1309207755976
2,2449,8431.980041329249,8307.285621720072,5792.16941173566,11777.820707987885
2,2450,154.58637411037742,141.24532151992258,87.394322560308,302.1609078388801
2,2451,887.2223316705162,806.0137268005202,389.9803682999547,1847.9832127317552
2,2452,411.12587199028735,402.7522245931276,289.2378805037226,580.07850053633
2,2453,622.2669838547507,582.7829837252178,348.1810919132992,1127.0582448050923
2,2454,378.4527862906928,366.0838529787066,254.92055594507346,574.7356778585973
2,2455,387.74557323547276,357.0743690902573,200.84675803740117,753.0054260978261
2,2456,443.1160330228825,419.7150439224312,288.8912128816968,740.107110430406
2,2457,337.9518807432929,326.3723796256628,194.7541269145358,550.0728992070556
2,2458,348.3959348836869,326.7586971485115,215.2972218442415,609.8932894800888
2,2459,213.75772178218682,199.56777519603742,110.91277910859877,398.8323046020285
2,2460,1028.0286313218485,995.034116787131,664.1262079579948,1582.6211251359705
2,2461,136.66299960386493,130.04011556750464,89.70347845877903,223.4479867731826
2,2462,578.6495961098027,548.3299503880519,306.631634776795,1028.9144145052674
2,2463,3533.9047517678787,3418.1450697392106,2065.066751264366,5652.156171471931
2,2464,305.6950769141264,282.55607783485084,142.21472347200046,599.9570268009254
2,2465,406.43544806266203,380.4627789742889,241.69141923930295,723.4024398387031
2,2466,204.16684246229593,197.65939616649183,146.5297215096552,291.3030983361208
2,2467,516.3463700299426,486.36503862914594,273.2580303588815,938.0445176348486
2,2468,206.16806125012465,193.20986671722886,124.70931292355239,365.95858406106646
2,2469,298.9019230521286,272.4313452351213,179.7440931972158,579.2721231688419
2,2470,371.24373309292383,356.8554936683563,242.0171449078575,583.8829273055106
2,2471,239.3290599020906,226.05085859993582,153.64508625373128,407.2538064980186
2,2472,107.02303121344154,87.62853521301687,54.00380794354879,281.8084174286105
2,2473,191.98061998987563,182.23868292315126,124.39182575540791,317.0748039417177
2,2474,158.2350911364165,140.16904092246466,88.14790714173847,337.8503113102512
2,2475,385.0962148775769,370.9433956863216,221.07555431952824,631.5643502652133
2,2476,200.10066691607432,182.21569597563695,127.8067185032518,390.256565073188
2,2477,4820.043012075252,4669.368633585376,2816.5377249575276,7703.811864357222
2,2478,121.59603078740085,111.31046655370679,70.64593780430165,234.14604560397277
2,2479,435.1038595403695,416.09620061898056,263.58184791674154,715.30215473356
2,2480,672.3862276884031,646.2423228166938,415.3072411223069,1082.1624489334577
2,2481,93.66356213300783,92.58942861576949,68.27707567067048,125.16776154448581
2,2482,463.08987145743737,436.84643441438004,280.67968988294234,802.781299709537
2,2483,590.0640592710897,554.3399600238131,301.87550154812686,1084.1320555097504
2,2484,1125.9434986193266,1076.1268335397758,660.9810250106548,1875.7203412373856
2,2485,314.4142814311448,300.04411030543383,199.0797666688626,513.1305021007366
2,2486,329.03310538053125,311.60437816164296,192.769625560535,568.5270335502792
2,2487,615.7756483833286,593.566147104478,355.0329987434532,1005.0193474171853
2,2488,250.60469144621146,237.8238962853551,135.17770745582604,439.5439188727085
2,2489,410.60607451364405,387.1425728076555,252.85108936373865,706.439407738207
2,2490,761.2728703512857,744.3273709554005,527.1293149661229,1090.8253560906712
2,2491,242.62382657251078,217.26561881273815,121.53758033824397,510.6731340007288
2,2492,718.3876313290571,680.5619660956277,427.33688845216767,1226.386945314422
2,2493,1583.4390501188602,1530.404494442382,914.8413607515702,2562.1704479865402
2,2494,88.77040324977679,72.67695918235754,44.571708994893164,231.54400436067513
2,2495,147.45526206705338,140.0209837091719,83.73496340819312,253.72293997438175
2,2496,297.49414384659644,277.307329583429,191.34138229247753,530.1257233791365
2,2497,293.78380143019245,280.7264569038665,185.12213645112786,479.3069424459034
2,2498,137.0827428634069,128.0352179066914,76.66089121379397,249.4835772871429
2,2499,75.74775330234372,58.947480391006664,35.238833251606515,222.42594353548583
2,2500,131.419470889074,125.38104843270901,73.17858554327566,223.8629951050669
1,2501,8.35863808351684,7.835729573285649,4.013330663702692,15.750098513176088
1,2502,2.184855001633897,1.9810730205271443,0.9671250166663783,4.621835335759866
1,2503,2.2837626529757387,1.8755739002102252,0.5353506043762387,6.424825915277317
1,2504,84.43319431426583,77.5021389619068,32.31277308463669,176.77107879085986
1,2505,464.3731717675608,429.71920495647754,184.72515943807647,944.2876392464049
1,2506,0.03831749419591638,0.03288291141649928,0.0,0.11009172742275866
1,2507,1.7647276671107495,1.4440589329915698,0.41507965201975977,4.98923590677665
1,2508,13.048169658515395,12.376285650129457,6.690435387981354,23.255607599313368
1,2509,1351.09321507717,1290.6985644158062,660.8189478723222,2388.2789019420493
1,2510,5.605490676601444,4.9547854184483855,1.9232037794729198,13.065418065253475
1,2511,0.38281164771064674,0.2952813721203658,0.04918525054609133,1.2197473679060578
1,2512,12.622766826528814,10.42055005229499,3.018955241554978,35.1114208080264
1,2513,131.13393885250323,120.18874893463219,50.53320027357633,275.13888009437494
1,2514,16.54476093562968,15.009534361282311,6.1621998433483025,35.8445591156777
1,2515,8.115720886008125,6.729093707430869,2.210498397952773,22.284982851415997
1,2516,2.3152019501518954,1.8227225330113632,0.4495779404364227,7.082373892373311
1,2517,2.0370031083816,1.558424353748674,0.3890695585456186,6.509274171246965
1,2518,0.048112562954242294,0.0320200593155267,0.0,0.19882224981983615
1,2519,4.056864667597614,3.7847866493066395,2.0010374125183206,7.702403595945829
1,2520,25.707439536913494,21.214150768902734,6.056147813496065,71.73505069290829
1,2521,1.109371207370299,0.96975624275196,0.4307675961119887,2.6154560837838625
1,2522,0.9799744328977061,0.9153871586580848,0.4759831843461012,1.8585789095297711
1,2523,1.5121298091480422,1.3896547691457257,0.6640125276776065,3.069151899367663
1,2524,137.25752424179785,125.59143966608623,52.32392666909502,289.7396912567604
1,2525,122.67627187485394,111.72012251860323,45.69858446834631,263.3848958015061
1,2526,18.227508446106302,17.013827194138923,8.879369373218074,34.69507225162574
1,2527,35.026119933765315,31.709247419013117,14.735168893982257,74.51083983462613
1,2528,17.937744126004127,16.864640560297453,9.22102305664754,32.77327010848382
1,2529,17.792351324802958,14.818082670942932,4.407079625723867,48.569203881565315
1,2530,1.3789938850979617,1.158830303895657,0.34383476695417614,3.7093768461203407
1,2531,0.4124866683261174,0.34158573462044717,0.09475750691694573,1.137442200519564
1,2532,208.52068558771006,203.3239990470645,124.25484981148702,322.10573114948244
1,2533,202.31331458877042,186.12345370545205,79.21753099791346,418.40704140752916
1,2534,11.992660172852739,9.15297043682158,3.6049705078856613,38.00910001437154
1,2535,54.319130552695896,49.25630978113098,20.599335092119908,117.53061509821502
1,2536,737.6519229065543,706.2227948906603,354.5018788042086,1306.9676597355895
1,2537,0.5375710962688566,0.4076080224934021,0.15682442106895939,1.7122829113977063
1,2538,38.664316911584486,36.660514566325,20.402186859084875,68.52703870020275
1,2539,302.56554809947676,259.9846243352046,79.6164655053338,769.3883461487908
1,2540,16106.452509612782,15896.27469211035,10890.587953019221,22489.774410147547
1,2541,4.128974448463361,3.6905859055839167,1.7012271543939037,9.157293729186325
1,2542,0.07132885108008712,0.06006830353150275,0.0,0.21731753137206153
1,2543,8.823432860823257,7.41293015198148,2.189899574208315,23.632688969969173
1,2544,23.38314252391765,19.489328292262023,5.652170408608267,63.91963376993176
1,2545,1372.341450829688,1307.838585757261,625.7703631960558,2488.2553435986893
1,2546,187.19796264329537,161.25790668384604,49.44434201323275,474.63191978493137
1,2547,3.6347579470965186,3.486055405225777,1.9646214940764344,6.168192487976643
1,2548,0.23299612159470057,0.2145978798146752,0.07600722823041209,0.49624415713041126
1,2549,25.281280497507147,20.898596581103057,8.42523725827747,60.530407123925826
1,2550,9.811877681864452,9.030261331859357,4.641390918481105,19.609771090894917
1,2551,14.160725276933436,11.47229460677255,3.1931793287767087,40.90828989081312
1,2552,11.14256881952587,10.532581704339684,5.791305181957438,20.07295953667665
1,2553,211.9432937018319,204.95440814544054,114.84590033471257,350.16523043443266
1,2554,14.27955811763972,12.55823376764815,6.5503564490296355,32.22669639435292
1,2555,3.77704801559844,3.120601627019104,0.8926332966410249,10.471852550874631
1,2556,1977.348373597906,1900.2992703612401,945.3184888641414,3449.950815518325
1,2557,4.781148474022167,4.119432072237511,1.9112280173042289,11.50348910571578
1,2558,1.9018589169871187,1.4315139694276515,0.3717765599538471,6.284989389990603
1,2559,1.4624092693501733,1.3759244785592233,0.7255861094180078,2.6993963297902024
1,2560,6.270327073589101,6.04850272416342,3.4796554388558008,10.342419329354135
1,2561,80.64955194678039,75.98503940784873,35.4514445109889,151.8532064479055
1,2562,13.466394152639829,12.688839182097237,6.827080019864535,24.690250356344187
1,2563,2.88936076200961,2.7485152948179454,1.469588420751809,5.089886874621461
1,2564,2.4641857116309307,1.9753451586597057,0.5302062799975684,7.320966550442596
1,2565,3.5199171595865257,3.2059051246613075,1.1134034792272502,7.709359734592875
1,2566,0.45991736292811153,0.43903629598028604,0.24283012711797677,0.7958120449431555
1,2567,1.184927861625177,1.0211917899951297,0.5300561189496602,2.866942098726577
1,2568,2689.4516458462635,2598.264679349043,1394.5902750085509,4507.441496954389
1,2569,0.5882346563463384,0.5543013833797867,0.2679580600536555,1.1105097519897904
1,2570,5.71866867214646,5.183070620135694,2.792110395252051,11.873309189988694
1,2571,481.0529422875573,457.0827325654016,215.37730286536507,879.7301415172798
1,2572,4.02882209174124,3.7482140692365338,2.0239134878504768,7.6922934739923114
1,2573,1.7753603948127783,1.414594033240445,0.6852399477351203,5.160473292711309
1,2574,11.078411811723305,10.29332030924381,5.273017405505942,21.54655558134746
1,2575,47.156347151118375,40.08732839231948,12.002372917692758,123.36633085960622
1,2576,0.34926123700707234,0.23539800414122575,0.04253737289683963,1.3639878669836794
1,2577,9.993496377203302,8.188435818742489,3.3082552926338207,27.34569980591824
1,2578,3.317103270791649,2.7796168262146734,1.172039972456864,8.654441236689877
1,2579,6.636946841004591,6.040668339913758,2.081629613213061,14.567207307658869
1,2580,8.58529226486742,6.13086797986438,1.908904404352225,26.92358455960245
1,2581,3.851913525119873,3.685868851797262,2.0295360814772647,6.637863607324676
1,2582,16682.30465269176,16418.585821973917,10387.045768958491,24487.804208410533
1,2583,13.613130704226627,12.25122850803071,6.170742773081572,28.975581135076705
1,2584,33.521017682077044,31.82151156378838,18.17363143981216,58.68316710287944
1,2585,0.392126953114713,0.33224783573679817,0.13330047090645278,1.0150491536400528
1,2586,2270.5020084700973,2143.2901730976914,979.8028535779373,4287.310199975197
1,2587,12.522572329126792,11.516485936257158,5.78773214887663,25.054813338183777
1,2588,0.9267973749422475,0.6517845154981652,0.26491985910212,3.243490216565608
1,2589,93.97752632010473,76.02167533680405,27.949109088837634,268.3731701469005
1,2590,0.3736746011159071,0.31853147503735824,0.15965850648052843,0.8744454100413024
1,2591,14.470454521972789,13.971878711168891,8.105735152356951,23.665478363261787
1,2592,3.3874799674860174,3.0866005393901847,1.5709211074054066,7.004405941558693
1,2593,545.7674998055054,497.86403375621296,175.50834440829863,1191.4111230632866
1,2594,0.5544123829158678,0.4886224308699204,0.16957151606025397,1.3142090889519122
1,2595,483.55685031469164,460.24202462897745,218.66465675582563,880.4909789261318
1,2596,3614.8600946226184,3447.1349679316154,1491.5569549624747,6691.075658606409
1,2597,14.174818777647076,12.89990360665845,6.338557128736885,29.524241933326202
1,2598,17.761461757324398,14.864409812308944,4.289747360693733,47.83770976631319
1,2599,5.9582733327215385,5.555997307289784,2.883381880183494,11.392467618956555
1,2600,6.846592749608275,6.3359447991473115,3.232396588175662,13.464920200058774
2,2501,1509.1749390169769,1452.5606183658383,928.4892437406309,2419.072438275637
2,2502,424.38781957747534,392.97458121356834,249.91553423333065,787.0693979059627
2,2503,377.45982899638557,363.4249758340653,216.80927553580685,617.3638972729112
2,2504,776.4134913696355,755.6868839724402,509.0726569174501,1166.7569054509097
2,2505,3584.8019195644583,3519.6068654827864,2437.278618944713,5117.832104167249
2,2506,349.9689906451496,325.1947185278193,195.08158579935863,649.9728637727441
2,2507,99.6488139766908,94.3753230621923,56.187610813325286,172.55907680909073
2,2508,1781.2575499355507,1740.3603279910624,1179.2783855590183,2614.527753199913
2,2509,7545.00724181134,7448.474661146176,5370.923687126126,10283.666544776965
2,2510,170.87881511130516,161.64346907160234,111.19155690986871,287.7729413681473
2,2511,79.47142869967216,75.24258334993416,45.29387933331081,135.38642460983
2,2512,1692.4690658701577,1632.9862747925706,970.039285930347,2751.505348552385
2,2513,1790.0861195894047,1756.802598759487,1241.274028531804,2527.255793330898
2,2514,487.78362097353335,477.18959495912895,339.3993428572122,696.0582179171384
2,2515,247.66208508664758,220.2349086529656,120.73341607475791,536.3906398945364
2,2516,134.97854753330375,125.47154891534774,71.34604844609677,254.8139765838926
2,2517,239.5304129996237,213.04062105758635,105.84731246332359,527.1659849613796
2,2518,271.9561374374321,240.88419407358032,108.52844179802463,620.0927741805435
2,2519,470.2274354400511,448.3225875284696,300.92386479636946,768.278211058411
2,2520,1677.5060106234896,1607.4165455435798,924.736565196643,2834.1173409676308
2,2521,390.51245752383596,348.6621120757411,188.95693366089637,834.8232480555433
2,2522,378.46167798733575,363.3766242840055,246.78075574362796,599.6521102277779
2,2523,596.3530761310551,565.5673025240237,336.7163824885312,1033.731630192826
2,2524,2297.228258074259,2258.052775620433,1603.3650080057746,3208.471025845952
2,2525,1858.7219849849555,1813.3794398231266,1221.3016039911085,2755.840200905292
2,2526,990.685749845339,943.7100967750374,619.7366189930199,1632.3764087738725
2,2527,368.3561452623301,340.83194091507994,184.46598368948304,711.8921681995513
2,2528,822.8723467350088,791.7079672334983,549.5184122650222,1285.8817072252102
2,2529,155.42229175296035,142.4058334445716,80.09388235125488,310.1054610729814
2,2530,45.12493523689224,43.79324588741142,26.830172412315264,71.00577686107441
2,2531,9.372357774978179,9.072492028349124,5.402563656591195,15.075740754621293
2,2532,125.5970250529975,120.42123287890185,62.242616403030326,218.12237094705938
2,2533,562.2149096487624,533.1365172489045,296.7623956081361,999.1039105426999
2,2534,73.87493399248312,59.06845421328782,32.171537956913305,211.9466151592569
2,2535,234.06308536411706,220.46795556709108,133.16696988545002,415.76194367682416
2,2536,997.943758111711,962.7477462652378,536.256765959066,1664.8916473913168
2,2537,60.95166612811482,47.15891762307905,23.545505255433106,181.89730595142188
2,2538,432.8252307767477,418.9971398125805,287.8244417097219,660.5210100376835
2,2539,3056.596725774285,2954.963146735728,1747.192377108272,4953.507086313251
2,2540,6826.4626251520585,6602.117279622969,3699.403161034533,11223.396099214067
2,2541,246.3706943283201,224.7830892655277,124.84165310471144,492.98848343119295
2,2542,4.179702069730396,4.113763101105381,2.570544166548984,6.162053591922001
2,2543,133.72818638382103,127.63926035335422,73.40850894127354,230.45861947798454
2,2544,739.5815424055397,710.140221562846,415.15070241697344,1234.1129099903826
2,2545,3195.6045762137346,3127.58792876899,1971.3920178171727,4834.506551432453
2,2546,1798.586742437159,1739.4615188846951,1030.1524366605204,2908.3068684980403
2,2547,71.47078688987746,70.59062317144749,51.059666888364795,96.81302882126026
2,2548,10.699814378497013,10.547761156848402,7.283541128720708,14.965026447092628
2,2549,27.348379811497683,29.75797215215347,0.0,51.07448738799681
2,2550,483.9445651199105,452.63345455661903,291.3434475951689,861.1887671563298
2,2551,177.8916600602742,161.33272814863116,83.41603799725898,369.8257261180791
2,2552,508.9245659192232,492.81901806653116,343.5937439060957,767.6883777770338
2,2553,184.76645360480546,177.64688224409016,95.58441752069767,315.70787557498437
2,2554,215.01585330229662,190.42157661350504,124.80191212519713,455.3126327206076
2,2555,101.08700459200755,95.703314455254,54.554209321562766,179.41432890329096
2,2556,1054.618960496382,978.297714878149,369.2669542583769,2164.9789767485427
2,2557,177.86422657812034,155.4660449536991,88.03573891760676,399.6984292982454
2,2558,52.5083526953978,44.40526095338633,22.782554738114797,132.41333042977294
2,2559,323.03830932203897,311.80214964618915,211.5449799046928,499.9678223662242
2,2560,45.1587389452165,44.63098023956002,32.574256728016906,60.88768484084654
2,2561,250.76144035913552,243.7116641736597,163.1845049622694,378.1511932455355
2,2562,583.2166891805164,562.0206321302278,380.8591721767886,911.987274475689
2,2563,68.85056113639673,67.9812094794607,48.60855500642391,93.96868366496987
2,2564,114.98107736086642,105.58629700231856,55.145376922587644,230.6934404634439
2,2565,9.696310253619727,9.354229621383485,4.980752146960193,16.35820868618102
2,2566,22.68807816302694,22.40522407950781,16.23208734959037,30.762335021657023
2,2567,82.57273908326576,71.80013261159232,47.86704367033882,186.7628882480789
2,2568,8109.2345774160085,7999.854565286239,5596.034377468081,11260.14966275122
2,2569,16.703867282155475,16.47369797130557,11.583863644775663,23.076272175381614
2,2570,190.7149388591282,174.7322513011622,120.82548971088785,361.2284270532884
2,2571,1340.3908390295373,1315.4659489181236,857.8366687394418,1968.599936649993
2,2572,135.85671578230568,128.81401513421957,88.16833566768177,226.90545965592574
2,2573,46.85082033691426,37.25823378201635,22.698932617210296,130.80357036981422
2,2574,595.7876009653493,564.2696601283911,358.32807181327064,1013.6266827878928
2,2575,638.5143134555655,614.7190146823673,361.9823589051263,1050.592916952053
2,2576,21.686949806261378,15.194482312324856,7.916244991467878,77.63789861145763
2,2577,80.99028605755645,67.89455436214071,34.102802472210726,205.28233389182685
2,2578,21.33018540890988,21.076176610717773,12.678408462253392,31.56619335365021
2,2579,19.73972643351298,19.084199894318107,10.3917544723125,32.80392077232865
2,2580,13.439209776504821,14.254290287128853,0.0,26.511188512058236
2,2581,49.99873976473946,49.347711384616545,34.91392592519553,68.89208972583123
2,2582,13850.208421926933,13559.605182906054,8238.820262545027,21147.20654853667
2,2583,178.58902818066346,163.1095168391418,99.78852011147502,349.49858369444854
2,2584,141.82434953843855,136.22743149686676,92.42975568825847,223.926260506767
2,2585,72.36909707447846,62.83582331313261,37.02833708075795,165.47539478685457
2,2586,9364.712309872106,9233.381339591484,6400.166333394784,13089.566779516344
2,2587,314.90521218478676,295.330745223333,181.43145311833416,562.5881363068548
2,2588,20.500611801222917,14.544513342480707,9.001499485091076,69.05370146542737
2,2589,153.9203410435082,126.49638017254635,48.875396207915934,419.81611313628525
2,2590,29.455237951427485,25.60618904518528,17.862267542772578,64.39869959633857
2,2591,60.97737937397834,60.21825338620117,43.04779150920417,83.26723699993546
2,2592,236.60435768334943,219.48246514935295,139.56736347568312,435.054325550914
2,2593,1254.387468123539,1197.3579079035867,604.1037723607793,2224.8029305138116
2,2594,12.359723184917822,12.154481950678665,7.2858092824345535,18.58058262458017
2,2595,1311.1655377899024,1286.4121669020017,841.6601450804642,1920.8283655088703
2,2596,3498.6868294089036,3329.1356522218007,1437.0794876260027,6533.845826642514
2,2597,681.4693963051348,631.8678535160504,380.6728676800145,1270.0852592733775
2,2598,187.25563406654067,176.26471692336912,93.93106281176078,346.2444336936754
2,2599,529.489736125642,504.6222520870235,328.2950328675505,876.8883527070336
2,2600,342.3326011490804,323.51298793987223,204.229578622371,591.0399946978577
1,2601,3.6093271171374637,3.0241876475122433,1.1559553124800868,9.498990879203083
1,2602,4.598845905744455,3.9426830737453558,2.130543563315012,10.87725345151252
1,2603,0.11986975438109092,0.10661792483656238,0.023016861195722407,0.29121393237061777
1,2604,1806.6684269317234,1714.5741742372556,802.3498830884796,3322.754901819535
1,2605,2.280724510786744,1.8309454502767308,0.7887598421725256,6.5982850520869745
1,2606,3.0084629324617533,2.7632936409781874,1.4989080161208217,5.995430379636604
1,2607,40.03677829042458,36.55291116303822,20.145499141928262,81.59024267669993
1,2608,6.278991334800971,6.037489962431657,3.470218131484896,10.506321679576992
1,2609,1256.6552646803443,1191.6724408121715,554.5583319160214,2318.1267342429683
1,2610,9.920982823491926,8.938461881966962,2.942824232825162,22.455069221077107
1,2611,6.67626051090457,6.084259168120773,3.1695376976531575,13.651768131580473
1,2612,0.32913695341068727,0.2934771113247999,0.08721683288189648,0.778810225512336
1,2613,5.880065370724611,4.840175198113018,1.458328251223409,16.16839696316191
1,2614,16.11622384494721,14.447578675341742,7.479506600917589,34.864322937164246
1,2615,7.200687017565146,6.702422166964656,3.621879244961223,13.698635090175637
1,2616,74.54608314248122,62.77179910789327,18.635737501734788,199.09207292269468
1,2617,85.17454582587041,72.12369893423477,21.4839620796712,224.26640128687626
1,2618,11.946629845236933,11.122023707733982,5.736555220357001,22.886019974294044
1,2619,724.3463949031219,693.2179313456799,343.184136995434,1279.8914129157
1,2620,46.55814181978271,41.60539417894641,20.523832561386406,101.83492813174836
1,2621,0.7584513414984861,0.7259902753178296,0.40642962537224764,1.2944652042824298
1,2622,1.294565726494305,1.1139717252435042,0.5411115377074277,3.172752008716304
1,2623,2.3157297028424693,2.223965580592254,1.251667997052824,3.9150085168866227
1,2624,1.7017075592923823,1.3405461669140613,0.6055777958617466,5.028572610524157
1,2625,11.024840563292859,9.020702085198597,2.543633815172956,31.261096132237277
1,2626,28081.6246485322,27656.791646526002,17743.76031325982,40841.73348069282
1,2627,35.52840193704841,29.751608082922232,8.726043189320116,96.27406957775464
1,2628,1.6727982321145412,1.601168032175421,0.8880883264786906,2.8732395160011324
1,2629,1.1712848988416342,1.123732868245084,0.6385109478954998,1.9808465536418973
1,2630,1407.8424852848557,1349.824221565752,670.6337636863609,2469.124533021184
1,2631,0.9322336685053412,0.8897333153330225,0.48449146182413977,1.6222365854409342
1,2632,15.301136999894123,14.48415079828515,7.746883579348586,27.624598703473712
1,2633,4388.1438671269725,4236.483397612538,2247.664781193766,7410.570626096095
1,2634,8.148919138577014,7.715679165894043,4.224330598117755,14.59523569527901
1,2635,41.332493276497296,36.24423501224111,11.645745312731746,100.2807282579504
1,2636,6.305976623650539,5.960158740987874,3.278225011156017,11.313695919833522
1,2637,9.366950508597313,8.678853177203607,4.393131228676195,18.333993776824514
1,2638,5.307618106360198,4.5955072116829445,2.119422354327199,12.788017072750227
1,2639,25.734899934476246,24.297454606422782,13.438899389164664,46.10211225671321
1,2640,8.812249012550884,8.149803249940309,2.9486684453485914,18.429390969689553
1,2641,236.9573579322031,222.61761957906032,99.71442293996274,455.85591779864245
1,2642,6.747222401085508,5.952995139333914,2.8895257176543176,15.317121887539493
1,2643,0.7122562275048376,0.6020831996131872,0.17251090228639335,1.8990330388682546
1,2644,0.991627780790572,0.9491937667542183,0.5364893171194166,1.6897203671466177
1,2645,4.942149975773809,4.424150240166179,2.3677140157500887,10.725434606594812
1,2646,1.2030252702857744,1.1347338821611341,0.6349081916021443,2.1452277198902694
1,2647,0.5009561676652752,0.4306340010272356,0.04115995716139813,1.3393918509223819
1,2648,184.4465138082336,158.5371544770352,48.53186723391453,469.8474287628106
1,2649,23.23836017933582,16.71997582214064,5.618458068317299,80.04299100398454
1,2650,127.09368261599047,116.46438381531337,59.19943961362999,258.4992773405594
1,2651,444.8432144952516,420.6045714960019,195.44107716986025,829.0381532618851
1,2652,19.15035766406582,16.48534147683617,5.063024034108913,48.55965734080573
1,2653,32.582664352350015,25.82153566171572,10.136387149023886,95.70479348998884
1,2654,322.1120857311896,305.8820104455966,143.65435644866153,590.7332449011328
1,2655,83.85665405187987,78.69650329893489,36.151987999844785,160.99138120524995
1,2656,0.45936509922678975,0.18101147402956802,1.2437403006928417e-09,1.956639847976903
1,2657,0.057535837905186606,0.05156764434217452,0.010315157078320933,0.13901392774653376
1,2658,25.01807958454851,23.23421589306715,11.64422578665453,48.63643932377097
1,2659,1.3482994430067743,1.115253914022642,0.5086510308015009,3.6547084357425366
1,2660,0.05000628530369833,0.026443174801955186,0.0,0.18638874525133065
1,2661,26.384040472444738,19.23308957490256,5.1975369082529355,89.82028698553621
1,2662,45.63446766880805,41.8173987846393,22.953093669389922,90.68685491671299
1,2663,1.0392586520690916,0.8463367942952675,0.4374889208382548,2.8759825342538927
1,2664,6.460277854198011,6.030095051785569,3.0804377087306225,12.350052041894338
1,2665,13.654907173798584,11.681927744220316,5.827065305194708,33.80961987033432
1,2666,12.714355751611611,10.592752653233411,3.0839443506125694,34.752783025529304
1,2667,13.260745582054025,12.209987989440581,6.053553721870668,26.493383062704215
1,2668,2.8419974380580784,2.7087634897243147,1.5314179287534995,4.918398454226973
1,2669,3.3115755910819513,3.1782255303960456,1.8115811413577887,5.570032431942125
1,2670,1.731652223262133,1.6626603501235597,0.9515587908107555,2.9141214539895337
1,2671,373.5926642683773,356.82057817571194,172.59300750820083,672.9084875189677
1,2672,10.880332348851173,9.60210751145695,4.310488456035354,25.0445941789019
1,2673,1.465382746217172,1.3543201860049818,0.67303989700329,2.9191475302139263
1,2674,5.276537879528134,5.075786427145487,2.9192299984913572,8.791067869813615
1,2675,4.331404561719817,3.9220041542475697,1.8656348726556127,9.183140113891515
1,2676,0.022847066307111853,3.923265136138883e-11,0.0,0.11176228335095285
1,2677,421.5650752400711,368.157359568703,115.90621901897974,1030.1269168185431
1,2678,9.177496927865883,7.623720455606618,2.2663075538759916,25.195944638001993
1,2679,7.494191713958321,6.427737101635327,2.5722048813525706,18.665863153353907
1,2680,211.5629720119435,182.61376585739856,56.046020677204226,533.694664624937
1,2681,0.6121486577184996,0.30176662588951153,0.07064182747450429,4.208836832670083
1,2682,4.160301383558016,3.743946305431182,2.0198653735317853,8.749053258890989
1,2683,0.2863935874177329,0.27195762714772986,0.1403818084160103,0.5149551794932122
1,2684,5.4616473200599245,4.881863854913684,1.5863272710537142,12.638940848696286
1,2685,0.5889870245229686,0.5567407690527482,0.282705205961051,1.0759129276578274
1,2686,38.80131672524871,35.50585372323657,17.110037716621797,79.82362424338046
1,2687,386.3937780708097,363.4265226470544,189.34361028774023,720.7039975964794
1,2688,208.15572374993258,202.84784034239158,112.02799909525248,336.0001832304353
1,2689,0.4146979567454176,0.38638409940219665,0.17231657753227572,0.8175167780105902
1,2690,250.20268268337983,221.68515042675432,71.45373855088366,591.6603798948163
1,2691,9.337168423318731,8.48837440300954,4.188091768850943,19.42090182338989
1,2692,1.1642926033726968,1.0500072153264384,0.49342056880035784,2.5060668481409487
1,2693,3.5643958756785312,3.419900854318138,1.9257078591843924,6.037951622032725
1,2694,2.1608916797077473,1.9875923351917297,1.000249253479737,4.3349127844987665
1,2695,1877.4392784461727,1786.1541780518482,843.1662305089595,3423.6811040896487
1,2696,14.609117595739848,13.667499215353839,7.883585593441886,26.180672395467983
1,2697,1.4771968280687573,1.3332166351603147,0.6496155576760418,3.1497194277953704
1,2698,0.061002448448247426,0.056007235979812914,0.007603977706486447,0.1416944756347354
1,2699,13.416817205691165,12.70964988359511,6.936269187890206,23.999454371099997
1,2700,24.806504426509548,23.23971077773598,12.144912408929557,46.484324627941874
2,2601,129.40654109473053,111.40676324424692,49.54565093554251,313.8154070808072
2,2602,43.19915270430586,37.25432849053306,25.636870233409457,98.48774132865726
2,2603,7.166098727730077,7.052389011150634,4.395159385442733,10.57668888357825
2,2604,5914.492649533137,5830.614044708756,3949.854693716118,8383.109893360253
2,2605,177.04159304327277,143.69513908442184,76.38442198407799,483.82589280398565
2,2606,189.71029634756823,176.71509468245364,123.64614274022746,339.2588758395002
2,2607,180.76537339301595,166.0958431075955,110.6140851109807,343.61122051051063
2,2608,129.40275494987353,127.952601779829,94.56978064704937,172.56610179216662
2,2609,3794.151656608748,3720.2192590686955,2434.701727555451,5579.054156522237
2,2610,31.72330506722709,30.670315953956532,16.533094575671992,53.21601051781816
2,2611,303.08113616519614,280.42728322048856,184.09091157590382,558.8079656201106
2,2612,8.358800974055187,8.224816539504666,5.179658984107318,12.289191894751212
2,2613,41.61933288871372,37.467066907668816,21.040012330312404,86.99974003809231
2,2614,212.1318293484995,191.49309342442598,122.54882106283453,427.5832572471223
2,2615,222.2300286064736,210.23357514650962,143.77691260879783,371.8983523800594
2,2616,1321.9843735686336,1272.0940311651707,741.2351958202387,2184.879349882891
2,2617,1119.4655130482786,1072.4953544916625,616.7562478321779,1890.078737478368
2,2618,491.5647845151714,469.2576244419945,296.55484318722387,816.7375988797531
2,2619,1276.1493307434462,1241.3126044541773,747.6354143080961,2003.5638355276212
2,2620,448.0744892188881,405.37509350851224,240.01720354760164,906.143433534377
2,2621,19.690400515424606,19.440992170694148,13.88193432135787,26.888957316298043
2,2622,109.91002866280195,95.38739633359903,58.32345744772738,250.27051937926726
2,2623,34.28773207512065,33.86992811011811,24.350018409004043,46.67035597264072
2,2624,54.785206412089664,43.471009203838435,25.38738729112498,154.10780310654815
2,2625,562.4944928514803,532.960148283852,297.76480582585253,996.646029593372
2,2626,21094.578720684058,20603.55493683202,12348.03589567102,32563.060770257674
2,2627,690.5998937963813,660.1855929412329,377.4305428164624,1177.3717454731695
2,2628,46.425749406110896,45.86368918880742,32.83424791209805,63.26534905117102
2,2629,44.08913069002153,43.57215369568631,31.868950656698466,59.253983953689506
2,2630,2414.7229076937206,2351.5019092262073,1404.3204841859201,3788.622548849116
2,2631,25.202897882679363,24.887061012416076,17.93303165253912,34.24413104102321
2,2632,1254.8189580774779,1220.6521727333009,814.9887673966949,1890.509981960635
2,2633,1765.2840201479253,1618.0540692626162,582.0155009394917,3764.548124048999
2,2634,378.9444578251673,367.49367782699073,254.74338044692016,571.7709100625304
2,2635,150.61838370989932,141.07366342945386,73.16977861298002,283.94696291206617
2,2636,608.2490495767992,589.5327266006045,415.6632811043037,912.3785659635299
2,2637,562.1912935510009,533.5444857706262,332.58514266061366,960.0218234829813
2,2638,413.99073943526855,363.75503277455834,205.07943955992647,921.2897982775411
2,2639,409.85853033408904,395.38439816448533,272.63791068551615,631.5098573095055
2,2640,16.0665537213572,15.42787028782528,7.399516841778764,28.397508628294382
2,2641,913.0040806106048,892.3344755393471,590.2760331686202,1359.2836963315679
2,2642,280.5843494413804,251.82844970067202,151.92946581958165,582.4751136701263
2,2643,6.889163759247164,6.6469442893252335,3.738752286199723,11.481408109553504
2,2644,71.9797338173403,71.16783792966396,52.80172823292884,95.6630226836975
2,2645,140.01927856322914,126.3224200383488,86.68953455782034,282.3406099683037
2,2646,248.15690412116408,240.4693738461356,177.7505146494348,356.70417498573886
2,2647,16.947187410561977,16.68141242594082,10.272769094780113,25.16823669322279
2,2648,1947.1616813582702,1883.8742377580538,1123.2549796454655,3132.4885451685363
2,2649,46.21658129642171,39.2536103392484,0.0,128.3192605071026
2,2650,486.54673384672634,449.35266449453775,261.367015679362,924.4147289967807
2,2651,1399.9240515256993,1371.9596977529504,903.3259553628814,2057.4093936376667
2,2652,159.62722893310885,152.9799296875845,89.43166458414892,268.72886455755565
2,2653,444.12818680160865,358.17928890594607,162.2630781780325,1238.3740586818549
2,2654,941.5939897109373,923.5388883521257,610.1824362266807,1374.2926114629015
2,2655,276.4350511261245,267.6628892612726,177.14555703991437,428.72556232604205
2,2656,0.4465068117560761,0.15072897735514718,0.0,1.832222972871756
2,2657,4.401494034291914,4.333277064500125,2.5395833275824127,6.665445752113738
2,2658,974.0908541566205,928.1094853843858,568.1952732718901,1657.5302000377485
2,2659,55.78374686862392,46.46463956379077,27.90624796710523,141.95181235949357
2,2660,1.5581327155164912,1.524294720681544,0.10780045356168325,3.143980250167845
2,2661,232.6573033290381,176.1347471152908,55.05023818341783,743.6609892283965
2,2662,280.81000753878976,259.72629857070046,173.1351256354083,518.3719022324793
2,2663,33.87828812358322,27.628449382521595,18.339347107747994,90.45100590890847
2,2664,838.9149402610135,805.1262057101962,507.8891782422988,1367.7833884435022
2,2665,148.5872050008849,127.5528036023983,77.94050620734232,349.3940858058392
2,2666,171.85471904417503,161.36543294229975,90.06780769601158,315.38470030689865
2,2667,53.25490965368639,52.66516098716371,34.586057209634816,75.38710247299717
2,2668,161.8181804290349,158.38771605168472,115.33807123468611,228.58238224459123
2,2669,129.11388655988415,127.68553865312668,94.46168015955183,172.0105493216512
2,2670,114.79815717965448,113.57884049744837,84.60977248567704,151.99599666195445
2,2671,669.0526143461124,648.1072568885206,384.71491265653776,1074.004405371634
2,2672,469.87735543088866,422.9904992701666,226.10210437246013,991.7299689817094
2,2673,30.181677834349856,28.553460592601,18.407211113027913,51.606468144033634
2,2674,93.51589110402399,92.4792560562386,68.5829648659254,124.49012201996945
2,2675,420.17368970211857,389.53254020146824,225.3747811242187,788.6704069934302
2,2676,0.7683073784443015,0.7074664070654583,1.485000426327941e-08,2.1078984501341553
2,2677,2723.8140613277483,2627.8472110781577,1521.2792979081476,4466.563865128187
2,2678,45.23518734872042,40.5513830698281,20.23805882034189,98.2020331255683
2,2679,227.68935742361657,200.21492922097656,93.7744262096826,521.6026241187018
2,2680,1991.2631347635318,1926.8284266589726,1140.3323257209943,3213.8545753747853
2,2681,3.599540755863429,3.6726634875551554,0.0,5.985094335380008
2,2682,147.07938709862958,134.23741896868637,92.94809720613013,283.8089818511139
2,2683,75.02056544713942,74.18791029623378,54.72557714161261,100.04628749841761
2,2684,20.863474112456906,20.131536884377777,11.044766708364385,34.96820290866592
2,2685,27.95506477728386,27.589330039686523,19.568505320288434,38.391890893846444
2,2686,696.5635654203207,651.5494287657182,374.1629666478224,1280.1906771531058
2,2687,102.64314378855812,89.94231989082554,29.231658044438134,248.86349352501077
2,2688,223.92519993868515,218.1885928591292,124.18683573033147,356.6054351435217
2,2689,14.150240216641771,13.927300069088286,9.081928856632686,20.43011623012998
2,2690,1115.5336385246778,1071.391367997375,597.2322125136253,1889.945301761444
2,2691,379.76064326540893,352.5444083408759,212.94047243056448,706.8406205295445
2,2692,63.11300900012467,58.324257764786466,35.93271317438256,118.74252309299551
2,2693,73.9551136193827,73.035201849913,52.900218587047036,100.10793567803512
2,2694,266.3967954646839,250.11178361593682,158.56898869787287,468.42829002957694
2,2695,5347.57758750664,5259.069655737567,3478.0053592275044,7734.4774018283915
2,2696,144.91755445141348,138.04338734973555,100.35507162649478,227.36595486645635
2,2697,164.9900046723055,151.91793119903272,92.41720658658387,315.3495806489046
2,2698,9.712513370399162,9.576484565564702,6.625536903612925,13.560601560340453
2,2699,665.3183438130599,645.5983321578813,447.1166282380949,999.3651529221331
2,2700,747.2513084026652,716.4846107824737,460.6665957780164,1215.9024026119444
1,2701,0.3327391726283333,0.2918018306374274,0.09880464538021759,0.8095302073401094
1,2702,8.315315659948373,7.6558325269073535,3.895956936309959,16.665349750376883
1,2703,1050.321276745623,963.2918661358061,344.05749708622596,2250.627963402748
1,2704,7.081728461037195,6.399963731307224,3.556828232276819,14.456015910756664
1,2705,1.163003197667066,0.879891980488153,0.20171673351627323,3.676384231377134
1,2706,23.034140672561886,19.14679309512358,5.606239778036911,63.27848727619114
1,2707,5.9990231076098155,5.602312784035953,2.94519016905328,11.362880509434154
1,2708,2.4156932234126676,2.2591180539144515,1.1673326004838778,4.600408686185999
1,2709,188.27793878353,174.9747502808254,76.2761514921414,376.6950355711436
1,2710,11.661836669849672,10.352086022568066,5.692725687800664,25.78154623433742
1,2711,15.45281512831025,14.916991408353589,8.669346800759504,25.301685244549002
1,2712,10.645857850902633,9.863334071369398,5.111715121791314,20.720912106491333
1,2713,149.10127369006142,131.1247212222111,41.393155934253215,360.28815980697146
1,2714,7.1075136838019395,6.5812375888869195,3.149220699302289,14.146617013202953
1,2715,1.127148616855408,0.9964850892024513,0.46323424220561854,2.578451436296766
1,2716,103.05687250583792,88.00931111073442,26.450497517606834,267.24745244563877
1,2717,4.12554561237998,3.4301235413351794,1.7074773724947527,10.700793994033537
1,2718,0.38798280960943243,0.3625478981775054,0.159058783658317,0.7653294835704141
1,2719,0.43176557797852044,0.39986878236669543,0.2108787459690955,0.8079974470995474
1,2720,33.76964720728452,32.7445054676582,19.382516273927262,54.03947482597985
1,2721,5.808523873587664,4.76105090239449,2.329893608201418,15.801758195083664
1,2722,0.04953850716314688,0.04527584699471268,0.008554253293638183,0.11514683836629595
1,2723,13.985340632996463,10.95523952861986,2.9385565095534583,42.96970185655435
1,2724,220.7239428919339,205.4113878384561,90.46243795743653,438.53517645156046
1,2725,4.171135021163797,3.9073337942187285,2.075037919141933,7.831625575202072
1,2726,23.375129216039447,19.879488097594567,5.994153349600267,61.140780088495994
1,2727,0.7105535768767739,0.5973460007340505,0.2047091657104425,1.8948900327737985
1,2728,0.9777640241523708,0.8148373108187914,0.3483252218151716,2.5917433860755144
1,2729,50.93760184254247,46.41434807943729,19.537558535509863,109.28094064683167
1,2730,123.551813966589,111.48230762984522,37.98787318113051,277.8265640658685
1,2731,1.658348629521858,1.5899634720039943,0.9033811421591086,2.801440581396769
1,2732,2.2227268922781684,1.7566560300429326,0.8710439678301539,6.417356721308311
1,2733,17.049479911533737,15.298272790585855,7.174618803849074,37.05905684471451
1,2734,0.498096347357037,0.38703333131339573,0.15287680823400515,1.5203085981912345
1,2735,4.904463057754533,4.345459009078355,2.221414721914272,11.056176788490554
1,2736,1.10732396295008,1.0224657128778634,0.48721969692431844,2.213529218035577
1,2737,142.65715373415813,121.42650045855262,36.47408204866258,371.95320358622155
1,2738,1.9992421353288432,1.6517081289540725,0.7706564260070448,5.318271225637902
1,2739,346.70727869134475,333.6286105640486,227.48879707612852,546.6139902728381
1,2740,3.118779548694753,2.678036678963427,1.305388278417871,7.607800830103775
1,2741,0.49325310371784276,0.32589603080078944,0.10327026533943628,1.9325206655765603
1,2742,0.2386645744241359,0.22053268186345126,0.08693724727621076,0.49406755108113504
1,2743,1.9885919417772182,1.8564958462327699,0.9270098197651244,3.808485806572797
1,2744,4.5528139102197915,3.907808501094764,2.043155631118351,10.950361032958945
1,2745,9446.839322837855,9255.802926033306,5476.658577380323,14542.09148714589
1,2746,114.65394080562017,97.90737044934397,29.584534377062027,297.06401616655216
1,2747,0.9484944570946364,0.5407670451516468,0.1546773677828081,6.578250768809179
1,2748,7.949894094950155,7.659335228415285,4.418433731655988,13.142402354703432
1,2749,0.06192648257273795,0.05731036348882142,0.012551441033618585,0.13671573120776198
1,2750,20.89229364523436,19.362740078471756,10.07129964660192,40.56834911570593
1,2751,169.65895035441946,148.04496725011447,46.62066203513493,417.3130805509212
1,2752,10616.127459544296,10401.505202163215,6203.71822847143,16278.623098348602
1,2753,1.2758893630231325,1.1404733279412096,0.5780772929527261,2.791103673086387
1,2754,2.6875085142155726,2.369985506811072,1.1403344290444546,6.1279011951274525
1,2755,10.05411268407834,8.398604832739414,2.455286298348185,27.427957636549444
1,2756,1.7600969406769689,1.6749728177340015,0.8980459439439985,3.109780279596925
1,2757,24.563970443631796,23.79126132764604,14.20404106033632,39.38706922047838
1,2758,177.22964590254125,161.90470501389666,81.44171937275198,360.21840188999454
1,2759,7.30192669828065,6.899901897155884,3.747225979405406,13.167195020534667
1,2760,153.6648641159269,136.61556915488364,44.51618497842869,359.02008745527246
1,2761,27.040303643772685,25.479999626944608,13.593949762111102,49.79411403015207
1,2762,307.6214022317184,279.1557244407195,119.2164584311027,660.0811970307306
1,2763,6.320689310032385,6.083114942258778,3.5109458513280334,10.478354229353506
1,2764,7.726721059602894,6.778815416897477,3.3341448771152518,17.83884062603115
1,2765,1316.6409752550503,1271.2584317421613,713.5349873677288,2182.318907011583
1,2766,24.463298558895946,23.00002442166231,12.30067283576747,45.101265069684
1,2767,0.8695574592401796,0.8341947523134564,0.4721192304835239,1.4712226887682065
1,2768,127.89720145040555,108.19367427037275,32.217221520410675,336.4491079667666
1,2769,3.5654195400504376,3.2010237522985214,1.7282074775264418,7.555519506827619
1,2770,73.8269456028165,67.56928697368978,39.06028913962436,147.41253473153944
1,2771,1900.5553251079773,1802.2204455717228,839.0345211358792,3513.0800120313197
1,2772,196.35876784126845,187.9820689155465,93.59875013939416,346.59676838419546
1,2773,15.945813336254966,13.945005852692681,6.132982231414913,37.76142867904412
1,2774,161.2253854784675,150.47928837713698,66.71645682972323,317.34262448426483
1,2775,6.61109891988221,5.854095159810259,2.8105948728901846,14.943163613740738
1,2776,5.713335736866697,5.483974356711498,3.0815151886055157,9.659538896798166
1,2777,2.9300447386837476,2.6983666630950327,1.486087406636024,5.730419245793843
1,2778,67.59417197936821,59.52212519035571,36.02010065172692,149.93924700244804
1,2779,25.081408856399683,24.321283726099026,14.199251965340535,40.453549567486434
1,2780,1.4653725255715626,1.1559827811674843,0.46706737424299305,4.332963074760375
1,2781,4.886431193107317,4.595509361107052,2.396704000217215,9.019554734262748
1,2782,34.58445307860443,28.97316427095375,8.570139685271279,93.3111623582183
1,2783,1.889105256095481,1.71709065658401,0.9445187531666485,3.8489997899097945
1,2784,0.016018336846291725,0.015015277990460117,0.00724600990733764,0.030617721461102976
1,2785,93.29905753435112,78.32125757120761,23.24303238849038,250.68509923807318
1,2786,1.3255441625003386,1.2378577591643176,0.6270691928194109,2.537941702947672
1,2787,0.9714584340349475,0.8326722270489894,0.3179392991222954,2.4411576247499442
1,2788,0.27316968067736397,0.2459670192888455,0.11888291164121836,0.5903726394551638
1,2789,4.789135826731194,3.9370351683025167,1.2316267416759827,13.392970294123902
1,2790,3.5334985289924665,3.3637812918036056,1.8859313398809727,6.173122124918949
1,2791,1.2926110344875958,1.0644616505783158,0.30652476938469875,3.605916718263871
1,2792,0.3380251167310556,0.29147499884283823,0.1387138001441741,0.7885897852210927
1,2793,1.7189302154779489,1.4935599923793177,0.7385990355037432,4.08734035931212
1,2794,0.4432312759294868,0.35297618675423986,0.0901874506537711,1.3230493716128675
1,2795,0.035145041485126136,0.03220468978405594,0.00041963065971388513,0.0854927294006434
1,2796,0.11720602015777136,0.09729448160071297,0.028327185566532433,0.3264573885532693
1,2797,4383.253962748726,4251.124980379509,2339.8014238527985,7181.303781013984
1,2798,0.8520170753715881,0.7445506278515914,0.349393076509178,1.9931823260459458
1,2799,3.564230696482287,3.295347580378295,1.640043148229411,7.051924012595791
1,2800,1.059872453012,0.9491303420813259,0.46417143670446154,2.303006925437079
2,2701,186.8809902762195,170.15578331472793,101.39981064370153,370.3499586957408
2,2702,196.35457611951168,184.18233542359428,115.31928768978622,349.22334290912187
2,2703,2512.23878453799,2416.68776116306,1257.1215965810368,4323.056751823388
2,2704,74.18532942432557,67.7826252839152,47.50431844133225,142.64381837153763
2,2705,12.331090155324947,10.575630611148522,5.907689033767866,28.706788936378477
2,2706,771.1086281611941,741.0058678532382,431.20682716966814,1282.2824038803044
2,2707,333.7480326626937,318.24793369521603,210.10087038412286,547.3442103028766
2,2708,270.74436251897225,259.09467622147207,171.2946604115661,436.27865682637764
2,2709,1164.8889112572012,1138.317867317502,786.6503627484946,1694.735145722231
2,2710,82.91178943782515,73.9063515454119,50.49835538460677,174.63733712708802
2,2711,112.38550538013568,111.0449865202353,81.87272135648428,150.2677206178929
2,2712,766.3619259947935,725.6531548458515,468.3241994014708,1303.4300919217071
2,2713,859.1256031233527,829.5763855650023,479.568904081481,1410.7841482309448
2,2714,29.73710817639304,29.241664014109528,17.660072409671436,44.69448797721961
2,2715,177.75464526393924,160.11522621465394,95.64972467222358,364.6267846123969
2,2716,1156.0081475850197,1113.0295354215496,648.4935380492648,1913.5262790584086
2,2717,28.28949007363199,23.777577146211485,15.79241297394226,70.00517909986769
2,2718,17.378916623905493,17.140212059913537,11.636928794388634,24.53323404793559
2,2719,91.75472560753798,87.5995019770682,64.10682896248201,136.18275975148745
2,2720,95.54516024471405,94.3401837946862,66.54898082342014,131.2697770992752
2,2721,81.50841393288687,66.91589498878554,40.800958127624774,213.00522325088878
2,2722,6.188177811852509,6.093437919960069,3.8976143424878424,9.027322226489662
2,2723,182.49196653240313,159.64350428407107,77.57664470386776,424.67882785369767
2,2724,909.2917201798925,879.589413442513,570.9168175054243,1426.2365996188971
2,2725,113.93718220071615,109.00907789764398,72.44105498842984,183.54164463310886
2,2726,342.59059201489083,331.06294546996367,197.91867250381316,554.5435854734111
2,2727,204.63531081774354,178.77249749921475,94.72477727566738,469.13168393743786
2,2728,138.16958115203894,116.93298422889963,63.265956361124324,337.78423403600107
2,2729,246.28364362261615,232.9440866037986,147.5896816296815,425.50969361226083
2,2730,369.45113079440915,353.73760111479936,188.96335329280643,641.4744317131599
2,2731,46.01959656883439,45.46823486070963,33.40625411083396,61.769315029402144
2,2732,24.34716451878789,19.36448297819839,12.356316872630972,69.00764150702959
2,2733,334.78723907801424,306.6263242889395,171.80179696558557,662.2113162696393
2,2734,52.088735083649915,41.17765016622266,21.411024771528865,148.8356352474844
2,2735,261.5320666113743,233.5530207507938,151.62196930135292,546.5688393581174
2,2736,16.44387304841012,16.223414050369293,11.345249922580283,22.80248697604783
2,2737,1843.9490965062585,1777.44087160858,1046.1637667903626,3016.0922776132143
2,2738,132.51777268187473,110.19366768711309,63.74417110205867,335.34498204589266
2,2739,163.06761972316622,156.17830867858743,95.24699398003902,270.63244479693896
2,2740,123.4787461673908,106.85403053006851,66.07028741836831,283.83728379534983
2,2741,18.21771853543988,12.332485041805821,6.358972798121001,66.56097562095272
2,2742,8.999638915447589,8.867192423522333,5.897780271643329,12.879623100488045
2,2743,17.671788262918863,17.408565072722055,11.847220823079057,24.999052435268137
2,2744,70.2080661745533,60.70184495683355,40.78068279621529,161.45088873653432
2,2745,12672.212727853066,12463.241596314705,8063.323987269213,18473.314529016036
2,2746,1235.5692725991908,1187.8699638238802,690.7825436889983,2053.954976015352
2,2747,7.420771058910309,7.469837307191423,0.0,11.623841497806165
2,2748,79.2253507430386,78.32068550215547,57.56200041683576,105.90339973684368
2,2749,12.575758024640718,12.410079311065903,8.86654422982309,17.20325165849887
2,2750,367.1371519828141,347.06744304542724,221.79119643828201,629.9707274451017
2,2751,928.9123049326299,889.7044077727186,496.09578427877045,1587.6801351734225
2,2752,12959.08014766447,12727.57276060509,8090.134798407311,19156.962356812983
2,2753,149.62221784175955,135.27162309801344,89.50642082807427,297.73027008476737
2,2754,341.849578704028,306.03390152464226,181.11082339031924,715.1561014119609
2,2755,298.34763331330026,286.84560532853504,168.53041045196608,493.56308420800275
2,2756,21.675993829824883,21.394699175403666,15.289967462202661,29.607739360490292
2,2757,145.35541787077025,143.80378297571596,106.32503067815655,193.54167360133323
2,2758,674.5574824370602,623.244575345708,356.7835783030918,1285.8979236526009
2,2759,662.392060761737,642.4929908337626,442.6070304363652,997.0973792779276
2,2760,619.4370005493327,594.5751528215039,326.1349047378431,1055.5428598508665
2,2761,1328.7234292952553,1282.0435116585786,856.3757249786214,2067.2533287338456
2,2762,657.0515555790456,608.0985507423504,324.17451084440637,1277.3320797203996
2,2763,72.83816852924127,71.98494031500196,52.89127115836982,97.614702967467
2,2764,469.091448607897,416.280208640213,254.94529068534018,1000.8233094526827
2,2765,338.2179527129337,302.49242255510615,101.63986463363193,775.5029787540283
2,2766,483.1907736435984,463.9624112573141,308.76789243622517,772.397776596024
2,2767,34.703043261627194,34.316428329183495,25.354426313268245,46.2183441799599
2,2768,1721.497948376319,1654.582910130735,950.141612116355,2888.765040598956
2,2769,110.52344179013592,100.64259819610052,70.03781698301898,214.94337006673757
2,2770,166.9562287065432,152.8898085272745,98.36915340070506,321.93069834718796
2,2771,6295.990776542902,6196.579469568589,4162.75729848281,8986.176097248646
2,2772,332.68091035756026,323.22338278750544,193.40694432644324,524.4941471113851
2,2773,140.2874263935475,124.6248014144472,64.03374469055039,308.0649767706544
2,2774,648.6254574696445,630.3358065578096,410.4920079680196,995.7119257196442
2,2775,725.8942367880132,653.3132024180386,385.99506806795245,1496.64437864698
2,2776,43.57678709048291,43.01891977197862,30.525400191670016,59.946857637434256
2,2777,149.20225953741465,139.8656392449323,99.8609410517709,260.846939194873
2,2778,63.350554488614776,55.86081011392682,33.45100571657537,141.2089920197187
2,2779,41.53500418050185,40.94207570633725,26.09689394385918,60.446871352538
2,2780,118.78365151072916,94.95305306165213,48.91385574197109,331.70415906222115
2,2781,624.2926923446993,604.0520229946555,388.88296863732893,979.1534997590876
2,2782,923.9422219179999,893.4209097794999,530.9037324086164,1494.1607960575377
2,2783,171.50664351132735,158.40737412975426,113.07571968557033,316.1484694340426
2,2784,5.407560799704571,5.3271388781853615,3.6024976023618933,7.665698706463153
2,2785,2547.6548716985403,2465.0693191060227,1476.3068396321228,4092.110181754305
2,2786,219.66291887587252,210.6390646470587,130.50724510272852,362.1889171088843
2,2787,206.35774852868474,181.87672696434907,80.82659718207654,479.613175959713
2,2788,61.387144607531354,56.62969717414836,35.78798860123771,115.80492840420699
2,2789,330.71305617496995,281.86645045237697,103.02775334202433,844.4021950266671
2,2790,451.44580288820094,441.32606730094153,321.31976433213464,640.2162484460783
2,2791,68.90148157639767,65.89760412421995,38.89872290123599,116.33236288398088
2,2792,70.25726840201288,61.82407839763958,43.45661277697365,150.23139846682832
2,2793,143.41326749366272,125.79252208352491,78.00700773106765,315.64926897867724
2,2794,60.936534381827386,57.86498132575713,34.885580355395156,102.94566108024877
2,2795,14.660458928971684,14.462897681482712,10.13083332275518,20.33597463527493
2,2796,31.79630934596199,27.421300487489596,15.158271300251938,74.31629498362435
2,2797,10120.91450664509,9970.000426165163,6806.909424159815,14262.641471482912
2,2798,179.97848977428913,160.05679646748575,95.32296167174489,383.1753352858935
2,2799,391.64679924668894,370.15595159692657,224.81122704108643,680.0020184732238
2,2800,261.2400299140874,238.0636093461929,145.6478367646556,514.990909957702
1,2801,5.9236066559250125,5.480412828216272,2.550564614132174,11.911427436080523
1,2802,91.7014398651075,80.3532003001851,31.934919278605282,219.6089462999745
1,2803,4.496232256520769,4.0274382979804,1.7039349429425508,10.007915386667138
1,2804,222.17480375690474,187.0250058058298,55.59921161556729,596.427686872487
1,2805,5.204552342091358,4.770444337333534,2.3315124788256463,10.652865870408439
1,2806,51.11190052582701,42.87991640857025,12.71361148047527,137.53056010597754
1,2807,0.05253150840080675,0.047783919335078806,0.0,0.1369413470376366
1,2808,144.88012935454657,122.68351595001235,36.560298376300715,381.467839991853
1,2809,1.7171023288127634,1.6212075209161416,0.8525778177702885,3.125880134717978
1,2810,1.2138217177295578,1.1363788664773664,0.5768610817861076,2.298077356920006
1,2811,1.1207092285456983,1.045654863515818,0.5286697687890151,2.1415444628232203
1,2812,25.65250510526775,21.090431858671515,5.962369150233722,71.6780172938236
1,2813,0.10337086498226333,0.08934384028447111,0.030227470559808754,0.25868801170089334
1,2814,2.6386401677203084,2.145501767054869,0.6003399920576049,7.5396489023491355
1,2815,0.8352446382221334,0.6552095154164339,0.16128429449844384,2.5647436306878
1,2816,0.8614061817666531,0.8051807643050821,0.40670899466330784,1.6384970710835616
1,2817,0.9320959839611442,0.873465389650788,0.43785921883696377,1.7758135302243077
1,2818,0.6332578773153412,0.5958180132071236,0.3128256663869308,1.1753541417932987
1,2819,1.5564625322769663,1.47699634840479,0.8034449606134086,2.759217263500679
1,2820,3.4984660711418214,3.3090061784636133,1.755034727088493,6.3386166709613665
1,2821,2.38712885983814,2.25136569226842,1.1779781745175564,4.373140343576099
1,2822,2.5192764472495757,2.3901989264917782,1.269687548476657,4.5431127516146415
1,2823,2.8687856400774367,2.7024812070050555,1.4511246576458685,5.235429494451924
1,2824,28.186304273964815,23.391476667208963,6.802641339141808,77.77868124230937
1,2825,0.13680922977101828,0.11848750863004572,0.04112980714361961,0.34131197156633514
1,2826,1.748815726857191,1.4511891372405241,0.0,5.477868919599049
1,2827,2.393517932534782,1.9141157175519568,0.5244920630108479,7.112662070869002
1,2828,0.7519562313024487,0.5970640936146872,0.15274161628492094,2.235517396556604
1,2829,846.6197997541973,792.2900851537183,350.77038452529183,1652.7606906704384
1,2830,13.414286288067059,11.005190853173294,3.116881078903728,37.70853120326182
1,2831,0.3129064746510125,0.23554872256256243,0.0,1.098187401943413
1,2832,5.590328481139801,4.6082848584348195,1.327087410994009,15.608099386621818
1,2833,0.04435491291653875,0.03473946243311775,0.0,0.1514857871834522
1,2834,1.322284433999338,1.0818660936274118,0.3094186728926666,3.750585130781196
1,2835,0.4329349175657904,0.3892216066368084,0.1971233176632718,0.9245692322013263
1,2836,0.18990439831039502,0.1757880066469763,0.0926259234528844,0.36080481143143994
1,2837,0.7077776580406864,0.6293726084365329,0.2521525657285026,1.6240179412107703
1,2838,6.129388864675488,5.029286044206616,1.421859740048403,17.27507661804679
1,2839,2.5921333574392906,2.4036080186111857,1.2139963016970854,5.072569098549215
1,2840,0.7055420666988997,0.6412352383844385,0.3098461634543379,1.477509923150149
1,2841,1.2669474825446496,1.087901992758224,0.3998037061028566,3.04836511624927
1,2842,0.27435723716382976,0.2543559543153514,0.12933704327092124,0.5366694664694771
1,2843,608.9058640692523,563.3160476701938,242.26449612177157,1232.5079882905018
1,2844,24.496654282542906,21.433207834135487,7.798939976598155,58.77129835155545
1,2845,0.09249610465725265,0.06437455084295507,0.0,0.3621763212082614
1,2846,109.06033725885648,100.26593611701865,42.021955093071014,227.46170280248666
1,2847,0.32273774282911327,0.263326889322823,0.0,1.0036947366976712
1,2848,0.11784583286119345,0.10219008365335303,0.03389135958294717,0.2941332490734876
1,2849,14.633700391194749,12.953512552091336,5.108269629192555,33.73433205643473
1,2850,0.44831767386839366,0.3949995587695118,0.1681456460461173,1.0442834741274538
1,2851,2687.2078339081836,2522.1334377365806,1138.176841341423,5146.843869853333
1,2852,89.92451503524103,82.63261566981808,35.01855494508492,186.30780919761278
1,2853,1.719229646990823,1.3493555497591663,0.351479266977914,5.232396522923876
1,2854,2.5830884220145296,2.086002133609359,0.5663971534468301,7.507671161191872
1,2855,5.250551402891787,4.295090182362181,1.2070957694119102,14.914028755745722
1,2856,31.97417686762482,26.80086710313059,7.832219314261846,86.04484707580092
1,2857,0.5318446133717696,0.39392774048889845,0.03692593091435389,1.8480255626361939
1,2858,13.963663059931719,12.419583309109665,4.8715198226275955,31.966453315255546
1,2859,16.907363777685312,14.587371023276349,5.27798551969309,42.040069743235975
1,2860,0.8136565884851111,0.7524287301428039,0.38695236599978117,1.6093984851987053
1,2861,2.1697423527718285,1.764817522776688,0.5070034363302623,6.194370250307457
1,2862,1.7918433877222293,1.4818863016029367,0.5009268647070281,4.94535655506847
1,2863,0.5296458238862192,0.49525902119542586,0.269835555391756,0.9756652757196018
1,2864,57.63976272655297,52.190685431168745,21.214138738826183,125.07269595779198
1,2865,371.5053447501112,341.1253115773201,143.55978216097824,771.7942014279188
1,2866,4.14303388908703,3.8600854471057318,1.9736614852335612,7.947059089954445
1,2867,0.0038727189590067853,0.0,0.0,0.02061921073728885
1,2868,24.435820473915772,21.814864162967115,8.46024154648592,55.87209923705502
1,2869,56.336584752368104,51.442767743342614,21.253429029734477,119.75078195394738
1,2870,2.9553166513629723,2.3717172679344536,0.82139416414597,8.537412433826766
1,2871,2.5048003214720787,2.2939366419704257,1.1060822408079511,5.147590504484968
1,2872,5.977172613472553,5.115770476551328,1.845302127578082,15.1719218414788
1,2873,0.18121018055526042,0.16666204560946501,0.08967453489134858,0.3419020055307086
1,2874,0.6946687932522622,0.6278689030016326,0.3278508884338706,1.4622333397426421
1,2875,800.2339194946329,743.8414652912302,322.8179403167748,1603.7996134450739
1,2876,1.6182472094622935,1.5112222411834257,0.7927145954877658,3.0635911638211524
1,2877,0.3881583773064266,0.36986156498367334,0.19951342576685635,0.6800898038125732
1,2878,0.3902789409798617,0.34866969002061504,0.18025851217081537,0.8411089596016512
1,2879,5.741809640087664,4.378975412134576,1.3765862707888838,18.270006670062337
1,2880,1.1977771174660878,1.0982490886832772,0.5367627487993898,2.443113879201722
1,2881,0.6049177409654914,0.47686312913026896,0.18187142820528407,1.7982776941605407
1,2882,13.365191201927884,11.024628395495064,3.1652490318193833,37.31761518778046
1,2883,5.321702278946962,4.278868202158926,1.1595616945317768,15.534980451880406
1,2884,23.60877890501868,20.23877596267292,7.0089507126281205,59.870623276194195
1,2885,1.313971722063738,1.1710220410528538,0.5532253406895188,2.9149222257847915
1,2886,0.19671992236295557,0.16973229061793793,0.0735570366975989,0.48111779708303043
1,2887,0.631180334321773,0.5840802449341922,0.27987426500042434,1.2610723507548052
1,2888,3.7332703211327147,3.3907091431254823,1.6280402398767038,7.822733300461686
1,2889,0.6794975320369161,0.627498123196705,0.31195567631195786,1.350130193884994
1,2890,1.0474202809018114,0.8993593079628945,0.36634060875437896,2.6136419257857453
1,2891,2.1321411314974026,2.004346303021275,1.06197897525551,3.9526104768090025
1,2892,14.905826974272571,13.066853134811865,4.913987883945932,35.478164537140856
1,2893,2.198549672373496,1.9949579338858126,0.8819216587050617,4.697698436727232
1,2894,62.97731292832684,57.243308482448576,23.61771509060076,134.79554756093555
1,2895,1282.0412368262655,1220.1923258985812,577.968101000168,2327.8389805120223
1,2896,2.1615698797333733,1.7190714666296518,0.4553575462928339,6.455249334592366
1,2897,6.73290770633861,5.602157306793288,1.928404990023984,18.2328418084298
1,2898,0.5640394662724075,0.4971859907686866,0.2622684241630883,1.2630919260226166
1,2899,10.236296993197286,8.392679474937982,2.40030550000051,28.920244713980026
1,2900,0.6578374105714329,0.5847448572739788,0.2028636561567957,1.5397880862386513
2,2801,707.1799194835775,674.0583761906281,366.62848403351455,1242.3589161676525
2,2802,573.2220663922976,520.9846813111292,312.09167466146073,1169.5825360423676
2,2803,622.3674555261443,572.8558104130036,276.98369439179845,1245.9441681212713
2,2804,4812.74688619327,4647.092146386574,2767.4414129006686,7791.913654084297
2,2805,432.1709809842532,404.6838244832421,240.66872160435324,782.6462364331784
2,2806,1297.8841504235966,1253.2137551050084,745.756479559851,2105.865111940605
2,2807,19.210052409828084,18.961154572590445,13.604413953629782,26.21882948316915
2,2808,2148.8632084784936,2069.130823904837,1206.7902036554497,3536.83009191907
2,2809,803.6038780036673,784.7954146745666,528.9762884990716,1187.7952439255923
2,2810,668.5282327048086,644.3411291421303,412.8837597979851,1062.378159299397
2,2811,682.9204291941144,656.3589089990023,413.81539070193304,1101.0678709224949
2,2812,3088.486718642129,2966.452729870799,1673.1662559423405,5210.667926190104
2,2813,142.91558513767555,129.18948620857014,69.51809920299426,296.457566468963
2,2814,549.0177178931302,525.1318241953421,298.6794837114845,937.0051738244762
2,2815,177.14875351071132,166.31475951718153,84.21307750512779,332.09184101753675
2,2816,560.9894429912016,539.9217090206316,341.42801321056567,900.7773102449123
2,2817,719.1818577451781,695.1971338697965,443.88963113415446,1134.3960780669497
2,2818,446.3704953054614,431.7304193285022,285.886677372024,691.9466693999111
2,2819,1047.498841827749,1025.6904579613135,712.1625776246578,1497.849817611729
2,2820,1779.0180194183126,1733.6714815591688,1144.2724244499598,2672.483506310608
2,2821,996.9524246180026,970.2284692561977,638.8656449730003,1510.0204707430792
2,2822,1543.0345247978069,1507.913145196479,1008.2072631190289,2277.87365573532
2,2823,354.4639676107391,342.8830921958384,237.2111679765822,539.0396557266267
2,2824,1188.9316742742924,1140.779109313484,663.3988317398484,1987.718321880464
2,2825,190.08321068132074,169.24576201731713,106.71438438716748,400.55405969755986
2,2826,88.35459617918099,87.22657316605108,63.32326975547332,119.95258205558848
2,2827,259.1333744176809,240.27983000953108,133.25595826793537,493.2957340368895
2,2828,123.08622688605477,116.32574545604962,66.45110132505316,218.72467628844902
2,2829,4730.451436167747,4661.1421355209495,3258.4307726079805,6599.747458263133
2,2830,1072.475210323003,1025.7362810904783,579.6323054131933,1832.8807102617172
2,2831,103.26730581377944,85.24667426151089,39.628350963436205,273.39079697768796
2,2832,696.5614613136448,670.8244001571327,394.93308632268537,1149.8888232316199
2,2833,87.69068297539086,72.58620510265126,48.11006936704335,223.13706032273095
2,2834,213.51539794374048,203.1100013012495,121.29538040206299,365.6769655595141
2,2835,178.0314864709993,163.34183487549603,114.58419370222329,338.99873510575515
2,2836,182.40074073961785,173.92150896179015,127.72194593955219,281.81452458007493
2,2837,421.0780089696813,388.9716223690971,220.47244477363756,807.0502375944886
2,2838,503.01483433612,481.84168817887337,279.3983076771085,851.5053782604346
2,2839,499.5455763070627,475.57957872368263,297.96398577392046,844.9703057409172
2,2840,276.5303710318869,257.3450515615192,181.51929918404574,494.78236098982075
2,2841,53.23287936560464,49.711312948796916,36.010407247485745,88.40511376262505
2,2842,138.62317855119596,131.69644807857475,86.20427116210965,231.90271372489335
2,2843,4681.203683793569,4595.531738382977,3191.4053723760812,6640.468979057615
2,2844,374.0775532657972,350.65933438696163,194.6470215757965,686.4702506010966
2,2845,24.797424118008987,23.958347355255427,13.917237592280436,40.62773773442037
2,2846,647.4988375625275,625.113517866149,398.44402255555497,1026.078106119839
2,2847,217.21416129721294,192.29030097954106,98.5380508503542,481.05687132669186
2,2848,272.1470320765589,247.08266511794199,138.651055611521,557.4735035610946
2,2849,252.52262512096468,237.14302128080237,159.1851071940679,440.06018871253957
2,2850,189.300080179847,171.6907530981673,96.0905602421479,386.40954982975023
2,2851,13300.233835697363,13124.73550652204,9278.634872396358,18341.0595813272
2,2852,724.1437471921832,704.6921460860578,477.4306091944723,1083.802742782738
2,2853,160.58653886184058,147.20239561871935,78.04514051497677,321.8288216384441
2,2854,199.5020676357976,188.57626843719902,108.16681868166218,353.3541409762311
2,2855,506.0270520439102,481.1982490217017,273.3090298383241,884.4386972624524
2,2856,768.3509560576747,740.8798963863602,435.56237045093894,1258.3541918641029
2,2857,135.63657931784948,124.3055615237837,69.14354361720224,269.91984208149944
2,2858,353.2270446073805,335.89860800886515,228.04556218669808,582.4376045041051
2,2859,423.5199590417201,392.3703958014795,226.3083211762231,800.6925584788885
2,2860,192.73473948825676,182.16134607164935,122.5302692782943,327.0516010060999
2,2861,119.78545570264608,112.07454318711052,66.38529294220818,217.7911866495318
2,2862,337.87826975742536,290.05088993176867,147.26107589245976,814.0829971708746
2,2863,264.804922199151,254.94922312502882,187.25748084174657,395.39461780061987
2,2864,1480.9315855462407,1446.8281958193327,990.3350798028473,2163.4924840036942
2,2865,4889.665930018506,4810.488342166647,3417.6265758753266,6801.801509507469
2,2866,808.4580001267318,771.7456260032159,490.2139064105821,1336.170055937892
2,2867,17.779803432626306,17.554647527849294,12.43821381868161,24.449621946216798
2,2868,504.34031303025387,482.69072110061336,307.56394659065455,830.4698122381265
2,2869,771.6466889166966,753.7158976722606,519.2189256409458,1127.6029244632416
2,2870,76.07550872124206,64.04551400615622,39.45268797686495,189.7525583738054
2,2871,505.6448019926499,473.70460569964007,281.0823483411974,915.5010759290417
2,2872,164.44791752867388,149.9968431668758,98.30913732292531,318.2514860360268
2,2873,91.78598639016856,86.96335730312211,63.040711191634436,142.4118752486911
2,2874,256.58353764087303,235.527721845969,159.60212475877574,487.2135329731621
2,2875,5113.944019036422,5021.933925332618,3468.024661526019,7292.973310605373
2,2876,463.1670680707809,442.97664213700546,297.0087627051602,745.6338393290995
2,2877,96.45472182081029,95.3825733129093,70.83601034046163,128.01373610328835
2,2878,127.87646768255802,116.58292013223999,81.96483478375714,249.09838973844535
2,2879,163.88062074228935,132.26247613894412,64.08392654384411,451.63745926471097
2,2880,459.60560262566156,432.1542380048659,269.46864407625463,810.7134980569933
2,2881,266.362309857238,214.18293465331192,101.3527054494621,739.9183728606655
2,2882,1032.5343703392489,991.7558536278109,577.1647054063067,1720.7796825931664
2,2883,242.38992569141104,225.1225721217365,115.30570047644463,469.89370802938737
2,2884,554.8273489607219,513.8780254461028,280.4010066109729,1064.6380808931574
2,2885,178.61351469132475,162.76186295640576,97.0887352005252,351.91960530673185
2,2886,131.42050809145977,115.71056497556484,78.1375025486375,286.769374673707
2,2887,178.45259036467198,170.24858872806573,117.57860927685412,287.91231736785784
2,2888,632.3396367135192,587.7831580105948,347.53477003072595,1174.0795005180676
2,2889,373.2877484032991,353.55094842785655,221.06304507029628,639.9207938689891
2,2890,382.0256367347271,337.59548496633323,179.71314408204034,847.0536791719284
2,2891,797.5043114306125,769.4721430155267,519.5798086545972,1238.0657117456742
2,2892,431.65496407242915,406.64796733542494,253.36965495303554,755.7449211961618
2,2893,620.9256436414228,584.0804649842514,330.95143810190893,1119.2027706888314
2,2894,561.2661461884967,540.725476213561,353.1605055965685,887.7076034195585
2,2895,3856.5220586040277,3800.5114279348127,2556.7024251512835,5468.704837388164
2,2896,440.825521660912,412.70913131658847,222.553778827214,821.4693050328557
2,2897,114.83222582410141,101.43554839937701,55.95111903708668,253.44843196632814
2,2898,101.26934316065902,90.46526195067901,63.13609104266133,209.64436524789375
2,2899,904.0675321754248,863.7026471868002,498.2543845547453,1544.394540228329
2,2900,464.3714227880494,432.6783492500393,250.0508311326265,864.9089050082861
1,2901,21.430855005908715,17.794498135607668,5.185008919130791,58.8213092600568
1,2902,0.1451714267076704,0.1348443145361303,0.0629221490173912,0.2862817292569487
1,2903,0.7691770911165786,0.5999592303647108,0.13343002677526425,2.4155548669321036
1,2904,5.971440071499766,5.596297525901802,2.8803877019167308,11.207913945399605
1,2905,0.8167865339864686,0.7541047036153443,0.3708101820332199,1.6195726525374656
1,2906,0.4311641365024433,0.39346219806835003,0.2058356401636701,0.8745769336278514
1,2907,253.8678397003356,235.22390791780006,100.992840531571,514.4120766984723
1,2908,320.73118312421417,298.2502973030124,130.10211554156265,638.6244399198825
1,2909,3.507816581810918,2.8546397815218794,0.8006889352608597,10.0119099568766
1,2910,2.1235201761019926,1.8982965502071636,0.6803047495684515,4.877271506210493
1,2911,0.2991120696627448,0.2700671039039905,0.05912309676096556,0.7055702533229816
1,2912,39.66276201459228,35.424246119739514,13.915772354842114,90.0195472205554
1,2913,3.4069862040621914,2.789460075685117,0.789417257979019,9.62419691656909
1,2914,1.2143826385240262,1.1031572731046362,0.4840340841626998,2.578765282635231
1,2915,1.0057338107317313,0.9259131907410647,0.43879410026371524,2.0372710676608428
1,2916,0.5631146296528676,0.5144127054126469,0.24108205206729574,1.1659122436052862
1,2917,49.95777572543143,45.679768573702944,19.03071229848744,104.85082420569725
1,2918,715.4799454168125,670.7733246926612,299.89609134075687,1385.137392087601
1,2919,2.8296896547277357,2.1793964509428063,0.5439409823853816,8.986143015431198
1,2920,0.16088113001107449,0.11994497766768103,0.0,0.5873315328307052
1,2921,11.371718869985932,9.370153267219811,2.681197412167248,31.63272384255851
1,2922,283.4391432297677,269.48598538414006,134.84742014469438,511.33342499705026
1,2923,20.14388188411964,17.607271398172767,6.4850105201498085,48.74297469980999
1,2924,0.2926722999121686,0.22751233437640872,0.09383292483736694,0.889639669009043
1,2925,2.4092915445207503,2.240856862165794,1.163788770347291,4.629820226224484
1,2926,0.23997704568814449,0.22268710386463808,0.05957159896948659,0.5171861202423573
1,2927,37.327494919179934,33.75871056844788,14.63123466791626,80.910912425903
1,2928,16.192307901248437,14.552455161258113,5.885855155720583,35.75668665228457
1,2929,0.15141454481584637,0.14044446220491458,0.014475047370733171,0.3474307121352369
1,2930,57.499518638900526,51.8754075238042,20.8872957680414,126.50540656383083
1,2931,0.5475817884618849,0.5165869390438247,0.2509418370315269,1.0204302719151208
1,2932,150.5563464151195,137.37022192229057,56.58595493338321,320.6604536624353
1,2933,31.94365261038397,27.197048496429126,8.210446705268838,83.4347752338282
1,2934,27.572869057089022,24.396348140883532,9.329696956175578,64.83228598058658
1,2935,0.343713658057629,0.32044095736697775,0.07695929663308686,0.7421700150532831
1,2936,13.947284039481524,11.396858234559868,3.2112619212722526,39.55172258007572
1,2937,189.46734320665237,177.4433936147453,87.52411687534776,360.7439961924453
1,2938,69.97464569401917,64.36456713531243,32.8996203640534,142.30008080968844
1,2939,2.4403527571901344,2.2313837247898487,1.0341230166429458,5.051016469311017
1,2940,292.06298487281936,269.44757191958627,115.32196144397562,598.730155871795
1,2941,464.4771786195953,428.72745640636265,184.20723097700073,945.9749248039809
1,2942,0.009023490831615126,3.284170287696378e-05,0.0,0.05590144351992116
1,2943,22.0498024094338,19.81251550016045,7.874208143405661,49.271181684761146
1,2944,3.257859735659603,2.9284438043349335,1.099450714368018,7.293114994104426
1,2945,89.0955821797669,80.69323748753126,32.563733243338234,194.02723386507856
1,2946,3.0633393287223916,2.4318484406802656,0.6375882494291853,9.227921207315028
1,2947,668.919908675337,639.977674564378,326.66517847377054,1180.784176271688
1,2948,32.45180886135918,26.92820165865396,7.814200334440164,89.22665070580986
1,2949,4.0179534542834325,3.2441689780929064,0.8917333694732918,11.709742600742736
1,2950,5.754664640435701,4.627238996940406,1.2602230880270493,16.736769868262623
1,2951,51.104735553017,46.579960732004125,19.183238463188612,109.45319960387873
1,2952,683.523203770174,652.2509612479457,331.65597066198376,1213.96945775794
1,2953,7.360517992829306,5.938784305960677,1.6224346497573006,21.41328377583891
1,2954,28.799525483808754,25.45440781990893,9.539282880648422,67.27565342801216
1,2955,14.881186043840284,12.512248492213411,3.6764552894455313,39.90584128468244
1,2956,21.5175731650164,20.06614888393334,10.978626342833513,40.510497723883894
1,2957,3.154997933344823,2.552721554325595,0.7012507945668732,9.167008987932716
1,2958,173.370187931494,148.81659276409357,45.5569501435375,442.79010093221194
1,2959,70.88230548030478,60.96877775661891,18.806279261789857,179.33458714774892
1,2960,8.518857519969261,8.031302046538414,4.182831309851245,15.635909396524621
1,2961,817.2602436664799,759.7605730327984,330.72138080345763,1639.8172514350224
1,2962,0.6713722598567561,0.5609910958111246,0.20956432853857113,1.786115620888394
1,2963,36.211432797807475,30.16691304542131,8.816246241909367,98.41186729508617
1,2964,46.010551991168775,39.97934353600456,12.45025890979203,114.2083022572853
1,2965,0.24187620116455538,0.20541545691734395,0.09270178156776475,0.6162112932443273
1,2966,154.70798279109144,139.39017651479867,47.022338524967374,350.1267841647197
1,2967,0.031734007605647443,0.02890371290147036,0.0,0.07974554533478616
1,2968,79.23422136195256,74.01246052344383,38.20536875826793,150.58624245197424
1,2969,11.298452781815529,10.651448787021824,5.583388578332142,20.77325852170649
1,2970,15.497543958852166,14.543965517674174,7.358582671452769,29.087482688704526
1,2971,2.8278597702822568,2.6372706007909033,1.2806203507935263,5.500705780085493
1,2972,7259.9121625620155,6965.382272414874,3608.1017494235875,12618.983320843196
1,2973,106.19941230586036,88.69833097441716,26.039752439357212,288.3106196525715
1,2974,7.571749927143476,6.985109363914035,3.4027145790673794,15.204414927099466
1,2975,3.1277706333821618,2.9109179430599172,1.5430601680450526,5.9591719006693245
1,2976,12.165197548200881,11.494676327728271,6.138142723254723,21.96369663997288
1,2977,0.5810787322215846,0.521593011169329,0.23792985063965252,1.275597849857902
1,2978,9.48383583697227,8.967349816121505,4.8007771822358425,17.1081744973944
1,2979,8.955003883880963,8.373279152263962,4.490776119084592,16.77380996655701
1,2980,5.30048540187021,4.89615187990571,2.343698732820262,10.604160482492237
1,2981,0.5270823149458108,0.48121515631842204,0.24303195031934577,1.0862205602186805
1,2982,1593.2428300658648,1481.6373954292978,648.4857562610925,3170.327175180266
1,2983,2.4847358650595455,2.348102353125359,1.2218021941417185,4.52905547704775
1,2984,99.45217450484809,84.54422209860189,25.422500940259322,259.7167720210981
1,2985,8.204115024338979,7.240489304354078,2.820640675569063,19.24023344527036
1,2986,1335.2585053290006,1240.7279418689623,540.4167175759708,2669.887086048784
1,2987,131.28053376440127,109.60384579129088,32.28046445155497,356.09408877183466
1,2988,4.194786101489885,3.4721420877568097,1.0143841092046149,11.550063804788493
1,2989,126.54008555306461,106.01477431638196,31.373459464211912,340.99454998295613
1,2990,0.3384560680557831,0.27419053140037547,0.09534937028255007,0.9824149945085665
1,2991,67.0206046346353,56.384029425616816,16.507477105390564,179.1836632944651
1,2992,94.75424103142709,79.32904126363763,23.381986643187116,254.93888352611384
1,2993,4.959952878404201,4.650037768756676,2.392913670960179,9.333740024132238
1,2994,465.22182477885934,418.7366147846731,140.66963894485792,1054.4214243136842
1,2995,0.1235929027692955,0.11296350352503759,0.05386632781154358,0.2564863423830153
1,2996,31.0182456228248,25.53822198835698,7.274714248851715,87.1002999988487
1,2997,0.2043139823757675,0.14796878997020305,0.0,0.751239121886382
1,2998,0.08149453442240283,0.0726165281667049,0.007080619719210493,0.20153962614520612
1,2999,1.0625974023408298,0.7954177909981313,0.1918661025612266,3.5354777971175344
1,3000,5.484062866597214,4.496663330261537,1.273157987734837,15.480147553202386
2,2901,734.2773834494628,703.6320510598425,409.3880317846318,1236.7905086902845
2,2902,236.84126978254568,227.76703764725838,163.40306882266825,366.78142672276493
2,2903,191.88488898861704,181.050942893804,102.81033688453336,345.6841594948144
2,2904,853.8526281489823,823.1740343940266,522.1466316676193,1359.236793797797
2,2905,551.3857033765626,523.5831017571317,322.3593928514181,937.7953250214644
2,2906,180.57234898664407,167.9341936908093,118.73750561294027,325.3905660717154
2,2907,1795.747838551891,1757.6364880993633,1201.7426676550622,2603.001760916437
2,2908,1778.77974928923,1739.8960192910295,1169.5947836632085,2613.722107543673
2,2909,142.4915055506368,127.15360428133044,65.73521598699293,308.71470377485406
2,2910,92.49110934945838,91.3878104544165,66.89015082570175,124.42176545303516
2,2911,380.0723379066497,356.417069882316,252.4784731867646,658.6348900414338
2,2912,536.0437863779194,508.57775517169387,317.33292500681597,914.6102371963459
2,2913,552.6325061454422,528.335073633695,302.3283683170748,941.5924388558989
2,2914,285.52857086601557,269.32417985427935,166.03739569714418,499.6777132052055
2,2915,816.921248849524,775.8468301509542,464.83405783917465,1402.0700951934382
2,2916,550.5464243670191,519.6240618426381,310.599825655173,968.5928890343235
2,2917,648.684115142766,634.3903914193261,444.0324607008574,933.9772698944599
2,2918,3311.890435173357,3251.472562062756,2211.8914620879495,4742.875079910109
2,2919,245.46823276466642,217.51334508422048,103.35307915243688,553.4998330022462
2,2920,110.07394690281214,89.66226673409017,47.168991419846016,293.4806747423586
2,2921,484.6541104458352,462.53862148688324,263.60422370011554,831.9594139572305
2,2922,1973.3855613045346,1943.110319570954,1390.3843952653247,2719.348517721375
2,2923,264.0727818051685,246.6130710959667,143.76325455404833,483.285906771319
2,2924,93.79908254688408,73.67789940005898,39.41513983428434,270.8063495971627
2,2925,501.23349024825876,478.8924564895362,315.00626530400785,821.9517163527198
2,2926,30.916693497862862,30.51114269084757,21.317573703992505,42.888316009073606
2,2927,170.11876211444195,158.46684657259033,104.53873583239479,308.05206437930264
2,2928,127.74493497593296,120.5307667956454,77.50728430323865,221.463315937204
2,2929,50.4887960692957,49.8557359734678,35.78583272356047,68.92991005003114
2,2930,382.91573108669894,363.6474647784404,219.55025979990984,655.1987581302333
2,2931,40.188451368811975,39.63177725511453,27.967685281570905,55.419763275277546
2,2932,2080.436389700251,2033.7747119129003,1380.0744642620423,3046.513549629173
2,2933,356.7275550044985,341.7436247111509,198.88198460174385,601.83270815908
2,2934,250.32503051383082,233.75595306499253,140.50443099007055,458.076861271167
2,2935,76.4359627928454,75.46510750004161,54.64013258503404,103.67598573919847
2,2936,932.919392939872,886.1267221814389,488.08213724752653,1655.4284138279202
2,2937,268.8641629034436,253.70419013392421,141.1572584924896,484.5274289131092
2,2938,82.74365349085261,76.16789978556652,41.64930974713379,165.0223806201228
2,2939,292.5912964695913,275.71510903235287,155.6997646176451,528.5305381117139
2,2940,2437.2299261011517,2391.921768160585,1652.6011935134914,3475.885777014433
2,2941,4038.23233800686,3969.443821362098,2779.221254958634,5696.91072494379
2,2942,70.2678141138692,54.50227501458269,26.109279115777156,211.46821657805106
2,2943,333.44852270944943,318.68571357208464,207.14517851280976,545.8151713451565
2,2944,80.52435541836698,79.50999667224184,58.214876921064494,108.58864266093218
2,2945,1635.2521453793922,1592.0979103325865,1047.5560821253002,2473.0692422029715
2,2946,302.88558206647144,280.56083859536614,140.7481562627443,592.3067524190462
2,2947,3019.747755407322,2971.8108431362516,2066.780551830898,4257.9880108666885
2,2948,1196.735751713102,1148.1339459514847,662.0827656870474,2009.1378549166006
2,2949,285.4434119709943,266.3028170536387,143.15339948459498,537.8075364441997
2,2950,370.09981524805414,346.5446806735614,182.15934843493224,696.4707293035231
2,2951,1000.1782723922953,978.8081573515569,682.7408552711105,1442.368548461067
2,2952,3934.962079129918,3880.065986766391,2791.145469924359,5383.225780847461
2,2953,242.8653977719647,224.96506681816464,118.51349024335933,469.75284594301917
2,2954,285.4318517084606,268.5648799817525,155.79793333862986,514.3194084893598
2,2955,192.02998749434386,182.17858389095767,104.0078026927621,339.2244965641166
2,2956,173.08076104183556,163.44141543894852,109.31308403254195,293.9503837541479
2,2957,227.36690984045177,212.90737300842784,116.5295606050082,420.08105316784065
2,2958,1847.4696672336138,1786.5842199633917,1058.2366409779836,2984.563203083099
2,2959,601.9803246861162,578.2665422343837,335.3619239670102,1004.210982567416
2,2960,1656.968681306279,1611.5660443920633,1030.8435745382233,2534.6423874913153
2,2961,6151.703512554457,6061.21483120101,4283.456709677685,8542.441165620612
2,2962,116.40131797509801,100.37700857321123,46.69581353472083,280.813364222662
2,2963,1084.8223998128099,1043.0411138659647,607.1853979353751,1800.8934455871358
2,2964,293.109139202845,280.73148241470506,159.19645511474482,500.4938326696594
2,2965,90.83181773402146,78.14094078133331,50.391649290649326,208.6858983245694
2,2966,487.31304016221753,467.072689480742,250.82021780304976,840.5050471566584
2,2967,18.22875313157222,17.986610648655954,12.671097516132257,25.15696878332147
2,2968,1442.303702339534,1375.851805297433,864.0167937062294,2400.2817786233654
2,2969,1292.3409956248254,1252.0682616766294,818.6930674220938,1993.7719854733703
2,2970,2326.9568108566114,2250.223166124518,1386.1612537564783,3698.6290011185515
2,2971,884.9308477709278,850.5777075590704,510.7450012954712,1460.7622800318277
2,2972,33334.20884926928,32915.579312680326,23648.19287798799,45366.40078505909
2,2973,3622.0882740657403,3500.9138694523813,2073.535483916834,5863.284966296004
2,2974,961.5239084137904,910.7610201392371,538.4973559516794,1684.1393072514413
2,2975,272.51617033005306,258.8110060208853,173.38835142668054,452.4857559515326
2,2976,1328.1415791445795,1293.2183216694443,862.053448380899,1995.1071637645682
2,2977,196.41965226766047,181.16898059781184,105.34949469872171,375.8902200113748
2,2978,928.2642743617981,900.4832969435272,609.5930958834892,1402.6542755245198
2,2979,451.90986646384493,430.6186656562567,292.56671146164535,735.9626623550715
2,2980,668.7628761520268,634.4226095522822,363.33194159579904,1170.9555357815875
2,2981,178.11441651942081,165.8020971108548,107.13868220110557,323.46982799565643
2,2982,11363.805178060757,11206.944936305252,7979.605901620418,15679.009593378734
2,2983,425.28955503011883,414.15275594179946,266.26243435112593,645.4730863014694
2,2984,1463.017909490785,1415.8574541936305,840.7033819889537,2369.6944773773853
2,2985,136.51021917886754,128.10070936808032,81.76429379232418,240.9740572327366
2,2986,10155.103068373151,10013.089177862748,7148.980638333772,13964.075166786919
2,2987,6011.597564469291,5820.050886688734,3507.662966790525,9617.829155921563
2,2988,317.3488147395802,305.83244268269715,183.07347152132752,517.5414012615053
2,2989,3723.552937799579,3599.306000022307,2150.772057624494,6010.9219813407535
2,2990,67.723598088727,55.813007911977564,32.59332309816667,175.1644894767341
2,2991,773.6419406135741,734.0092243295683,400.7710530372417,1376.88298324163
2,2992,2775.1817213605464,2679.332563033693,1587.6091244688814,4499.7564665441305
2,2993,851.9506971255638,821.3113634511828,527.5669946676492,1358.290954904589
2,2994,1583.2527444447658,1525.3973063770932,833.215200313455,2670.4336210226206
2,2995,161.53805654849594,151.5369417974866,102.43754051725554,282.1605107814861
2,2996,1681.1494108921197,1610.4479390088154,918.283585216878,2851.916051048169
2,2997,137.33543936505913,129.28496112433447,76.59243971120037,246.3347223664816
2,2998,113.16643631792265,105.65523350360132,76.344781824603,196.76207615213258
2,2999,291.4866765322709,253.656477190239,123.83674198801272,683.7871962860908
2,3000,1052.6163693072945,1009.0762209219242,579.7568909617928,1774.1560808654888
1,3001,0.010164806042105031,0.008393346567367305,0.0,0.0331622890753015
1,3002,0.04056825746957473,0.02427213739313834,0.0,0.18227288972575253
1,3003,0.07358277118534247,0.06091857153093326,0.0,0.22580610632089695
1,3004,1.0450117397672816,0.8183060688937556,0.18982317813476887,3.2324169862569776
1,3005,0.37295841260858686,0.3309296717287079,0.16528128810315768,0.7961403697146833
1,3006,0.00518155585952926,0.0,0.0,0.027171892906854102
1,3007,0.6022420794207282,0.549042088343741,0.21798924505589282,1.291675243068608
1,3008,0.9085459675528186,0.6747262296955778,0.10090330838778563,3.133758792516292
1,3009,2.3305852128801035,1.8114628975540525,0.46178358804510483,7.300097335331425
1,3010,1.438199558387899,1.2629916144603985,0.5039698716978943,3.386561773696225
1,3011,1.3991364756429994,1.3053183669951745,0.6500440457386301,2.6887737352959924
1,3012,0.24574710839732408,0.2214052281363707,0.10295020970653034,0.5296783053221664
1,3013,47.470517063128476,42.47732244092766,16.650540789136688,106.8930674071709
1,3014,10.209093614195284,8.406456633566073,2.4042600282482676,28.61066847647758
1,3015,0.3628565192104996,0.3154423345958876,0.04529246356205122,0.9519332543127531
1,3016,0.10303282460022714,0.08072234612404669,0.0,0.3582042853358492
1,3017,0.15386480766421232,0.14095152013045747,0.055564818311909694,0.3264071255860691
1,3018,0.38608920655106593,0.3536795689953369,0.1768174323962327,0.7816846050884231
1,3019,1.6308631757863574,1.4942600037644032,0.6756389678183934,3.381528188488074
1,3020,1.201343437952836,0.9636504567647339,0.2620381364937386,3.5448441900100454
1,3021,0.24124506855032501,0.2190673804876948,0.03782794313590003,0.5717598964400586
1,3022,0.8420927463993151,0.744204517678082,0.307749867945838,1.940798916453569
1,3023,0.326014749976703,0.2811808814945996,0.10458487089131187,0.8142963123822089
1,3024,0.09573272123028038,0.0867063379044764,0.0,0.25583522838809347
1,3025,16.083450138302858,13.230461638733825,3.7845658753430076,45.070590401260375
1,3026,0.07319103419691171,0.06903187346134534,0.031439954141390315,0.13886153724774114
1,3027,0.917067368564732,0.7366145784689571,0.20212951826495723,2.6918779394855297
1,3028,0.3965228500066129,0.32880872369941155,0.0,1.1996025972257294
1,3029,2.1721231017659175,1.7692856093640614,0.49884318452469,6.181240664350805
1,3030,0.1947152951126913,0.15257028883440027,0.021607411213478343,0.6270835133877455
1,3031,0.19495706073708566,0.1684310380603437,0.0623110637817887,0.4817774329821781
1,3032,0.15657922322544757,0.1289654522722268,0.0,0.48923514296764764
1,3033,3.2231264819893304,2.612068629311551,0.7213897643571269,9.313271316979069
1,3034,3.335552036803818,2.6739726067124208,0.718392774139429,9.846664817804147
1,3035,3.2180239925242313,2.645974461364519,0.7593212145582252,8.962745899752083
1,3036,0.3304816127830284,0.30458757657679514,0.15700488480528643,0.6538638631375133
1,3037,0.03940463609707412,0.03193003390780581,0.0,0.13154952561224495
1,3038,0.01728236035637156,0.013068262208314686,0.0,0.06335646733763158
1,3039,0.02118648061729054,0.016629264770884618,0.0,0.07410003345395824
1,3040,0.11444118524348235,0.09012964712711946,0.004607062542373169,0.3705459413090718
1,3041,0.028328916889116304,0.023653628587136245,0.0,0.08529336858227832
1,3042,0.018552834762890536,0.014593338456269738,0.0,0.06551805127688803
1,3043,0.23438288774459762,0.21222560636565813,0.08407627938956296,0.510476776931465
1,3044,1.1558103274051037,0.9212779397479829,0.24516739013158373,3.453889775382299
1,3045,0.015497117810176556,0.012526073422782391,0.0,0.05159584323330368
1,3046,0.2891369514840745,0.25955312682119003,0.0,0.7391479104165805
1,3047,0.013693262786275761,0.0,0.0,0.08528284163011
1,3048,2.8514622498103046,2.335873286002306,0.6607575195999343,8.061900640218564
1,3049,0.036432721265717956,0.032192527822516435,0.0,0.10656603701780212
1,3050,1.0630525724361655,1.0091991462263339,0.5538409969167821,1.879441215005757
1,3051,0.4378834162186839,0.4125218247152699,0.2193874190815206,0.8020891481407862
1,3052,0.9668431608907325,0.9226286947917235,0.5150019470645938,1.6712792884529604
1,3053,0.44413811143173165,0.41773234097380463,0.22137619603532382,0.817942815702457
1,3054,95.9371820484263,80.31015092556713,23.628908367088012,260.61197183829137
1,3055,0.28865468272707084,0.27402275336438464,0.14959463129834918,0.5138505159051835
1,3056,0.2974836113122319,0.2829498907084579,0.15604425092561194,0.5211037443422342
1,3057,5.497364042549428,4.575746868020721,1.3375223150107387,15.01500174059968
1,3058,3.4636017176205693,2.8576397084238088,0.8234473299794836,9.639577957605098
1,3059,1.4049472086709525,1.3448362023162606,0.7615768613328849,2.3881490741927434
1,3060,5.575747696311501,4.625340087850219,1.3481481037820744,15.414163613313338
1,3061,0.26432518096812246,0.2516926453518848,0.13998991588739654,0.46170172912680696
1,3062,180.48329204336062,151.10156895637613,44.72845334529291,488.7107994436679
1,3063,5.024959066025988,4.799147349363492,2.695405223861295,8.66909946046244
1,3064,1.561111140178361,1.4775705838258442,0.7840579731314736,2.8178079131820124
1,3065,2.557485012919266,2.0941942553284933,0.5939414576573616,7.2527577956391065
1,3066,1.1227655754705534,1.0617828384580172,0.5762997013038098,2.013213797249124
1,3067,10.822897148911933,8.941888298391694,2.5973872548478836,30.05007240432601
1,3068,0.019234246746871513,0.0173056518511926,0.0,0.04833536580707467
1,3069,19.100691174404272,15.921160587274125,4.643949629887242,52.50799835626292
1,3070,0.2253995009338145,0.20793530730210746,0.09421487358487735,0.45803477337710635
1,3071,1.1330377081190333,1.0769489021353742,0.5923151158493588,2.0002302992637335
1,3072,4.041978750825717,3.3508931384111285,0.9723030678569534,11.14987370297249
1,3073,0.8299714430417507,0.78056041266062,0.4115960104650556,1.531974422546899
1,3074,0.9870009930329233,0.8147070704492767,0.23335074054471666,2.757528587839001
1,3075,0.11556785715843323,0.10838980965134438,0.05566387558578416,0.21709244716543008
1,3076,0.6604803599186561,0.6293086557193776,0.35150197463017524,1.1485635407785915
1,3077,10.290326221881823,9.768276595681382,5.305523497559281,18.27851312819646
1,3078,0.7990591574475472,0.7603971313149542,0.4179009896689188,1.4016852228126992
1,3079,85.4109516291856,71.5610099346489,21.110224963122462,230.37337805628653
1,3080,1.8372342052344075,1.514703335448484,0.4334653395514318,5.114696836647814
1,3081,9.893013167051182,8.149709961937756,2.3492608743186367,27.610864882095587
1,3082,0.8026338862047213,0.7679521079123242,0.4327274485200443,1.374741447038894
1,3083,0.3017723812001923,0.28687831087841753,0.1560574843655502,0.5321969336648754
1,3084,0.6767998559117554,0.6298854283691355,0.3095517710405849,1.3101234216960675
1,3085,4.26793472142712,4.056255466773319,2.224437961542075,7.522659687539881
1,3086,13.259903630770456,10.995322471680547,3.1991574017113904,36.50698748221532
1,3087,0.8874624395641136,0.8341391511136864,0.43501595777382984,1.649911549003317
1,3088,0.5743973309663105,0.5457269141934806,0.29893311106802967,1.019940483193565
1,3089,0.10606532558549177,0.10124044779192165,0.055900383363335616,0.18412858703755586
1,3090,2633.1007549469427,2544.7450784744033,1375.5030743743876,4390.597471891944
1,3091,2.704679235917793,2.5584994516658046,1.380012242218249,4.873480864836032
1,3092,2.8078802559621803,2.3065460605053376,0.6600369657357043,7.862523393180997
1,3093,0.465624516379339,0.43972169453422094,0.22960873306205185,0.8542517426530671
1,3094,25.599530981705986,21.306968814792565,6.248465448759338,70.21128202347285
1,3095,37.1671404492927,33.592576380632906,13.570632582110612,81.38438127605436
1,3096,0.11913322902689412,0.11078216989385739,0.061420634764012855,0.21828340842592414
1,3097,12.580613633338357,11.351873600475864,4.580879491521773,27.723705468777986
1,3098,0.8291594074208551,0.7925138530617852,0.44463669317090215,1.429034286531645
1,3099,2.906653522405882,2.759108660767908,1.5068328338198116,5.161934066723054
1,3100,0.2299329820989578,0.21852205146671788,0.12001689482843637,0.405812860258185
2,3001,49.0173128381046,48.4629918383291,35.49239328512335,65.93067987647433
2,3002,43.84697670882724,42.524593138731476,25.766909060963094,69.63600192005346
2,3003,100.02107149619336,87.30939743351325,59.972729417641546,223.4296382270082
2,3004,348.1648527561683,329.7172756012313,187.80547205073864,613.774935627546
2,3005,86.36075271818035,78.5149082858328,56.43602334278566,164.3698839851112
2,3006,86.04859718103312,85.13131251425723,63.41025473011167,114.01693234929357
2,3007,579.5306715959757,553.7351972600409,323.414536366907,979.8297930176702
2,3008,183.8917451131303,166.38837348694096,93.99611201030105,382.9307823752732
2,3009,405.5323907415696,366.237652404193,181.42762513542604,859.1105112579369
2,3010,374.13191272669957,340.42506118998716,167.25602838221658,773.385818398681
2,3011,926.7574064405194,894.1513999136969,563.1054600502518,1487.0830735885256
2,3012,294.8684205594405,272.43468188018426,182.50822236377925,545.5966808272515
2,3013,572.1114376256332,546.1196930200152,332.76033140195267,966.7762903179084
2,3014,2032.9511342487058,1958.6203190708234,1155.030531162559,3333.7419039119713
2,3015,285.52930038829186,262.98296068185954,150.04197651804714,551.9229082318104
2,3016,270.4418334041528,230.19446651243783,139.44378935132923,644.7996074385842
2,3017,380.05147216994504,362.6927113543027,239.51665930606723,622.7166793122509
2,3018,168.10405788873072,157.88046113767535,112.82101499315895,287.86338398576777
2,3019,1233.306869172196,1165.0433054037042,628.6781294885304,2226.2993553804863
2,3020,301.5363794625,284.5862493717733,158.7334430316001,542.7751389586257
2,3021,235.91826364775264,224.46926922231813,156.64883381380974,386.15702723411334
2,3022,1048.837306651817,960.9915333789978,529.5655790209316,2076.599757851883
2,3023,454.65720201451666,407.5462603007254,228.99439317003788,958.7301769989499
2,3024,167.47851699967413,165.7172183628145,124.13252071394028,220.78414276707073
2,3025,1570.282768830094,1509.1630443275485,867.8875761327184,2629.9447700058854
2,3026,95.39835058870453,94.35222837953575,69.82696819352404,127.01495015164544
2,3027,134.07489440064782,125.95188182507025,72.37549539701418,243.75917051216425
2,3028,527.8034862806412,475.3089148202844,244.22450580191176,1112.0507517460833
2,3029,431.60702139718825,411.1819470156648,232.8851099714302,746.7060914862526
2,3030,87.94316861045677,70.54609322091576,42.98153850883752,241.36051357010592
2,3031,83.50612725607988,73.7717626108988,51.64094116853242,180.31260192855208
2,3032,133.388897303516,117.15089261949132,67.50694361444262,295.1410509435245
2,3033,384.62539893204155,361.8673856747559,199.48767079502747,700.9109074593174
2,3034,603.3259318538549,565.4802560124674,307.51539796959713,1115.861550077866
2,3035,544.1852801717108,524.419828693392,312.70901121516084,887.552429360319
2,3036,297.8170406482647,281.16746618419427,196.21639362916213,504.3186490322343
2,3037,86.08585760113114,76.39160252179911,52.981339286800846,182.59639078344188
2,3038,152.1531749501629,134.8717391861627,90.22499549224463,325.2181729253681
2,3039,111.85088976675745,101.37740438797604,70.56752434445949,222.9485260327498
2,3040,281.21958406887194,231.57635947126587,127.5589413964049,734.4880691174471
2,3041,70.16200822245146,62.0615140583017,43.983316276595836,148.65059421376202
2,3042,113.1765046196662,100.41367081810797,61.641866272583364,241.68744050895847
2,3043,217.1767697082554,203.59575871427006,145.618665970601,377.50574263833244
2,3044,441.525039649884,413.63687533825737,223.91947484196186,823.4790263468415
2,3045,89.12819977123411,78.26759162156682,53.48163357191715,194.16521876334866
2,3046,142.25751552386203,134.430985514308,92.7300403369743,238.59124926002391
2,3047,28.110818070037286,27.254109862864944,16.529359639205943,44.6787269027176
2,3048,731.0184853171036,700.3698643106763,409.4225262557537,1230.8302444139117
2,3049,161.45385916209517,159.73268302832702,118.96768790147571,213.59439433688885
2,3050,285.4068076815135,278.5422304768888,195.5800962496834,413.8259574395002
2,3051,177.34943747370127,172.07991363502674,119.65489397361995,265.8384124204955
2,3052,492.55870615890996,484.42535824552374,349.9995894517317,681.7803038290352
2,3053,248.51169233117938,240.48554856008934,161.15157347540014,382.55106600723974
2,3054,2920.0305065309763,2822.5925405159383,1685.5086589547354,4714.000422947306
2,3055,141.2985937936196,138.3097669210424,99.35090381811283,201.0042555558931
2,3056,203.5550668740492,199.803097146639,142.7179614540184,285.970972674821
2,3057,322.77387576758997,312.3154620268006,189.0083256994463,516.8723379333157
2,3058,579.6854091343173,558.3819769217811,331.80391450726444,949.0373386252323
2,3059,293.02419229006443,289.0796993305184,213.21952280690473,394.9305483326434
2,3060,415.0998274954537,400.48909474916024,239.65131633659408,675.391509732944
2,3061,147.44436464490641,144.70061246041826,106.1686415796518,204.69506186332006
2,3062,7255.790951708442,7031.980811978294,4261.007506999732,11532.91138165756
2,3063,1006.1660832500285,989.441240151464,716.4816752882035,1391.3698116198
2,3064,510.2223204027419,497.87367779718903,338.9843833010171,751.2912154786598
2,3065,485.51478806656905,464.9685586052351,265.5705427311081,826.1505690555122
2,3066,613.8743885843198,598.0570639839523,411.7334582946617,909.9051921441776
2,3067,1120.229086429284,1081.1797180324565,638.9705686690826,1821.800040829144
2,3068,40.17745874615804,38.43230416538705,28.20289494041101,60.037758191346335
2,3069,868.5201913388898,837.620893069889,496.24348435478936,1416.3480804421827
2,3070,132.05491978213828,126.6742781531913,83.36334831383694,212.51727929600096
2,3071,604.9904726514761,592.1799857886338,420.50019754618404,863.2703176112756
2,3072,305.25115786506205,294.51884673303704,175.49358817939427,495.8285423441352
2,3073,230.93525483608772,223.36931950095564,152.43039252629856,353.30059344778084
2,3074,165.26641626535218,159.95272476938172,96.70129948761449,263.54993829839566
2,3075,75.85756117813656,73.34217839197615,50.574376941144806,115.94975994831468
2,3076,231.17832505040192,226.88123393556316,163.26834309703497,323.0730115302133
2,3077,1590.3423731570124,1554.874711834617,1063.0144136124593,2319.4278937395593
2,3078,336.95676500731736,330.7534568067721,235.56631624957774,474.4749769432521
2,3079,1709.1536764262376,1642.144733140336,952.4196487710971,2847.20351448393
2,3080,156.30344343460254,150.04676531382415,88.56040596662535,260.46157478985936
2,3081,1165.5075248555063,1119.4386598445774,655.2384466261524,1939.280027610837
2,3082,146.90194948680477,144.7942988827142,106.7200384573099,199.20423122748875
2,3083,195.53638816314302,192.53498574681146,140.30033748307375,268.29218964730836
2,3084,438.2665684161485,422.22534997490243,279.5816713590677,690.9718332490392
2,3085,1044.1382808113078,1020.7976176442908,715.5274125052338,1505.7199772944853
2,3086,1289.2159136804403,1246.233440224286,746.3978204130262,2076.8810850841046
2,3087,542.4196404036148,526.0187537528288,360.46204192304043,821.8691265001256
2,3088,195.89049542414583,191.44724856804447,134.19283283306223,283.0158322693524
2,3089,26.689906727655693,26.397450298326092,19.49809183039586,35.565030434045795
2,3090,7299.46384769264,7196.8936901338075,4984.970462135401,10190.867344511109
2,3091,584.2958987267043,568.0372423860068,388.34682752104425,872.7819253665858
2,3092,450.5303546202283,434.1711225733073,254.7015341074608,741.0046111745904
2,3093,477.11480635860823,465.4727772920457,326.24439602113773,696.4727775074737
2,3094,1581.0928624589046,1529.5131455172964,922.3367233103647,2533.334488182057
2,3095,1013.1547104724746,986.9987805611306,674.8334210245038,1500.1941206753174
2,3096,61.155247471795896,58.30368767948056,43.04935929042535,93.09330568408717
2,3097,428.3340604811819,417.60911956340544,288.7894661867256,630.3764034924718
2,3098,474.348063248628,467.49192729609615,340.43812198609413,648.4460984849524
2,3099,949.7266219070218,928.6716348043675,646.4417895795705,1375.3818746038337
2,3100,162.999569939315,159.53921129862937,113.61638691047254,231.53527094872757
1,3101,100.74519506978214,84.89738150235863,25.280057166059756,268.6159183614581
1,3102,0.3735102673416551,0.3481216748179755,0.17372187009421133,0.7234893916946871
1,3103,63.8199044731989,53.15239357493429,15.422523804467643,174.64474822101727
1,3104,0.1851583208581736,0.17099582295713472,0.08537577981003053,0.36839813793248366
1,3105,30.395487670397763,27.494853953216225,11.151007607893705,66.48158884304847
1,3106,5.55929523636792,5.25267675344301,2.7843998154781238,10.096135711685822
1,3107,0.5440549873044609,0.50623605417043,0.25309373576725847,1.0545234023758667
1,3108,0.9662195016792566,0.9148885890639766,0.49707935986809165,1.7306638358964823
1,3109,29.19273568480459,24.272961126117963,7.097975105890488,80.07477788978304
1,3110,0.4764621676436443,0.4540333391554733,0.2502751748540902,0.8318013436587891
1,3111,3.070854177920606,2.9336393991643286,1.645670876459278,5.304156694580184
1,3112,1.4872211154392865,1.2200843041688325,0.34695829184383964,4.192193350911001
1,3113,0.4647895558135502,0.4396785378878023,0.23634848238226722,0.841136401017009
1,3114,11.61514499741351,11.107965294323634,6.26797568819358,19.903464840814436
1,3115,0.28980063756747887,0.27612657971789156,0.15301775490558933,0.5058345164304004
1,3116,63.07354402022597,56.96348058843107,22.872918499788035,138.75589152098524
1,3117,255.65447533530474,233.81753606195832,97.87555230292797,539.2402357107264
1,3118,1.8973067540954132,1.8054313927661498,0.9933171634224961,3.319388747044911
1,3119,1.4980584793526568,1.4234807094213484,0.7855913251167558,2.635622313832489
1,3120,31.194492127182944,25.875831018168896,7.478099726426194,86.15303136333496
1,3121,2.095701858418981,1.9917551672951332,1.0956354275290132,3.7043316371911663
1,3122,5.140650879486451,4.673687260221017,2.0542801952885963,10.996300711014307
1,3123,0.916656858455338,0.8453035565926599,0.43652841347441174,1.82070944724956
1,3124,4.704212450153769,4.270710961056794,2.035183889111932,9.922062499754148
1,3125,2.344963166866711,2.151232389526596,1.1723379650775696,4.645607463217718
1,3126,1.449279414615397,1.261133548631368,0.48470332811992756,3.5318008071294145
1,3127,0.10156485241498682,0.0966968002578799,0.05146586795137416,0.17980123300414563
1,3128,1.8872028560916585,1.7850877161713063,0.9776314595102609,3.3844503270287625
1,3129,2.3943044754668756,2.069893300498956,0.7172124243369473,5.9966485904786015
1,3130,0.09965004657763228,0.08029641633736045,0.0,0.3146047202693635
1,3131,0.638596147254462,0.535035116842594,0.2489762123312785,1.6680972485045307
1,3132,62.76343688670146,51.04998489181516,13.974534915929054,178.87955207824808
1,3133,0.6781711857008722,0.6231749287306175,0.32278320764228496,1.3540386344386024
1,3134,23.505053021367175,19.20191578532812,5.380711037808115,66.88597264160629
1,3135,0.08211326812254008,0.07559579648398819,0.006903164148123068,0.19231637748521238
1,3136,1.052387360528333,0.9815888061676594,0.5350116910309382,1.9772135911034219
1,3137,0.5913715524922288,0.5645360782434568,0.3078729109509093,1.0323565795736163
1,3138,1.1423796200661187,1.0580953266264361,0.5618795468078283,2.2188806576419298
1,3139,0.5789628458267629,0.49648102372219177,0.23093184490898763,1.4331922393168262
1,3140,5.447827018023074,5.100870472875741,2.7378221319859124,10.154986051324702
1,3141,6.776093151983068,5.923736889330908,2.0245442352967022,16.60910332316952
1,3142,3.2056920112609184,2.8633068563202215,0.9305131098764017,7.5560148854812095
1,3143,0.8432988107717595,0.7260840418840926,0.35777835826226306,2.036099643331114
1,3144,0.1941958839499315,0.17435282412120356,0.0,0.5381666099626501
2,3101,2022.670078442576,1955.0259049816182,1165.3886266167274,3266.688336898465
2,3102,185.86900270551206,178.65853863024776,123.51331865685911,291.1349309259461
2,3103,1947.1762039652413,1870.4427712678096,1081.2028913366398,3263.112866232192
2,3104,149.64812214861672,141.74357368139198,98.02845904402163,250.11750971607862
2,3105,968.6604167583492,944.0852564830099,652.2783088931011,1428.5183669877385
2,3106,1160.0523649262564,1127.719970892094,748.1961595500117,1758.889250250899
2,3107,347.1880724999071,332.96802563000693,211.58979697118244,563.8487975705046
2,3108,460.229554912612,447.77524229342566,313.4190135829895,679.3281284098626
2,3109,1222.8256183381916,1179.6623629174555,699.2305567835897,2000.0429752540003
2,3110,210.94974932699733,206.9183649989803,148.4003317018377,297.35678245004436
2,3111,299.097311169346,293.9322370612251,212.27251627049978,415.46827585300366
2,3112,271.9801711186737,261.6939357746837,155.10287028878594,447.34032480829256
2,3113,301.15214978959347,293.0966023209835,203.78559627045368,445.9901898893516
2,3114,1172.7030558916222,1155.0559703446556,839.2273259102069,1606.0445915947535
2,3115,191.35336529606022,188.06595406172735,135.2562625058379,266.38097018272447
2,3116,1647.806346544282,1598.5392843100003,1074.8936560447758,2499.631150680303
2,3117,4441.211187788001,4372.359363002479,3105.0073858161136,6164.695409029168
2,3118,696.3371575076727,683.4345523156745,482.5546226762463,986.7643195361146
2,3119,314.60706945582297,307.9918488933187,217.63723052854706,449.6012080841324
2,3120,1965.1957319461067,1893.4979363649782,1115.7698555812665,3225.2797208414954
2,3121,808.7452111681133,789.5903565431981,555.9988494036759,1170.4511996968743
2,3122,656.8453885937867,614.0255658824804,313.3700464325313,1248.363270880746
2,3123,124.38834543837099,117.17075634825011,75.72250620847497,216.7679975073839
2,3124,593.8820897052244,552.2669809707944,318.512783802744,1116.6182029311608
2,3125,140.30787193717845,130.68097053701558,91.97448419792546,250.5907366818846
2,3126,261.0751417008246,234.1113884844197,102.4785726614348,579.543911788484
2,3127,53.191896453346104,52.58064156572465,38.680601087801506,71.20691795986134
2,3128,353.1358949796261,342.57062186690445,240.91145764993783,528.4814167602303
2,3129,300.819178299768,268.59994926481767,103.29388785521866,686.5864763274457
2,3130,64.04532040109304,54.26401223389337,30.879045098643576,156.92976638209737
2,3131,118.90699394956825,100.73276231660539,60.44423888376582,289.21897082821823
2,3132,1183.4628826361052,1097.2537322624325,551.3302876603735,2314.8950604150373
2,3133,192.11320606652652,180.11505794343674,121.88066885740614,336.3955943404244
2,3134,753.7073117962493,708.8660858863202,381.0028134173752,1392.2379467833766
2,3135,15.90019978051191,15.684733309316176,11.004052456975574,22.013862877281095
2,3136,256.67260190950924,244.67336454397866,175.75494208057594,411.4327860574268
2,3137,66.17470533380268,65.3797539990853,47.96441825847829,88.69893431349763
2,3138,292.02611701141296,276.5632360159661,193.10758792253998,486.65530455903064
2,3139,101.80968269140267,88.24317002452719,57.11289084335876,232.2732992566134
2,3140,407.2225766648979,389.65446914808234,266.54709164926487,651.5951077404605
2,3141,580.575786412341,524.678147153618,195.43202692217773,1301.0431949040264
2,3142,463.84794992974224,429.0331494810845,148.79386871123464,976.2976171668712
2,3143,82.81185029773965,71.96769871112646,47.65420982475284,187.01825146663208
2,3144,56.02731618050427,55.389863307779095,40.64800965793762,75.06986179397978
