ethn,county_index,mean,median,q025,q975
1,1,5.977680653588312,4.9136233129814535,1.3941669859856813,16.83469365622492
1,2,36.919850755762425,30.555440991828366,8.893805713710936,102.20796936138349
1,3,1.3912297459989176,1.2835280031201832,0.6437328830200468,2.760829469835481
1,4,7.373532113796094,6.211052591353812,2.0795811335559433,19.5333880473472
1,5,49.61298902625757,45.975638178853806,19.777848775994563,100.27653342304343
1,6,0.5872669147302483,0.5022111124826336,0.2331030270770667,1.4654177998570312
1,7,0.3670864231545505,0.31873975200232635,0.1188976333467479,0.9021578499654529
1,8,12.134549526100724,10.008549441005059,2.8825318613551336,34.11397516767036
1,9,0.6235846970354397,0.5738719499286813,0.29333922846893334,1.2479556132362066
1,10,0.37637204661515444,0.34532682227678635,0.15890541318712575,0.7710943124968477
1,11,37.974078680308736,34.32712239022064,14.196030073999012,82.95668012437518
1,12,0.04417409088869351,0.04102965291114242,0.0036572958866315374,0.10146146727887681
1,13,0.3827972253664634,0.3373617681963057,0.13320737498757895,0.8992517513819392
1,14,0.7760886981478876,0.6916721203096869,0.3124520442556735,1.7355518968229415
1,15,0.3512272839021192,0.296256030492172,0.12838012461140083,0.9098012061519335
1,16,5.170993296790947,4.7569200701315,2.4332996640190863,10.332876616345795
1,17,3.770147594580397,3.1011501783605473,0.8798162371886973,10.658760002340012
1,18,0.17605833922751846,0.14989705931356156,0.01239554009165788,0.49039216543818015
1,19,0.5301656846186238,0.44299804433335777,0.15841330249439226,1.4074277546025065
1,20,0.8592335972145729,0.8019786309929264,0.40329254734928943,1.650556714041523
1,21,0.1414099421442528,0.13163555831797608,0.062199801081568765,0.2696317971391413
1,22,3.5881616090316784,3.3949069847115028,1.840690903797323,6.464414618618636
1,23,4.152719678099988,3.9176314189283774,2.0683593564504212,7.6144867404733265
1,24,0.2263035742592388,0.21255702741188365,0.10747726211894275,0.4248013576336828
1,25,13.73611313513138,12.89396438516638,6.836429803659243,25.427317907505163
1,26,8.736548918601743,7.181131999018236,2.038725287968026,24.559426570049837
1,27,0.9535974380993603,0.8670918452770939,0.40657239495141806,2.005339223965102
1,28,12.188938270057733,10.114409279679577,2.952397435515046,33.637847879426914
1,29,0.08492903870446926,0.07575694483502265,0.0,0.2426962976962759
1,30,5.5830134368107585,5.1350763513318025,2.7116532775405884,11.118064703374964
1,31,2.8051594247615657,2.2947219342863274,0.6530096313970722,7.982501927474302
1,32,0.0786012232348882,0.056130530891847816,0.0,0.2988067266093756
1,33,0.06562448402027374,0.04256918840226627,0.0,0.2749176824361064
1,34,0.9927989060051917,0.8062796177101871,0.22601573694255028,2.842335351557547
1,35,11.66570480156956,9.714570330031805,2.844594080543777,32.03397693185641
1,36,1.44995260561148,1.3740386170168075,0.7455519862597625,2.596815257628879
1,37,459.40040082152433,419.9627406898359,174.80638652218815,966.3163459906967
1,38,0.09239605280098943,0.08165322470772776,0.021513970228431965,0.2237183840311585
1,39,7.911237685016397,6.524110172092802,1.8841473651264424,22.00793469158559
1,40,2.8140440488152225,2.270391601665352,0.6234816148748598,8.193863224779236
1,41,27.700354836742157,22.973929555170926,6.631840751335135,76.81039800450445
1,42,23.229262914139152,19.234450660666127,5.534331839570967,64.60081400080611
1,43,0.04100743892362364,0.02663520709617421,0.0,0.17383618029539397
1,44,1.00289577268019,0.7923966232492823,0.20395555862964995,3.0616318391123496
1,45,90.50063732079111,75.2841012383599,22.143285702578005,248.2469813117883
1,46,0.3103659150858771,0.2785579935242788,0.0,0.7961437698864281
1,47,0.5176368149450693,0.48321519465368495,0.2605561018554654,0.9673226797790161
1,48,22.895713796879576,21.61153387535626,11.445965561355893,42.0004300015385
1,49,41.76038175416314,34.63108398115311,10.069087657452153,115.98938527461341
1,50,0.04074796449312449,0.03541362925969485,0.0,0.12081230227763629
1,51,26.036567904383816,21.691087591712837,6.367587171836551,71.70056214744734
1,52,33.413391846745945,27.95783417066002,8.247384495434941,90.62505207894255
1,53,0.02154245172528315,0.017772957863111984,0.0,0.07105995690608657
1,54,1.2272963820598055,0.9888236171989722,0.27442050720481886,3.5517988524697603
1,55,0.8409103502009889,0.7811869023299974,0.3983605686374401,1.6317742101833268
1,56,0.784399569915853,0.702230334439179,0.29903023800815104,1.7504469707382648
1,57,10.536714943626245,8.459812626929931,2.299738960191667,31.144202093789556
1,58,26.124846374687632,23.38543401096848,9.193450607986124,58.999246258401335
1,59,162.7690414032764,149.66232084126074,62.97182020857292,337.4952269519506
1,60,0.039011037622574,0.03483675821115405,0.0,0.10936299102887675
1,61,2.279553984741311,2.1359333266340794,1.1262517919461157,4.246091231753196
1,62,1.1320634853158422,1.0552133973276314,0.5425794220796473,2.173764630472227
1,63,44.21162336721504,36.62777538189556,10.616669719547865,122.1091687914894
1,64,31.469918051447305,28.432460916956007,11.471537873234261,68.65923374040997
1,65,0.07162985036289786,0.05917148860468255,0.0,0.22386688958108403
1,66,0.009136572918144492,0.0,0.0,0.051781084561981106
1,67,1.4265207539416707,1.2783079993458153,0.5881955470296728,3.126119437900011
1,68,0.5537855364617842,0.48680338776662413,0.1952431325839687,1.3084903021197731
1,69,0.7662631849868935,0.7080484392335954,0.3815079848834834,1.4676648530559193
1,70,85.52854830108889,71.20061205968204,20.7268065890326,234.58412556728544
1,71,0.14474635163367616,0.13592505636841012,0.07012907450152944,0.2687207796788969
1,72,0.08706977176376568,0.06163691626649177,0.0036113893386920787,0.3207618614309774
1,73,0.26603916211079215,0.23327701769840642,0.0976383278092346,0.6310756634113566
1,74,0.08867051530877765,0.07565975369234199,0.018981653998631862,0.22457667009556356
1,75,0.18014216024766416,0.1179784784764772,0.0,0.7594644468246057
1,76,0.09507087384412902,0.08264645154906697,0.03741991750826929,0.2262168972512222
1,77,22.89659237597004,19.035229419917492,5.517546109112773,62.99371644914684
1,78,0.04281705610491168,0.0390719766668276,0.0,0.10750934365280389
1,79,0.37897042001959585,0.3141634745763366,0.11183273837888576,1.035382695998105
1,80,2.5295697851580243,2.2835655334733573,0.9539754196750023,5.523059108399413
1,81,2.1615315038355214,2.01019333504134,1.0097242922319831,4.206137376519988
1,82,0.9666080489823835,0.8763806594983461,0.35804727924882057,2.120078700480493
1,83,1.0417768956442297,0.9442422717058185,0.4689032333763507,2.197564957777402
1,84,0.08089244219582208,0.06204867585397565,0.0,0.29030776208863646
1,85,0.002005005591385543,0.0016900343684730626,0.0,0.006282401794237455
1,86,12.173657377324236,10.105454547117674,2.951843130627729,33.66050067661003
1,87,0.10751693583185425,0.09444791541474779,0.03667536425694127,0.25548158142237004
1,88,0.29502456424303486,0.27993396060970044,0.14468219566771132,0.5305944843099926
1,89,0.06813646478040462,0.06058557192894605,0.0,0.17893593318117904
1,90,0.27782908568974557,0.2405160692947798,0.10590236301398483,0.6588327254311407
1,91,0.14991166228151956,0.13966229895085078,0.07566745092043653,0.2726961082307876
1,92,0.3979391946235529,0.3771741336457465,0.21023462551028627,0.70602870872086
1,93,0.030264049583067013,0.022217922390740573,0.0,0.10657557092504598
1,94,0.28421666499152304,0.2700451296950383,0.1385315978235254,0.5114488143294735
1,95,0.09001715285004712,0.08413194631492363,0.029205900951655057,0.18470278712626503
1,96,0.020140583315054607,0.017649227672084013,0.0,0.056063415967299225
1,97,0.09191513984365833,0.0766559233640867,0.024678675625545078,0.25000357113936944
1,98,2.4176698420851443,2.302902852199809,1.2846544512583093,4.209234554702746
1,99,172.13986572586322,148.50769486695856,45.65104603555452,435.8923958059185
1,100,71.08168898214674,59.751388240198196,17.653675384092242,190.4963456041162
2,1,481.1336921811238,459.770553660532,265.3171662709233,818.4786166997492
2,2,1996.4780961219624,1919.284644997098,1131.750803035065,3287.6476849998294
2,3,361.55631404218207,342.3238631865598,221.32333836030818,613.8062601909526
2,4,267.9900836860906,242.246270735606,151.57233852025698,544.719781165772
2,5,400.2321335751288,394.0552173809958,281.2925781910981,554.7732325567
2,6,150.97074857648838,130.74497113387613,79.34363940214686,344.8710641294641
2,7,303.5204310224864,273.7526188215122,155.0047984021156,630.241957233836
2,8,876.0729912746182,837.3363756025723,488.0980875795445,1484.6107573984468
2,9,303.00308945127966,285.54111321819425,202.97531709945716,512.9003358163234
2,10,344.66093072834013,327.1692399892987,211.11891236145183,579.5777930984415
2,11,323.25426284257117,306.7161446249804,210.894425826824,537.4205087225973
2,12,90.14411075634104,89.08227364278096,66.06755156385702,120.1039454039978
2,13,368.04931467545566,336.16497706737294,194.9790290774496,730.9108587076536
2,14,263.40807564454576,240.90185225701677,136.89901012084422,520.634906172342
2,15,218.31086296099872,186.75597240248885,110.32570561280838,513.5475154124064
2,16,690.1474240229749,647.0647611075697,414.74423723906796,1220.1148721871177
2,17,398.5658739551705,381.87007139645607,224.32467603041533,668.5630125952717
2,18,194.19176569834832,175.56097669625615,99.80187043811935,399.58717848973396
2,19,395.48517478923776,342.82194271248915,152.7432469228027,943.3862726318212
2,20,628.5780184566487,604.3855998372121,386.93850843649653,1010.4181328687328
2,21,97.47273294944615,94.62339441004826,70.3289032940831,134.65123274407938
2,22,1028.6976292629342,999.3241438924326,693.9986163895662,1529.1337377946418
2,23,721.7559603928821,698.980739943034,464.2240527952318,1109.3899681141975
2,24,316.88057717336363,307.9341800195375,220.01324877033773,468.16754602817707
2,25,925.7250666779211,890.3153836919253,591.403576237085,1472.5179118344777
2,26,817.196973724992,781.0546762501127,447.6282802153555,1394.7983958839427
2,27,442.9607188595317,413.6118363900679,270.7663742201414,792.2407292239081
2,28,777.2437870702419,748.968033551077,446.13532015424585,1263.8007634167236
2,29,119.95163518896952,118.6108969714312,88.26065753495793,159.23501190702194
2,30,316.8859745288227,296.3398740893824,201.20169698650105,559.8299091738593
2,31,175.42179991468103,166.23857418806196,97.20833893301818,306.23632579723625
2,32,39.81672468584364,38.56681666297432,23.023433220604144,63.77058549688896
2,33,152.73979808316594,138.2636026525991,71.36560319607548,320.3690580026063
2,34,134.7563527356252,127.95361898030056,73.60085119815216,234.37735971630812
2,35,828.4602951581419,801.5685109354622,484.2973063714932,1326.2967355372857
2,36,542.276138374561,526.3034397331144,370.3855231326269,806.123642848645
2,37,7870.4374684277045,7755.14279686395,5531.269451069839,10867.828481246563
2,38,123.7209325562733,113.06791794969357,80.38924278084782,235.79197166651036
2,39,762.604387024938,733.271365308844,430.8377507155127,1261.3311843224506
2,40,319.22938305529243,299.6773463469995,164.59120444518658,587.3279328838496
2,41,1618.9121164069975,1555.7400708703688,911.3283986318576,2683.3761914295687
2,42,950.4528797890522,910.7097899866782,527.9453015539491,1598.4157207755818
2,43,51.53010681281169,49.95824950465975,30.411188196926783,81.31382778049712
2,44,143.4359484857389,133.57221362275519,75.56062681018581,270.21187833772615
2,45,4358.509395128898,4208.266034431841,2510.3258656128132,7024.251388428774
2,46,169.59633426925376,161.70772414053604,111.9682777366928,275.53996590632886
2,47,238.26330371102256,228.1079320732838,167.11055876842408,370.10838867378226
2,48,1510.5071942413417,1464.0437361470288,963.7854887294463,2329.0565212330444
2,49,3955.849280086337,3822.6489861740774,2290.478428041388,6350.579724992209
2,50,253.49056497135948,243.70137627487577,160.97394943886343,402.4004302586928
2,51,1661.266490206458,1607.9562946185897,971.4909506630001,2643.143524438493
2,52,934.0036716048439,900.5360958923457,534.0146126606364,1523.0053404259816
2,53,57.863207123471824,57.118704203100165,40.59585343423654,79.44087773731596
2,54,114.3013934070436,107.56543078504816,63.80420395494148,203.75341383719055
2,55,435.9830881843087,416.21642836036733,271.75956590716174,715.6657754097757
2,56,406.733099358465,377.34410039405554,220.61591308604204,760.6293784485931
2,57,608.7599952465177,561.343037758174,295.9576459646086,1200.3730951187977
2,58,893.8835927673877,858.8228098712177,578.7829290267812,1415.3080071104573
2,59,2007.4150271259898,1978.4586867859734,1409.2783311460087,2778.8699349338813
2,60,85.23766046593123,84.20698885277902,61.78692557829609,114.6387237567767
2,61,1107.863250715305,1067.9217581091066,708.1984043639345,1738.759810240999
2,62,562.4327383325265,537.0500935523742,348.06410708113833,926.9616569557687
2,63,2486.9931583141947,2392.670251474486,1404.248355000173,4100.22904880279
2,64,662.299624784725,644.9890660721736,440.7872340541978,984.3307231439888
2,65,201.13079528128958,177.85237662853393,109.74310354554592,432.4486940587695
2,66,128.10203240293797,109.68835985068363,66.8575022080752,301.6214669221459
2,67,469.3195896082575,430.83264388334976,243.94408520391067,919.6020252835383
2,68,60.114042524020974,54.624688445166505,31.01832611659414,122.5911421863469
2,69,63.99265286343993,60.53378994429779,43.423364334035874,105.08417067997065
2,70,2898.0442514472043,2786.7779425016724,1624.8378455545726,4805.503947457714
2,71,132.34406531123744,128.9032188100216,94.23982146429175,187.51386294068587
2,72,12.975899151824795,9.388113625066035,5.641515757767315,43.39479561093319
2,73,89.87254011046353,80.96557581412281,48.92631199895936,184.4202692861701
2,74,25.502028989320454,22.609684101294835,15.479333110459084,53.309371540838555
2,75,49.01258872159734,37.89362694017969,13.552273492776157,154.07703166526687
2,76,46.05055580291987,41.001655797689885,24.983351694007283,99.63194401271147
2,77,907.9049367604044,872.2962610495115,510.21447639505266,1507.9933672091554
2,78,13.638231876241031,13.440598370963023,8.995629769970323,19.433603015484145
2,79,30.200150793802646,25.509879556026494,16.971332100570763,74.06097418299537
2,80,520.9722668618368,485.7153657217905,233.23590542046992,1020.1243385114452
2,81,718.4887989756173,686.0935834568375,421.82775914593344,1203.3298192677269
2,82,234.61578288510862,219.64151867640797,103.2700136168164,455.8901606767127
2,83,149.51049360034574,137.9687459452284,88.15706456699904,280.46850710963315
2,84,65.49516204176885,59.75420327451911,41.312995366496416,126.48739031395222
2,85,7.356098232888732,7.237683558147092,4.359961112895081,11.026823463322774
2,86,789.2960590314856,761.8616137015908,456.9038610733219,1275.5815228334557
2,87,93.81270445873999,84.52182963533903,56.51522379362861,188.36520918058176
2,88,105.88523973231119,104.6798946345786,77.1459985600171,141.8452057754806
2,89,56.43419293971222,53.20829918791968,38.27549111423975,93.47154422287852
2,90,32.3303340756817,28.672643711507952,19.75663306281298,68.23175677043638
2,91,50.796147716765546,48.8753309963929,36.28892977320667,71.75341398788395
2,92,73.38914697147077,71.38327070980549,51.9933288044867,106.82932963024538
2,93,12.784024176464076,10.212779484892458,5.680194563967604,36.67828541916481
2,94,57.021319112746184,56.38625806897508,42.05973295232224,75.558710925563
2,95,16.88514249852249,16.664258470428862,11.936839162918712,23.07125394908086
2,96,5.556658822742955,5.45924391318999,3.14022457841144,8.50692730112107
2,97,81.15477212242943,70.59736152183297,36.94466761134112,189.4164009189379
2,98,506.9302007713803,495.972250197743,359.4854230096579,718.6762420156832
2,99,1222.7563578289617,1172.7327342307626,655.535832677521,2076.7243583860864
2,100,1359.386279282179,1308.1548677264495,767.6894629216197,2235.827683447122
1,101,7.943096290107524,7.39091280472759,3.897801227982853,15.180212036624816
1,102,11.417831256504389,10.696309515396795,5.8046951601594285,21.125315900961414
1,103,4.122793092293777,3.965214426600244,2.2781643766298307,6.869963252833393
1,104,3.2460726129920863,3.118845000254028,1.7951446114791436,5.434209848304098
1,105,22633.882637926534,22189.135822163742,13158.99788597798,34616.3003988456
1,106,119.79037539258265,101.07934483149235,30.107418871870458,317.7663434129876
1,107,8.51335066146433,7.9700487003038,4.226450220932978,15.945724851385307
1,108,6134.292119627022,6022.898559316385,3664.6178172004015,9222.80221873461
1,109,1329.4232543370501,1266.9343597375037,593.2240007941436,2435.5721237491603
1,110,97.8485344182701,92.31266403317943,53.23984840692235,174.86791666246359
1,111,127.7079849921551,107.64961625257514,31.88100487194542,340.8471173165467
1,112,490.4535302141001,450.464494950283,162.31183956398837,1044.6010686581317
1,113,0.7974880762151566,0.7138331544139845,0.3348740047340323,1.7543129217168285
1,114,0.7313864253235897,0.6719145021609769,0.33725493619360336,1.4801617053031597
1,115,1.158348273402639,1.0769592588355181,0.5499336509669197,2.2360698120399602
1,116,149.9458993989242,127.10606558514999,38.23467035631156,394.4958708455381
1,117,0.6000857968926064,0.57233487388362,0.32023898224047576,1.042912606061344
1,118,1.1300874272219361,1.0398372156776845,0.5625004046254548,2.17884510225144
1,119,0.6822540868453455,0.6065752293402702,0.24125869244696285,1.5705768599781744
1,120,5.483213546319044,5.1180742586448,2.596994972940863,10.446676216439718
1,121,0.4079351724296827,0.3872882566577527,0.20050101305226992,0.7312212144089186
1,122,0.7436622506171193,0.6933381346036187,0.3819291566100901,1.3903464439350757
1,123,0.13189418386646584,0.11583305400713123,0.0024980414153058022,0.3515235012881706
1,124,0.6161842990850595,0.5652894817875709,0.27955636509098986,1.252558989494729
1,125,0.05427571978428612,0.04155669091965719,0.0,0.1946757179749297
1,126,0.6567891979366193,0.610092506173243,0.32260143947054476,1.2651837614991281
1,127,1.0382261565463422,0.937393304932173,0.42824383033297275,2.2441617688473894
1,128,24.078198239765843,19.86989007864173,5.638054321549472,67.32911527373872
1,129,17.910366418518453,14.544582910244518,4.027195976630755,51.768842815240234
1,130,11.584638200101606,10.4962134553672,4.292821853269219,25.196387393189916
1,131,0.3062013564595379,0.2721752060313315,0.1157618626905654,0.6954513037107104
1,132,0.2021683313290953,0.16049627708199155,0.0,0.6703454303381129
1,133,0.353648871464474,0.3364329509077528,0.17787865823354707,0.6284553755133045
1,134,1.0972610827121518,0.9683002509257381,0.4183487486368318,2.5210231771924354
1,135,23.76768848691296,19.732461949691615,5.695838705543533,65.5797358651571
1,136,0.6692542627700763,0.5939035669757124,0.2662672586104299,1.5060146741186355
1,137,0.10913630492583776,0.09769461459437656,0.01993851001907935,0.26097912289884784
1,138,21.604992881686638,17.899041700212702,5.221596869711637,59.77970754904885
1,139,1.4803581572118922,1.203196050415595,0.3387528308486783,4.27399434509055
1,140,1.9611953295939584,1.8281086153644264,0.9209312844076207,3.769433182883272
1,141,2.2376046645104615,2.032945637166641,1.085880659536358,4.5886891846213524
1,142,2.410548805188035,2.1628013681454306,0.9042706048149708,5.358100505877015
1,143,0.8041123845822769,0.7556392868912942,0.41414589501274596,1.4385728342693092
1,144,2.9072137073524336,2.6915195845666418,1.4036488331966706,5.660858433380121
1,145,0.36688181474173936,0.3337625655256534,0.156098630660231,0.7709140173518364
1,146,0.3976185516750907,0.37295232498548336,0.18520777089672183,0.7533271850430977
1,147,1.3346402445604304,1.2611301633029244,0.6837491097273839,2.416933263719845
1,148,3.0827439641124634,2.848597682138296,1.4824376667187447,6.062195323245946
1,149,0.027828569908561748,0.024468638491785183,0.0,0.07675455626928769
1,150,0.30872594847842166,0.2888532006349605,0.13991520410519165,0.5923756971896862
1,151,0.21167466371114915,0.20047380446055738,0.09904331949857215,0.3902030457543721
1,152,0.7593863138709033,0.6813276515480748,0.3523890258650608,1.6355542054931445
1,153,0.6596109190008085,0.5372634579637552,0.150026902495805,1.8774697034948848
1,154,0.9023867416611389,0.8252384633766867,0.40465451701444877,1.849475943569925
1,155,8.805118367674412,7.287695457424011,2.107500094586573,24.45567703418421
1,156,3.1631963318084932,2.509738615141836,0.6763184937525428,9.568961945618666
1,157,0.26253580233211504,0.24113559016043548,0.1226146209440741,0.5282059713852776
1,158,5.966662040153558,4.882304856217477,1.3795723542781784,17.00012560283029
1,159,2.0260298915767043,1.8255188007509866,0.8798531414982745,4.360582455876741
1,160,0.10230532459845172,0.09748297530948431,0.053053081584533424,0.17835406025536685
1,161,0.2991801458000481,0.27070022937084287,0.13591456276016078,0.6163051124012788
1,162,0.21892713983889006,0.20627182554272633,0.09306928721339562,0.4173985601532107
1,163,0.08892276794066685,0.07599060424422543,0.009751971078593392,0.24381839356600224
1,164,0.3788044521296861,0.34941448375620776,0.16247805173130886,0.7666743193266378
1,165,1.1257881785873547,0.8499447401357445,0.20774338013184943,3.6992286415813953
1,166,0.3629203927547366,0.3215368620362634,0.1444236582218183,0.8243738822212525
1,167,0.6565340506236759,0.6008861766363626,0.30355645028845213,1.335085795726568
1,168,1.6097967428141187,1.3316105876387305,0.37999710098869555,4.495068139194931
1,169,0.8702611493912945,0.8217074425451323,0.44978018524039537,1.571517963249439
1,170,9.362568023167318,8.690350421425883,4.268366391693639,18.458628036029022
1,171,0.15475274302634368,0.1474716017494505,0.07963693934685072,0.27124821526737586
1,172,130.6630594777389,109.3046576829014,32.16316932781011,354.1102690464273
1,173,0.4726439683903992,0.43742790307085244,0.22575572229050606,0.9243314842214346
1,174,0.9991927001855024,0.9275924204057431,0.49346279163456874,1.9305847634145161
1,175,27.381817127984046,22.67308512679476,6.590503333724637,75.9166230027661
1,176,0.9567972885327687,0.8131690360830823,0.37843631025640073,2.4089640211138534
1,177,0.08763380137450902,0.07441397743033021,0.0065188008625891546,0.2461783388171171
1,178,76.8310527350773,64.65153980175032,19.062495419997745,206.87135989190344
1,179,6.905786844621031,6.412349966848941,3.3397805221045793,13.311790835554227
1,180,0.15819091202401792,0.1462519950703735,0.06927134662136593,0.3131843031769016
1,181,0.17903254440637079,0.15553225022138775,0.06822301896340154,0.4290334828801916
1,182,1.899033528767696,1.756055282975305,0.8828669084959816,3.7405630791773925
1,183,0.2866973350953079,0.26244145673646246,0.09842734589406016,0.6178226584051465
1,184,173.04091182584062,146.37164105817988,43.7545849159342,458.9904695511198
1,185,3.4440327998419193,3.2384405785086927,1.6993712455986374,6.395627071480859
1,186,0.033444144056996354,0.02663229474258177,0.0,0.11325025434138014
1,187,7.86844834212056,7.038063743407433,3.1906902512919864,17.37602519058084
1,188,8628.340014328705,8413.536155177228,4761.955318386114,13695.155302591142
1,189,0.1631253985699608,0.1497081449562241,0.04529281814229407,0.35615489336527323
1,190,11.728341394018436,10.923916735772286,5.648763857076911,22.359757198266273
1,191,170.7098130108212,144.6443204810372,43.40984459932587,448.0820347289085
1,192,12.280492782257038,11.3520323420861,5.565034639026374,24.27610930996826
1,193,23.525278761993135,19.32985681517726,10.52758570280154,63.05246432940718
1,194,4441.395740835601,4247.452097677991,2011.3600854475371,7965.171655868739
1,195,10.945097294835325,9.98655169512934,4.844298904163719,22.75237770271623
1,196,379.54135192806314,352.7124072675339,151.98119058074084,761.1801868485812
1,197,6308.630485287107,6222.944709598007,4164.091196415654,8932.931228486626
1,198,27.42925253146117,25.491203325450414,12.957915400227108,52.97596240262556
1,199,33.247781547731215,31.45540005785466,16.582578185866232,60.38099148649098
1,200,838.1590974087655,797.5479917498182,356.15321961164614,1557.6604945616075
2,101,510.01892882766197,483.2117984047875,324.76947400239106,844.1939267326188
2,102,346.78230001746357,331.1952766640169,228.01346894493625,552.5877932560962
2,103,65.91188067863335,65.10989579353894,47.817556304260194,88.38792782712414
2,104,133.61862652407166,132.13044726383154,98.3306281054919,177.7495224085797
2,105,29675.638401818494,29212.598449523248,18821.91359468515,43275.4150797357
2,106,2016.4856024980927,1939.7463085756383,1132.6252701877588,3322.3130388499444
2,107,936.3274897893889,894.0105670169451,606.1813246215323,1504.666879153825
2,108,6544.518170665741,6423.906773377135,4014.4066347768876,9767.287739556752
2,109,3317.4000607300286,3249.258226784302,2049.2505101690344,4980.148582636754
2,110,300.14408563104405,285.0515482546157,190.21368889642423,496.94580274896174
2,111,2432.919101606313,2344.395250897239,1378.6611961854567,3991.8752223322567
2,112,1087.8371050466037,1045.2469025155863,535.9856780547315,1879.0285636579126
2,113,237.9662908820511,217.74498611893148,129.90863801704984,463.9222566033585
2,114,180.52589912760706,169.5755681614959,115.98918802947516,312.0854121588023
2,115,547.829595529197,522.5874172520108,339.3044515904043,898.6667838119037
2,116,2334.9900206319785,2253.8207140631284,1339.134921880159,3796.9266321444256
2,117,295.8962450094893,290.42719985149296,214.5415522328326,408.5871945124476
2,118,77.66608498697215,73.04867008707409,52.656903746375875,130.13576553989625
2,119,62.64937224395783,57.42289192000288,36.17681729245372,120.79298054419307
2,120,417.3080368055662,399.8036950832976,249.8449000321329,685.2556851885292
2,121,76.78744258846444,75.96087884487733,56.30300721876032,102.03658714446847
2,122,176.80006713033708,168.36807359097077,121.8711622561165,284.0257763889743
2,123,153.8794924441128,141.50578835265878,94.14940565419441,289.40742410175295
2,124,298.35170383287726,280.165057690396,184.97260010554308,519.5901174612686
2,125,132.13614745329562,113.44194642809362,59.92475395504572,315.51247565087436
2,126,188.79944697166965,179.76773267125662,128.93462506810909,305.27204693392196
2,127,272.04377523679165,252.3440462835688,157.6959403997221,502.69825148561983
2,128,1184.1175038070278,1129.340500479164,636.0509328540882,2042.6560865308004
2,129,713.2923969382579,669.0748021014917,359.7386788814723,1323.992190819632
2,130,310.11360984045825,303.1541578599398,215.6243414873494,446.8974804320781
2,131,208.07891891373387,190.86069881876742,118.44080085866047,399.8334236112301
2,132,140.59708803021203,121.99088732877357,60.55835043202971,330.0264625830483
2,133,74.18063978464794,73.36894968126782,54.2888220764786,98.62376377988062
2,134,328.0585535155159,297.7980519696878,158.59245753457574,674.2084147507151
2,135,1308.0116499237708,1259.2380044081037,734.8817299966321,2166.45275335078
2,136,267.8263649842088,244.30567630814636,141.23423977555876,529.5437813406284
2,137,106.81946135502305,99.75045576800011,71.46615453953486,188.62636910050404
2,138,910.9267999226726,875.5411930773978,514.8764319903028,1505.938627943143
2,139,142.77409491404222,134.17794819862038,76.21646137420808,259.7416761367885
2,140,654.4897784096396,627.6257494840257,394.91713444007456,1068.3334498645297
2,141,174.7213171000335,160.92980877293093,111.72606023487725,327.7305297952955
2,142,820.8186190389671,764.3116025163831,411.3762974710147,1560.5762453565267
2,143,88.77730478124785,85.94913437731154,63.31238579082728,126.00905354739321
2,144,419.59851794916307,396.3160176290654,262.2892450311344,715.9770163962838
2,145,194.44690024744912,181.8931091661173,116.87972467689944,344.5551134059077
2,146,178.15598287950957,172.93869777406394,120.39680609685803,266.82810226645717
2,147,688.7186132016693,668.2701433395622,468.95683663817437,1031.5312661232465
2,148,288.6306081191953,272.1437398536835,179.4030548622304,495.225260948128
2,149,49.56299333694914,47.56922041887843,34.850572925980735,70.7309767149308
2,150,154.6787469292524,150.22494462445758,106.17172870811385,229.19420863355978
2,151,78.41097662813073,77.49606678485358,57.30980235052002,104.60957208110895
2,152,197.11502647329888,179.15900879561133,121.48307160506923,386.4083897829792
2,153,63.097213078013205,60.486768456696595,36.725149808937516,101.93418039113186
2,154,266.08039178191143,249.56368968826226,160.0176901520172,468.86975660563536
2,155,506.79633582236613,486.0966223496465,286.30894850025857,845.9723887224158
2,156,189.60095147476503,173.70226905390132,90.29406685186052,384.20481764787263
2,157,167.49705898623972,157.48046840448984,110.0830322564573,288.7866621305753
2,158,407.9029252076251,388.1881459071162,220.08918918175345,712.0320090635314
2,159,559.0222620620232,515.1031891576527,308.91387257115207,1069.0194299010325
2,160,47.37312333696899,46.809094065303356,34.31482012264378,63.53104336035635
2,161,77.33776832512467,71.70616436988033,51.60973850555341,137.4876743194949
2,162,59.501468723479014,58.821312778310286,42.91232299040822,79.94136824913396
2,163,78.66552609094593,69.38911073073359,47.00538868552008,170.4033455248136
2,164,233.99804349930668,223.02418988196797,150.52827685348646,383.4756026610995
2,165,89.96331810375546,79.05283025594733,42.21419362134188,203.72044809534893
2,166,221.41987337815817,200.85573138541503,115.99574796976292,449.0019114491029
2,167,114.98722603824517,107.56492040901679,70.72475611976401,203.3999784796263
2,168,128.06770413926733,123.90406581242266,75.04575682073738,204.81462413366222
2,169,171.23386152791878,165.595148941925,118.30756205960101,258.3210338689505
2,170,1068.0492007310534,1018.3584905871808,609.6600923039283,1809.5957066422354
2,171,61.394813364134244,60.73372268522665,45.00949380824315,81.70959814481976
2,172,4585.611559033184,4431.574891917537,2655.5924996220606,7365.753402213258
2,173,197.3113163042504,187.21210121316875,126.27163257260815,329.1549637596738
2,174,266.8114718215034,252.01102212421404,172.65217799305935,450.1734929965745
2,175,1236.7760411550119,1187.63798203667,689.101324506116,2060.052576548729
2,176,139.82529596362028,120.04855055866292,70.7459351090084,328.56014836008654
2,177,88.93266785286846,77.96610067278121,51.53930577266265,195.45162899605685
2,178,1393.214376442986,1336.783740583429,770.0896492159884,2336.4953952252686
2,179,175.3995222801115,166.23784884241707,107.33298414409428,297.59150970866096
2,180,140.12978484607666,134.3870176321529,98.45201088255544,214.5410016637472
2,181,195.92861030095284,173.57631354168723,99.66471750843702,424.2404321348199
2,182,512.7701249293651,485.3998623550124,304.1209198843573,878.7998616438803
2,183,159.9073604493052,152.36068834757114,105.19265835214114,260.067726685676
2,184,2671.833023930946,2577.37103900666,1515.9112934416983,4357.965108029522
2,185,927.2218428834875,894.8536711274594,592.6951145491759,1443.9241898923653
2,186,62.21160701721144,54.275561615613896,36.82969954219021,139.41579987545816
2,187,403.7160831738758,369.17061444402026,199.41454659823845,808.9084629305921
2,188,16264.706224936926,16046.05569348213,10774.22928447298,23030.555918417653
2,189,12.911498111601595,12.719634472393647,8.552590103056184,18.363180737048797
2,190,786.5735665605746,752.6156165674583,476.77831277893677,1293.3849236975227
2,191,2436.3139574141023,2349.4987964471916,1383.266977378799,3986.1947165067636
2,192,1027.0848225853545,976.7411019851787,581.5842101752346,1772.780704063408
2,193,201.8903119093941,165.43643486326948,113.23508418962051,521.2427945764247
2,194,12508.645565961251,12346.386568011027,8245.263590454144,17684.464296327278
2,195,533.1281512250795,496.22015226045426,292.55420986692,985.3643112192498
2,196,2433.910426899628,2388.2255283798213,1640.8559844309004,3485.5470326091126
2,197,3215.212745153804,3119.836445018995,1777.1433620583593,5193.692012573914
2,198,481.47004720422865,457.30291696176437,279.94499984864314,823.6843506966671
2,199,2971.3532326546397,2891.7315391533093,1892.3708224300615,4517.9676356531
2,200,684.1251059721932,643.9072523000531,262.61639014112495,1339.5541523449733
1,201,6.008638094039855,5.45943415697819,2.7006602839947256,12.561118302783589
1,202,2054.813800045454,1867.4231915466132,644.5451970465642,4546.909502568253
1,203,328.1245568441815,297.8783779402962,102.31161558745113,729.9220346771523
1,204,24.995285480106325,23.254022345916113,11.940964913353874,48.0490182353432
1,205,17.967190273486942,16.64520353920674,8.422351494175842,35.22633446938706
1,206,81890.64313922053,80793.80733331875,52938.318171899846,117106.52687953901
1,207,842.2014409479528,824.7207005962032,484.16301481592774,1297.9657796293418
1,208,1049.6515633641186,986.7188460010891,441.5440330361759,2010.1429795844801
1,209,3.6786182655517012,3.34510040543872,1.637235141377199,7.639335655859054
1,210,36.85325460125166,34.927843527698336,18.842955297515164,65.97406244908198
1,211,824.4026721800465,757.8977093905826,271.18175575483843,1755.58307314132
1,212,1.213941878288013,1.0467630606512262,0.5326407282788808,2.9542733858656596
1,213,5.345259687804456,4.5834131240218525,2.220993527380133,13.162317233120346
1,214,1291.0698029428845,1184.0661925530353,420.38309497310155,2768.9566526889334
1,215,243.4393571862169,212.88321875245865,66.96455179416303,595.9079780323465
1,216,13.690076419766445,12.940431438842811,6.956711211051665,24.6420381692461
1,217,16876.54537774267,16575.42106089297,10035.668629287178,25455.060402183248
1,218,706.192116553935,660.8687723599628,291.6413632795227,1376.2773663465025
1,219,1.6651243051472342,1.505517607347369,0.7895598719788977,3.4989663568452607
1,220,21840.079005538344,21552.599023825645,14264.979434222523,31056.833326248492
1,221,7580.780989825713,7396.197710996652,4200.801006912974,12002.332114468236
1,222,409.8098418504275,398.9639572663118,229.51108059752735,652.3995648864853
1,223,12712.660733287883,12478.516977988358,7072.942792163918,19679.942703772802
1,224,22206.227621949874,21794.22252568492,13143.563303867762,33594.74806900044
1,225,6527.281453785694,6306.27581837369,3392.5504324231583,10868.785340611303
1,226,1240.552710727956,1099.7486717958454,357.61989015596646,2933.245946173482
1,227,276.3113459799903,236.01463389799997,71.56597615061047,712.8473355205728
1,228,2973.2378079650907,2826.226835516739,1316.2949821932973,5430.894199856623
1,229,930.9645192665062,833.8274758724099,276.563884766376,2141.8904232408886
1,230,7964.326592516825,7773.404410774878,4433.46526127785,12566.565422612251
1,231,552.8631095411882,482.38590857040913,151.71759175556383,1359.9407235517433
1,232,74.91140645797438,62.88050655680212,18.63279354336738,201.97764960514593
1,233,0.2535936072900847,0.19312167091575833,0.06024587125819122,0.8267859171220897
1,234,7.773090512603423,7.350366885390727,3.9281964766587802,14.022611855218551
1,235,495.5498389128573,429.1050982326402,133.46506292162093,1245.1893312707489
1,236,1006.0225134408696,871.9286566028516,271.16059869409526,2514.679122771117
1,237,1015.6440808968821,913.8143945702147,307.0550521956481,2308.8795875139904
1,238,108.02372540297941,93.20378147892401,28.624327647969384,273.61130120444807
1,239,22.082208683323692,20.803257135097347,11.144278727377559,40.37261952248155
1,240,1.3332027561912578,1.1996313895631334,0.5705087765968616,2.8600458619934344
1,241,1193.219499505071,1106.935631964709,410.7158292700986,2461.4554922508214
1,242,16.45164121971714,15.053722659973804,7.168642016158052,33.75929823552897
1,243,1360.509145399423,1211.36097444703,396.90718557590174,3184.6803867920207
1,244,966.9664001170628,927.8956292190746,452.5914308355849,1696.133337336001
1,245,92.26377394387609,78.69700945220086,23.60523825949405,239.0850866150691
1,246,3161.2167115650036,3064.3717965223777,1575.7770746221556,5278.793485772679
1,247,11.073047114414672,10.026990637408076,5.20361097425328,23.244631955335475
1,248,2624.4007129049305,2548.4612896495764,1410.0120420483324,4264.978376904244
1,249,2.8233024522483907,2.441476773090657,1.145351912563041,6.828901258785153
1,250,0.2760043938048399,0.23242891731028137,0.12287670687086241,0.694929207822227
1,251,1.8867556029524815,1.8126486403808413,1.0401996111738983,3.1538163710682183
1,252,180.45253343341992,152.09327912562236,45.43157684216023,481.15792435321254
1,253,167.8894324274073,155.22172467675267,66.38710397826786,341.44107239077823
1,254,3.255589538264701,3.003190490211497,1.423229021230897,6.570350895616356
1,255,0.6566091482493268,0.4618019484778728,0.13839682756102878,2.3815553913878422
1,256,7.971790993310345,7.016996030555049,2.675703351042256,18.904713279797956
1,257,5.7055492882292045,4.915741584277224,2.5332309529213743,13.920789707242827
1,258,6.2915789305693695,4.889946246017999,2.04291792216895,19.057130589739195
1,259,8.298901637634103,7.180400864162713,2.827546876750131,20.327380073909275
1,260,0.0737252698286684,0.06839187552489481,0.0129297562663333,0.16392297117659407
1,261,6.7471501038810455,6.111066108027005,2.896288351544195,14.290011117821217
1,262,5706.793235134947,5573.022335637272,3219.1006692986502,8952.308643114415
1,263,0.4322563195956031,0.28034569299343387,0.0,1.8551996865385798
1,264,372.3951911953929,344.4048028651797,147.11207949556302,758.3654372407747
1,265,23.72359396405224,22.346399304278712,11.780765273741622,43.7708203853838
1,266,28.35456776825033,25.813216407864886,10.567580152216989,60.87043207832185
1,267,445.56527748078554,378.37424616826775,113.80905451883744,1170.8737485460776
1,268,12.769651879042966,11.850605033064863,5.9960175950613275,24.892063919613914
1,269,27.292603703000598,25.32651601893361,12.967840798791968,53.383729481753534
1,270,5.779689387492055,4.68868827302814,1.4624944191974878,16.660818737985725
1,271,1.5283457779825997,1.3476573331078474,0.6630427904720446,3.5008740435895302
1,272,4.350985214871489,3.641737105946904,1.4549956898750447,11.39083870205795
1,273,0.11236411288587887,0.07466484820676675,0.0,0.45698982253842
1,274,1.6835088829014695,1.6144836595509564,0.9045804534094858,2.864735095178147
1,275,0.08616658285069409,0.07851738670533537,0.0020525681232053086,0.211290815586766
1,276,1341.1348223390712,1253.3575491344084,550.74326977931,2625.7767175584145
1,277,0.05503844223186141,0.05040017439314573,0.0033877391359514817,0.13212387369277184
1,278,2.293387171261459,1.9971380559857086,0.8928063311517566,5.460617344195492
1,279,5.03945834565727,4.263126364662458,1.8606152635151556,12.951313018466939
1,280,8.919546662564748,8.325011228645838,4.2344401570195,17.017299010239103
1,281,158.6889556031981,133.56543414929067,39.81460174828888,423.4025045255603
1,282,12.957477742493726,11.70818982481465,5.454052273087248,27.760898100823876
1,283,0.9696763958094128,0.9289333876663728,0.51942999603393,1.6618457416844974
1,284,6.4885962271896975,5.8094824953684645,2.793808825365688,14.183735575932197
1,285,64.01751721305071,53.97316195729634,16.004394080970116,171.43285406936565
1,286,0.023238457638557853,0.015965029586694122,0.0,0.0808987022924375
1,287,1.7002053926317802,1.4998653719927355,0.7750819320755001,3.8358489412303176
1,288,5.516143127680397,5.054368450516941,2.369621586185338,11.338431528054263
1,289,15.244965110787595,14.216952692596536,7.05878643231143,29.316929222714805
1,290,19.658682149265395,17.51982680231572,8.339080046591405,43.49654688411152
1,291,12.860579202152831,11.889401881664138,5.989460188448735,25.348963099722504
1,292,0.26829620315113883,0.22012055254451884,0.051273244573649804,0.7829714883380099
1,293,22.70079179811444,20.225748251617837,7.7911012644207025,51.84702402385454
1,294,1.1400092695305934,0.9529956853549862,0.43205147641696257,2.9360413971864907
1,295,11.44015289895581,9.853582058018624,3.4315479963994613,28.599398119875456
1,296,8.270704926094123,7.649176870214321,3.8233163836239408,16.44113625576516
1,297,205.6468748266292,182.19347785269306,59.1104319690198,487.2016158903328
1,298,0.4390727917176022,0.4196384257349231,0.23240845621306347,0.7581334933996652
1,299,4.835916642829511,4.558902667440304,2.4967180106298628,8.738624287588623
1,300,2.934993437295182,2.7128295055673775,1.3433540804409456,5.804866978709019
2,201,280.5306825813612,259.48321728255416,159.3645778563071,526.2994565709628
2,202,6071.792868513973,5860.334452047802,3194.6339013876204,10170.482598438757
2,203,956.9252497280003,922.4051337702867,496.5645277869708,1615.9481892641938
2,204,1112.7159270155805,1060.0784846219794,666.3555073563981,1855.7533112051613
2,205,736.5822693935277,698.3535428399716,434.02203277530293,1262.5142218436845
2,206,52389.66661026193,51071.70216756181,30020.518823620067,82175.94410010727
2,207,592.5185488758789,573.9190838082791,300.3557580124071,989.7279229372692
2,208,4526.05880540931,4453.862972875801,3008.8165424752447,6460.131506979238
2,209,289.7734077114458,269.3624838355554,163.02881724619397,536.9156419102967
2,210,1355.2195577228745,1318.2325883867516,885.7705233487167,2037.2094556710504
2,211,1860.0127449700565,1787.7755129747488,921.6967924221194,3221.134918675027
2,212,94.5770327708752,82.09907636924191,54.49468400637316,214.32032077085398
2,213,190.68243811793826,164.7960988409714,100.11823255624424,438.30182470268534
2,214,3082.8955523896498,2969.3907024886394,1548.088548916558,5271.040486991803
2,215,1509.4704995383838,1454.2758297572673,839.5845749878489,2492.1807058142094
2,216,1595.646256439239,1551.8117905284826,1048.6079288507183,2399.2990670118156
2,217,19143.024193337704,18818.087009369374,11909.583630163259,28252.06703687049
2,218,4037.051872995572,3984.7641310868034,2807.981664606369,5569.490334965627
2,219,213.43832256561365,195.6381159082411,133.6166796540023,407.20973626102653
2,220,12813.642672995378,12469.839548187065,7250.640940903462,20307.34433900098
2,221,13792.518170137819,13599.885496792645,9102.43031380079,19567.492657587383
2,222,285.80025275102906,274.5927388126927,141.493689395205,492.1323160276118
2,223,11861.67778979766,11609.605170202653,6481.32676837839,18653.101814276055
2,224,25876.587298724262,25446.105536732954,16139.69094585025,38115.67401181895
2,225,19544.631714044626,19293.18937497693,13496.972588723967,26977.432647582533
2,226,6064.192226302868,5869.043656794935,3385.7777853534453,9865.480872465212
2,227,2945.942931366263,2840.4817412333514,1663.7206394313114,4824.12832415801
2,228,9530.595478221105,9408.364057703671,6342.147053796379,13389.095786698299
2,229,3714.5156395803015,3593.076698968991,2032.3281234534031,6089.356644443151
2,230,14161.29379005216,13968.270477332957,9350.730953666478,20119.008225539856
2,231,3665.27318357642,3540.921848124099,2054.9065021527394,5981.197325196236
2,232,2001.7484873492772,1935.6954687816492,1156.7190885333277,3218.054166328753
2,233,45.952073585852276,35.63505910982094,19.802795318939282,137.15667117241352
2,234,726.7467960948776,707.1972687776441,471.2926883672492,1095.5184086676418
2,235,4210.38115041353,4072.2755508166983,2421.3782676302408,6765.220262462634
2,236,8177.41755862631,7912.593374872689,4688.726777175756,13150.526610945984
2,237,3792.6076722209423,3665.1716415949686,2064.7503433990823,6221.763392992382
2,238,789.5075529934527,756.1440932973767,431.6155119833716,1333.277403783566
2,239,768.5418399450402,739.7373810070641,497.4717836383621,1203.477048073514
2,240,259.33052115379013,238.92536968894703,144.88980058191663,494.0669708157191
2,241,2311.503049649868,2225.3219434076154,1124.159062613036,3979.9769765162127
2,242,1463.2686603180862,1372.8687887983365,785.8181499738964,2664.194930620133
2,243,6316.071606726985,6112.158856346296,3538.191307341209,10244.389008597875
2,244,2071.7136823748906,2036.951838904743,1288.941444443611,3052.942423811506
2,245,765.6684925321615,729.7966692406226,406.80778836587876,1333.2460587420978
2,246,4737.192344091602,4649.3726749015395,2780.1087108501206,7201.393508495903
2,247,173.4730045492993,158.7369067524745,103.25775092403154,333.69096578030945
2,248,5657.792715116272,5571.260876660369,3757.7026241992535,8042.997558546174
2,249,212.51718887660337,186.35224377510974,108.3963390026326,473.0216879074674
2,250,33.6082648275383,28.49471944338985,19.723083288422455,80.05166367455227
2,251,54.78692606535893,54.175437983366265,40.214048842403386,72.81908059839793
2,252,3722.773977964292,3598.074735234186,2155.088283293104,5983.221595752111
2,253,1106.4723964681382,1083.3556822116802,723.2975619750307,1623.187543313324
2,254,395.87618930191314,375.70640048126506,220.05150022850918,688.7914387314319
2,255,41.535445335763406,30.27768250110247,13.754448373110087,138.3953768427251
2,256,104.47802898620905,97.10695532344818,62.363711305481274,191.01314967276218
2,257,79.42633601954581,68.67402320090045,44.62374462059041,182.6929962100923
2,258,71.71616526816237,56.295479772852026,28.162166844079394,208.14215233822512
2,259,272.2502998282117,241.9290306063518,110.40518259343435,613.2018605662131
2,260,36.03978766033904,35.592674348993526,25.50054781139013,49.03923639355837
2,261,538.5042344021673,498.3102036261506,287.3976573694333,1026.9678645142747
2,262,8623.337233134089,8473.44384488597,5505.316082276433,12566.802938204035
2,263,81.21029294628275,60.54434748703794,23.403902821679047,264.4006853524167
2,264,3590.416928999061,3543.588905396618,2538.493079174831,4911.209372198284
2,265,791.3714435744412,762.9479535531452,497.40359933296,1250.5936436172367
2,266,310.22036660320776,300.7827808190608,200.2832563020992,474.90999965198586
2,267,7067.891328307619,6836.268824939987,4093.996350889828,11298.260482747304
2,268,933.2990447307491,887.3926873766065,547.9024496309374,1579.8464174403466
2,269,806.2773161090654,761.8217233942356,484.06420502394076,1386.968362875203
2,270,63.399066239843954,54.05605321908668,32.90727113298208,153.36777491157014
2,271,217.3486271988729,193.78818431047443,122.90731909561518,457.5319670108207
2,272,495.25724079808197,423.9602816042442,198.2871557560941,1204.6314798857557
2,273,64.80276432857893,50.47503064889571,15.530110557356778,201.05188630203574
2,274,55.039315834271505,54.376418534010014,39.82653295516302,73.89221460425287
2,275,12.029850831430261,11.862354307823209,7.988440788968923,17.09239215577933
2,276,7678.581694368373,7569.698546455062,5293.430943449523,10679.76522722067
2,277,8.33916128802793,8.221887364037094,5.656891573164347,11.69447478192528
2,278,120.52120194205031,106.92171815367871,57.55613644172574,262.88215042673306
2,279,123.06299276109658,105.68649518054166,60.15752837784504,293.2647108507028
2,280,894.3684517433151,856.5941931424774,534.9405516837402,1470.6061631603748
2,281,3755.9110789030956,3633.274183864627,2186.869646431322,6009.31494736204
2,282,290.36801306533897,268.0114145296725,148.63333856023115,562.1056344215103
2,283,54.20334527775277,53.546594690754134,39.42372365304125,72.59713342839926
2,284,380.9679287718948,347.86959966541247,202.37286664125327,754.2278263734645
2,285,1224.9418149113772,1179.114900030125,697.78824037594,2012.9907214765853
2,286,10.530496523596497,7.747822924470342,4.948353489910402,32.281105074647336
2,287,135.8827720904091,121.03402623885542,80.8789347477322,285.30212285189174
2,288,521.9533116734458,491.60834787697064,276.27040164000425,941.4623361280497
2,289,733.3381061199568,701.9752337449854,424.3476321858939,1216.2209183339085
2,290,452.39581171574434,410.0723020978338,235.1349886105801,914.6940970416726
2,291,259.1348145977667,244.3677866190811,149.32390520477668,454.4293940356059
2,292,73.72674818386241,62.23284433408587,37.872294210564874,180.13330803584162
2,293,317.78683186831546,302.2077715744239,183.67656826073656,542.4645517615173
2,294,44.0289222233612,37.50985241821324,24.97720107860111,104.82640537106037
2,295,1177.3271548808857,1047.6333818946384,417.5242762543128,2707.722699424484
2,296,164.46362382928297,155.01700480351036,93.98857459282355,289.90558239049864
2,297,1043.3267603400693,1009.2953085553952,584.0151101761093,1692.735282586207
2,298,48.32379513037315,47.76926659343876,35.02069286965314,64.7358442198858
2,299,108.74743019019233,104.94971182632209,72.80743292638095,167.59142277136374
2,300,445.9234580260449,423.61273761518794,257.4439991888514,765.2479588472222
1,301,11.925103752636806,10.08212879748552,3.4929858847752087,31.127276948278958
1,302,0.3980455882632006,0.22519998873822905,0.0,1.848713986685313
1,303,1.6192433653760419,1.356726756263755,0.625112950037646,4.229807447592418
1,304,0.4149402505629434,0.31788425602055914,0.11737325962192252,1.3170461936654503
1,305,10.27605933886404,9.155796032582405,4.116095442010755,22.90345277559656
1,306,4.456726129781674,3.6811674985406664,1.0646174191904614,12.371121129494416
1,307,0.4442996035908048,0.3905056481219825,0.2102257159476306,0.9844860158290641
1,308,304.6158101231257,264.2768692420528,82.16075242711631,760.6639414425224
1,309,10.613269573830326,9.261145393966025,3.593225581878911,25.392665654033383
1,310,,,,
1,311,,,,
1,312,,,,
1,313,,,,
1,314,,,,
1,315,,,,
1,316,,,,
1,317,,,,
1,318,,,,
1,319,47.689521037101215,39.20565531706298,10.909715756287316,134.08265803825498
1,320,929.2316716592594,861.0955430900938,369.4699467404668,1874.870428567824
1,321,136.04794080199326,129.94282405100847,71.92189725538455,235.76121718859673
1,322,4258.8030172031495,4091.6392017659696,2126.734775831835,7338.736789956618
1,323,150.2536132141902,125.9651057292737,37.05292898342529,406.73375028589373
1,324,18.904448628751215,15.672717091640497,5.250981985665997,51.20184981411089
1,325,61.27483879045097,51.1733121635971,15.006381810170053,167.29322574245555
1,326,3.3149895119096695,2.897564372579682,1.1896040908063448,7.832263476382878
1,327,330.19215003658445,277.7361453055021,82.4850402832952,889.4475219780088
1,328,14001.739586966329,13452.710968294112,6559.384723091186,24484.567821978268
1,329,0.8464249949352769,0.7257485836731792,0.36949830134350053,2.0821713946671747
1,330,57.20013105139699,47.60275875902674,13.906492658317182,155.9209951735375
1,331,50.720106481826186,42.036530682366006,12.089251898401004,140.63366717055177
1,332,298.08038333052946,274.74105794513025,116.14678777166631,610.4627701593976
1,333,480.14720474088693,414.32320035455695,127.85640858648068,1216.1100607360688
1,334,13.016103892397867,11.956074482864356,5.604399034318511,26.61071820119186
1,335,20.092395805957214,18.497377951496894,9.37582848501171,40.28338664227403
1,336,0.6523690927318044,0.5567765370688728,0.27048174542881764,1.634172881880323
1,337,2394.672900575107,2299.8420467213023,1197.591252245755,4126.689075721994
1,338,105.08149196531363,87.64542454931703,25.76833625825317,287.4828017799964
1,339,53.13601285485656,44.14809257720472,12.768198468484316,146.05996987907332
1,340,1.134070311501968,1.0230213019639303,0.4964800717715436,2.420267964616061
1,341,18.383540459840574,15.090343551982102,4.245229381449385,52.08459920056784
1,342,6.6368391320604445,5.365362081085752,1.4707598723050381,19.251591784088163
1,343,8.608624088918644,7.185968458958594,2.9003322985363287,22.660784284300796
1,344,1.6185940992119547,1.4159633899255528,0.6402355936139802,3.8011436960427956
1,345,3.8273929445856747,3.2452692162564043,1.3351821782294946,9.858593867245744
1,346,11.043555917995842,10.243425462589926,5.853297328019854,20.278827125754194
1,347,115.6816739122269,106.43649498524542,50.4333293765379,234.4260585069475
1,348,575.0779368081837,536.328801670811,235.08734238348242,1128.310239127797
1,349,110.61145573870408,93.34790980838181,27.55239470972245,295.3531648765163
1,350,7781.252159978017,7620.982658923322,4490.757665959273,11981.147742871637
1,351,0.92543795132259,0.823847164515404,0.3598376120012005,2.0797894156612884
1,352,93.49397256282478,78.45757749627829,23.342461481276857,252.26562773536133
1,353,4.43666284836355,4.157342763727753,2.1312108740818987,8.357847354960994
1,354,2.662515465931346,2.0825804780212738,0.5402895774317827,8.222625940699231
1,355,2.0731526735178294,1.5009651934554644,0.6206939949111958,6.98161243644577
1,356,1090.4789616742014,1022.2783966179381,454.7300604385033,2108.008834227093
1,357,949.4726116384314,815.2493576970406,249.46631233537474,2429.0156019973974
1,358,106.67286771544795,88.89275048931907,26.122299118090815,293.2972346802577
1,359,11.503595186912035,9.46405721889131,2.7324289884065593,32.115349266372675
1,360,1.2215088931779365,0.9521297563127982,0.36533154296002324,3.7394152190005654
1,361,1.0080153323563195,0.8978708231705627,0.47812953196096725,2.192323163628
1,362,386.57087306892333,328.3343033091113,98.63898801868233,1016.676487513338
1,363,289.01271160593944,244.14855177077527,72.79507486472713,770.6484484220442
1,364,98.15684273922207,82.69943134493519,24.599594009985616,262.3861604877764
1,365,25577.6453703149,25269.628314310023,17866.918245551984,34987.040123070474
1,366,78.87842325812831,74.9600485675524,39.71085631630728,140.86553049677042
1,367,71.71121029957486,64.92713497746425,26.127318597258657,156.0013866127418
1,368,69.92125876763568,58.622828469430246,17.283966174359886,189.18615987805407
1,369,48.4471278387355,44.41935907565963,20.42482310884817,100.03906008339122
1,370,9242.981308376462,9057.181774528279,5438.260551600076,14061.641578002174
1,371,3616.545106415323,3527.5859240974514,1958.3343308455828,5759.369299360685
1,372,5974.123362516333,5679.78320207976,2632.361583331327,10953.666902385206
1,373,1431.2337346712884,1344.3126308749092,600.6715903661024,2749.3741911772554
1,374,3235.483332409559,3102.827965382528,1606.7777887985735,5610.188634804575
1,375,951.9008408351508,821.4141588102175,254.45035623325626,2400.9457721128174
1,376,13.006113609968882,12.000144985479775,5.956709702757207,25.80622941995202
1,377,316.6324935923739,290.9209660791911,121.51979292115875,656.9165063644227
1,378,331.3250688863138,280.61424959044075,84.10085758671039,874.4324648364286
1,379,41.37750069539071,34.36102707440867,10.005026517542655,114.20378421180561
1,380,253.98809497806127,212.84914698116205,63.21597453059522,684.2072414975745
1,381,1868.6130260451018,1769.0195118934562,809.4156126486206,3480.529360660276
1,382,36.117854334236014,30.03343884165673,8.719084203266485,99.65629485390171
1,383,8.9006214563187,8.122676053890817,3.9451975555082544,18.39259138774058
1,384,2.9986091576079077,2.6217617281209424,1.0994488974314232,7.137014680861729
1,385,2.2147908889635497,1.8197779007015225,0.7506870909250369,6.03755127857843
1,386,413.6671584776665,348.45355058182065,103.62127096847564,1105.9497082272828
1,387,7.680808453098332,6.123087531117141,1.6607006588121245,22.699935577075614
1,388,36.96193286410073,30.584513422993407,8.751613194597189,102.84402813760047
1,389,3.2792124611935796,2.6694610814979134,0.7408841888195161,9.37472662615769
1,390,2.121909273421554,1.909564679549785,0.9262951611298806,4.572991222276788
1,391,4.257589147885157,3.5686408911234246,1.5366280211032826,11.046317101411232
1,392,1.052405122617575,0.9216822655151788,0.4448980527185705,2.435977460744192
1,393,0.049019709205160925,0.04633819970533237,0.023495453212729733,0.0896780679968871
1,394,1.055789714137415,0.9741796181934221,0.4991470549866199,2.091213120383069
1,395,1.119674627953337,1.024676645967128,0.5271817182045723,2.283419757547096
1,396,140.26026241283432,130.06036881421448,55.76962083609345,282.532055816261
1,397,143.73066464920635,131.71622314121078,54.92952841285828,302.2910621779729
1,398,0.6097482521736642,0.5673777660793126,0.2924593886124238,1.137785582744924
1,399,1.1796107873738721,1.0792941505424936,0.5411051914636129,2.410732740924887
1,400,19.120002856864,15.83502971806425,4.605461755804268,53.129678949151575
2,301,327.2337462492048,284.57630200295523,112.42438818696928,792.8403221115178
2,302,34.86126163653214,22.400673766085553,7.019235601022351,138.59552785484235
2,303,132.36876219891286,112.03424280459964,66.3163115432303,320.3926998769411
2,304,30.46350682433378,23.5809486755914,14.841734128152291,89.4957300013365
2,305,740.8027985810388,676.1887766685022,365.92454023918776,1485.9444848946007
2,306,195.53013836308497,187.06398966729574,109.26330739405296,330.0309860839923
2,307,46.795480933595265,41.57681737621283,29.49663166814162,98.02274306389636
2,308,2454.173478139065,2374.4059715031412,1402.9858128401333,3959.4864573876025
2,309,342.8125410210266,307.7843415575565,137.30316199166555,749.0928089179167
2,310,,,,
2,311,,,,
2,312,,,,
2,313,,,,
2,314,,,,
2,315,,,,
2,316,,,,
2,317,,,,
2,318,,,,
2,319,1891.0501859785365,1812.3850967470012,953.3998255423331,3283.7391355233194
2,320,7249.074162755021,7137.92847795874,4963.550229656242,10177.592064119275
2,321,14329.20028027352,14105.32035973495,9921.750678413178,19979.367513025143
2,322,17700.415415556214,17484.37305614081,12403.465469302158,24257.94579797516
2,323,3788.692759134606,3649.299337782662,2143.4993409395483,6205.527489119878
2,324,549.8516525930523,485.59883766850453,253.64844911063864,1223.6658335641368
2,325,2269.6483674621763,2191.0452286682867,1298.471729046953,3686.8399021456003
2,326,924.3750664311218,833.0340140391091,419.85291509672345,1957.0447721997045
2,327,8675.619706917856,8392.418793059864,5048.396864402019,13874.649006639742
2,328,32675.032137876584,32262.462210249825,21119.05488124938,46617.903564900436
2,329,165.4482905786181,142.95488573793756,97.92731476522631,382.518986480468
2,330,2294.996463639806,2212.5249104364348,1310.1334615351045,3742.495475073504
2,331,2446.428338732128,2352.402474142019,1362.963520320129,4056.18886392649
2,332,2489.3627879152687,2439.6748075869177,1678.4917185987729,3577.667190063418
2,333,4317.931435679362,4175.512530647175,2467.12646098022,6978.17489581554
2,334,2148.294931641837,2027.6595647954236,1144.4127646349343,3846.926942396128
2,335,591.149881003666,554.7219676427528,346.4306915277529,1052.6799552605917
2,336,228.20493632894684,195.7095652716725,127.38567667224686,532.2234135684627
2,337,10012.798532011655,9889.598078696661,7020.397007351666,13705.35638471037
2,338,4769.206836382914,4611.518768897577,2758.254534410047,7675.904499594251
2,339,1518.9035650683927,1452.9301546866068,830.4279977038625,2578.942498895375
2,340,199.216343685538,183.40871434023393,114.70821191170624,377.5738535568749
2,341,430.97934133682935,404.23219749527095,218.46123260336725,803.0684025737395
2,342,281.409542316638,264.50764700349976,139.57993028243476,523.632508110675
2,343,391.69816928843187,333.16059824365374,157.27185996417472,967.1236101281642
2,344,324.3009394333218,288.88653945895703,164.3682241121351,689.9312579101041
2,345,402.14422421258047,348.0786290091361,168.81386446194702,953.1587098664091
2,346,213.31816724492148,201.50458762164595,147.84043342538246,341.91936781499373
2,347,1105.7382248922163,1035.9705164087463,577.734224919426,2037.687398549344
2,348,3084.1731518938236,3031.591439607196,2066.753861653422,4401.480952101729
2,349,1324.0263764007213,1261.2924296473489,700.8953995209248,2308.4534907505517
2,350,10696.199647034413,10528.44164727945,6809.775089364704,15549.234083894466
2,351,408.1104844060634,373.07366248238833,211.85681134871737,810.2122140560771
2,352,2034.5996418945201,1960.236794544267,1155.9046393126423,3329.0730774407557
2,353,968.6329772167011,932.3652099744239,595.8498622622038,1555.8803962572206
2,354,176.59985310641184,159.87397213232495,81.98543293786723,371.3227526406553
2,355,202.53303653200268,147.92233472411323,76.31730133367859,662.1578651879273
2,356,5135.8886281411305,5059.037821943515,3466.0150203508147,7238.967353461123
2,357,10562.794680795596,10229.990292642487,6142.46545866674,16850.72159283993
2,358,4237.059629939813,4097.592395751017,2441.3728152529634,6833.7298713691625
2,359,357.9175662757986,339.4947259345133,193.72778282130727,628.8194002431304
2,360,188.47352298226136,149.78145047165776,75.15769024432923,538.7670979594739
2,361,182.9336395976883,165.1814395027171,116.12693008613853,368.572935668362
2,362,5961.627764375051,5766.263317618719,3444.9193399791034,9563.370087755397
2,363,5133.091464230202,4952.786418001715,2921.5136841321178,8356.33836594837
2,364,1760.8593302622876,1698.3595853869967,1001.5265899165512,2872.782733257236
2,365,7350.2872471975925,7048.804110181586,3797.1395976187855,12573.376170427267
2,366,3558.3223679068005,3478.755290243902,2283.1891326044743,5281.492417675993
2,367,1269.7739205179935,1235.2991488673274,822.7642236415247,1914.8886853749277
2,368,2027.5411644029448,1956.9237482640847,1170.4331769024552,3278.223153825429
2,369,1859.3075658743367,1750.0507607606614,947.3281993303588,3401.6127450718973
2,370,11054.10687773652,10864.503385099353,6890.933199083923,16341.793018592143
2,371,3332.2312363289934,3236.4272440978557,1755.3674782423334,5447.278831640658
2,372,19930.368105197216,19679.81737323989,13385.2499888962,27865.65628857092
2,373,6971.930898546983,6879.143369017804,4778.644814851473,9675.769675957035
2,374,14905.421001469462,14725.616080288679,10505.151733285078,20344.31237516071
2,375,8574.06342366424,8294.832783303238,4942.537162443424,13787.70245043245
2,376,1457.7826034170434,1379.4681349655252,832.9560692755476,2524.251764438789
2,377,3412.77964322696,3348.6302419133663,2318.9133225193896,4884.36852514831
2,378,4278.73393281164,4108.671457761202,2355.456606038664,7170.251208150761
2,379,1995.979634275163,1924.9376354883266,1135.9743656973883,3264.2649652682762
2,380,7611.656110392261,7360.8448102358725,4423.748445375987,12169.561688370854
2,381,6666.976984638459,6571.109952531353,4429.65607087404,9438.31601973383
2,382,1615.4407686960578,1554.6874069994171,915.3895554429778,2653.9146665514154
2,383,830.6724224912059,775.6297944371202,461.8039949721109,1519.6446412837015
2,384,683.6448816901902,611.693571184044,307.351146790982,1487.9008922543123
2,385,461.13238174723887,386.3677263537055,193.59746861008307,1178.8266580675556
2,386,7660.566690886172,7390.860550816125,4345.443823369949,12515.926801414464
2,387,409.10523016111694,376.528329574123,197.8524314753472,809.8765336004054
2,388,1251.1532353878333,1194.8484194728926,669.473496612773,2148.9931463620183
2,389,272.77953603846777,257.8410694701482,143.36926188065001,489.8925324677988
2,390,246.47481311771944,225.49045255225863,138.29587275508248,479.2310229288152
2,391,146.11091999071942,124.44316837761122,65.53617503681939,358.0973027271267
2,392,124.25361910075301,110.18662728544774,69.75741371250399,264.20262631813006
2,393,20.996621983086044,20.70170997877004,14.363621156440084,29.269203144475213
2,394,503.2884364926833,475.0908641426828,321.7338715959856,859.8795037351576
2,395,214.1238667606086,199.33643238462983,131.47124607329633,387.6300111031247
2,396,864.4627349899584,846.4091555053355,572.8192872237876,1258.8722297882819
2,397,1240.9805403242751,1207.922950068396,805.1483155059791,1858.9510976701724
2,398,121.574499582428,116.95684156763501,85.5759082208696,178.336919145927
2,399,237.73599124020652,221.79844085529334,139.96920067171806,428.7338263881648
2,400,1273.7288635569987,1226.0872325462076,724.4345798000986,2095.005531831992
1,401,0.3256990505859611,0.30982770875441,0.1654196067016657,0.5764960100129359
1,402,0.9261056808030186,0.7638664226063011,0.2208860098674518,2.595414279096961
1,403,1.7690857450479047,1.413719902179598,0.38241068586543125,5.265537006630172
1,404,5.86946290662338,4.869898789764838,1.4327047176177856,16.18233584808027
1,405,5.196310201386169,4.85746941609648,2.4704608111993696,9.905015634452663
1,406,1.9529978737651197,1.5367052316360632,0.3928270791660918,6.027178510259462
1,407,25.104404483184187,22.045603227409575,7.956974662026599,59.65736254512012
1,408,0.2445183372018643,0.22942271147908394,0.08314556355847609,0.49371606565777243
1,409,8.035081058983392,7.455283786996121,3.6405125800101263,15.730873091986306
1,410,0.9864030894722423,0.9076646609426398,0.4356113485576306,1.9363179752173991
1,411,93.63430179706168,85.73731021763962,35.74577296097365,195.80867452049185
1,412,7.425826230190593,6.007698276698784,1.6606368955305464,21.52338756365597
1,413,2.0856540698515253,1.8767148981237438,0.9604383621749616,4.412152924316664
1,414,102.93554281326033,85.70586670104709,25.142761680554948,283.0479925992783
1,415,4.260698428199566,3.5813776496887226,1.0654552705089215,11.370698628967371
1,416,0.8477194078194342,0.8027545242385201,0.4547014515949714,1.4649743449838473
1,417,465.97677431345755,431.26894558693925,184.08696786622528,943.1643139377394
1,418,54.49120225031644,45.594503940143184,13.3097086785758,147.79534584482778
1,419,0.004974195274879686,0.004094408840793868,0.0,0.01628981583931667
1,420,504.28327716422103,469.8050181463563,203.04171597330838,1001.6956764274934
1,421,0.6003101397587299,0.5287667603167565,0.22025812604633704,1.4031992352938591
1,422,1693.1863937571168,1583.460180756414,696.4596194695124,3311.9461365885445
1,423,4.6870098985417545,4.295639291582044,2.2735483276150794,9.470593321074341
1,424,9.619467387995304,9.038606148544217,4.855930496572696,17.6718734042384
1,425,30.137223174819095,25.085993329904085,7.3374263389274965,82.79457484843503
1,426,1.1981706262469696,1.0568208753735138,0.5094982554872793,2.7418087399874946
1,427,143.92572738860184,131.69874411887253,54.43665246078609,303.81219404634885
1,428,2.113721100401591,1.6602068520317557,0.4322591050929723,6.532008432983412
1,429,0.4750126022538774,0.43280186366390716,0.05242846994317974,1.1245662434976997
1,430,1.2735584302875207,0.9788363289222672,0.20496445826406987,4.1007110757686895
1,431,16.85460795484442,15.073547524077622,6.120492886402419,37.81601764404934
1,432,1.6426923312264523,1.4536734935227793,0.6858206281472109,3.719833166960551
1,433,1659.0667036449656,1538.5353144808064,662.3323958145248,3336.551577022135
1,434,1.0547625586606033,0.9681640699030223,0.4773949526589119,2.1343313749443364
1,435,0.8742299372389566,0.776271174671846,0.3973332835830344,1.9393275829639556
1,436,7.786945979952402,6.394151187394648,1.834042263643676,21.979814280522316
1,437,208.4614734804579,192.28845500234723,81.40754909163404,426.13765601846194
1,438,0.2234923124243287,0.1976278421553283,0.10057864628822523,0.5015238860258082
1,439,2.2009701215999216,1.8843794146717021,0.5467239949427543,5.721175145092164
1,440,9.021708142172974,7.446941185871086,2.1504386816596344,25.030727188263132
1,441,0.5511149172160472,0.5109694892202077,0.27575210238239023,1.053618275709486
1,442,1.1971312674680337,1.093745199031884,0.530895395390715,2.4697512599825155
1,443,0.7815287391809972,0.7463323030285636,0.41392093183824796,1.351329332701033
1,444,1.1094130984473567,1.014294332325321,0.48442224370519177,2.2667082604264226
1,445,110.21786993506365,99.84794803532839,40.529064667325756,238.73161551332905
1,446,43.927874818121104,36.41513974221356,10.465881353625315,121.06777925686367
1,447,310.7840396448301,286.63257975473925,121.26488707141323,637.1640183225514
1,448,1.47698638170382,1.3308606490534967,0.6352381016492549,3.16482866389236
1,449,2877.4872453836465,2742.7407647034383,1389.542990406716,5110.687985015479
1,450,5.97594926751172,5.309513458314504,2.4557972406409276,13.529694245765457
1,451,0.008329992295044341,0.0069975367916258555,0.0,0.02662759830599529
1,452,20.90206437087902,17.30393968688726,4.981060272176981,58.24478084547141
1,453,8.979435059786082,8.419780499787159,4.528160686266789,16.564001412900748
1,454,2.3836432681411965,2.201931017876867,1.1747671615270332,4.637515312931643
1,455,1.5965788722249594,1.4796948952175573,0.735532187499373,3.1310802615265434
1,456,2499.2086686539124,2374.3720997116034,1101.063201912436,4601.418304956938
1,457,10.510737784710326,9.883855044294913,5.165484119480006,19.508832366485695
1,458,193.92659342033173,167.38970613129482,51.72765782713228,489.4806731458766
1,459,0.1440027951289572,0.11526260457846782,0.0030570454220251357,0.45378083511256373
1,460,4.156933782053356,3.585836730237083,0.6842878724125888,10.908616333126593
1,461,3.724912843320566,3.074060469257582,0.8955600357843357,10.40030909974966
1,462,0.9866068420630765,0.9019618810355416,0.4177262503564049,2.0404006017524576
1,463,1.6221666605394964,1.4409091949585728,0.5513384253737379,3.690139487061652
1,464,233.60712772028722,214.5139705886023,89.2675369827651,488.5913108913674
1,465,35.02210782985506,29.014434456085276,8.44282652558104,96.83028038725067
1,466,0.8163018558182488,0.705460679294283,0.3387186277448975,1.9757104743459897
1,467,7.356450066422181,6.956811234966253,3.726269951536387,13.27939333961015
1,468,4.381811758069811,3.9968674655484184,1.6425584863464808,9.326897377854063
1,469,3.5325663912893046,3.143309658460053,1.4324326974768333,7.9229365366943005
1,470,0.5092224021745686,0.47431267416871215,0.239131791519917,0.9819960534199904
1,471,0.15917591541973056,0.14815245612372407,0.04738208149676025,0.3331696765229959
1,472,0.16164814469235772,0.14585252876571547,0.056009329190083106,0.3495173164490155
1,473,2.1347318915370352,1.7101862750583285,0.4525752821397703,6.3395693024327855
1,474,0.10514931503296598,0.07275799117367934,0.0,0.40326671992927066
1,475,1.2156548175164967,0.9543147702100109,0.2517138522796751,3.7195586918438477
1,476,1.2599777197153343,1.165704929991908,0.5825146792813148,2.469595970514237
1,477,2.2025457692199297,1.7841006666992805,0.5022666954648963,6.385506626592551
1,478,20.73318385783449,17.341719679630362,5.087924958124135,56.323684195676506
1,479,0.3528261215181113,0.27171335663491303,0.0728336991107027,1.1035671702530505
1,480,3.974343265843952,3.251125728647894,0.9385427807026359,11.28629543380515
1,481,21.479131039324876,17.8373661864191,5.212798208026433,59.48867788584107
1,482,32.56982979484583,29.180814762490336,11.367391309850374,73.42773941446708
1,483,2.2767916063002125,1.8410502161805653,0.5103025046381818,6.607957487244619
1,484,0.5121541520930424,0.3828154482175315,0.0469469086633841,1.7225983976509582
1,485,0.35915059761169177,0.31240295073233615,0.11087094916292033,0.8860202382463662
1,486,4.946190846488651,4.011484310560273,1.107104629950004,14.311547154531604
1,487,1.199877589333423,0.9480336733747745,0.26575987568693804,3.5773810816033045
1,488,3.036452666158586,2.5635786337887336,0.059377399547801475,8.576569066421717
1,489,0.09804292621243924,0.08230109384285311,0.025074971338833133,0.26396545400170635
1,490,1.2481068870167158,1.1147909529292113,0.563396040671134,2.73420925714717
1,491,2.0384382038859594,1.6293381555028619,0.4437782545437787,5.985422567690427
1,492,0.4191128628432149,0.38617685810480945,0.20674778975957026,0.7886542059772457
1,493,13.557065763446076,11.57870659846174,4.126781513714874,34.586182531054654
1,494,17.404546515762508,14.52947244601678,4.24329895084079,47.39261971598902
1,495,48.937312094824534,40.81862975724984,11.958290512177456,133.39643805964215
1,496,82.96333160437001,74.7472194071875,29.492016430008544,183.5156545466742
1,497,5.417308463754084,4.4641780739157735,1.2809991131682559,15.249026697265831
1,498,6.194258119584854,4.825123273152337,1.212881413860889,19.325122216840764
1,499,121.13072757899734,110.84774404401944,46.260159002614806,254.12386436787614
1,500,12.653130943265944,10.150950735748378,2.7113017303541094,37.53719979042802
2,401,91.83389765436323,90.77540770847676,67.3417175417536,122.45201565912008
2,402,95.77734851570318,92.8981770847497,56.64035755791024,151.00845835901043
2,403,126.86827704372001,118.0560817111361,65.73725951910804,240.61208079121522
2,404,233.19083835764485,222.941943212387,134.09048707149844,389.0300790279889
2,405,1406.0958524206012,1351.2779654825063,857.7602678235734,2262.315998459327
2,406,205.41050577267177,190.17617740925564,103.28267395955251,397.69763521932487
2,407,757.6945829696767,722.9092972714963,423.97300951424603,1292.0698995497935
2,408,56.972293644450204,56.3578258727989,41.723047134708715,75.82038746531333
2,409,1430.0968905351535,1365.2642273150418,810.2158694181963,2416.4873268651386
2,410,82.17469846549045,78.66304553894764,57.053622551192085,121.47335976017787
2,411,1021.4278169823057,996.6435547642498,688.9927064579482,1495.2484928832196
2,412,704.8187712356183,664.3687310251331,364.6115336075805,1274.7194285184983
2,413,144.95727949872816,132.97999143657478,93.22234355882276,274.9005772098007
2,414,3824.7855029261323,3688.5674394881426,2181.2787990474008,6240.604688655314
2,415,67.32143266317058,64.37101082727058,38.39932470595061,110.03738175156421
2,416,195.50662791634605,190.70799580557292,141.7101059210209,266.6272130438341
2,417,3339.4353035671943,3276.7129751784455,2242.6928283626817,4794.597863709659
2,418,1407.995726917486,1356.0203345247214,796.5277789115767,2315.5738464958004
2,419,20.7069858186258,20.415006302285228,13.780457299175286,29.318173059356944
2,420,2871.029377738694,2817.9413109705483,1908.2742438390974,4139.876787713874
2,421,70.0602630915717,63.353125975111126,39.99817375229318,142.00510038645163
2,422,9788.066771513208,9659.199809022452,6779.690054470738,13556.606946464595
2,423,440.5575184090196,409.7207038559326,279.6467266437445,790.630612156591
2,424,498.78733316367305,479.96619603030535,324.90982162099056,783.1234114648756
2,425,1197.9820975708349,1152.5282738625413,681.8928853562587,1969.5072157223042
2,426,209.96402124735192,187.85932003886893,115.31258583506163,437.1964775441239
2,427,1702.292964842256,1664.9352870314592,1133.7031749144678,2493.1110361831047
2,428,124.78785666459527,112.32286550626455,58.435336028543624,266.0426941873987
2,429,172.21777169515244,166.24270278496743,117.01016920526024,263.94393318901547
2,430,139.40186826600115,128.25974825513464,70.64376862847544,274.84645718200983
2,431,217.31122684975932,205.00577766742268,142.42999150694217,372.55692014576147
2,432,369.1662075840407,332.7389132619443,204.2658807039889,753.9216414378469
2,433,13707.202275085201,13527.034397892072,9638.24547448763,18804.004732585447
2,434,301.0140811192465,283.1140912026812,179.45206124310013,527.1353391929617
2,435,132.91344428411358,119.68646172272767,82.32353071168905,268.1871140366516
2,436,731.4809361497246,701.1873406690263,407.00902433469946,1233.3297212788013
2,437,1567.116040774857,1534.2220395910265,1042.9253344174317,2284.3936196104983
2,438,94.28309242713102,84.74968504833967,57.975199487907744,193.88058236435808
2,439,16.726015569257132,16.13976092067028,9.135816915226133,27.703427641236
2,440,463.99508085379796,444.6759858105702,259.06896663365256,782.8986862948906
2,441,155.9964995873666,147.86551091797782,106.5438679720449,255.42722507287448
2,442,303.40232948196956,284.50406228853376,179.72212951802388,539.8583951819296
2,443,70.17942619550497,69.36518499560505,51.103108679966105,93.95991694910266
2,444,515.1532143759224,484.99699987330104,288.78237403668106,916.7710519312369
2,445,1265.6452904988887,1220.4864636880352,803.712867621219,1989.3979407330776
2,446,1005.4625588533426,957.5859153868367,536.9377582002521,1751.5497970016415
2,447,2851.944935148678,2801.8231710212085,1954.3718734942036,4030.3425113715884
2,448,372.24274153785603,342.78317296653415,203.6630913010564,715.957693559284
2,449,17660.171743184615,17430.630103235424,12539.881003814842,24058.504545166248
2,450,615.197277101763,557.859294392471,312.9082568367508,1252.6182974162796
2,451,20.102740745225713,19.840323011730483,14.259826313870965,27.394502244236
2,452,828.3636115129406,793.247331934354,455.4056821685854,1402.357231911774
2,453,613.9454515729449,588.5731753472958,401.1901365578361,975.7992280510897
2,454,215.6982395669127,203.1409786978835,144.49394870973924,366.14406237779906
2,455,274.33293895788483,261.1193487078208,167.27848456064635,456.83072470049507
2,456,8373.922335949017,8263.096309892697,5602.772627481643,11807.610642130045
2,457,739.3234017295825,714.0052129808859,460.9245559800045,1163.5921649733916
2,458,1629.8978100724744,1570.926838001339,920.2795280309866,2664.6101625944566
2,459,169.32601890740747,142.25536641908917,80.60705050777283,421.2142983724556
2,460,232.36419609195235,225.41474996696246,159.01055619831425,347.04947945754
2,461,223.39585857562963,213.56052095629667,127.09616310624786,376.58396927829153
2,462,371.4976102713304,350.40204016806666,220.75899729565654,645.1749564901484
2,463,76.40174300766719,74.47510713124379,54.42747419907321,105.02769565641431
2,464,2671.1041047275903,2619.825292030572,1804.9459587262822,3835.5980816562655
2,465,1477.1288088181443,1418.554504645831,822.9658286415125,2469.6822722757215
2,466,115.5183411497342,100.92187124505398,63.542718171002434,258.22123539672043
2,467,938.9605990897506,910.2020376871208,619.4960863461041,1423.8159799395696
2,468,91.6222886818517,90.61229361431427,66.33185801434813,122.80519013384193
2,469,267.0086353017326,243.11533332494957,134.32593659854635,541.5855273923852
2,470,155.35525905190687,148.70875648151423,101.89334191431749,248.64027160088625
2,471,66.58262532726803,65.7035683620056,46.64296983141121,91.52018149421961
2,472,95.16611209323857,89.17728845256028,64.47219935614118,159.34980286669628
2,473,327.40695649690394,308.0312574172782,167.05778683216215,599.3696457648944
2,474,149.5029976669623,142.51517115312745,103.27055576421094,234.5748605152518
2,475,65.74161476812918,59.95688991257009,34.40681428203726,132.6383956499799
2,476,627.9608666658445,597.6643536563026,385.5914339383607,1046.7072597052927
2,477,221.83289959721589,208.8338743823844,120.65838774636674,400.19465937163716
2,478,506.070418874861,486.1474823777439,283.9349997192273,841.5638340824011
2,479,58.168833055067275,51.594229348449296,28.824627080763186,128.23827968805782
2,480,98.29170052913038,91.22402791315429,52.66091612369475,185.42189760117822
2,481,986.27847564134,949.073159058587,560.8254456217824,1616.8572089666359
2,482,565.2162499784557,542.0787782971383,340.61129067420524,920.6304004259746
2,483,171.8912334389206,161.7831671805479,90.53431382204516,312.4209302520539
2,484,74.6905149597305,68.72109176856053,40.22355604663208,144.08101988407137
2,485,155.75372911435147,138.88942758307886,91.84026604017907,326.4544802947238
2,486,261.9022732048883,246.13733927775706,137.23551683819647,478.5668779551493
2,487,50.157600716357884,45.19689964301113,25.93119844242303,103.82313569682046
2,488,144.91940138894685,138.5659326889463,99.48273467122414,225.90105270149587
2,489,56.89059874446657,48.81310878521586,32.76288020645358,134.89168492274965
2,490,249.6941522913552,225.4223422455624,148.28202005667805,501.1247296253736
2,491,216.48630923194384,202.5908991555663,115.51490383589056,403.42052834896566
2,492,73.0501823956927,69.18621985479125,50.361189644792304,112.44176703946715
2,493,287.4969594734758,261.6821662952872,149.84724842695397,574.5967379425898
2,494,315.25436438102616,299.74539438347506,171.29344477323536,548.7486598618502
2,495,1771.2304405091256,1708.9743591574588,1016.8671137933643,2867.556546850267
2,496,1346.5068986755812,1298.537882647006,843.4022027401518,2123.542977191273
2,497,291.3217824129777,277.78065421291,161.1434473294978,498.940247554309
2,498,307.6684153783802,277.70278162162356,127.68107182650944,660.5722521756114
2,499,1404.822683676119,1373.5819906682275,956.2611694926846,2030.6526738001883
2,500,405.9337761716529,374.1960440760778,188.69907660184347,807.6776550929319
1,501,16.086423415089246,14.110435724158226,5.295770299358263,38.625822415867404
1,502,0.902826296263889,0.8074008800861285,0.3971309439094967,1.9857941584458858
1,503,2.3854769097552566,2.111381081161276,0.8322766737222186,5.440845986873185
1,504,8.792017658872608,7.824850835614871,3.6568288473690576,19.687292835826664
1,505,0.7477322286776726,0.6254700403436595,0.23288594033560422,2.0129407217917574
1,506,5.017571648495249,4.426356151169667,1.82352576181515,11.56978180552155
1,507,0.007788061697526217,0.006590549492278183,0.0,0.024420020612297835
1,508,1.5491474499691669,1.444659349468822,0.754257165101779,2.9644481890388956
1,509,0.1945071327569709,0.16921346208330446,0.03141157161572958,0.48818796614196497
1,510,37.287080913097434,30.95099870161404,8.981635887336548,102.6124807390199
1,511,121.07070936496417,110.51655876872562,45.63419115868203,258.29020726308687
1,512,0.037740983430935064,0.03308229903448532,0.0,0.11084721132090167
1,513,0.2382584492179224,0.22101344797108513,0.11156517452553565,0.4663595088324469
1,514,0.24736394189125097,0.22738696586482116,0.10957666732841194,0.50327709042294
1,515,38.523576129092135,35.076375369329156,14.25335555431787,82.59068061571391
1,516,0.5204976065898088,0.46535534417376745,0.1992720966983025,1.1664925850319088
1,517,3.1795516822614807,2.314057675337966,0.44001673118380735,10.912461525829073
1,518,2.4666908722453225,2.2019942516432014,0.9653774168234722,5.5720524629014445
1,519,0.07771591442592327,0.05098911827202049,0.0,0.3253199217710754
1,520,0.04616081345535279,0.04111550368455482,0.0,0.12501418495803485
1,521,2.4164122196911206,2.254650282798967,1.220886993145916,4.5730363076377065
1,522,0.13654086547366023,0.11126628453089729,0.0,0.43249789988205334
1,523,2.910142939921214,2.5134970546011695,1.149240325390619,7.104001149722783
1,524,0.5972170160866016,0.4730091914895326,0.12965908163749057,1.7977762919562341
1,525,1.9191431734354791,1.776676218468666,0.8787041694178999,3.7975985813197055
1,526,6.707146271626738,6.209942662465711,3.1576897813404736,13.16628684173217
1,527,4.341832679709396,4.00430781006406,1.9695017470650824,8.664544309409393
1,528,0.5081264408011509,0.45117692293928724,0.21251826478976132,1.1387006076436483
1,529,0.04127537618603595,0.03799267982578172,0.0,0.10154445960444655
1,530,2.2077449452824776,2.074589891311569,1.1308092525414748,4.063014453874488
1,531,0.3558410367740369,0.30302374430447376,0.12978027164712563,0.9047679800728523
1,532,0.15874801819621448,0.1089173725759019,0.0,0.6240179273078176
1,533,1.0375069308293299,0.9635871542405265,0.49067857459334085,2.01212826883891
1,534,0.8568215936910284,0.7853832927451878,0.39309275548639055,1.731442066831902
1,535,6.003380289233214,4.9078788265104984,1.375225318298883,17.125986070340463
1,536,69.83018731898429,63.39313271002996,25.562746329318987,151.670482948075
1,537,1.9232919048200667,1.7144137162719488,0.8452588173133447,4.244491543988621
1,538,0.10900041978665033,0.08602101918964607,0.0,0.3586478814740565
1,539,0.23726212845047498,0.21970855234757125,0.10749849889797755,0.46285100043299593
1,540,2.7521739882110188,2.481956278012164,1.1578385036488024,5.908776933967708
1,541,0.061368611583343044,0.05516497679237378,0.0,0.16227868149339847
1,542,0.25395645804711076,0.2400618022299325,0.12138233038452752,0.46667428896704943
1,543,0.971992142672757,0.9070647181866545,0.46620058341315984,1.86487930333033
1,544,180.53592177474113,155.76124269155383,47.76474898401443,458.6998690713982
1,545,0.521379887254446,0.45467962550749763,0.22906753699842058,1.2173812946801637
1,546,0.2131576040494043,0.2008979805568718,0.09303460140064733,0.40340065389027013
1,547,0.22656879734109903,0.1923519932147577,0.07280438445836612,0.5947015072145316
1,548,0.6817054506786083,0.527393336718257,0.11293121663181434,2.166460583333286
1,549,54.56993451950269,51.795686876383826,27.357764637668886,97.12420750748787
1,550,376.84565005256184,315.8457690804056,93.67307926118355,1021.2683713579522
1,551,0.03565495384517019,0.009439757724007458,0.0,0.22321694755989896
1,552,9.872352844606164,9.32652411502435,4.953493394611457,17.895395756297376
1,553,71.03302816488075,59.2434968115826,17.175942060565376,194.68056823821885
1,554,153.03604742477683,127.73828407210446,37.518045829126436,416.264829897348
1,555,0.10477019731924221,0.09868406563913773,0.04485516704859862,0.19895122687830813
1,556,25.09526306493474,20.901115764104475,6.0445554649807,69.0201101459696
1,557,0.14738572510872677,0.14020071618550672,0.07415132191344069,0.2614265970370992
1,558,0.3478800193782676,0.30879645823971985,0.13387053501314802,0.7915849709154847
1,559,7.35258857282745,6.823295865842854,3.584328672753774,14.26142874625499
1,560,6.442701481420787,5.671931224575205,2.8135964804023246,14.725566220918145
1,561,1.0505346599820524,0.8232997722866531,0.21987603763427477,3.234961826895876
1,562,2.7688922075060383,2.5177920348730796,1.0651067636771498,5.926306621939122
1,563,40.10928855101552,33.72507776688589,10.062467086837842,107.29408037724282
1,564,0.5204014227214031,0.4529639748970022,0.2255634350375985,1.2316881282278491
1,565,0.6355789994609117,0.44438457264633957,0.08855771823011795,2.3191885412971613
1,566,0.10006223689207379,0.09056998870177475,0.0204270639490222,0.23320127240505886
1,567,166.3479460302053,142.94918252403656,43.46271230936492,427.0723419205101
1,568,0.24452832746696618,0.2337921215375382,0.13018694873094697,0.42149730638916943
1,569,8.508079255777485,7.729640498323587,3.845026285288053,17.716366141055005
1,570,0.22057691633219179,0.18413780514784703,0.0533955646363437,0.5742203601702577
1,571,0.36955423112705427,0.31637479548507763,0.1301248142055219,0.9334595527452442
1,572,0.1397322061272458,0.10546531998568676,0.0,0.4888217861872529
1,573,7.965498979627798,7.03298236182563,3.1274833781609033,18.341540219592805
1,574,2.6562544279863487,2.1106178043582036,0.5778211973678502,7.972640769089617
1,575,1.2457729991739772,1.1172870115792333,0.5873165886940702,2.6705307831713947
1,576,3.054383581341171,2.555863478865921,0.7498813994445238,8.27015460848237
1,577,3.6654584201580236,3.5236402335353136,2.0313666296394652,6.104964640420839
1,578,0.37310365136455215,0.34464021296459785,0.15410969891218076,0.7436732253869676
1,579,5.818061251322987,4.846386571065008,1.4339869171424344,15.876904173309088
1,580,21.92521055504348,18.954128026584346,6.010544888647311,54.813768009981416
1,581,23.531283831796557,19.52654867482941,5.689054724857606,65.05281487111577
1,582,1.6857559476616166,1.5697589495932252,0.8079715961221293,3.2446183969760374
1,583,0.1458599187188033,0.1372836866664988,0.059156329796348085,0.281467040814271
1,584,0.10397279372898172,0.08991152773554183,0.03788492337101681,0.25527092619975494
1,585,1.208951697499172,1.161726780917691,0.6636131174218655,2.0272879805660886
1,586,2.667664557782894,2.535922854938687,1.441310654630823,4.60673035810975
1,587,9.590387780879361,8.53626095551655,4.368290623649682,21.269485559760756
1,588,4.8107977696881905,3.9264407970354487,1.1120609537731423,13.777203459372108
1,589,0.07513713498219889,0.07012929990671059,0.018904137450324987,0.1597057574151372
1,590,5.862239570732192,5.0515091819157885,1.5670132261872491,14.873399662948552
1,591,2.935324571461704,2.774776187115945,1.548431319650436,5.259607722301807
1,592,2.2822964602697766,2.022875850539582,1.0914876495293016,4.890968816832239
1,593,0.3881159715140464,0.35388247284869867,0.17395546558248542,0.799979746697377
1,594,4.879315415101117,4.075115454747031,1.4285391195911208,13.031895968821946
1,595,45.713402005045,38.23093651751195,11.0802177751941,123.96365936957814
1,596,0.4827308026916832,0.4582256870007724,0.2333659346684012,0.8746603076824626
1,597,2.0044223289814265,1.710338263794057,0.759731094010696,5.034786209971152
1,598,1.8133248953518146,1.6954950536955535,0.8520716898526974,3.453540438514662
1,599,0.2235063851703221,0.16364506607210952,0.003825642148540134,0.7798167555497708
1,600,7.1390125808559315,6.39086475929696,2.556383558424377,16.041880661146774
2,501,452.0046254805323,424.12832672400134,261.59815786360036,809.9804247175499
2,502,204.61659985194564,185.5695916914853,123.60369308347266,404.3641552700687
2,503,132.11667385157895,126.87213078922551,91.81983581162314,201.55907351170177
2,504,693.1022026720528,627.7065236734993,360.1039553411013,1408.2684699229894
2,505,105.99242754124862,90.24548934043159,55.310706936637786,254.26181774001586
2,506,781.995987089745,713.8769699485549,353.7327908947355,1609.3617757123322
2,507,20.06738316024751,19.750383397183626,12.423640463050502,29.568338416640792
2,508,215.37269879459322,205.35344085743526,136.78241681194558,351.71159628763144
2,509,49.02609791333185,44.619663635931886,30.26900617181324,94.04453061437748
2,510,2014.7276424337044,1939.5725401956934,1140.0601519581562,3316.194979779525
2,511,970.5725902835442,937.8510883771658,612.7395357917711,1522.2040214730869
2,512,32.114610434990915,31.697113642211413,22.515940503086902,44.06443105612946
2,513,153.81572426105836,146.53430949313605,98.14299611059619,252.8209146044707
2,514,109.48197399957866,103.26254067456368,66.77908943094393,189.38569139852103
2,515,594.8027725571736,580.2022327120605,400.9596749420084,876.2837624080606
2,516,263.7731612717464,241.7862275091952,164.76026650609847,500.5193224508141
2,517,63.92664292003585,53.97468446596389,29.182825619424477,162.97785108578574
2,518,578.3375993633484,528.4304369647474,289.0187890938709,1156.950313232689
2,519,40.6215626452587,38.118394288520676,21.972700777442903,74.01124427323288
2,520,11.81067400371939,11.628859610056107,7.6335763830884,16.993108000339234
2,521,291.33137775309655,277.3833428598232,191.8275768983555,475.42166606290874
2,522,122.15782243441721,106.38919040712827,59.61705348968052,277.1581366694705
2,523,173.74272657237395,152.42082240060205,96.80275534354163,380.33360858340814
2,524,56.68323297487843,51.85904972265594,29.860145835797685,112.23888427308576
2,525,660.7373533543985,628.2955763690572,396.2756312338017,1110.475045003423
2,526,572.3400612144198,543.028514370212,341.8911555974735,973.9630617784668
2,527,420.3278581004494,397.08756306960504,238.44862603936213,738.9105569703441
2,528,205.66006977164318,186.62916676228087,111.22996740611106,410.05398820401973
2,529,49.16770427492475,48.553233000560645,35.02851058229597,66.90889264486296
2,530,589.598568365689,567.3353422941304,404.24401262353473,914.0855741924474
2,531,91.34231691614114,78.97337687832723,51.70369328448253,210.63141557984196
2,532,52.24089799922714,47.63037618394692,27.741179428893982,103.32107233267605
2,533,350.85774386727377,333.3200320850324,217.42609287244755,586.4915928830901
2,534,344.06601023246793,324.0838254195977,206.40420424370723,601.4445466125758
2,535,675.6914169706508,646.9979015047941,372.11589725889456,1144.645532129016
2,536,1108.3566347030962,1076.6083576912895,720.1075651069863,1679.9578664891283
2,537,444.48183173314663,402.81332840759904,252.5715597981134,883.1207025277942
2,538,70.50796587906557,58.35424938227036,34.31591208720521,180.32350034260864
2,539,168.6840174500537,161.5293314872925,118.44086127957468,258.89770848753824
2,540,580.0732116921725,536.8168396224646,307.2108239912077,1102.1258132099344
2,541,19.880979977216064,19.570411779193222,13.108700922093703,28.383979166781355
2,542,81.31944908747617,80.13997052241845,54.505171838074666,114.81230055645372
2,543,325.9055760112052,311.25167602043655,209.62299500435967,527.7333097678494
2,544,1074.0013902092999,1018.9853223985192,549.7757224689401,1914.4192493775604
2,545,130.63540011230288,115.02644657304569,75.41023553561767,283.6993824282908
2,546,68.74458130530654,67.92816169212148,50.15320000385672,91.82539413172194
2,547,100.00146984232471,86.39349503337644,55.19213203026061,230.27106686595567
2,548,191.78602546829268,179.74469903533964,98.96116158385348,355.5848469753005
2,549,5914.614208777878,5799.277686195493,3798.1468800815505,8688.217533775476
2,550,12461.779815120688,12059.346341412911,7298.758800456721,19844.888766042688
2,551,0.45506126093215216,0.41185465381316283,9.711695439747542e-09,1.2462143175975589
2,552,1198.0033634065462,1164.7203837981012,771.635373955718,1812.87668340097
2,553,2120.2556193619375,2038.3654112597446,1182.7281748102607,3523.46294711584
2,554,5054.637469760762,4875.441314527335,2894.190194100766,8214.917899220069
2,555,37.099085375834335,36.66154324226585,26.981049299213915,49.767375625160135
2,556,815.2509011841756,783.0963234351022,453.9979358462626,1360.8639850533007
2,557,45.20131733127364,44.6952232565774,33.30147482934598,59.947241909418175
2,558,163.25808078697395,148.95559756825506,79.44567353040593,331.0609922203311
2,559,477.82985106162226,452.10145762524894,298.62513585953974,811.742724277166
2,560,303.78507424803007,270.718340060668,168.29001237448327,641.4258649708978
2,561,84.78460913821368,76.3734025361552,40.028703360449725,178.92252724039548
2,562,1001.3780105025696,937.9767076235789,453.4078881430636,1899.5391955159373
2,563,839.1602094867345,809.2086521731723,483.2189313081011,1358.4033143132158
2,564,129.01342124493127,113.42180799404377,76.23252026616005,282.21187601815683
2,565,23.95078478804898,19.442597868209432,9.756634826866323,66.20003361641253
2,566,7.451879423290588,7.333575957452718,4.55957284713106,11.00564094612092
2,567,1659.5429523140278,1598.7631789384627,937.7278970158092,2725.9249309260767
2,568,51.39524007408922,50.809812929212285,37.559210059777655,68.5345427618607
2,569,283.02104096714146,261.43677505979105,160.17019840823477,531.8482492292408
2,570,5.260004618968799,5.17559217402304,3.129608946073714,7.873475242776722
2,571,140.72671920619916,122.86263564889884,74.95609367883104,313.98600597246144
2,572,81.05141597616772,64.25006964051646,35.27790723357192,228.10012892511386
2,573,497.2140083150166,448.7323690768381,235.62422993581131,1042.7209868862217
2,574,103.80584118197237,94.16955765811674,51.83474995077262,214.96887333642462
2,575,138.27052502484688,125.51083017465959,85.83393945206845,273.5159932291503
2,576,101.1871071518264,98.11130883854509,59.90375285533431,159.6030240645232
2,577,108.84758789907335,107.67889661816581,80.2017583656782,144.28939196412807
2,578,146.72146764009412,140.7892546846153,103.8431293153468,218.92572261149266
2,579,157.94716743271704,150.72269665703539,90.36233792771363,264.93148649515456
2,580,120.75715562661344,113.66674812937234,64.76523414699015,215.88182512740502
2,581,1423.9306392778572,1371.8364805690903,811.2041354067803,2330.8265750523774
2,582,482.50048186086536,459.90250029962107,301.0642060161505,797.6480365457963
2,583,65.92712534505351,65.16806197177046,48.10743577215075,88.07787083564685
2,584,47.28334682260938,41.79526676580832,25.59724469329666,102.08387916767057
2,585,37.73263396351983,37.31951805532306,27.65498952055545,50.192988060130546
2,586,358.59280596767223,350.4963035175983,260.286889424626,494.19894277596484
2,587,219.74570031768417,197.1678441533431,126.65423217678757,450.3608856066353
2,588,371.1094088891989,352.09730628275565,200.9123376496868,651.4493963652701
2,589,31.714889358086257,31.333898590332147,23.019456082747435,42.57955768605326
2,590,58.65043255386131,56.84466663815029,34.30086576779363,92.98934621910257
2,591,201.43967191779248,194.7104966015403,140.52912944858812,303.6655146617137
2,592,63.729882973155604,57.23638966561893,39.94898942524625,128.97261776430537
2,593,167.50555441989366,156.39954959101098,97.65967271149167,303.2190929602019
2,594,336.15011834798304,288.0066978783683,113.74246640169254,838.9509436778088
2,595,723.5508348660894,684.0498857701176,383.777494782935,1286.272912176538
2,596,96.33736768781392,95.16944010150823,70.0032920392129,129.0298803062617
2,597,166.49552915403333,144.49519241889834,78.23304278277739,387.1352762066315
2,598,1338.327437573216,1287.7428966879456,809.821145525617,2160.0910339930783
2,599,32.23081334937985,29.28187532430257,17.095886690804466,63.063974670199556
2,600,138.80068324130158,132.53632996960783,93.15586099694798,224.66810310039142
1,601,45.68906004036217,38.38747816175912,11.305670284942295,123.10964986782727
1,602,1.6572456461308396,1.3634598774314273,0.5081793734272172,4.495289300032618
1,603,3.5392875253547316,3.3143058996879686,1.7295276652634626,6.661292509782242
1,604,0.46667430321201403,0.37505279621361776,0.0,1.5682997580737632
1,605,0.7827289947029851,0.72109425392621,0.38479693126749315,1.5515727281508667
1,606,3.7082005136597993,3.4044973071062232,1.6739119045010857,7.541162646585502
1,607,64.29923286899933,53.47753018880235,15.591741170637398,176.5091726192602
1,608,0.8480310355074099,0.7880199424178544,0.35138723019406204,1.6919359304754549
1,609,0.16942294355492146,0.14644370873702342,0.035701289468761874,0.4405452288443831
1,610,0.08317109155951641,0.07165707524608697,0.0,0.24227028946657378
1,611,16.052908067156842,14.433823472715352,5.773707184370084,35.600767935524
1,612,2.757574177509936,2.5824219024551853,1.300863850697764,5.2225795723640625
1,613,27592.52838288464,26984.362108976653,15664.758114948621,42968.93417106969
1,614,0.7294999585331301,0.6792466450182006,0.3533605713705482,1.3958140485280044
1,615,0.032326228623092305,0.02820998678246233,0.0,0.09240681223999427
1,616,244.03730375754853,223.82398442533093,93.25705378258384,510.48298547235066
1,617,0.44929147768940864,0.4222727975884778,0.22265267991516174,0.8304566788436155
1,618,1.160151377101509,1.0763931107334712,0.5845203538359534,2.236056637728289
1,619,1503.9758607988294,1408.1394835342737,625.3047159665141,2906.193611988922
1,620,0.1607970516563819,0.14630350011219045,0.017476120304444204,0.382197201367509
1,621,0.05561809991683488,0.04848597565104889,0.019302445036903645,0.13222658597702588
1,622,0.9817958811596711,0.9223106472705889,0.48723930392105314,1.820153097914577
1,623,0.2952912769071305,0.2772101926305669,0.1283677524960387,0.5655031036084971
1,624,1.657990911681711,1.3561090611787765,0.3856571517627055,4.685056479863535
1,625,0.8220335820317967,0.7676191129741016,0.38550882072401904,1.5679076730505612
1,626,1.0921569522149486,1.0314040329672967,0.5555484591370996,1.981924952340947
1,627,0.060933070008919885,0.05176713359562156,0.0,0.18953256499142415
1,628,0.11501003321478433,0.10433378061537027,0.03011750001254342,0.2620987178019466
1,629,49.3118947979939,45.63148131410935,19.567868962951284,99.75402846560795
1,630,0.07978539781991392,0.07316446580215984,0.0,0.1993597697330452
1,631,0.3598142721051682,0.3372125952998692,0.17513014540485955,0.6775353436052663
1,632,0.031256841717293336,0.02890916767651198,0.0032228336201964706,0.07179423712932077
1,633,0.3111681002905471,0.2724850628251617,0.11220023433340637,0.7433723924605732
1,634,9.384113238969759,7.756983080362094,2.218184410782142,26.270177576681068
1,635,1.7528946739186282,1.6416434161915499,0.8856653657042987,3.2627007000024837
1,636,2.9496346525561408,2.783551867476052,1.4683201955613814,5.377355193461801
1,637,0.11620519485902275,0.1064593124404395,0.05301663752728594,0.23668884214307637
1,638,1.0846223524776142,1.0314538258442,0.5640677032090637,1.907575467548851
1,639,2.2340408774033036,1.9173310457155195,0.48454700832271486,5.810460531409576
1,640,0.8214203989840831,0.7628398271559507,0.3968593944722531,1.5857941739312946
1,641,0.5074866779894404,0.463993168578394,0.24029665899969363,1.0236539770638569
1,642,2032.7888810339805,1950.9546998826481,950.338539219298,3565.0704627688706
1,643,33.759724038563846,28.404485186482155,8.437654937439492,90.49411418725693
1,644,285.3995333876854,268.1814846686998,119.83213124460386,549.9396380794481
1,645,3.7079019858858304,3.507368352870437,1.882785733035362,6.697489815490401
1,646,1799.5674626410218,1712.4962236581027,796.5314693879096,3287.5777391446823
1,647,13.738165339691324,13.075782694269577,7.17172117767889,24.21824734931595
1,648,0.543985904772814,0.49576892519707594,0.20531654144588324,1.1664326376968381
1,649,2.7571591511830467,2.5931986553163746,1.383831412403699,5.073283959435698
1,650,1.5330572619627938,1.4604619884210195,0.8121805597540109,2.6757950427740234
1,651,0.7644074273485565,0.7073555495823067,0.34248851855697415,1.5153694018668702
1,652,0.9781113650379955,0.9151081196628104,0.4774171602195768,1.835864240852378
1,653,487.4590186993681,455.0203584908223,201.01577123763627,950.4656734954036
1,654,38.16792301083947,31.58888884758475,9.151725920815883,106.97418389056695
1,655,9.132541284729792,7.438939448151821,2.0959838776237474,26.06717586724697
1,656,4.960665738156233,4.4532745772582,1.7721054042397892,11.07818775838922
1,657,133.84596213741756,122.03077983494018,50.574576111154116,283.93288199114295
1,658,0.7973774012851494,0.7530802888856613,0.3956814771811995,1.462387721928852
1,659,0.7893523190764632,0.6480187769631192,0.18667127235211056,2.22603454815433
1,660,0.12866610326209385,0.11255626925404924,0.043286800275051954,0.3100834550440745
1,661,0.9686712541740785,0.7667827342549172,0.20476446507499269,2.938642140970697
1,662,0.6178133973494913,0.4814599003756942,0.10705486594775787,1.9429371974929446
1,663,1.1041686933098063,0.9071020281632345,0.259580256082404,3.110226789832425
1,664,5.265523912986255,4.6977451277372575,1.8633520323906514,11.950293796889957
1,665,0.5982535812585407,0.5671813525455927,0.3123855900575496,1.0650689776651818
1,666,0.9897022074797209,0.9246859757777516,0.45534216501237934,1.9000352439931503
1,667,0.16926539655802034,0.15553606799028097,0.060543833325957364,0.35788127377074064
1,668,5.987660387857658,5.642080541660745,3.020125995573422,10.91984966795719
1,669,35.8114405511378,29.73441373374075,8.631648077922506,98.9646421927663
1,670,0.7101434690954331,0.6723198819356593,0.37580898249189343,1.2452734202341686
1,671,0.53835562707991,0.43551143993522956,0.12098686356825164,1.55721643955008
1,672,0.3438166180486313,0.3060280215101947,0.15043669979098762,0.766547019319646
1,673,0.08698418723217861,0.08189499247013067,0.03630904599100465,0.16644797991516092
1,674,0.045354009598007526,0.037544971796887344,0.006209324274559482,0.13054384941300898
1,675,0.20612352533387257,0.1971774589145372,0.11027078712372372,0.35280462265290646
1,676,0.9704737089435177,0.9052267548797881,0.4979894464594901,1.8183462301772022
1,677,0.23600220114137588,0.21933708015999706,0.09775405768153321,0.4704936865727391
1,678,62.2393668232102,52.34898426785368,15.564304914060083,166.69681678289538
1,679,130.11551997102524,118.76092995686041,49.391333829243536,274.8027662175936
1,680,0.3320388532366857,0.31291735357571154,0.16597995851810504,0.6093012441814352
1,681,18.08514870196777,14.965217855936109,4.343361406177359,50.19245825506208
1,682,0.3558204272881817,0.3098367346275034,0.09302409992903012,0.888485524206893
1,683,0.07873171717050899,0.06908932031214367,0.0,0.20889466043915347
1,684,0.5053374029236287,0.4591289317139218,0.2019390017588805,1.0791031801238176
1,685,0.3146700053348024,0.24764137476031767,0.06309980109886708,0.9628690962169972
1,686,2.5174358225430584,2.3817636255228702,1.2694170138105485,4.56203844929841
1,687,11.063706563570676,9.117663997360989,2.6298745798334844,30.98217100573385
1,688,0.9171478572768931,0.8344699513232066,0.4233943648374858,1.8896018173652989
1,689,4.483540169173167,4.246602438879091,2.2841972884298976,8.027469992805447
1,690,0.17337287918343905,0.15730760555925094,0.07658905148121622,0.36602696686023534
1,691,3.88624482424718,3.429846267707331,1.5042735349708987,8.943323165653371
1,692,0.1879202066731948,0.17203515784474166,0.08964098460568981,0.3815534688807539
1,693,0.19490867987778282,0.17834794729121944,0.087973180192659,0.3979244099183968
1,694,0.2035582064645532,0.18483893046243877,0.08589365234797712,0.42999617972371174
1,695,8.928583124772,8.427692687651604,4.480163264278811,16.335348502622647
1,696,1376.231384565808,1296.7490689938454,585.9305703504383,2609.8057251865166
1,697,2.5587834196330985,2.422129803488358,1.2923231509854838,4.618563354687662
1,698,144.0911715255249,121.65364623201577,36.39700565781111,383.8376494609021
1,699,1.6804878043970664,1.3811414466317422,0.3949648661085605,4.74375343999874
1,700,1.1942711341865833,1.1142080298609462,0.5985546694632846,2.252142170189316
2,601,470.00875857799963,441.9603544938311,243.20966060286983,862.1763541255772
2,602,290.6798586063133,245.22070182858232,107.76928388071778,734.9597370720202
2,603,459.30366567898454,440.71498985778453,289.97199546948025,736.5459815491488
2,604,31.26609293073956,30.905204260984476,22.35386296619165,42.35767490018643
2,605,175.62760232587817,164.50613617053392,114.02426514190074,305.4966338559814
2,606,214.53222967356712,201.6065054933767,121.90679530032538,381.1796593009549
2,607,2487.740350355632,2398.30312462406,1408.038714150201,4073.993959338321
2,608,424.64236723110275,409.8149705737628,279.99946936554676,653.1838410714753
2,609,233.76605476787583,211.453127724225,125.46765417444863,477.75963727379815
2,610,248.51016038044162,233.6037243008994,139.692107214813,445.08625449488284
2,611,387.18781401265005,373.3160000078043,251.66742591795511,606.2218246128085
2,612,918.6810126709661,888.9965245241021,577.7674292688366,1429.2201964628105
2,613,42881.574321077416,42246.99067357631,27825.88666467546,61621.261473024315
2,614,262.8731122620989,250.95158879982446,166.35422894468067,427.47731291043146
2,615,85.45390518810397,81.63738478157794,60.238435661927255,127.99751945537193
2,616,1550.2627728819489,1500.283191132068,955.2281675376328,2435.424850617087
2,617,161.92389792219288,156.36502467327173,108.76749319499004,248.57165504597745
2,618,176.892146664931,167.06080688397293,117.72924442628049,298.9428176876899
2,619,8281.840472311873,8180.227395992333,5803.816454373134,11308.145766887661
2,620,186.34973300861577,179.34430825288086,123.1131365149149,289.6488704365109
2,621,56.33793972851082,50.27186920131132,35.676685771153544,118.54277852718998
2,622,416.2795569345071,401.0859136705235,271.9023346034709,645.2744083417515
2,623,202.6345409714953,198.15040462924853,144.38118399682932,287.34679760258325
2,624,101.16609535373483,96.10771285789687,55.5035345901591,175.45528019878665
2,625,745.0136059905589,718.2962269800316,457.0585936614167,1186.3809104449172
2,626,426.8665353263931,413.6822034560504,285.3814407256837,645.8252196776391
2,627,54.35031496914742,50.707810079486904,34.18359783150535,96.69690837813705
2,628,162.2400327559444,154.40089797996967,101.05479116006967,268.9929265912528
2,629,387.3846321336607,380.1697274103668,267.1362611075301,548.8547966258269
2,630,59.03711681810287,58.360376918148944,43.15035859128944,78.62586809877824
2,631,195.670113434638,188.55293833159993,130.2400019914425,302.255739832812
2,632,30.41414016704902,30.045100901155912,21.888623503482997,41.00891401289461
2,633,160.37194563980407,144.8216581770898,76.10717162208012,335.8338727476614
2,634,435.38174788362755,415.90804990266145,239.55514371046564,744.6421499118345
2,635,278.83960816342835,266.9986383905667,184.47108056267183,442.76049108831137
2,636,820.707449159211,798.6527553816845,539.5767396927628,1233.0210582037032
2,637,110.08116926204018,103.04972651901836,67.7150545205605,193.99698705854158
2,638,426.76365066351667,417.79865275840615,296.0959605527478,609.3120153937674
2,639,168.582891081763,161.2641001658141,114.21939464226183,268.1570764842137
2,640,289.84909789334347,276.1337369351535,182.51673094944417,478.4998190650924
2,641,141.41637329473804,132.22107765695392,95.1711945618282,247.07947653303725
2,642,4328.175399962731,4257.270498358188,2706.6963659091216,6337.988719493981
2,643,815.7745348673101,787.5679034945662,470.6306892540116,1320.3523953231932
2,644,1060.2694246793135,1034.8413429467005,674.8531560539029,1599.1151846690236
2,645,705.7066417706778,685.3392434197935,466.315703708427,1058.8837977203725
2,646,5836.959072672214,5766.314209926759,3905.5210413203004,8192.939625165382
2,647,1555.3893805496368,1521.204521222303,1057.7281030721065,2246.4101895088897
2,648,189.01064349570112,178.5611783636424,122.28520908480995,317.93740791015017
2,649,504.01790417943755,486.58832917815266,327.48397444592337,784.3569680896596
2,650,343.8181136145138,336.74999580929307,243.175002392355,485.043074443055
2,651,404.35576775199155,386.1315955814955,250.58511229094051,664.783593387898
2,652,391.67332926458664,375.7496406514433,246.01616000356938,628.2763130761996
2,653,2714.3679779974245,2676.1680775569253,1872.163371904612,3780.285924094897
2,654,1921.3736787787998,1843.311919740493,1063.728201210132,3221.5046858439205
2,655,1127.4709293846138,1070.6950778023438,596.8628667435977,1984.5010342501569
2,656,379.3832908107433,368.8299458850555,259.70930831088066,563.4957504376621
2,657,3023.595362475745,2982.6585400128415,2139.834442763238,4144.609113287986
2,658,512.8005999575912,498.5405386235128,338.6362400319724,769.2443612587795
2,659,83.01001296041105,79.30594981970513,46.794846549945774,140.64451934511794
2,660,146.90204703303803,131.63638827367936,87.02008416365618,301.2901966576675
2,661,119.03988383904723,109.33785101176474,59.866623016333676,236.47596082837723
2,662,117.34941681326649,110.87440538410092,61.77842175477601,211.26413217345646
2,663,121.40399670969714,116.07888287502536,67.94095661000111,205.28665180175744
2,664,271.8769924879644,261.90477287199167,185.8472167778981,418.8919900465802
2,665,283.1875561479585,275.5738465858325,198.39290725832586,414.52433582205924
2,666,565.9652250712134,547.3898973603361,358.24741409548807,879.893912029981
2,667,153.01777059967642,146.10734500224464,99.06539640878103,247.78706273026458
2,668,648.0202262313383,626.6812609941503,424.2639918997938,995.2467017167523
2,669,1976.996993030837,1907.5846788964768,1126.0187393644555,3225.742526355398
2,670,185.94217636958345,181.31535693650565,135.10505102794846,256.3115178519268
2,671,147.3814341762305,139.59549971787962,79.03733464559545,259.09559430569215
2,672,185.8590716427757,168.16726096171072,106.23714243143516,373.02264315588934
2,673,32.90880621940887,32.50623135285636,23.539515204379963,44.594702569686284
2,674,57.65221252185298,48.84856904464834,32.429549461252584,139.1639198932875
2,675,43.83665471398249,43.3611359674423,32.460261368211995,57.8334488701643
2,676,300.9653503950872,286.55077407035685,206.4984252532836,484.9174691946981
2,677,152.3468459168009,147.06750975549076,103.04967437325722,233.08529691391914
2,678,1318.3153007785427,1272.250309669352,755.00802518508,2142.3213540050747
2,679,2449.055142878859,2413.2478539887625,1729.864491324742,3367.129117330968
2,680,228.55979575356147,222.0279809134912,157.28013077848493,339.79462232805497
2,681,2099.088015153902,2027.4933694039205,1205.0599782376707,3395.937196345695
2,682,201.69701189157323,185.0640338875471,98.6362448154353,401.7793385510719
2,683,42.319672989971004,39.05099068162173,28.305501294421635,77.27970419394762
2,684,499.366670124493,470.46995908115764,272.3802923765834,893.0048628889177
2,685,48.37209439909199,44.94869599116631,24.939548916206178,91.73310014512727
2,686,598.9470495461276,582.309101091329,396.45771646248437,898.6223566228908
2,687,1310.7148389233876,1261.4754098003061,739.59966379362,2161.889997369398
2,688,219.6549561618596,203.82574819915828,131.55747763884105,403.69356763645334
2,689,1074.0824224159899,1046.9511783779403,713.215551725315,1588.0746201048407
2,690,134.68442740908864,124.68888251396052,80.74572239882401,248.55952023993527
2,691,401.2783090431461,362.6960845401363,190.18988753935244,834.8914814231422
2,692,140.74014793820996,131.08336721704262,90.5790330827043,251.46185967655043
2,693,141.83024570152102,133.0642227101585,95.39390218755915,244.7872106878663
2,694,177.35739413216126,166.03354204976972,106.24824610142726,314.74044306990373
2,695,790.9253473518935,765.3458053004293,511.725883477295,1217.4526108326684
2,696,5947.0985856041625,5875.72329965165,4080.533337694564,8244.623398769229
2,697,1076.3572522337895,1050.1668753622985,708.3695656682598,1596.7393691527707
2,698,2791.74445826096,2699.1349473899504,1621.74292034465,4492.2925012953165
2,699,254.36367176826204,244.54190735601753,145.8872997680311,418.7398847484565
2,700,314.6888317659853,300.06117931620565,208.20279001404214,509.79913322416655
1,701,121.9936242258704,101.95470356811677,29.951274903108168,333.108396757606
1,702,23.056536649622974,19.13329505769002,5.563602240073373,63.21232481813317
1,703,2.074228869905521,1.6647068930002487,0.45876617233698913,6.085151224914332
1,704,0.35723896270888317,0.3114019677056986,0.12790776601516163,0.855617785456422
1,705,32.61751056197019,29.01214440088138,11.291976714188309,74.7690964661772
1,706,7.72544210946034,6.444980879475544,1.4160535997745067,21.415478656332464
1,707,3.0876427350404345,2.4901151324773547,0.6813996707049588,9.089507426096768
1,708,10.193504070610485,9.448842757746881,4.777909392009755,19.97352113731804
1,709,114.90032201300613,104.51396519191974,42.72848297667801,246.50485977377556
1,710,0.947404121826796,0.776118389737046,0.21939203739957439,2.685703689618414
1,711,6.986075927398768,6.540608339814927,3.4495152710557453,13.081090873875553
1,712,0.01608972542984997,0.014276200889748186,0.0,0.0453666386775425
1,713,1.9432078837245863,1.820816509802622,0.9463732304720555,3.642347395162999
1,714,8.4630707169707,7.501075928870142,2.898149718942481,19.53553584110648
1,715,0.6779821849257756,0.6061449595973808,0.2555315379553519,1.5227966294100692
1,716,1.7563969288951933,1.6250258915168372,0.8018603495484239,3.4775773544984983
1,717,12.663287655647116,10.395850200000025,2.9607791227526015,35.91302668041107
1,718,3.4702103041701404,3.2410857758185987,1.740704187552073,6.552119711970086
1,719,89.96984417095348,76.5603682457938,23.14810930355624,234.53805980271036
1,720,0.4538679643208794,0.4042682189432933,0.1717990680599673,1.0214303315677988
1,721,45.82947970829297,41.30678670932879,16.6313110085178,99.96051665995029
1,722,0.30616701580218136,0.27631443539617984,0.14344806033071605,0.647594084170494
1,723,2.8300361379134036,2.4091518295186507,0.6546006698172785,7.419955254796892
1,724,1.4884839419394151,1.3231967654138572,0.6213079449031688,3.3542671396298678
1,725,0.7107691197342972,0.6617586170860699,0.3419986496189774,1.3714867358752345
1,726,4.173870563684097,3.917244127583066,2.043593171713999,7.785068077237586
1,727,0.8029972201422773,0.7519247203696349,0.3939988122486315,1.5049250001573866
1,728,171.94212887868937,157.1413573424694,64.99506925723992,363.4909203066418
1,729,31.7410755163542,28.510501674458954,11.369966267361187,70.6448352184852
1,730,8.503299997815127,7.523801070474139,2.754438035446408,19.94274788013812
1,731,105.60965648387918,96.35866648102645,39.703657951986656,224.86913876985602
1,732,1.3365220512984382,1.2592292710716317,0.673188375685668,2.445946998386465
1,733,8.896689232283025,7.33431438471481,2.1180922588539794,24.79353512158846
1,734,1.2189155768616262,1.1462494377032608,0.60255249100623,2.2588238651277712
1,735,7.358821120159431,6.8442119347796595,3.5610065942237763,14.140969253115339
1,736,24.067604001517147,21.75972544212544,8.793983207618849,52.70269127415808
1,737,0.5633410827959152,0.5299652069069399,0.2762698028047691,1.0409191558665327
1,738,0.8301117641000889,0.7511123295104334,0.38303161603279534,1.7476752080948532
1,739,0.9934743659778492,0.9070039393330215,0.43000350542534566,2.0609358749187026
1,740,72.36399605527427,65.57090734202109,26.525463302825354,156.68726196106422
1,741,1.3207037562637864,1.2302275146159274,0.619792895983883,2.548324346899086
1,742,9.012589211979297,8.538065813761584,4.60636164360614,16.089325188645176
1,743,1.512296494128319,1.3982275562222615,0.7094020313515552,2.982643233553783
1,744,1120.429934653271,1057.1060206447507,479.7890729220204,2110.6151223996667
1,745,26.013826393472996,21.644232988201928,6.332278956477617,71.51034839895397
1,746,0.5024417702609038,0.4710475130103178,0.2320470801607323,0.9557068264052356
1,747,77.60339966145845,70.83806126524586,29.30563573249712,164.28283182719304
1,748,2581.2782418601246,2485.239939733784,1306.0684900781594,4399.747648839222
1,749,4.106000816873343,3.8988729430018942,2.1681337473108626,7.223291781075378
1,750,0.12061462609979202,0.10741878860332646,0.006098701784371793,0.3085589717616161
1,751,1.0865310235584995,1.036473574558989,0.578835847733063,1.8793462587955803
1,752,32.09354056529988,26.56893152678048,7.732053881285472,88.5294631105395
1,753,2.408051221341752,2.2483049315478816,1.1687644758380262,4.588469920807941
1,754,18.91154817635397,16.99268590869807,6.744322506443664,41.9948715964722
1,755,12.64186827162316,11.107339288836464,4.252861072692388,29.940464065187065
1,756,7.416587391844521,6.856055229271057,3.4202734897561897,14.739557561347526
1,757,0.05708175550116813,0.0004154841731936325,0.0,0.3227292198462445
1,758,0.25990859146970763,0.23645028505029753,0.1112433572632957,0.5450910537915112
1,759,0.9655951820808829,0.7726241802381626,0.20606397162318332,2.8578863147570286
1,760,0.07417192719462146,0.06831758172263959,0.015227780621767812,0.16459177977117415
1,761,0.2064219849108093,0.1914543591200092,0.09575316257385999,0.4034787810460745
1,762,0.06370053383952683,0.053631761624111485,0.0,0.1949042016819822
1,763,251.17587836589158,232.27608827527985,98.54734349509984,510.2129772042418
1,764,0.8481734908845111,0.6543924050570546,0.13606880109158465,2.7034242177288754
1,765,0.588432256075778,0.5278070351171527,0.24689061032480628,1.290069724593866
1,766,0.6606036449952722,0.6140248930790748,0.3085081634953977,1.2800985298821577
1,767,1.8314056752493573,1.7122602300413217,0.8589433817126781,3.5026856674598776
1,768,0.9513343270404548,0.8718410964578733,0.41021226525908433,1.9506648207254775
1,769,0.0967217965521286,0.08561403104750301,0.0,0.25605739060767796
1,770,109.76441805040815,91.91691428672662,26.95148758508565,296.5277398571786
1,771,0.7334278865937071,0.6377252075031955,0.2996857877894327,1.749731557252189
1,772,38.885317032357804,34.691892291627056,13.20893151430074,89.14961178380352
1,773,0.5150349841090623,0.48562516784411774,0.2593267425604403,0.9381952994105519
1,774,0.842628695276589,0.7827930087325254,0.40259152040175805,1.6370668525524308
1,775,1.74479715511287,1.6315749081713316,0.8447242562283848,3.2925557068543396
1,776,1.2872056810121255,1.0426870936737136,0.285896899247423,3.742251630226185
1,777,0.10874110047802552,0.08725331522368543,0.0,0.3619081426870519
1,778,63.460622717252264,52.938489870371924,15.476563016417854,173.41544353512842
1,779,8.37743126846912,7.09740461142328,2.4275410867408875,21.94269149419404
1,780,0.03756326215321683,0.03169385358395847,0.013234921227102738,0.09766672034360825
1,781,30.49061980759918,25.227983431284507,7.332376298590638,84.72833531665145
1,782,0.3657878429110548,0.29611540771607014,0.08291569164861391,1.059099829211324
1,783,12.275523983786785,10.11271623564984,2.908803513456503,34.31418154808178
1,784,0.6568281596734075,0.6183718335443023,0.3311823071209511,1.2043282708546383
1,785,0.10860421067910997,0.08171958798655457,0.0,0.3732292961817621
1,786,5.832312171861549,4.676297586314471,1.2687728746344846,17.255327444073004
1,787,5.664995644004956,4.986543726823241,1.8311597227559206,13.500969881426718
1,788,2.4714664450162025,2.336423866267765,1.2506664718116267,4.460564549926892
1,789,1.9992033983653947,1.635755046734829,0.466014085787377,5.683670490033588
1,790,2.4019773664512534,2.255356524062165,1.2126247892133444,4.4356320747413465
1,791,2.7851570342396688,2.2592556651308096,0.6227836942504247,8.073623316842802
1,792,0.13501437238029115,0.12827133326882473,0.06503057481720645,0.24421391694797026
1,793,0.027976458724389062,0.023675158168166257,0.0011465215024132485,0.07922009760377724
1,794,0.8832699529656308,0.8101523286458789,0.43296923450975366,1.7803713247532822
1,795,0.30301579285924424,0.2674539833450248,0.06426609077355826,0.7526865133892982
1,796,0.04429235572635376,0.03913685773244344,0.010384958874886673,0.10258526008854295
1,797,1.0632511616854092,0.8659463983428588,0.24265046560702952,3.052413394079819
1,798,18.066958397907598,15.006208001418823,4.360712011170597,49.96892373965316
1,799,1.9870571041253582,1.6128455324807036,0.45066137933016354,5.7517367625955815
1,800,0.8654502554615358,0.7005172174227794,0.19340859570861604,2.516808358328234
2,701,4308.551358614345,4165.51443913099,2492.426528243734,6944.252855403593
2,702,761.2842701586078,729.4064309723866,423.53401347989853,1281.5746890564376
2,703,92.51748509234359,85.57750305430623,45.479169221579745,180.42724157108313
2,704,182.41102285782486,163.7969135018982,95.90401940115396,377.00021162111005
2,705,794.8057207861867,756.9984713483275,489.38610204965164,1322.3990815015902
2,706,377.7311875036168,354.999360739014,201.2807681415123,682.2031546463425
2,707,205.12191710258614,191.22213136799093,104.42986115589056,385.54821021816457
2,708,633.5401654828285,600.256246982191,374.2238791409045,1084.4387125250578
2,709,1514.33159041374,1476.0483901525304,987.9038719870697,2267.102278747504
2,710,165.85994309046066,158.96065929261084,94.98854349743114,275.163088877456
2,711,394.78868741352886,377.6198896062833,249.93287676347384,636.6920888196421
2,712,91.37378043509729,89.23352746749553,64.8584482179239,130.30254471013566
2,713,399.1235438227067,384.5286045591955,256.7172013481505,626.5155286758787
2,714,522.5472649931988,502.0868047989726,337.5878099189845,824.3260160938321
2,715,360.5294429508794,332.33869889617887,207.237434140692,678.1716976994458
2,716,802.718969845228,762.1877212275203,465.51160837631926,1375.2400627814081
2,717,1295.8511624845503,1239.8474882792939,705.7609184877147,2201.375074123938
2,718,428.31311936351887,407.7252593226061,282.13438214839056,702.7451777829087
2,719,1251.2723882494,1209.3004280830605,724.8666316646962,2012.8085738053903
2,720,378.72291972434925,349.11108071443425,207.19311379136593,724.832960733833
2,721,1062.9668664395606,1036.381615906406,696.6265776847451,1584.538247989993
2,722,166.2940589663831,152.35385315945263,104.3550708968152,317.9497325230407
2,723,260.33867421934383,246.24540143891846,159.39325426247103,445.08701998175496
2,724,344.06825108458287,311.81720677324824,179.3095940030256,697.9504970972132
2,725,388.64379819333175,371.1058353259217,248.396272591495,631.6733885082575
2,726,1024.4137715185911,986.1758219054439,643.4571825672266,1624.2062412126422
2,727,398.47120827182846,382.14227042480417,256.038033271335,635.2149818526299
2,728,3191.6053732511805,3144.884627703131,2246.5522844825573,4416.353777628785
2,729,1018.300972053492,989.4533012095192,660.2020714518983,1543.0553255922132
2,730,390.2711454217985,377.1331466809277,257.73505660536904,599.2806901707783
2,731,1976.483047891956,1941.5033255499861,1356.483304293995,2802.1236015442164
2,732,698.0385485433541,676.6375687937416,459.1141545074431,1067.3739853441987
2,733,689.0658339421037,661.8039664865366,388.4290400230517,1141.7194446277852
2,734,522.6189691675598,504.699544575303,335.87441768844553,812.2983142632803
2,735,573.2523205621308,545.2639187005439,357.92343497232287,953.025382595064
2,736,311.0013206638081,299.3302424741746,200.59153836755405,490.11335925151405
2,737,181.4756548266053,176.28297641947205,126.11101560288371,266.8933740052397
2,738,339.0260055951178,311.99977194937804,211.62026857838677,631.0563611663392
2,739,444.98908812369683,418.371567579372,257.0377300354676,788.024446381274
2,740,1694.2541098578765,1654.4219439970266,1138.3823337144267,2482.4409246126156
2,741,634.943268174719,608.5193342504947,387.01742537330756,1035.006074531542
2,742,1188.03340341549,1158.8120374685145,790.930704358413,1754.5000650749366
2,743,495.3036208546811,468.4275185062491,299.9258159776245,850.9042017233498
2,744,4468.827327936177,4404.4836200537375,3004.5629334951514,6282.3984921719075
2,745,1090.7936084456355,1050.477480013331,623.6013464454021,1778.5934771759203
2,746,442.17064991089774,429.3749605315493,303.95835734774244,657.9858619639289
2,747,1411.6248916637567,1389.2225912248791,982.5739084702047,1969.9150174470485
2,748,9058.028371751223,8932.642016069269,6240.645935966881,12580.96783962645
2,749,409.83975791248446,399.22930805454314,286.65009300322254,596.5610305205327
2,750,114.99239438120316,107.57355107883535,71.3671994455709,202.64495334838233
2,751,352.50184627936267,346.99769607345576,255.0440236363942,481.418193115035
2,752,2246.8844390617146,2168.2948705061954,1281.8533625792666,3652.928682497944
2,753,522.2583336565917,499.63587968749835,326.876581129417,850.1122453853602
2,754,988.686511520552,963.7980246237128,649.8490289743327,1467.9908977816901
2,755,173.0785320533996,161.03433192041578,98.97272385189709,317.66287500410505
2,756,814.9666644480322,770.4722274139533,472.1147239431506,1414.5076143411054
2,757,40.53967501755307,40.10269403870335,29.365427545755587,54.24237682297956
2,758,210.35088411441353,196.18480644467854,132.00089177204848,374.6581877620829
2,759,200.34471833265175,189.64137305667145,107.49387735294405,355.44173837572623
2,760,120.42717636009955,116.6920590411434,86.54459937100593,169.9695390730859
2,761,229.30284929539548,218.8195874371765,150.01635789943197,370.61885043531953
2,762,138.57708895613055,124.8732594453291,82.17335203901531,279.64300512433323
2,763,2044.700047387715,2007.6361194353658,1392.5957860108954,2912.8151502427304
2,764,196.95342867351826,184.50401131498185,105.16394070857727,362.8077969883481
2,765,193.65474395459984,177.70751824915897,106.51105691772943,373.46587277114355
2,766,441.98210076232283,422.0801606148524,288.0310982165472,718.0588500840759
2,767,441.2211140546804,424.84673729180093,273.1700623044837,699.6574778905275
2,768,660.6192765940675,624.5952754554535,365.86078191394677,1161.2353258739479
2,769,154.85896821908486,143.23071511668059,100.95709696094856,284.1134416975131
2,770,3195.9640370649563,3086.9314258326567,1844.5722039017476,5163.33189682947
2,771,340.19894880422225,300.375797161897,182.1608475867399,736.7076954432133
2,772,708.7703399499002,674.568802171779,413.65807727081994,1195.9568451749649
2,773,216.5206770342777,209.99268412697387,146.9042397194171,324.47956649967836
2,774,278.51966978355216,264.5220728311368,175.2831528387426,465.0287622068754
2,775,500.93225686385045,481.2061307557095,316.6706893225928,800.0886375465228
2,776,245.85701225905157,233.16060550684296,131.22266032237872,433.6416414188382
2,777,250.23201505621526,229.39205590901787,122.94106664932765,498.49301628132366
2,778,1933.5740544607856,1858.8963594880227,1086.5880430083992,3201.4925728625076
2,779,259.38380365085857,236.9063523097767,133.6264388901088,517.1983336854724
2,780,77.63979443061382,66.43340473202275,44.271771089029144,182.59762470170102
2,781,2686.7350693133985,2594.621644141407,1534.1609980525143,4363.97266800212
2,782,89.59327947186237,85.14874473680229,51.428763245344456,149.66454090347386
2,783,1086.1215274215622,1042.43012113546,605.4532848174925,1815.2619012867272
2,784,318.25568177651223,307.47822263349167,214.6460643541987,483.3946048135109
2,785,46.0582442545139,44.68427143547429,27.391335112770825,72.30254233617596
2,786,781.840147444173,731.4134761981215,387.74579832497625,1467.9908403385841
2,787,350.1889157084519,335.48051368095753,216.8816602742613,570.5086328432718
2,788,860.6377000760477,836.9910356349773,570.8360078752256,1285.5097709649995
2,789,205.84264480209148,195.7838698983709,113.44322468374722,355.50763137151625
2,790,269.6810710893071,259.4302990528537,177.57409528871537,421.8614362435384
2,791,326.2151330256521,310.7524911376655,177.7760843698409,563.2681023906081
2,792,56.55453836561202,55.96945989836954,41.95331596671894,74.70239426846476
2,793,37.907582697369016,32.91276682744716,22.775309277640527,85.91127668581801
2,794,131.30953776069376,122.19610476580488,85.99050784426099,235.05871581395877
2,795,178.66190918992842,165.19172515750657,101.19175304549164,335.4355153880542
2,796,46.95770360404661,43.21141217985807,31.400100852783453,84.04605703268997
2,797,233.09117608615324,221.7519169402297,126.26739555681851,405.2757933454587
2,798,1143.522993184846,1102.3886017346913,656.447914932649,1867.4374701314741
2,799,216.24402366108745,204.26254706387357,117.33968121287192,385.29146911441467
2,800,177.1502900524638,167.94890831530262,97.91289731795109,309.42751818849223
1,801,0.2426983500463653,0.23026717558702875,0.1256579225007313,0.4300941199534932
1,802,7.917624993876645,7.136150728421344,3.5299918351787793,16.935234607919533
1,803,0.14412215850563406,0.13399251614310886,0.06685426280841941,0.2800826822417806
1,804,0.2297293049987379,0.2149210252143367,0.11220128071684342,0.4335262254896456
1,805,0.565634711644255,0.5042591797332672,0.24507099477836036,1.2434760586057312
1,806,0.3001072221858236,0.27348331289241196,0.1183854567101276,0.6373840350017184
1,807,0.5694767019566946,0.5271272760394721,0.26854349829800406,1.1112759928482439
1,808,2.704664853706154,2.529724227280976,1.3213052951906845,5.075603793543336
1,809,0.38539873213122117,0.35537016725047127,0.19351263556377662,0.7441019700516781
1,810,0.33309884963724123,0.3093616170603057,0.16917092678703813,0.6266603668102569
1,811,1.6409954868457568,1.3836260307169783,0.6682211758087702,4.247769597546435
1,812,0.6304684822561618,0.5579687834289768,0.2706134777853451,1.429686724574236
1,813,0.33694266088681346,0.3120751821772122,0.16031811721707376,0.6605624952398966
1,814,2.884331398047863,2.6780814808584035,1.301085736524247,5.654402360215141
1,815,4.177838124926588,3.999720179854994,2.258789987302864,7.119734031086748
1,816,24.816002069697948,20.37411350937369,5.775666078567232,69.95718731266528
1,817,0.17232240025071494,0.15096568897891544,0.06454304903743073,0.4086211372561341
1,818,0.2119004157680403,0.1864887163003008,0.09118206015207367,0.4872634695054438
1,819,0.18417793969008725,0.16693954116688203,0.057231250887437794,0.40978756488436985
1,820,1.7211984941390468,1.5913458473311999,0.7716368962207167,3.4300504670652656
1,821,0.7527196852845619,0.700003166700711,0.34619864583732796,1.4612801044104629
1,822,10.486068430594722,8.670305556781173,2.4773218760575566,29.355375660595403
1,823,0.9167706070014766,0.8290979101288789,0.38342896137112575,1.9603252794333836
1,824,0.4975645436336286,0.4665012803463074,0.24337481846070672,0.9323879092525489
1,825,0.8767942087091695,0.7477826420134235,0.32126890405243097,2.2083427403240323
1,826,1.3273804425670352,1.190681307600811,0.6354907995657817,2.809258462794477
1,827,0.2898566537155554,0.2632186489364437,0.12291034385544197,0.6110452951756037
1,828,0.30018724544767666,0.26467754329145654,0.13306699817795783,0.6873396731504835
1,829,0.4811393813538659,0.39135627457485245,0.10924468072806796,1.3811294569726218
1,830,0.7774139067083026,0.6238510267295028,0.17174063009133586,2.2966965198041516
1,831,0.9912751166312127,0.9414239055615814,0.5204041813968693,1.7513247009334336
1,832,0.9607159589239599,0.8449820043760154,0.3883702020918097,2.221136839573954
1,833,1.3965676317468019,1.293667339898331,0.6367772935056186,2.7587595342405575
1,834,0.6909543873028441,0.569991508494143,0.16347640011684822,1.9420544582094974
1,835,0.8256438717905638,0.7795268424159233,0.43584750783561127,1.4504578576206968
1,836,0.12102213004264722,0.11505090349252847,0.05990039328015642,0.21651479716304126
1,837,0.30500092560349656,0.28704335725555596,0.14700829029095722,0.5635130600701265
1,838,0.21821680967466217,0.2029315002566196,0.10459434332124748,0.4195895191842401
1,839,0.34199199310267203,0.3143769864934425,0.1546330982356163,0.6842175053337116
1,840,0.4402760709218031,0.4041835552062046,0.19680527647533802,0.89021615609403
1,841,2.6613847973514626,2.197709538594528,0.638306491234278,7.422911077135633
1,842,0.49038803232758016,0.4305605765686149,0.20228377049486707,1.1385119528644627
1,843,30.75827275301489,25.548322371688094,7.38594388331084,85.12836729182413
1,844,0.9999275834351972,0.8133036518714214,0.22622625897927195,2.8723401187665654
1,845,0.35687419345123017,0.3270395158562427,0.1565021168333413,0.7346564791552709
1,846,0.6432219327218026,0.596280366138655,0.2998354819653278,1.2528628744152903
1,847,0.8814838829887478,0.8202314584357508,0.39971783365115454,1.7153576149740057
1,848,28.627733247687644,23.59210249434983,6.775927200124574,80.10528486424629
1,849,1.797340665477426,1.6702937419427997,0.877821200106277,3.4491004015255067
1,850,0.1688506004776666,0.15233455139431146,0.07340339128980464,0.35636909116337684
1,851,0.26775885096193225,0.2512677345141897,0.1408167977373435,0.47700007623979584
1,852,1.5077861614663555,1.1914119970990282,0.316169497451626,4.592597650672803
1,853,0.39323431205696846,0.3666336119760749,0.19061748951606663,0.749621293915461
1,854,1.1017302364491464,1.009034903609059,0.4663282286683635,2.2770826513475133
1,855,9.748311540678747,9.19004754757161,4.9618821868201,17.872087604793737
1,856,1.56949929399855,1.2054126776158427,0.30589094846466125,5.015812075664537
1,857,0.09728513280488069,0.08976862734091046,0.04502996599579067,0.1878246953563371
1,858,0.10385542734865802,0.09382665129425946,0.04861143469008152,0.21676482364294938
1,859,0.041163023315798956,0.03468859307824431,0.0,0.126050050775234
1,860,0.15247572089415093,0.13647242069457405,0.02472923478235124,0.3643491729237927
1,861,6.202911024572461,5.880047320734095,3.251426401828616,10.982570917041567
1,862,0.7635568476391719,0.7019857393162461,0.36964830953009403,1.5315354134681447
1,863,0.5784862493578282,0.5374354417261642,0.2956496953384226,1.0532415477687438
1,864,0.8850528897925574,0.8061069444813286,0.3766509683564657,1.858272398650327
1,865,0.4015773571473875,0.3419852446015871,0.15729140412794476,1.000264096058754
1,866,1.2467528402188812,1.152006151389772,0.6187674229621268,2.440849095854084
1,867,0.36242633967203125,0.3166903678265627,0.156251734124693,0.8472105095312396
1,868,196.82815178616423,164.95266839145435,49.0539245923755,532.4833852082797
1,869,28.89851692120144,23.89504676451743,6.867114851676884,80.21449139066458
1,870,0.3861305144310602,0.3600465794241489,0.1826968610763771,0.7392116334880274
1,871,0.04638135977233051,0.04362956907599221,0.01728191281613487,0.09109429529033179
1,872,0.3637127411011745,0.3249891015007501,0.16856216337276292,0.8015196281311254
1,873,40.75667306714682,33.80899398222197,9.82894818365465,112.55880398511904
1,874,0.27497603746638755,0.25825508583907025,0.13975582669872014,0.49168831526140505
1,875,4.788254005059179,4.459175550534431,2.3222703127813222,9.183885342310678
1,876,15.825017111519493,13.057229715234424,3.7422418651512572,44.03764719639126
1,877,1.7601884245719042,1.6121997249042812,0.8494070798342799,3.536226882238459
1,878,0.3071687744485498,0.2672596994789361,0.13927531966385942,0.7179175925688713
1,879,0.5445451433207843,0.495623622095553,0.24537748331139947,1.133367044407989
1,880,0.11094788668094561,0.0971217293154091,0.04429422937849653,0.26306216750824696
1,881,3.4615970613939973,3.2844823703854122,1.818486072508155,6.123872323194259
1,882,4.725458995896301,3.898642399790175,1.1257744216264245,13.18442139515262
1,883,5.244698578591626,4.271420463357956,1.1994982235263307,14.923034445007213
1,884,0.030500768833042407,0.028485927128353426,0.007237173885185539,0.065178347348771
1,885,1.7345190852178876,1.6357924251958784,0.8909376458676269,3.176500125294497
1,886,0.7047940810970466,0.6336841361074679,0.306229934736393,1.5310813329640558
1,887,0.809371589775193,0.7445762515292446,0.36495276349625017,1.6286564211508472
1,888,57.148761754921026,48.39568607779704,14.472832442844226,151.37224848172795
1,889,0.18261468687085403,0.17488648765564885,0.0979106406496021,0.31291291980937525
1,890,2.572650534176489,2.378449018980894,1.2258308008216148,5.047796281112977
1,891,0.4364338843039725,0.39714502939856855,0.20487589694305977,0.9000974304146108
1,892,0.014126906473169047,0.011877428523871318,0.0,0.044845157198452286
1,893,0.6474509112187342,0.5756370769731798,0.2623816825151024,1.455849770243039
1,894,0.1327952592103513,0.12146163285074452,0.06515787276360999,0.25900989813389824
1,895,3.9544989337073586,3.664138677248724,1.859718405656639,7.743029539769157
1,896,0.35254247177273357,0.3072574547429305,0.0,0.9570650360653024
1,897,0.29413824505930525,0.27795158536605735,0.1501498275995064,0.5304037414810638
1,898,10.761074713760447,8.84961150435489,2.534326443396013,30.373289018282794
1,899,0.2240860371728715,0.18607689023655022,0.08283431468102999,0.6040403783965713
1,900,0.10742126369861589,0.10219270834344138,0.054965248417942994,0.1899997289692814
2,801,179.86803711680025,176.01902084952968,127.3883956239255,254.94660378685896
2,802,281.43991067463355,257.7453152871186,156.67795901031354,547.6873141494523
2,803,162.98011867255562,156.39617254012825,105.43592710265938,259.4806989255673
2,804,106.11675661668126,102.00791398646305,70.86970354844611,165.85566605811337
2,805,253.32592612450915,229.78746623037307,145.3262222737927,501.57896320992967
2,806,157.254841871857,147.99153977471025,96.84430688925646,271.4288301416373
2,807,258.0459922619244,245.03640159594318,156.91843081431298,435.71558666961056
2,808,609.7200416399193,586.5724882721695,383.10685705859936,973.3507760273725
2,809,98.74925579434114,92.89723940994253,67.23823966536557,166.88794131331227
2,810,99.07968864249086,94.22395821477951,69.15504858627611,158.06548191461496
2,811,113.25692467872568,95.93734009804126,60.53756980036846,275.2235531441874
2,812,184.3309034592063,165.5672502748281,107.70375791875679,376.8567306974048
2,813,217.089290825659,205.91026600701082,135.53765612392712,365.10485421837984
2,814,1077.9263938755878,1030.3022865582734,608.253242698748,1819.827455698969
2,815,129.0307943091571,126.87503637000748,91.66729287395103,178.6424693563795
2,816,1184.5477110030383,1129.5510371255061,631.4887338859028,2066.50917004906
2,817,126.34723282133302,113.38183984521379,67.26628053222898,261.716021214867
2,818,80.30121627788384,71.70386734407424,48.86647921223214,166.75908366571142
2,819,160.1643884532942,150.84594059594906,106.59135543143961,272.8393920464387
2,820,588.3179607681265,560.3561820211202,353.1768110250624,986.2799896297296
2,821,338.7447054468587,324.5028123726513,199.32297331070697,561.0914992522759
2,822,1053.4066049124033,1012.415061854367,593.7806423671491,1737.1652116419873
2,823,134.0109578318765,124.58697982870393,77.66947305567257,244.80772158732327
2,824,227.58159406326345,218.8121353974123,148.80189149935086,358.2875504948964
2,825,281.67584731813287,244.63828269251388,133.05067351324024,648.2339416784956
2,826,93.52567152754233,84.86060840380424,58.90579738153014,182.3108430361773
2,827,105.2334751531693,98.19042938394286,59.33440607227632,192.04999137024973
2,828,91.89427337118266,81.86073801650818,55.0086431244025,193.06572971567576
2,829,90.15048221003434,86.01217747295895,50.19756860650583,153.78243271830127
2,830,91.93083427084402,85.32396541822796,47.12060604842708,176.04137911427986
2,831,130.57835278916858,127.42402179639987,92.49801997591109,187.11103448300653
2,832,173.01229131017615,154.82903335702525,90.120670178989,362.1546580674674
2,833,332.20158804085787,315.86045372254455,190.55588474293245,566.6803200715206
2,834,100.1338808762587,96.09355335572346,56.822625341010536,166.199475198832
2,835,169.85629599668212,165.38231009826615,123.22944558670112,233.88811384365076
2,836,67.09033087747187,66.35498401941166,49.60143482182514,88.69730849433691
2,837,85.322851311877,83.13713946655943,59.60075351191098,124.25265010302337
2,838,75.13636254343506,71.60774019218734,48.324796054902635,122.84641618396368
2,839,144.69684984556662,136.7713861932973,98.07634041222143,241.2292318091946
2,840,294.068904740409,277.9541562457081,175.10701930540822,509.60716704423163
2,841,282.5362688532458,272.28037949173364,163.02866792714684,458.45433524283675
2,842,201.193782403508,179.66524237324722,118.32453882932491,416.3735228953429
2,843,1487.5713257078237,1430.745543904451,840.4553877936282,2456.0238560402736
2,844,145.16458726014247,139.2713562343626,82.92047943429735,241.11286161646117
2,845,186.96080924500464,175.6997081858595,104.1372874114583,336.51049726440647
2,846,206.94759840389474,196.91296409726183,126.70764074435368,344.6553164378287
2,847,435.61865002014423,419.5684996901579,279.63681250178024,686.3198205839259
2,848,2466.455326995762,2365.8729886895053,1373.1496260069869,4132.201830336669
2,849,132.060463406178,125.37748915377463,83.08171581646926,220.42644376007772
2,850,78.26711791673479,72.22956641360395,51.804587343324926,143.4955438863842
2,851,89.05528382526988,85.73047767116574,63.45517602634896,130.544024775407
2,852,144.0363509426359,132.43570301072592,71.96146902370062,286.077300407133
2,853,257.18280653917145,246.48423961469626,165.87765765584749,410.74051699586045
2,854,616.4752705375407,584.0255067573821,350.9011640466318,1076.061560544947
2,855,434.82358068968296,418.81794198089096,285.23133228475393,675.7698259892336
2,856,180.38465480531912,159.531909427688,77.6925586155143,407.22751778218645
2,857,82.95499842095379,79.20444405288646,58.408405937472175,124.46651999252136
2,858,74.4849292641952,68.67148334118863,49.20637292974442,136.88231839768758
2,859,70.1496931502737,63.260030136864096,44.17768040848682,140.29065081835338
2,860,86.08398479245145,80.13845875766978,57.79246813787566,151.9452304820495
2,861,390.2168161223233,378.8887409361121,270.1511282089233,579.8557397132653
2,862,141.68645955343678,132.417812581759,90.34276024255104,249.4766327061032
2,863,49.72871900370634,47.52281468307983,34.968971362317816,73.25434697495592
2,864,303.97229557525566,285.1921296046174,168.91109825429797,548.1716111263319
2,865,139.12338811833342,120.01471235165728,68.51513655303478,323.1036929518229
2,866,240.01716677502017,225.45138053098458,158.0080832031959,412.7963313015817
2,867,86.77874588747446,76.55907266879885,48.48557794072441,187.2436370806065
2,868,5915.403143058806,5719.982999552063,3436.3476005949688,9506.096779623895
2,869,1008.3108898098072,961.8012762189364,544.9457231504535,1734.359388375216
2,870,186.293027257538,179.35540817434588,125.38699308402413,288.5392393439632
2,871,32.77496896756753,32.422055388242256,24.14488419908474,43.344072034531415
2,872,100.37347765703119,90.66066541403292,61.79575344733027,202.71918927052542
2,873,1768.7233975831557,1697.2077375674494,984.6567382211224,2957.984568291781
2,874,86.6405451729987,84.142865800132,62.536287795217675,118.92457230285122
2,875,416.4617286748852,395.61096525743596,260.56227817757105,695.0826816284737
2,876,1076.5334094445327,1031.991723307703,596.6528964232464,1812.2252787745324
2,877,177.6268719265197,165.04856597626537,111.22198840337425,320.66484730640076
2,878,59.89418466300308,52.45772958665856,36.11625303055652,131.57833460369386
2,879,162.85694833588414,151.09232595950283,94.06128746292887,299.95115272678953
2,880,85.08783558097994,75.72726946352114,49.04456986480315,178.78722212757313
2,881,324.82278558231314,316.59781182667103,227.03950113919097,472.4648641656185
2,882,410.12716369113326,394.2916885567195,232.1531788108884,679.8176450323151
2,883,219.51001052354124,206.18678206678032,113.26133843895792,402.68091238703585
2,884,45.82628935431659,45.33385259762052,33.93527304098682,60.39259225443997
2,885,367.05320902065085,353.88034801822516,252.1291904711579,562.365280599165
2,886,141.6605465076952,129.68859001529313,81.637747207459,273.5353495015413
2,887,296.3095078386261,279.68621634948084,177.1054322551823,512.7647028097524
2,888,858.5363524173388,826.2156959658923,483.31298628308133,1422.0086392222443
2,889,57.19514208873715,56.57879372874871,42.43400676581782,75.34490521058521
2,890,156.72472218350632,148.19968007141276,96.55857263328089,267.15165605440694
2,891,116.18844561552436,107.68293363326433,74.75967939466136,212.93185705223547
2,892,64.1540494254856,62.519132570956735,44.736898942525656,93.26536203025842
2,893,218.04407238053952,198.31230332896826,115.8342657490155,435.1292435536315
2,894,33.82114732090822,31.666645854014373,22.83276872774206,57.08897366022327
2,895,299.49824516901924,284.0794456321763,178.30007625619436,512.0562043554361
2,896,183.55630960579128,170.9396384623655,102.13506491457555,339.594731624937
2,897,80.92100270302929,78.65840855536355,56.24700370553583,119.43431015124237
2,898,584.4566144974293,556.4360980686669,318.6797472548186,1010.5842089080307
2,899,33.7351370066914,28.281052677054177,17.414680297236558,84.25599281177797
2,900,25.34802383420169,25.085929784734645,18.654960871148976,33.580440914370904
1,901,1.1545494132794931,0.9258913206123747,0.25177213858212355,3.416942868760706
1,902,0.1655223487159049,0.1581579869691785,0.08768648594359839,0.2850123511223271
1,903,0.09405481974402798,0.08723390958585353,0.022583451127807037,0.20417910835135394
1,904,0.14236656925083882,0.13440051896588112,0.06129945344480955,0.27039199092319577
1,905,0.25268766123197567,0.227077527231488,0.09780370166796665,0.5605798039680729
1,906,0.14500108324511288,0.13629125176898935,0.060938116017233736,0.27846709759376975
1,907,0.035442986581565354,0.029362299949344653,0.004240788690225143,0.0971891699398005
1,908,4.145712676535946,3.8950552742496765,2.047337323846162,7.709207673154721
1,909,2.620831281579851,2.4094974285619797,1.1982040915079644,5.280463936368601
1,910,0.05766589695909739,0.054540374277217266,0.02707149120961547,0.10596760769978936
1,911,0.6932164894282489,0.6506467718307358,0.35818175490644116,1.2727321110235548
1,912,0.8834277251217569,0.6742492553078206,0.1695542257054474,2.8542641502532926
1,913,38.84050852881463,32.139075924053444,9.319173049610853,107.58164359964825
1,914,0.9350123574847486,0.8453101252115973,0.3838002205861284,2.0105047021845666
1,915,0.04718707402819501,0.044445433225233144,0.019364272693727966,0.09063499952636683
1,916,1.736408276085812,1.5411662304945737,0.7596528300241072,3.8655159158459176
1,917,0.31415528964707473,0.2955105454248515,0.16253235332702795,0.5565158161912394
1,918,22.550568416112085,21.369951841025546,12.076394675038808,39.95642504314398
1,919,29.10126770229476,27.0695479405029,14.810411587122353,55.46061332268858
1,920,0.6974614989592,0.6566840607940645,0.35147925346419173,1.2807676415734222
1,921,17.43129802098427,14.490040214845795,4.164258110320722,48.08056065610603
1,922,0.01644178094711896,0.013984543394524243,0.0,0.0460409107474633
1,923,0.013473724415724546,0.011648176773450845,0.0,0.040995651953442507
1,924,7.755955513159658,6.6396778496498605,3.081819055677694,19.284975857202586
1,925,0.9536554262331486,0.820965361463283,0.39693684153322,2.340837908856336
1,926,0.35635923371792627,0.25877688706315577,0.0790041238375592,1.2316654719587492
1,927,0.17813347009804464,0.157080995512498,0.07430309899039683,0.4090001144032351
1,928,1.1517218592680016,0.9660578399450905,0.4486126250277694,3.0017045153815767
1,929,0.1805980031292153,0.17057950850661363,0.07852568919014175,0.3401060742498586
1,930,8.966847768465586,7.536668177554375,2.221501219612371,24.10331619421636
1,931,0.7935803806368017,0.7597758754693489,0.4224997581100048,1.3601227928497632
1,932,0.08984736909523096,0.07701045234668956,0.029370523686618626,0.22912578137509912
1,933,2.07897614059618,1.6742613383590914,0.45727249025556854,6.089584613960648
1,934,1.312079843351218,1.0650449936355115,0.2980825148715651,3.8026007227682377
1,935,0.037117323516734156,0.030996287456140068,0.00576286742785183,0.10628155056122268
1,936,595.5572018942217,549.5254961809676,233.29766224034643,1220.6314246159777
1,937,4.416712862579292,3.788123685921944,1.2742958912763842,11.278464496522494
1,938,0.2607419485621911,0.22982695874737286,0.09109171821497469,0.6145347222016468
1,939,0.08516130697220077,0.07212990124391291,0.03587659464525071,0.21594887398860435
1,940,0.8283290895797067,0.7808829252562497,0.4167009809314438,1.5218280953601486
1,941,0.26347216047797656,0.20570973461896014,0.0910067882709449,0.805428532762274
1,942,65.58638457081294,59.633223259788025,24.259540995604223,141.00869050596177
1,943,0.1128187879245038,0.09698907413366031,0.04573582970499601,0.2770800562731167
1,944,3.8429516594766686,3.278415630997636,1.229543774199695,9.881433473961872
1,945,0.11906859093659512,0.11401549145296232,0.06393403808830748,0.20342632128903632
1,946,10.03826778444793,9.292057943481879,4.520854810388133,19.90957290760929
1,947,1.6533595622286403,1.4979381294670517,0.7062203417799976,3.4931507558932213
1,948,0.37729978639400646,0.34857032673343435,0.18554086730944766,0.7395692650084735
1,949,0.2820227795607334,0.25060920960903915,0.11478628793147745,0.6328427413316089
1,950,0.5932476113979265,0.5673783912406279,0.3167884206284342,1.018272642333624
1,951,11.747423965540547,10.466441642223952,4.121509248830473,26.720111403328016
1,952,0.08547369575598612,0.07608011428282771,0.0,0.2200611577891733
1,953,2.751846626969523,2.562999497425423,1.252259568935303,5.347603320457692
1,954,0.14729403020323328,0.13893524296682888,0.060278353199237605,0.2827519757556329
1,955,0.6478749447136537,0.5319438289896798,0.23371894152718445,1.7892264866833498
1,956,0.19661750898735864,0.18435089633205748,0.09661486909600922,0.3682148081210054
1,957,1.1460096729414049,1.0248802585412011,0.47039105542754195,2.53268582148758
1,958,0.2611224273178482,0.24968444073770013,0.13953863973725913,0.44845344757189076
1,959,0.2101990997565953,0.20035336053995365,0.10794171072386051,0.3703212348645933
1,960,1.877776681990514,1.4987263502553392,0.4004385795598473,5.590039636460081
1,961,0.06668611616035205,0.05690480615706868,0.016340380792056217,0.17701789488321976
1,962,0.10630060006012476,0.10049132903794813,0.04835372102069833,0.19693039243854954
1,963,0.5833657863120657,0.5013107838421371,0.2383088727415479,1.4289375678736733
1,964,0.0873941951258333,0.07787330466462214,0.03137383433974596,0.19868516020972465
1,965,6.032785386283444,4.865839430398017,1.3380732812268359,17.62268847502237
1,966,0.5916448321581179,0.5330392913444295,0.27697558387138504,1.262814827877446
1,967,0.18896964034400754,0.15690972417145066,0.0652439025504167,0.5107831046526231
1,968,6.4560017650864445,6.050382275650151,3.059506150565355,12.222346088720226
1,969,0.0592246990811843,0.048952633965531255,0.0,0.18215399748580954
1,970,1.0732660322554706,0.9893648023157697,0.5333925905938778,2.1060613012193095
1,971,20.211715462063882,16.835178827676955,4.928264251548295,55.231472290319246
1,972,0.1606137723380453,0.1382395536160562,0.05745411917761957,0.3998018237291449
1,973,0.13629342711632988,0.11530414087770588,0.050014365857986146,0.3515392924035731
1,974,0.20270048569113217,0.17589139537073029,0.06337936576465898,0.5018756897188652
1,975,6.90019109832191,6.425075202360879,3.2419879172276955,13.36431966861179
1,976,0.6535332002031176,0.6178867933988509,0.3044720265705348,1.2066660647944372
1,977,260.0849641417439,219.90063548121626,66.07924463714167,689.6263359355913
1,978,20.23006420591029,19.447766653920894,11.324952498208688,33.56472921354878
1,979,65.71112960248793,55.3051253272155,16.349351367834174,175.13274288354745
1,980,0.11040451489638506,0.0972653348761845,0.05018637888776641,0.24226598834528854
1,981,0.45255386051252083,0.42763944974060153,0.20964798159417872,0.8396108228310588
1,982,0.03044276452651287,0.0282501567545515,0.0017586534119861995,0.07062445553492498
1,983,0.38725799191871957,0.3553790316961494,0.1965102458423274,0.7429247552415548
1,984,0.7571506277804043,0.6939704831112824,0.2827929839758011,1.6012776490933647
1,985,1.6985838832890876,1.6269203748800827,0.902271853822272,2.907101642356342
1,986,3.5788627174914924,2.9271115303686974,0.8245415189367656,10.17599283263396
1,987,0.46916240739842835,0.43926478690910176,0.23998676978409716,0.8529833944880271
1,988,0.004814674260138018,0.0040222710181335945,0.0,0.015425177316086015
1,989,0.7508558816406915,0.6080340089741093,0.16925144195131475,2.1815531952639793
1,990,0.11703378449082613,0.09103240979845884,0.029508539497817676,0.3654488566487365
1,991,0.14287839374800385,0.1325904076891573,0.06378974416412263,0.27111994103291487
1,992,0.6795920889205512,0.6377517405184672,0.3050807718338802,1.297067562127917
1,993,0.20890131229097972,0.19949352515004218,0.1086279189172854,0.3639082466481437
1,994,0.0047526142016700275,0.0035676699340933,0.0,0.017540542282928312
1,995,554.3241311682025,530.5704553802716,256.4352929802555,983.7972912213543
1,996,0.7513675497044862,0.6782021222949628,0.3346684287365627,1.5967352737329124
1,997,1.1371011208790995,0.9206615093931301,0.25222818317398954,3.3095441788230646
1,998,0.6065961855528003,0.5431262171538787,0.2557749880996287,1.3374344779045162
1,999,0.3124334248459744,0.24422501153931664,0.06711142682260533,0.9427125329968941
1,1000,2.4543165593853065,2.2717756497657695,1.1370067834426074,4.841955671064402
2,901,148.22442252599538,138.67153420344312,78.4554171093357,274.541050018326
2,902,19.329907770869095,19.102900107875087,13.984723529669033,26.034723709145084
2,903,14.035525208902259,13.85513957083408,10.007636521432941,19.074955599852373
2,904,59.537440055877006,58.88465389994295,43.78813966712212,79.00299830896266
2,905,86.53951507596864,79.9045675312097,55.36539151675623,160.9442810124751
2,906,69.71611403521378,68.4281319364068,50.12174037892839,96.73561975973642
2,907,16.76939388546356,14.426706453244176,9.805160096242236,38.00269788030454
2,908,391.8654731240264,377.18317398125055,246.82581365524317,623.5880001484874
2,909,511.3606919005356,480.97831672576547,295.8409303554394,906.4874627771472
2,910,21.125574249318127,20.863496509538184,15.232228896706438,28.46722535355262
2,911,160.08555276507298,153.73069568885,110.786531397994,248.35743551046218
2,912,114.28327909784355,99.6286393964832,47.11429096662673,268.95469769370857
2,913,1722.4122134824079,1654.4449401041966,951.3392718992592,2878.500917835179
2,914,43.81365122533229,40.58763721567243,22.44663203740602,83.59962844033379
2,915,18.034027056321314,17.827954412195858,13.205167268973,24.01167220534414
2,916,372.0697370725523,335.63412047025497,207.36597950678802,754.9613056788351
2,917,59.13170411794881,57.28314545365109,42.483159889759264,81.70469375760557
2,918,292.9661504764723,282.5304817035328,202.62066226379187,447.3508808101178
2,919,297.95164575389225,280.6309047795236,191.37662668156264,510.63722685505803
2,920,240.5700089616845,232.2360071770721,163.70634532542496,367.71165255088755
2,921,318.4716913860111,301.74460608903803,167.95997828613434,567.2191222054754
2,922,24.786542299540617,21.876530355557797,15.209568560875589,53.51413332958871
2,923,17.932960387810265,17.72119285296759,12.930379032777143,24.18721472991739
2,924,78.09436479326749,67.69682154749243,39.45838711609335,180.5053343798874
2,925,66.4991070196043,57.6291060140472,35.27196514716039,151.23199116208838
2,926,30.542810895369197,22.92587999203013,9.37496562017937,98.1264105988002
2,927,61.03777030595212,54.8540046960309,37.50102541554846,124.97334691616386
2,928,25.517340775812833,21.637578367057507,13.271677353773452,62.40670848126737
2,929,39.15702989906554,38.72003087198013,28.878538403364693,51.88625307173769
2,930,213.0690473175505,205.50383854042826,122.5230575041411,347.89668227309437
2,931,24.78389022258013,24.48042343356302,17.889366639866036,33.32084933958611
2,932,24.312908362785148,21.413073816772958,12.272061990349616,53.588366719168484
2,933,118.60173059183667,110.58622458047918,60.74294338400381,225.54275138853077
2,934,161.26626637432716,152.16352922434908,85.53122920807668,290.17334446031657
2,935,37.49126902112019,32.09731528471031,20.253645391625014,87.9034297179588
2,936,6146.222071783229,6062.787769623586,4308.633881942554,8470.487486323644
2,937,114.31408201372346,100.94727887594901,38.297937697160066,267.96444645669806
2,938,84.10913456275202,76.06271269093067,49.16974871280488,168.76081997701402
2,939,24.19107246780911,20.632416688048487,13.766793885629973,57.3987199712481
2,940,181.91861841826744,175.74002618155492,123.48125741371194,276.2514728356073
2,941,19.089181830303342,15.011553574616233,9.155307954827112,54.77289600825471
2,942,802.5761493383244,774.8281511014638,526.274290693131,1241.224654762392
2,943,28.909145200340248,25.202883952766896,17.21191923767913,64.83493791703296
2,944,97.95305280468145,87.79931841567176,57.313486648704846,201.8615200757535
2,945,19.643776100620205,19.4151548234788,14.300669374565704,26.304757890749332
2,946,445.2959804030089,422.807907396288,246.23548500339407,776.8363274041355
2,947,459.60193875145575,427.76586783489154,243.66009783224163,867.2270468186811
2,948,111.3226603367519,104.79549687193915,73.99057380555175,190.74956015183292
2,949,126.34451088476278,114.83486956387904,70.13922707492372,251.13567242947943
2,950,28.132454574731966,27.78788349694517,20.415955686465022,37.68447935624704
2,951,316.0937283908311,301.0032978957078,203.22174504016235,518.5239329493069
2,952,47.87783471001226,45.36475335505277,32.640603540699495,74.3535868180414
2,953,439.54051339943976,422.147174235491,247.80072184238028,734.7172945110703
2,954,40.296614830880465,39.83606547244983,29.62399599699696,53.525184135789104
2,955,30.127421446810683,24.98181442983512,15.174411556471787,77.63227664913809
2,956,88.36174135825328,85.12826757890859,60.452225454096336,135.92134376354608
2,957,236.93868334169903,217.04102012570664,120.23451768083821,471.18656414915205
2,958,20.713167119047675,20.466912279121644,14.949746961215526,27.890317411702352
2,959,47.67914396796485,47.12458717506938,34.52913675278641,63.944924245173574
2,960,166.6876479683382,155.72799735523157,84.5147442713346,312.5959517618148
2,961,37.976985677175115,33.09557434700545,22.04331707144998,84.67528321656754
2,962,43.85501722223679,43.390050821144214,32.41521712907035,58.01759611307738
2,963,92.35744663230886,80.19659043154725,50.46764250832398,208.8270378743296
2,964,46.26258813032145,42.36024031241296,29.66476293273491,88.2627807351505
2,965,351.2317734647439,329.3209474365088,172.88323862120598,658.1050528442606
2,966,87.24949716405345,79.62377049348852,54.16227583091928,168.98786962137083
2,967,30.867572254845612,25.92649039903173,16.27860340842081,76.2247895605079
2,968,802.2688706430891,771.6896659435215,479.7155168132386,1300.2737447231264
2,969,61.60710477567243,53.951985518065925,32.03587822254677,136.96612652344837
2,970,81.36635655645371,76.444590126158,54.7476588139193,140.07480986593345
2,971,633.4076432626699,608.5157384904844,359.40636895350826,1049.7948937727456
2,972,68.9666715044952,60.54351563775158,35.80218939226248,152.74917589760992
2,973,34.136645265726045,29.28067909341698,18.855288317777813,80.70553014889175
2,974,72.45510531413962,64.39062164956115,42.21275417392648,152.5226115567633
2,975,680.1706787836653,649.4516325970337,403.2925129749911,1139.8061463976062
2,976,36.678669810024324,36.160325919784434,25.58353039997657,50.6182996625233
2,977,4627.531417733331,4473.08962233397,2668.156161757012,7442.83467711678
2,978,149.90277439728212,146.7185866300048,106.15099930837714,211.8513785224623
2,979,1426.7783686624364,1376.7371500196527,817.218741555091,2313.3994741019605
2,980,21.19513023249961,19.027134562863854,13.381709982870671,42.620160430026054
2,981,43.742315565010735,43.17615887233509,30.760247464464886,59.95799833408614
2,982,27.969461579107442,27.662350389150365,20.537823965637024,37.14662268520125
2,983,33.49083763807249,31.38204792071528,22.816700404965736,56.69154857166947
2,984,14.519791997973506,14.293664769257083,9.607152316351188,20.642453972360233
2,985,35.67003336288635,35.21746647607935,25.316805668563354,48.66262606142745
2,986,193.68748180709727,183.45773394808913,103.10993549359321,344.83319353945245
2,987,59.40560455417153,57.19779294725522,41.66169464887553,87.14513050321032
2,988,21.518171443020417,21.247283030618973,15.548746097836679,28.978982693392474
2,989,61.30031733848064,57.281229248117675,31.745987569570882,114.152365666992
2,990,19.266677887804605,15.092682284113213,9.368565849234864,55.27032309313219
2,991,44.245017664589646,42.70915016128292,31.687031869180267,61.9004318698894
2,992,15.295436422143755,15.07660001547863,10.356201758800276,21.44391979752596
2,993,62.12231120978178,61.44709965071095,46.00185766120936,82.16620146765052
2,994,47.4741101381627,43.74921240006739,25.318187475299037,91.1992008151984
2,995,1141.4324061315235,1115.9993796602757,692.7891438346583,1732.5944473826612
2,996,244.61621073202704,225.0860580011714,143.06009470980126,462.2566382626238
2,997,155.3055343086638,146.98344220489543,84.3008376104842,275.67359309052273
2,998,267.57278060079267,244.36815066775569,161.27092488606564,515.7758706176996
2,999,51.89275310660674,46.94560973255072,27.46283132209884,105.18954307466603
2,1000,714.3945450609339,678.1764341563357,422.47344051806976,1217.2380020254343
1,1001,0.19606836468121183,0.18601657847044473,0.10159093220717055,0.3481744160988058
1,1002,0.29800839270471763,0.25704590947596184,0.0,0.8389172438609077
1,1003,83.60336521735286,75.89009128906335,30.722825307291494,180.3513576250318
1,1004,3.3859806068253127,2.7564186872889733,0.7892278826865191,9.673757790170802
1,1005,2.9728182756543315,2.421785253656636,0.6796418568414734,8.525617011299042
1,1006,1.1474327595547913,1.0684959062330004,0.5754767960767028,2.180185211743212
1,1007,1.6013156181345554,1.2305305563398545,0.0,5.445394982235318
1,1008,0.15983370676674266,0.13296573158449232,0.003897392152503726,0.4679857787114435
1,1009,0.2206646106584844,0.20120093325423186,0.10345145652393561,0.4502764071480084
1,1010,26.534498214123833,24.067308788075714,9.802776682900724,57.35898315058533
1,1011,2.229165437543694,1.6954208307878686,0.44002141122451566,7.163821771118227
1,1012,0.3256947404367701,0.2900536678595694,0.10989955034861577,0.7391066698245636
1,1013,1.0281768155924194,0.9554426579036754,0.4993872076287221,1.9765639823413255
1,1014,34.55586603021505,31.145570419374515,12.524482666910853,75.94934350899675
1,1015,0.9217160124557567,0.6906928088655282,0.16012748955433526,3.06375800603801
1,1016,0.7354698375173822,0.642923241768435,0.27307428351978025,1.7570970219854902
1,1017,0.6751945370398548,0.47941450777919425,0.0,2.521254867312809
1,1018,0.47600913747903095,0.42019546235420724,0.16664370682585114,1.115814910169417
1,1019,22.9274275701923,18.96851509444363,5.484500941366503,63.63687186552798
1,1020,5.163737418409442,4.228329098767168,1.1894407539343557,14.743923958299066
1,1021,0.4559269994884567,0.407673939225903,0.18545504723845196,1.011642777124596
1,1022,0.8724431179985682,0.7767233709170733,0.3237634197992171,1.9782661854963939
1,1023,0.34379980348522715,0.30469694887132115,0.1011782935223818,0.8175095611489723
1,1024,0.08585004259720508,0.07050537017484632,0.025281863968804164,0.24254219545879108
1,1025,16.95807465228819,13.893946223912701,3.9199575172651473,48.26973873536909
1,1026,0.2205240202153654,0.15068546644016395,0.0,0.8756033932146828
1,1027,0.13097812146297652,0.10810959940863771,0.0,0.4118799593106699
1,1028,0.12078102445734983,0.10200862085034737,0.0,0.3662822560927143
1,1029,150.80750087159714,126.12623518778534,37.336461535967594,408.73425323870686
1,1030,0.2853735638975474,0.24851806402087348,0.10782708010174517,0.6821911202699665
1,1031,0.2828535326754561,0.26471912255124086,0.09642420660294584,0.5763093790580064
1,1032,3.196037733569369,2.9850415506730483,1.5200730358913566,6.097392956151345
1,1033,0.014756163012000957,0.01228205694594426,0.0,0.0456658192274122
1,1034,5.1756682744673235,4.668933674833012,1.8795610247264987,11.385115481496388
1,1035,0.2055827334854537,0.1845529175744849,0.04004604069048824,0.4885209180909663
1,1036,11.34760363145554,10.071309589270165,3.936985226849853,26.12571478009273
1,1037,3.2781397151923506,2.924115279264539,1.4422042810416957,7.196694246116308
1,1038,0.3848054883751286,0.3452683936897126,0.15667907518313454,0.8422004848173718
1,1039,0.3357564705373066,0.2928080982697158,0.09309671461809699,0.8331673761718446
1,1040,2.668564837147856,2.1392063258720277,0.5802998385809427,7.890896896007168
1,1041,0.05156002434627089,0.04306693388242498,0.0,0.15480053109832795
1,1042,34.612307146572306,28.537056679772377,8.124589299096696,97.28057495915915
1,1043,0.10783704327789868,0.09612066707823441,0.022375891489431882,0.2618300757797854
1,1044,0.2243618165076038,0.20768130715778121,0.08156319303565977,0.4611822189039457
1,1045,0.11865229834910476,0.10978024186502142,0.00023416810732751866,0.2830992870125114
1,1046,1.1960426111075582,1.1078848004084647,0.5712813568409915,2.3281224371238602
1,1047,6.157656627894522,5.281891098755024,1.949538892334948,15.464059135522307
1,1048,0.10902798750942956,0.09187640914861012,0.026846094015596476,0.2933007310890558
1,1049,1.3800936177112124,1.2771437332585895,0.6340370994869308,2.7301434359883374
1,1050,0.06921138048776797,0.0639257185050491,0.03401120430498111,0.1312948829870482
1,1051,1235.6672605679091,1178.6196889042335,595.794195999063,2199.164077464793
1,1052,16.109304689072477,12.822598863502979,3.4052257843673157,48.27044736006812
1,1053,0.27235821326650766,0.23553194351511172,0.008578895003678087,0.7455177821581797
1,1054,118.87731318555124,107.78268136632283,43.62350334887852,258.34589158181194
1,1055,0.0689896192111016,0.06049739257783458,0.017858400729286322,0.16988776502894712
1,1056,0.3694630517901003,0.33888311661705184,0.16019943507042558,0.7532125931130358
1,1057,1.1321472442807197,0.8697670161530373,0.20784134706220445,3.596977503897816
1,1058,1.2370711428967067,1.1632448140116127,0.6016384373863111,2.2989866770006095
1,1059,0.13414815739864125,0.09174027755459577,0.0,0.5331183336560705
1,1060,0.07773969473098241,0.06867796147875666,0.03240441743725036,0.17435150528793142
1,1061,0.010340521585447368,0.008742343253229819,0.0,0.03254863388849272
1,1062,0.5336414065488017,0.4804825345125054,0.19659144480607313,1.1843430450152808
1,1063,0.014464976637343644,0.011344004736628882,0.0,0.05118318550191298
1,1064,0.29798130689692376,0.2711730469098411,0.07756185305041373,0.6697923783489289
1,1065,0.45384823701501775,0.35248571181041244,0.06726170751403245,1.4399461094460118
1,1066,0.4997279327254414,0.4692381360177662,0.23366227846692927,0.9417621565009657
1,1067,0.09778301933473775,0.08499362700762683,0.0,0.2673692733150027
1,1068,11.449804599451939,9.279209141756827,2.5486951742007293,32.93446089562085
1,1069,0.36774229056051044,0.34304848786075365,0.16984527313174638,0.7115680971385522
1,1070,0.6695490766070996,0.5222784309905872,0.13605800671499857,2.0789651612152023
1,1071,5.761542099269924,5.426549506763232,2.820594122384535,10.61237543199994
1,1072,0.15410819928436453,0.13131161469873753,0.008011293511414467,0.4337464188971839
1,1073,1.0622329464821185,0.9846258885784142,0.4684367928118072,2.102953129441683
1,1074,0.5008332779212109,0.46068181947036146,0.21605751183290675,1.0237678337236953
1,1075,0.35867819440095,0.3103742139596999,0.15334399249576391,0.8555533509180699
1,1076,0.5719828650909361,0.5248336666315642,0.24276114911894814,1.1790898523187143
1,1077,19.147452174872907,16.27861365388175,5.669779512515787,49.93190627913575
1,1078,0.030761391364065287,0.02763971857337707,0.0,0.08357631759520247
1,1079,0.7854805045602167,0.7209682742604289,0.35382751749799213,1.593077185611538
1,1080,0.3659783291784974,0.31885130784372606,0.08338507016887903,0.9174772841447829
1,1081,0.3208843862017669,0.30638030361717616,0.16780806568721404,0.5591027679113315
1,1082,1.1555024299004506,1.0438155014274044,0.4296155096737964,2.539838925725258
1,1083,0.37292529419312137,0.34485559723904047,0.18939672440427338,0.7041172639081504
1,1084,0.6516743395940084,0.5959297389965911,0.28549977842506313,1.3456448208668685
1,1085,11.284961485775172,10.18267560515591,4.149150226932698,24.62714644396431
1,1086,0.09429268778305379,0.07498176342105511,0.0,0.3215167733848676
1,1087,1.3095654342880645,1.1757342829374058,0.5139759174928127,2.8977498188803543
1,1088,32.88690026649927,29.745333412675663,11.980687221189395,71.68402158690913
1,1089,0.38109438650468996,0.33657384498326165,0.16235707197167532,0.8688413287097341
1,1090,0.004828871095529993,2.983511861661847e-05,0.0,0.02723888804424247
1,1091,3.0172823579009633,2.4732923562318225,0.08146941849620798,9.054046815252857
1,1092,0.08030789908763292,0.07157467948676677,0.0,0.2077476684754617
1,1093,0.31671039842381327,0.2921749191467893,0.09906198064048187,0.6787392527200125
1,1094,0.1685880823530022,0.1470550610304398,0.0020682397491700237,0.45714831491337166
1,1095,2.447982762332856,2.253961358313677,1.1225455267038007,4.886255696793588
1,1096,0.008348475147854906,0.007240259799263581,0.0,0.024994767558737082
1,1097,0.12925945014938892,0.12205495112312328,0.0531385245790367,0.24694008610401724
1,1098,0.6874661826152259,0.6232374435810005,0.2745019791090451,1.4792283442624794
1,1099,0.6657956506987988,0.6234320618958438,0.33704093186512923,1.242925560593409
1,1100,10.483839581427217,8.536525522062256,2.4005987380949754,30.154644714817852
2,1001,105.79513986214256,103.43773953343921,74.82708514256748,150.37565563678507
2,1002,388.8529935597995,360.74683228678083,216.95780973181706,727.3227065768498
2,1003,1446.0749935035747,1407.0793412204048,955.7353583414761,2153.5148608997956
2,1004,118.0774701541125,110.36935093926677,65.22320113299263,214.30017574783534
2,1005,529.4558207377607,503.8386557073893,283.3561559874209,924.0033453054349
2,1006,293.16270535702546,278.26915599563574,196.92984142291078,483.6521877687243
2,1007,168.08263979012142,152.24318812788619,81.14141075178925,347.7744316873001
2,1008,294.50016336142374,261.48596798912627,139.0154417446862,644.8071410323256
2,1009,209.00792834890208,194.42497161437836,133.4132354904834,373.87627801049985
2,1010,811.8032516029119,796.4575004797516,562.201273715985,1148.12660187891
2,1011,121.4597759874541,104.79845002924421,53.983993320513775,291.67657198198685
2,1012,109.65839438593885,100.78723427592203,71.30403614394302,205.80624937996828
2,1013,426.7834719218763,405.8029217674332,273.8270809104489,705.7767876513607
2,1014,1195.42161969436,1168.6248078222782,800.8353721768983,1741.5451252954908
2,1015,92.9821645945156,81.82241291748406,36.39397720368713,214.06133347431646
2,1016,124.96138831456756,111.52168017872197,71.12741020945613,260.4818898954419
2,1017,294.102976709482,270.19720024907576,141.5192732209022,584.4005134500292
2,1018,282.2292292640338,258.2074580024271,147.52098761716584,557.6244593070446
2,1019,796.924458351612,762.2096393568763,435.3753254842149,1361.4756411143007
2,1020,363.67122474327766,345.11721616361683,194.43947923652243,638.724404796678
2,1021,320.6199440790972,293.42081675748705,179.3687085835808,618.1914029225036
2,1022,330.72258526130304,304.8880835643347,157.16028173919182,649.7614685007771
2,1023,111.84541696416393,102.63611669993892,65.58210447355954,212.79240383105963
2,1024,68.33660080186279,56.95137924306103,36.7958956495624,172.67126015048967
2,1025,1371.5733647972534,1308.2655691939763,736.5394838671942,2365.009825633023
2,1026,109.53367523059528,98.53299116297943,53.458960872906815,233.62136774139591
2,1027,96.7845591207259,85.08321330598346,57.11663441322351,211.20480131560913
2,1028,187.99767413489667,170.82304979779389,105.87791027307004,373.4411879773032
2,1029,4741.285303842716,4581.671378169651,2721.0510645732197,7643.172884542027
2,1030,173.34733702900823,154.01443970718452,99.45683379972012,366.8564984153815
2,1031,299.29243577199446,293.5823931164932,214.24986947474193,417.28088893988445
2,1032,920.5130734441411,884.4022682232514,559.034421735723,1490.696519117756
2,1033,55.23850925468395,51.21690544715739,36.54850390949467,96.79058881659225
2,1034,70.18671149828627,67.47623868019639,46.65839966685969,110.13542298884212
2,1035,152.38981463164342,142.05186949242093,101.2374794629314,271.87092435797183
2,1036,229.68500234191154,216.88219937783026,143.76552605234028,393.3023081838544
2,1037,461.9729648956256,418.5703521476664,261.0963527932112,922.7363932920479
2,1038,356.25530785892204,328.5853464181086,204.2855710423544,668.2993825631314
2,1039,181.1794337052725,164.8294870780574,97.16966616913734,362.74429523993837
2,1040,508.35452830229514,475.77125806802746,250.251991960281,951.8840112604724
2,1041,99.86676347803903,87.17118843931013,57.47747991611489,222.3940738055844
2,1042,1703.7405960445815,1627.135910793485,910.3071029806234,2936.423982375125
2,1043,850.5497264332209,804.6326292116669,453.9990619189691,1508.646053423209
2,1044,166.07626877073085,160.21112172350075,113.8222870034658,253.91091583394692
2,1045,137.22405455615737,135.73690496089296,101.99311204955447,180.77024888434724
2,1046,547.6575175402538,519.0626519333905,338.6954145452483,931.8742292088557
2,1047,171.86771602412048,156.36204519312926,97.78399140947548,339.0783183682412
2,1048,43.778455476959486,37.91263194656956,25.05479942807944,101.48066610446176
2,1049,716.0588011658812,679.6444601291573,424.79358840022485,1217.9944089262576
2,1050,103.45408613925254,98.21276596215819,71.45047832996775,161.8798197188786
2,1051,7807.650958231675,7711.793257537408,5546.6712346723425,10613.40366291792
2,1052,1019.0041944395413,941.4669040944666,466.06193815092433,2032.3501508052912
2,1053,453.43502227725924,418.7576574489111,238.65279366280552,869.0409861852647
2,1054,2425.3050542864394,2366.923185941985,1600.103620271008,3580.9974893422295
2,1055,171.90391156124602,156.19421722308942,100.82792239636184,338.7022520148586
2,1056,410.5253193524998,388.44510235720713,248.82207799223866,698.8113700467704
2,1057,150.31014943970595,136.594442725912,71.72830289384311,310.0757056757948
2,1058,928.3531200022339,899.78899041865,600.165713484355,1421.7139332257843
2,1059,132.95443430587946,121.23770185358376,66.40137215259513,269.66589844115725
2,1060,78.71119252423406,70.99380466378787,50.0784871009285,158.0774724750481
2,1061,77.64395460260941,76.70787910574653,56.07748779198558,104.54029318468186
2,1062,645.7495156087249,604.6311862040764,335.43086502638806,1196.4842661217917
2,1063,172.88800401150127,161.24049881307047,102.24653855255428,311.0151590182036
2,1064,204.36078934285558,193.51641458256353,138.70994702950108,339.24616150883566
2,1065,66.90325751903198,63.59432626653461,36.67769484895022,116.17059752027485
2,1066,225.01964612489735,218.75451157301245,158.69975693781248,328.98034384495037
2,1067,211.5623205022695,197.86365748105317,115.85811856525106,385.1554853418467
2,1068,1161.5074663904086,1099.8302686095828,596.52568067501,2079.4655588254273
2,1069,182.1787443957784,175.21735825400782,122.93116709845448,282.3954838324727
2,1070,86.43798085630469,78.24900504291989,41.47081980117128,180.07807236622165
2,1071,1926.4930047086955,1870.165503522957,1214.4627432001548,2958.452435854064
2,1072,134.49748177688028,118.63647165951025,77.12915060318208,289.42700708260924
2,1073,442.745168945419,424.33816900746876,261.55116134141485,727.5897424589726
2,1074,366.8188543663762,348.02983604079486,232.93242812504698,615.0026181948391
2,1075,146.33916599133602,127.73012694552158,84.75848255959755,326.1279760128358
2,1076,247.6947394604975,234.83621238535892,148.154742361677,422.60956025550774
2,1077,552.669070556174,501.3888440692756,274.786316773052,1128.6175143541677
2,1078,47.91726761311278,47.34646338737383,34.36466996783497,64.74118521067496
2,1079,271.34932744275204,254.97619775012112,167.3465874488843,472.1560314506631
2,1080,219.17264437290206,201.93230118222357,111.7376940578047,426.53286700201744
2,1081,81.05978983075241,80.17332255099174,59.94608973639917,107.17233360696258
2,1082,565.0106667585612,531.9869022271778,313.56317793887416,1009.7399429990427
2,1083,140.44276466264134,132.7957737568914,97.10985039595086,229.13237877982883
2,1084,427.3023859620102,401.78110484500945,256.3785757874985,751.3662751472715
2,1085,320.105035915758,311.65765924202435,225.65293279645203,462.785396038004
2,1086,100.4026548099171,85.65283128076835,52.62851616759055,240.04696802852695
2,1087,443.860376625939,411.13164295652746,237.5134540412578,839.2431109406947
2,1088,622.9525530991353,602.6830651963857,415.2447331684431,949.3501756066989
2,1089,122.97233633634657,110.11477615440111,73.36611060338495,251.58681515052464
2,1090,44.518402302350864,37.620469087273534,23.854565893106674,108.90082504276589
2,1091,213.16175167882213,199.79734880191626,120.39720637105209,383.5993148351599
2,1092,394.1051465895238,376.2765286441311,242.68921768531814,650.0884704641978
2,1093,566.7765072175338,548.3816993999742,388.38899784400564,857.7473318134225
2,1094,133.29555641152132,121.15922640926323,82.23321821430444,260.3803879004502
2,1095,1009.8041148979185,953.7804169997987,595.8401930771817,1747.6588100943402
2,1096,15.041864347058064,14.836438689448617,10.367864925705396,20.855777781369195
2,1097,119.59989480768704,118.3277819970341,88.7921789646643,157.75925433922572
2,1098,421.520390482771,396.0753544529292,240.69684062646127,750.5922683979071
2,1099,174.76088556729255,167.30273658477157,116.02075787506925,277.8756381440223
2,1100,586.5710344733279,553.5777555939687,305.014880295556,1055.85424054133
1,1101,75.30835842751372,68.85413780577677,28.54553493443641,158.7605771965271
1,1102,1.227597969754431,1.0872191029697298,0.4322731606211948,2.8326498841386507
1,1103,6.271769485534547,5.254161061961538,1.4435090432757032,17.050052828595334
1,1104,0.7306261329227949,0.668472881853575,0.3262888136136465,1.494414890725226
1,1105,0.4036660622707273,0.3720606778034506,0.1901629270785514,0.7854851019405086
1,1106,0.8287595208744405,0.636146374261916,0.14936644993036138,2.637476035616232
1,1107,0.10506114003591493,0.09312948419365849,0.0,0.28913164981810807
1,1108,0.24399654675885318,0.22306554249837907,0.10290097822478914,0.5048788695468309
1,1109,39.123237938016054,32.42158569214918,9.325157112069094,108.71771748938515
1,1110,0.05621255031997029,0.04831896419559476,0.0,0.16614321320372424
1,1111,1.0131082466585595,0.9144781150449848,0.3879039085760454,2.2199643649941607
1,1112,0.81416494314842,0.6899250752980643,0.320797773190801,2.0640036593269895
1,1113,0.84126599277556,0.7446482939800051,0.22542774677962105,2.0216928743883398
1,1114,0.058446896935459354,0.04754701793115281,0.0,0.17962151117708836
1,1115,4.680022549738128,3.8362200573178535,1.0687936492039694,13.298292801454783
1,1116,6.306958447005291,5.156816373147211,1.4671502101554315,17.831227115212286
1,1117,2.0765145232111926,1.9353258794640515,1.0812348573432031,3.7960133289801696
1,1118,40.508089994845484,33.496755264621186,9.544049053826313,112.51995753409284
1,1119,1.1428870385565812,0.8919165231687085,0.2214167262312453,3.5556023130226753
1,1120,1.1355422004193136,1.0526937861375791,0.5145582205142682,2.233812927018325
1,1121,1.784292023270538,1.6197035625113456,0.7744748304402861,3.777859286206566
1,1122,0.3287131386363579,0.285336392319513,0.12055831527552344,0.7943888138292196
1,1123,27.56833236587844,22.983503357118096,6.723393344284845,75.39338660871593
1,1124,24.013411608020668,19.93360126793604,5.790866956232637,66.40048191099103
1,1125,27.47840195270598,22.844960871001213,6.695220758345771,75.5215823809336
1,1126,0.9378424967682202,0.8199500091119277,0.28264732854713526,2.2773757045067424
1,1127,0.01697163687948925,0.00012507129581501873,0.0,0.10577968221452046
1,1128,0.17058441232936875,0.1251201731908025,0.0,0.632095785593342
1,1129,0.8351824196454067,0.72278074591136,0.3083784111384916,2.0229291139818493
1,1130,1.434396218477265,1.2714951445167766,0.5040770575773509,3.31072811050764
1,1131,2.721218539083998,2.2003552596507028,0.6134966963835834,7.864422108822078
1,1132,109.80772912420953,91.42864831747724,26.850520267260997,300.8821152853649
1,1133,0.3984620798534066,0.32837611883014806,0.10210953502228366,1.1165126729016908
1,1134,1.3872700428931584,1.0835705636743274,0.2679175590003421,4.322970096958738
1,1135,0.8308301728361865,0.7648120360932091,0.3881199300885997,1.6489617151324134
1,1136,0.08611471758781708,0.07828457146934141,0.0,0.22965189107220002
1,1137,7.532293516004133,6.106252678979196,1.6917658301826874,21.839293952881114
1,1138,6.736555738241517,6.174385471082754,2.92751375700609,13.779750961136786
1,1139,2.9738930937276904,2.431180360637437,0.6973368149203389,8.452064029573055
1,1140,0.4068219899962735,0.36326271216557443,0.16104351521561347,0.8959547486763514
1,1141,275.5307187555508,234.6499468161307,70.85631667505915,720.6519746377963
1,1142,1.7556333267792519,1.3813019432974318,0.3598114827293846,5.3788864738032665
1,1143,60.16249782386877,49.732605761462494,14.479239415843615,166.2477420188115
1,1144,22.006643620872907,18.1764790626982,5.223968250300393,61.32673536806249
1,1145,1.432420936512641,1.225625986600251,0.5966932203974736,3.5698537155103462
1,1146,1.8159906417899017,1.7010518220139335,0.8934348981222874,3.423378241494349
1,1147,21.98467271935237,18.27034491748035,5.300606350657635,60.92264517575552
1,1148,0.08417601847326829,0.07057984056282748,0.0029311007509246205,0.23871012397921113
1,1149,0.4699257899420466,0.35959958624982324,0.04835992553259992,1.5431136503173524
1,1150,0.8294764543800971,0.7852870293299637,0.4122792451605859,1.4971648482626698
1,1151,139.82158709790892,116.93702626732477,34.598913415418785,379.59916978305205
1,1152,14.78395578068835,12.238056608777194,3.5572946649883552,41.10849762415871
1,1153,3.573886123145054,2.9944503955894213,0.8824195906212318,9.695895738574702
1,1154,1.2827140816378444,1.0535110586441638,0.3051289349401592,3.598436347951593
1,1155,14.852093692169698,12.280657882816467,3.5440054272478148,41.364449154881044
1,1156,0.09967489248914214,0.09079025724438772,0.0,0.26211682489455895
1,1157,1.4262685425349666,1.1116189817497502,0.2918449462978848,4.413962256626454
1,1158,0.5461891255027049,0.5095677227064044,0.26672796615957095,1.0395145458118935
1,1159,29.00530988122598,24.10635854509568,6.916800780313189,80.42546810505888
1,1160,13.605088338386158,11.227474274156783,3.206634656725106,37.98953255717202
1,1161,0.47754290338977307,0.3943179729846015,0.11284386797925461,1.333325331045634
1,1162,0.3692834959717546,0.2885608588905102,0.06938625837219636,1.1406614147237342
1,1163,10.010519236612609,8.260994263535334,2.3630163611040165,27.852247674662557
1,1164,2.451595781073537,2.2555585560548774,1.089314917465767,4.912197348674306
1,1165,5.341474712131629,4.390122896143833,1.247357224920255,15.0703484246647
1,1166,4.194611757062676,3.8999148449985634,2.04504859037755,8.047778879501886
1,1167,69.29587534232279,57.640640401615094,16.76180970301077,189.59373661230717
1,1168,21.164986342661088,17.518531581611114,5.06140254111337,58.79737438172188
1,1169,0.088138748653108,0.08115747157086334,0.0,0.21780117328634327
1,1170,33.27010312257739,26.991598121412455,7.5060306983941105,96.1977485659091
1,1171,2.32310715475128,1.8709432446381742,0.515020516506274,6.7621004481485825
1,1172,5.121747890304718,4.2225837095481324,1.2133364370464315,14.301606019831624
1,1173,4.74450621446875,4.4511602107666715,2.324625281355298,8.899690885445368
1,1174,2.266321120481272,1.958320091078091,0.8059879058831827,5.51668765406914
1,1175,0.7891825725032022,0.7388416607596242,0.38501890911188413,1.4839526645621015
1,1176,3.5965587944400608,2.8841738467593725,0.7814733165512864,10.648023416297852
1,1177,0.42057497038279906,0.35248317805482293,0.09072170947208004,1.1515765643821676
1,1178,0.5689834528909733,0.443029227191613,0.09520348223498971,1.7911233946326455
1,1179,1.614826997333377,1.3901654467399944,0.653762104036623,3.9369621877227443
1,1180,10.256391386876755,8.46239158304544,2.431375415396035,28.770827569042755
1,1181,1.2582944812882269,1.1883369725700412,0.6315023797944436,2.290628711993821
1,1182,46.26139678925059,38.21762841749443,11.130879137365161,129.16557198957187
1,1183,0.37404199758379125,0.34543579079044207,0.16916316161446418,0.742648841893899
1,1184,1.7525638033821944,1.6440791543131699,0.8354786977305423,3.296476818511931
1,1185,4.378287963510197,4.15364733971469,2.2027374530044987,7.884384662698679
1,1186,1.3885084684078834,1.2826279770205924,0.6255008657029406,2.7687714240598424
1,1187,0.466898476174158,0.43133143317592704,0.21369753518827786,0.9250928838023438
1,1188,1.255425965221008,1.1874440714338252,0.6282536978001959,2.281837708409713
1,1189,9.675703556982594,7.998889184645739,2.316628349315544,26.974127834913077
1,1190,0.5148874920604717,0.45966642700343485,0.21396878143353712,1.1403770014049361
1,1191,4.314204553373856,3.4798133161465206,0.9256643426990125,12.724717992011584
1,1192,1.0178923336713654,0.9517127605692226,0.4666877649271639,1.9514168019631712
1,1193,1.0667876355206332,1.0055221976980928,0.5282032643124778,1.9612899111099662
1,1194,0.9411908577289809,0.8930315831123379,0.48368613104770236,1.6700560630707892
1,1195,22.488032642831058,18.567542733098833,5.38793488713887,62.68959887372445
1,1196,2.2239006178000693,2.0679028728507474,0.9400594876599542,4.407834612703309
1,1197,858.4124314989558,794.3323299807722,340.5239039588816,1739.3648324375863
1,1198,918.640607079859,846.1013714693408,358.9090039292984,1885.1445093717123
1,1199,13.521806171515214,11.12134364847093,3.189341242286621,38.039957832945554
1,1200,3.0376105635935673,2.847785811221314,1.4908691769194775,5.683272504288653
2,1101,539.1624478476455,521.58001163769,338.3773492122104,843.3078386173291
2,1102,425.82540648725234,391.8054499946556,216.87674426649033,829.9010951071402
2,1103,336.21588408352727,312.8442546413453,179.60898089535442,628.8620626810551
2,1104,310.2551997416106,291.76743655324213,189.44303005538032,540.4127608861094
2,1105,95.35422319636703,90.56083005457472,66.15914271150896,151.78506579897225
2,1106,99.15675228305845,90.55551059428035,51.740211757847376,197.93524250916352
2,1107,79.29044560011793,76.13138188678732,53.275619718774756,124.58023620059096
2,1108,161.39167715014895,152.22923689952745,101.34155072813195,277.6023449221599
2,1109,1739.8186293939366,1670.1040590646778,958.3859557740217,2918.5738724728712
2,1110,106.10208024599291,97.85709680321727,69.50582351176102,197.8666555088683
2,1111,338.8961217734153,316.5220345654409,190.41475824251634,616.1214863229688
2,1112,188.6966158351287,161.71170696536376,95.38483735739494,443.67129796212055
2,1113,908.8389608553482,847.9187944395575,471.2701829858138,1696.2976778128973
2,1114,68.32998608991362,57.46611730202693,37.77794841089594,171.0060828093949
2,1115,219.55165876880721,209.1167666599791,120.0071048082868,376.9413471785346
2,1116,580.8008853407289,553.4495297978518,314.97645324143025,999.5655937430963
2,1117,207.44860469525173,197.84325533191748,145.65722273030755,318.2162559191004
2,1118,1555.2288236635643,1484.664889770267,835.7669862059245,2683.1797342574764
2,1119,147.63189547880887,136.42669858433248,77.62192795207903,284.744290117868
2,1120,487.5217814635306,465.298981287523,303.35245375619445,801.8346244502634
2,1121,590.9820441223698,548.3594656677352,322.444235676954,1108.8178994757834
2,1122,217.2893107591093,193.2908690325129,106.7757994329402,465.88333415817795
2,1123,1023.8376454805008,987.1717612046109,586.8043311334646,1670.8447839965713
2,1124,2089.1053285513913,2019.5609077767713,1207.9422350513796,3360.7621639488098
2,1125,1653.6405434637888,1598.774351624203,957.3295721675196,2659.0560487622793
2,1126,399.7112166172706,367.6024443000457,170.6320267429437,820.3546738474197
2,1127,32.09350429008844,31.010874692537996,18.352631617706997,51.89521348406587
2,1128,297.3990910956927,246.30567505970237,104.55643641317032,794.7366295611606
2,1129,320.77102819111036,284.7039232020773,151.17131731232797,703.9907753163214
2,1130,515.5509302265494,474.1668960015304,237.78546178761763,1029.4387244964898
2,1131,280.94558254739934,266.3882110662938,148.16289104610874,498.9359575001978
2,1132,4899.745640882206,4738.299443942946,2842.144147655328,7872.107208637541
2,1133,175.55068889221218,150.32098086853284,75.98726819121943,424.66523817264897
2,1134,221.34089607750278,205.44850775004682,111.82679218309309,423.6381381628443
2,1135,267.10556550206013,252.41661842481372,183.50774856685985,444.3961780151555
2,1136,132.84403103441164,131.41436843855422,98.3205784618346,175.51883697255738
2,1137,280.2077082777963,261.40394397691296,140.7074772984034,529.6599090046049
2,1138,1286.6007710419399,1211.4399596414055,694.0764091548389,2313.410576472068
2,1139,187.2629186862241,177.37917216698298,105.94613602472778,324.9381924958132
2,1140,138.48906258954813,127.27682863630015,90.88783949359957,259.5242984104432
2,1141,4092.119451729612,3958.471199113711,2373.769654856435,6539.475031390261
2,1142,297.613985514655,273.56675499620235,146.2764032355462,590.3532804997844
2,1143,2835.6766055477824,2724.6682971812443,1583.8308544920735,4714.908289029857
2,1144,1163.3080086197065,1116.5657729587135,642.7779964356587,1951.6729252468817
2,1145,182.86162819745508,157.67372559657713,103.19649969682686,424.4867842598737
2,1146,566.366684162401,543.2579994241796,363.77971664430004,903.3507813318972
2,1147,1098.5503345571162,1055.8277894240293,618.6035604446463,1821.258858697234
2,1148,93.00697386331264,80.72747229607863,55.294996421848026,211.02176254479457
2,1149,183.18784270654876,172.98681721305934,99.41473507692245,325.85771504118696
2,1150,378.6749066325801,370.61951735712864,260.86641165182505,542.4487470960818
2,1151,5174.027256720161,5011.8430372773655,3038.698218147329,8214.75625691418
2,1152,1248.6309023924905,1204.4595802445162,713.6643665332285,2032.719697467701
2,1153,121.05512962790488,117.3600237818045,71.52932537492522,190.68487908906536
2,1154,110.96247291658403,106.35184131980932,64.38900869061173,180.28386524891494
2,1155,1081.3047641940325,1039.153503596835,607.665366293512,1796.828586192781
2,1156,52.60681646193522,51.94399479132897,38.04236246419124,70.77395506766115
2,1157,168.55942247862828,151.94283256644843,82.18622930032839,353.92698331873726
2,1158,215.32381284315244,205.6181282453449,142.76559021557435,347.2459101431739
2,1159,600.4246268337411,570.7397997355467,313.83649071439646,1057.8473699471253
2,1160,510.0024296092967,486.72046798641384,274.2999094339529,881.9671572922915
2,1161,57.52499083596968,55.61090741162836,33.01799828492132,92.64551007358601
2,1162,123.6418104748384,115.58414231687331,67.74299264868586,226.81095777955125
2,1163,323.47024090009535,307.4337515897861,175.85399505013942,563.1045885476651
2,1164,1242.8189885485704,1175.0060315294827,704.979962950929,2173.936943518484
2,1165,532.0609732642699,509.8572151951142,293.3996731399019,898.4690624032729
2,1166,546.7370077253495,519.1717686636507,345.11594018131194,913.0347236085299
2,1167,2654.9973929763487,2560.8720671789624,1505.2987476020503,4345.591827603083
2,1168,1064.1080140720587,1021.5362262301958,599.5489582000914,1771.90898882772
2,1169,29.402639484890678,29.04699671463117,21.245293233067052,39.53655761581286
2,1170,1284.3218477753896,1204.3651070668293,644.8253794623643,2392.0697922762524
2,1171,172.20595986429575,161.0185167855123,90.02561354113469,320.7591429565173
2,1172,380.8176922004686,364.85785518003127,213.61292369348098,640.8741803955936
2,1173,651.4013183771848,625.7817009037219,408.93941395748203,1040.580527771621
2,1174,886.8101419305466,787.450359897732,420.31753885577575,1923.4977948795324
2,1175,408.9130446594906,393.451880174906,263.8159349871633,644.1665906589084
2,1176,206.84198281128235,192.19740921168687,108.14317954555607,392.3815297973652
2,1177,158.7779597634128,139.02008058024862,77.20572807266647,356.3902851323532
2,1178,141.99587992142335,132.98018023073894,78.64236559466585,256.4230765046037
2,1179,218.02425845016447,189.4614624333277,112.15144325513482,492.06397000998174
2,1180,1655.1454194117073,1595.2986743229867,938.5085432668859,2715.088983376401
2,1181,1058.3824458489,1028.160773151701,696.9264961410169,1589.8079048997743
2,1182,5749.597931192832,5546.862060346,3269.0085481090155,9384.246229847657
2,1183,412.12554420990466,392.12213835414457,256.0091390853888,685.8658617464268
2,1184,1296.9183884929191,1255.5757179258576,809.9972968847111,2021.1851362688305
2,1185,2819.2515510166468,2749.238456897116,1837.5261901189033,4193.333116936034
2,1186,901.8226722285859,856.145392527909,518.0448373106901,1548.5264433489592
2,1187,527.3843758107093,500.3102016265184,320.53145890616327,893.6653548371175
2,1188,1023.7595909325746,995.6536780751575,666.5802136117438,1544.3942782541899
2,1189,1762.0860000619475,1702.538736679934,1012.1330724677205,2852.0943902792274
2,1190,324.08074426831905,295.61056461493337,169.53414804022827,648.7360884964329
2,1191,539.1218521215643,512.4744497679268,282.8834167637866,947.2486579674351
2,1192,1124.4128194498376,1089.1628767685029,703.2151377477193,1745.4393611206083
2,1193,876.7905693544234,851.8068365524919,557.1615012566326,1342.6682928086923
2,1194,536.4236840557935,524.6462000918084,359.5047502527313,781.3692390943175
2,1195,3471.9652046425103,3352.427682769063,1985.3819930736006,5625.887213218994
2,1196,1564.3849935124988,1504.7090583108338,830.9532085888488,2628.942621621562
2,1197,7744.162004036688,7650.151405610912,5466.039139086079,10576.198620069881
2,1198,11029.380042065117,10895.742658224823,7882.607274938045,14952.507823837144
2,1199,911.3745097207681,871.3358647586498,495.3269158718798,1560.9135323788603
2,1200,390.2917727290165,374.9197763657002,245.00811069907041,623.213263923191
1,1201,89.12737261490662,81.42322265965143,33.8036008031695,188.8535987850224
1,1202,67.06649265945578,61.14457508284636,25.18148848849028,142.52887246864498
1,1203,130.60948621635978,119.33939699017255,49.554092604474235,275.1177077183826
1,1204,2.168788135187283,1.9936800536224566,0.9342264814688671,4.426298868650161
1,1205,408.166544482223,378.8515605296252,163.4094175778612,818.6640490227338
1,1206,0.8834789414673284,0.8150228324849473,0.3449651389475159,1.82129874937374
1,1207,186.88233056140973,171.04860855192055,71.36087162918838,393.03848986740843
1,1208,300.5580243701434,276.65359747520006,116.80998267207487,621.0784860403172
1,1209,2.3004928431621763,2.0516308548764197,0.8416365409065579,5.213765497193219
1,1210,2586.683141675796,2446.425475437344,1118.2967788034705,4832.975251447213
1,1211,2863.709132736681,2716.9079450597364,1254.7064094237728,5283.2915037437415
1,1212,27.79909496333876,25.154837366941514,10.085761254088213,60.92855388965601
1,1213,19.12312811419728,15.771116576416937,4.504955435807824,53.93833622006626
1,1214,2.531638839172137,2.087016947004768,0.5978096798910073,7.088997748176634
1,1215,5.590094976078088,5.158579151883269,2.394275130433634,11.302932800610291
1,1216,36.41069285135567,30.231692972136813,8.720517917537094,101.07708864080121
1,1217,24.605184178834758,20.263010252525106,5.7509166840943955,69.13548717361442
1,1218,3.0106665450495127,2.800741501341734,1.3155866321971974,5.907627514906467
1,1219,1182.352497203773,1128.7384646502492,570.2991529762301,2101.0846394331497
1,1220,54.873321336490534,45.47276034428651,13.230120509271531,152.07113646774175
1,1221,33.95767927237707,28.215909698963554,8.19031548317001,93.83802193157369
1,1222,888.0368446324909,821.1071493644524,351.02595628808933,1800.4389821143473
1,1223,1.0322579865513812,0.9321549130962294,0.37864666961487287,2.2685746118006596
1,1224,3012.3238314503847,2855.8871907789025,1311.441006056314,5578.663804791932
1,1225,6.471330727027241,6.081217224992653,2.9658772033125214,12.179592242559705
1,1226,510.8016790804126,439.31827371117345,134.4561962421971,1299.9887047722177
1,1227,70.28967702294402,58.49445035119413,17.13731965296263,192.77775740632123
1,1228,2438.8356343633886,2255.763883466101,962.893763767517,4943.697531953411
1,1229,6.797043083709185,6.078773809266924,2.2665691445672866,15.46564264835889
1,1230,542.9336295198835,497.5966787292406,208.5327179562838,1138.2862764650424
1,1231,334.8054546732219,306.30914210592204,127.6413003881634,705.592699915749
1,1232,4847.3605841950375,4712.965266833196,2649.8054057163554,7785.574232577469
1,1233,401.7846339277946,338.64741746626623,101.43874080563084,1073.222006624364
1,1234,0.21390570587531213,0.1957606885232604,0.08619404224729443,0.4480666307152244
1,1235,0.226655367422814,0.20051051847322982,0.09692335288357563,0.5131586493798744
1,1236,12.315580270232214,11.727627848173181,6.464147395391166,21.580064336097976
1,1237,0.6676728259895007,0.6233086582082809,0.31370594240990235,1.2819884295464643
1,1238,0.688098032528545,0.6474725115341989,0.33188403307572945,1.2835582018310427
1,1239,0.287036158942146,0.2701731115009828,0.14271619679424008,0.525057512619638
1,1240,0.11022982991211462,0.10071764726608036,0.0501611735911288,0.2204264123044462
1,1241,20.92871664272412,18.965125432777562,7.69164282529551,45.57720988016389
1,1242,21.308310460874686,17.682214274953818,5.1259515451046465,58.87862203604368
1,1243,2.132897270459919,1.7322417741198461,0.4781213900603961,6.164173576657245
1,1244,31.5175338245942,26.273361768435933,7.6914386463113305,86.54798411579858
1,1245,2.2358495917125505,2.1262146745452517,1.172723370157103,3.936747752575331
1,1246,19.419231486402314,16.1814098522214,4.74949802244355,53.30189806183982
1,1247,7.275174908781732,5.988425247188548,1.7220009459912422,20.36098747424376
1,1248,0.9500303371262977,0.8862586165409145,0.4457525479944709,1.8198161218646915
1,1249,0.680300955402024,0.6396874698122531,0.3317416795809361,1.2596906803819192
1,1250,0.9488396710191905,0.8891404073853784,0.46338912050683523,1.782843280613749
1,1251,0.696969448691282,0.6568627653129924,0.3471592842808775,1.281501178657483
1,1252,10.122943002731615,8.424268752825922,2.451407591342902,28.024916389379904
1,1253,0.162841406087107,0.1531142496420026,0.07297845006126993,0.30796230560466487
1,1254,0.5142942956400799,0.4881087213365357,0.2668022967789596,0.9145893523737618
1,1255,0.7778230732263764,0.7178244529205398,0.3546461215565308,1.5472116509606024
1,1256,22.34998597482724,18.574804873905435,5.422941920283954,61.71026417588131
1,1257,0.7430498901358276,0.694078478767155,0.35757984515831104,1.4112826302518342
1,1258,56.34854668313254,46.72298720144872,13.590202992791736,155.6283868230798
1,1259,0.4998786638996651,0.4670647436753863,0.22390519814088586,0.9680698017802639
1,1260,0.3223085674635581,0.29495269686235376,0.13350302699796748,0.6686338847678589
1,1261,10.722491307213456,8.854994337315986,2.549321724556125,29.786354198404496
1,1262,2.8276635986326433,2.681685859384922,1.4810338203015816,4.997967130952749
1,1263,1.050657978365414,0.9959483191487766,0.5453727213454653,1.8690791453662032
1,1264,0.7306751909954268,0.6915475180071964,0.3715819852262776,1.3131160211228632
1,1265,0.7160105747388894,0.6786432783954233,0.36932952453963364,1.2771183343502388
1,1266,82.92056318609207,69.39368772417842,20.554454874485604,224.83427631647126
1,1267,39.564666183288196,35.96891076220185,14.7288093850634,85.20987520233084
1,1268,0.8389209202393468,0.7831108455428232,0.4026806366082602,1.6023327002282342
1,1269,0.16131397195854855,0.1498600760870163,0.07350095364839938,0.3136699528398684
1,1270,3.1258659230096866,2.9760532895693483,1.6404457057871165,5.485086393557432
1,1271,16.964124598476758,14.09183233070924,4.128666568682132,46.690436715325
1,1272,49.704916237135336,41.38551165765021,12.161780481004929,135.7516560360298
1,1273,0.7576347002291323,0.6098526907680148,0.163463368304172,2.2329990529978128
1,1274,1298.578393187021,1244.5436405627029,643.6534878822093,2254.4710486712866
1,1275,0.04095204132832537,0.03160930478446723,0.013565820741625054,0.12610024437640777
1,1276,0.9532750859471218,0.9066682049859308,0.502455859158445,1.667128217465147
1,1277,56.98454007724122,51.89919438820468,21.21861806331898,121.80595669217074
1,1278,2.386065022161313,1.969196712255839,0.5705022290094596,6.649383358956892
1,1279,7.719211140493925,7.3447206310029225,4.065086384982588,13.531932681629732
1,1280,63.076382990112386,57.38927179409764,23.60471196834765,134.71212195290136
1,1281,0.10415366776268507,0.093143879539967,0.05028538010209484,0.21310659509834964
1,1282,0.6161536336467662,0.5625778904837009,0.23722406404571267,1.309004010050735
1,1283,315.7005435896103,287.82892154334263,118.85991366476601,671.5998889398188
1,1284,1.206017239479583,1.1409855689291684,0.6057241071721547,2.195625199605712
1,1285,2.247182678335052,2.1260089830882514,1.1260276445732398,4.066949602083003
1,1286,1.1054977177665304,1.0481833561238774,0.5720191917805814,1.9671790575083545
1,1287,1.1583734573361952,1.0942108998546987,0.5862846152583223,2.0858749749995695
1,1288,0.4574780726162211,0.42547901663694315,0.21797054628707388,0.884943289154107
1,1289,8.627717722308258,7.107674830309573,2.0570967969014275,24.076600132545884
1,1290,0.4353025313418232,0.4072418356527887,0.21387051854694483,0.8216665915139482
1,1291,22.565203091880885,18.486097553820223,5.258866599570127,64.05050336996811
1,1292,41.609611291380354,37.46038309132064,14.912624763507269,92.15640600778539
1,1293,0.14115535477938662,0.12535048581479225,0.04583737169728983,0.3302309862828466
1,1294,27.737640322788724,23.1400064319601,6.840695064248431,75.9024068163975
1,1295,2.732526409576923,2.5801302060571043,1.397926681352591,4.9363013313499335
1,1296,839.080013774904,767.6695975498169,320.91466642616393,1761.4225749027098
1,1297,4.238639678845422,4.0062468411752565,2.177252729875679,7.647803125214404
1,1298,0.5433815437565058,0.5098900656708303,0.26225463823676115,1.019872540375102
1,1299,0.07493696435204086,0.06893593989944422,0.034808427327517,0.14382412210422466
1,1300,0.34407823315052033,0.32723982361424786,0.1790247678689759,0.6071696001597348
2,1201,1767.0975175453073,1741.6103788628025,1247.163024822498,2429.3476798490683
2,1202,1162.6239976815202,1141.3404308452432,797.6966880648308,1651.2603954895428
2,1203,1640.416647215534,1604.9803594705536,1110.4036309950263,2376.0926475624765
2,1204,519.9703396822821,491.3863683502457,280.9677713228782,926.6554788346306
2,1205,2977.145298389209,2932.94055196348,2051.7581405082356,4166.3179242532515
2,1206,831.2514257306451,792.2326050762698,398.5285373949028,1485.5089923663788
2,1207,3135.081525947726,3089.9159014869647,2207.7420826062917,4314.905998244388
2,1208,3342.716955587342,3293.159343453583,2342.2599503165593,4634.325819393697
2,1209,507.75498756253944,465.0763268817732,223.79709305937703,1035.524885763442
2,1210,10209.523861039672,10085.824600166316,7001.272972502388,14132.29140203962
2,1211,9801.985121993495,9674.629698529188,6564.871424467624,13766.716236964345
2,1212,550.8843435158387,535.4468473540221,361.6679886407519,828.0767720511006
2,1213,1003.7090030777879,957.7556349132869,548.4787065445815,1718.3698552512824
2,1214,187.1143258629148,179.87616720384958,107.19171930221464,308.3921754159031
2,1215,702.7775160373461,667.0656992852878,369.810644519613,1238.46503348228
2,1216,1574.284553060264,1513.4949584346991,872.8181451172013,2615.598502466184
2,1217,1047.0675249265944,1000.4581189881762,559.8737456155438,1808.594972854156
2,1218,1050.844709034545,1008.3569766135746,566.5267136238618,1780.0951617742787
2,1219,7199.581662497767,7107.243824813421,5065.4378950450155,9852.071207179297
2,1220,4551.992745072117,4399.873417423169,2623.090333330131,7326.2924909746
2,1221,1905.2958901601544,1836.319866635148,1081.4759896556905,3118.16402409688
2,1222,8304.856035867913,8197.52220993839,5842.2517274884685,11402.918023073538
2,1223,343.44039860716777,322.83876815078645,190.13030840450983,618.201619321399
2,1224,10506.36855125208,10369.685834403292,7061.438927050616,14736.59193070785
2,1225,1523.7101992614573,1478.790049470219,864.1367904544836,2433.333015200193
2,1226,5110.444180846798,4940.571396376051,2921.6898422014037,8249.270316171112
2,1227,3044.159798722041,2942.109776500364,1746.832405616512,4934.82629263643
2,1228,25247.73321090952,24966.15111857302,18092.373940277128,34074.61182041376
2,1229,762.6261666187639,710.2152611056267,313.38656980003833,1519.8667714597686
2,1230,9500.240229618363,9383.372356328207,6798.381562379592,12877.577120838829
2,1231,6737.362989497568,6656.293369486339,4807.686849029198,9147.540833257177
2,1232,9343.2598664232,9199.483467675043,6149.315741581712,13321.371761046712
2,1233,9164.01126953073,8885.481618395004,5378.596198072746,14523.790985194037
2,1234,193.81020089288998,184.4312212182556,116.03628478947377,325.9345474368413
2,1235,140.90840371124537,126.750958452855,78.89368112022508,287.4752536744631
2,1236,2001.0715387404343,1963.7640130466355,1372.655543462682,2842.7035020321155
2,1237,497.8338414871102,478.5083057572019,309.03862295347824,800.6578610316301
2,1238,499.92598746562476,485.6160950280067,321.77085008132235,757.1375052826129
2,1239,213.87108592363023,208.304061072734,143.1098237275475,317.77197622797456
2,1240,82.48648281261868,77.64742590819878,56.963474822443736,134.87712537698332
2,1241,581.6420344292774,568.8751664398676,399.21295321922867,837.4276911016814
2,1242,1162.629465236541,1119.7463409259908,655.8492074266744,1914.1066951624086
2,1243,274.986255665987,262.30376054617915,145.84995662991622,477.13645118263435
2,1244,1613.7026960717515,1559.581853992652,931.8469375069642,2600.765751455906
2,1245,482.0509399964998,471.2957023075012,336.8225410891482,687.9565529741911
2,1246,1093.2334081210809,1056.866874863369,635.9873318152013,1752.9765518419338
2,1247,546.0342716257503,523.1522616210216,301.25864928722785,922.4405137708278
2,1248,603.1827540026844,580.3170231957326,364.6702422723223,975.0167493792941
2,1249,578.9569817638196,562.4847208257505,371.79801496600726,882.2814771301553
2,1250,598.5455679495421,576.1535388337295,380.1693333724301,947.1347976298918
2,1251,427.62698760785526,414.1649747160874,281.517617721231,652.9483796440749
2,1252,619.0345575021028,597.1345059034818,357.1176955436713,1000.3185153033811
2,1253,133.6361077198565,131.1274827184418,94.55501739850284,186.97547889352836
2,1254,363.61378064432745,354.9882757577892,254.66476665387535,524.2792663613812
2,1255,444.8465469856344,421.1847702086053,262.37228770743235,762.6467681477623
2,1256,1165.8332683119677,1125.1650500662417,669.9980397837626,1889.3416398320119
2,1257,491.312155861542,469.7795874426331,307.7459807837294,797.542665909434
2,1258,4450.000613585128,4298.022826160324,2563.9309102820653,7190.71871427836
2,1259,409.85299344591795,397.4230511789681,267.27284299710453,623.4197182745155
2,1260,227.21159885439798,214.9248641998916,137.66354776136413,389.3533247166644
2,1261,1027.1393031298621,988.9710637442864,581.0094590532213,1688.909247496643
2,1262,480.4771366482109,468.22620149093973,331.1919861941773,700.644262394393
2,1263,491.4547057713682,479.7329584132025,339.78881171979396,711.5043272540119
2,1264,562.3538043770687,548.0404114163962,378.97593039560286,825.7195748903157
2,1265,379.9573031593258,370.1403072936074,260.079753093177,556.8037699493333
2,1266,3012.8391264024162,2915.648336800063,1761.5079232412093,4795.897272405845
2,1267,692.8108743808168,676.0793145906136,471.0866374334535,1011.4548170925715
2,1268,377.5077837043694,361.52561141388844,237.11620175242447,609.5324090142454
2,1269,202.47088227936814,194.44745087345103,126.70330380361433,323.8732301607142
2,1270,856.22186585782,839.1615809352224,591.149330215088,1222.9178227987627
2,1271,1401.558150249209,1354.4892904169346,817.4047402564869,2248.0399750016018
2,1272,2785.97432628461,2698.044295944491,1620.8727652123168,4450.573869804805
2,1273,163.86482841854559,156.50193134707217,90.4532935927246,278.98750935922317
2,1274,5633.4807352633,5556.263050068932,3942.026430502786,7757.517874634146
2,1275,29.490629688414163,22.75909294203028,14.871709552158842,87.60349273774548
2,1276,146.6445225719179,143.55573233239997,102.97404614954633,208.6959777863888
2,1277,1107.1227441114393,1086.1882492182497,757.0166228517153,1577.2751661458788
2,1278,163.35584051286747,156.99278871799447,93.27647032423651,270.01169825016177
2,1279,1145.8252616943207,1119.6980916531465,793.973213950316,1650.1219967193827
2,1280,2076.5891140530757,2048.426844021532,1478.7277902973697,2835.2202881522303
2,1281,51.484183717264685,46.93399223629514,33.7763000904761,95.93535010602648
2,1282,286.3621637410776,271.8414895329252,162.06670780360665,491.160973105541
2,1283,9877.250458929024,9764.493759966352,7116.591061354323,13273.63403679492
2,1284,488.3780937271938,476.2266337676273,323.1901605236689,723.118241457389
2,1285,1471.515486782665,1435.0973165787132,962.3967339401759,2193.9800694404007
2,1286,297.8858428093026,290.1479176908945,206.31621225744786,434.24371895220315
2,1287,568.1040982038043,552.6553024273203,378.9212266551354,843.8460152792162
2,1288,306.04876635886194,291.8359632664276,194.01275554703108,504.32153738096446
2,1289,801.293779494951,769.8629039023263,450.1506359518059,1330.4869196212785
2,1290,190.5347999354868,182.36270041377287,121.61084863085075,306.9837556243696
2,1291,1735.2052862263847,1652.3991837881808,935.704876757423,3003.6014916904355
2,1292,979.6062170831347,951.0156314803937,632.043602365975,1497.5695841268182
2,1293,120.64515700507287,110.45201019235647,72.12465371997712,230.5044071924856
2,1294,1471.8076179676973,1425.1267499334176,861.0086590947201,2345.6840211133313
2,1295,577.6270763207979,559.0505186698774,386.2010100807307,875.5307844209591
2,1296,16695.77922558851,16506.18767220422,12047.598256112873,22428.855766561544
2,1297,307.94028042421496,298.28187129405535,206.19964206460207,465.6647835802514
2,1298,363.6234040125299,351.8853888570943,231.92675615632152,564.0773042571583
2,1299,54.491776597259786,51.796702369162034,38.35339981839003,80.715022676283
2,1300,260.4694829139744,255.14949561648288,182.0655539666556,370.1232746090976
1,1301,0.13257498976065268,0.11786123643721842,0.060159585130742564,0.29242330549657175
1,1302,0.5098796447871401,0.46833318254804857,0.22055876875982872,1.040584276879635
1,1303,388.2314704484562,358.6322884312714,152.41663748058994,789.7050812330052
1,1304,0.19104542051551504,0.17855992235543572,0.0911377512367673,0.3641685115092243
1,1305,0.9929954928576041,0.9140028789135015,0.43461693309376587,2.0171317542498457
1,1306,45.51566737622851,38.14097704263693,11.280200438243929,123.66923199850937
1,1307,71.61270684655459,65.07190752266771,26.72099205858828,154.18028553617282
1,1308,6.3874712899645205,5.994256890865782,3.1529974790060575,11.896851982724073
1,1309,1.571917313249343,1.4983732379538282,0.8272667824562967,2.74094218410384
1,1310,0.15044158314962833,0.12952900388137398,0.051125446407700385,0.3750154673711118
1,1311,2.6848117162356475,2.5379898075181995,1.3520293350870907,4.846563473714489
1,1312,1.8372285747687673,1.7420989231828132,0.951763950576629,3.2696945059777724
1,1313,11.57473320931028,10.973778249040421,5.901814196331042,20.727534010584154
1,1314,83.4504363398884,69.5629397206234,20.47502188510133,228.55400155763107
1,1315,1928.9114045547462,1836.7645435103254,924.2352912987939,3455.3584593975984
1,1316,0.9006961508554313,0.8394383021666675,0.4375946314848571,1.7166032781432337
1,1317,0.19734891423899634,0.18385888030823228,0.08535014392993238,0.38705184237848717
1,1318,200.56320419960787,183.7683062227328,76.80474114036998,419.85020095055967
1,1319,0.5231665684600691,0.4863995867222583,0.24774965190349768,1.0137114257450788
1,1320,1.1307504758459948,1.066592445933266,0.5744770333648727,2.055116011732984
1,1321,2.8556459267241294,2.338223872918435,0.6665447580792668,8.06672906436579
1,1322,0.21662352098847842,0.18443086995685015,0.07485989656773456,0.5512626963820846
1,1323,9.191515629486537,7.632647040325611,2.223429655954317,25.378170801626535
1,1324,0.8696642291280153,0.8194970124784936,0.44627351559925277,1.5844872522881688
1,1325,2.506173151239532,2.012407417920215,0.5521319010219737,7.3939362407452425
1,1326,63.448735261850956,57.69883588333495,23.590386346199047,135.7317625986259
1,1327,0.6234887609060618,0.5925058024690282,0.3235081471062855,1.0957935131206515
1,1328,0.8378728886846855,0.7951701571057764,0.4346237700152294,1.4859201207186514
1,1329,19.43657225923492,17.52726084645594,7.078580399957142,42.661452888461206
1,1330,7.3351120807377095,6.08302945958897,1.7750543842804307,20.24107917404244
1,1331,0.0364312701074488,0.033593428741694145,0.01727403720455475,0.07040410297439771
1,1332,0.40165635157256596,0.35867804109369084,0.13901257297655015,0.909286736689724
1,1333,0.6442910357299236,0.6028450999695585,0.3364719384099402,1.1648082907842694
1,1334,1.4147493539819724,1.3286902180231506,0.6779929361922954,2.6496368213755868
1,1335,519.0532338036478,477.7559737053382,201.64781831359602,1070.6220170642907
1,1336,2.6402392283394236,2.161057096883932,0.6134124350195732,7.501952802604519
1,1337,0.8187367481429709,0.7612305029458029,0.3955092690179383,1.5819162724802684
1,1338,1.098729992891486,1.032986290700812,0.5467581329705017,2.031285817160462
1,1339,1.254340964224696,1.0280510585735785,0.29497316941685925,3.5452241007923857
1,1340,2.7471170182329754,2.560908504208075,1.3671379915836757,5.212700663550468
1,1341,1.849184496943732,1.7414278921226178,0.9260121897052519,3.388196504193957
1,1342,0.10968042842049898,0.09832316661833601,0.05236927981960149,0.2304527598364506
1,1343,2579.9264352848645,2461.377624917108,1247.0134218344424,4585.634627491874
1,1344,0.5424405131832252,0.44139111945312703,0.12238667809938404,1.5585801677809845
1,1345,0.4850156025750889,0.45182411337019707,0.23200221327837364,0.9372604947830013
1,1346,9.705483276234336,8.693144516129937,3.3841069998367383,21.84806570823264
1,1347,0.618026937047024,0.5854052803777019,0.3116213308806944,1.1168686368122636
1,1348,0.462846576302985,0.4298612218742376,0.21629474092523157,0.90265812032902
1,1349,0.18186389114277118,0.1734988120139332,0.09642388481635157,0.31517334166730354
1,1350,4.593828355893532,4.3970155106736994,2.489164692703728,7.823110929368719
1,1351,0.04210933777641355,0.03581560793831204,0.0006756847535866793,0.11868341931640813
1,1352,0.15325757019479955,0.14139391763895998,0.07239605270621816,0.2971992779156444
1,1353,0.15737946827634497,0.14217910123191985,0.07834294850656953,0.3207285700424319
1,1354,0.17841629021298214,0.16724467144880323,0.08343704264160917,0.33708532846258704
1,1355,0.06647858860843349,0.04912090299342374,0.0,0.2518294105535289
1,1356,17.85690037037359,16.118514630405535,6.514000850888762,38.947224178696594
1,1357,0.037453747882603555,0.035343557179234916,0.016443470856147956,0.07042913060281336
1,1358,0.9057205249789565,0.8650822591950778,0.48212176730751394,1.561031330080434
1,1359,2.1485813744990323,2.0448192460641255,1.131928618104339,3.7546547530555316
1,1360,0.13939896589766185,0.13052532848695741,0.070380621659098,0.2604220804641657
1,1361,0.25551105267565416,0.23781313956333455,0.12648275821299407,0.48756971403303356
1,1362,1.6126428980874543,1.4900901178954722,0.7371026830333118,3.207847658068652
1,1363,0.8267812513937433,0.7736554041303951,0.40614243009308093,1.5605222310281146
1,1364,5.065544396884684,4.580639262615352,1.8471188248294301,11.15653235051118
1,1365,0.4483507490848309,0.4252616901886681,0.23317209444775114,0.7983335700979315
1,1366,6.56206256318092,6.148493256771449,3.1872547029477856,12.365268228740238
1,1367,0.2894233906330208,0.27542342626558297,0.15216572269923206,0.507256065070606
1,1368,5.0918915444645085,4.166444092964648,1.167590959819584,14.479088769328767
1,1369,6.891845684256157,6.551560382747827,3.6927076866802886,12.079404678709041
1,1370,0.2275210685782317,0.21228488426931919,0.11842807247841847,0.41047989834546456
1,1371,26.10600240273003,21.65694306433839,6.313084097185179,72.3725522533731
1,1372,2.479734874408447,2.3502856249581905,1.2714438679894406,4.440065533492412
1,1373,0.6563451131592823,0.6017579362223426,0.27564756704621557,1.3556633515050458
1,1374,0.831997388117535,0.7886264452563015,0.4286932929562902,1.4807526211721758
1,1375,0.4227112266896332,0.398190580052148,0.22255553903326636,0.7426922119146272
1,1376,5.7598677149410955,4.683793771794813,1.3021121616100917,16.59454016620099
1,1377,0.2620940197744088,0.24161316032426006,0.11874537913131872,0.5223277275403875
1,1378,914.7572032827412,872.0322050469895,442.85087345969595,1623.7198404637904
1,1379,0.06009080236031874,0.05404553247521311,0.01791753832423754,0.13198638838539464
1,1380,0.41006092695173896,0.39037002742229454,0.2156702085680885,0.7191105229416315
1,1381,1.1275011484544226,1.071019143690456,0.5927877606732761,1.9811841423795864
1,1382,9.01463775085167,8.463245768099938,4.457777235264978,16.722603971939737
1,1383,0.5431015686566663,0.44599941969338686,0.12882418995946404,1.533997035583484
1,1384,0.21196473541788605,0.19929197358682443,0.10464336049371076,0.39288196009297993
1,1385,11.097536950089763,9.190494865740675,2.676804599577958,30.88191124246516
1,1386,103.89119283639845,94.75308609172274,39.03851094558936,220.37386801674725
1,1387,24.3032125091763,21.90092372211455,8.861235889682256,53.68090473139015
1,1388,1.534608168559094,1.4314879223192374,0.7420328641194762,2.9196935363063443
1,1389,19.745414241516063,16.323223008627807,4.7371755416963435,54.88554190533666
1,1390,4.416594574617765,4.0749558058205855,2.037529005522286,8.767996093504287
1,1391,1.1003872138114623,1.0474530701672187,0.578934817269797,1.9278005345453098
1,1392,0.9665346674999697,0.8327302589351764,0.37424937025034394,2.364080592124928
1,1393,1.963363725183574,1.8526478701377431,1.006712780829849,3.569876318370523
1,1394,0.1154182159085284,0.11051741052373011,0.062258003147018764,0.19665403870575154
1,1395,1.5469394469082314,1.280417810608298,0.36889556642388677,4.305826640527971
1,1396,0.19866673153746767,0.18816106294159282,0.09763823505112162,0.3587829331134526
1,1397,1.120899614639638,0.9736122605305193,0.43925894251659214,2.68239341902092
1,1398,173.42991407037135,157.8579692517177,64.96308998258331,369.9921572101382
1,1399,2.4774045592588103,2.325864237700259,1.3193149563182902,4.410333195119587
1,1400,0.2192595626769383,0.18942632374210283,0.08360945052837156,0.5349980246091683
2,1301,82.07947067407936,74.00512123727066,52.049041617763656,166.05497622639217
2,1302,443.9522615016064,420.3698155005525,260.1438275088179,764.9341351301699
2,1303,3445.148569141391,3394.615879624019,2379.668343562574,4809.730414422586
2,1304,212.496888334679,203.9587297223752,133.58487805828074,339.84594159170297
2,1305,669.1959979775316,634.1150242869444,373.49809430241726,1164.9566341921804
2,1306,1587.3573956833502,1536.6681829970753,929.9403196092375,2529.75950360781
2,1307,1957.6393986818312,1926.2917628699124,1362.3217533059085,2731.373115168136
2,1308,884.5249855475529,850.448480006267,560.5146653170524,1400.6695679967838
2,1309,459.2857658404477,450.20329843690126,321.4609489707507,649.2072009138134
2,1310,145.94212925032525,129.35080202222264,73.32139806915933,315.25187319776353
2,1311,1170.4264247715457,1137.8130779750088,767.7177541156854,1753.8356557350517
2,1312,666.4544097471256,649.7362549721148,451.2649280615011,980.8669123557427
2,1313,1128.0188586176128,1098.7465791272214,747.4621334591437,1671.6280142554233
2,1314,4847.9285344874,4696.692370954891,2835.1793160499333,7721.054850075677
2,1315,14653.475101713519,14482.835814966686,10565.382043565842,19683.77031815862
2,1316,456.70268763783815,435.65347549685737,286.64366334183677,749.5580010531115
2,1317,275.18363788171706,266.7768066322253,177.12439933660323,422.3678377130562
2,1318,3404.0735471446246,3361.5019269591226,2431.206203472965,4625.048792929776
2,1319,446.18887048525477,426.165079146018,281.4666833769201,732.275161888398
2,1320,551.603762681241,534.674420235855,365.13762518967707,836.1044223820121
2,1321,335.2678921829395,320.86480387972085,186.51256121847197,569.777677486835
2,1322,125.82136801273674,110.34545414757505,55.66870803972874,287.4951460614063
2,1323,574.1981830227031,553.5728690354233,329.29477687053304,934.7073024599911
2,1324,250.89320258952662,241.58450789081144,170.23410932340627,386.70810350456935
2,1325,462.3655638641006,431.3520907781058,230.35656480434136,877.7368314200623
2,1326,1229.3933660900072,1203.9321310035557,834.9330937412918,1769.6434801056691
2,1327,434.05442412849294,425.1544863926496,296.68048426472296,623.1179776549086
2,1328,112.74190612213755,110.15392609983721,79.30152221818614,161.8063514634442
2,1329,654.4729818978005,638.7241064792786,440.39297897317226,955.4708751827585
2,1330,483.12688550444136,466.22956744249075,278.8419041373384,782.7106530023075
2,1331,68.71940989639444,65.3258430199046,48.14233160488208,108.51603974619819
2,1332,254.52917143983626,237.71443923116874,126.0320753174786,477.9265948128415
2,1333,88.32184108119922,84.78436100358033,62.579098165937815,130.74727546652417
2,1334,1416.7888618910847,1371.2445553122657,886.7235643761093,2203.579082852479
2,1335,5705.18395638526,5615.162806222215,3963.864884397841,7943.692242745696
2,1336,150.549008376199,142.20398780542564,81.7485003219686,268.1345313818136
2,1337,514.637799099044,489.83418954623176,321.5244275336759,854.4837773249495
2,1338,183.91909115377794,177.43621175823904,119.56302691612187,285.7195038460952
2,1339,192.9975121443797,185.29654893689914,107.95007694656687,321.72653605006525
2,1340,333.57901408026987,317.3102003323098,216.70169280481934,546.898564949272
2,1341,607.2000474790875,587.0543291534174,398.09505443932767,934.0944261400034
2,1342,55.6960441060327,50.757237973080606,36.46187155844603,106.53411121066515
2,1343,16954.015002369135,16749.600832817687,12158.343573824222,22868.386900780948
2,1344,131.8973315442669,127.41669172119069,76.50313093218027,212.4480964681781
2,1345,277.08514650059925,264.22485791998577,175.9553814625759,452.17207382951955
2,1346,465.70761779813216,454.1523431159794,311.23551511491246,686.9165445601203
2,1347,693.938290598819,675.9780882617808,459.39260365970426,1031.5520507024007
2,1348,150.6274278398418,143.50189398567701,92.17475447619553,250.34838657074332
2,1349,141.80206377983924,139.65751318902917,102.9634294852705,193.0600304664576
2,1350,384.4863011812,378.51652465281734,278.2320092030095,523.5762189249947
2,1351,44.00237925624776,38.7976239335984,26.294560429537157,95.56347579256315
2,1352,106.01619620255623,100.8828365176012,73.83987695931103,167.6259589982867
2,1353,60.482070874162915,55.49696695381401,40.08018382165713,112.46282465396494
2,1354,129.72993222828643,126.05613315805742,87.57408509229158,193.38264117990764
2,1355,101.94474732045282,87.68021769967345,42.88632496738524,244.32512572472422
2,1356,293.2342950408395,283.58749821517756,191.48554796271188,451.20601381788293
2,1357,41.80791828793045,41.362048844580166,31.088153992586246,55.016301700647
2,1358,190.6642323111771,188.20948818657646,140.22950393519355,254.92173378803608
2,1359,375.5287355875616,367.0713570208783,262.3805598260358,536.257545775502
2,1360,46.57827176865796,44.576149645571704,31.288417077776,74.15265685478452
2,1361,86.42926779329706,82.26281794541971,57.935561169095784,141.0494524933448
2,1362,342.3938125309321,324.87772294924775,201.67791055602237,587.1467073663043
2,1363,271.1379021978186,259.5764445507492,175.43272955098772,435.024024110368
2,1364,230.07366468018887,225.26540790484634,159.36936624686504,328.5499010265373
2,1365,354.4189537952336,345.1433580693836,244.6455517770579,517.7910231923757
2,1366,603.021465429125,578.5753840191835,375.9431325328522,970.4535264197069
2,1367,83.72546346717589,82.01025429798398,59.097266365250285,117.95286975962787
2,1368,304.7545353981973,288.4113116117802,164.0236578530472,538.6740428922001
2,1369,190.7563658045512,185.63578132463016,133.57454244516674,279.03528512155856
2,1370,51.28703561708419,49.1664145138324,36.50029259533611,74.3885524716728
2,1371,1367.4459261695242,1317.3685727235948,778.980228044196,2235.6074373491406
2,1372,868.9268869125124,846.7152819166465,578.1601708845848,1290.4757392338759
2,1373,185.22669625366797,175.21904251150977,113.90242123380189,314.9510702121005
2,1374,362.4110305148335,352.6295866301249,247.11189540536773,534.9538426776805
2,1375,65.79974538973643,63.73225868082211,47.40826661365619,90.97478521527071
2,1376,285.366546320977,267.1948672636247,147.2165778701349,531.4141218074571
2,1377,176.43795400466044,167.82165420800573,106.72499000257358,296.7614452347175
2,1378,5616.469955838955,5544.595766134585,3985.4657803634914,7643.024022883955
2,1379,32.18473630521244,30.22360435723206,22.210426049631835,52.323763652111936
2,1380,134.4058765037405,131.67940849494994,95.87754955654611,188.7533728406213
2,1381,147.71116138771882,143.91187188315985,102.63579232870323,214.4069429111731
2,1382,1088.4018371923767,1048.802262465628,686.8496052507877,1719.3037665979182
2,1383,51.54776369296078,49.305683392216466,29.870169135207547,84.74318022214749
2,1384,155.48515953437476,150.26086957056467,105.87963942676156,235.7645616447799
2,1385,1993.9346871970213,1928.0103357500439,1155.9188631941454,3204.4936282950202
2,1386,1583.923771847423,1552.4594574620958,1077.799544421451,2270.2493375997915
2,1387,778.6026281945923,752.6772313157651,530.5018381180503,1182.6613582065206
2,1388,199.5282041445927,190.17586963426794,125.10177827589403,328.20095720387803
2,1389,1383.0734911628192,1330.0787929936664,785.8173753217955,2277.2739257565336
2,1390,650.8292059095957,615.2607278315554,377.1180099080453,1129.2644068401598
2,1391,101.58398415890821,99.347122237589,70.68636510514776,145.6959101449663
2,1392,166.87382823904224,146.26052404540894,82.07377498817293,374.0245231539172
2,1393,278.3835471039313,269.5546640864105,187.55839514135266,421.9672310955151
2,1394,25.095150675171077,24.811372171324805,18.49026392119708,33.242397973683104
2,1395,144.28336798134433,139.4693022325871,84.13130602605112,231.71706237046791
2,1396,106.75597135664862,105.18695584973044,77.95150679952057,144.4893878471983
2,1397,295.7166822774836,261.1278478723974,149.27587242009574,644.5999467848367
2,1398,3277.0021242577773,3216.1024820325542,2235.6383713984146,4668.241877199549
2,1399,84.92058760224727,81.51781894728956,60.032828138960944,126.32299569880118
2,1400,81.13488861098567,71.09993294805673,45.94748166252963,178.62297138288085
1,1401,1.780402140543173,1.682075439625081,0.8986882757815765,3.2315281066046455
1,1402,49.32152341099671,44.78284787921821,18.21753494535145,106.4672065819247
1,1403,0.44099618136800345,0.41801948335103384,0.2256174960484878,0.7890858892209687
1,1404,0.6965992984648992,0.6513585232510288,0.2864358656180562,1.3607208613298711
1,1405,1.2385280701683354,1.153018669091217,0.5894719879607329,2.3849282004424013
1,1406,0.00946047430521794,0.00795070082722769,0.0,0.030374691772060466
1,1407,0.10088856925845723,0.08420885097853889,0.0,0.2993499130313508
1,1408,5.19451322304073,4.086712388031171,0.9793896446681885,15.949088533011135
1,1409,0.47526549711462995,0.44908553794371914,0.23227226381700344,0.8677674737293176
1,1410,0.5443290565063793,0.52052009036499,0.29156147089108914,0.931231259073142
1,1411,0.016299603383603728,0.01373219068258022,0.0,0.05064862484078626
1,1412,0.8588876778047472,0.7642856187267313,0.3694473293562254,1.9097935564968334
1,1413,0.2888419700763714,0.24842495729404027,0.09935733931015756,0.7145065490772714
1,1414,0.021833215733828397,0.019352874449318686,0.0,0.06297836942253054
1,1415,0.11056839861536029,0.10008362765253997,0.04203105457528459,0.24028605757835494
1,1416,0.026550948238485222,0.02378997694244173,0.0,0.06956217812926026
1,1417,0.29804936733717674,0.28218620421155716,0.13885958489849942,0.5451303398981736
1,1418,2.8879366625209197,2.301282707349322,0.6205330090622014,8.585320572184418
1,1419,0.5449034632860464,0.49331672788588377,0.24099797278624174,1.1621252805333881
1,1420,106.95519002204459,96.66749283953901,38.34030253901695,235.0121400738907
1,1421,6.843852241502475,5.617493266389124,1.6033713415032111,19.354376843210137
1,1422,0.1832619745586517,0.14824978687103352,0.0013420657121172525,0.5623601015910218
1,1423,1.09626844420037,0.9646664476235801,0.3831054126794229,2.581039478547191
1,1424,0.1467754703600452,0.13942426066256697,0.07424822712513983,0.2599811457935223
1,1425,0.0641507901991097,0.05377505252738259,0.0,0.20291325513931607
1,1426,5.604790534885199,4.521446677504068,1.238944519022362,16.375998950524888
1,1427,50.50783970272746,41.837626169748326,12.093874968121463,140.0599520478284
1,1428,11.597017243733287,9.576018331761627,2.7716126938005026,32.36480257876174
1,1429,0.1697434050823574,0.11482548371536004,0.0,0.6856113988030867
1,1430,0.0057729722439176364,0.004748493245737916,0.0,0.01833807115577008
1,1431,0.021414826424522807,0.017022517226795306,0.0,0.07364059066948254
1,1432,0.5259967248191469,0.47560629137099997,0.2213198994409933,1.1274687175570706
1,1433,43.43459588339499,35.911622742341734,10.281852029258259,120.7356346684131
1,1434,0.06860100776517584,0.0563606499152179,0.0,0.22215995749791528
1,1435,1.3844558352454257,1.1206055526721839,0.018359375518726656,4.236834211569644
1,1436,0.010857482451790374,0.008913463347397843,0.0,0.03572382180243797
1,1437,3.155030380702365,2.975040740690015,1.6041434331730406,5.73558775742775
1,1438,0.054723133200606774,0.04856230409174338,0.007206460639197591,0.13354432658147852
1,1439,1.86745744440711,1.7278114599083976,0.8267048481062986,3.7208851481171736
1,1440,4.669591971961426,3.820396714092006,1.0929963401234997,13.20161460944615
1,1441,1.8165203447162113,1.6965418220602577,0.8530591762939242,3.4627801492689
1,1442,0.12190890241315394,0.10764814138655973,0.025972953264295898,0.3010427380693792
1,1443,1.6838996870827063,1.4908091519080684,0.6740057061476435,3.8189577148913147
1,1444,2.2058713253399933,2.0956054158907373,1.1415601944779488,3.9169772074780886
1,1445,0.5077852030455189,0.48027508670584895,0.25567535707979644,0.916645920064902
1,1446,0.0577453777617295,0.05250550300050423,0.0077570953272913705,0.1359599923163925
1,1447,1.157163445261287,1.0964664629198473,0.5958306646673772,2.0566379284233345
1,1448,8.8652604369254,7.3147176795768765,2.124739854775382,24.81029050268079
1,1449,0.17223899799885853,0.15771014363971286,0.05372642259416352,0.37124217467442283
1,1450,13.149142042234793,11.700827186577333,4.659459880056336,30.094483498117672
1,1451,0.7564045271028315,0.6890403337204791,0.30648363474128104,1.6040094596704733
1,1452,0.027849100801344867,0.025304595851265335,0.0,0.0733297242317725
1,1453,0.24275710252543434,0.22140814949106807,0.013908818417843652,0.586089383523956
1,1454,0.34507949065631155,0.30044597719868793,0.11778874436621703,0.8403248752116182
1,1455,0.035091782388077086,0.028809774865238624,0.0,0.11101077464884157
1,1456,0.7989309844969931,0.7454381746138086,0.390201304106795,1.5197966166314396
1,1457,0.3432353447201075,0.30941596692122897,0.031033167251276174,0.8402929618963183
1,1458,2.044986568179962,1.9124060376463548,1.0067095253476985,3.8638992935086613
1,1459,0.30476225624724584,0.25137817133002816,0.07243904250822665,0.8577180229814212
1,1460,0.34296697799686326,0.30316941657776086,0.01411655984882907,0.8993848018381141
1,1461,2.5677596029959058,2.368802119277934,1.1639072783646405,5.116272378511604
1,1462,0.19233046057017708,0.1780971053593176,0.07450666805066389,0.39311063993853895
1,1463,0.028459416581237525,0.023269568641994462,0.0,0.08975228658927797
1,1464,11.984230508317141,9.901142955447703,2.858647476905342,33.46096960530872
1,1465,14.144826909180734,11.5275712916971,3.24192637308423,40.299345046126795
1,1466,0.04296920228107818,0.034020885131516285,0.0,0.14637987488526955
1,1467,0.8582605153895491,0.6894193276032767,0.18870244737477346,2.5318508817479954
1,1468,0.04740584787682357,0.04027362736932964,0.0,0.14694514851664464
1,1469,0.7121371932456451,0.5588196597757782,0.13336711095389914,2.182055983338634
1,1470,0.6936496634167179,0.6449389344086427,0.32710632974460185,1.344320170932631
1,1471,0.04989907909438293,0.04210195133728726,0.0,0.1462674981929709
1,1472,6.268085274281833,5.697650682393551,2.3213281377138486,13.488064753364029
1,1473,0.7710677976418838,0.7067974679966782,0.35383026167417275,1.5656829236894567
1,1474,0.3907144295104743,0.3534384968069999,0.18676565224014718,0.8145929719539453
1,1475,1.0572012796171966,0.9384494737356488,0.32609399742071804,2.4701804746594815
1,1476,1.4688516167092742,1.3316342949964395,0.6489492134634182,3.0870484317439755
1,1477,0.3019896681355484,0.24866460622178288,0.07929148501316406,0.8375832232866792
1,1478,0.7099116391814076,0.6631540222792769,0.3502523132998512,1.3403626066124994
1,1479,0.8002596807497079,0.7399498583798525,0.3614158357733673,1.5958183918926165
1,1480,0.7214531215765047,0.6380916329125406,0.061630877971600544,1.8587368028333973
1,1481,0.09586487037678364,0.07969202595692781,0.012501844753165967,0.27886367803849044
1,1482,0.020889207497450702,0.0,0.0,0.13545883631103597
1,1483,0.09780685619463562,0.08067767882575344,0.0,0.30654541629157095
1,1484,0.05514953575165309,0.049071919499824396,0.016607791490038163,0.12806744064428807
1,1485,9.008243521541013,7.294326877764478,2.011038828345027,26.15997212652546
1,1486,0.6086670538810478,0.5611744538199388,0.2701772341137489,1.226743480691897
1,1487,0.9373128188284143,0.7641058137693293,0.21117892614272368,2.6858513796168673
1,1488,0.11204770405775273,0.09295334541359668,0.03055848596196364,0.3073311892287614
1,1489,0.706928540852669,0.6584313296851931,0.3498225509985715,1.3492803404285794
1,1490,6.788683306143277,6.152549249081192,2.8472393405322527,14.43889892042937
1,1491,0.1798740176864939,0.16375841327567509,0.07319316279088862,0.3821184522757369
1,1492,4.242874192575629,3.6970617983207283,1.3470169221910928,10.274410288800182
1,1493,0.30279312643593803,0.2786792550070625,0.12573745193408747,0.6201550032842013
1,1494,0.2937675682547116,0.23032331249675347,0.04873630572894066,0.9154588026906022
1,1495,33.572184727170125,27.600926069812694,7.9206606516043285,94.64420640357606
1,1496,17.414982474957664,14.466828970888248,4.216224671033335,48.10331511784844
1,1497,1.3690096409573933,1.2575663718350585,0.6082292504654688,2.7736571223426076
1,1498,1.6236076661403533,1.445057275728072,0.5819599988054819,3.6383397234852635
1,1499,2.3179167502359785,1.8825523583571795,0.5256969355094843,6.661823491815821
1,1500,2.7623215241142254,2.588236731379331,1.3074581763202016,5.215080808890313
2,1401,664.2023886197805,644.4828258175263,440.8512809170525,1003.2891125964941
2,1402,1409.4842893838531,1383.0935555285178,969.145852642645,1999.6017687011295
2,1403,132.30953181770502,128.88853544212967,88.60924513757618,195.31202325592912
2,1404,216.99578955928087,211.58234175489633,156.8748795434775,300.46764131489056
2,1405,421.0497203732855,401.6661888079595,262.5747860724637,695.3222857831306
2,1406,92.69320621181281,91.61166652672185,67.32226921109533,124.14794529371672
2,1407,274.29411987502294,244.74149948284423,138.16910183640135,583.7876861992463
2,1408,310.9735592782487,269.17156594260325,86.39557893449377,773.83662299134
2,1409,233.47374038031947,228.5857909036086,166.66321839996803,328.56260843421165
2,1410,91.68135660087373,90.68238125634895,67.79567980462244,121.15705471136505
2,1411,88.35578105211239,83.99762356477234,60.25427367767073,135.95817107198457
2,1412,207.64242440820507,187.82586810735683,117.18994798301294,414.45245795397653
2,1413,163.63616956447368,145.13484374410953,76.16205262259446,357.99251348583863
2,1414,63.809368384193554,63.01257576620848,45.908044740131444,86.22447192408036
2,1415,235.6164387217507,221.4871292989122,133.54078362704573,418.2231894249104
2,1416,141.58825574845775,134.8684815445951,98.24346034513857,225.7347791903552
2,1417,137.44348961591902,135.9777402770904,101.90371656790757,181.31511880601272
2,1418,244.23416272018744,225.24813009345962,122.7014715567692,479.38918300856074
2,1419,193.35724403964986,178.49879526240846,116.50687166990022,362.4863341696686
2,1420,1716.478296780926,1666.8266597935142,1073.928924956172,2650.199304581931
2,1421,528.4296614454895,503.82813124106053,292.41177550609905,908.4893344301105
2,1422,143.83321611059802,124.07685431480058,64.53042342686926,340.4658418129582
2,1423,402.8354113218218,367.61349891056784,212.16584389175156,799.284806962291
2,1424,132.68170915627968,131.25688100921974,97.82227722598147,175.56288924042053
2,1425,163.15858544912135,154.7748798924508,112.50396022649151,263.3865641252773
2,1426,529.5919870900351,495.972451473095,267.29958270786443,988.335306048627
2,1427,2296.596934865916,2203.761894077955,1278.1796656332097,3845.5849879250213
2,1428,1700.4351203394544,1640.143728250028,977.1436566017944,2767.0943281755835
2,1429,124.93384230947045,114.13476334040922,63.03170044247251,251.8542796472893
2,1430,55.8371565066348,52.3478182453796,38.1695029521096,90.4663578148008
2,1431,13.740473252015773,13.547345799520109,9.215921887999043,19.34752921987568
2,1432,282.843176471621,262.026978226983,170.71965571652058,518.3085345834636
2,1433,1758.4430237730082,1680.8107315352645,956.2006470961885,2995.5079237381674
2,1434,196.40562543337873,174.86636159128716,109.22839198172541,416.7865650630724
2,1435,242.27657150041907,214.58592121190003,95.49707940759279,551.3240333911203
2,1436,81.05581306468953,80.10202228698398,59.15321014096423,108.21072350006799
2,1437,612.2359841017344,592.6674707103352,416.9428327278587,925.2233021014997
2,1438,79.47898714705002,73.67236500585587,52.21281366659567,139.62656899806328
2,1439,885.3485871681225,846.185961676665,528.7901530974325,1466.7941101865806
2,1440,433.3566631022116,411.84099062961036,239.36295233153956,753.0775768712576
2,1441,1019.9128237955111,981.7256274338786,633.6817641301388,1617.1310616260964
2,1442,129.29520788312746,119.10805413309164,76.91658485923107,242.92386521565024
2,1443,364.96049847848417,330.893569456709,185.4759266765433,750.4662627621517
2,1444,827.6744854941037,809.7658577569564,570.2696632076277,1190.462358028587
2,1445,211.27928132018485,206.32682612088146,148.2483131482275,302.97613532334924
2,1446,271.56749203070603,259.5889050601127,188.66563225702177,428.5940410799268
2,1447,593.2782841251776,578.6204312615141,402.72060991774254,871.9348669272215
2,1448,727.3779425713896,698.4088110290705,413.17858949387795,1206.7242519703486
2,1449,188.53634650865047,180.41586002635154,131.41056903665188,290.66434196955424
2,1450,276.49563475902454,261.2055415350889,181.08948730098064,468.02723235403
2,1451,518.3716598682936,487.67357213378506,296.8646878914897,919.516729955002
2,1452,68.89808630361257,68.12287714798839,50.204919584816686,92.02042498780138
2,1453,231.41179748500056,223.73134800421363,159.60953088543215,350.2844005680888
2,1454,214.92855514610994,191.47174462752056,128.3384079294602,451.60645675979214
2,1455,121.1409598093505,106.4448301432503,64.02968350881547,267.8781574692634
2,1456,557.1391772060786,532.3349962852587,366.64606219115683,897.5187709819331
2,1457,333.6187459133169,317.1278133945841,214.20476955415356,553.3906545954685
2,1458,646.9961823424622,618.7577219677864,413.62342417954284,1044.102581115103
2,1459,60.16314939737087,58.30951559162213,35.45430238333109,95.33820469961647
2,1460,465.77809609359764,434.3369052925848,276.0951537034693,842.7475916029001
2,1461,475.49318019808925,450.27349822703036,272.9641951739713,822.0947038488575
2,1462,227.14411307404137,218.29724355597708,154.33388541620465,353.7230518484054
2,1463,58.413198509425854,49.72553307388499,34.027528791176074,139.41782291776897
2,1464,1178.9987517770553,1135.1958797319776,676.152042728449,1925.914738191426
2,1465,198.461589518001,180.95755630497695,98.52866864019602,406.57247365184145
2,1466,56.4950135327365,49.29491103059232,27.476195205682462,128.85819566465378
2,1467,177.04793013147815,166.98607206387697,95.98745887581576,318.04734019444885
2,1468,107.08180749064516,103.2319469188753,75.73571755275769,154.1155723298273
2,1469,111.13851437179817,104.15407710172296,61.950746518162894,196.62231930070564
2,1470,301.34961350256617,287.6731749772837,196.90921926227364,487.63038015840255
2,1471,150.21071430992683,132.6979390709588,88.57734466062523,323.3057150745242
2,1472,173.84667949984345,172.0130309760193,126.60691675593702,231.7787309176789
2,1473,254.88858381323115,238.58952712802292,153.25007310797653,453.8550748832466
2,1474,175.46940097772895,160.927231962027,111.78153771350401,334.22897635685615
2,1475,54.32078898727188,53.64217758354515,38.14970646931365,74.5160232557967
2,1476,383.8100884340728,354.9514904116732,216.61366175138375,720.1231165844455
2,1477,321.69827093535304,276.90070872247543,132.7889263371406,772.1165950546418
2,1478,433.113538898848,414.3386178538734,284.0202218992597,694.9238047017542
2,1479,562.5639060229553,536.0990155404293,341.6985095300111,935.3633404645027
2,1480,186.63516396661726,172.3419432088196,115.36584035636507,348.5692398106766
2,1481,112.65879063477617,95.51175165822751,61.04682492595572,271.1831393848477
2,1482,281.7335658578143,209.56614914981986,85.97131247049994,916.0674514794712
2,1483,294.54515020524724,265.16947246785855,149.6932114212674,616.4712844086254
2,1484,107.62629423246594,98.85926491944706,70.28349837912052,199.36843448334758
2,1485,333.379083309525,309.78714609575997,168.16067912600502,633.3717485661168
2,1486,308.23182682576606,293.36600294959476,193.2662758179015,510.6648315890204
2,1487,127.88254792693533,122.59369175284726,72.56370546270696,214.33973939270422
2,1488,96.98611923216554,83.17669966414573,45.23641487234195,230.85480191488006
2,1489,219.00629018163218,208.3208604557128,145.0984239963222,357.998212066757
2,1490,845.4036870187296,786.278862452617,435.6452476927878,1597.542131902413
2,1491,118.81489279254629,111.32892781689401,75.27112735873374,207.4700723962047
2,1492,190.41799552511642,179.1298023697659,113.25446892165613,334.94835334193175
2,1493,236.88853387998253,225.42853925388908,151.97773312743678,389.69179619541336
2,1494,73.69754345135665,70.23914914033455,40.96469832745594,126.88417159511718
2,1495,2476.112482631988,2368.0327506893022,1350.010171526933,4176.47784449319
2,1496,764.3203315493553,737.242014015697,436.08417035740996,1246.9847956168094
2,1497,671.0960519149742,635.1640061841249,394.047309541296,1156.9154456863873
2,1498,61.35849240930109,59.08702025278511,43.03154084303233,89.65834492620634
2,1499,392.7435171660501,371.6050875263284,211.57217053897168,696.3825509763452
2,1500,1100.8659313705004,1065.6243869808345,680.2326221277339,1717.1073349975456
1,1501,8.76289099668001,7.169454169733157,2.0280595624375133,24.846162157111802
1,1502,0.18587325664568838,0.16259652734293048,0.05876409083569456,0.44887065579243907
1,1503,0.16080338588636903,0.13476836529233832,0.06324834796429535,0.4238147929363949
1,1504,57.27769716852632,52.24243055760401,21.60607075928335,121.44336121652097
1,1505,0.5342024358096733,0.4496421030724912,0.18540705074523972,1.3872405163199966
1,1506,0.025029898996705952,0.021550772526041997,0.0,0.07044915422284563
1,1507,6.342024000194481,5.188961375276334,1.4762148160136663,17.938558559283777
1,1508,0.03313324308050821,0.02749376546404906,0.0,0.10388544069169516
1,1509,238.28929916370936,218.89361032085273,91.47130626619264,495.37483190214385
1,1510,2.7321234880016214,2.404048544169668,0.8399351987458157,6.547215645210153
1,1511,7.0658719063250315,5.7565325792990585,1.5976592918961467,20.238186830906418
1,1512,0.6637733609823359,0.5224791866658522,0.1257403011228195,2.0294295762251418
1,1513,0.3845145794048125,0.3522336285812843,0.14297461461428237,0.8093344895883702
1,1514,0.18372343438580988,0.15526518065244194,0.06690847881174508,0.475087307076474
1,1515,0.503001826646253,0.3924828423869955,0.095893611008216,1.5732973957297514
1,1516,0.16402511151093427,0.15033202508635476,0.07312385977668538,0.33455132222259126
1,1517,2.5729419043506034,2.0034572922214613,0.5160398324914426,8.008369283198174
1,1518,0.17592223247945146,0.16039782294126426,0.07781149596849787,0.3587024302685954
1,1519,0.08164709953975637,0.0751234904133692,0.0,0.19980634387595436
1,1520,2.3180480518620468,2.1286041290284548,1.0680523189559914,4.67635271735654
1,1521,25.95488786797462,23.453195694577516,9.479564339799442,56.83756445016906
1,1522,0.3488305841069475,0.3112194951461108,0.12960339108528798,0.791160505710267
1,1523,0.07690052197484726,0.07017686455258675,0.020953829407862227,0.17167582348756047
1,1524,66.77235899514639,55.426184000347206,16.080365145283142,184.42588500528888
1,1525,0.18699516341499597,0.16024848574037082,0.06690951154206444,0.4709739317942728
1,1526,0.09574097330816457,0.09013457153480164,0.039437930072031245,0.18429761339591347
1,1527,0.9289095916000463,0.8472300562720313,0.38781118088040695,1.9436740843997455
1,1528,0.202684062199705,0.17684738811126688,0.09209059021517567,0.4748552866795952
1,1529,0.05645225774069169,0.04864048568420484,0.021070631039111547,0.13386936629379662
1,1530,0.4051457705822537,0.31756837015395817,0.070615642980293,1.2577420115499496
1,1531,0.7343156611384977,0.6810569259767143,0.3418043056246493,1.437610402949275
1,1532,0.07975331881474237,0.07471281792060705,0.02038601380737149,0.16766910311039296
1,1533,1648.0822118287256,1581.2734530155244,817.8817613937398,2854.9543338246735
1,1534,33.671325394994916,27.970857424551077,8.130429360119315,92.52189963952482
1,1535,63.24784627182234,57.422802831944985,23.450040783513227,136.7241385411454
1,1536,3.17401135684038,2.97031818881226,1.5323028106403298,5.962201046362746
1,1537,0.023551833891633248,0.015631201167026598,0.0,0.09858435335943236
1,1538,1.114683517963853,0.9974534123597619,0.4659768977160457,2.4532802660624826
1,1539,9.500484975096562,8.523590499435205,3.4094683657778404,21.177575283995168
1,1540,4.9329400353713435,4.410403041864105,2.0178895896091773,11.030389523045553
1,1541,0.10863360084497675,0.09565046155344079,0.025436184356219072,0.26631270157256987
1,1542,16.8456427364692,14.94001875512242,5.760790796139023,38.896982692584444
1,1543,0.2131033666809279,0.19303949002496526,0.09092958393930267,0.454674350281432
1,1544,0.15640923153018296,0.1345948405516056,0.0,0.44374777343902216
1,1545,3.1435574228527043,2.9330047117516385,1.5212554540709846,6.004351526973701
1,1546,0.18857033855305122,0.1697721659541368,0.06798871015141222,0.41990827092565636
1,1547,0.39354833611440654,0.3391208080708642,0.13614407027189943,0.9882266206424128
1,1548,0.16162813721240732,0.13696027423703572,0.06628385396396305,0.41039812560999445
1,1549,0.9085646479288965,0.8180916519114227,0.3504583900508768,1.9898476593342047
1,1550,0.06752172090637933,0.06404221368098865,0.03224161476045335,0.12246280139926932
1,1551,0.2609348022320549,0.24388127930205206,0.11667309985372547,0.5052036019066126
1,1552,0.15201262493198817,0.1392160488296158,0.0,0.38762747587060326
1,1553,3.9478640006360477,3.1732112824200653,0.855705994951489,11.651667590955409
1,1554,0.13063252633238778,0.11087534731328544,0.04955141731288763,0.3306715368816576
1,1555,0.5209901076644656,0.4819085703717968,0.23068106562984125,1.0401416263368943
1,1556,0.27699113050363094,0.25818381309736743,0.12027840612715618,0.5432742254466771
1,1557,0.24678006947813924,0.22803427114276612,0.11891631786845809,0.4830443520461395
1,1558,16.130082834199296,13.089692652713723,3.617063932633836,46.590923329337045
1,1559,0.35475272424168225,0.3326445036934362,0.17580806718091765,0.6582987383720973
1,1560,0.09251696752681748,0.0763642681225031,0.028641884586609042,0.2562949090107228
1,1561,0.3459760786192092,0.2689657276445965,0.06469571997489969,1.085585593550552
1,1562,0.08102830331270475,0.0704088992658628,0.02642168081462821,0.19581335582258
1,1563,0.38015581578654684,0.34172937927011454,0.15696820617701523,0.8310678044988734
1,1564,0.4695804884263299,0.4163809780245669,0.18137773185079692,1.0670867376362092
1,1565,3.1428881594429563,2.953562546235279,1.6081724079083999,5.7718481766842
1,1566,2.7391363496543972,2.429520607756639,1.033490380182928,6.245394051302279
1,1567,0.20448471908218604,0.1873388729093121,0.036473440830716616,0.4625699374089896
1,1568,99.02091131792515,90.41723560174873,37.162949534763,209.71962354615397
1,1569,3.008028838192902,2.411842150740073,0.6531502352196934,8.87763588567887
1,1570,6.1441169957198385,5.720917220943193,3.0238662016049984,11.741132570868201
1,1571,0.05450943359643123,0.05108783718804685,0.019619772979854226,0.10945306460712027
1,1572,0.06289619743610791,0.05789438959492649,0.018265367483337326,0.13279128389654019
1,1573,0.6030683495567749,0.5436113079667474,0.26979800943858323,1.2876618916737812
1,1574,9.66829890996486,8.604825994243026,3.33910359523772,22.172141026686003
1,1575,0.10956462591232605,0.09268314424309701,0.0005432274696587356,0.3117169322172137
1,1576,0.09559504805600404,0.09058997237435212,0.04604015775158405,0.17336030090168944
1,1577,178.67150066609983,163.04432707818677,67.52571437849801,379.11417621093034
1,1578,0.09419344319785104,0.08820591751175084,0.044755099821020335,0.17848328892421408
1,1579,0.17515088071151488,0.1540960189251211,0.05144185363295206,0.4244346980666181
1,1580,1.0911813241117978,1.0127543968176584,0.4614993436274142,2.172772572050903
1,1581,437.29323774848444,399.0383340351534,165.54357258656646,926.2821705354298
1,1582,2.3617037372816823,2.2304467501494365,1.2266909964107124,4.253379173398437
1,1583,0.011910922314724485,0.009742676792023126,0.0,0.037945925490991184
1,1584,0.0041979310042035865,0.003509597863509592,0.0,0.0133981540129106
1,1585,0.9951658970129746,0.8935237116747683,0.41370686433002973,2.174557928632926
1,1586,0.041656741404979845,0.03428886125975832,0.0,0.12830424536002222
1,1587,0.1073732627494138,0.0941350120458147,0.012845773739781985,0.27808840083336606
1,1588,0.6504503832329734,0.5979897766110702,0.29167661772965225,1.3156447100499504
1,1589,0.8963527818229432,0.8291127765952169,0.41848263641901345,1.7621664004572644
1,1590,0.6653168058104446,0.6383354452293105,0.3627127924284083,1.1274317077119302
1,1591,4.2191243063264565,3.964488872622387,2.1005952322365364,7.8100517787006085
1,1592,0.8591094296690357,0.7796701221965764,0.347969756779736,1.8370548379473661
1,1593,0.2846322843830281,0.26341498409185976,0.11400917748188519,0.578593659447369
1,1594,8.879427649117394,7.865254352752292,2.9966476150498886,20.636971213749266
1,1595,0.3858947873865965,0.33637062562944775,0.12477711628702487,0.931927636313307
1,1596,0.11758595816119986,0.10416779612867572,0.0,0.3140560922576133
1,1597,1.6661896533841194,1.339709090967237,0.35560179669893105,4.908664961885471
1,1598,0.03116967411455041,0.02944799145569989,0.013808424304631214,0.05880303203386536
1,1599,0.666076846626147,0.5856096572009177,0.2377243420623118,1.5597590215133519
1,1600,512.6763151611992,485.5843435099988,238.31612915746925,940.8991780548107
2,1501,1058.405401890479,1011.0974614753579,574.4041677749306,1808.4819423221788
2,1502,128.4285524492763,116.54597950040328,69.125619965175,256.9499913360029
2,1503,65.48169474297985,55.47352643702707,33.793209251118256,160.72902998809167
2,1504,1022.6892164152291,1005.4619373152572,710.0262715580019,1431.1912758460164
2,1505,248.13938148031212,214.01912592042683,116.78258465445734,582.5508455259541
2,1506,120.31149532750567,111.07475987544997,66.33406116507672,226.8271032720641
2,1507,661.0329599334128,629.4315998705106,363.0258655416082,1143.2541670684866
2,1508,113.06699626441154,102.91720182301589,59.77816335377076,224.5385541492413
2,1509,2908.751703660267,2861.8366308267405,2015.6997202232242,4063.3761558397177
2,1510,148.49553570088887,143.87226975612919,104.01187306220724,219.24237034532237
2,1511,804.9826054755338,766.9242718755263,435.24141356737044,1396.5306982543668
2,1512,185.42867211067497,174.63137077769943,96.34143960052704,335.5271026342771
2,1513,273.460429453281,260.88314383173145,174.8857825918718,446.0502664120274
2,1514,119.29167563851185,102.86723884121275,59.47777607173926,276.8853749271145
2,1515,194.1200549096687,179.52488481751436,93.48579921998885,381.194066473282
2,1516,111.30618918396875,104.5457050835929,66.7251954972888,195.35282273741538
2,1517,243.85284445174761,219.98394804314907,106.15583241201972,521.5852495154073
2,1518,120.33171082259301,112.99170983276335,82.10927630729803,204.43562553042173
2,1519,87.40395823458563,86.45473282472526,64.32801409432628,115.9400667354656
2,1520,377.92610162685764,354.29275695441993,221.2343331281698,670.4544246578911
2,1521,1107.2934758856666,1087.2893257643757,764.0753206509206,1566.5414575010202
2,1522,375.94005477548376,347.500622198311,190.77576098494816,725.678883594326
2,1523,62.019558363104615,59.04493716231059,40.30127022420812,101.51767433723931
2,1524,4239.057097350555,4085.7870640090277,2388.6598002901073,6944.448131253526
2,1525,110.87802808500575,96.7084150093498,62.10526998113871,246.53132851372848
2,1526,59.202731276992836,58.57007356913068,43.63301260966668,78.49220991127157
2,1527,401.2207473734943,377.9975878535225,226.5172220636167,713.7689067927869
2,1528,90.55756949574806,79.6918370848989,54.26919473195544,198.0582567164613
2,1529,40.05656158057193,35.405346162556725,25.360810398595444,84.41574332118238
2,1530,92.96700461444385,88.25356351121559,50.101682094704664,163.45625517753652
2,1531,493.8502824594405,471.39853443966587,309.47466776274825,810.3093547800237
2,1532,71.02527198147733,70.26609470646332,52.656043080027615,93.71327915071198
2,1533,7343.520239041477,7250.871706864604,5166.208857187919,10048.396550637419
2,1534,1072.925977595369,1029.9197986590552,597.5357837591705,1792.9396500178755
2,1535,2453.4972084671813,2414.094577646254,1719.8731048194404,3405.697168215115
2,1536,887.8678103016074,853.667682639478,551.7499844623907,1422.2300630281663
2,1537,45.14934889804403,36.799503768313315,23.25105474003271,120.69696858700843
2,1538,505.13827536961685,461.85959052591994,280.7015583730324,988.2737875550746
2,1539,257.7788662440594,248.56783506219887,174.50299082325304,398.6130521511475
2,1540,765.1197524813856,697.7665607167354,385.2384039368275,1545.1561721275525
2,1541,93.44066058912868,84.6735483269938,59.885610686946755,184.30787358679683
2,1542,592.7706592655385,562.744238950025,373.3252720424113,987.4030856949319
2,1543,144.29610319697304,134.08930577825663,85.90978336917257,263.5438019273773
2,1544,253.20245611673027,235.89127876738917,136.37136110591192,470.961531716411
2,1545,302.6721318831526,288.5547994891681,187.86225205807068,497.74291602396755
2,1546,208.12948365046702,194.1964914099163,122.0226719919769,375.78109577702594
2,1547,142.83587544484945,125.29645810882715,81.56704963616335,312.38364989779575
2,1548,103.1660724877361,87.88052303474322,56.658235324617465,246.5920758718871
2,1549,664.527081774528,622.3047542486745,353.42552812426067,1223.1351269109173
2,1550,24.873133953377874,24.58636670217658,18.149167747228038,33.21948592927568
2,1551,215.31496454108213,208.53114980938687,150.10304136358812,321.9651476694564
2,1552,96.42303348607503,95.36074443611554,70.94663439570122,127.83227980892993
2,1553,222.39094541717517,207.05582650567155,106.74179061247581,428.0034419526994
2,1554,122.66631547693031,105.80007455309786,63.845312472473694,283.49557305760436
2,1555,234.47135783922613,223.57769768217693,136.1222762384236,396.6800297053537
2,1556,201.4954894357845,194.70782367816855,137.74126706669557,306.0891187233519
2,1557,156.93475211477465,148.08752975359886,101.16752940329272,266.7625479339187
2,1558,757.4170652687332,709.014927078643,380.1835174457028,1409.3830942750485
2,1559,259.5274129360275,250.17308574291843,171.00754898582693,402.59566992236796
2,1560,107.20124780097086,89.60933620361821,56.234390226467596,267.01704290795493
2,1561,110.64179792365148,102.4225725962244,57.35332358272764,213.535200525962
2,1562,86.12318978905684,76.74573011820976,53.539532751751,179.77066375425755
2,1563,185.66110035485733,171.5492483363207,107.37576952600028,347.9617838811766
2,1564,376.6045015257817,343.80450582160483,191.81733961964608,751.5276686345106
2,1565,404.65471589523077,388.85131263476205,272.71122511321505,633.7678012123628
2,1566,1327.4087885728734,1211.4886800975087,628.2232491615252,2716.9114608186346
2,1567,152.15391905555322,146.92010906568083,109.01189476960104,217.56277581969925
2,1568,1386.9282231885115,1357.8272855250698,924.7343033947814,2017.2853007867063
2,1569,429.22210833454557,401.86823461627137,213.18550170047214,799.4033178524684
2,1570,680.7732659081942,647.5382043044683,436.7683202133507,1122.7251022381279
2,1571,35.22840963597487,34.77308700139077,25.024675065812794,47.985516383320565
2,1572,83.46652361497152,80.61790739404415,59.767743611852886,116.61973105369499
2,1573,354.84889868965945,326.2525269452434,203.55715836672567,676.945146684412
2,1574,275.275511828404,263.6052259955095,171.20669177933647,447.2681722132305
2,1575,154.29462391007075,141.0359916852317,75.52420094121422,310.87283950534163
2,1576,77.77646846514112,76.95611004826219,57.61162640419848,102.63644055670206
2,1577,4209.227294190277,4154.070833144282,2993.1960297382393,5747.081749519356
2,1578,83.0176097474187,80.0825469265878,57.70288855654388,126.12812710316018
2,1579,204.72121713877223,185.31893488083315,124.18255021691496,405.65290881854884
2,1580,976.2974647218451,940.3540060964452,627.0271613969674,1536.7711672748758
2,1581,11062.673904064632,10939.114705007392,7935.257636936427,14950.56537233693
2,1582,217.86742638867543,210.83342101035214,149.6944795673799,328.44934363164674
2,1583,31.612296928149046,29.273546944620698,21.323581642510366,53.12697444452115
2,1584,31.50857092546678,31.12378332185527,22.741298024744534,42.411640488983664
2,1585,578.9168763134342,533.6415776057975,317.6964765166811,1104.3875815511121
2,1586,76.15325091668201,65.21637383377518,43.968796342454944,180.3021609092064
2,1587,93.97734855060469,86.82090991556134,51.93158583189958,177.71087807875648
2,1588,362.73141970963104,342.54992928064803,222.0805095836549,621.2109800545405
2,1589,459.3135555920258,435.5998706492986,280.92487847187994,777.9871568307613
2,1590,42.87998429696072,42.39543394383071,31.607813397072892,56.82099754727742
2,1591,718.214134017514,691.7903073909683,463.5477759879281,1124.0194441561753
2,1592,522.8556170322937,491.841686571952,292.29728831753374,934.9138582658109
2,1593,170.91418312702396,164.34780454938397,116.86615333301674,264.64537764789964
2,1594,299.3769625910678,286.6337701103986,197.68347010058804,477.9565092366095
2,1595,614.8058729288452,561.6646528130664,297.10235141300836,1243.5799520608552
2,1596,118.45766748019392,111.2935035366226,75.69660238360747,203.85860720605817
2,1597,313.84047484394694,298.17352220187706,170.654658286941,548.5064360461583
2,1598,14.893587139250021,14.71196791028789,10.723314401880732,20.060689023845097
2,1599,385.29026151684934,351.22205021190206,190.71950165967257,781.1617039285628
2,1600,4865.817226108427,4797.8022785512085,3415.260177980188,6703.637975392872
1,1601,0.4710702747281749,0.4160509741847537,0.20676076699501927,1.0683818379539924
1,1602,0.35794130435033666,0.33159041602772743,0.17221804501335602,0.6998437430222857
1,1603,0.14914354031117924,0.1274870754525031,0.04543566131885412,0.38243585037906397
1,1604,0.24032982588830754,0.17791993214712426,0.0,0.8620485573639323
1,1605,0.7139223423687486,0.5650987386056765,0.1489855997663175,2.1562166734174313
1,1606,0.007517416970641423,0.006638888151756608,0.0,0.02156986992845899
1,1607,13.830097000560363,11.380740346502305,3.2379670172985313,38.61037527245464
1,1608,0.05779425559591692,0.05424366353304459,0.018353608093267092,0.11804678164782247
1,1609,0.2859883959112333,0.27392418343520264,0.1551263446646731,0.4860299929776955
1,1610,0.013551572033596759,0.011863340424252966,0.0,0.039389931140429095
1,1611,0.21305258948288408,0.19963633438232725,0.0646874834218558,0.43619353570746827
1,1612,0.9495224051952491,0.8213637559829591,0.2974900409331483,2.3592332294414162
1,1613,0.016687392290949364,0.013326707269475288,0.0,0.0567341413868189
1,1614,0.17860178284426564,0.16985847435115228,0.08968815759957083,0.31804410271113714
1,1615,3.1934077520903545,3.0132825621088397,1.5968076662682533,5.855564983568299
1,1616,15.705658425618541,13.000429508123023,3.7602809240258823,43.59092953827027
1,1617,0.0026759098070359357,0.0,0.0,0.014366784261592287
1,1618,0.4663202364593091,0.3967753837450325,0.15619413865694506,1.1903625840594003
1,1619,0.03140330563412917,0.028787923314089844,0.0006103446690726282,0.07606729467409214
1,1620,0.011706672725803535,0.010309987750603744,0.0,0.03406293144224007
1,1621,0.28772734761312074,0.2695167360523386,0.13315140514127002,0.547252587213086
1,1622,0.5134272585102144,0.40486109687722244,0.10867853284110421,1.5556340458319247
1,1623,0.06978069515386112,0.06486678054348476,0.014822965962297147,0.15220807401586278
1,1624,1.932984641458831,1.7335947009695074,0.7856182372290503,4.240734040867417
1,1625,6.764907938297009,5.572929133112229,1.6071008843745318,19.05212607770882
1,1626,0.0026668279118100685,0.0,0.0,0.014199714604252926
1,1627,0.34846597812735264,0.3119613805802481,0.14513500914011537,0.7689489571899131
1,1628,0.0029150730773718748,0.0,0.0,0.015446702497152921
1,1629,0.26460505629269904,0.23132249830598356,0.09253211628807333,0.6278504169878355
1,1630,0.04399568561440488,0.04166961203775821,0.021270196059524894,0.08035024048805661
1,1631,0.9306976953573811,0.7408126657479643,0.19713872575892677,2.7860417289075783
1,1632,19.456420711542332,16.054924253865703,4.6034788596159215,54.42857222818075
1,1633,0.14241211521180722,0.1342979928263911,0.06345079071117302,0.26657331383117255
1,1634,0.4105828036470316,0.36073861643041705,0.17422755310569288,0.9544420846387326
1,1635,0.010459320723326565,5.0334040864354634e-05,0.0,0.06922904866138917
1,1636,0.0071285528925064,0.006224550091260397,0.0,0.021165623152432155
1,1637,0.12978227877086906,0.11604531718489611,0.04616406171662216,0.2945179438408086
1,1638,0.00847218858840271,9.681507375918818e-05,0.0,0.05352140666788571
1,1639,0.18948922231915044,0.16502871213607848,0.0687743666362632,0.44392182221344934
1,1640,0.005864447977070749,0.005079749430982484,0.0,0.01759266204099131
1,1641,2.130906284769088,1.9347252212537733,0.9395241435127242,4.459041095820117
1,1642,0.2766138844430848,0.26235082301968143,0.1298766872071235,0.5049052152568844
1,1643,0.1323918471146526,0.11720194489864327,0.05575701833896495,0.2944047897511485
1,1644,0.20915579271019757,0.17605757774303973,0.07295416983952366,0.5513333430513404
1,1645,0.3195690256433212,0.28076946305960526,0.12981882784741935,0.7427274123436953
1,1646,0.16895675920128764,0.13892592612018206,0.06013716478073598,0.4635166634284899
1,1647,1.8123061976583061,1.652081670755442,0.7979954356631114,3.775007876142272
1,1648,0.5507487419869276,0.44442427739195267,0.12025166875773596,1.6135323365275338
1,1649,0.015551174437790175,0.013133137924531857,0.0,0.04923762994616944
1,1650,0.09345663562283103,0.07997897133671318,0.040434516514479525,0.22781780914615435
1,1651,0.15985970226487423,0.15223076839886626,0.08157685235770291,0.2809541227788052
1,1652,0.08304973719010102,0.046322945823395995,0.004542524105770162,0.3855831240415839
1,1653,0.2591488455747625,0.21663421371743233,0.025292272416451638,0.7354585728200064
1,1654,0.0027214209796586003,0.0014105509213029304,0.0,0.013282803223039347
1,1655,0.03633844679017625,0.03301101636068654,0.0,0.09049050786987571
1,1656,30.961202447151816,25.725391946998645,7.407634048938415,86.03736966798073
1,1657,3.423907749849381,3.170346339809675,1.622703175386608,6.702937684606055
1,1658,0.1325006848368104,0.12371207561075413,0.06856345889566841,0.2378166120151994
1,1659,0.0009820437543342842,0.0006527726646434407,0.0,0.003889267048054523
1,1660,0.031045436306754836,0.028150538884370843,0.0,0.07836183838957948
1,1661,0.0028273785815468317,2.4309485740213413e-05,0.0,0.01523252124533113
1,1662,0.19355026761612365,0.16660469649126033,0.07862402861493224,0.4728454842954147
1,1663,0.8702929681486617,0.8324373262279219,0.4655474497336156,1.4909012676344608
1,1664,0.09442347355173053,0.08150137100876725,0.0394902803762524,0.2108118169025422
1,1665,0.21239031891825758,0.17401683513130128,0.07482603443358592,0.5895054810554565
1,1666,4.225838934237394,4.00847293669748,2.1991062174197133,7.510375035873659
1,1667,0.10337842351435118,0.09486078576550702,0.03394778002874002,0.21312885338694504
1,1668,0.2727473448979005,0.2590228928710913,0.13330187427404616,0.4894966889764933
1,1669,3.368411561273684,2.7338284037412355,0.7595425717257591,9.73308959143846
1,1670,0.36242893037635593,0.31903045145318104,0.13358649440595669,0.8416651230188124
1,1671,0.36845287943708144,0.3492060112796801,0.17860730523503085,0.6669906701199539
1,1672,0.09030251859264632,0.0744201553651652,0.0,0.2858297108074483
1,1673,0.5989293138267022,0.5286131829315864,0.2722743591747776,1.3617689332797551
1,1674,0.6636444055805893,0.5708048860070483,0.26304701092279453,1.6200001070413168
1,1675,13.22846642011919,10.937390809288287,4.495319840788104,35.56679298879094
1,1676,0.9192164131242397,0.814734822498126,0.4245712835443168,2.0671841147898373
1,1677,0.31041497612326147,0.2802672450625092,0.13169836583481112,0.6654991682686848
1,1678,31.442126886661633,26.665152005633548,8.097320508784746,82.22406209846484
1,1679,0.17459220507192807,0.15858714281460254,0.04712290218915925,0.38556532742970395
1,1680,17.673120240946087,15.948393631655813,7.382482079225143,37.868552231537386
1,1681,0.12939170223001947,0.10573344789388069,0.05008531613413176,0.34796335249465854
1,1682,0.9453968165480761,0.8138438196176343,0.3954543523433409,2.304922723237308
1,1683,8.18928965164671,7.626818493524263,3.8635178138279476,15.747117608307477
1,1684,308.64677285185513,260.71967175924533,77.80085706084645,821.3137951227876
1,1685,0.03992296705217018,0.035893774595836855,0.0,0.10776156016845954
1,1686,0.13974269085200583,0.1256360508403499,0.05933804735971687,0.2882895188822211
1,1687,0.08790621779876999,0.07147006168383192,0.025260901118305958,0.25339055519540465
1,1688,0.07206414488807163,0.0683733617844434,0.03494815476084126,0.12997256198161108
1,1689,0.22365469635444343,0.19536508729410929,0.09846989140611247,0.5202689639025345
1,1690,0.5249021079203173,0.48373647677131054,0.2523145429365681,1.0388221418995143
1,1691,0.04879114080896655,0.04522686805265435,0.011142296206054694,0.10664824634674479
1,1692,0.031177776973769396,0.028901932843197857,0.00520044861174246,0.06974674474943392
1,1693,0.05684704244474337,0.053125006511596004,0.021320378492003984,0.11282333047951253
1,1694,0.0013025589363286007,0.0008842081747292676,0.0,0.005031546054878251
1,1695,0.026698551943690144,0.024601271459779674,0.0,0.06492275554419703
1,1696,61.982385084965365,53.47859346096214,16.459243480091942,156.64388452163135
1,1697,0.22571884792408303,0.21029091463983535,0.11496064886961212,0.41448432515701306
1,1698,0.02027261121645053,0.01853797573538464,0.0,0.05206693467633444
1,1699,0.025711212110827268,0.024040636873780573,0.009811026600954108,0.05123907844684855
1,1700,0.0809267077659627,0.06794516210321974,0.03297761592216668,0.21008820468166783
2,1601,101.64033930565763,90.91671082477237,62.39466701377109,209.92248574058797
2,1602,111.72310916602618,105.89663466895902,72.43163021199612,186.1129182363453
2,1603,96.36687073496446,84.9369282369203,48.83515036159006,212.0733580989144
2,1604,41.40859493227741,40.11871646253576,24.2811800781787,65.61890215700674
2,1605,103.39255096516833,95.26214257318082,52.25106787243176,201.77373935567564
2,1606,10.298930525673828,10.166859231130845,7.248034278753792,14.078227375407545
2,1607,844.5250131748802,807.2673430492155,460.6024404635538,1435.9279388961481
2,1608,44.26885553866635,43.77787490863221,32.622552791932776,58.649794991607514
2,1609,92.07110064927733,91.09976933298181,68.35341633615667,121.31943393273419
2,1610,11.931886797387463,11.779831843718483,8.443951453966697,16.282749268574207
2,1611,69.84803724043394,69.07062061376317,51.36016987540161,92.66213148900522
2,1612,342.30426125817394,308.7653742791723,141.23951269990746,739.1006181453317
2,1613,20.43239732892549,20.16458625907906,14.274900187561679,28.15762170200918
2,1614,90.92576231783981,89.96277023975814,67.18073564637497,120.17488162311095
2,1615,1315.517486148151,1274.7288237215512,851.1328138166243,2010.6164824031553
2,1616,976.3707386362099,938.8876540124942,554.2713281252945,1613.7536354546614
2,1617,6.730611646977554,6.639687406585168,4.649266905323576,9.34262523768529
2,1618,241.4141518738373,211.05286659858047,108.49999522601613,552.4824802154906
2,1619,6.659290911914881,6.57129729371402,4.646650820194115,9.171385877982509
2,1620,27.802911034107794,27.468930703030843,20.093443022903138,37.39509372996015
2,1621,133.501454587284,129.38697346128137,93.49316161662395,198.25612371044159
2,1622,87.3024624136346,80.43961359110858,46.65296618769348,169.0091471153241
2,1623,15.905777239844028,15.717018389063147,11.516949550519849,21.365322209248934
2,1624,607.5137807183371,559.338767288302,302.9200357344198,1195.5685499873061
2,1625,586.6272921120955,561.6303921841522,326.5453780679187,989.2905207297459
2,1626,12.958315926838406,12.786296976409204,9.054276285225026,17.836956241748325
2,1627,237.33519364200615,216.85413870353077,142.79357640466796,454.73137213928845
2,1628,14.846364749713173,14.658250053402007,10.598974036435713,20.147429645613617
2,1629,97.38744372403123,87.20986330998736,60.750647863957425,199.87911089570872
2,1630,16.998212234686513,16.77362165722067,11.761429234408986,23.554383798242426
2,1631,60.610835452194095,56.29973552820012,29.09550315929234,117.24087625611989
2,1632,1244.2686962560836,1191.9354047108259,683.1007929565312,2108.8183630890753
2,1633,37.910815126569815,37.469476573045576,27.600876825460645,50.71062581415718
2,1634,218.29595283335414,194.23484825081476,125.63547314089543,459.455316538963
2,1635,12.328981817634153,5.841183887100678,2.6303900600733163,60.67981870718744
2,1636,31.168169001315377,30.779507984950563,22.373977522639766,42.172765467892894
2,1637,90.69031036627392,84.28135491284084,49.60586502074583,169.70763096171214
2,1638,40.042957009225574,28.30751887983829,13.88900245011108,138.12705934131432
2,1639,93.39924853473379,83.65492926893464,59.61845772676557,190.47010831962575
2,1640,10.719678945415922,10.572614870943067,7.397830818653553,14.878705079952372
2,1641,719.9114301578165,670.1802061871336,397.6442582002602,1329.3484393763024
2,1642,80.61470748647864,79.8090806695564,59.68638963869779,106.47628159308742
2,1643,84.83394049435633,76.53477707302436,54.28019518718008,169.5925567359552
2,1644,95.60778562594926,81.54097399688223,50.89385801611824,225.93768129054732
2,1645,140.6638289559721,125.71745556949065,85.50989172537278,290.9963960254463
2,1646,41.065264758658905,34.05940837300352,23.004037863857228,105.07195208607615
2,1647,546.7329682396278,510.00240234798446,306.36634412288095,1004.4037295763734
2,1648,68.33513716314587,64.6670654294281,37.38892267225259,120.317729545358
2,1649,29.15203520877639,28.80906990617397,21.24566324816306,38.957952308985114
2,1650,59.81795463453453,51.73525905534491,35.963982980999596,137.01542514726816
2,1651,45.742997637058,45.23312254967236,33.504268703439855,60.92017728342364
2,1652,24.219832814959855,14.454360515073976,5.69177433199113,102.54666803829514
2,1653,210.00681916157797,189.23102118269907,89.9174959361612,452.46194248137016
2,1654,28.359682551651346,20.71584240746386,11.71760813903068,92.78626234988522
2,1655,7.951211477260115,7.838527272779451,5.283754227737921,11.240588740050933
2,1656,1536.697659220206,1477.3528889088952,855.0260104563869,2556.3398258430716
2,1657,377.1872058754541,356.62035622581254,230.0292513320675,643.3716782758643
2,1658,48.32086539263677,46.38867307391139,34.42217923863803,69.108550994273
2,1659,3.0393381274816353,2.994318262722757,1.9512485302430917,4.384302252439017
2,1660,4.8783062801928905,4.8097045067974165,3.297611714740082,6.839305777721097
2,1661,3.2275650914673695,3.178673183531835,2.0608700833083615,4.681012489916121
2,1662,61.13631131516357,53.296226436921174,34.751654921134964,136.22944165935255
2,1663,75.85723900604282,75.04458328439492,55.61015082895724,101.15433784046643
2,1664,17.331697149959712,15.3396953637024,10.868693693036477,35.52414479643215
2,1665,33.640990985608845,27.837015401896473,17.277220012880015,85.61638587758799
2,1666,498.1018165521658,484.0098336714981,339.31005750300017,736.9608353318386
2,1667,51.741371275297695,49.719269683341125,36.82804253027569,73.09118284862288
2,1668,61.716986977203135,61.03598873542721,45.78941752627329,81.39722887499236
2,1669,274.8597026122117,258.49957927927034,142.63379721208278,501.1179755405215
2,1670,182.3878277396841,165.18225370058565,84.41352668650015,379.5494452800376
2,1671,25.91526892049962,25.605852630136077,18.730932324093978,34.85871976344531
2,1672,78.13710687548917,70.14384336601452,41.731600333461095,162.0406669329804
2,1673,100.01819400156641,89.12178891117179,59.7363838015782,209.72694707575369
2,1674,87.17686078373087,75.91527181894213,44.669671167933046,197.40106238521844
2,1675,213.18653172305125,179.26326154725558,87.08436682589003,541.2410538123715
2,1676,93.11100828339747,83.24344317621245,56.30879767194036,193.75885015423182
2,1677,103.4983445485257,95.53260674413445,65.82391278224247,191.8692596283066
2,1678,149.80753435900792,137.47986558428556,70.76624620676353,302.41889900088006
2,1679,66.21923923452938,63.01249258418563,45.6628171802195,103.06948589632354
2,1680,418.42843904140136,385.97591660732155,213.22404070681037,811.0950570171038
2,1681,20.462402867402485,16.904094938953037,11.477983123897987,52.25109998114736
2,1682,71.20609392704503,61.897265412633494,37.81847629112325,162.3801762979639
2,1683,516.4158577884019,493.1514920296748,306.1182283355822,860.8851597200226
2,1684,6367.62750246438,6167.408821225032,3708.3892677710523,10180.55762849369
2,1685,13.218904318301353,13.049561381847584,9.359919267917427,17.99676017173551
2,1686,49.221628802914225,45.65505023536596,33.2741029151826,85.88347167479976
2,1687,36.09313753910612,29.74001071200285,19.108921051574264,93.60473662408397
2,1688,19.884152536228797,19.667581145735404,14.584154959553898,26.426226772003435
2,1689,51.01800694588281,44.83913592065309,29.800793115039887,111.58684540800832
2,1690,216.54794196872663,203.74485323737144,140.0604222511316,373.09159225176364
2,1691,12.415440901278401,12.258751028116693,8.913567188269957,16.770232733212325
2,1692,13.871854423587681,13.70024308029755,9.8972226297252,18.8580645726603
2,1693,15.135629271503966,14.9556456454047,10.879888096478814,20.431321904149627
2,1694,5.354617479666052,5.2797311518445476,3.7259819993641017,7.39544549437716
2,1695,16.413776773673508,16.231823321962906,12.041380288366891,21.843558691063915
2,1696,460.1617724738802,440.12982455963544,250.61468778642922,785.0521513251338
2,1697,73.00559460020557,69.89310585591774,51.40963314901991,109.62633757167318
2,1698,22.935631931243716,22.682271707400155,16.76295210362324,30.551644190176944
2,1699,6.932677269460902,6.845487527684257,4.907626868498014,9.45386261906226
2,1700,27.399756202005996,23.19189159638074,15.773951589874857,66.58379006118025
1,1701,0.3836322334130832,0.3549776555411065,0.18209990394214928,0.7512017468913408
1,1702,0.0028918819374797655,2.0480269894248536e-06,0.0,0.01558552545927476
1,1703,0.41164426763062234,0.3248763292399902,0.08409482243074022,1.2501253196708415
1,1704,0.1821837221238507,0.16137828481200636,0.04403389887364909,0.4361152299723472
1,1705,0.5255660583594773,0.5030945225655846,0.2841034904116189,0.892528321810419
1,1706,0.21118610148123967,0.20061202316709825,0.10345311800748098,0.37967236975823293
1,1707,0.95516195696992,0.8616761866144964,0.3784908773006167,2.0787497093410914
1,1708,0.027654732075854963,0.023634181887040973,0.0,0.0851234501301694
1,1709,0.20701783229552503,0.19658054359629445,0.10173755386022146,0.37161755396978496
1,1710,0.1877353161075779,0.17124768556708544,0.09200871433772968,0.3763349381057907
1,1711,81.44052771131652,68.03367727860982,20.07785286156426,222.8342266689314
1,1712,2.6752900615573365,2.512209265910222,1.3422024979626326,4.945080719944192
1,1713,0.006235535761916076,0.005460396848531631,0.0,0.018315795104468742
1,1714,0.046595340000695325,0.042858448609173885,0.011917133579194937,0.10319449803054832
1,1715,0.004045332178733395,0.0,0.0,0.02212739835179597
1,1716,5.184934825544654,4.857156404864828,2.5981295675735057,9.685320190211641
1,1717,1.0665720388495965,0.8733756589216652,0.24694925071633292,3.0337951532044025
1,1718,0.7632885107215285,0.6989329328778026,0.3497549306419581,1.554959446825141
1,1719,0.044412893969780924,0.04154831215040625,0.011165272679216033,0.09412901731660922
1,1720,0.26465165728251344,0.238463646604375,0.10697237847525135,0.5763678426817022
1,1721,0.08589037652034644,0.07493340267937873,0.008924260614503588,0.22508280920964843
1,1722,2.3799156994810033,2.144504307497357,0.98321136452532,5.140478005985751
1,1723,0.02451855970164199,0.02306536662503682,0.008961089167289207,0.04853228099557218
1,1724,0.09530521853217297,0.09059551156865556,0.04805021885693632,0.16946355216049144
1,1725,0.35568386879922853,0.3287989104495457,0.18214447836248532,0.6736327572676399
1,1726,0.09338419980201855,0.07992206731824242,0.027295235648931566,0.24006289223840907
1,1727,6.5784198305614074,6.1845106830577805,3.389648294523262,12.060832749984764
1,1728,0.227681961173976,0.19498808726323089,0.09662077780862743,0.5561891171474067
1,1729,0.7229030266461729,0.6255315350985946,0.2572536433472181,1.7860691473703365
1,1730,0.12498786729020428,0.11932668175660606,0.06509467223686466,0.21768284408785546
1,1731,0.002454150495351031,0.0,0.0,0.0130146844020034
1,1732,8.187922943785495,7.3256118666626175,3.1581377337108836,18.213984221333362
1,1733,58.40209398116113,48.90391264860219,14.468320713086774,157.9874740785473
1,1734,1.4606602815341159,1.171162511410281,0.3153514277663858,4.3095036780897775
1,1735,10.53272454158898,9.645327458702411,4.784528649902463,21.52372682737246
1,1736,0.9390219517509851,0.7781403525285024,0.2266168824988787,2.6030679432687327
1,1737,0.15111784014141627,0.14366738592471434,0.07605525003316921,0.26858127631621886
1,1738,0.06521108619915948,0.06199948323073277,0.03267719861942244,0.11631456419921327
1,1739,0.020035459220118054,0.01811789657521194,0.0,0.05238278676307795
1,1740,0.2651292189807816,0.25381710634241955,0.14287580832883087,0.4510951243717834
1,1741,0.062460504917527866,0.055224646785273536,0.019108537817382764,0.13957562551575864
1,1742,0.013890208949997755,0.012146898096096405,0.0,0.04016436675902362
1,1743,0.16654586553073955,0.1475644831038344,0.07355608536928641,0.37748466667378755
1,1744,0.07734982570726431,0.07270650623486023,0.027501163043894564,0.15367067044003346
1,1745,1.0199588454677126,0.8430166376680361,0.24294254009561625,2.849359444798235
1,1746,0.8526627244243489,0.7904808796140059,0.4199438620226382,1.6510434614625313
1,1747,0.1496622221369796,0.1285332628863972,0.0641187803438367,0.3674593750892911
1,1748,0.005826989126836641,0.005043995562174903,0.0,0.017553424689458343
1,1749,0.7702382024138427,0.7192402055064524,0.381302383910659,1.4608689821798115
1,1750,4.262909046833162,3.7704277250644798,1.5636244612813943,9.83407252211497
1,1751,12240.66503677075,11999.362739938473,7131.936615977877,18731.420156636912
1,1752,8.099820629551884,7.168746805805233,2.9232838761671056,19.007302434656527
1,1753,18.110638229545916,15.873530657124105,6.528233655600291,42.73713603702667
1,1754,0.516146965359976,0.41738307243697254,0.12360920181181215,1.412300523717674
1,1755,0.022939816590591328,0.018967950993942603,0.0,0.07449261940050665
1,1756,6.501062192339018,5.556868585988642,2.132130785629123,16.426425664966434
1,1757,0.9928675882532485,0.8144643350312322,0.37177145841482506,2.6957665314161297
1,1758,0.7528408122544987,0.5056139032260967,0.07289835874567431,2.8974130967942417
1,1759,54.67290394589247,45.432258708453006,13.070544303103402,150.2302780836402
1,1760,0.6072778691494789,0.5651743362809674,0.23441288112026365,1.2231977239254923
1,1761,17.083662321040407,14.433168251458767,3.897234450303752,47.293904192260385
1,1762,1.5157476089997024,1.4522669996596007,0.8215166025958979,2.5665034798178645
1,1763,0.4514431576564151,0.34850307879664744,0.029375840201787327,1.4848304979920357
1,1764,608.675866591895,521.9477398503727,158.78997559087944,1566.9867858140537
1,1765,1.3854000073157176,1.1857881604565355,0.6201797940318682,3.4089434290623344
1,1766,60.318002311884726,50.89175244391629,15.07342861706158,160.32171077758483
1,1767,1.740723142088275,1.6235566919991284,0.7996436617966155,3.3480141277621844
1,1768,1.3347910963274217,1.2345670657687604,0.6032263309717718,2.6328620699537177
1,1769,2.540064373173359,2.4005422899368716,1.2730481757927856,4.627984858836297
1,1770,1.4759347783788699,1.3772185359292126,0.6868946732916189,2.825550735146182
1,1771,3.4569641552177233,3.2734949368868795,1.7470519316533855,6.2279996077743105
1,1772,157.5840448415156,131.17543599553878,38.4882520279073,434.508520924917
1,1773,5.397863766692234,5.129768939043198,2.778540246778478,9.580372531790983
1,1774,171.8080169131394,155.71512838789715,62.98251026266087,372.61819082738344
1,1775,58.84264127432583,53.07360716201238,21.214527391438175,129.34318389978156
1,1776,1.5205728756823167,1.4282211257990243,0.7368020336489797,2.8359645554975605
1,1777,210.47132428944028,179.07452122807507,53.76400120092292,550.5022140114164
1,1778,2372.818675429305,2245.8255356691534,1029.1721746848561,4402.389392899759
1,1779,488.55129212329115,451.60953626242656,192.49754218657827,995.634494169273
1,1780,1346.4723535134117,1267.0897882983847,568.1378117277441,2575.33410392697
1,1781,25.503917439813343,21.212418972838975,6.206314384041657,69.95918897441884
1,1782,181.77626340197216,157.78922271614687,49.151677823580776,454.41424557904264
1,1783,3558.4695705344834,3468.6937621539964,1984.0546807042817,5635.3019492423045
1,1784,296.0273728490324,272.41926067837665,115.30911242001304,609.5468416124423
1,1785,5621.107861937432,5518.107815104861,3418.793727301127,8383.572907794596
1,1786,170.59789415398345,156.7990218414239,65.47036167171403,354.21230587633244
1,1787,329.40357066819496,281.4159801610152,85.06763734239357,854.252522023983
1,1788,2200.2369785887086,2086.3260880530374,958.2052743957784,4077.49347131351
1,1789,1148.7143415234852,1069.2652477158867,465.52243725494407,2279.366521166025
1,1790,885.4206511449576,829.0847408537797,366.1314674457389,1723.6104796791476
1,1791,784.9767918988207,727.7196695577543,313.22889593440414,1586.138520639787
1,1792,2171.365133638616,2112.8195097868124,1106.1290278856502,3564.9905639156336
1,1793,89.28421315520191,82.29094814138134,34.61321598136193,184.75522258656545
1,1794,709.4576429899694,665.3060068745065,295.73465837936664,1371.412003327549
1,1795,214.6875468386759,198.20430342446463,84.17708918394746,438.9162062704479
1,1796,2355.546963442558,2270.6312625593278,1124.484573048038,4053.3309703988643
1,1797,49.953955536849435,41.78387768612558,12.210904630204102,136.54763575218809
1,1798,1996.9273815511274,1786.496324775877,592.3298471620583,4595.27180762269
1,1799,1.4421565608123306,1.1984038907567964,0.32074391077189085,4.0109044928501065
1,1800,91.52700167132998,85.44320688062102,44.229667038790204,173.6781632130458
2,1701,103.70225772106768,98.31105215527805,66.34643286728343,173.81721960895277
2,1702,5.272603010065066,5.1980695023097585,3.5117002194632603,7.479926776226426
2,1703,56.87697719506468,52.898501252378395,29.102825285623634,108.50676997566248
2,1704,62.52300523611296,57.23245150200574,40.80102644865781,117.88167037756442
2,1705,49.422281324394795,48.8333320169027,36.13514880873567,65.86802428557993
2,1706,46.65944394821186,46.15567697290754,34.391390313496395,61.80170569983724
2,1707,175.82396693254213,163.13697042783053,87.76342156893017,336.14397387639696
2,1708,7.521122688731992,7.41687127909481,5.12095977272972,10.498391503318418
2,1709,26.728510227212812,26.412332197080907,19.41242063543588,35.79814531399818
2,1710,71.29348645691762,66.28971173023419,47.75403217367919,127.50911192316669
2,1711,3067.0079512980824,2967.0998830853405,1775.6214482064863,4926.445008680728
2,1712,372.92717354096914,358.74664483394093,242.85128025771067,587.0030077729318
2,1713,5.862148877978263,5.785784717269231,4.051283776650778,8.106120072562938
2,1714,4.8839848393868595,4.811248743236375,3.2879716689510596,6.898559943370122
2,1715,6.167013772784296,4.027371284489467,2.4538146020628053,22.41550214783291
2,1716,367.0604254204855,351.41253306743477,238.15334020140884,589.0867207717396
2,1717,58.061462231255575,54.764451163751836,31.434940270176458,104.04600471652617
2,1718,62.401966524783965,58.47961687720861,36.22843192620861,111.60344793841877
2,1719,24.8242276928467,24.5406861997763,18.175051853369403,33.07650276220706
2,1720,86.9730950027431,80.58710023397208,51.55224509114027,160.6047071355004
2,1721,54.61374136617697,49.912000712681106,31.21688700409729,105.9801102694114
2,1722,284.79706773184677,263.2361175891705,146.6450462447128,550.229476377332
2,1723,17.961898225893453,17.759856413522535,13.089746493905821,24.050615179511876
2,1724,21.144096547014243,20.90719505506602,15.440311725817645,28.185418789249027
2,1725,72.95234035781255,68.83013761389572,50.071215980957135,120.58463375564506
2,1726,77.83684383352615,67.86688675377923,45.60685307190066,171.20503407118954
2,1727,317.249828104542,304.16968407239267,212.78037236012898,500.1918659813869
2,1728,57.18039570317192,49.32954058064675,32.695490196744736,129.84616037901696
2,1729,137.9100173819035,121.3066181430682,74.4784537378872,300.90493511388917
2,1730,58.60028226289232,57.94393119807786,43.1827374391703,77.71394486818197
2,1731,9.571463537152763,9.445782897529892,6.88004559330912,12.949235317622911
2,1732,312.01133099369673,286.03865626682443,146.36751391065346,626.7729263068533
2,1733,1597.7901524180731,1542.728896461354,917.6074590065068,2583.651127068792
2,1734,190.3061907942694,179.06953018822304,100.7221308023225,345.6333267902129
2,1735,469.72732474904814,437.82920715060266,268.6293993815996,853.6117379539203
2,1736,107.3634506408967,103.79100674911012,62.998753103860885,171.14858733557062
2,1737,37.27843298974926,36.87529879749127,27.398508976067276,49.54311901142525
2,1738,22.377831278405665,22.138480530309984,16.38679480762924,29.840725325325753
2,1739,8.123082012692159,8.01812261265109,5.636543814867277,11.231701153346236
2,1740,42.747755095747806,42.277914200994424,31.42962898463369,56.63771152264846
2,1741,42.0790350512736,38.70939596574529,28.250565054869554,74.42457973511945
2,1742,4.6292283045690885,4.558462015258849,3.0082650085341003,6.660210146110739
2,1743,55.501661918912454,49.68892729319248,33.994230615267085,114.16098868999194
2,1744,29.818999223140796,29.48772742908786,21.956803853790767,39.63168768291425
2,1745,108.28425681877353,105.04757113535453,64.47710910082407,169.98115107325867
2,1746,98.86713161199607,93.52730632629269,64.09778603282558,166.0751650742019
2,1747,36.323504507127225,31.39866306209148,21.187035513737438,83.13727074578017
2,1748,6.133193687280508,6.054959788294804,4.285422851453844,8.444601990498692
2,1749,148.01266338783913,141.2052612201354,95.57456464376138,240.88796644197765
2,1750,355.1696474411681,325.8490169740433,161.04045591106888,743.7037540654659
2,1751,15687.134930187907,15420.739410197675,9890.664324152553,23002.711661074332
2,1752,760.6852151722362,697.3237835352344,336.5263608478656,1621.7485300968112
2,1753,738.0734067890969,670.837522593973,327.04576216127094,1589.4841437992116
2,1754,8.848692785405044,8.710860257554824,5.122579411813262,13.395611452066527
2,1755,11.68752256011231,11.501940670824622,7.211140324766568,17.222768546313365
2,1756,263.14045559354025,232.99677593197833,105.17245829116897,621.1314613914543
2,1757,60.455272858893046,50.25482721055103,33.118111819137134,154.28101815377866
2,1758,163.7245968965429,124.41383638496535,30.8833770588107,552.1022275156615
2,1759,801.0478481544378,756.2191509299118,410.16680054351923,1450.2923750525383
2,1760,32.084097409769214,31.61687405101796,22.03333123761285,44.74176266735545
2,1761,1281.1436466708906,1135.4630969393995,353.9261144584936,3288.8751954371537
2,1762,69.24492548739785,68.46095392365334,50.388094297674584,92.7212688106902
2,1763,24.831270089595545,23.997211878734575,14.22405126846035,40.200263515110265
2,1764,6244.439214794508,6024.944971476059,3515.7620914990357,10214.425924263904
2,1765,106.97384637990083,92.4046265091421,63.41292820083529,247.81806657381526
2,1766,613.494678381313,581.5730149118363,322.32907215849,1083.8863475884962
2,1767,1325.890959743489,1281.9963599019584,822.8533542532011,2075.0845190146306
2,1768,955.4321394444281,911.9494730680019,573.9705926356243,1586.237152913005
2,1769,1240.62453267145,1205.8989286758283,809.5266670172985,1869.7493802662934
2,1770,627.9481116830523,604.7031069316852,388.54950098776936,1001.5900368649017
2,1771,1701.7767407369824,1658.4750361933238,1110.028981764832,2542.1591035819733
2,1772,5935.868203096705,5728.998487373241,3357.973244777669,9681.80442667072
2,1773,2756.943406430195,2699.225346570958,1850.6855985499046,3985.1801364071266
2,1774,4617.271925144419,4533.206352178397,3074.1939868409704,6627.3859227639
2,1775,1735.2501494419328,1693.3195672209781,1138.3994941712008,2571.5409002726387
2,1776,745.1164302967588,722.2472321857756,477.5872173218133,1141.2812912524598
2,1777,2896.086387411498,2791.9169803321174,1639.1627287281453,4741.44416775699
2,1778,8902.328884438313,8797.031545146992,6056.8550688836585,12372.449120907291
2,1779,4812.86151951007,4753.890194583325,3416.5293212280635,6549.293425810518
2,1780,6120.765249912636,6034.494736380762,4165.945222426787,8546.318583459655
2,1781,974.2905312185683,938.2786909295537,552.0801131057111,1600.5334402126878
2,1782,1203.1997420349483,1155.8065474460504,659.5971838946596,2012.9786819361416
2,1783,6103.830714261176,6010.8115282182,3974.816593739963,8761.639214750025
2,1784,3537.1265778447782,3492.4913911424383,2504.8112976638586,4829.630931554392
2,1785,5036.00982065318,4930.6440855549,2991.995648231157,7712.714950367723
2,1786,1841.540597845516,1810.0658912801227,1260.158428740628,2605.702091228328
2,1787,3836.1075228003456,3701.9847355012653,2178.4793021925934,6263.013684207779
2,1788,7881.105700268842,7778.2418219503215,5302.285497959293,11041.490613218766
2,1789,8072.881513501633,7974.170161617023,5673.823682583087,11040.054839339524
2,1790,5027.946365625293,4965.130131239049,3507.795649244138,6902.646258721798
2,1791,6620.446992592888,6535.926867164906,4670.830428590113,9038.418935520924
2,1792,3072.848969231666,3020.4549697759635,1811.3558428557842,4636.156046539653
2,1793,700.7308382792173,683.7795202544781,462.8455573046525,1036.287535671911
2,1794,3546.3320417054574,3497.5820860430276,2429.0512118673037,4944.3299879500255
2,1795,1819.0794738938077,1787.2114467376275,1228.6467629027306,2597.8083864790174
2,1796,4726.040352541318,4658.0297389851385,2950.294712773761,6896.382713833502
2,1797,1236.4836363459735,1189.6740076450565,690.145715022606,2052.011035424291
2,1798,7816.575406093719,7550.682353748213,4224.086778887176,12937.511377010538
2,1799,112.87295720188872,99.58395584121652,47.096696733376675,256.6690829609006
2,1800,966.406301983764,920.3354336855537,570.987052299512,1623.804984920758
1,1801,8.523646276082047,7.98023044069072,4.461977702889727,15.635177661787404
1,1802,8.771245505306942,7.775051971085533,4.08593787585848,19.691517814925117
1,1803,32.90936466719149,31.003286416392037,16.702959408674875,59.835186937131006
1,1804,2.071552415872621,1.7253097823561854,0.6866705512501617,5.467322294438797
1,1805,1010.73502928699,923.045609053738,331.33477042235876,2193.1604108040497
1,1806,47.13388109109836,44.26122047482014,23.839623876105343,87.04594304905241
1,1807,17.842001786981214,16.717876727774165,9.100270998276763,33.17427290779421
1,1808,10.590135315236267,8.955875955233738,4.195235795046705,27.187790745397205
1,1809,1.6441581904117868,1.1535008701321612,0.2586640402378246,6.013799256096963
1,1810,4.662230288452479,3.9858991887658552,1.9799231188102722,11.438280142731374
1,1811,86.7568222673505,80.98089230697215,43.50392619867787,163.51538307489733
1,1812,5.7245603619608945,5.397588738318964,3.056911071732499,10.123221670346517
1,1813,3.0405757240462075,2.832126073769612,1.4978228248993106,5.783059261526048
1,1814,43.261222365525505,39.56947610198635,20.148099550682876,87.91195822933065
1,1815,7.410562584234084,7.00347532323333,3.7861930798908405,13.384522863979258
1,1816,18.17276018405795,13.528951689083073,4.782570140967514,60.7544458460081
1,1817,43.080284250102565,40.49195393242218,21.371411057613546,79.55460881341001
1,1818,5.537805802582966,4.779039649025799,2.389112367318651,13.377468661345546
1,1819,53.59324991618979,50.88908752616971,28.785207320958833,94.07160252116994
1,1820,10.608915728237731,9.757926457154397,5.167691059187711,21.094528115662012
1,1821,357.1768026700434,312.25016370066663,97.73354115097877,877.5705726342261
1,1822,77.34761800122283,65.47356603138142,19.588404034674138,204.12943414312818
1,1823,79.01287579500179,74.26464625598771,40.087819371959434,145.4415335366028
1,1824,621.3491716259,554.8209397154967,182.48600840521337,1444.1262142418852
1,1825,2.573519939352669,2.4684361038534135,1.4053307917613203,4.343445850297562
1,1826,11.559871361855658,10.518850592432187,5.570135651377171,23.90471879052161
1,1827,44.3349102668895,40.66070200869075,20.244246693966275,89.55946860991465
1,1828,34.85000018197453,29.501636807945395,8.768091122905254,92.25225178491992
1,1829,2.247188545529904,1.9620150505527727,1.038977070131131,5.187112372544498
1,1830,185.94725593155758,170.0131521807309,59.71407659749324,404.66696843560476
1,1831,101.61213422159389,84.67816044682826,24.944257736405856,278.6423663052527
1,1832,0.9978415672378903,0.9467197677335838,0.5032835825347771,1.782706679853571
1,1833,9827.317437304617,9690.081322458205,6497.789940734419,13920.887499726545
1,1834,43.175257654191675,35.82427790276607,10.451286078350847,119.33473965098987
1,1835,1.9393542850428962,1.8466567697028209,1.0218981946321435,3.3894220957912276
1,1836,5.308472444593714,5.013415103552674,2.659121200353312,9.64268234745314
1,1837,18.268275257140907,17.398639022811558,9.478753975278916,32.178952081842525
1,1838,11.429996836098463,9.454309550942517,2.72510456594577,31.838032632514338
1,1839,1.45281776238788,1.3610664915245843,0.703923549368226,2.722734377252332
1,1840,5.595183655534047,5.281199919885748,2.7976829615092678,10.215491152710287
1,1841,13.553856586458224,12.871859363146196,6.969132491995096,24.100994016228952
1,1842,2.781844800883187,2.632887283763845,1.3987224485589638,5.0255529533482255
1,1843,4.220241921603035,3.9592822631662368,2.002320976408961,7.926998997797172
1,1844,220.0919687950384,185.73485793721377,55.32673351692144,586.8731298991457
1,1845,1309.9912911471433,1245.6996785406773,621.3493813844858,2364.258680567566
1,1846,1.7761935282875358,1.6756047382194912,0.8887945806226293,3.2398400558487226
1,1847,4.043115155502339,3.7707473177901214,1.867448106674139,7.779724152897673
1,1848,4.607973193826199,4.2792057406435635,2.1132963399122353,9.008259577477189
1,1849,3.501917340033849,3.3033189879528178,1.7557654641976288,6.411807850675531
1,1850,6.48429870536306,6.127423481493814,3.253109527841476,11.7311148032709
1,1851,0.05898490732120036,0.05585515218928949,0.0281595631989828,0.10746416997241762
1,1852,7.2575733837186975,5.969393496815827,1.7052708201864242,20.363818558761878
1,1853,42.74700960895523,35.10712636372898,10.009476412418461,120.37820229244974
1,1854,11236.349670961783,10904.510611794665,5982.223881865128,18340.070933630206
1,1855,0.41785210907142595,0.3954262650888297,0.21366844733859686,0.7498714225401231
1,1856,33.34700376961134,30.11630554741989,12.252384942688314,72.61609540681205
1,1857,4.270096990265718,3.5281809836974567,1.0225176922478305,11.938147770305406
1,1858,1646.616871437484,1575.9282769203107,806.9109174415397,2885.2580666860745
1,1859,8.975313788285476,8.415489137459831,4.410517748637413,16.7635480553755
1,1860,2692.3657669995546,2537.4893984730006,1141.622871420076,5119.455624674109
1,1861,14366.23935061105,14001.906730597511,7934.832544540442,22836.29145626005
1,1862,121.19971499060453,110.37904367116391,45.44217905176289,259.57345960553033
1,1863,56.12190098451315,46.729502425315744,13.686578560185188,153.77786083286298
1,1864,102.22438835066274,85.34387772783376,25.17891581135717,279.56200683669994
1,1865,142.1563384659677,129.31314606428992,52.45267346530845,305.78471533496975
1,1866,309.26974196420326,264.56476942025995,80.72194585910869,797.6447664115044
1,1867,35.61382223106545,32.2523732433085,12.90025502960066,78.0444254020364
1,1868,11.949726077030553,9.881778849056085,2.870174271752325,33.26883728503497
1,1869,4.691257144130702,4.437331979396346,2.35537734437292,8.491413402272105
1,1870,296.72701881745303,277.7503500708096,122.50779566974116,578.8277522223212
1,1871,12173.878934497125,11912.540443214613,6948.393419095681,18870.079004976807
1,1872,39.26340739117025,32.664904271703335,9.548277785539879,107.92625613887441
1,1873,1601.5263352121626,1550.0502742744068,843.6891552396168,2648.437143396551
1,1874,622.7258367415957,587.5908174701165,266.1898033150024,1175.7679257446205
1,1875,4.013847697262984,3.8203748259451005,2.091469879667488,7.0483794967815925
1,1876,37.478065126685166,30.98205697882745,8.874801228549286,105.29451112921629
1,1877,45.96395182610888,38.0373393870082,11.082806662701453,126.86556156241394
1,1878,3.285518760314234,2.677493443752219,0.7563933278884477,9.43449353437705
1,1879,0.6455086383293142,0.5887119549913866,0.2728980538874518,1.347737631942452
1,1880,2.3913466863116675,2.251873640972255,1.177240246994324,4.41813781792638
1,1881,2.261081063780029,2.1443711745919805,1.155262249701975,4.059145269739954
1,1882,4533.605425345813,4301.9588503557225,1983.6818136118975,8388.1662599239
1,1883,31.002348043117813,29.38334344270913,15.768130079441999,55.499864768744516
1,1884,3.166974090882376,2.5844230519396914,0.7252603921740488,9.057766355629877
1,1885,36.58788364943203,30.347449314796737,8.774542497183251,101.63768436531713
1,1886,100.41088236649226,84.36950501686664,24.93273104904745,270.27574179777906
1,1887,8.405348792799758,6.890652094314165,1.9436379762338756,23.859246968995453
1,1888,12.315170596709377,10.068581380106437,2.827022323845823,35.13170624686043
1,1889,67.47541809729223,61.3405120610322,25.11961300754878,144.25781773045873
1,1890,3357.867219872861,3205.286051877903,1515.137094200355,6033.239991823538
1,1891,2.1757665079901174,2.0263589165167573,1.0412763840047903,4.179693012139104
1,1892,0.6428975305904817,0.5996979048588763,0.3002797968142417,1.2349643396301224
1,1893,78.6875981553702,66.32398379043478,19.662043918752698,210.90699134320138
1,1894,6.587111097087421,5.338877568994385,1.4789370626003318,19.114794233859236
1,1895,2.122948518852158,1.82598536687949,0.84091050188403,5.176458610236655
1,1896,6.007499131331225,5.423351862930891,2.211647416035067,13.095067359103545
1,1897,1.977920398008515,1.8260285731110195,0.9221595540856447,3.9181269641887577
1,1898,0.7528835330938711,0.6974216049416436,0.38486989600407473,1.431411677452096
1,1899,4.810241656822382,4.434037516183102,2.178356527756869,9.61845491589626
1,1900,0.27020776288276427,0.2573336456110846,0.13858771142529405,0.4746997864011364
2,1801,223.0005290241791,213.00185479831873,153.7139197729567,353.2663974835938
2,1802,137.6472118453249,122.85345465306128,81.36924521119884,287.20008108583306
2,1803,568.8456008722064,547.4914313123925,365.6132461123757,898.6730915384102
2,1804,13.353090920902947,13.169195153383113,7.389643922018295,20.463327711631322
2,1805,1962.315042660642,1865.1885321699406,895.7816333843942,3608.3246235264223
2,1806,678.629486717847,648.6771494803055,431.483282775984,1101.4648599040386
2,1807,292.6298222464543,278.9435908611259,189.8648134911502,475.97824838671283
2,1808,48.556739189598225,42.114290683581686,26.210969982154918,113.1972318676738
2,1809,40.46261867212175,31.325041300741557,10.188415350090418,125.52654384715105
2,1810,49.76363066304442,42.68317644029746,26.16085045371552,116.16545447155868
2,1811,773.1266364941918,732.3033035528736,480.0202703332797,1307.032283373722
2,1812,159.66796991248086,154.13677746424256,112.99120371568833,232.63718531649306
2,1813,216.60363387978933,205.47013757500932,138.79066993695133,360.54481741964526
2,1814,326.3869640349493,302.5826843921824,183.42125717203265,608.5938384428255
2,1815,730.5036253649563,707.9214591492662,486.4523018806161,1105.9663255982978
2,1816,48.87692519438943,43.304665495813396,3.4281304252009135,118.0767659655974
2,1817,994.4863897572881,956.1833079456859,625.5330494368948,1580.6792261018345
2,1818,97.07268417696349,84.22495891098782,52.9191161475375,221.10814946764208
2,1819,361.79441377422893,349.13793118731917,240.67504729911278,556.9542395669393
2,1820,183.3835157434427,170.79847960557169,114.85681297009886,329.6689293468726
2,1821,1989.2797669442589,1909.9085826911323,1066.0058834240824,3360.4779975664246
2,1822,1083.7181157003663,1042.3177785962266,605.8826585645445,1799.8512741092575
2,1823,346.33922554618425,329.6962716277271,207.39768099365367,584.1232310636001
2,1824,2412.8633944944554,2318.26104486438,1273.688026753425,4066.3787014223917
2,1825,89.70906964427662,88.65958932656216,65.09139629387974,120.18301576452272
2,1826,161.92239779450156,149.12919456297297,100.2621406177941,303.8127798682243
2,1827,584.364729097326,547.1284660395334,324.9187389750776,1066.2908496360524
2,1828,162.48260720026082,148.32557797083228,73.07862433244536,334.1403150553617
2,1829,42.71993895799082,37.566998458656194,25.374817001464756,93.34144237110159
2,1830,446.88314651468136,427.8586998261634,220.76372410932674,779.8269913308027
2,1831,4670.175193757315,4509.598498003925,2693.8398996465226,7516.726947623729
2,1832,715.5494355745487,702.6732999463707,497.13072635521945,1007.2875399468167
2,1833,4990.3722329736265,4842.754001956093,2758.149165829625,8055.062586710007
2,1834,2616.0289742376085,2526.437904257901,1502.3493562935641,4229.841846636748
2,1835,1098.8516855557225,1079.360244101993,765.6692120398934,1542.4602081805258
2,1836,1721.5902987121501,1675.418926909159,1108.8040797092453,2604.274676836487
2,1837,2462.57221254137,2412.3136934435256,1672.4226705212243,3542.4871542393826
2,1838,945.4105502025155,911.1348737636808,533.0705546696154,1554.3388676726681
2,1839,808.9939675884422,778.9014338802053,503.3608909714197,1286.8009259128055
2,1840,1832.2948383636033,1779.9696815811076,1177.2023341535096,2788.61103635997
2,1841,2897.5112550725407,2837.571679788113,1920.0589816887334,4222.204529341171
2,1842,994.4654192676179,968.106898272764,647.0358478814338,1489.8151673636867
2,1843,1207.6205245443111,1168.3102942160263,743.89273194351,1901.2894657549066
2,1844,4310.405738765849,4169.835227922091,2481.4508905544617,6949.153492821854
2,1845,11176.915296464746,11043.85842984473,8045.995168294601,15053.238627108141
2,1846,716.8468674366301,696.4300252863864,466.03035088207827,1082.7764260579133
2,1847,1569.4994044048042,1511.2360266991204,932.8590081847137,2545.2054112771257
2,1848,1425.7527464309662,1363.2039148095273,820.7327363938983,2397.2612447047536
2,1849,874.6990595764465,846.1852751762367,567.902459473328,1339.1966316693668
2,1850,1198.0220246906997,1165.4007408720927,772.3578354001997,1810.2579267625442
2,1851,42.73371111338929,42.217710554955346,31.017992973741542,57.290396827270854
2,1852,786.5004994595027,753.982390966871,434.40536712377747,1322.1456054958596
2,1853,1709.578984885463,1625.164527081231,897.9669598015196,3001.3997281621746
2,1854,27643.664667508343,27279.433085327535,18846.276147364435,38454.736883291276
2,1855,319.5001067813029,311.29533202165624,217.39502516979564,466.9307159702346
2,1856,702.461771325402,683.8424173172398,468.20118630086034,1043.642139584119
2,1857,582.0485850716819,560.9507076144639,333.8688452539419,947.6188801889714
2,1858,8729.427148058254,8627.31709908605,6207.068083079005,11840.269553875552
2,1859,716.743168313955,688.7461489871946,451.2380324671828,1146.0467504423882
2,1860,12163.633722207345,12025.300016467807,8425.280433650843,16754.70071686042
2,1861,26252.71366233751,25866.70488317895,17261.24403524252,37414.0759143774
2,1862,3076.8843548024493,3031.2568200247706,2143.0079663397614,4278.194584325599
2,1863,2582.274343442827,2491.877426668635,1482.1834446655569,4184.3718046521835
2,1864,5706.1583962356,5526.817134642209,3357.2175624715883,9021.960412177845
2,1865,2355.46434205496,2306.869111770464,1548.4288280095614,3451.7313240957214
2,1866,3628.8625659337686,3511.3737174791368,2099.4477985087883,5824.223883930412
2,1867,606.2320559719101,589.0212551701027,389.3316200869857,919.8942388613051
2,1868,1416.3879838749451,1366.7119108808072,808.7514308316283,2305.1539358745135
2,1869,1435.0454539432337,1397.4712452362758,929.7735606341405,2152.3491313757586
2,1870,1300.6009446463822,1272.8601921563813,842.6000010870694,1919.691978389166
2,1871,17974.044449409914,17692.848717518427,11561.28058145017,25992.409857641796
2,1872,2179.7797263974626,2106.2433679671435,1252.8823247677028,3522.1400973136942
2,1873,3826.321157688423,3763.8417502360035,2545.992676116571,5461.32951893797
2,1874,2579.10411045443,2545.727493148891,1759.8310226905278,3594.8428164355387
2,1875,1967.4310796976174,1929.7306492228413,1346.039070917895,2808.804536650579
2,1876,3132.6511848144805,3011.6412740955825,1751.350931509491,5219.200821776146
2,1877,1792.7566032494453,1718.717324913175,991.2658751132522,3003.4560978084164
2,1878,295.84456216748265,280.4866413215449,158.49710499306823,521.3462079793974
2,1879,418.8949133116664,393.8260955427846,228.9214576046003,755.9386484592334
2,1880,642.8370874858562,622.3037559580307,407.5459254746468,999.402029257416
2,1881,1629.2047638386998,1590.4010988293473,1086.1802185446736,2386.7668867291272
2,1882,16229.432251390757,16039.60745131617,11013.228029428275,22580.86080472936
2,1883,1901.4377982771384,1854.281145601999,1238.0872104510638,2837.3899397503706
2,1884,458.17801921361877,435.77009257133307,247.46630599029572,799.3266051646367
2,1885,1814.250381512171,1744.32786729691,1010.3052862155315,3016.6756615714294
2,1886,2477.6052570239667,2393.778394421009,1431.0125572219686,4001.506946421305
2,1887,960.2944716649929,918.0717251738934,519.1822230383744,1642.8640624824507
2,1888,1101.6704028274596,1048.0897623511555,579.1896769734545,1923.6852471256007
2,1889,1261.005478823106,1235.2448745121933,853.05272574568,1814.88081518985
2,1890,9476.906278973587,9352.29164433907,6225.1157323699435,13405.252042126738
2,1891,697.525278538244,667.1809686005162,429.84394804264895,1134.8894763977175
2,1892,337.7321449767305,324.69876049151895,214.59664006031477,537.3097292771905
2,1893,1497.2788305171778,1443.0876172674796,846.7299664261461,2453.154327684013
2,1894,407.4792522712238,381.7038796848951,208.51433878230947,754.8577816123616
2,1895,184.15305927447636,160.46443987680846,92.14733197564935,413.9697400118318
2,1896,158.59538818669188,154.4555732931787,112.50619478100252,222.43521057748347
2,1897,389.067077530429,367.6154933445099,234.72911639825872,668.3977589452654
2,1898,181.2788818790787,171.52571526969695,124.86061562935086,296.73408194252136
2,1899,834.5192302111001,788.4773138068753,475.2224148571732,1459.3840449373993
2,1900,145.09151170671973,143.5352963579894,107.32105631913267,191.65521622475032
1,1901,3.2174940809405013,2.933064562346745,1.4488318549382182,6.639668735061938
1,1902,23.510739674301604,19.55673901423941,5.764221901392671,64.6863654507265
1,1903,117.72410823213511,98.17446248537583,28.74082063128898,322.28055691931655
1,1904,22.848349218828794,18.945160984413498,5.48557204494689,63.33423820278337
1,1905,335.07402541161844,309.6481674883049,131.5420564982655,682.7032214746308
1,1906,9.911559129841553,8.270935990442295,2.4412942574476855,27.03004060024605
1,1907,3.8866276171755265,3.2271405727786107,1.030571532772396,10.632214736706471
1,1908,3.522669296816829,3.3407521257678763,1.8117634332343568,6.269084096419136
1,1909,0.7865072608514035,0.7479164815535586,0.4128901791902691,1.3840930246367702
1,1910,68.39459019890481,57.407544745498996,16.802422006956583,185.03502538877785
1,1911,44.77068471717078,37.25889822663657,10.811377906169012,122.75427505106084
1,1912,1.5888799974531291,1.451304773229246,0.6890965336081347,3.2908141626142324
1,1913,0.7528006774354316,0.6407524702309302,0.30878463417113716,1.9016525348682272
1,1914,0.21940942742723593,0.20798599896771683,0.10346730158386468,0.4011917926768615
1,1915,3.447493576823953,3.2766001509077043,1.7897100316894798,6.094140156137165
1,1916,2.6420023624740834,2.4903572198945443,1.3354344558944906,4.791547478243419
1,1917,9.91924072477641,9.409334418856083,5.118349751520716,17.663797892931214
1,1918,115.50242013847705,97.25503609966383,29.063930851062672,308.04205068738696
1,1919,14.813068343423758,13.402528634795729,5.433508810612542,32.235002019137056
1,1920,4.8882288877863465,4.502899706120887,2.154876148951514,9.857351654599526
1,1921,44.48238589461538,37.01574695913377,10.791618247985598,121.44094374832835
1,1922,7.08331312344392,5.868138202734804,1.6994052355028617,19.75476164015811
1,1923,18.733594560292115,17.22718695882698,8.608781036719883,37.50863056489615
1,1924,214.10020771920287,181.49243050450326,54.299312209348116,567.1061108766605
1,1925,12.086824483296168,9.909203506031428,2.7800296758346517,34.242826996545496
1,1926,199.23394139938588,168.11285984952085,50.26356214426908,530.338071064799
1,1927,66.1462264960467,60.97099332248129,25.978847244477464,135.46598304759203
1,1928,257.33690694738897,237.10314495343835,100.45451764708471,530.1663447397331
1,1929,1.5216631498239797,1.3491372239529813,0.44824935329456944,3.6109920907898316
1,1930,0.17927757499914174,0.16714225406732297,0.09006070446227418,0.3262238644525491
1,1931,6.52064875102028,6.13205568229465,3.267023608744077,12.094966822693092
1,1932,2.9344243325485,2.791513960318099,1.5606307449387848,5.148551724892397
1,1933,192.3641848673787,161.18676338540521,47.977997680889004,520.0468303013457
1,1934,1.345046957064588,1.2565700270961224,0.6584559080430997,2.5448101559356795
1,1935,18.846324821078888,17.942691464396617,9.966350385987885,32.69702209558306
1,1936,4.963873071763554,4.645669319477291,2.3653629621891015,9.407910784285544
1,1937,67.2179202042358,56.373051313307,16.54470674702213,181.34728091705065
1,1938,3.8913461786584116,3.549522889057858,1.6552720483675922,8.106464542195473
1,1939,13.146814418623736,11.116644243389173,3.344879496426037,34.873437123394844
1,1940,0.2451486721861824,0.20751395679931167,0.05330023016394251,0.6429847851796613
1,1941,168.122386151813,154.63362613633035,65.01469590447165,348.15557399172246
1,1942,7.002521894941632,6.417049831833204,3.0589721077371945,14.272352212374376
1,1943,364.3341544351757,337.818824124955,145.7263288123866,730.2343869868273
1,1944,0.7813817240398923,0.7123653432153294,0.34192406029354033,1.6295987824872686
1,1945,16.904869623257845,15.852144838015867,8.300264223343504,31.54311187247591
1,1946,7.002120360809601,6.612030478276035,3.4755890073307496,12.79054681406929
1,1947,97.23297433067678,88.06902047061675,35.366543734560274,210.83752744943197
1,1948,4.084125694308971,3.8115522150614893,1.96354183723456,7.734333546414934
1,1949,9.37754350846553,8.709846218793942,4.278650178546995,18.29940017430467
1,1950,2.888113389247098,2.32917557870502,0.6300567742045243,8.480795860701393
1,1951,0.803880704479891,0.7152938213876736,0.29309101605334975,1.8320225214359471
1,1952,3018.7749057078963,2915.7411265872183,1560.3515134788872,5050.2505300667635
1,1953,1.3013610200392398,1.131442423525399,0.4901922207724885,3.1056148767244194
1,1954,5.8382800956292495,5.274919379024743,2.554660458325847,12.4552418163217
1,1955,29.263637006969187,24.22702064252116,6.994393300788597,80.85903419754091
1,1956,26.809443330654673,22.114631927078115,6.331053061624243,75.01127088785155
1,1957,76.07844223496846,63.386608164990975,18.389392336972616,208.68559338917203
1,1958,0.2864103181591134,0.25952295861534874,0.12317301912944642,0.6064438664288163
1,1959,76.8241844253558,64.82746115068974,19.2696885426562,205.11357269048213
1,1960,58.96117054989676,49.47140415999404,14.602203981268419,159.48952398053723
1,1961,0.5387142720572918,0.4763829946244013,0.2414385752140061,1.2179867600591632
1,1962,2.237493623551938,2.080523835809427,1.0607516756186275,4.338096674739225
1,1963,18.705343757481806,15.399352511466592,4.399216813424499,52.42733221977223
1,1964,0.2919477944270904,0.27717583988736966,0.14528439244165564,0.5224254923861462
1,1965,7.280917341964076,5.960141256809502,1.674674284479531,20.690910777395665
1,1966,58.63393654274513,48.64339088052212,14.028417947228904,162.52729538465096
1,1967,1.0078035789310487,0.9401912421861056,0.48078382518194224,1.9199844126225118
1,1968,57.057470666399226,47.95971775318975,14.274207064278427,152.8287241922958
1,1969,2.348928385089262,2.2013350013938187,1.197245464345198,4.362625475311526
1,1970,10.248784874205437,9.791106020306895,5.479967330995653,17.645586420841653
1,1971,17.220987066364643,14.127671964081138,4.012559469757523,48.6346517641236
1,1972,198.05964331280686,182.74769646061986,77.65150744789418,405.8118763205526
1,1973,4.511931719456002,4.229804852035104,2.1985058358007783,8.42359707681758
1,1974,15.837010076538485,14.806508509536142,7.765264797819144,29.84554293035022
1,1975,1.1688797487557514,1.0939782692210631,0.5630398065667525,2.2047445556577427
1,1976,3.1040871926249336,2.9260839556319853,1.5706201552891894,5.628024289755901
1,1977,4.677805591847102,3.777385957664441,1.029076369253647,13.69250519356106
1,1978,12.347202269218638,11.655913222848273,6.182293119833201,22.46114153019618
1,1979,0.753147289224546,0.6634151780217615,0.29392669660988896,1.7447989492578129
1,1980,1.8529318523674785,1.711487786297373,0.8546492109832767,3.6688899544522675
1,1981,0.21635852338670425,0.20132721717130653,0.059611638957374986,0.46046892666213807
1,1982,282.48090685965576,262.83078740109886,113.90309347637067,562.0776678182824
1,1983,2.4618657420276118,2.3410415553749564,1.3021356613285635,4.319893712165092
1,1984,2192.3380969646405,2103.580563564404,1093.0534931309278,3781.5723161554038
1,1985,0.6372193498578014,0.5828696925931476,0.30594339611305454,1.2899538810312847
1,1986,1.184724564951829,1.0399307107240072,0.400942766548834,2.8278375616609077
1,1987,6.227663626022927,5.842402732523821,2.982481691771411,11.737705945357478
1,1988,47.50760582399183,39.41152759243143,11.351994260847304,131.30966637187922
1,1989,4.200826299940456,3.96511690749545,2.1582916008956823,7.578856439881169
1,1990,19.51180706938023,18.264889624356456,9.322561098292375,36.6366082562766
1,1991,11.54278658239729,9.619254330599498,2.7963664556002166,31.70648983534492
1,1992,0.8080162132248799,0.7526000300663012,0.3956383196344387,1.5467289023418627
1,1993,0.06203829471689418,0.05886509016643035,0.030228564039489796,0.11176768236739075
1,1994,0.1867878021349599,0.16271684142963858,0.07787270752882756,0.44294125873307777
1,1995,0.0554567262478661,0.05232253672015957,0.02400931182070929,0.10465049108984774
1,1996,0.01768931228241641,0.01585620873516551,0.0,0.04817564287347901
1,1997,0.11944967103382288,0.11414604195512044,0.0632848997047557,0.2056765646370972
1,1998,0.1484191314465466,0.12598959727885203,0.06486475378173062,0.3712757968813047
1,1999,0.00770411834817509,0.007101869115782542,0.0,0.018765172178917294
1,2000,7.243048580218547,5.957951870834698,1.7044483606523757,20.380237016862218
2,1901,413.39901326134066,384.10149952105826,238.10923625412988,759.1945793150385
2,1902,1289.908829898613,1246.683719832537,750.3893784311126,2071.870582056611
2,1903,4322.669062096377,4172.570518216689,2461.9760717374043,7046.115725600876
2,1904,834.9811947288268,799.5621419409506,465.78096122613596,1399.6281242339214
2,1905,2419.7192985732977,2369.6428697128076,1604.2114341628242,3521.061061089198
2,1906,482.1318031174699,466.5620975635987,283.54730853038865,769.3137886451844
2,1907,102.3683926762651,90.93872896666335,58.270580205226494,217.0224072849855
2,1908,977.2612397009462,954.1171712978764,662.4389516511109,1423.6417997305136
2,1909,210.38446654528582,205.70078435388334,149.74550612813175,298.8199821479461
2,1910,1835.3122545071606,1770.231284444108,1040.8776663956924,3004.222536492212
2,1911,949.5715519711016,906.8398379722241,512.0417979715156,1629.7817987629953
2,1912,529.2862720670045,496.6207922776922,299.36341342944894,953.6612658302529
2,1913,162.11710072750026,138.9027432123408,88.18107633140248,379.19843673748596
2,1914,84.1929055156073,83.21604572123755,61.30002998686348,112.5770970629579
2,1915,1051.3734165427488,1026.7637286864388,726.7378525648868,1519.593086839589
2,1916,625.7784517498228,606.4858031236369,416.23911007143045,948.4960554238484
2,1917,1685.6976870828146,1647.1915745924725,1126.779602119285,2466.7656256880146
2,1918,2757.59751275372,2670.022377852455,1614.4309436231106,4392.152685372289
2,1919,260.48885400564626,252.45531172486005,173.5131962533648,394.4984377792741
2,1920,937.1335504298078,886.8834747311165,522.0985748089204,1638.0462869471764
2,1921,1585.598082484461,1527.2593895650718,904.9840082900489,2592.6183996429268
2,1922,290.69739478119686,277.9907807188496,163.36525060214527,491.4707765654145
2,1923,820.0006354783599,772.8968021967412,470.4456390317428,1449.6339980507914
2,1924,3844.2829602730735,3717.6331506732586,2230.0797375649104,6154.682829814435
2,1925,543.7730409513356,516.3783895113754,287.4015094926757,956.4471329444093
2,1926,3886.752233866055,3760.380748754547,2241.288253839581,6267.849858493572
2,1927,535.886751453594,523.8933969759257,364.8314237101753,778.4680700463957
2,1928,2521.4393443132885,2482.1149215521154,1738.364361374324,3530.71554267702
2,1929,70.69624172392425,69.8859287032775,50.943804232804936,95.03717385968062
2,1930,63.26794188483267,60.82506134080137,44.45399307854549,90.2965044845906
2,1931,771.8240951349447,742.6090831907505,501.8012584556829,1212.3551112532725
2,1932,210.96320877765905,205.7336429657758,148.99233784473392,304.04468205148885
2,1933,5884.20393559775,5695.337083848011,3420.5836833037033,9405.847711868735
2,1934,504.56577203647106,484.1726958764066,333.3951320368282,797.2290804909602
2,1935,1507.9093805984985,1476.8449359968383,1046.0352660010105,2144.932760768646
2,1936,1266.6554972403715,1219.0414757023345,774.5554114872219,2032.469979600058
2,1937,1472.6021729556662,1415.8793567750854,824.998638908379,2435.7303724213393
2,1938,597.893160805623,560.8998622990719,318.4520263609812,1088.2620945836109
2,1939,252.7747765395229,244.0651698955141,148.67362928990457,404.1038608232446
2,1940,46.812345776125696,40.897763505527855,27.375432117329478,104.63107323628263
2,1941,1762.88195981888,1730.576480223151,1209.8513230565507,2502.2845385619735
2,1942,1023.6400243479478,966.949501483419,566.0724715458291,1810.8418978121515
2,1943,1892.8163468667076,1842.4863715777901,1225.386683433468,2847.539371606272
2,1944,179.2895098118238,167.1624044066831,97.99478435847105,329.6693357153342
2,1945,865.6677105808473,831.2171370226765,544.6830180025592,1392.210541789387
2,1946,912.4424212896548,884.6397815352384,584.393446685206,1397.1042239011088
2,1947,1192.218253324528,1153.5004586518592,749.1913265960291,1864.2373809948642
2,1948,777.7788153896678,745.655458999772,475.5180653097675,1261.5357422544698
2,1949,1177.6825880194053,1126.5261849276771,671.756424596997,1974.4591777860587
2,1950,211.94400034889273,199.7251867079911,110.89998346136402,382.6468566342383
2,1951,426.39746671011784,393.5384366763245,223.05942288806742,818.9994833021285
2,1952,9203.31458307111,9079.312375156976,6340.808236506759,12746.980903398562
2,1953,334.3672944620214,297.41022964473603,156.62141684714695,726.6596134567628
2,1954,409.303301195212,376.86383498605085,224.09919200958362,786.2631046679654
2,1955,1144.7290211077307,1098.125214343897,632.1463224868032,1918.284372401243
2,1956,994.0905435291166,947.8988363206815,536.6910559528449,1718.7928883636005
2,1957,3086.315025625125,2967.669624171077,1738.7996001176334,5080.868569595634
2,1958,220.19397476443183,205.05325253264323,132.51957410077674,399.75526523125825
2,1959,1622.813208923787,1569.1768633369868,939.3962747708024,2604.0119386493693
2,1960,1636.0647762190663,1581.4298297064554,943.5789256671453,2638.7423837937968
2,1961,156.23449339553648,139.67121396354526,91.949775301563,322.01199916275755
2,1962,499.81623101486883,476.46273930406386,314.18462865087787,823.3756313334633
2,1963,609.3870242571182,577.0163672971914,324.18822210662256,1080.4680208309553
2,1964,97.9185801134162,96.70542071049049,70.93327792036956,131.70990376521075
2,1965,433.2782873000855,412.63991764109727,232.3540434463997,752.753561778019
2,1966,2284.72177493105,2188.264101663817,1257.760170819421,3858.6780417652735
2,1967,244.9214799561702,234.94541905690642,157.92424712205977,390.5949977442461
2,1968,1198.4383178179094,1154.3572161047882,682.1999341280944,1962.8684425141826
2,1969,386.1018339566683,369.50207845175055,261.07615863794086,613.5056104131266
2,1970,1155.9846528853966,1136.137546276385,818.5816992386685,1611.6900196256304
2,1971,718.2519321271135,677.7267514293314,385.4602633448371,1286.2661846293122
2,1972,1509.9042318184984,1477.2049302902292,1007.9776301696452,2194.987571363713
2,1973,1099.3972106602662,1059.4663561186242,688.2355184834104,1745.2536822996044
2,1974,773.748248332591,739.6139159828545,483.78378084181014,1262.402422486685
2,1975,449.61643719286906,432.54984586094145,290.0983413279183,708.7240302317973
2,1976,763.6110884828828,740.340437010196,509.0398114695734,1153.316492738554
2,1977,508.4405752086031,482.14303043797975,268.5632893246788,900.6834441917425
2,1978,1268.2734608256076,1232.0026210418946,818.128541502703,1927.812960952525
2,1979,194.2328657743735,175.0049594162213,105.37847215608976,397.5912648252163
2,1980,547.6991473328253,520.003448745354,327.65654912707674,928.828177977364
2,1981,29.548058920517526,29.139477428434766,20.62164083315495,40.78999213561868
2,1982,1963.8897727825076,1936.5159861813706,1363.935837804639,2722.2512970518274
2,1983,344.6119865807645,336.41029695144556,242.02972706724242,495.25082974498025
2,1984,9605.700774421639,9490.703213824865,6782.076787445048,13107.275340645214
2,1985,182.36835676905733,170.1753814412267,120.22074115405083,322.3065906781497
2,1986,340.7904450600927,309.993421187337,155.62175193841992,705.4256166342403
2,1987,1236.515084214188,1190.032268435796,756.1993030111278,1979.0678767190752
2,1988,1057.2011348040774,1003.964807495913,564.4576581697639,1859.8075487913127
2,1989,726.9020141694474,704.1655145174809,489.7382889462427,1099.6484751655057
2,1990,1839.2538225849837,1770.5691605435945,1106.321527841688,2966.4973368292617
2,1991,271.68099923959187,258.8243189840581,150.20808672514477,464.50813743234886
2,1992,194.48590666552462,185.14586441934284,127.37826560202389,318.39538167547425
2,1993,16.2637341572788,16.072191027119047,11.750480927640794,21.85280971415966
2,1994,118.26096065605329,104.14215653963008,67.0047625989768,254.34620988553678
2,1995,38.0794538085718,37.68133872214312,28.29157692261489,50.13640446015563
2,1996,7.224791544132273,7.134510693374329,4.996967089390306,10.00875208756
2,1997,49.59236212446851,49.07139394518693,36.75856937530903,65.44013793176235
2,1998,27.853493585557832,23.787769489782548,16.501150384098082,65.94545168359377
2,1999,15.66790129055482,15.490234264189262,11.348675153417274,21.009532564330712
2,2000,814.6463577045145,781.3559712314864,456.0794570589733,1364.1969949895629
1,2001,34.434288072934294,28.008772235512893,7.835433659405065,99.30860838505599
1,2002,0.020310086765878935,0.017904922537621687,0.0,0.05375404720509482
1,2003,0.2259071528205802,0.18957639549553643,0.08153746559473342,0.5853277847291728
1,2004,0.05071130454577558,0.04715265770836578,0.012041797913229317,0.10935808345231968
1,2005,0.24005477210885032,0.17741243246376354,0.05947969583692998,0.7895214865030082
1,2006,0.07550265139358654,0.07088079915992306,0.029802067856420648,0.14794607052355704
1,2007,0.02583487771207874,0.021048130892633125,0.0048548989257158675,0.07689432133493973
1,2008,0.019824026551582236,0.017536254862961165,0.0,0.05713281807199093
1,2009,0.009787090588961522,0.008833032440207167,0.0,0.026301115354350417
1,2010,11.995758355748595,9.832780469983598,2.7757025960670054,34.135048168422635
1,2011,0.013629086730909413,0.012052686413625086,0.0,0.039234601054071824
1,2012,0.010413554001551419,0.009590673913883737,0.0,0.025630183781864085
1,2013,0.007430191823071854,0.0,0.0,0.04920447872027508
1,2014,0.0461473478419635,0.0433340724460085,0.019248757295062757,0.08866189691285818
1,2015,0.019697226091661257,0.018482893225293152,0.006165709920639071,0.040278552907242825
1,2016,0.01642132200886973,0.015346600021001728,0.0054065353462941146,0.03352243267660036
1,2017,0.17376069737081656,0.131592163336283,0.03144620732229345,0.5527153583995682
1,2018,0.04587517360359112,0.04350755866894585,0.022300403400209102,0.08326218363536557
1,2019,0.8839140721656418,0.8472233324824636,0.4791559143433683,1.5018616763887862
1,2020,0.1534949261053793,0.14222037405478635,0.0697985318221177,0.3018018170403671
1,2021,0.20264811427821094,0.17134358006897574,0.06706679229054642,0.5298360972668104
1,2022,3.3390991697851935,2.720981755010134,0.761621437508926,9.540472269171884
1,2023,0.5106307397791962,0.4647977521283182,0.2456017502528007,1.0368273101050163
1,2024,0.034197048075172716,0.02987748557975617,0.014226589861691685,0.07705596460119231
1,2025,0.35383475707384265,0.2169530328157625,0.0,1.5334797673513412
1,2026,0.19331774117413555,0.1851358543375885,0.10431723837803383,0.33012585412769047
1,2027,0.02858001669900382,0.019929710066785532,0.0,0.11456642434348263
1,2028,0.17311448564226228,0.16410660056673104,0.08262871268708315,0.3151920049829014
1,2029,0.07169622926270265,0.06801797066003092,0.035075209664073966,0.12926094561619872
1,2030,0.10572055681716429,0.07411133602500652,0.0,0.40642003365153406
1,2031,0.8720963572617703,0.6818547819928145,0.19516518801723726,2.656121627167944
1,2032,0.052935525666020375,0.046179270968121654,0.007407827858056873,0.13769597088289595
1,2033,0.13876311325953947,0.11258882914813764,0.03989133965306878,0.39020247643083605
1,2034,0.002906920972629954,0.0,0.0,0.015477131175718927
1,2035,0.03186705172925878,0.025902401551801346,0.0022541329377664763,0.09607427796252854
1,2036,0.0027425427481843397,0.0,0.0,0.01466868677494068
1,2037,1.8791274967447227,1.6981973926316325,0.892164825013316,3.9823365353073514
1,2038,0.046100349326611126,0.037129862755185976,0.012687126819319345,0.13064125080690123
1,2039,0.6385734798875087,0.5497926593981097,0.2657139745211122,1.5494625097323724
1,2040,0.03211246338177539,0.029476984805027445,0.0,0.07815464855637753
1,2041,0.1703011861807959,0.15190359010105228,0.06057024076220814,0.38693219808361007
1,2042,1.1863626984741258,1.0154228793984368,0.47196156880449514,2.8914641768718092
1,2043,17.992283561345914,14.634424076636622,4.080130275965074,51.52836227812183
1,2044,0.024517950765852,0.02079320588502604,0.0,0.07030287488839883
1,2045,2.6456302991465064,2.438285465359539,1.2896933871010685,5.248584868944023
1,2046,0.42827223563829064,0.386782447750839,0.1809228503142572,0.918412702909023
1,2047,10.557313488033014,8.725460191439762,2.5291696860230135,29.315098341443203
1,2048,0.906193693247427,0.8393449795555933,0.40607610818417084,1.7864519241843917
1,2049,74.12521467438953,67.34853628092227,27.48297663133749,160.01553841452343
1,2050,1.9676414498366084,1.854237747941743,0.9595627251661396,3.634194809808804
1,2051,0.754509284548781,0.7008876577841088,0.2999182107656473,1.5166802780033264
1,2052,2.467078544007557,1.9988613970456233,0.5611386937518148,7.136794339370135
1,2053,3.978911041931122,3.536516084539441,1.3627264427614665,9.18316741620832
1,2054,288.0072850581763,263.9448239561608,110.25579511088996,600.8145877933903
1,2055,1.689628788777829,1.3098523777868292,0.3513172286785242,5.218005353270468
1,2056,0.4130008365423619,0.3848283348257203,0.17113487503176153,0.8151716150193806
1,2057,18.552294760176764,15.373336518387378,4.476313067415909,51.50003513336352
1,2058,61.78830976483671,56.04640831829198,22.96019973961772,133.47881847993648
1,2059,0.9056743037295034,0.851618302970002,0.44558504957853606,1.6821805469724662
1,2060,1.9419310030692032,1.8226759837207083,0.9522966732565474,3.6124182933972824
1,2061,0.06124569532310156,0.05469299702571907,0.0,0.16276654250304395
1,2062,0.7323279346431724,0.6754226420713736,0.32886993897212025,1.466079571862235
1,2063,1637.4572018997023,1557.999069435876,783.0988452857878,2938.2041027304595
1,2064,0.8816535260149451,0.8086755486546224,0.411277441019197,1.7899550369279573
1,2065,4.230738338129147,3.9332890107291836,2.0455069219423896,8.178618495792911
1,2066,77.70203832924527,70.47799115032595,28.793376256819936,168.01868265600257
1,2067,15.003966926077387,12.11417292358511,3.3218306083581117,43.89655153197114
1,2068,44.50484705181004,40.40968636975883,16.467433973015407,95.99678908633437
1,2069,1.1078360694827236,1.0157438117462392,0.47350103787120595,2.276993792978344
1,2070,2087.0478403263774,1988.5883659806668,1003.3767572530586,3723.582973244419
1,2071,8.730737699704763,7.275986888510843,2.131956042072375,23.944431605012113
1,2072,0.15557969116578307,0.1437129317946923,0.06361071911115013,0.3147846067062495
1,2073,22.49064918319594,20.13529488037358,7.933287698413821,50.65569897629977
1,2074,20.047395619580556,16.516299239325605,4.736400057869181,55.814469950809276
1,2075,0.6756403827004203,0.6001027198238219,0.20236277250696186,1.5841277853405593
1,2076,717.9264845890744,680.1110555256364,336.46040276169975,1313.995190332031
1,2077,8.457739245617594,7.8660344068399,3.9374879520969106,16.316922429498824
1,2078,0.5371682628513965,0.4711356967476551,0.22343703415560934,1.2512972233009259
1,2079,0.21947059273544106,0.1994632713694937,0.09852003940999278,0.45877371525684474
1,2080,2.808211573071863,2.61489192685017,1.3273796211825961,5.473572581132225
1,2081,0.4271055750546862,0.39479042185390406,0.19541665575683473,0.8471815895194381
1,2082,2.381932948969355,2.071558312851627,0.6439071127533131,5.93710946110678
1,2083,0.3334438202895761,0.30373776988716783,0.15423002802648697,0.6909238974406474
1,2084,4.5085916390095955,4.25237623754013,2.2451126532091146,8.260711062497492
1,2085,0.23669717222778947,0.21786308982854485,0.10745818509611207,0.47648632561515086
1,2086,3.1866853942090985,2.5886123087307453,0.7266681170833018,9.179631082843333
1,2087,1.4356247073969652,1.3346086745747088,0.6742540329925254,2.7858966970282473
1,2088,162.012853760215,147.92511960380034,61.21372464143619,343.39058785377017
1,2089,1.486860275667721,1.207687408308984,0.33851413072066516,4.264124283087386
1,2090,43.90214045052074,39.706273225471236,16.175067183834717,95.59617914565347
1,2091,1.2799638660421682,1.1936291802187031,0.6126805505993886,2.4400971434459433
1,2092,429.98745327232473,397.0292547205184,169.6942137418036,874.82083633884
1,2093,122.56471173242768,102.39945637567344,30.119049172355336,333.2466953024029
1,2094,26.136804452169084,22.925380731111755,8.513079999366814,62.40184698939312
1,2095,53.15815651292679,44.21769405604218,12.98429087125833,145.90293289140405
1,2096,2.5094013623373272,2.381641070897047,1.2854959252683325,4.476338016650497
1,2097,49.229936909288234,44.68819628023847,18.292115946623216,105.7512544542629
1,2098,0.07939749568977574,0.0716571762246693,0.0,0.20436727381052275
1,2099,1.1339748514746206,1.0282117088054472,0.46253487017258393,2.419466367643036
1,2100,6.043837009756404,4.972587994161886,1.4210107583032003,17.0451546938452
2,2001,3190.41292163934,3019.734772404684,1626.9701019892555,5706.072278033188
2,2002,30.304708625567788,28.63871476140931,21.01725672185754,46.18266854119701
2,2003,62.46218056914496,53.568002569613434,29.415802983613478,149.36421493004687
2,2004,17.0488126591358,16.836514558756686,12.184754147001529,23.107543930003484
2,2005,82.41990675849377,63.46929796216675,26.867381387113635,254.06934229672535
2,2006,17.934676500540082,17.7189189592292,12.946097120579527,24.149984939683815
2,2007,37.54796469776644,31.043230252039336,20.489771177131487,95.55989346687063
2,2008,25.94564511698057,25.643847088356207,18.931871477683252,34.5744523246488
2,2009,12.760201877218636,12.60253375382405,9.111357222500574,17.32091296650714
2,2010,800.3618064465901,762.1946056940249,428.1752521103952,1394.7151856890423
2,2011,17.478126933351213,17.27817707782164,12.8021548647903,23.267876824508583
2,2012,17.685913541562677,17.483308433460472,12.846655539154677,23.668247193072716
2,2013,53.043048002308886,42.204336610004574,15.204311346785913,160.15613725225793
2,2014,19.589399724243364,19.351676728672828,14.142916196484412,26.363147619676564
2,2015,31.378912202459453,31.052203928759035,23.176015115759704,41.44892677582189
2,2016,13.824434198547449,13.657786910024594,9.983820360493134,18.583673025024204
2,2017,34.409378363278556,30.932997519370787,18.33416979507576,69.20213853208888
2,2018,19.091606658908546,18.865859723951193,13.900020324903807,25.54990550087357
2,2019,97.2998264078902,96.22770584386379,71.72943200023148,128.78656037090968
2,2020,89.33785441657584,85.30557807359608,59.84169569153505,143.04597455077925
2,2021,93.29225953885341,80.09743470441079,50.85927062138344,215.25978136467987
2,2022,253.9776185039443,240.14774729208204,137.6252745657775,451.0540671440686
2,2023,80.71694914086517,74.920904089313,53.95970472050388,144.66047528731767
2,2024,28.041427390438876,25.07960262990735,17.965698054646694,56.79203269329867
2,2025,25.707743333782844,19.41815917416687,8.60003228511506,81.64642511843616
2,2026,53.77123081959317,53.20007788067511,39.853843896329515,70.92794980417153
2,2027,58.449702899636215,46.52172277966524,24.665657459767584,163.07968398853535
2,2028,83.1829038557099,82.28704806987714,61.07194242083002,110.45773602380206
2,2029,43.582532404323366,43.099894554142296,32.129472220716686,57.8356005810849
2,2030,20.612120616536235,18.914918445616706,10.19798559007038,41.138684343247775
2,2031,340.39387787363427,287.4136085334984,105.48619385292866,937.1177456446335
2,2032,98.0810097990472,88.38179250967875,61.10509967543345,197.42802198275973
2,2033,63.095277102418706,53.653981600042464,26.537580167168507,157.5581081948656
2,2034,11.237111077545485,11.107853349772421,8.1605801728369,15.063829179876329
2,2035,40.632082001233,34.98108778756246,19.418223670242217,95.13708104787784
2,2036,7.031300956847461,6.940516075638609,4.933632638081635,9.664230244369708
2,2037,302.3723421909713,275.8805242447263,189.20603198303095,581.2879174765931
2,2038,18.946268299875268,15.530342375590342,10.736069853837066,48.713284870702445
2,2039,238.53230548617321,206.91300595575868,135.22891389853828,533.8107968039358
2,2040,16.552774959539303,16.33691148557023,11.753614267074742,22.562670235205363
2,2041,83.80532761385365,76.96196168895288,49.192220152975956,157.98585038339965
2,2042,124.54771994658083,108.50543059269793,63.291486605732004,280.1914245654897
2,2043,871.7808457995505,819.6849779875661,440.29279961314217,1603.154044872822
2,2044,34.82450691573,31.051180241225325,21.8019049820608,73.42968864045048
2,2045,350.6439346566096,328.27305421228505,225.4833708060327,611.3239014009256
2,2046,461.78731260323667,428.3407028132825,253.11288968270492,868.7242876659202
2,2047,939.1228180240157,905.2223062692092,534.9996640801702,1535.4455418324455
2,2048,976.6070984341333,933.8237933338489,588.8264180328354,1610.0786811013365
2,2049,1427.678101349902,1395.9367013707692,951.3580103722935,2087.008687974129
2,2050,1211.212284323331,1175.4482237673074,779.2677272020904,1846.495303917832
2,2051,613.0218910603404,594.1481391892451,402.94901094892685,933.6338981302468
2,2052,666.943143834579,631.0518441177472,354.65231425621397,1193.3480541805704
2,2053,369.03416343393974,355.76965033854054,248.06827490622354,570.0080222219966
2,2054,4120.854163298816,4058.8554300402434,2881.588853458616,5722.256953090787
2,2055,257.61643557453095,228.23466738338692,121.57369871047437,575.4518079573838
2,2056,415.3240460930814,403.01150555073946,281.95484140803785,619.8696211708728
2,2057,1263.1647120647883,1218.4887784682332,721.2273297051453,2065.6794871803017
2,2058,2394.211518997307,2358.364960480302,1687.0510031584295,3302.9961032818997
2,2059,610.960474458229,590.3453359045042,391.25964502296586,950.5999620739872
2,2060,1481.3521385101933,1426.8985581853706,950.4921990047641,2324.0584981720767
2,2061,467.3563922744186,447.88063114968355,295.9215007321147,755.4063818623397
2,2062,677.5149302460267,642.5080791325024,402.8568719769705,1153.8204015989797
2,2063,12539.202638707313,12393.426185551409,9022.872499320654,16865.616461379454
2,2064,647.5685538635474,604.6579028383815,390.1643461530152,1162.5617309278568
2,2065,487.9631351947925,463.42679175840914,303.19780767527385,819.0980345351176
2,2066,2238.270911944615,2198.0357175580193,1545.5849939590007,3169.9800396022806
2,2067,1060.0783306582762,995.6266476451347,531.5625248476395,1966.4138409429931
2,2068,1704.8826277798473,1680.8338335383203,1198.519626002626,2353.4335118133813
2,2069,478.20276038639435,453.08868990375595,281.54513443736266,820.646414007623
2,2070,14900.476682939001,14724.52508448328,10701.914326203467,20087.71394704445
2,2071,285.7216888987985,274.4173826483576,162.33201522202168,471.52069553650233
2,2072,234.1660719837319,223.82879783063225,163.58492457163098,366.15479546431453
2,2073,1131.4335646791735,1096.3759719531922,732.7459077603537,1740.089043238444
2,2074,2029.0705350233698,1950.719638691582,1138.9528865739574,3361.598654554521
2,2075,807.6771706084189,752.2748966476862,433.2539466515174,1503.7457107199903
2,2076,8187.291304035971,8092.50712868837,5924.781836103058,10975.157196493488
2,2077,1861.6492524688056,1780.3138936759635,1084.918862619579,3101.1779192634435
2,2078,397.9198458178667,353.90074335224404,219.24926351854134,842.8462155566925
2,2079,187.39633847170018,174.10729165692186,111.1343049446932,341.62336306723415
2,2080,469.8015175619803,447.89688029132043,281.114903103563,786.463886979329
2,2081,584.113813320378,553.3195652956182,355.4333975336027,990.4497179621831
2,2082,216.90539091825926,208.33502859122473,149.06201411089597,336.25258184437524
2,2083,447.63273889140754,415.09463871257026,276.4384633728471,816.4928504313073
2,2084,849.3617030900142,821.8041720273329,548.2379168719815,1306.771479633397
2,2085,312.73247580241286,294.98268248671417,204.4171060634005,532.4202110997752
2,2086,666.9890747392859,635.0399321875659,361.1890954358786,1158.15664389574
2,2087,914.3203826419157,871.6372825816009,561.9124138545226,1515.4437677960216
2,2088,2881.5176307127063,2829.8881600527475,1986.857881503328,4055.501840648018
2,2089,566.790747399758,541.6128304700709,311.1440362655506,963.5212658998661
2,2090,1902.2686854686522,1867.0753464688805,1314.7858924998948,2679.2344836872335
2,2091,634.8044369981849,608.7207578699147,399.0901454154781,1025.2319483041642
2,2092,3691.6050490638554,3634.477893636329,2549.5948131403243,5149.496962157274
2,2093,5061.11431925602,4897.948286069677,2951.57730077156,8088.087508510661
2,2094,771.2993393967914,725.5038724797946,437.96200286683484,1371.1997181470922
2,2095,2396.074737716399,2312.457901767352,1385.1289428203431,3881.222711753097
2,2096,1007.1917318519955,981.8441856350921,675.7061076771345,1477.155705558282
2,2097,1826.8811540589234,1800.4188270217173,1291.194221213125,2509.0372955254215
2,2098,174.78139481203698,168.71475415419127,124.81899355192586,253.65612239089742
2,2099,755.6023910625311,708.408261584314,420.9047809356254,1363.8799466657224
2,2100,985.8503191819249,947.0159305197683,556.1645640215593,1637.5371780219023
1,2101,0.013116485922133932,0.0,0.0,0.07244594427236922
1,2102,74.80815619560944,62.188461697339775,18.278529231213227,206.15137043961636
1,2103,0.10323836953439744,0.08784418508963338,0.0,0.31713118525813844
1,2104,16.311530515381868,14.382868151250646,5.375167014413445,38.3559197595651
1,2105,0.9178927437642426,0.866998051641606,0.45712358162333977,1.6768322011460868
1,2106,0.5393968413211596,0.4852183336933749,0.15449306126879356,1.2319650303036933
1,2107,7.0529025054624634,5.748536809792041,1.6171917721898934,20.226235861282902
1,2108,1.110168761470686,1.0280088237739866,0.5215384325388673,2.171275943323222
1,2109,2.5798620503171024,2.2082928057558133,0.6330862392544423,6.689454220973776
1,2110,9.915393789846265,8.87674823377236,3.4510922455374784,22.415556103936108
1,2111,0.060748001176125235,0.047452638868682354,0.0,0.21262558124067718
1,2112,10.552382149211118,8.68489344407433,2.5034137739260305,29.54851964008506
1,2113,0.23729772994475606,0.2206276647411964,0.08889172581404178,0.4831440269110854
1,2114,1.827999788595601,1.7229524655888677,0.9302833931995235,3.3338487803953205
1,2115,10.121436941954762,8.301872404958436,2.3507418204753168,28.607403356464534
1,2116,1.1068464596905931,1.0346954834270377,0.5209215070982283,2.1212549808692596
1,2117,6.992630163866465,6.534946306423922,3.3930140073875683,13.248292253741237
1,2118,1.7400666548606392,1.6433920338601793,0.8622785598997913,3.179208926437117
1,2119,3.5571229401370545,3.3316360401141285,1.7336962188463563,6.687717045718793
1,2120,1.619019561693136,1.5154087589884973,0.7666632438219487,3.077940440473407
1,2121,37.58962126701935,31.133097197930127,9.09084882088545,104.3558740751669
1,2122,50.717423027221386,42.12573947973514,12.287434101137965,140.4920146404367
1,2123,11.51964265018373,9.5399134569391,2.769214484826796,32.06838115227537
1,2124,7.134801722257129,6.696360645174108,3.4165765418429737,13.412892348399861
1,2125,21.19158328149445,19.03571110610654,7.544538138642687,47.30097482726924
1,2126,0.7273055542200292,0.692742116142772,0.3811742261044298,1.2802074572931976
1,2127,0.0027982215214880633,0.0019448305103708884,0.0,0.010636344561243793
1,2128,71.18403373621716,64.65629385246476,26.65716131308942,152.61770143030256
1,2129,0.9141377322640188,0.8622423083839869,0.44951364762864215,1.6788368022445646
1,2130,3.4478162355904183,3.2576205107870435,1.7465697533443396,6.209852797169487
1,2131,1.513306951386763,1.419075256950057,0.7676352108273242,2.8058750506800076
1,2132,28.16765488190012,23.408020844707394,6.759702650256763,78.3638751613196
1,2133,1.0228526494406498,0.9071824660087362,0.3845990060596234,2.33766825455628
1,2134,1.7503777285821776,1.6238493726681624,0.8160468817768185,3.4290622532836976
1,2135,0.5865531236257335,0.5046629443561919,0.23150293189659546,1.4396457820164974
1,2136,0.5426816768397446,0.4883836355739676,0.25728351642708847,1.1516156852867712
1,2137,2.5083308822805,2.105860780787168,0.9188961588357125,6.505084888195173
1,2138,3.9821802750019666,3.637549523681278,1.8608382949756326,8.132341237838826
1,2139,2.2970381888912375,2.0459291298807436,0.9266549942966206,5.138216951206085
1,2140,4.954349391309544,4.624783981828153,2.358253035698887,9.439680880808694
1,2141,5.175719399363334,4.917890660810853,2.715276664104098,9.095022506073752
1,2142,198.88715396669804,183.63818657000746,78.47064311341185,405.76774588219513
1,2143,5.396061969218949,5.0821730673959165,2.6659087934642636,9.914783603183992
1,2144,7.4714016320683925,7.030691437121163,3.6092363924544735,13.880053957638944
1,2145,0.7614589897962283,0.7036942129073456,0.3597738484237336,1.5006385616749787
1,2146,0.4403681190330904,0.3820765787837078,0.19283025902652956,0.9866300661388898
1,2147,403.0477265582218,372.10431356452466,157.3136558322882,823.4294536505557
1,2148,0.1520691141383513,0.14524795283093664,0.08092825465772378,0.2621636254663199
1,2149,59.46581295022902,48.409903508411524,13.234449902710823,169.93808275387687
1,2150,0.4118328214650052,0.34081057839611295,0.09823712028829049,1.1426163628321087
1,2151,0.4165513878061478,0.38799065154701295,0.20604991881213186,0.7943030645956065
1,2152,33.53798824486407,30.641476958808195,12.716459309469135,70.79357842081988
1,2153,6.599326408574328,5.984872861317209,2.984583616811424,13.743932392209555
1,2154,1.7983536273631318,1.6850479860731138,0.888746711176141,3.365855348984282
1,2155,0.1585079016363725,0.15201090557948121,0.0866389206531488,0.2677169568954901
1,2156,0.23982546865073762,0.20493647882830146,0.10141864943429499,0.5924294225488365
1,2157,17.75015504489123,14.969937583455089,4.477842935891481,47.26888288376682
1,2158,2.83661190146607,2.6506300397364813,1.385631674098581,5.380659026595205
1,2159,32.85622659061478,30.130506585256082,12.620561066394208,68.6673102079266
1,2160,0.08514904698211258,0.08120140428038661,0.044424686998629795,0.148151749490428
1,2161,0.41350045359750975,0.39521915400371643,0.2180764619396538,0.715024857601438
1,2162,2.847692950493946,2.395843993877234,0.8908598265138541,7.437913889750479
1,2163,1.5335072467469415,1.2618383404581615,0.4996308061516941,4.191494068419044
1,2164,0.44009608738304423,0.4127520320125672,0.22405028354559917,0.8118821998433154
1,2165,0.9906079027657974,0.916589971481667,0.45866809646139506,1.95810295097175
1,2166,5.196766112047947,4.830939326527408,2.6201758155795822,9.98927969207008
1,2167,0.5387437883968476,0.49010820291620927,0.24870585667955125,1.115331442443607
1,2168,0.7842072234048373,0.7207956566185019,0.35137662682119347,1.5846954357322685
1,2169,4.373248969996941,4.051374206502792,2.066136609305019,8.570774482394423
1,2170,4.446574127011944,3.8321449295115215,1.7036360819904044,10.864000912590813
1,2171,0.8736177704201878,0.7885855764046523,0.3984210487739047,1.8632761112632867
1,2172,0.26886696001342625,0.24187803655160806,0.12776314029007432,0.5676456305997375
1,2173,3.0918418056773413,2.9459708287756086,1.6515866281811806,5.35069191173191
1,2174,13.621323404977531,12.329626252135858,5.010350497005931,29.57917626551571
1,2175,35.33338986555324,32.506807719496805,13.646909989626751,73.24937284795233
1,2176,1.3560116373707563,1.2333110837953973,0.6803730378614818,2.75770252101992
1,2177,35.621109940219384,32.502183980557014,13.495340749040617,75.71256635537223
1,2178,1.6310716588641694,1.538594200452688,0.8334885800676538,2.959379984529015
1,2179,0.5656514613033928,0.5126625696980865,0.24778605202852963,1.1945538817382004
1,2180,0.5179273690170684,0.4843633570708877,0.27266299350293366,0.9179607523049245
1,2181,2.806267044727131,2.536878847120713,1.2965658498905992,5.92455278965533
1,2182,2.382748013290436,2.2312150391805736,1.1301567156345775,4.526244627844731
1,2183,0.9286204329692082,0.8577761114777875,0.4371074147587203,1.8343353889907437
1,2184,5.262521915070176,4.949708989350055,2.605674336768888,9.749378387558071
1,2185,0.5310408050766947,0.4902851527726643,0.24190781605442083,1.06073486220866
1,2186,0.4068505189623282,0.36034265400852117,0.1524550289609192,0.9279860306146801
1,2187,0.3580868689395911,0.3370574396864078,0.18274728179184985,0.6572285575065338
1,2188,2905.9844110126305,2819.555140946108,1549.7098509536668,4746.256482052747
1,2189,18.262325890044323,16.62339817148661,6.814785219501462,39.19117491081826
1,2190,14.281179462787959,13.04327219700408,5.41907704154856,30.177533594596756
1,2191,1.9611712265631036,1.859893608811931,1.003798596680941,3.492164684700092
1,2192,5.9589636918255,5.373152128160625,2.154164321203026,13.116613632665729
1,2193,6.983595194111077,6.554449662057932,3.401137134744155,13.073215489919145
1,2194,2.0663600597351235,1.9665611254186417,1.0880671373626634,3.623951902832276
1,2195,3.578461091487223,3.3661720613334984,1.74103717874019,6.654000841537157
1,2196,4.969043383391443,4.6768815058817506,2.477487599729732,9.125056407609506
1,2197,0.40936100275980425,0.3790532922465608,0.1921380965035921,0.800417835377475
1,2198,0.30341388733046787,0.271670854247379,0.13509459789272102,0.6626529449077149
1,2199,49.5463054859069,45.376002297420975,18.95880439463932,103.61373826101953
1,2200,1.2051795007127102,1.138557134824647,0.6125195440450123,2.1801903266752007
2,2101,266.26055212522067,251.84582747596392,152.61229219138272,463.3548687606471
2,2102,5901.8609023969575,5717.855290584688,3467.3349008018095,9357.121516901378
2,2103,178.6243952811895,167.32291937452058,108.18075533020244,314.3444460715858
2,2104,693.7558800576994,661.5159181012683,399.7433700448625,1170.5689166194793
2,2105,1293.6399024708587,1257.7558739504138,850.6733842382332,1941.6395298515274
2,2106,411.98901573754125,391.00061648266285,232.54748543472323,714.792856562903
2,2107,420.77366721297426,396.20560229115927,220.68842406654576,759.225195008642
2,2108,258.4407541816219,245.11420968761422,157.80257676396468,436.68563676309105
2,2109,492.51502812048585,471.4583453051948,301.04070517633585,803.2143413070789
2,2110,651.0518473313273,633.712105694747,436.42669560983506,966.0524390804649
2,2111,396.2119257925961,367.7753487812364,226.71337950387206,731.1549106862362
2,2112,1778.4533094436104,1711.3423357518454,1007.8710176275343,2927.8254622666373
2,2113,450.22726450664743,436.9844224373623,304.2224910234815,673.698836067366
2,2114,357.3354430610055,344.60817631548673,238.9739151196912,549.5030856738437
2,2115,1425.8142843191856,1364.0171071970458,783.4340803071938,2419.662393833478
2,2116,1280.5642525291569,1233.4760045833527,809.5183781278124,2026.144709156824
2,2117,853.8759772182314,816.258553809276,532.043515063462,1391.1022350080084
2,2118,1250.166832099837,1217.7566495409008,826.0612673022158,1861.0901701807586
2,2119,827.1038359103065,795.1123376993426,520.4206557213961,1324.3740098985857
2,2120,1115.413879565499,1074.810094781197,674.059324495141,1793.7692905098124
2,2121,4145.384002048027,4011.9235745426836,2408.8846804981245,6666.8832398483055
2,2122,6485.580114718996,6282.542142467168,3798.914314463891,10313.018496225319
2,2123,1757.757530220583,1700.5684918775037,1027.082523586339,2812.3872736724506
2,2124,1916.518673088104,1852.02827244446,1189.4550318515953,3009.4501387727587
2,2125,636.457905695073,616.4904043836025,416.7602636580347,972.8240387460431
2,2126,252.1576769553997,246.94363829491527,179.46847627189698,354.9466156077968
2,2127,95.81139184195176,94.72039359968912,70.46729056307517,127.0180152919444
2,2128,2246.9157196651367,2212.453643964348,1585.6051716227919,3095.9530167544012
2,2129,936.2240858829579,911.4249116204027,618.9080642805246,1396.224685781412
2,2130,1850.5841679642165,1803.2734818149816,1224.0575534455477,2747.5422217883493
2,2131,386.6013793100556,371.16796697487996,257.2214057954653,607.7276659740329
2,2132,1392.6211132317414,1339.5205202468446,785.8125906460898,2301.116976775603
2,2133,498.5011871516851,457.5078483461849,249.7112878384146,983.419912354537
2,2134,332.55612050626223,316.30436286569295,195.51166691884632,565.3350696181806
2,2135,112.77440712885618,98.31353760367985,57.904424228648494,254.5233721392323
2,2136,161.7282435000243,147.46566959411882,100.93523576849124,313.66227245473345
2,2137,92.41945986672722,78.87657582784205,41.52427631500088,223.94208221751077
2,2138,309.86410890998917,287.78858658614325,185.90499835206614,562.379960164853
2,2139,189.66883254028585,172.32707919969172,94.72757243952726,385.24165425120424
2,2140,780.6773890250921,747.08511470538,471.4392145369761,1277.883026217806
2,2141,312.35209565781236,304.54350366881806,215.3436846117561,454.2311652056203
2,2142,1580.2148543282476,1551.9657722546358,1071.6305276614332,2250.9798826303318
2,2143,796.9298450008164,771.9194706856307,504.2731100528695,1238.2848634538032
2,2144,1120.765878198089,1086.0069238588826,688.1804471414798,1755.4065975400792
2,2145,179.80404663572915,170.08699018686096,109.52122607597654,306.6131256453464
2,2146,19.809796875523677,17.553883845988405,12.175379052107727,40.70405543227045
2,2147,3486.055177580238,3426.9826140248815,2377.9052952396382,4941.464401586413
2,2148,37.92676011952329,37.5136081895037,28.077785543553052,50.09551836272448
2,2149,1242.323683925632,1158.4834889101046,572.916744021181,2404.927522358383
2,2150,28.40057567764071,27.526416893260595,16.80216391157712,44.84530534096719
2,2151,147.92070769485187,140.74972412790083,97.4476014988117,241.98702316765346
2,2152,621.8279529908455,613.0504329438754,439.92799680613234,854.4062223956886
2,2153,376.7733173715061,348.11697654527563,215.2317018799277,702.7893444239519
2,2154,556.4189576087101,534.3350090298013,353.63492708423723,889.4125125798557
2,2155,30.736881006253864,30.408989773686706,22.726351606582966,40.663512280708375
2,2156,37.36839626547449,32.143511214449205,22.040269026362278,86.09788055035567
2,2157,351.74302913405245,339.90502205259793,203.98632045384136,566.4521833463945
2,2158,342.0339671960488,327.00966635986515,213.78052887120813,558.1683230905712
2,2159,459.19063384989494,451.78799560087407,322.5608174820948,638.1146191774588
2,2160,30.74465639426684,30.411869286531243,22.6264026210007,40.83988415546902
2,2161,47.709213469925665,47.17046259741058,34.68059854296418,63.85588033617309
2,2162,93.59627897458049,80.77287023751342,34.532955927200234,228.32607713673426
2,2163,75.91662256374369,63.727286032430314,30.600685525971418,193.11133700811962
2,2164,107.89901629985724,103.45397160739674,73.08306304805066,169.57974158659079
2,2165,220.0639836794058,208.64769786256522,132.5255996455369,373.29109684216706
2,2166,231.31775880879036,218.1519962727225,151.68135067810076,391.7645484723146
2,2167,64.81015569705094,59.86598956539571,38.22977913644461,120.28752922099805
2,2168,188.4251990199736,177.56981920271633,107.18127604731343,332.3186842751621
2,2169,615.7784695645252,582.754680243363,370.3970391522239,1049.655190819999
2,2170,270.6447173006424,237.3950875964133,126.97118232104924,611.4205895007084
2,2171,99.28029759727971,90.77263652684148,58.012109434689116,191.37488970984992
2,2172,89.6686917029665,81.9003584546256,57.850137321045196,172.592948379224
2,2173,481.3767878326084,473.10793127718756,341.48573265768533,670.5684413228787
2,2174,356.79428895394267,349.28603320626644,241.91185356618402,515.0680442416893
2,2175,395.9938857960563,389.1329144486932,275.43982187982056,556.9340048535533
2,2176,87.39371507391014,80.67634274126445,57.88309848242774,161.741752127576
2,2177,345.856697076078,334.20952302348667,227.9321064185903,533.2419040133955
2,2178,312.4619965297641,301.626738812279,209.0501765730876,478.78241986484176
2,2179,249.74765562087487,231.1315372715245,148.4624513496518,460.6107254118465
2,2180,56.8540685242787,54.49857838548948,40.35050822555679,81.6768134222616
2,2181,190.26088529032018,174.35459861639885,111.52285779705689,365.59157109335166
2,2182,858.9724208646527,828.6883006898956,518.9488556527834,1379.924344364398
2,2183,176.77793453070964,166.90014033827495,108.31154855550245,302.45959606840654
2,2184,909.12135741583,876.0949345045981,578.8302340119196,1433.0462531141
2,2185,153.07387062398973,144.94563147145067,92.23097046559062,260.45552333495834
2,2186,179.6151988984556,164.62583797845056,93.37396360539957,352.3213495079944
2,2187,127.13186908336037,122.68140396310683,85.66472607357628,195.2192068767609
2,2188,6572.044555161489,6475.345186128037,4398.1879720896295,9298.66532990905
2,2189,337.90441677252477,330.5981319583151,231.04690858856105,486.9980688654697
2,2190,332.7486567092436,328.94013371115636,240.84239492520447,447.20356340505685
2,2191,433.9351014745859,423.2841618707609,289.3230278368301,638.1066602487659
2,2192,157.39400050605647,153.38077199243872,105.07731791888902,232.6000809498033
2,2193,1409.5557277863095,1357.7314707752878,880.7333486611719,2234.699226495804
2,2194,468.90064734871015,458.5689751080995,325.85120454471917,670.2572714531796
2,2195,707.5880688491832,683.7551704059908,437.59039420578256,1115.7685572514308
2,2196,1028.174137014378,993.7637617825303,659.239826595022,1595.0499768607335
2,2197,138.0762442999944,131.30085979446253,85.87933141267185,229.77705303897193
2,2198,42.52374647204299,38.71356615669396,24.431505794877285,83.68961291889796
2,2199,824.63702500202,813.4013221135654,586.3200473720503,1124.4309329048506
2,2200,296.28740320711256,287.8103105596847,195.3140524510208,446.8352337562298
1,2201,4.032383149786826,3.326773941073188,0.9616891482111983,11.22858901907509
1,2202,3.9049290792082187,3.6646596145378965,1.9196596879229781,7.310295487784618
1,2203,12.842740341420958,12.282986279949359,6.971891012275097,21.92834230154452
1,2204,2.0915666667997797,1.821008137735749,0.930438924634657,4.952134071046844
1,2205,1828.090127897408,1765.6244853341302,944.1944065584468,3055.8136768636537
1,2206,57.681707274174585,53.11342362587079,22.540068915068844,118.7170345626619
1,2207,4.848341608969714,4.557733400171848,2.366552538199572,9.022010879244249
1,2208,1.398984166507569,1.274542074228473,0.6183199645648165,2.9105642330302293
1,2209,0.4318755538238145,0.4093823378579302,0.22215695494633086,0.7735892291133426
1,2210,4.283883356101534,3.803986406201276,1.7989833781409468,9.552967341243304
1,2211,1.7377239905121102,1.5672411166397016,0.7129598236099319,3.74057783886969
1,2212,28.496503810527948,23.730200978091865,6.917198294387002,77.97772245152721
1,2213,631.3116761448127,583.4277044225853,247.3072631044057,1289.006482049597
1,2214,7.091269272569778,6.613169936878421,3.2699235506920212,13.699225632929165
1,2215,37.26088012859925,33.87985314545749,13.853400996472296,79.78672989094638
1,2216,5.483561505090055,5.149433347645618,2.6815644438991395,10.162991530898369
1,2217,8.371679036630635,6.5772243064343625,1.715595750100848,25.717912300202187
1,2218,7.803792134206961,6.90124621031167,2.8238348535616016,17.98055616213996
1,2219,51.20826240666733,42.68075453756601,12.607386823559212,140.07627356083685
1,2220,10.234527663919387,9.615831897231105,4.991989847213197,18.98599063798877
1,2221,0.22103057314933525,0.15621732647461017,0.05270077760729777,0.7991582778634814
1,2222,0.21455981011129122,0.20475954427395604,0.10887523581997326,0.379110896408846
1,2223,0.5498614213821138,0.45029339089543857,0.17297354374562673,1.5085552456804006
1,2224,17.830379362130238,16.43300025014173,7.827576023831154,35.90367557949896
1,2225,100.21451527184371,84.74269350865468,25.18167935597689,267.42474804946585
1,2226,13.152756323224652,11.05618002922467,3.273849108132304,35.24802639375346
1,2227,18.119789949296653,15.089490936751318,4.42056390189014,49.59801270199141
1,2228,17.32524050048091,16.2399044564514,8.173341892247993,32.7906730810688
1,2229,4.0667791501773145,3.5804306610711105,1.4067908968544907,9.53005327182389
1,2230,154.07513401973208,129.0210656968716,38.208363204546195,417.26401902871834
1,2231,11.103556238671741,10.413730009533648,5.208189872043682,20.9912035421765
1,2232,36.940651328472605,30.884597716764127,9.157335229527154,100.15622053365689
1,2233,12.167732841286012,11.392772676699762,6.101489962305465,22.85412929431913
1,2234,290.6786027117664,251.52532927193727,77.99232783751377,731.7362586593198
1,2235,12.17522368686848,10.792788222846552,4.859126805473815,27.599574554775398
1,2236,3504.396943536162,3371.8930574783835,1773.010964822103,5967.412685556241
1,2237,48.623391337967504,40.899278019691536,12.069363072847741,130.70923617780943
1,2238,0.09332527086880378,0.07049963285201691,0.01575800340311757,0.3027813714597982
1,2239,9.289891220605467,8.577772897543067,3.9405297813506417,18.840570045778932
1,2240,46.61423406430253,43.24841734908125,21.48546332565307,91.22223548820514
1,2241,1.6748725187594964,1.526458280453169,0.7309025799015778,3.494023253108599
1,2242,0.17159390477280903,0.16181901469648563,0.07496038930044445,0.32363872894220147
1,2243,10.255151090644747,9.400427179131466,4.517552855782457,21.002165050098768
1,2244,1930.0175043250417,1812.373937493809,810.9123223647366,3705.8565053274006
1,2245,0.03084916737288574,0.028149522941265055,0.0,0.07812216407711019
1,2246,271.2520750250441,252.7981616292338,109.5504814395875,540.13233472559
1,2247,21.996740554644447,18.297465192840157,5.350280787013011,60.21551226364839
1,2248,764.2248136484669,721.1811638974532,351.1765713382488,1421.1619165872494
1,2249,7.740726732780876,6.949348717910264,2.7707435660264914,17.255118721259745
1,2250,47.486510601345344,43.08437695168668,17.560650970975978,102.70832506377745
1,2251,0.5025639411038655,0.47854916093557864,0.26473505416948606,0.8810920001845008
1,2252,385.0205068338707,330.3413607614823,101.30211694662196,987.5496521894903
1,2253,5.28809320905615,4.369294808673324,1.2597995325565219,14.825994865400137
1,2254,0.9622102676249283,0.9165222888215652,0.5031303296677403,1.6872963059652806
1,2255,586.077689490853,537.5368024037298,225.47508676456337,1221.7612830381781
1,2256,51.21453335569331,46.38813961727445,18.79532677023203,111.3967624392944
1,2257,8.610326132113775,7.111931317678696,2.0635083818618885,24.0050256883276
1,2258,0.040435678545929485,0.0379092141744498,0.01109450947683247,0.08450924001312002
1,2259,14.94323267854582,12.231033200493059,3.445665527475133,42.342680123711354
1,2260,19.074020803399954,15.8238778891923,4.631043668528038,52.914357652906574
1,2261,528.9523416980724,487.6728888671912,206.98701820375206,1084.5810858241616
1,2262,0.3278148448877304,0.3084337450097333,0.15480353341913616,0.6126778395855734
1,2263,3.5011648117055385,3.3370802355873437,1.8491599769156182,6.093466592702316
1,2264,0.9867838293981095,0.9236002004986217,0.4727831175407584,1.856980210924167
1,2265,2.4921010713852665,2.3722321500902104,1.3114795758475204,4.352510431866651
1,2266,1.1889864894604454,1.1170404698104557,0.5922301120952524,2.1933755990313415
1,2267,46.29068130454774,38.4111614680744,11.20677222604684,127.20283885131445
1,2268,130.28955806821017,109.21674240630813,32.22551348914978,351.9932300676922
1,2269,329.0199215402875,301.061631275561,125.55025485047398,692.293224679213
1,2270,0.9308520254561532,0.8623981857823436,0.4107234593237219,1.8390557630635083
1,2271,39.62627770053556,32.96346139431891,9.656580350061517,109.25028071161061
1,2272,27.455185885536434,24.741410656166902,9.927478195878654,60.5714594305659
1,2273,0.3957389235127058,0.3790583713996488,0.21416261975603762,0.673242894184201
1,2274,38.46590444353228,31.907395657386246,9.245929806900454,106.64360090099794
1,2275,0.24377218470603998,0.2278049372754524,0.11262546366348729,0.46594786425664564
1,2276,1.0708043877338518,0.9645926547687373,0.46135216543582697,2.2996335356391193
1,2277,1.0786240455576914,1.0233491868388342,0.5511939005924763,1.9287567590221453
1,2278,1.2568267423179345,1.195413515068088,0.6521330080779885,2.220915057360737
1,2279,0.3025736958155105,0.28436444236252545,0.14061188120786755,0.5684646960345571
1,2280,1.046834860587383,0.9818221113729118,0.511130567587284,1.9574201019546833
1,2281,77.23083448053569,64.36422251639551,18.71584760422848,211.863548754638
1,2282,210.35700213214926,176.68602920963127,52.49822422301227,565.2647366186098
1,2283,18.293154961143394,16.552135680566835,6.710111273155421,39.88906076128499
1,2284,62.848784959598014,52.788440235389146,15.596252704894965,168.63726968933
1,2285,344.78187191066013,297.3790887097431,91.50188963382199,875.3333856412536
1,2286,172.96976398309593,146.48714467391625,44.02322326653306,457.8693169734911
1,2287,9.219103408425813,7.570319731206352,2.1549671578518326,26.051206410963005
1,2288,1.2832507443131693,1.1995858298825115,0.6149815344009674,2.432245430157137
1,2289,2.1393035820285395,2.0359623370150954,1.121806131148605,3.7465448841868336
1,2290,0.8559924866453206,0.7984757328762735,0.39972972747325786,1.6389523311156173
1,2291,40.67299218797126,38.76033490163325,21.448662382800457,70.58839749842831
1,2292,699.8704591754408,642.8304021338352,270.63799122208417,1450.8666917512649
1,2293,0.576877984874535,0.5291947512237549,0.2540023343700341,1.1787494120318458
1,2294,164.94693183835219,139.40083764181873,41.71026460564131,438.63157545692064
1,2295,5.631035622677602,5.3353290959567685,2.8760797611920763,10.126559377211482
1,2296,3.0080874693151447,2.485839149715111,0.7187207821856655,8.371875821578042
1,2297,5134.613991390344,4955.547180990659,2646.9782471235953,8612.452792289989
1,2298,9.745775072026476,9.234504087031192,4.987589657813712,17.468904228185412
1,2299,0.30137365094829427,0.2818891562646616,0.14127331011329294,0.5750726495647712
1,2300,12.299465992019075,11.699071703397095,6.389737628579907,21.639319979314667
2,2201,258.40170427265167,247.84037334144742,145.0179379349704,434.5101366247336
2,2202,589.9621966766395,566.9169168521605,372.745735506821,939.3282123441841
2,2203,176.9024696543612,172.94505241451373,124.54579889847332,252.43776568494332
2,2204,75.84762266132851,66.38889698235533,43.14680659566773,167.9762654448719
2,2205,5581.448813345929,5509.5015809879515,3849.888700445697,7722.27621740737
2,2206,649.3806375985424,639.7320531544055,458.3606403979881,897.1493274798383
2,2207,924.116870165276,892.5128146503281,572.7434653643439,1451.1534652284022
2,2208,172.07857131007646,159.99642721614487,96.33547330835864,317.9414093144546
2,2209,84.44103326373494,82.30258181726663,58.67598015717065,122.69242287180613
2,2210,335.9153084795029,304.35876918836425,177.51357061688054,681.8853628916743
2,2211,383.00431722493,355.3403940733253,197.67002159621993,730.667913012364
2,2212,1001.030743510894,962.9966378152201,565.5169839145643,1648.7558556544939
2,2213,5867.526054321925,5782.669613388689,4062.817300372778,8153.979966321804
2,2214,905.7379595109188,868.0620655706329,525.7340796825973,1502.0861000589553
2,2215,497.52882513292616,482.2517650189217,330.7108458741293,752.6411513890819
2,2216,1038.0916128374404,1001.7331535081292,652.3104573977022,1639.540883978927
2,2217,391.81582139121974,355.0385555327532,174.01193298707935,819.7211095192254
2,2218,1110.2649691214788,1011.7268938366109,483.0366760626971,2300.261009895682
2,2219,1824.2353895097106,1759.472815137642,1044.4461401554556,2973.8922870110655
2,2220,2008.3246288261869,1941.2568738302539,1242.356543663927,3155.839519472238
2,2221,35.8821183055959,25.525754440856417,14.081174408339585,121.77279300616733
2,2222,57.87331647497049,57.26112971756022,42.64230400284357,76.85871629977281
2,2223,157.42002981835165,132.24335473739018,66.95966060550123,394.12679815446785
2,2224,598.218663090911,565.8238547544986,323.9387885112536,1060.8247762846909
2,2225,1999.878051545392,1930.4255240082043,1150.9906716997145,3226.516776503643
2,2226,189.33305512008835,180.6395334707965,103.88979110489603,324.9481638138632
2,2227,657.419676039177,633.2704540489615,374.77277349292854,1077.2971102126905
2,2228,1522.5030300773815,1466.2963176673554,900.035608128638,2459.2083935376636
2,2229,502.70167259543985,457.3375023385403,211.73421034571643,1052.3548146919413
2,2230,4568.308290815917,4415.603856800309,2639.4432292942397,7356.3773123925785
2,2231,1326.6063521499195,1282.5474488108248,778.4646785697248,2139.7876320344194
2,2232,1050.3313380953539,1013.5691525195994,602.9583487608892,1698.408451849851
2,2233,367.2048543298715,349.66049482065586,237.116688431701,601.3031132795304
2,2234,2527.1158384152627,2442.759399248095,1451.946388484513,4058.108471446573
2,2235,243.72291619279738,220.40525381720443,117.39705143833794,507.37371034569816
2,2236,12825.24093772972,12653.466658809924,8926.68655991386,17647.631026156658
2,2237,907.6970496662038,870.8943552486533,504.07646648746646,1524.878677649516
2,2238,22.428018775666473,17.165455683644034,11.5428662264129,66.38360247326048
2,2239,1081.4951047833342,1028.3327563239532,564.0964539333755,1911.2711596097138
2,2240,1589.360413335174,1510.4512605020527,909.3174943407895,2724.1980620167747
2,2241,475.2231816972681,443.39125412237394,260.9742547667374,871.2420609162696
2,2242,55.18898336698076,54.58902796762065,40.74916202791211,73.04107456245288
2,2243,539.9460102421822,507.39303853524245,293.2722905287961,975.1212036781499
2,2244,8974.45360929584,8847.850422754964,6075.819960591448,12603.495771207181
2,2245,11.00328065440357,10.866486368973408,7.794345713620584,15.032231426438951
2,2246,1313.5754808611023,1282.425107364483,844.1145285614538,1962.844729398455
2,2247,874.431919222721,841.2234089027618,496.44741179691965,1438.187660561743
2,2248,14534.681543410372,14370.066852328644,10588.901295291624,19400.38708369124
2,2249,746.4703166860955,733.244668257496,516.0430415762795,1055.1561926504492
2,2250,1926.831328565172,1896.5829528995628,1349.5545004966991,2678.9522786552207
2,2251,555.964177110526,545.564601059999,390.06916613331754,782.2377836971476
2,2252,4270.470898975754,4130.9904585418335,2466.9313259772885,6845.310781537821
2,2253,1107.384730351614,1069.6766459526402,637.0895996411998,1794.07693272017
2,2254,832.5114543885073,817.5513396503345,579.3943804897543,1173.6119866117529
2,2255,8734.754429910427,8628.157764218031,6210.14687638987,11860.52435006582
2,2256,2554.97312119298,2514.1722334173273,1783.8531335124549,3559.393084507478
2,2257,1332.8105335203172,1287.537711421558,765.8520949031058,2153.7923481957428
2,2258,36.17307702447882,35.76463165204534,26.648186251301652,47.954613879282356
2,2259,723.66139833736,685.8397685640666,381.8940374568636,1280.246235024607
2,2260,1674.3495172337225,1619.1289317308704,970.9105022875137,2681.9615160712133
2,2261,5860.28838633531,5786.070216341157,4159.99990042214,7988.046971678583
2,2262,434.32443368771175,422.9387490113966,296.5254747249168,637.7789911911043
2,2263,1070.9657837486413,1050.7380499059896,751.7474843145136,1501.823751559122
2,2264,667.9944513973759,644.8903474907648,421.08517803095583,1047.3479407081716
2,2265,853.7806711868136,837.3666892664364,593.0345746270456,1206.4249930934175
2,2266,1212.0695644526083,1170.1024842104453,781.1062723484954,1882.4183787477432
2,2267,2992.334915412451,2892.976400924134,1729.2764940247507,4817.383246286423
2,2268,3533.4508745645626,3411.0873569568466,2027.3712220947655,5725.9445646682125
2,2269,6503.841788844548,6425.646967574885,4654.985248035469,8803.515933926827
2,2270,893.1666956464392,855.7155048541612,520.370116627882,1476.0935637594348
2,2271,2761.3815547870054,2670.5743767444283,1608.5243131123061,4426.3898553675235
2,2272,1721.0144440846568,1686.7159227907537,1175.768420969616,2462.8916512483297
2,2273,80.74223441447525,79.8929822148548,59.61082141642296,106.90035639279405
2,2274,1576.753529154175,1513.604072734944,879.3329239189732,2643.8767934190987
2,2275,228.2035466813193,220.68062395994255,147.74843155648492,351.41441423331753
2,2276,668.7619996666567,616.7483654765956,365.2567713282665,1275.651914295587
2,2277,674.2554288105083,659.0824836363635,461.3068467678966,974.053227404674
2,2278,1078.9254874668309,1055.6215132981938,741.7029235466547,1550.0710141282696
2,2279,522.8727538246328,511.17707919389227,361.1197096906461,748.6710688476013
2,2280,364.249673069078,350.44499886343823,229.0038186293147,577.9865130003438
2,2281,2584.476657975648,2491.8298429017623,1460.2624227390954,4250.201087626077
2,2282,5743.282076423998,5563.579950389814,3348.1472365070745,9155.470049660309
2,2283,879.1639380495081,865.3627655080268,616.187168516462,1223.1293166689109
2,2284,1249.2810901666508,1200.5131488580726,705.295958379159,2060.222206845551
2,2285,3294.1492699736446,3187.5197021717736,1899.5296343726084,5297.137266760062
2,2286,3131.3708342717446,3031.5662140082522,1824.5497579614243,5001.610684822595
2,2287,1410.3753217089725,1351.415023994757,775.1983672847293,2383.542947786965
2,2288,669.0246718211137,643.519825271208,423.42446408856546,1062.5552636046252
2,2289,1696.7926576956888,1665.9478856794556,1175.7508373597316,2400.424385349118
2,2290,794.3901280737208,765.7267508570676,493.1063950858332,1264.004201233228
2,2291,2700.463425758664,2650.1955231749407,1863.4641870757246,3825.7672279506282
2,2292,10110.75169560285,9988.915868618973,7211.742160498808,13723.80459947952
2,2293,270.264855604346,254.9496503758441,160.6435442171002,467.8958619951802
2,2294,3284.89347664493,3177.608678883568,1911.8796237287174,5249.366389141856
2,2295,1455.9990771548394,1418.2688724951768,969.0008004850966,2164.135639106642
2,2296,428.9833404569729,414.10736366480626,246.6040894563459,694.8186300584506
2,2297,15906.468731824107,15699.084565259505,10967.867688316583,22020.267608142116
2,2298,1017.2573585343747,990.7809832287207,672.6398592709551,1511.3419805530048
2,2299,253.22490196215975,245.12797930353787,163.54051000996253,389.38306406800467
2,2300,2243.113146413194,2194.4609482724677,1527.828276049189,3231.0414032797444
1,2301,1.054518817270876,0.9929352098700626,0.5291655670791248,1.9305478051549827
1,2302,1.4549881986976048,1.3801492358948961,0.7531677883197617,2.5787174069290693
1,2303,0.3761466402018406,0.34996836062503356,0.17401233730244872,0.7258644822261193
1,2304,0.7414957066788244,0.7083178654788493,0.3960696880677376,1.2779917115301294
1,2305,0.7273022782439988,0.6822951612894672,0.35674112792204715,1.356993261586956
1,2306,4.517168301446143,4.194373278180791,2.1177142753237597,8.801600195792412
1,2307,0.8037730148627368,0.7536335439149804,0.3916534719233932,1.5072736543079035
1,2308,0.5519829192719444,0.5215733731005889,0.27681301391827,1.0041537281658799
1,2309,53.164709744492846,48.226749889367866,19.765958693446766,114.85472734422565
1,2310,2.8356090513744903,2.6908491177677925,1.470884812094475,5.042663880467936
1,2311,63.31564099281504,57.4141215499265,23.575890852288246,136.69696225875484
1,2312,1.8522404191150206,1.5265283317633216,0.44091659552897833,5.159208938708981
1,2313,141.08212161317488,118.2863417192783,34.993276929937785,381.8934939138164
1,2314,27.461955120737056,24.657921976119496,9.732861553312707,61.31263237611708
1,2315,164.23621435721057,149.84328494225892,61.29618747407894,350.64135949916306
1,2316,71.84515829145582,65.25542364808035,26.415841479897946,155.0437063075955
1,2317,3112.9677511812383,3034.028414529233,1726.947364257637,4944.623452376171
1,2318,72.30811545678543,65.34243397215369,26.15544315207542,159.48104617491032
1,2319,0.5954996112628351,0.5253637455746067,0.26090323841893814,1.365605256589155
1,2320,31.74446535771982,26.425525405490376,7.711158332247825,87.30460674643098
1,2321,2.6034711144402265,1.9579236231010577,0.5092383280435804,8.640399382195987
1,2322,30.517829012266017,25.30869160316381,7.384710832179133,84.48164625238417
1,2323,0.23307060716009415,0.1949844287269359,0.016998165605015002,0.6722023247027326
1,2324,0.3514788266071383,0.3291141979036444,0.18120701658911703,0.6326671272124917
1,2325,80.76976379638313,67.6665276231771,19.926150559759733,218.599498519867
1,2326,67.86235063998674,56.714286029819164,16.63112470249422,184.9322631472043
1,2327,0.7566650313146778,0.627201680252552,0.1821982857165895,2.098983968671795
1,2328,107.64932048400917,89.88559603271021,26.536096928539756,293.0949722116813
1,2329,3.9753979243720337,3.6693344159273593,1.796891278467367,7.967332270830176
1,2330,9.422913137814353,8.26690337338849,2.8474410353152417,22.794352198662274
1,2331,4.465506175405604,4.088063832751099,1.9477061823067296,9.12280768842818
1,2332,0.9462579402055373,0.8696101452001551,0.43447285596152424,1.9025811104746497
1,2333,1.5584053825217539,1.419011304043254,0.6692294496059886,3.2574848359053576
1,2334,4.587255364258119,3.7595450958661027,1.0671007783072675,12.929586530780364
1,2335,1.2062781773788755,1.0756834811165352,0.4874546553306141,2.6961725460781056
1,2336,37.41676619983848,31.014374675215997,8.984771755698832,103.74139695277636
1,2337,6.335389221329057,5.135170180050834,1.4426579640432624,18.42030401956264
1,2338,2.5639957507264985,2.033600714596476,0.5524386657308687,7.677230763431904
1,2339,12.072267768728825,9.995050437663654,2.8837378268296017,33.645976996188026
1,2340,3.6317093479037563,3.4049794230590673,1.7550908973558779,6.861848066711803
1,2341,191.43548423471358,161.06446810975848,47.6897429980675,514.9942512933453
1,2342,6.691207951497083,6.151186842928274,2.9568624553331766,13.588682475459363
1,2343,0.6364324376628219,0.5972886423028538,0.3358866775600742,1.1315019351320625
1,2344,75.82681868545282,63.43562716601712,18.70546109812768,205.8080150108459
1,2345,20.086227229449282,16.561805484666777,4.68322567146594,56.71513995123159
1,2346,13.12870117168414,10.792054317361668,3.0667516049392307,36.985361534692544
1,2347,114.85793983964483,102.50913902960518,38.685908028902354,261.2665950777593
1,2348,11.42838803059068,9.483075396911563,2.7643100426612963,31.77859180725067
1,2349,0.43394469097345895,0.38849418190334783,0.15212367463122142,0.9837925178221004
1,2350,71.971918375727,60.15265640901763,17.748145915031262,196.207294580872
1,2351,0.025706796430355533,0.02357404327377744,0.0,0.06545851452639441
1,2352,0.49412720723202075,0.4409237138219625,0.017500099581299253,1.2492207115693053
1,2353,1.7988417053072516,1.5800510216079058,0.6983326765363869,4.196055458279713
1,2354,8.14006546666184,7.392963141877251,3.2868999648097588,17.302843101341224
1,2355,4.067760456975789,3.8309049479466495,2.0488178380823014,7.447759384818759
1,2356,2.1851500790695297,2.055761470406149,1.0795931800579628,4.036101593542813
1,2357,26.487984779958058,21.855355270400693,6.240484112821416,74.38689661958354
1,2358,95.98488476282834,79.99303178906217,23.49899485033946,262.77184430110265
1,2359,11.422346999217016,9.41074976801092,2.7221550090068263,31.776987724583222
1,2360,88.47986061755354,74.14505745278086,21.854550126265973,239.86220898772922
1,2361,12.99878297784087,10.737476833952233,3.1051866583438743,36.19565331974452
1,2362,1.1232840026780622,0.8994951731943037,0.24142226599492236,3.335992640388765
1,2363,0.7287249559984658,0.6629161309780076,0.3501776407338575,1.4961554130712753
1,2364,218.82981456386239,199.44025350615703,81.62281688151604,465.92661456202734
1,2365,0.0971974683686515,0.09120886335310428,0.034309716317580605,0.19495526389505205
1,2366,1.7703437540315496,1.6343477326646678,0.8747867671042616,3.433995561074308
1,2367,0.016769216299571583,0.01439406408315374,0.0,0.05166686710139943
1,2368,0.16940945125016693,0.1603750695733686,0.07963511489758754,0.30992682133189714
1,2369,1.006492151434662,0.9324722630457174,0.47280563759435545,1.976489032422392
1,2370,1.1854771947238825,1.0954214251106655,0.5606819375498101,2.3377888809764427
1,2371,0.07673813458793513,0.06558757002854848,0.0,0.22353232084108993
1,2372,0.04844468387462169,0.035622149184868224,0.0,0.18091288497410335
1,2373,0.2209441946302916,0.21059791495023067,0.11380418855653775,0.38820986779254624
1,2374,0.05265794346448529,0.04927854455632286,0.018984213009002687,0.1060822015799796
1,2375,0.11901447618142826,0.11362228853362913,0.062100504498138864,0.2062901104296025
1,2376,0.07575288488151555,0.06755896091575803,0.024857890668243343,0.16985576065306068
1,2377,0.6487195593536125,0.5598539498821029,0.21373300888169797,1.6096628398792512
1,2378,0.6213384353249835,0.5811270273225451,0.30687775426067393,1.167566005121296
1,2379,0.0018763248038662248,0.0016287494009295618,0.0,0.005619770094532321
1,2380,0.4841641213012677,0.3929177224207345,0.10675723764265947,1.3965294291605075
1,2381,1.195834571099518,0.9844587879144352,0.3350912088653089,3.2993368300819554
1,2382,0.08666870481374013,0.08180345385762847,0.035204435291959234,0.16651352865520963
1,2383,0.06840371075609307,0.0653383445017307,0.03622989037765814,0.11812518837880584
1,2384,0.05416987267700978,0.04416774674015023,0.0,0.17522024749964624
1,2385,0.036571578506951544,0.03455640833109077,0.01644135222315794,0.068141601923381
1,2386,0.03343986336075365,0.026770212071958243,0.0,0.11067269407201409
1,2387,0.17738218045234372,0.15941538146998485,0.07700706864118328,0.3744660191740833
1,2388,0.049026873839712416,0.03941530376381804,0.0,0.15784657875017777
1,2389,0.31126328418210225,0.29809604318834626,0.1681236693755799,0.5306084089160092
1,2390,0.026163801782189657,0.022370145524139733,0.0,0.07565606572923138
1,2391,0.0012709964286813948,0.0008716676865275164,0.0,0.004863901699253434
1,2392,0.21976748867134455,0.19618149200124796,0.10590544952935221,0.47860498820010655
1,2393,0.058069494429900885,0.046920928160948575,0.016627737045886253,0.16818324695275855
1,2394,0.014945645260664516,0.013233078649265324,0.0,0.0436114138018831
1,2395,0.012318787068816927,0.010446346845079866,0.0,0.03856353360904064
1,2396,0.4110927443583235,0.3592465956568466,0.11678465227761387,1.016103291464687
1,2397,0.11112319496489147,0.09882159584932676,0.049554690398506365,0.2465772862048397
1,2398,0.009219287870387161,0.007896871154641792,0.0,0.02814539912251829
1,2399,0.002653762354870467,0.0012893461679878491,0.0,0.013203355652364924
1,2400,0.09626392098951843,0.08953708582359335,0.025133168869304723,0.20569986104704593
2,2301,522.8018403414842,505.28814913305223,341.01084104962223,805.6267087126885
2,2302,1033.2561914006963,1010.2354897447896,707.102920861192,1491.9651337437544
2,2303,170.20207335788953,163.61562191849578,101.18317115739227,277.5020756599517
2,2304,450.5693038416224,443.1233403843371,320.5800601969563,622.3034050489493
2,2305,590.2712051264649,568.0784411520037,375.8197418480682,931.1891775479176
2,2306,808.8705961321842,768.8383599448148,485.1392907605124,1360.2075537151145
2,2307,824.5706514473982,794.0354274307374,518.8562721788195,1304.8864331019015
2,2308,595.1034884118187,580.5493783216748,399.2750903191759,874.6179486991816
2,2309,2505.615527242241,2471.234041178289,1770.7306657005743,3443.2246855142453
2,2310,701.0299437399623,682.4967353352697,477.8993772317605,1028.8083857779786
2,2311,3996.8567086188673,3949.182525577514,2881.7679765249204,5382.4064577012305
2,2312,231.56451166373017,222.7396876703089,131.31488223664977,381.59042193674196
2,2313,4803.932408613441,4653.876967022029,2810.938040162279,7645.331345727866
2,2314,591.8002739666457,571.0001042092854,377.3593593409633,926.7522697377912
2,2315,2365.0454014752154,2318.3534295508302,1571.55410151129,3432.2780155471924
2,2316,1030.3526974624028,1003.0206930406885,676.5050675415813,1540.7362413506069
2,2317,5342.285296223142,5256.095691234956,3457.932482676592,7718.651094390405
2,2318,1948.8076875250138,1899.9290984208417,1269.4992840148163,2912.720381156041
2,2319,272.44998224681365,242.6823940407143,160.43419115246888,571.3928664650301
2,2320,1356.3920811012954,1307.9705291418218,777.590506263437,2212.5236183041256
2,2321,234.8483058221278,185.3241711922928,82.7749349276374,683.8568937117655
2,2322,1971.9330195924117,1902.5373082477126,1131.0178803265217,3201.133455253437
2,2323,149.6848696928147,129.53749428169908,83.50497347620777,343.6135144307032
2,2324,151.34640930266136,145.79919062233438,107.70272347073767,216.67944840030876
2,2325,1912.9387932939976,1842.334646651009,1081.385358340947,3141.1025629872747
2,2326,2336.8908611873458,2255.1159807756335,1337.9933725914493,3797.910980483644
2,2327,75.48076718658304,73.17047062426718,44.685715945639565,118.87498342708665
2,2328,4572.391243219027,4424.491437119934,2673.1142922226845,7300.883144220691
2,2329,989.7301190686646,936.6441083491476,565.7008569951315,1721.9025233584944
2,2330,326.6059050025922,314.2367937351222,206.57842529507715,519.4077524515556
2,2331,877.5397824981,823.9574870224487,477.37690741772195,1587.8432518560844
2,2332,418.00845333253903,393.5490375864082,251.83291764015897,726.1653734132257
2,2333,607.3351599347741,568.7380494726403,343.7651402188766,1098.2936327646066
2,2334,573.1575266477831,548.3095383922357,314.3005039877009,976.334554809561
2,2335,441.8534137915691,403.4275369639975,232.03541247165862,877.0975945535082
2,2336,1705.8880502383035,1638.2272077402122,949.3185917196787,2854.876017698587
2,2337,251.60243665199738,234.20923505999463,130.537939698458,474.1789354669849
2,2338,219.33732245856805,201.09888284079483,105.70390353787982,441.5346775609796
2,2339,1103.2197281244978,1063.0770791945897,629.0544096999607,1802.2905820601395
2,2340,1012.7617023609497,973.8597691842876,627.1349687309043,1617.0802607349367
2,2341,4999.497143213001,4838.658809740527,2903.2231421477222,8011.716072062623
2,2342,1241.9136985154814,1171.9223149823633,695.5876799191471,2192.2666909611157
2,2343,161.66506585026897,155.76527183470617,114.76596493424063,233.68904577560855
2,2344,3219.10031054674,3115.7901212784564,1887.3642019091938,5116.237624813132
2,2345,295.44381287068,274.4204753819958,147.3299486114682,567.4174092081068
2,2346,651.0268537600631,620.1858373454406,349.77441415378587,1128.5707181736507
2,2347,1559.3882339244688,1488.2112689535816,866.8966660574948,2647.269658446205
2,2348,542.5252090741857,521.2345439197793,306.41618781640517,896.484706036772
2,2349,274.47220859221204,255.32545603660407,154.2730494045366,506.3911028588946
2,2350,2805.722811327253,2714.865324958173,1637.4913659538797,4483.474417641436
2,2351,88.96525957379833,88.00960086373189,65.48975333323646,118.11607679013773
2,2352,233.67235607335556,218.62217962142617,157.06758112602103,411.3122764829065
2,2353,581.7263514128454,523.2668611619288,284.33321749356355,1217.8963928823
2,2354,1287.9981111059467,1203.8099345222756,637.4836318709182,2422.330913373247
2,2355,939.5261667584416,908.8449240153477,619.5640321064877,1438.9012128172326
2,2356,1105.2427090612616,1068.1311231543204,705.2290092567658,1721.2911568199236
2,2357,1532.8625755519129,1466.3875757406217,834.6818444539447,2602.63445997598
2,2358,4655.343337174278,4498.685356180176,2695.3700382775855,7480.163727607852
2,2359,160.0928574321903,148.8204248040735,81.62158895510392,306.39968860527966
2,2360,2937.151852583093,2838.7086241728125,1706.245771066364,4717.555270205877
2,2361,854.3808133606635,819.4441348334216,480.2349263670776,1421.4447088407728
2,2362,244.66019471009483,230.0183648104881,127.43159248460498,448.22200609862625
2,2363,287.6678666469674,266.0880680815528,188.31324390507697,527.7066082784078
2,2364,2886.060505799921,2824.141313003178,1886.3613767046656,4249.954928255335
2,2365,19.150603781596825,18.93144974653235,13.990547591227706,25.581505566355528
2,2366,155.90352088675303,146.88645715688972,104.71051232271542,265.28728696711846
2,2367,20.845584548695108,20.573872210175328,14.640260751262758,28.614197582861
2,2368,68.54076244519342,67.77735506833953,50.80706853303294,90.48754398132735
2,2369,382.76954937036544,364.047826330637,233.54761799121957,647.1520700810396
2,2370,389.68868958935394,368.67892825230535,237.9435807606429,666.3550309096844
2,2371,55.589431781378416,50.78558414413856,32.11222910867971,108.21510424090275
2,2372,21.196707837859808,16.351925522665546,9.574036452815415,63.14785422626173
2,2373,75.34035553342233,74.49979787905426,55.30205231742006,100.14700431906665
2,2374,11.221735166701212,11.079697087998982,8.038091340089887,15.19989175001938
2,2375,61.39310554776038,60.753491576885025,45.55299521552432,80.82208118692165
2,2376,30.184027249896662,27.889242215086075,19.95204077383626,54.639431642960446
2,2377,239.89020783507968,215.58443622297926,103.41749128000733,528.411329332573
2,2378,239.58438882318643,230.17452997185154,166.5380621340201,370.8032126037925
2,2379,24.084171946023844,23.82158448938148,17.879114672772914,31.740569254140325
2,2380,50.78919929552925,49.21736950212396,29.945761712283975,80.29008625929613
2,2381,372.53901274679566,320.25259286479314,131.38078579261986,937.0593652694693
2,2382,42.02862744717574,41.558142962691235,31.037812006488757,55.59415871036978
2,2383,31.547520743972765,31.20288407019964,23.212641760393893,41.818107002277
2,2384,40.90524608483505,35.834250517040076,24.695346658515447,90.32847509254019
2,2385,19.977977790377505,19.75165418506755,14.614386369616913,26.65208163979107
2,2386,48.57115127605845,40.751974425883574,25.29774565475115,119.89755450297929
2,2387,65.99819377005164,60.85425322430121,43.276096434584296,120.90563405032745
2,2388,19.952159442639854,17.240376052563953,11.698915579936898,46.00258828135563
2,2389,56.93573136201125,56.284449667438764,41.825725488140854,75.64490097531777
2,2390,35.493741670518595,32.03737159017481,22.711515524385085,70.80000368111841
2,2391,11.141396298929294,10.995342230171806,7.746656360025574,15.376446601739385
2,2392,51.19197902798485,46.29915718843628,32.72123814911067,102.86782364768797
2,2393,42.52549330909762,35.17885352147401,20.3324238340163,109.84372520751761
2,2394,23.898158110133526,23.628674260236494,17.63667177549465,31.666557149428105
2,2395,9.603289534547352,9.474208986964733,6.672855433290606,13.260621937616639
2,2396,194.81326294586898,176.11005317097093,107.33637275122304,395.5641745609199
2,2397,66.3226091297259,59.939972855279315,41.6774532470655,132.89319746437968
2,2398,9.9872653696499,9.851140483399199,7.00851390036718,13.696530634155836
2,2399,32.87047276865865,27.000517997706694,14.194735794266725,87.15403065077894
2,2400,13.498150549472383,13.326897440136447,9.540621734153618,18.43802241032556
1,2401,0.0022594425918097774,0.0017874757052828644,0.0,0.007775660347944207
1,2402,0.16038601302063038,0.14500764418277962,0.06584493337526406,0.3432053632739811
1,2403,0.46459896470743095,0.41824993809000643,0.18424119261248026,1.015755321534789
1,2404,0.867387538287272,0.7621133286870332,0.3546710279362471,1.9990467098886058
1,2405,5.298491415363898,4.325450934663563,1.2231017481590165,15.120636010599725
1,2406,0.012768010779620394,0.011597413903101542,0.0,0.033675922386991075
1,2407,0.6496644886282598,0.5199557271265552,0.13972202104768422,1.935524785509263
1,2408,0.01387853512078703,0.012027145032088935,0.0,0.04233428929976618
1,2409,0.34975275320623467,0.2721106490832738,0.0823023167151689,1.0836171925513556
1,2410,3.836113571316464,3.123452500733281,0.8725494706082991,11.019338385764431
1,2411,0.0022511994032261783,0.0,0.0,0.011933031416220109
1,2412,0.009872897798449732,0.008731552522875554,0.0,0.02851940142367297
1,2413,33.21204492275002,27.55640697272716,8.019455990559806,92.2008766917502
1,2414,0.2549523176763512,0.21490752868741703,0.09921637355074821,0.6550223196290657
1,2415,0.3258634224545579,0.24823665668665257,0.02802636811976081,1.0852486015213376
1,2416,16.98519190296374,14.068348614491294,4.094996734526184,47.2276434205837
1,2417,0.027755014115022993,0.023671180085882967,0.0,0.07761333862110646
1,2418,0.006316444348720495,5.483760067568851e-05,0.0,0.038602137113020935
1,2419,0.12026372960496932,0.11379129475025812,0.054039761957945555,0.22398248955638644
1,2420,0.021640993145908283,0.019909907392557373,0.0,0.05347736106608861
1,2421,0.1402489518452354,0.12292826101063854,0.028622858621184716,0.35096357759200936
1,2422,0.06345212156735355,0.06000317545086035,0.029865752416691503,0.11697332367382604
1,2423,0.002525567349681872,1.778727629441531e-05,0.0,0.01337054178571599
1,2424,0.16470320000913719,0.14110545102379757,0.04449387054209558,0.42154460458127935
1,2425,0.06515177311835872,0.054602128678661134,0.008130925602711975,0.18580132785671435
1,2426,1.0012544338481422,0.7887592386230027,0.20894264856349185,3.0452246070601783
1,2427,1.5072027043737535,1.2300519009605422,0.35621327860831165,4.265376325421009
1,2428,0.03202995318567032,0.02908970426410911,0.0,0.0856532320760281
1,2429,1.2042652097363329,1.1312102212252508,0.6094736955215104,2.22201329838435
1,2430,0.041849864461582745,0.03335588980812447,0.013445237401071501,0.12260593287743092
1,2431,10.081067609331047,8.278247073009974,2.352109776601627,28.504693807293442
1,2432,11.154255830932316,10.329612834364383,5.236661492834729,21.8773805991522
1,2433,0.8366921141435255,0.7245289519404303,0.23815022085639193,2.0897337221890053
1,2434,0.42120594228583585,0.3814874648870198,0.19605991163285527,0.8728976147571935
1,2435,16.756028086045717,13.904251086051653,4.069334990253237,46.404874455286
1,2436,25.060593130351986,20.839840118426125,6.081560770633697,69.11769703319402
1,2437,1.8527710304332436,1.4984611151580185,0.41163159391775006,5.388625560525394
1,2438,3.702303835466291,3.266599406300004,1.2857328660373895,8.556909870987878
1,2439,1.4539551676464217,1.3213571487847675,0.6218366093430978,3.0712339061066793
1,2440,5.240038334759149,4.2706164001408204,1.1971706488365526,14.871359560019949
1,2441,24.302015930185725,21.910119458283514,8.723094325530061,53.58356923977068
1,2442,1.140259669219439,0.8881952043315045,0.2143432924706126,3.566985348356418
1,2443,0.38771257314557617,0.36719516364077676,0.20255388820352277,0.6883823264528965
1,2444,0.10570545462443187,0.09140151478761518,0.01206568565548495,0.28332810906953704
1,2445,1.3103361165234197,1.1824287761322352,0.539001462591648,2.8239761135484245
1,2446,3.0330776349336697,2.8376266151260046,1.4672580215138422,5.709333493351368
1,2447,3.0104980471158713,2.5203987124234866,0.7492766969663102,8.158274685616815
1,2448,2.8467407555051323,2.6385990951198184,1.2937503820765255,5.5913177740450895
1,2449,2509.4059479552934,2414.779581756803,1272.9037103256248,4270.53643957352
1,2450,0.44634585596557913,0.3969060477933874,0.17096061966024984,1.0197466457423363
1,2451,6.024313593406177,5.316174343196716,2.1276048956054656,13.956885451904656
1,2452,18.544158323417786,16.84893048585004,6.870252861571274,39.81176187238593
1,2453,1.5767219154100152,1.419567935511112,0.5696652829924456,3.485452370726819
1,2454,15.084832068217658,13.575819577099622,5.449197252193972,33.450460191145766
1,2455,0.4977548832068456,0.44262681752415634,0.1837710303271926,1.133798611018412
1,2456,1.2597732543143558,1.1675070113545765,0.6150442455002642,2.434662800067845
1,2457,3.0906626299230293,2.561310531594727,0.7441462151598729,8.619168694485861
1,2458,0.7057598969007677,0.6397308553153951,0.26297968276681655,1.5369240227362644
1,2459,3.0541986743221257,2.4597152332863077,0.6753141543130738,8.960987588586063
1,2460,2.6602047485976223,2.496763196530386,1.2816076865781878,4.985320696871889
1,2461,0.13156814072120207,0.12057498496763375,0.04889135013828497,0.2788759774543258
1,2462,30.860226966184232,25.668061546538333,7.365000502266703,84.95417944176123
1,2463,92.4674788396289,77.35256910889234,22.81870912955961,251.84404625071107
1,2464,0.212328669633069,0.1797432340129811,0.0,0.6044606208325299
1,2465,0.6960409694060439,0.6333446368166917,0.29966192699012484,1.459186666432781
1,2466,0.33162187814535754,0.3093751199446297,0.14969744213555075,0.6339089938418007
1,2467,3.121099827786521,2.5190161303565732,0.6979891995389731,9.093131564354936
1,2468,0.8979519433493154,0.8252636284391475,0.42150825232694766,1.8016581195727863
1,2469,0.5056466721908321,0.44605452762587605,0.13798213561951883,1.2204909402045332
1,2470,0.9143948440751594,0.8544092468821916,0.44330344823088114,1.7231753882631329
1,2471,7.524371690361171,6.5927155084299685,2.4081196637288627,18.09615165080037
1,2472,0.3441615325999019,0.27948390838245907,0.1269537133447194,0.9611727516339449
1,2473,0.33584269150350077,0.3111618628689201,0.15826004534919555,0.6605054276059683
1,2474,0.11660856417641899,0.1000566198603583,0.029704377658513026,0.3017404663982976
1,2475,5.989527115256051,4.962528948767179,1.4398324528601678,16.648259426284348
1,2476,0.3591905732293411,0.3217226344105423,0.1613647843168599,0.779525601540509
1,2477,94.03023514076575,78.41670208056496,23.08359337465341,257.00858383232287
1,2478,0.5187660196860282,0.460003517177351,0.1752867401419075,1.21565067821255
1,2479,0.6702338560888238,0.620749147984416,0.29638339408998665,1.3332116260175184
1,2480,1.3850553365067635,1.292818908822821,0.6592784681351742,2.648312977987642
1,2481,0.33276533213634407,0.3165052546388144,0.16800030699885557,0.5919787954350593
1,2482,1.7363356528915908,1.6010003518879556,0.8069812767063178,3.462673019679615
1,2483,21.610335727912005,17.662920662964908,4.963970317036522,61.20820774493876
1,2484,3.9262416763834027,3.652270983627522,1.8118399753837322,7.6120198527209855
1,2485,0.3141282521105025,0.2916881700815024,0.14444842151872672,0.616327061110733
1,2486,21.94691202565876,19.283448786401152,7.041651017379044,52.00815748610119
1,2487,9.933311207411316,8.229435011698982,2.4031087497419183,27.39660074176826
1,2488,1.6144072762725215,1.3063405275610758,0.3594870836039272,4.699290908924112
1,2489,2.795974310352947,2.5879917150923952,1.323416336291099,5.502652041468463
1,2490,66.27180520840614,60.83371615742249,25.429881443767048,138.2290749573852
1,2491,0.15850763342419819,0.13111173847547,0.0,0.4866378633676591
1,2492,2.397814121442433,2.2207043973529714,1.1120102768834486,4.716130977213173
1,2493,58.46084535906094,49.03426350106372,14.516906404812078,157.62597950249804
1,2494,0.09003910081727176,0.0719774023943924,0.007646100842893668,0.2816224578727245
1,2495,0.46559975189867203,0.3648517098154852,0.0796319632979113,1.4595480109064725
1,2496,1.104520070532795,1.0091387842039117,0.5214355826171873,2.271229126979584
1,2497,0.39209823636075286,0.3654551340000006,0.1897842414677051,0.7484942804768229
1,2498,0.11916955308823121,0.0962063564117582,0.0,0.40232916671045327
1,2499,0.013944262201923968,0.009596721637448187,0.0,0.05780460231791953
1,2500,0.8420692744967587,0.6875621843164113,0.1921358150495586,2.4169207328350026
2,2401,6.111835834509267,6.018226291805089,3.982899262378095,8.753039901781687
2,2402,59.93388350280439,56.02702075327653,33.187475081690465,110.61537257038685
2,2403,112.20668302873086,103.59704721020465,72.43493723395889,207.45867254982448
2,2404,325.21240647383956,291.60765000418877,175.91260980563172,677.4947335513511
2,2405,512.5981904763694,488.50560687415964,279.14983997479095,888.129957663749
2,2406,26.742899008260416,26.43637309318572,19.58527802414529,35.57441478785316
2,2407,59.39345435700971,55.0543749735257,29.19273326504295,115.11270411226769
2,2408,17.43971398468811,17.221202025202064,12.57239403961798,23.52865235774694
2,2409,92.76162198756465,75.43333495857233,28.983189416171324,262.91464015359736
2,2410,246.35272840508662,231.4438450849079,131.513006350619,447.8808182569645
2,2411,13.025693844439916,12.846910100339475,9.171995141351385,17.871562735522637
2,2412,17.477746164383852,17.255434362416498,12.665174946747392,23.504755750870004
2,2413,1658.196356511769,1595.6605533698917,930.2368334005672,2754.5395623850877
2,2414,72.38054189725896,61.71931871128954,38.136952341584816,172.27621687569015
2,2415,195.12971674854194,160.0156870892303,71.20319492756138,532.8343777412655
2,2416,999.5058682605742,962.0546238921069,562.3404121349804,1648.445352716839
2,2417,27.138873485903396,24.397112800852288,17.271269639492132,54.13140923289653
2,2418,43.64440287508194,35.52097848877537,16.114816914116307,119.67920982055684
2,2419,71.7393176948403,70.96420434814414,53.30406245509395,94.36084499773102
2,2420,16.22922791509993,16.035853678417553,11.667962375388612,21.912173817133425
2,2421,57.21219712031981,51.8238161846854,36.6176584617265,113.29821192787976
2,2422,24.88355942033095,24.582603795568865,17.90171211718092,33.514807259177864
2,2423,12.156795811333422,12.003411132093479,8.638948098273326,16.556186373013
2,2424,108.72504874676274,99.1501377354347,45.781963221505016,231.76006301172603
2,2425,59.98286819442789,51.65080309025933,34.13356762193549,140.64846432297082
2,2426,98.89621420385186,90.08422627775519,46.22718640141629,203.1685196620473
2,2427,96.64918463149785,91.60900179987144,55.028580755741736,164.2764301529509
2,2428,39.96845675113869,39.51221634395674,29.238071491336356,53.19514641002227
2,2429,228.7184614730015,219.91782000148504,151.67898604623988,358.5648837792486
2,2430,32.00854767643018,25.952744951432486,14.771617261833718,86.89928666059188
2,2431,798.4101825567567,762.2399430404321,433.84138787468487,1369.755811967709
2,2432,744.2376888503827,705.4036329263429,444.2762682018096,1271.3822788016935
2,2433,514.0430585709992,467.1074998035034,235.72458207073154,1059.0902600351126
2,2434,163.4163891278729,151.38856106224137,108.53706534820557,293.422756104387
2,2435,1161.0811426874968,1121.4648819498157,670.1554705037096,1880.2985395426472
2,2436,922.5414925170171,886.9695787212535,521.5544333844796,1522.9168777314742
2,2437,369.5055720560752,349.89313879345934,196.03639359167636,658.0984491966453
2,2438,111.68964029040357,105.67653516994173,74.78913975063293,186.73154242703728
2,2439,505.13080696253485,470.294294931531,276.69271324230516,936.6741693610686
2,2440,757.2413013388357,724.0859222050267,412.1375302319002,1289.216068845296
2,2441,434.1041437539377,420.0388917742023,281.69839976764496,668.5466666894636
2,2442,200.32891402436275,185.99483853299992,97.95112269352936,386.06296927220984
2,2443,284.1785923547687,276.930847312586,200.56358263495295,410.91532499672803
2,2444,97.63901091583114,88.54790625247188,54.766023279068506,195.35704695507002
2,2445,686.7483396959624,638.1323756679731,371.93745319010804,1284.4564344573007
2,2446,711.3977953196753,684.7207996289089,459.0503355412762,1118.2836231039978
2,2447,71.48553441606441,68.49738257043987,41.461635115993694,116.38044711338183
2,2448,1183.8919665216904,1129.2658709396546,704.5282095236523,1970.4641989566405
2,2449,8486.233260835208,8368.232062336141,5825.513096643281,11830.96850279055
2,2450,155.2221943353694,141.6690026997225,87.93761369576318,302.66102301261935
2,2451,887.5036406990141,808.1199652849918,389.54742658781964,1846.8278228333013
2,2452,411.4904634660687,403.8748639062741,288.9473539252515,580.2285826194934
2,2453,624.0232995459279,584.4836496595954,349.82586225349183,1130.5526908592828
2,2454,378.6176429134956,366.8484938823015,254.43806413098565,572.5766831751685
2,2455,388.5553196850751,358.38570814325766,201.3437476247476,754.4865536955243
2,2456,443.9061942638584,420.39474115811055,289.6554630117962,738.7334367115612
2,2457,341.20851597695855,329.0797278537857,196.38709426416028,555.0832278672292
2,2458,349.00988993138776,327.0809153140474,216.2940961512634,611.8783508255888
2,2459,215.59983546061542,201.6520542495822,111.95826362936963,401.52418299807385
2,2460,1029.8547126652256,996.2484521748072,667.754901253728,1584.6882391748175
2,2461,136.86867164021425,130.22058929223232,89.85203548922503,224.0930569804352
2,2462,584.5544190034569,553.1065398067828,308.6043924616881,1039.501955429107
2,2463,3570.0365047115492,3452.6822315995214,2081.588878093025,5705.42139548428
2,2464,306.15161772195364,283.2166581674169,142.93673673190162,603.8606248234047
2,2465,407.58677649015596,381.0622012097773,241.91044596271428,728.6039515441327
2,2466,204.6120733956916,198.0934558869646,146.92416733149233,291.96131920850206
2,2467,521.5911377498162,491.05309237869506,276.192549216015,943.6045786552287
2,2468,206.49954552833677,193.24535926964566,125.00293812175275,365.15723884487886
2,2469,298.7462218654073,272.1809723519618,179.98109942864278,581.3240810599827
2,2470,371.9043657186832,357.6813264845305,242.37774223581377,585.0827735293166
2,2471,239.43920840149454,226.27665851444203,153.72748569715964,405.86591405782264
2,2472,107.81357132473701,87.90241057962987,53.983112605196084,284.31759412689865
2,2473,192.2112370050092,182.56316975388825,125.17724790164324,317.40509019095475
2,2474,158.8384036902287,140.12363143972192,88.29799841217776,342.67368919140563
2,2475,388.6893938456196,374.0569342917503,222.9168883759797,635.2359192712405
2,2476,200.4751955661244,182.3526200013735,127.96770437758411,391.3248045899403
2,2477,4864.372581855738,4710.37220968309,2841.1062355184063,7769.106805014195
2,2478,121.90717097396573,111.40576094190976,70.81822204438875,235.56820699988066
2,2479,436.22385628499126,416.48235595842755,264.02327150766075,721.7415045944027
2,2480,672.908321975513,646.2495006593708,416.48320560386094,1086.2227023938176
2,2481,93.8308092157519,92.76695738298591,68.47226803614623,125.38226071614164
2,2482,464.27146100737275,436.75798087126316,280.91783302596144,804.1907562750253
2,2483,596.0100698229968,559.8867553268341,306.0087979398145,1091.6360260446943
2,2484,1127.24656062465,1076.922111344131,660.7079008351124,1872.988801787638
2,2485,315.09762330336105,300.7411713219193,199.63677310210792,514.6419481717617
2,2486,329.5694472293117,312.48576631148205,192.45946127308105,564.6375393067498
2,2487,621.9914307126321,598.6973821443416,358.0994822184768,1012.0762472371832
2,2488,253.05106295231337,240.11457888624392,136.42927046128435,444.56000102297156
2,2489,411.6194756095311,388.4280910668873,254.005131272355,706.6401038495603
2,2490,762.6315431056256,745.7427817788694,526.5475417852481,1096.0058993478021
2,2491,243.36163826138232,218.6018925683308,121.82939864874992,510.5099313432444
2,2492,719.8238371394542,681.4623396164379,428.9856115178246,1230.1351964950602
2,2493,1599.3930730770564,1542.8692498345954,920.1943032531382,2585.3271031404934
2,2494,88.89715456158002,72.88526935735418,44.590611667855555,232.84580419777134
2,2495,148.94558938524403,141.07093995161893,84.46626989516878,256.6657548771899
2,2496,298.29726017335395,277.5126773692857,191.82930238359577,535.2207192279142
2,2497,294.2099401526001,281.2280141416734,185.38898594502166,479.2273886614486
2,2498,137.04689971806084,128.01174725046565,77.00339062203142,249.5539791060835
2,2499,75.98401689433841,58.95083123768338,35.425918142983434,223.13487217983922
2,2500,132.5956757768873,126.42888748563689,73.86484653294592,225.93266587154667
1,2501,8.382429123143986,7.854606330350997,4.028233436555928,15.775900394931062
1,2502,2.1940155647521156,1.9865706416787265,0.975903337599876,4.613648268552209
1,2503,2.3018002830535025,1.8865289309227036,0.539391567767714,6.5006127843370525
1,2504,84.65478188887872,77.51054286891227,31.993158058034506,177.54196359967574
1,2505,465.59521596466004,430.9730248869606,183.9891543764332,945.9437265243766
1,2506,0.03833766534932287,0.03293824995519688,0.0,0.11029714100390774
1,2507,1.7795450950107208,1.453969594673334,0.4198865965525624,5.031368679327738
1,2508,13.07592130105871,12.402258625766745,6.669428656355037,23.30776747924947
1,2509,1354.0611449945968,1294.0274759173508,660.4190048447247,2384.8922294491726
1,2510,5.6294874571785725,4.961259176434568,1.9159890695311572,13.174847309419734
1,2511,0.3859060984739825,0.2972433351474358,0.049001211855598775,1.2371496000326259
1,2512,12.710021691953575,10.496928231634705,3.038664869011759,35.49371078168726
1,2513,131.43917545854646,120.41294792141326,50.213786457997095,274.4697322005446
1,2514,16.58165122458711,15.047661887492401,6.139314897426595,35.86550044945015
1,2515,8.11755305422576,6.72616195940031,2.219051629236462,22.25144121739322
1,2516,2.335796158956818,1.8369552845826356,0.45550772107740045,7.156152935608018
1,2517,2.055866808266786,1.5690288221914142,0.3912530349131944,6.599277715188658
1,2518,0.04818836832591593,0.0322469410614008,0.0,0.1985985871199521
1,2519,4.065459935453223,3.7932204377786007,2.0004711693509676,7.704508161384485
1,2520,25.887775776306484,21.35587360369555,6.117585570462,72.75382912242061
1,2521,1.1119162215072795,0.9733541615543069,0.432478095016386,2.613263915672816
1,2522,0.9821329353537792,0.918043438781604,0.47639509267637203,1.8536640545959755
1,2523,1.5147948812575012,1.3935918502527904,0.665540560651748,3.065477304152229
1,2524,137.41055430352387,125.64323105496123,52.23503592602789,290.3105842729129
1,2525,122.96874606724883,111.71797321402178,45.40098399853702,263.9797280752736
1,2526,18.27667473632167,17.048847783766263,8.909327065580664,34.71125864748325
1,2527,35.10256132549818,31.81866091399987,14.699712486472086,74.68562264081453
1,2528,17.943051623095577,16.892479047080332,9.240383732949011,32.756775538471395
1,2529,17.911362792352378,14.911139546175093,4.4095480298026795,49.04889785255722
1,2530,1.3897362801128326,1.1669296658320416,0.34691732881894155,3.7507788732036738
1,2531,0.41610826223768416,0.3440078776376839,0.09562035550301214,1.160170486004159
1,2532,208.83454225741514,203.54499648477412,124.30131960109208,321.5370707095762
1,2533,202.90866561476395,186.97240807288563,78.7843522211153,419.73446003266685
1,2534,11.990599791191508,9.164098843390422,3.6342047932895594,37.9668981402158
1,2535,54.283485851892,49.4237787984645,20.477674028530174,116.50894277929676
1,2536,739.5512534173034,706.3331453838457,352.10527282626697,1312.1424435379608
1,2537,0.5385180055982397,0.4106969721736813,0.15556924695101002,1.6897383140133861
1,2538,38.75265261255407,36.789202222492236,20.37508934579881,68.54473327576582
1,2539,304.8096693845866,262.20715167310107,80.48157409486535,779.4779329070855
1,2540,16175.692330158103,15973.9841078153,10944.082137927504,22575.447355015996
1,2541,4.123950812360748,3.6923910088208496,1.693862815981935,9.137100257408118
1,2542,0.07154557934826399,0.059972053222853844,0.0,0.21870081036838038
1,2543,8.905126433472425,7.467867839003965,2.210763688820586,23.89754240998742
1,2544,23.554169551440854,19.59591467790117,5.727361202022989,64.65934531710094
1,2545,1374.6251376055488,1311.3875051538193,623.7050465277147,2481.6999098272763
1,2546,188.65690812970863,162.54596043157972,49.836182578251034,481.34550478598106
1,2547,3.643084365927562,3.495716956436316,1.9642507047584181,6.166767679820938
1,2548,0.23344344005308074,0.21497967043794666,0.07627601252281044,0.497564716387941
1,2549,25.337450238225912,20.933399287914185,8.45234678444128,60.83355726259608
1,2550,9.850671009552261,9.026385983210911,4.6621253604094095,19.739455416265802
1,2551,14.296470901643904,11.588350214215001,3.2030290519400797,41.335377153844995
1,2552,11.163004875532293,10.567531799474393,5.80398312052485,20.031198323189145
1,2553,212.35670924360588,205.55789378772448,114.50767819930468,351.16958681390406
1,2554,14.304820428611082,12.598631206651874,6.541726932439647,32.78610111786194
1,2555,3.8087014761085496,3.1412073253950847,0.9002912906203842,10.642312349627563
1,2556,1995.780347909543,1918.9125760140823,954.2551704049395,3480.3421797599876
1,2557,4.797553013742967,4.139034415920767,1.9163353571083088,11.661764972630754
1,2558,1.9149710849542263,1.4416176152194038,0.3737557496498427,6.276399222990368
1,2559,1.4658350718608129,1.3788041932170867,0.7318426746847609,2.7110332652680085
1,2560,6.284111299477684,6.057702753701145,3.492583174905818,10.365582501293602
1,2561,80.8560280989094,76.28363758818767,35.28686324814404,152.3946439174126
1,2562,13.518193598621275,12.712135914105943,6.850482392971708,24.776476719151905
1,2563,2.89547575645637,2.7564677249638594,1.4793321913987747,5.094920554890087
1,2564,2.4840628137670966,1.980892514162441,0.5361869471798529,7.402401211420109
1,2565,3.550011591925154,3.2366219191144707,1.1181479537717187,7.818959822160986
1,2566,0.460971980327059,0.44043323847344706,0.24324433138185547,0.7962622587317301
1,2567,1.1864746163539563,1.0239535774110307,0.5318900580224031,2.8331579399609383
1,2568,2696.1813338018524,2602.9327885974462,1396.7007591274785,4517.472116988733
1,2569,0.5900146400334314,0.553115288646199,0.26886269543052677,1.1201342504475416
1,2570,5.731600639344493,5.185871336176379,2.801462310330807,11.939455219474327
1,2571,481.73340358837305,458.082133067703,214.71290172631382,880.0069574030873
1,2572,4.032880793630543,3.7625018431028723,2.0192435611813027,7.659931704999994
1,2573,1.779431692347473,1.4175085676639356,0.6874207479810927,5.150634291102385
1,2574,11.081019741962924,10.304802905469899,5.2847609396965645,21.414891639336876
1,2575,47.550166969853706,40.4130092198983,12.095159196273382,124.84198641149743
1,2576,0.3475662876676626,0.23606910521933216,0.04227156648921084,1.333545610268388
1,2577,10.025914104032138,8.24219002927304,3.3054720092059493,27.60116160379138
1,2578,3.327232466252576,2.7757922555182857,1.1741588258900093,8.615905548398366
1,2579,6.692512309350647,6.0803963722973515,2.0971240203497667,14.766930516739388
1,2580,8.602925415591887,6.130943398444642,1.9194665162943374,26.98565668965284
1,2581,3.8608393627312845,3.6902699382212605,2.028086871197582,6.657069965065768
1,2582,16746.03697546061,16483.30872798423,10407.474607473438,24537.398338251645
1,2583,13.628836037877145,12.296492087780145,6.149180189655919,29.20652902941625
1,2584,33.57784492831393,31.926682155436808,18.15299320279362,58.704328943523095
1,2585,0.3922608403261866,0.3336122188931651,0.13463048677754316,1.0055373053527752
1,2586,2274.246471372945,2147.582994045867,974.1401683826556,4282.265448936412
1,2587,12.529634690911521,11.514987188165756,5.778866705886572,25.172966833776947
1,2588,0.9171685701725725,0.6529641037501137,0.26768452350997624,3.2094676793438963
1,2589,93.9643262079848,76.36642452239525,27.96022846660361,264.650087229814
1,2590,0.3719851106977907,0.31997349699896727,0.15984412095841122,0.8624646845157222
1,2591,14.502478737491828,14.018661396582612,8.06877372965877,23.68689694881803
1,2592,3.3975005540049037,3.1014811202855626,1.5707159871023542,6.993708639903535
1,2593,550.3875807485766,500.70921498979646,176.1453421935335,1196.664791846415
1,2594,0.5560036816128763,0.4893237856772431,0.16912784271995002,1.3104956407560489
1,2595,484.03294375533795,461.17775002722846,217.58082276798916,878.8332560811981
1,2596,3646.5491339629953,3474.5709513155853,1506.4808769717183,6761.760676961354
1,2597,14.20498183086521,12.933975152023535,6.328779796852955,29.46161144943122
1,2598,17.898352826412793,14.960820518167132,4.346107613016093,48.36083893780028
1,2599,5.9745602881073685,5.571954882936414,2.8884364368973574,11.415904851718057
1,2600,6.845200727643842,6.348020323038721,3.2324265181881486,13.423606346470686
2,2501,1512.4631427823717,1455.1208438992226,933.9584756775546,2417.4872313260594
2,2502,425.9172813228178,394.31101901677107,251.3842901202271,787.7529237333406
2,2503,381.35991724178217,367.3226700662234,218.93639669599634,626.2657418389374
2,2504,777.4606308715456,757.674378501639,509.15870511909594,1163.6502645593143
2,2505,3591.1048536266344,3529.8544779000586,2443.667700593195,5100.289218115232
2,2506,350.0910424675894,325.41780267458637,195.38241404638302,648.7262122038627
2,2507,100.72669511866837,95.11551499977692,56.720666312582516,175.6098291966849
2,2508,1783.9741879312116,1742.196063043047,1181.5885802708988,2624.0132891445924
2,2509,7589.555152905835,7496.069092130155,5387.4728965570375,10327.888323281648
2,2510,171.40126084594294,162.00593642460083,110.81076829940879,289.9697250059276
2,2511,80.2649011389097,76.00458088606716,45.671132011922396,136.49893854993806
2,2512,1707.822386728798,1647.9694656355177,978.1068292547166,2774.4833818378434
2,2513,1792.8167001985578,1761.945423622233,1243.564604267821,2525.428536999637
2,2514,488.68486045577885,478.4744396895973,339.71288257194607,696.522359525103
2,2515,247.59405380840678,220.52544258553144,120.77239337896212,533.7447234720719
2,2516,136.3745173267074,126.59986544126153,71.76729397441555,258.5102493012694
2,2517,241.83207321998327,215.29494710397597,107.09130215740974,534.884590985165
2,2518,272.3372903422968,241.05437460269232,108.42585408798122,623.2740874248922
2,2519,470.9671311945351,448.9377867481891,300.5202684837337,769.0930847987441
2,2520,1693.0139868604144,1621.7917806643031,930.0524177214356,2856.3660756188447
2,2521,391.3197040905343,349.89706189747545,189.97031064309118,834.2792336060816
2,2522,379.04974099490335,363.8610653081032,248.4544413048212,597.761264658797
2,2523,596.9537782401094,566.8502863809816,336.21510383027766,1026.6496896483209
2,2524,2298.3111960354445,2260.239288078319,1605.3011998588895,3194.276792595029
2,2525,1861.621219835726,1818.2750140966436,1226.0360513893093,2748.726504050545
2,2526,992.8631382266029,946.9911131344023,620.3431712988598,1630.1297414474923
2,2527,368.9255097985923,340.9627789543431,185.7565619512133,718.5275830831424
2,2528,823.009997409309,792.0147245908333,551.0273926205552,1278.2848002447922
2,2529,156.69396886404147,144.04405912440876,80.98377845674318,310.4883590631295
2,2530,45.56807167192885,44.22095722602765,26.951356297332076,71.66424387524518
2,2531,9.463861847734405,9.153400916724802,5.454555974792469,15.228907458314621
2,2532,125.73752129246164,120.8319585804773,62.015308633369195,217.33790213495345
2,2533,563.3995341541047,534.8436375005667,296.15945452123714,996.1557046844962
2,2534,73.94949472783802,59.04791887743221,32.31174700272701,211.6170683769887
2,2535,233.97400287618663,220.2229934369575,133.19937614610208,416.0574464764158
2,2536,999.9006911192148,965.161841913975,536.7061151561154,1665.1966811158807
2,2537,61.07109626622141,47.265750396868704,23.42493091158713,181.6258943957013
2,2538,433.5591000575681,419.8019541011864,287.93209895983773,660.671604263776
2,2539,3085.8052447410287,2982.539980601815,1764.325494036635,5002.03319741256
2,2540,6880.563956601169,6652.398060172689,3720.9878022697076,11316.363139100971
2,2541,245.81912968237043,224.9569313546025,125.10507523826567,489.2688094471569
2,2542,4.187518072231276,4.119452049949381,2.573854180320621,6.1892272767065375
2,2543,135.22447640356276,128.8513977108011,74.04249273470893,233.39010173704992
2,2544,746.6394490137245,715.7929941049018,418.9676225694732,1247.0423975721346
2,2545,3199.488372612465,3130.1360723215175,1966.930454182445,4815.613446556159
2,2546,1816.3008728306406,1756.0581802810243,1041.054757622442,2941.1477827382146
2,2547,71.59603703082283,70.64354606103146,51.16790327130948,97.11036951530119
2,2548,10.7190540196903,10.564075074952337,7.294944690280982,15.011725231462314
2,2549,27.3847311173996,29.808972965550552,0.0,51.22001903462288
2,2550,485.4255934837825,454.0369386125501,292.40286724757516,866.1326422340794
2,2551,180.16742457454086,163.11555727559482,84.00443210484137,377.0400520399641
2,2552,509.7805866709918,493.7234978775748,344.6652348609962,769.6746521792987
2,2553,185.09963335511807,178.29464838659112,95.34429715752808,314.72855633645486
2,2554,215.17676289681592,190.6016417701618,125.00512809912392,458.3798329524898
2,2555,102.04757771960794,96.46382819176335,55.281571007112056,182.19253671718505
2,2556,1065.6591596461362,991.0154123457432,370.60371924890734,2190.80132758372
2,2557,178.4223834227217,155.8174121144964,88.37467117035465,403.0204474121826
2,2558,53.00749957028152,44.804707092194185,23.124183923544965,133.55568306244325
2,2559,323.686862758269,312.11929064253843,212.42690371780125,501.05269788519604
2,2560,45.23603415665463,44.69471580296033,32.650253028875525,60.92901808093679
2,2561,251.27144209117435,244.54170362482952,162.90560666311808,376.9588516042767
2,2562,585.1137917793603,563.6651840099214,381.681548728184,912.6638634751964
2,2563,68.96619630311075,68.06616942229553,48.7786387008179,94.17509988953837
2,2564,116.1327312065766,106.66073651602582,55.79256288195501,232.93168079513927
2,2565,9.79417085610611,9.4460638441357,5.045326839858125,16.566484053070933
2,2566,22.72803373504797,22.444748236842436,16.28502153440202,30.769446055967805
2,2567,82.74344412541089,71.81233743622741,48.1018387782077,187.86408385770147
2,2568,8158.057098366821,8050.2163569050335,5625.937861866953,11290.981275789058
2,2569,16.731753357308577,16.510767149122394,11.65445460776054,23.100861920858232
2,2570,190.990816950004,174.6167363675118,121.20606792875728,368.8590663717728
2,2571,1341.7412133357666,1317.6748072838682,856.4578396141889,1962.5001134262152
2,2572,135.94353170297802,128.9873419778468,88.03525870677882,226.01293832730312
2,2573,46.92127481266944,37.35090315344207,22.72273954330358,130.5722060551933
2,2574,595.7518574929346,565.3756498985106,357.4806317483379,1005.8326691084343
2,2575,645.0730718299957,621.0234556825565,365.65059185744974,1059.9712545024345
2,2576,21.618080939907184,15.22699618603193,7.93544639053479,76.6030918163875
2,2577,81.25104692747318,68.167018694894,34.16616538866085,207.15781155687856
2,2578,21.360650939440674,21.142006055080316,12.723349345011533,31.428779353088178
2,2579,19.941061278508286,19.239886186975422,10.493608161291625,33.1695232674992
2,2580,13.45910359775149,14.271249499636179,0.0,26.53274346784623
2,2581,50.0819656018393,49.38011033694083,34.97413580970077,69.00323442059582
2,2582,13952.569887361147,13657.270945238892,8296.422100055357,21299.09972461806
2,2583,178.74723630381928,163.08611661262734,99.7754043387718,351.29044345155984
2,2584,142.0233632683764,136.47466415292223,92.61624263285816,224.52721906670854
2,2585,72.47547503654198,63.10369287720021,36.98793425962855,164.27504799223686
2,2586,9373.801746357458,9257.685864000414,6378.285866658486,13063.862510684035
2,2587,314.8333630388251,295.15986281687674,181.34414766689412,562.2903402437317
2,2588,20.295542612953145,14.61341732179481,9.039893650306563,67.75199125989565
2,2589,153.68227731176233,126.74800923996531,49.45262051982192,418.85458805947826
2,2590,29.32965302039302,25.665708067843234,17.903004922575654,63.519454411408866
2,2591,61.078968896952496,60.317531043559626,43.13742232880629,83.4412297342821
2,2592,237.15386936391673,220.27037711578686,139.3562244729619,436.69825176850924
2,2593,1267.6176955897295,1210.632067998267,609.1942375606991,2256.774097659006
2,2594,12.381786335008604,12.173273736040866,7.31873655101472,18.60141225151244
2,2595,1312.0948771820304,1289.0668232838548,840.10493498236,1915.8618416145166
2,2596,3535.0447855082684,3362.333809013461,1447.3825380484502,6602.466799654714
2,2597,682.5020507384658,633.9447101761345,380.9531126864552,1269.6255765481826
2,2598,189.13824142570556,177.8701134722379,94.73272087125149,347.19957455367927
2,2599,530.7320384793926,505.9142115737005,329.54612460663964,874.6790235889562
2,2600,342.15291497192106,323.5163092075694,205.37285175350422,589.5095791411867
1,2601,3.625994192026364,3.0549638697777155,1.1507144683400443,9.537368884061468
1,2602,4.6095725637102465,3.947506169753977,2.1344090747460647,11.022564633227647
1,2603,0.12016281970546806,0.10702993898341384,0.02337789832423014,0.29157486542609756
1,2604,1810.3423880631367,1719.385471168586,799.7818507590921,3322.3293146375922
1,2605,2.290771944060231,1.830612252387253,0.7868088584530358,6.611746441421386
1,2606,3.0127022434555557,2.7685122827892865,1.5034877131395168,5.966401494564756
1,2607,40.07228278789237,36.62797159745871,20.118845232322688,80.85690857704097
1,2608,6.292177539477256,6.050917613998557,3.4823675755866517,10.484237391777118
1,2609,1259.30966625716,1195.515129998489,553.5033564964243,2321.5453497248277
1,2610,10.003847595030935,8.985271142609324,2.958521924045695,22.80211212590492
1,2611,6.700859553265072,6.114355847877658,3.1755015967621922,13.74476256040996
1,2612,0.32968113031163426,0.29405798798717686,0.08644659572073207,0.7805824791753052
1,2613,5.912380257364536,4.88250890323556,1.4745715231380867,16.021596586268625
1,2614,16.153217293715155,14.479326721860701,7.467749997543657,34.77030513028201
1,2615,7.220417013774616,6.72558398172207,3.609864964901304,13.80666539999341
1,2616,75.13113734277302,63.3005441513995,18.80848801351709,199.8656691202222
1,2617,85.77283632367146,72.77661594384693,21.65836926337574,226.6448673750516
1,2618,11.9748272146742,11.180268197972897,5.731062689777918,22.91025186412933
1,2619,725.8266134673459,695.7371143608945,341.6710971490958,1278.4131438797317
1,2620,46.61287386186082,41.61592649777259,20.580104070921333,102.40802355784862
1,2621,0.7600981206086691,0.7287637618903737,0.4074401074529269,1.2957251232155014
1,2622,1.3004264752950592,1.116388315201103,0.5432738317710684,3.1809921409553836
1,2623,2.320707686893472,2.227683565789924,1.2560431270038177,3.9189030814492862
1,2624,1.6988322942849987,1.346301071404096,0.6099527601892477,4.985216408191746
1,2625,11.106282114898884,9.088762576797007,2.5480642684033605,31.47955377661337
1,2626,28188.586862639324,27783.57405360049,17778.261705716755,40916.93112923424
1,2627,35.804024555640446,29.95808960309745,8.753816833771396,96.75660986151648
1,2628,1.6764107723114394,1.6043239863686058,0.8895324074102609,2.88506953447025
1,2629,1.1737422175588463,1.125818915996886,0.6400937206295085,1.9792808893341833
1,2630,1409.4774986259652,1353.053005222446,668.7483873498448,2472.3231118836106
1,2631,0.9343982748343086,0.8916847928708178,0.4850050959006325,1.6321905726243504
1,2632,15.345868894030431,14.535991904246597,7.785881864600909,27.631299677707226
1,2633,4429.655861978295,4274.999290969574,2255.8588652025637,7461.986645392367
1,2634,8.165849139238798,7.728680104148035,4.219628018973764,14.628892478010036
1,2635,41.71094970835012,36.60897635896626,11.614947686985564,101.63420955558244
1,2636,6.316413084422297,5.977038420152256,3.2880762422167766,11.314460155956784
1,2637,9.378712793261263,8.698156056363679,4.397306464259644,18.3306879616906
1,2638,5.321327835107902,4.608355122282725,2.1200965556788054,12.757991639816924
1,2639,25.81303453529828,24.400944466929744,13.435351144863,46.42794537971327
1,2640,8.884879667491346,8.206195343551578,2.9782132179340746,18.555265152829897
1,2641,237.52324367794267,223.13536027642408,99.33846336730208,457.2483423184145
1,2642,6.758142702427995,5.986285049449754,2.8911899146358686,15.288221221410916
1,2643,0.7184541186220055,0.6079412564588085,0.1736190206939797,1.9018871002546893
1,2644,0.9940559007744916,0.9517081724475388,0.5356709456544193,1.6942914789991042
1,2645,4.957074913463476,4.44421912698326,2.3716607183228238,10.68424494014829
1,2646,1.2056983769743415,1.1359065803842736,0.6357226555905569,2.1406943072512483
1,2647,0.5023041860466821,0.43248336786044095,0.04164668454720189,1.3477418841066424
1,2648,185.9753080668685,159.65472805925634,48.83238557448036,476.64311657125114
1,2649,23.31420303900801,16.836409700255533,5.615241211414142,79.18932659522312
1,2650,127.27680206901692,116.645546396235,59.585567262218284,258.6787237409316
1,2651,445.565503483341,421.8557402341826,194.06300968231372,828.3629209657308
1,2652,19.302993649904653,16.62386600455566,5.133360667821478,49.1802678023192
1,2653,32.68982233577843,25.93328626908349,10.158315800703269,95.9361414939833
1,2654,322.70480477829057,306.95863647465274,142.86707011176236,592.1851914606582
1,2655,84.06388384087037,78.96940716337691,35.85562838953305,160.98923887930903
1,2656,0.4599371677651107,0.1812134566043273,1.2618628817096438e-09,1.9660857768664475
1,2657,0.05769231599657645,0.05169253809616708,0.01017294995824332,0.13901667062599718
1,2658,25.088293817021817,23.307356081971903,11.712020611569145,48.733332950394235
1,2659,1.3458812284147135,1.1157132801897094,0.5097511379414285,3.611364474562777
1,2660,0.04986952569959721,0.026666211003863165,0.0,0.1869183417589898
1,2661,26.439292304143336,19.36126322063485,5.209980687837372,89.71015559230274
1,2662,45.62811601457635,41.956695374275455,23.05284125572062,90.20019309338082
1,2663,1.0413326381694465,0.8496743719981383,0.4386936826640522,2.860749625652501
1,2664,6.482849261990329,6.064119080613429,3.083295529786345,12.324808098108608
1,2665,13.69637031654026,11.687546891413337,5.812691856605633,33.65212867972723
1,2666,12.80327746434105,10.67500626793859,3.1288586322903207,34.89659950904726
1,2667,13.294822118149014,12.2397241472631,6.096101890406637,26.723077261918412
1,2668,2.8503955056172336,2.7163026821451615,1.5327615748696821,4.9408003573938934
1,2669,3.3189041897959126,3.184540211589616,1.8206129784812195,5.5837339906242764
1,2670,1.7355885777305655,1.6658410088374718,0.9507826436755583,2.9179534284402306
1,2671,374.41878247882477,356.446452162471,173.0730899165581,676.5896343344962
1,2672,10.860743652369708,9.6048396999254,4.321546526336484,24.85734615190499
1,2673,1.467383751807887,1.3582670868319688,0.6740416268125736,2.9109198442661266
1,2674,5.2875898872116185,5.086812407166853,2.932961817296088,8.784903918939294
1,2675,4.337474541339313,3.9326595386783816,1.8607429126303139,9.155347005136164
1,2676,0.02293659744444232,3.757570404633717e-11,0.0,0.11172169474944588
1,2677,424.7048389591283,370.91389152355964,117.32574600672726,1045.207063005669
1,2678,9.235739547824744,7.698333143254512,2.272293784631609,25.357603747127204
1,2679,7.540335931556719,6.467183712646061,2.5883554294433946,18.840966460226667
1,2680,213.29193033098937,183.7176213119459,56.6179348497198,541.7812572908281
1,2681,0.6129301125958638,0.30124777236897143,0.07116736357165203,4.2009406359633195
1,2682,4.167334546742194,3.7560167073931994,2.0247042497878813,8.825026596474695
1,2683,0.2869721976862215,0.2727297761712889,0.14138117520189172,0.5160585392930581
1,2684,5.505258426453141,4.910135366200864,1.6053109462844393,12.819966307824957
1,2685,0.5902713276070347,0.5589013406817549,0.28394355557250534,1.077275239380014
1,2686,38.85596396370432,35.60110898924752,17.181605884665004,79.76455753601503
1,2687,389.8140393550333,366.92021250609093,190.33936601085045,724.7361874417725
1,2688,208.45929899555358,203.20814168393446,111.05948152939224,335.49670122636826
1,2689,0.41575102407368036,0.3882165359936917,0.17191550528895247,0.8191976541742566
1,2690,252.24823933244892,223.44528397434334,72.22393347687175,599.8728754622232
1,2691,9.329921667393457,8.495347091500177,4.1757170932040815,19.43384748012811
1,2692,1.1651554494052248,1.0518850643170912,0.4945097211846966,2.5040783192004454
1,2693,3.572581482393386,3.4248032450459163,1.9263682994457572,6.06940865008677
1,2694,2.165650112797204,1.9897991795133196,1.002009970845728,4.352367239256753
1,2695,1880.6531648255634,1790.539146943268,842.8662501189199,3420.1435634168142
1,2696,14.594115538391417,13.701737975459533,7.8995312761158925,25.99464663169502
1,2697,1.481178823160699,1.3374988325254282,0.652792213907879,3.159405761636065
1,2698,0.06117732276727262,0.05612476259466922,0.007591844578439682,0.1420893580008718
1,2699,13.459805397723736,12.74069016632281,6.968942774604228,24.098785879295058
1,2700,24.853671099203993,23.27781320340374,12.196128141797072,46.55060715653035
2,2601,129.87412670001763,111.88897423244903,49.32269882420997,315.44252121707314
2,2602,43.23739190795383,37.299802762416945,25.696099652838537,98.51054398531366
2,2603,7.179269401336573,7.063550532310506,4.428591786353842,10.617218178193975
2,2604,5923.452062221756,5843.921635058015,3943.839974960163,8356.402286103359
2,2605,177.4834723657839,143.87091314547865,76.47351324155241,483.9971935500746
2,2606,189.8866162688652,176.96039955422376,124.04423456063266,338.14803132146943
2,2607,180.86393255857698,166.0619325743305,110.82193104776361,342.7549945058395
2,2608,129.62680527004983,128.0751812527498,94.76835928815674,173.18598765087563
2,2609,3800.3646539064544,3733.472377855772,2427.7201996620124,5557.168804668984
2,2610,32.04398967586208,30.92131941493472,16.688223041669644,53.84804969495845
2,2611,304.1086002562441,281.3938025282832,184.65932474046423,560.8730723974053
2,2612,8.372210924084621,8.235382627174861,5.2026455524007735,12.319121948495008
2,2613,42.035354614368565,37.87935130352038,21.253728180085634,87.14482144928724
2,2614,212.3652493642154,191.8993301786881,122.64067546269658,424.6710366433999
2,2615,222.69647391798247,210.68323226048125,143.9318687018319,376.562906873323
2,2616,1335.1267034147047,1283.7885861085797,748.6459661297669,2208.8511927944605
2,2617,1130.0790647964727,1083.0824086517587,624.6014750669144,1905.4208481671362
2,2618,492.43263695245514,469.9096847472091,298.3781344191252,816.7734698096447
2,2619,1278.116479970027,1244.3911681989152,745.3159059293658,1995.7768980901033
2,2620,448.4845498896827,405.16151188269856,240.54600190756787,914.9374648788192
2,2621,19.724390633096572,19.458603001348898,13.942205458853605,26.988380720115646
2,2622,110.31946362688456,95.74477158780421,58.520694385659894,251.6928131140454
2,2623,34.34487966228481,33.91798642414395,24.4799719831656,46.65332200666822
2,2624,54.72122062900243,43.61244454511397,25.396236088661144,153.14355716175805
2,2625,568.0633100711261,538.1256179233962,299.64273288204816,1006.6796724573574
2,2626,21248.19611939939,20772.465467492722,12446.68636630685,32804.516912984305
2,2627,697.4286928854291,667.1062361917772,380.3870443198644,1186.50823233072
2,2628,46.50906863475434,45.883351537015,33.014000007710194,63.392292846687695
2,2629,44.163985486577104,43.6443901987535,31.99159503394063,59.37445680000652
2,2630,2416.1729756649074,2357.3144522555476,1401.6199571494135,3776.561355208473
2,2631,25.247584213283844,24.932421942196573,18.00359967800865,34.31893929997209
2,2632,1257.9222922139454,1224.3233240036081,817.3433344853262,1892.4983879957697
2,2633,1784.0519150752873,1636.2758626150392,588.5608825713659,3810.8037474452917
2,2634,379.46361566828824,367.5616984164426,255.6150279127019,571.5658764598865
2,2635,152.21158350230144,142.70010463781,73.79375801804298,286.7494812229878
2,2636,608.8218558028522,590.8104685181418,416.6489381750574,906.8252580674787
2,2637,562.7247531607085,533.7116011044063,333.19988711928266,959.9933535845869
2,2638,414.9037542403728,365.1011869946732,206.7190787579859,922.4612740043086
2,2639,410.72865696526094,395.9400568256699,272.79622657361773,635.0108607162388
2,2640,16.23542954405306,15.546708121948779,7.494761564260747,28.74289414419293
2,2641,914.3461694391625,894.1883869519426,589.3096542411945,1351.8981188749399
2,2642,280.7598040934052,251.96438613351128,152.311417632503,580.1550119571109
2,2643,6.956904884695682,6.699535828743555,3.7877120552042722,11.557632730322943
2,2644,72.10124786115445,71.27872798321818,53.0161662164772,95.64908050995572
2,2645,140.3935853797383,126.7824517264988,87.07957459507345,280.3225228700392
2,2646,248.53934267806054,240.82237867903677,178.18696792518168,355.5173617806014
2,2647,16.977084354101827,16.6912935261753,10.315458304334875,25.246131758758978
2,2648,1967.0262094582504,1901.1239705765815,1133.196751820616,3167.5202638052
2,2649,46.46822520813369,39.397289876603054,0.0,129.91960079504912
2,2650,486.92906730665806,450.0839648085538,264.23429090848225,926.1621296023477
2,2651,1401.2250123065949,1374.8405725896355,904.3276457857593,2045.98716714441
2,2652,161.25319181149,154.40344200580148,90.24700881828898,271.7897768420601
2,2653,445.1567507597233,358.1294572580206,162.16149451857342,1254.2552253104884
2,2654,942.718621956441,926.6481654945821,609.1936943309705,1370.4103407478156
2,2655,276.989593987357,268.4074236485841,176.62932019656614,428.17376826779173
2,2656,0.4474100604741776,0.1521775456837836,0.0,1.8337141812640256
2,2657,4.410485777287365,4.3396665347591465,2.542270988910227,6.701393700680674
2,2658,976.3625610720205,928.3307010344995,569.7898351778762,1653.0549154817752
2,2659,55.60496863967689,46.55238076952842,27.852686474752783,139.95027841207198
2,2660,1.561093563372244,1.5282148143200767,0.10709589981383169,3.1349010890938214
2,2661,233.0088639050279,176.6727581171237,55.524573646917084,745.3423541063163
2,2662,280.71612590777954,259.9876942822692,173.03665230798742,514.481448013337
2,2663,33.96334430716488,27.716163774631557,18.303835016911936,90.37794731254151
2,2664,841.6649631239253,807.8283022999792,509.5018187578678,1369.903277992293
2,2665,148.88474980375062,127.58999071337529,77.83319309035546,347.96430806109703
2,2666,173.39822934410776,162.94049502654238,90.90668329768984,316.63411317744647
2,2667,53.333721118717044,52.73234155202325,34.67788241553976,75.59629268758246
2,2668,162.19456796003345,158.5646159003585,115.7808752432613,230.21004353897519
2,2669,129.33304171301114,127.88412925043656,94.70220211936248,172.4281746971238
2,2670,114.99290445815086,113.75419235841778,84.9037057759311,152.29087049578996
2,2671,670.0323793907448,649.6358255803996,384.2867165669517,1071.749512049393
2,2672,468.80047950016944,422.70721011555963,226.30113030751625,980.7152705905967
2,2673,30.207748853898014,28.648759379598523,18.392528318680107,51.24279844273627
2,2674,93.67571895501213,92.62936745277267,68.75698218383467,124.6689375928425
2,2675,420.6106698161041,390.6808356488067,226.69331638705654,789.836539657059
2,2676,0.7700306731071994,0.7076848663954735,1.4861253404822343e-08,2.110770248977544
2,2677,2748.9648486611295,2650.9271884381938,1542.57772773205,4498.844466891339
2,2678,45.68002243004853,40.98444612587599,20.463432072958405,98.90276270472883
2,2679,228.8036176698504,201.04678655599486,94.28364850113172,525.0761306918346
2,2680,2011.0398267035387,1943.1207745421043,1152.771348157755,3242.959792916214
2,2681,3.606324649121375,3.6759691131461567,0.0,6.0017147380386655
2,2682,147.2407132279765,134.20333015659588,93.07070279257836,287.2152109812293
2,2683,75.14931901017417,74.28407089243623,54.93577010727696,100.24193581217602
2,2684,21.075072625785324,20.31452301345469,11.095606882898084,35.26726051635503
2,2685,28.001609263636375,27.622660458075956,19.654660559405638,38.42115451256922
2,2686,697.4483946954122,651.8921545964475,374.72114860152567,1287.5828127966465
2,2687,103.66958613185598,90.89374376850844,29.31775233795607,251.23718668087344
2,2688,224.16745649456118,218.94918739151456,123.55615808136994,354.2727105100588
2,2689,14.175199127773258,13.956932165050777,9.104290869753944,20.459791528766438
2,2690,1126.686300955782,1081.3107060664634,603.3342943048317,1909.4850493539984
2,2691,379.2826116543789,352.32305140637163,212.41855188312584,703.35635630641
2,2692,63.152735422356685,58.378634209272136,36.067050506764076,118.42882774638811
2,2693,74.08381783936757,73.18481221860546,53.060039560713854,100.45178149590357
2,2694,266.6800195210183,250.70182303447643,158.9074301063091,467.5865806965803
2,2695,5353.098581943651,5271.928584924661,3466.195430481986,7704.401427376247
2,2696,144.72318498711678,138.1077364683646,100.65133356010261,223.51187954412762
2,2697,165.33814930173162,152.46086425159015,92.51114734641331,314.34790084685
2,2698,9.728489689513172,9.59866390915332,6.64386170886182,13.579914676121602
2,2699,666.9416124818496,647.0542342521153,448.733842829664,1001.2902993277805
2,2700,748.2541622105904,717.8615894653573,463.2936319157053,1211.0033546829432
1,2701,0.33358959958880696,0.29220922178003683,0.09835670799719133,0.8110228270533488
1,2702,8.329426918612176,7.681014443516483,3.8771870763593523,16.50726027024163
1,2703,1059.602528834405,969.9791371382398,344.1723820190312,2291.049084608651
1,2704,7.119840357144149,6.42797371292455,3.566634256220953,14.548139294612659
1,2705,1.1773756519873169,0.8842172257870773,0.20292754563063162,3.6675942892296587
1,2706,23.22505776510926,19.305439472174385,5.636355961826607,63.65442726355776
1,2707,6.007259886303363,5.606346180534878,2.9540317198310064,11.395805219971015
1,2708,2.417604164443205,2.258104568501448,1.1712350818523014,4.582976841363616
1,2709,188.72471601976417,175.16785078869057,75.71847150430303,377.5600944040037
1,2710,11.654885736380503,10.38006915078107,5.688223309842668,25.48721857791312
1,2711,15.485830403836882,14.933574467939305,8.70891499460718,25.346495895386504
1,2712,10.692328585442926,9.93197097173985,5.113224539749575,20.7366319643311
1,2713,150.32439410095157,131.84245661492528,41.77520470430521,365.38274107732076
1,2714,7.121689194576171,6.591725857198734,3.1374866625780347,14.19864454507639
1,2715,1.1299488763320342,0.9983582322460556,0.4680445346228204,2.572620033579638
1,2716,103.89091300893872,88.49542879658117,26.750321787113823,269.5552557639029
1,2717,4.157752547166183,3.428972125440032,1.7129506506951058,10.960385476138404
1,2718,0.3887201212444703,0.36268543968341427,0.16046374088990228,0.7641451053979067
1,2719,0.4323706919344399,0.401102067126869,0.21129936461212323,0.8082935118027869
1,2720,33.84245112662555,32.836870349449356,19.33561945522569,54.059633038769434
1,2721,5.808501292777907,4.784481375835544,2.3371234837497123,15.8100287815148
1,2722,0.049621380013025476,0.04543036208235872,0.00856536038057878,0.11454783419691826
1,2723,14.091505713789532,11.058528433950922,2.9427777587783526,43.29659282483581
1,2724,221.0916681790886,205.58348417117077,89.94939861761652,440.3392325773566
1,2725,4.170003472027556,3.914260887535943,2.076460300885854,7.723273863800876
1,2726,23.57281326373255,20.051846705038457,6.041815162491366,61.77219689953889
1,2727,0.7121341469175319,0.598774014901901,0.20276354726897133,1.90191861984609
1,2728,0.9798480233825163,0.8174206880239654,0.3486193867516244,2.5796619007122974
1,2729,51.056413684420505,46.536371416811335,19.595423054041273,109.20090468845012
1,2730,124.52185218070858,112.39228984571537,38.18009714314378,280.7515054190806
1,2731,1.662175442029702,1.5935827513260035,0.9048715888363006,2.8053575738501935
1,2732,2.2107928427952594,1.7584809901107845,0.8736076800699277,6.350514704318913
1,2733,17.14459322609976,15.371837190581985,7.180689533851508,37.42838557421931
1,2734,0.5004192162980294,0.3870074365618825,0.1541269099906916,1.5348050588138262
1,2735,4.924630649677746,4.356553360515486,2.216441952779359,11.05956569982712
1,2736,1.1092330729963307,1.0267138432613265,0.48911954607946995,2.197055597511537
1,2737,143.84368545447813,122.51049575218767,36.91103566894855,375.591958478268
1,2738,2.0082004063738457,1.657123334617707,0.7715633683397553,5.4398042892563
1,2739,347.56852618029944,334.4607428422711,227.86946530140972,546.9606971221978
1,2740,3.1360140528645686,2.6865389231012866,1.316050696084877,7.740925701889771
1,2741,0.49204444876601594,0.3278695175394701,0.10445386688212834,1.9277712575163346
1,2742,0.23916622795493175,0.22137814613292173,0.08713574659587335,0.4936362402859303
1,2743,1.9930322694468596,1.8630007403272903,0.9277097313762172,3.8209788221827474
1,2744,4.557222732771432,3.905677625978991,2.044796902486327,11.062495873726677
1,2745,9479.553452377813,9284.753126506419,5489.78964629695,14562.861054264305
1,2746,115.41224281587104,98.44200286383506,29.864412997657524,298.53696964129796
1,2747,0.9509008794301449,0.54056476210901,0.1554905788070801,6.6348968443851035
1,2748,7.967542897291576,7.675986412427276,4.438498488012658,13.159649778742216
1,2749,0.062040413043410805,0.05746672770919783,0.012570457083784764,0.13698610263592814
1,2750,20.974997936497363,19.491134962277947,10.0943591722212,40.751379451260384
1,2751,171.03485855983288,149.11841696371522,47.10404002989069,419.6585111640691
1,2752,10651.929336132098,10436.149804493825,6224.363551664236,16286.962819348819
1,2753,1.2798939767670523,1.1426550040898775,0.5780926865025116,2.8134879172113414
1,2754,2.695343053597278,2.3790649670123383,1.1406705687686225,6.170037046873382
1,2755,10.126563148413405,8.453735908121022,2.474550841448791,27.708233308998977
1,2756,1.7643892598318496,1.678789044047444,0.8990449528459832,3.112724738479573
1,2757,24.616512444956122,23.86730949334666,14.24866132481727,39.27071595774147
1,2758,177.75476804708933,162.42220526105865,81.90931230502115,361.0859591817267
1,2759,7.315928614863685,6.9233723774242915,3.755739290661099,13.16492104055655
1,2760,154.83598651265262,137.50238434162895,44.976029503740854,364.4959777704585
1,2761,27.10926509912469,25.52556968841302,13.600047913302152,50.062053756812055
1,2762,307.32936972520804,279.40871946177776,120.39192113452557,657.760006764477
1,2763,6.3349485821877325,6.105886744775355,3.5316934579188417,10.493097471126362
1,2764,7.733005419095957,6.8028039046218245,3.331403659811974,17.681852895306868
1,2765,1329.0211936863147,1282.3412594409695,717.8348030641765,2206.154128927577
1,2766,24.529824653426605,23.080449523781013,12.375435342811246,45.20793146233694
1,2767,0.871609480506075,0.8354149428800604,0.47331271699383126,1.474273968548281
1,2768,128.9558669941857,109.18476081674409,32.48342657659173,341.3737181401817
1,2769,3.5630451553736346,3.2118125046082255,1.734602549401746,7.547334997578547
1,2770,74.00376548127913,67.71939639173094,38.99352875286734,147.83167360592245
1,2771,1903.9818287633973,1805.3862350605075,832.9876751539169,3517.627698372013
1,2772,196.6968981098367,188.495556823738,93.20939438791928,347.0183929182227
1,2773,15.990212265786635,13.937685201295247,6.180478040338802,37.818064275390846
1,2774,161.55346209298517,150.74678436827566,66.35514677951684,317.8893637426645
1,2775,6.631068038060997,5.869258033822966,2.795301321202356,15.03429561825082
1,2776,5.725654966193765,5.497795071894949,3.0846143971773365,9.66545857745689
1,2777,2.936677031062839,2.7056560196860575,1.490408218806843,5.727052122355603
1,2778,67.80525660859973,59.649163478130745,36.125247543267704,151.49524773793422
1,2779,25.133248709482384,24.386988365619697,14.204758867890554,40.39068883338054
1,2780,1.4622481670347247,1.1536803279498589,0.4678116881510896,4.333434849038747
1,2781,4.896384016355677,4.609531644393425,2.4042592334646615,9.035418466418507
1,2782,34.85458116592439,29.262487990358885,8.660226661261007,94.26346253560055
1,2783,1.8891812683625289,1.724175531323647,0.9452874574877543,3.800729083821032
1,2784,0.016055370939591782,0.015015452927702119,0.007279143780807032,0.030718578071241353
1,2785,94.11637292171154,78.99404146227963,23.351149466310382,254.4964065222125
1,2786,1.3295974024504418,1.2407963219137028,0.630994867871938,2.5508494944446785
1,2787,0.9748151039074776,0.8347344995667386,0.3186766297718754,2.4491528191669047
1,2788,0.2731960395181139,0.24680142471966365,0.11857233026707734,0.5843155855405718
1,2789,4.785245945536889,3.950661127824467,1.2342261684586506,13.33468732367216
1,2790,3.542990222915204,3.3741704221284867,1.888899123939456,6.187531956425931
1,2791,1.303916683813987,1.0753667553020976,0.3059128157436846,3.6492799324797054
1,2792,0.3385291653591748,0.29260080362397056,0.1394943849028309,0.7920126244014923
1,2793,1.7206966181006804,1.4954491205883906,0.7349362091505748,4.065050774576191
1,2794,0.4460389618970062,0.3553754299614825,0.09079425727683958,1.33178916534987
1,2795,0.035212321356187556,0.03231182046159678,0.0004188199108040016,0.0854823679291905
1,2796,0.11748137724472815,0.09758295194794522,0.028732049804705125,0.32813741742264285
1,2797,4395.943908776038,4264.62379748642,2350.2096645193064,7190.057678164353
1,2798,0.854075490253205,0.7468649045203961,0.3489670639089775,2.0096895614012897
1,2799,3.5677205735723603,3.2921459174749677,1.6440160410104803,7.0875179234859464
1,2800,1.0648663558552824,0.9542506557030066,0.4658800565985765,2.3156448989194494
2,2701,187.24995625681194,170.81060404799592,101.27718504066607,370.7550640359421
2,2702,196.62919224706076,184.90168433233043,115.15163636222225,347.98761974446813
2,2703,2537.5689457608123,2438.6755510834437,1271.4173842898274,4360.641802711476
2,2704,74.58282013463192,67.87381819303988,47.68203105882712,143.08178491718584
2,2705,12.464177121903054,10.682905153085365,5.95324271800066,29.237023815509833
2,2706,778.9072752727675,747.9942716218244,436.2106179054238,1296.0470590728632
2,2707,333.97607590300316,318.79552314276907,211.20115624116133,548.1269803860969
2,2708,270.7781905724702,259.55145508207886,172.40802710680802,436.5884574574305
2,2709,1166.7179565591343,1140.8585139000795,786.7979421196792,1693.1970591037252
2,2710,82.79438771007413,74.00094456043584,50.71937412907442,172.14455691792134
2,2711,112.57766653413164,111.25859298938684,82.10184105181423,150.49438138528555
2,2712,769.6401945760246,728.6763728374785,469.6492556993645,1304.7703861360174
2,2713,867.7296940754275,838.1394987296536,483.5578139320476,1421.406994110496
2,2714,29.780404382559766,29.266346087385756,17.63528459651877,44.695552303061646
2,2715,178.10033990729022,160.4241392300068,95.95261659975681,363.94313264170813
2,2716,1167.8492491271509,1123.1766576594896,654.337736565801,1928.1971121430988
2,2717,28.496967012332743,23.842902541013146,15.82485504262484,70.69055157936182
2,2718,17.408842579919053,17.15692073787796,11.64800991263146,24.582847457771777
2,2719,91.83221625788532,87.8681726752188,64.32026113967663,135.87039322869092
2,2720,95.6891945318314,94.48104095955168,66.97049339544664,131.6474762650931
2,2721,81.47577344651799,67.08871420443168,40.83999423946936,212.74059360994366
2,2722,6.199028235850794,6.099908152871066,3.9167570902906834,9.032682704113592
2,2723,184.20167968171364,161.12261502000604,78.1995795273069,430.5148377343872
2,2724,909.8919092308217,879.7302473973397,569.244174005234,1422.2177616166562
2,2725,113.90866794258679,109.06893604564729,72.47610422575224,183.91614431661066
2,2726,346.2310274520126,334.12928537978416,199.90864341614707,559.9600623555423
2,2727,204.86194989292443,178.4179032666305,94.60838029580366,467.6088750650275
2,2728,138.29731465467955,117.16318095796171,63.74757642833559,336.1361558803357
2,2729,246.72719723531512,233.06352524624077,147.58381560003883,424.96336567627
2,2730,373.09126891322,357.79392108249124,190.51931654944968,645.3171038969338
2,2731,46.09901843524265,45.5643166111856,33.44863923760795,61.89280414468265
2,2732,24.192554920209083,19.34601361586527,12.427113584564461,67.39344689816991
2,2733,336.38537133532225,308.00221489753903,172.27139646299855,668.2200827617052
2,2734,52.38360885796761,41.113124199143165,21.50133884204532,150.1918640842292
2,2735,262.47225235951197,234.4124261638884,151.5934232135358,545.3347895913472
2,2736,16.47296532372325,16.237913041744257,11.358225084256736,22.850660208898603
2,2737,1863.156185948813,1795.039797268782,1057.3567871757327,3051.985797619851
2,2738,133.02343089767044,110.62431286544069,63.85988518671106,340.22670119805105
2,2739,163.44898316550044,156.51654990349516,95.3688235789466,272.0072180100019
2,2740,124.0036356710006,107.01018506830087,66.24143377686364,285.7320258127229
2,2741,18.188642924700176,12.367405178437522,6.383248666210545,67.22011501281106
2,2742,9.014541893663866,8.879559464665677,5.90780735940003,12.898150068356854
2,2743,17.69943630046573,17.44034281309914,11.872230042254762,25.00261205180741
2,2744,70.20900395609705,60.72793290569096,40.942443062094476,162.36978427810718
2,2745,12762.00511215892,12561.155588513811,8108.6125756510055,18594.11828610266
2,2746,1246.3284087288996,1199.4849951596284,695.7730293362783,2068.4301420540205
2,2747,7.433416115987959,7.473082174913555,0.0,11.64274454525619
2,2748,79.35864100665371,78.38940467924341,57.80166868027481,106.2897731628002
2,2749,12.597918194650768,12.433857841380824,8.904390346517724,17.26622731384561
2,2750,368.36641712695797,348.6895674019862,222.35080336360346,632.1804310408965
2,2751,938.0003082727243,897.8789849694142,501.9452560831243,1602.2479213976887
2,2752,13049.525570451546,12823.185539602375,8141.112735519449,19250.179250943864
2,2753,149.96120781081726,135.76271416420886,89.72701258113732,297.2419211651912
2,2754,342.7521472736051,307.0209487622091,181.335332614873,721.8204672601464
2,2755,301.09152048965046,289.38905245987576,170.08690743494938,499.9078171510074
2,2756,21.713440508291256,21.43703889246065,15.32414972680955,29.655031673858645
2,2757,145.59587351196444,143.96287076647397,106.51204418936112,193.9467215290439
2,2758,676.3926098251724,624.710692498838,358.17067880724534,1298.1241724626684
2,2759,663.3150265734648,643.5943976363158,442.9834026336379,999.0463984720624
2,2760,625.5454892098132,600.1099920111562,329.3355644241851,1069.8026489792853
2,2761,1331.4080306166982,1284.2228549133447,857.5392593054528,2068.7007618148887
2,2762,656.124480683184,608.4533289678579,322.93030083103264,1268.7903076525558
2,2763,72.96008822497059,72.07554231010481,53.07190698820642,97.86384579899892
2,2764,469.4188455774322,417.79824815496613,255.29529968869258,995.2104468315089
2,2765,341.74065607140193,305.53330175529675,102.41461212262031,783.2637929111212
2,2766,484.292866850555,465.3404736756453,308.3817828538308,771.6308015853986
2,2767,34.76365801803181,34.363347573818835,25.38597038845582,46.388158769965145
2,2768,1738.9649583535947,1670.0387167734643,961.078300706435,2904.258233289071
2,2769,110.42704795992212,100.76441813900847,70.42377783980079,214.3057024244974
2,2770,167.18116290662886,153.21127149728488,98.79686674533727,321.0417039529138
2,2771,6303.030759802559,6209.791482847743,4153.344733482885,8950.409562503486
2,2772,332.9388896239453,324.09480697118465,193.10725140280792,523.899448067775
2,2773,140.47759440064107,124.79505084026923,64.51620656258234,306.4816351614504
2,2774,649.2520435640264,631.3556010317072,410.4614235534939,987.1781311365521
2,2775,727.5260328755611,653.6229635344832,385.42174419539487,1510.9232626642993
2,2776,43.651464611615,43.04393318214837,30.666331696436163,60.153533771090544
2,2777,149.46488869271005,139.90813114409377,100.11864285846579,260.19200333402296
2,2778,63.50077588551811,55.87782295006714,33.63080985870991,141.18080058562964
2,2779,41.606765093001044,40.96634568348652,26.150103272807282,60.6850885884985
2,2780,118.44620001631961,94.7428542128851,49.07054989699533,332.05596393108124
2,2781,625.2157283221328,605.036734650958,388.8037087923751,977.5573701411192
2,2782,933.2088368025912,901.1211540693555,536.9491959132708,1511.4964850141876
2,2783,171.39142643290688,158.8180705399369,113.0595567282524,312.38063322112276
2,2784,5.417444103768442,5.340288439547972,3.5997083628941913,7.678999673963655
2,2785,2574.1263128705737,2488.3576758009704,1492.0270722473497,4131.628774500473
2,2786,220.13688010418602,210.64902615078486,131.00145477104525,363.67028625460387
2,2787,206.9470352288809,182.48220346670777,80.45514514308536,472.6784041500546
2,2788,61.35838262866113,56.720358499892285,35.82998414576862,115.04582368486554
2,2789,330.54668517526994,282.3429928551469,102.67227720036651,839.9118106778765
2,2790,452.3117527109618,442.3771671919792,322.4813251654326,641.456996494939
2,2791,69.62981001307043,66.55851303937277,39.213720778250945,117.59182679629492
2,2792,70.31228195901744,61.996333739218656,43.65303604999607,150.83098623205817
2,2793,143.5153724749498,125.62050554593358,78.40043209950696,319.1051689064293
2,2794,61.45567919662226,58.4811257535809,35.14659962955107,102.81802304203242
2,2795,14.68473998657484,14.495471998923342,10.167428876343862,20.36721451433237
2,2796,31.851057709434734,27.472059323634525,15.159359061817854,75.01532033454592
2,2797,10187.047388281173,10040.702410680631,6821.3618233756915,14361.134643300154
2,2798,180.25435998875128,160.2209532963976,95.4972321735059,383.6773100667209
2,2799,391.7794487209188,370.38047248409816,224.38448857001586,682.2893523740702
2,2800,262.30141017879754,238.96453944580082,145.4020568906432,516.4130591678631
1,2801,5.9305297509353005,5.49126465757013,2.5392654538695933,11.910879049372069
1,2802,91.63913151794048,80.17745313653292,31.632839996315074,219.71969934933475
1,2803,4.511845882580485,4.039717295157958,1.7039853231382944,10.093950788215604
1,2804,223.85043249603658,188.54943800741276,55.89021095320803,599.3637694599449
1,2805,5.216201382273796,4.782233754927147,2.3354895444990733,10.70036050501675
1,2806,51.470637253391025,43.21307777983219,12.74717041889563,139.08259371510837
1,2807,0.05269385849000861,0.047843014655184195,0.0,0.13766429561742238
1,2808,145.95951907950982,123.65217945344601,36.78705380439111,385.94883532301134
1,2809,1.719644036175949,1.6249879443374033,0.8524700724198365,3.1236344458384573
1,2810,1.2160698405245243,1.137983838833895,0.5791601850749892,2.302536207448639
1,2811,1.122261259524449,1.0479794133728242,0.5286734930548335,2.1436373187702173
1,2812,25.847616388657695,21.234630004277477,6.021578280306228,73.08699448973611
1,2813,0.10322123574201657,0.08937179834442918,0.030395263454305793,0.2554057725023613
1,2814,2.6645864357587143,2.1664093038946257,0.600191845583766,7.682537591211854
1,2815,0.8416381923270263,0.6610208710523462,0.1631654716520295,2.5883981207038245
1,2816,0.8623212349928542,0.8051334230528095,0.40792753460773373,1.6427253453230641
1,2817,0.9353691390051333,0.8747799568762649,0.43936634270044683,1.777639398551429
1,2818,0.6354011924478867,0.5968309522473463,0.3125942297489171,1.175357439013757
1,2819,1.5587316294333486,1.481144431512988,0.802834671973906,2.752518975704206
1,2820,3.5054767529353903,3.3150108258916173,1.7577345476214035,6.333711904670199
1,2821,2.3916982704573453,2.2587587046640367,1.1810187081215788,4.366622324014527
1,2822,2.5254687535748626,2.391287359885249,1.274869963495185,4.560682140182831
1,2823,2.8760956789108185,2.7079651717561912,1.4572629566582547,5.265658317070821
1,2824,28.383003431913057,23.547858855965966,6.818873548278118,78.65128142357824
1,2825,0.13678442715124475,0.1186687661816743,0.041308116172692796,0.3404256679671009
1,2826,1.7528930730778962,1.4492778116015845,0.0,5.536301358426194
1,2827,2.410583404826933,1.927652462068485,0.52611567473386,7.110476397441157
1,2828,0.7584536852480434,0.6045128398017534,0.15340701106099972,2.2903762426505065
1,2829,848.5904416037536,792.8661776552696,348.8805165520843,1657.2043425838979
1,2830,13.501964331153191,11.073180923854368,3.1383557340365806,38.15437883299136
1,2831,0.313391848887988,0.23553298303961828,0.0,1.1127539404307893
1,2832,5.63419252081827,4.643584720372159,1.3319530981285896,15.737666315109799
1,2833,0.04420890844144222,0.03480731505787882,0.0,0.1497550546097802
1,2834,1.3343099062830006,1.0898097812329475,0.307875848026694,3.823961878467088
1,2835,0.43393144020033336,0.39153333505972654,0.19683429410286812,0.9236234954000138
1,2836,0.19015635622289503,0.17620677482022512,0.09301869601798678,0.36044684989081327
1,2837,0.7101667718335845,0.6317089636084966,0.25261376456447837,1.6358989514294449
1,2838,6.179349379307661,5.06831002685785,1.4367655302372517,17.534858318484176
1,2839,2.595420325613472,2.407979487367386,1.2124391493236497,5.053662058278645
1,2840,0.7087188098938272,0.6434151714740813,0.30983112646155603,1.4891578244718602
1,2841,1.2695990623368567,1.0902096176473433,0.39714660036975974,3.10951360107625
1,2842,0.27506381069691355,0.2549953985900522,0.12958435196037454,0.5379757455782489
1,2843,610.2590717796329,565.1991979070883,241.17971604625794,1233.6505648592981
1,2844,24.590127792529493,21.508858110820533,7.761985214184907,59.33007896698434
1,2845,0.0935174262664687,0.064781238165291,0.0,0.36862635930609194
1,2846,109.1676225880582,100.17358377721007,41.8724835977282,225.94422501291226
1,2847,0.3222822606465799,0.2637366007424222,0.0,0.991800821652575
1,2848,0.11832330047442036,0.10271581600571414,0.03399198759380093,0.2954696519585158
1,2849,14.650108618223983,12.97729589138667,5.0950525395604975,33.7278002259575
1,2850,0.4476622561974198,0.39460237868955006,0.1685497977665686,1.0436111051800585
1,2851,2692.8037261612385,2530.7542147669965,1134.3724746885748,5155.168340921177
1,2852,90.13816614493243,82.93810255882917,34.64265977003647,187.12277914615956
1,2853,1.736045020625065,1.364202418575171,0.35489918728518144,5.315888628478708
1,2854,2.6084377616453356,2.1056977106746197,0.5705043476758404,7.621918956898337
1,2855,5.292014125041928,4.320756379758311,1.2288214090639005,15.053939552496743
1,2856,32.20728970256784,27.017428085045132,7.919779447188601,86.97469602846395
1,2857,0.5346330052797691,0.3952162125075114,0.03703584109173201,1.8533693553522355
1,2858,13.977820981021027,12.400742700332215,4.832508135687159,32.198567043949055
1,2859,16.94061372744766,14.596665646350894,5.237272136451398,42.28029943804348
1,2860,0.8160610002411416,0.7539559751309934,0.385982876788965,1.613806452113685
1,2861,2.19044308499205,1.7815209027149317,0.5103425738349948,6.264789887572823
1,2862,1.7923296969739584,1.4810962382413957,0.5024785031109364,4.911973728829749
1,2863,0.5308659636502376,0.4971173843264834,0.2705616161525076,0.9761219213073973
1,2864,57.76549743858465,52.26355750790536,21.05094760867971,125.27414625856922
1,2865,372.1422016329644,341.34106014622705,142.64303853776426,773.582169815174
1,2866,4.1516110361446605,3.8674422466626703,1.9689109929348318,7.959764151541448
1,2867,0.0038675166866742818,0.0,0.0,0.02056380033657066
1,2868,24.491291356454397,21.88767034969458,8.476554531695136,55.830477773073135
1,2869,56.49159498196502,51.5047159614021,21.12616780674184,120.4084003517754
1,2870,2.960345190003356,2.377668551028303,0.8231279079094083,8.58294728539505
1,2871,2.5090416377453906,2.2974266142773447,1.1125603681178542,5.1360409814115755
1,2872,5.985725676774586,5.121846824033714,1.8345885861845703,15.138900304076774
1,2873,0.18213124745023615,0.16707236052735122,0.08971035651426358,0.34117749014899007
1,2874,0.6967772649395998,0.629432884185783,0.3292927445328872,1.466161267704998
1,2875,801.5780749390387,745.9797971595954,321.8179809226679,1600.170262830922
1,2876,1.6230671128692553,1.516373361589479,0.7927940350680192,3.072713661391302
1,2877,0.3890946202871577,0.3709222823594618,0.1999471168732805,0.6806583950464998
1,2878,0.39064930907614376,0.34981084320696787,0.1802357291217015,0.8382012683064982
1,2879,5.749168499184238,4.38071539920303,1.3666299199042797,18.516010521158304
1,2880,1.2001731297083271,1.1015812495369859,0.5363341213403807,2.450408058672694
1,2881,0.6075293859061203,0.47533926362913614,0.1818778366434497,1.8358696085477846
1,2882,13.484022127827176,11.105102855270744,3.178157814040632,37.884448894431536
1,2883,5.364220322421893,4.310705253586736,1.1634195690634275,15.810849747912657
1,2884,23.702159763071748,20.37250723634594,6.9839661589590225,60.15651122146531
1,2885,1.317845041883954,1.175486164665428,0.5517194293457037,2.9474874713291888
1,2886,0.1968292660082671,0.1703323731077897,0.07368382343920922,0.48019045451795656
1,2887,0.6329067332257531,0.5861357088694972,0.2809567256614251,1.2619974799732652
1,2888,3.7434799573996065,3.4027423319840358,1.625069503377181,7.853749289468595
1,2889,0.6814468384552146,0.6279141008197313,0.31185817042239516,1.3590239905803585
1,2890,1.052579442198982,0.9041455170610478,0.3648798507423441,2.6281150657010843
1,2891,2.140437288618704,2.012740564488529,1.0589592914747588,3.946788856168609
1,2892,14.955985243842225,13.07913848393957,4.887328250459769,35.92244028518811
1,2893,2.2033379573785346,1.9980035573665815,0.8834707368775978,4.709323047148848
1,2894,63.14984262552955,57.388506308699846,23.52088410225862,135.622318473004
1,2895,1284.540551966714,1223.5977393922044,574.3036545838925,2331.505266214603
1,2896,2.1739554373050503,1.7375077738348608,0.45780594216920173,6.529795614804558
1,2897,6.743756582477231,5.621095725733008,1.9158091497891017,18.237381478820947
1,2898,0.5681711763760411,0.4991510064093026,0.26229654958099324,1.2831254237964818
1,2899,10.30289783412088,8.45632591119587,2.4154206822447457,29.050454027325483
1,2900,0.6582348788610849,0.5835714402959108,0.20163572029691898,1.5478395086319896
2,2801,707.8078900357804,673.9711103599307,365.633002936102,1241.657347845693
2,2802,572.2724445234395,520.3296498189302,312.1065459669922,1170.5120917265108
2,2803,624.0742894721309,573.8680368167799,280.32760991703236,1256.8849464626858
2,2804,4858.976854781526,4693.094741524797,2792.2422327127174,7871.134346209109
2,2805,432.94167180897597,405.57065952893817,240.71836380158837,783.878106697168
2,2806,1310.055168675516,1263.7593867641667,753.1923919111158,2128.2936965184545
2,2807,19.243686545642475,18.99673989239929,13.61940248868829,26.262870916863744
2,2808,2169.753291822526,2087.955828789307,1221.9613819596218,3583.81560469109
2,2809,804.4008779554865,785.5653638665597,530.490539033597,1186.237568914249
2,2810,669.1681559602822,645.2837435925848,414.4653120999453,1064.7824904159172
2,2811,683.3760127386649,657.7661325562152,414.5815533034479,1100.3454517201144
2,2812,3118.979772254445,2998.6893315482785,1685.119562459136,5254.632478089758
2,2813,142.79821887881724,129.41355232698598,69.74570505503222,295.180906069574
2,2814,555.0991558492842,530.7336674969181,300.81941669552435,948.8804989076637
2,2815,178.99154535508976,167.86117020473978,84.87336124075523,335.8672413251371
2,2816,561.2690925605224,539.794164103625,342.1142424222058,902.4597185733919
2,2817,721.0595687173409,696.6406467528709,444.80312139745274,1136.07282364874
2,2818,447.6084299055751,432.72535755019686,287.1500187033291,693.715718640541
2,2819,1048.7042248014964,1028.6952607470898,715.4526002953271,1501.9221934121463
2,2820,1781.361230198471,1735.8000766132711,1149.0039182742519,2665.112444526612
2,2821,998.4349761373128,970.8381317474176,640.9603645906243,1516.6086252775956
2,2822,1545.8889392699562,1510.657122940084,1011.7002561479525,2283.722988358284
2,2823,355.2220391818757,343.4521344403599,237.71071360534123,541.5640995563389
2,2824,1199.3366012715896,1151.6455868303362,669.1429829506294,1998.4387104235268
2,2825,189.97967507295868,169.10937080605893,106.9074493424062,399.5744410003597
2,2826,88.47175101081237,87.4508416684717,63.42723758170108,119.51222944433997
2,2827,261.8408027933016,242.6713603031357,134.5408079486128,502.1487642062789
2,2828,124.29531467180892,117.49863794044387,67.21753178310473,221.01755732532948
2,2829,4737.803686917636,4670.4727870213555,3256.6220376090414,6604.435109412136
2,2830,1081.5419989339262,1033.4777847635837,587.5929342928284,1846.6339450929695
2,2831,103.23760861031589,85.15128258781284,39.714749231842674,272.22904614104857
2,2832,703.660297898638,676.0206263184349,397.74521828676785,1163.5404764256632
2,2833,87.6297949734115,72.84641729044225,48.22743500385685,220.59812319982052
2,2834,215.96078016263624,204.86565257396845,122.26926287731746,372.51099461552747
2,2835,178.4277520366867,163.51060251716905,114.70065083099972,336.83636473199203
2,2836,182.74099078601648,174.1625502149214,128.13451943061938,282.3303003269514
2,2837,422.24808088873283,390.1580018380131,221.0249394493018,807.5933336994913
2,2838,508.232272407802,486.72533038239646,281.6702834260271,858.8753788173492
2,2839,499.8531780225583,476.01051024693635,298.06623218404843,840.604924119921
2,2840,277.69118885006577,257.9219547302114,182.26993226187923,499.62166129761175
2,2841,53.40897990192342,49.844482827218926,35.92039776982343,89.0398541974584
2,2842,138.86573536620693,131.7519837155548,86.67313250531829,231.97347457580415
2,2843,4687.05031116867,4611.675309966855,3191.495509787729,6634.329350194803
2,2844,375.1092863130598,351.33029899865943,194.9464154165526,690.4761499946989
2,2845,25.039270515893307,24.16150622903659,14.10771454594871,40.91445648757215
2,2846,647.6392423148019,625.9401747094678,398.33323313686043,1023.4063009584158
2,2847,216.96630010493826,191.96905568449407,99.1629454659387,482.60913730375984
2,2848,273.1444763281265,247.5512847921825,139.06092904456696,560.6295807087902
2,2849,252.568447483856,237.2383546668993,159.0688769679285,438.0316377782617
2,2850,188.90969717753134,171.37886389537027,96.05534961267539,385.14659747008716
2,2851,13318.259861172382,13164.106888414739,9263.760130010152,18252.149443378585
2,2852,725.1939164341815,706.0769790358003,477.67438416138145,1082.144433588559
2,2853,162.44320366082053,149.0572548744235,78.80183319999557,326.2045177045192
2,2854,201.7557533095326,190.94760916960843,109.39807968033774,357.61960021081586
2,2855,510.6869190498902,485.3535978240122,276.38039245746006,892.5735193314182
2,2856,775.2654872224198,746.9104139869507,439.1403498541601,1272.7060846192992
2,2857,136.64781214778995,125.18216310219373,69.86742663598648,272.00579402494617
2,2858,353.34984897311256,335.9070224914818,227.7796028874478,584.9939123991123
2,2859,423.63639147223586,392.9087402635412,226.65921815595408,795.9487439234649
2,2860,193.19889660282905,182.43620074370614,122.45053670615381,327.63547346114876
2,2861,121.16560572704162,113.2751845802589,66.93201867764351,219.88928483035122
2,2862,338.01814010615163,289.80456042541954,147.8695042372268,810.5458181959418
2,2863,265.14795677048045,255.42227668912886,188.34446292001837,395.3603470936138
2,2864,1482.8450600738713,1450.3841030467506,989.2225465504735,2157.5142524637613
2,2865,4892.7837857547065,4822.975490561996,3413.221186047165,6768.156447992985
2,2866,809.8095398773663,773.2620172359627,490.69236310593817,1339.0320077758354
2,2867,17.808418119412966,17.584712675354716,12.47964181635358,24.433065182909182
2,2868,505.0825673470337,482.90257085079475,308.79629626706696,826.7480578133261
2,2869,772.8791211947608,754.6522120166278,520.1183518109639,1135.5349203589137
2,2870,76.18412046006321,64.13022111201752,39.643478289933384,187.95068868394864
2,2871,506.12576174514084,475.1010345257941,280.86686289523,909.3484274825925
2,2872,164.36890704588637,150.29260372307704,98.27122396783872,318.44219395541757
2,2873,92.2237932072885,87.05046555373184,63.2635612980009,141.73711623734587
2,2874,257.22749479794504,235.7570618168972,160.12597381459915,490.9008439148266
2,2875,5120.134241804623,5031.517312939395,3457.988432873027,7287.594034746178
2,2876,464.2728387759456,444.74879939181085,297.5649211394692,747.5152939778513
2,2877,96.62424320926435,95.50443471514004,71.06348592189669,128.51300339189893
2,2878,127.93018355733179,116.64758001644206,82.010396864291,246.38665009321818
2,2879,163.80192666248965,132.30242213776418,64.09031682877146,450.11174162637644
2,2880,460.2506892887603,432.89035931020237,270.68303610599986,809.6776080844264
2,2881,267.50279939907466,213.79363073651635,101.67843756082121,757.4588638381769
2,2882,1042.8852186365932,1000.7947669327331,582.6570917308468,1743.0204748441772
2,2883,244.73423577156186,227.18411313090235,116.3352849262647,473.29008449179406
2,2884,556.0654238624526,515.7464455725706,281.73405398850497,1058.9775420861104
2,2885,179.13911432786074,163.14378950284976,96.85653657071434,355.5867026813423
2,2886,131.59439216455124,116.1837541737921,78.21488438258405,287.14899688993074
2,2887,178.82700485574262,170.8162003810375,117.96435782874786,288.6297749779713
2,2888,633.7376952964214,589.6583050475559,348.2315019120605,1180.2912941056725
2,2889,373.9860430917835,354.08597526373023,222.8489690123298,641.1315735558429
2,2890,383.6545866044697,338.7379300070306,180.22247322912162,847.0637093176501
2,2891,800.1134234941946,772.9584359509543,521.3465815117664,1240.4851680340332
2,2892,432.4390140777149,406.6658511641857,253.02690086909547,762.9060936702962
2,2893,621.9566220248521,583.5663304441737,331.1158288235792,1131.3133655189254
2,2894,561.7894931511266,541.4091871947965,353.2879703933418,889.1644976049164
2,2895,3861.334591491286,3812.3258459015983,2556.2753085006448,5442.230164025208
2,2896,444.66033185679174,417.03806433228965,223.2825023413092,827.5758718914473
2,2897,115.06865202282896,101.65107720094757,55.99835644022872,254.121396108756
2,2898,101.9193358365459,90.76697689315966,63.23154284580321,214.4679913754305
2,2899,911.7729584869207,871.28321067862,499.2372291119625,1560.12211377465
2,2900,463.9738786893699,431.87852890178846,250.07846033061756,863.2092913597215
1,2901,21.59640083541734,17.932502095410857,5.191799828494351,59.36841507526033
1,2902,0.14547247077969339,0.1350835812694415,0.06331345681205912,0.28707129620351884
1,2903,0.7768089975301636,0.605636767628559,0.1340759837575892,2.4331414841232584
1,2904,5.984859997165068,5.614575904318293,2.8881520889380927,11.188360044085687
1,2905,0.8185808165837324,0.7565065714017837,0.37116971899495466,1.6270742292611704
1,2906,0.43256942159811823,0.39458936248184395,0.20664716705716948,0.8823427848881606
1,2907,254.56500502015265,235.80821406735103,100.52563119165828,519.080119830691
1,2908,321.4738134224302,298.54639552533547,129.2927641576878,643.4492413560337
1,2909,3.522569047086943,2.859256880117279,0.8037132998769666,10.165360567786921
1,2910,2.129354574780418,1.8953513227582706,0.6789127220304428,4.896171825291381
1,2911,0.2997610351109625,0.26999952150009865,0.05894180442406179,0.7070063537441335
1,2912,39.760084630344764,35.48615841256802,13.828787959610136,90.43175662064112
1,2913,3.4311204787114464,2.8026551294878344,0.7944627464251492,9.780369331406671
1,2914,1.217603814762819,1.1076308461911113,0.4834968827122938,2.6005872836430046
1,2915,1.0067037770161171,0.9266485664413715,0.4400472089812619,2.033904992488597
1,2916,0.5655178600573392,0.5167895455606599,0.2399061955965132,1.1751134144358226
1,2917,50.025052933825776,45.81305407381156,19.0391830251337,105.44546344739867
1,2918,716.5853227115587,672.0215911234988,297.0432870512316,1387.2904172466401
1,2919,2.8560385338429715,2.2000150786957287,0.55604399664592,9.109135048931513
1,2920,0.1612995979351705,0.12039482254973775,0.0,0.5970954735885254
1,2921,11.458470293612923,9.452583730066937,2.71451916706483,32.05437160772187
1,2922,283.91667446356126,269.88834230837085,135.162742096158,511.3718829774128
1,2923,20.17284441996635,17.645822710491803,6.487319615984314,48.086596973348314
1,2924,0.29271954854188714,0.22779113608359539,0.0940317934416252,0.9009530602290116
1,2925,2.417492439286007,2.25027940884659,1.1642934427050344,4.642317091845574
1,2926,0.24058847686637033,0.22344924451112552,0.059493518157380514,0.5169874684020134
1,2927,37.413896937646726,33.799915969399535,14.532026378780444,81.10323174303743
1,2928,16.22783408134156,14.564887410421083,5.873391397200199,36.10631037500675
1,2929,0.15174113122411648,0.14053184827490423,0.015033789509629095,0.348952046243895
1,2930,57.560181691616904,52.065525229273184,20.835381136620185,126.46786918499492
1,2931,0.5489349741675463,0.5177142287670251,0.250522905128515,1.0268474437143724
1,2932,150.8200041185869,137.64825294243235,56.27712646494059,322.2207527158211
1,2933,32.20729038911937,27.399112815834236,8.252150943081567,84.50745391837877
1,2934,27.542990919961916,24.373437225732385,9.262796830221145,64.20470709660353
1,2935,0.34460118900675435,0.32048590279912026,0.07703476795675591,0.7439908424543916
1,2936,14.053806040051827,11.474893301458138,3.231534510337643,40.09615127209035
1,2937,189.78890636436992,178.1067217414485,87.36051892134822,361.7472748272884
1,2938,70.12016740558266,64.45850759184265,32.9090899980739,142.4733659936062
1,2939,2.446251605138868,2.235423744458508,1.0394423082280893,5.062154339494881
1,2940,292.3376649119328,269.8189510327567,114.49970267261408,596.0124593445282
1,2941,465.72320190395556,430.29331402969217,181.94080210186223,949.2062129842194
1,2942,0.009026229149954417,2.968119984148915e-05,0.0,0.05576195212137088
1,2943,22.103063171677363,19.82250692574701,7.849230134248607,49.270746280101626
1,2944,3.2676815843302625,2.936005047499914,1.0906233049018865,7.342243852818831
1,2945,89.44172869933104,80.8054677967114,32.43570107483703,196.07646864831153
1,2946,3.0803717105446324,2.4482093559370757,0.6484645980838742,9.296006892914313
1,2947,670.9309614291539,641.2226220950488,326.9342456346786,1179.7812030493196
1,2948,32.71278884212951,27.090116489042614,7.865104711814657,90.63524918466975
1,2949,4.050359042098168,3.26644273590239,0.9021572603421406,11.79974347434583
1,2950,5.809264095839493,4.672668666904174,1.2647266552582865,17.075710291529315
1,2951,51.256535757301414,46.56442430244151,19.15100320320926,109.94785660438805
1,2952,685.2478128328074,654.216887144784,332.69372648250146,1213.044302756071
1,2953,7.410954771326583,5.99962658789525,1.635477653034462,21.440879158091136
1,2954,28.91676742039125,25.51992285674195,9.558545657241563,67.89505693011995
1,2955,14.991084250236728,12.607145868075715,3.7232062953456366,40.40597369216514
1,2956,21.51266014434427,20.11740279771565,10.980990324762931,40.28636405580986
1,2957,3.1824401200660812,2.56949399568709,0.7132977960299861,9.290472259893466
1,2958,174.80155145144283,149.9381355179139,45.82538000296452,450.085076027564
1,2959,71.41439126818949,61.51001971647882,18.930594738349022,181.87675199480893
1,2960,8.524596141322249,8.050206650934147,4.175583275067661,15.600940243609951
1,2961,818.9727376755385,760.0755554692016,327.11359262244565,1645.5867315765763
1,2962,0.6751502081669633,0.564168944952822,0.20961409267427086,1.786377514560602
1,2963,36.49671035101353,30.395795019370844,8.838673770279085,100.03784362310172
1,2964,46.38184403900302,40.40155146853031,12.579586784815374,115.27557054062821
1,2965,0.2431687232375819,0.20645413021691686,0.09329802292672827,0.6221388348458199
1,2966,156.01603103699873,140.41631441039686,47.4337345445682,353.2190874809112
1,2967,0.03182362054479732,0.029051944735108533,0.0,0.08024537797693466
1,2968,79.43542240297727,74.17681491989204,38.1490232037186,151.13825427520763
1,2969,11.335638613004571,10.668597698168975,5.587081060358507,20.828137803882075
1,2970,15.543678873256075,14.593160387894443,7.438485111172759,28.97791049041394
1,2971,2.8359717433092815,2.642832791389177,1.2863147873146543,5.490862074596442
1,2972,7278.870064608335,6981.203591684033,3611.076250425924,12612.954954557881
1,2973,107.01007022354858,89.49736922279031,26.251848341881697,291.63497518744924
1,2974,7.582253043018228,6.990292478288907,3.4057566913366144,15.184795468304218
1,2975,3.129769189951834,2.913447729742667,1.540007887461212,5.967936485535854
1,2976,12.195181192813935,11.526209460317752,6.1292549758196495,21.993527062532355
1,2977,0.581860861622298,0.5214413135337358,0.2371840141587305,1.2806005567531191
1,2978,9.51100482330952,8.99376498695415,4.830016468956921,17.11821896935236
1,2979,8.965315006105495,8.375197527776535,4.502938223872326,16.82773941644665
1,2980,5.323878503610724,4.907936923354338,2.33933197380669,10.709217342665266
1,2981,0.5280698846078686,0.4818885940828148,0.24274566862966854,1.0806843786213691
1,2982,1596.7796980342603,1485.669259835828,643.0422412027558,3179.7887793471555
1,2983,2.4903764572904157,2.3520981234938976,1.2238798364277887,4.560783034494487
1,2984,100.2137843723457,85.0692375367006,25.649094366203947,262.9041157237168
1,2985,8.219423825066333,7.274379831490421,2.813729673457051,19.182143967926617
1,2986,1338.164367935914,1243.9352142206399,537.8193894834726,2670.454876899706
1,2987,132.28977987206773,110.30499542914558,32.47626799147795,360.6234513478685
1,2988,4.226808201440683,3.5022526920501797,1.0201492313755047,11.72828202416201
1,2989,127.52960326134335,106.72669574466534,31.487563754221842,344.98570548771556
1,2990,0.34000815341015644,0.27519904328670786,0.09573959337342836,0.9923462469793672
1,2991,67.62909531896534,56.78857212605568,16.52579786435406,181.3415482923629
1,2992,95.48124816589431,79.87250106324038,23.585553398751415,258.3478528244372
1,2993,4.970213831628691,4.656296027117662,2.3874468240666773,9.334628827794548
1,2994,468.79178154341315,422.11648842887155,142.16886983994027,1063.9332870539913
1,2995,0.12345513829390903,0.11292048333166357,0.05389558593746971,0.25461047124981945
1,2996,31.234526306506268,25.80099391081447,7.381347165504761,87.14136818921433
1,2997,0.2057376255839968,0.14945730099831162,0.0,0.7525284230327965
1,2998,0.08156134454262007,0.07274901357369212,0.007251946930749836,0.20127295710545576
1,2999,1.073034435135444,0.8030078436184318,0.19470264627604406,3.557743344269445
1,3000,5.5268857869899755,4.525602086234807,1.2825875164704326,15.699181384509309
2,2901,741.4374835025916,710.4082196852648,410.94003805397847,1246.7888520749661
2,2902,237.1829841702699,227.99444747751926,163.32021848543408,369.88216735788893
2,2903,194.0025046939835,182.76799220695386,103.66347654776227,349.81441486309257
2,2904,855.3714152553337,824.7397109240303,524.203488960224,1358.9320450864564
2,2905,552.4626992760343,525.0550942615786,322.33351197821383,944.3044724963285
2,2906,181.07630052837885,168.32307106960604,119.34290625556133,323.29483690246525
2,2907,1798.5358182852062,1762.786296801382,1198.080385856276,2595.0861848005884
2,2908,1781.4054242047036,1742.3768059221343,1167.9652782988792,2609.3009674930145
2,2909,142.7710551531526,127.23944805766538,65.77807945129756,310.09174443248713
2,2910,92.61876792117795,91.54299455912073,67.01904948372454,124.35442531497108
2,2911,380.271686399118,356.7391457807846,252.79017997822748,653.5461199398097
2,2912,536.7388847528644,509.00796515386907,317.6094413351698,915.3260343509824
2,2913,557.5038582171894,532.438425443992,304.93970032474954,951.590102692115
2,2914,286.13390235238137,269.57340135103726,166.03596211973013,501.78340485381716
2,2915,817.4770828365362,775.3121642796027,466.7243297528001,1407.2194698477633
2,2916,552.223292643516,520.0561611978824,310.4959765207458,978.7831502844498
2,2917,649.2727237662033,635.6242723628511,443.27208255559117,934.081206550321
2,2918,3314.240980804563,3260.284823438915,2209.33698529307,4740.773482391116
2,2919,248.34027642706366,220.09273055423878,104.41447143291997,559.0942128886039
2,2920,110.32302094605696,89.73730638768001,47.184249529561846,295.2929554024938
2,2921,489.315409375276,466.92553775405395,266.99483321337914,836.3962268276937
2,2922,1983.8604487615403,1955.2604971804658,1399.1478721896478,2726.8834816448966
2,2923,264.3523709958745,247.28896209219388,144.2095464937008,483.2903230553872
2,2924,93.66471996762913,73.89759035324175,39.454569978887214,269.3481380441775
2,2925,502.74517667475016,480.07134965564495,316.0322265784874,823.9268047267908
2,2926,30.96889955347707,30.53614121694462,21.432617441242844,42.977546727080394
2,2927,170.35213022837624,158.94543714019272,104.62224199302355,309.0425852431808
2,2928,127.93282552496056,120.61661828652772,77.73986582292493,221.52186258622282
2,2929,50.57477217650023,49.93038326548299,35.91841918633111,68.9363543052866
2,2930,383.3155772587399,364.1391556110502,219.99692197817978,657.7682057326099
2,2931,40.25571801595518,39.71316497535301,28.031707221756665,55.43378451787692
2,2932,2082.3891024163195,2038.2878484463226,1381.8126886806856,3037.103076210299
2,2933,360.4264919127183,345.313708771353,200.27671983520207,607.3168600061572
2,2934,249.96226151805539,233.57124632412336,140.02970273842786,455.2109816246041
2,2935,76.56920077455966,75.57704589192107,54.66967996609123,103.80002692108458
2,2936,941.0562574840759,892.230361367727,492.894768580902,1668.3208698398407
2,2937,269.13577360982833,254.31531379028635,141.30373013294738,483.69273671503083
2,2938,82.8942889988569,76.39692154671152,41.541080581814626,165.86991662325428
2,2939,293.02947447200836,275.82176225862077,156.12128754216124,528.3082981772316
2,2940,2438.407945372068,2395.7173109962596,1651.3256479102233,3460.390422424243
2,2941,4045.8264201163925,3983.110068581306,2765.0874360428534,5681.195173505872
2,2942,70.2564623440083,54.42133158609311,26.192809982424897,210.0330271295389
2,2943,333.7518600660478,319.6849893692434,207.46146001657704,542.5416669478193
2,2944,80.62977984687309,79.73742591313268,58.293455582532765,108.25337304443703
2,2945,1639.5593255844312,1595.7458758673936,1048.9644142597176,2478.6603373874505
2,2946,305.29421294311,282.871531820515,142.96327172585984,598.3372612539947
2,2947,3039.503243347071,2990.0741135693434,2074.583182011773,4276.883389398116
2,2948,1207.8025952222654,1157.441848739351,665.2447860599763,2035.5565899747319
2,2949,288.3752383828469,269.24336172697406,144.54668502875094,542.1279941413967
2,2950,374.1357919089683,350.5526140064178,184.62903982826327,699.5195730465987
2,2951,1002.2128586714058,982.0290666823824,680.9125959745071,1439.839198211145
2,2952,3959.0797243865554,3907.9477061671546,2799.151617127883,5409.076431891332
2,2953,244.95873464904244,227.5651637407623,119.26343620024295,469.80736081143607
2,2954,286.2146460915224,269.27725189512705,156.49649198945875,511.6123483110909
2,2955,194.0288212597157,183.78056513467652,104.53812645615136,343.2131870734308
2,2956,172.99896721686343,163.71262783517093,109.57526673034434,293.0317476531759
2,2957,229.82851840911607,215.31933577928532,117.2796968159175,427.87096614543225
2,2958,1866.4195290287835,1803.8068460830427,1073.2146786338049,3007.34783843014
2,2959,608.0832729548625,584.4156183651703,338.2780271835359,1010.0191821738802
2,2960,1657.306424396006,1611.113982021704,1035.2208502626768,2544.9121314706217
2,2961,6157.190609016561,6072.668554722442,4275.459326442122,8526.239924484878
2,2962,117.05821839206604,101.06852220476593,46.551570009424445,280.56192228853456
2,2963,1095.5798388170288,1052.4178959704127,611.2406103942435,1823.462251980346
2,2964,296.22238960663606,283.4108217576702,161.19901247149784,506.0377772898409
2,2965,91.2317949426535,78.5093480263915,50.84383098078649,212.09048173721982
2,2966,492.2808998400088,471.96725742988394,253.74423592763318,846.5569698488958
2,2967,18.258968714441757,18.013253726669085,12.71777880126121,25.174792205798163
2,2968,1445.0499276282578,1379.0227908672368,865.5408601611146,2408.4438742942652
2,2969,1295.5222511076383,1255.139364093322,821.6218434899521,2003.1492096863017
2,2970,2333.7034129604963,2253.9422240397557,1393.2707196573149,3712.9635655112397
2,2971,887.2002859662977,853.2321354915898,513.2205110777738,1461.3015402578671
2,2972,33540.809231084844,33130.02540600381,23764.065682810688,45596.85486145069
2,2973,3658.0872334418245,3529.059925333751,2096.131611919936,5936.139951637251
2,2974,962.6545454820347,911.0216826758195,540.3225158746599,1686.9710566120116
2,2975,272.5523630147651,259.1698915302916,173.13687651914282,451.41904870784015
2,2976,1330.800215314108,1295.9518197961438,860.4665484679392,2006.1509864915909
2,2977,196.6457231471352,181.2293128222151,105.634318300666,377.15980630301607
2,2978,930.5216174659057,903.8182468107958,611.7423611070444,1402.8371451845442
2,2979,452.04689176959573,431.30591417978974,293.07271714916556,736.8052818634458
2,2980,670.8509587259897,637.1327438639569,364.56377147061676,1176.0592797386894
2,2981,178.30481477773694,165.97216950271718,107.64820329701969,321.4750995568393
2,2982,11379.486454496631,11235.00144112132,7978.00460653647,15614.977064408487
2,2983,425.83245980100526,414.6668533495873,267.1806185412568,647.4511972188327
2,2984,1477.0068874854826,1424.980038261492,846.4924904700308,2386.274099934815
2,2985,136.69243116387392,128.24296490697327,82.1261664558381,241.29031935315848
2,2986,10169.810143999148,10043.39461847379,7168.588963344961,13920.179318341237
2,2987,6069.632551925857,5873.880773012668,3533.000244200762,9703.905657600786
2,2988,320.1622025940488,308.4389284065869,184.9295756564937,522.0745152130945
2,2989,3760.6175536926294,3636.1161926675254,2164.0922398462903,6078.769156623534
2,2990,68.06440190908862,56.02845227535486,32.67744970289699,176.47744381457684
2,2991,781.6565002132977,740.2194680373136,405.6143845708859,1395.0877024076815
2,2992,2802.319769358797,2704.613213334723,1605.0673748303013,4560.268569982857
2,2993,853.2120304173843,821.0432137625969,527.269536580214,1365.2230956210008
2,2994,1598.2523751006383,1536.7457424053755,843.7090006145338,2690.77872176659
2,2995,161.34993301709528,151.4810687652074,102.23806267973195,280.64830965389336
2,2996,1696.9608785466546,1625.6252430408172,925.8164410685067,2884.28982134893
2,2997,138.64464924525623,130.5035356661761,77.33475614445844,246.69744421158924
2,2998,113.43080565248476,105.7239370926665,76.5956261780255,196.34089896053882
2,2999,295.0843960182795,256.75364189842253,124.7343893044826,695.7751237137667
2,3000,1062.9137697330395,1017.8673826014247,584.8469609956016,1799.286202436099
1,3001,0.010201051384731277,0.008394249701015951,0.0,0.033296481407987175
1,3002,0.040930657250840885,0.024617271679476138,0.0,0.18301676863052455
1,3003,0.0737231114897326,0.06129528243482843,0.0,0.22601947840095357
1,3004,1.0517867000357766,0.8253415053332469,0.19217113246906714,3.2487448946359616
1,3005,0.3737886876267351,0.3318581202785642,0.16588216780745324,0.8007294966160999
1,3006,0.00518728448069773,0.0,0.0,0.027300233515188618
1,3007,0.6044691492924514,0.5512297994356602,0.21719972186344866,1.3013285992033918
1,3008,0.9161843236823186,0.681456089437871,0.09887210876182576,3.1092410647418016
1,3009,2.3487456085374396,1.8219114977591953,0.4694215452775333,7.329649143034311
1,3010,1.4426522286433234,1.270539851944093,0.506299762959395,3.3967574327669157
1,3011,1.4034874353305196,1.3103656882346753,0.6507664231642273,2.6930581486437544
1,3012,0.2460722499493627,0.22232666453013744,0.10293506430209018,0.5311902545095148
1,3013,47.52078105192495,42.49596972966342,16.50037311021157,107.39042042865862
1,3014,10.281565920868498,8.475797982187562,2.444204646208577,28.846439090559468
1,3015,0.3640123125818999,0.31658164554945745,0.04586080809231159,0.955212007394057
1,3016,0.10327993454275616,0.08129314625563897,0.0,0.357405198537561
1,3017,0.15401245427392207,0.14093270886475256,0.05583650982284538,0.32778063715750494
1,3018,0.3863881514034989,0.35429900621948496,0.17663776342859805,0.7831065023441963
1,3019,1.6374140155940993,1.5036903161944433,0.6781855688019811,3.3811040077894834
1,3020,1.2168792161542759,0.9726519993643453,0.2618311095311368,3.5987225717331857
1,3021,0.2418321166809734,0.21946549154194522,0.038219722879615114,0.572939971209708
1,3022,0.8449677514317214,0.7452075436731185,0.3080634796427111,1.9511297703818447
1,3023,0.3273373843577662,0.2823796604818506,0.10492189638992468,0.8159838108711522
1,3024,0.09596483305983483,0.08710928517872168,0.0,0.25495885230147786
1,3025,16.208480667776033,13.316796717626154,3.818092732579184,45.41213923147217
1,3026,0.07335606381504428,0.06935561257020634,0.03127581202555111,0.13886079052462613
1,3027,0.9241713113485124,0.7425015308443325,0.20298689931049194,2.7094839051018553
1,3028,0.3969257217187836,0.32928559972323546,0.0,1.1947499405409263
1,3029,2.18892929285937,1.7821590872216393,0.49929556237667305,6.299135159620173
1,3030,0.19637650258408287,0.15304521675596833,0.021231932927468094,0.6317776282443212
1,3031,0.19541283835113624,0.16870242039431782,0.062251132496589576,0.47969628024874766
1,3032,0.15719619425541204,0.12954475447560845,0.0,0.4913737850930361
1,3033,3.251104724739425,2.626341747078176,0.7281445225749702,9.429359572297741
1,3034,3.358114413143101,2.6955289206001036,0.7258607340296235,9.904714767978014
1,3035,3.2426964506889546,2.6641714064238142,0.7702831901138032,9.124109103697757
1,3036,0.3311312652091832,0.3055529577020697,0.15816557640281195,0.6569110066075954
1,3037,0.039458394359857214,0.03187890864093956,0.0,0.13094786336270195
1,3038,0.017256627554200654,0.013059986892791076,0.0,0.06344861003361925
1,3039,0.02121416448798215,0.016664826854291638,0.0,0.07368506620194668
1,3040,0.11476845030747163,0.09019465621137651,0.004324733577276429,0.37327451953363944
1,3041,0.028494117096088567,0.02369781628529255,0.0,0.08568423457490941
1,3042,0.018570586675052212,0.014570841216689352,0.0,0.0653393187704089
1,3043,0.2351779387857159,0.2133131396693408,0.08372255395849616,0.5124883608391925
1,3044,1.1611962288832007,0.9275953330116846,0.24658946597047876,3.4696314089024973
1,3045,0.015509038048997757,0.012546993550792512,0.0,0.051976805876791855
1,3046,0.2906280803941406,0.2597218483592292,0.0,0.7480098863115253
1,3047,0.013883570446925526,0.0,0.0,0.08623043697642892
1,3048,2.868227489097759,2.350763034005,0.6673707749723686,8.140561362607285
1,3049,0.03654434088189953,0.03212294702979436,0.0,0.1070589027896378
1,3050,1.0667584454350647,1.0133708362105371,0.5566838265952292,1.883248890315778
1,3051,0.4388250401017439,0.4138801975387887,0.22019225791329539,0.8014395157513625
1,3052,0.969628785031977,0.9248869617504489,0.5174924972840685,1.6772067417913745
1,3053,0.4450809859558854,0.41905983709744066,0.22194596850274598,0.8158547279968695
1,3054,96.66020177087286,80.81490537857968,23.76030282960313,263.28350945787327
1,3055,0.28942522382251584,0.27500784280168256,0.14982756762145907,0.5134681033517071
1,3056,0.2983096007923219,0.2841837776363565,0.15583836666352782,0.5225510358077253
1,3057,5.5415204754475855,4.609840767400563,1.3566574977592285,15.215945231654873
1,3058,3.488080366669234,2.874940017272203,0.8263665119009486,9.758569989469514
1,3059,1.4079839010346082,1.3483155292618951,0.7662172976035996,2.398792290054826
1,3060,5.62057023528608,4.658325858748075,1.3594210462692218,15.581851501580955
1,3061,0.2650126660334769,0.2524624632846285,0.1404259513938857,0.4613215719134715
1,3062,181.94291439959719,152.17767447769057,45.01236987403608,493.44410577939385
1,3063,5.030817154072336,4.807088510658298,2.6956486245173212,8.635121409195815
1,3064,1.5648371833142884,1.4811513797123432,0.7888304620709793,2.8218330867970414
1,3065,2.581443104449796,2.1129817310544725,0.5943788383121036,7.4084924637947145
1,3066,1.1256946488367363,1.06577916083595,0.5789122330290521,2.020437288000254
1,3067,10.913755681687084,8.995474019097642,2.6223062523878875,30.421047228911263
1,3068,0.019202959208044105,0.017329991458390898,0.0,0.04793475296983637
1,3069,19.25385802075631,15.992592219039654,4.684685678498037,52.7687010162517
1,3070,0.22615270882100255,0.20897537754077516,0.09413159735590007,0.45791224087811755
1,3071,1.135286726883274,1.0800018477273676,0.5928815636512677,1.9964584369374705
1,3072,4.070660312710564,3.374203868521729,0.9795879978766948,11.323839433366299
1,3073,0.8332704736681975,0.7835091893732684,0.41003863683622876,1.5443602966869108
1,3074,0.9946299052172459,0.8181963389296668,0.2345217051837643,2.7987601521358885
1,3075,0.11588356985495353,0.1087802669622456,0.05618403064716749,0.21717837166197565
1,3076,0.6624971494120617,0.6315998512176177,0.3517390069592362,1.1529783496911115
1,3077,10.31612448743267,9.805766774832197,5.321699499114594,18.270108068432283
1,3078,0.8009298599706337,0.7626834955286426,0.41904680105359726,1.409198928467102
1,3079,86.10689350631237,72.24430963888297,21.332474855202996,231.7948565491031
1,3080,1.8508551850023887,1.526371893157646,0.43909691915980925,5.1895521954206165
1,3081,9.968677470098635,8.219245674826361,2.3654737312845073,27.76563945651459
1,3082,0.8046142952931765,0.7697884207122117,0.43421121222745146,1.3716514329457792
1,3083,0.3026243265722026,0.2875623263684792,0.15570316699635695,0.5351277759528563
1,3084,0.6795804910561576,0.6326654401230576,0.309109764762289,1.324426498539109
1,3085,4.275405441362906,4.064131041781602,2.234059272848952,7.542899565048274
1,3086,13.352573731165666,11.07481201286555,3.235084538120579,36.972611093163216
1,3087,0.8899295611543008,0.8368322103652588,0.4363588441999744,1.6484043421496999
1,3088,0.5759556691335864,0.547084099321655,0.29985562425249646,1.0224863933090347
1,3089,0.10630865986979683,0.10142700682604128,0.05577236383714859,0.1843887312736644
1,3090,2639.8961449206436,2553.0406807017516,1376.6750512913998,4389.462840748048
1,3091,2.713623799654332,2.5651734123870735,1.3848049226912607,4.911985854858939
1,3092,2.82999688625334,2.3275318535821885,0.6607656944244651,8.032446822648108
1,3093,0.4666219090118351,0.4404681230758334,0.2305023504106633,0.8530098812598311
1,3094,25.78392927183224,21.449904962139698,6.289425396875976,70.81856523005338
1,3095,37.23732372871455,33.641554051392475,13.54255084594511,81.5490249611494
1,3096,0.1198478227237564,0.11137188619618728,0.06157794472568003,0.22138697121772374
1,3097,12.608707968758694,11.383026171277901,4.567602883920229,27.711055395540548
1,3098,0.8311791016478242,0.7942258087418697,0.4461728829606723,1.4301797573021227
1,3099,2.912227550601437,2.7682042712355055,1.5062902182820685,5.1576497594631485
1,3100,0.2306047798804383,0.2192019839765076,0.12064948805250916,0.4084154059463819
2,3001,49.10160059741716,48.51700541181999,35.53320961058428,65.98622723252862
2,3002,44.27057266823248,42.90125769614502,25.984803354699885,69.96031688539543
2,3003,100.26162600228429,87.57403595427229,60.354241050229895,222.36331093554068
2,3004,351.49296212206156,333.12296260065204,190.08990801192365,621.4933129316851
2,3005,86.42480117063624,78.68684781899263,56.55290718120593,163.89307545245498
2,3006,86.19452153838499,85.24142845788343,63.611049645131374,114.2710182056263
2,3007,581.1494094691196,555.7036353519741,322.8140472806081,984.0894468678157
2,3008,185.65564809975285,167.74599984710028,94.85078862260187,383.8598252859708
2,3009,409.71961008435846,369.7277390101423,183.4280466966185,873.0395359444942
2,3010,375.0885563400487,341.302174637568,168.25552200328227,777.560593507841
2,3011,929.2951726276652,895.6795444140844,564.8959172829514,1489.691111393258
2,3012,295.31254113577165,272.79177258609536,183.24064745300745,545.6150341879861
2,3013,572.1039885947076,545.579721662074,331.95321807298336,968.122428073119
2,3014,2052.6336566416303,1978.426200980046,1158.6829947137774,3370.8217288964197
2,3015,286.0910239402509,263.3491807880283,150.62721463046725,552.6698405411995
2,3016,271.5654501076165,230.6462215863583,140.24070805481347,649.9091996211429
2,3017,380.1304343534467,362.25316732782744,239.69124815473543,623.2535095701934
2,3018,168.2522021290145,158.15625159838999,113.00366111557582,290.1684783905835
2,3019,1237.6822491090873,1168.0287200657685,634.3830483939856,2233.868880779819
2,3020,305.4470671960887,288.3656888130903,160.2944473572565,551.591748328816
2,3021,236.4409138555232,225.01373591118528,157.0477535654359,387.84768119147145
2,3022,1051.7236216520191,961.9482888300927,532.322773365892,2095.183524089064
2,3023,456.51838985876924,409.0489575493732,230.40975775421728,963.5667769152772
2,3024,167.76858209633647,165.94688344918012,124.4889372369824,221.1337674509587
2,3025,1585.1794142487627,1522.002045487784,878.0888984822514,2651.962455679184
2,3026,95.56271385286914,94.5341261857578,70.04240450398969,127.18222747505247
2,3027,135.45295415748774,127.23628417435722,73.08116721525018,247.05148454722928
2,3028,528.660022116906,476.6855959513886,244.79875907333718,1118.8058969304982
2,3029,435.7461478137429,415.60402491879813,235.32134798766003,753.7251122577114
2,3030,88.67005063261097,70.55043183398902,43.302285109912326,249.2644093425638
2,3031,83.69833416156153,73.94180421895814,51.89701847707437,178.44303457279378
2,3032,133.62121658671813,117.82294649509159,67.93997325819336,293.41394636544817
2,3033,388.4979088078874,365.32298500803574,201.7964774543157,708.9105030157683
2,3034,609.0464872770469,571.8102948998467,312.8029849126886,1126.1765758645863
2,3035,549.4713016095425,529.2963435749793,315.3797704034916,897.2516368816134
2,3036,298.3420058154579,281.00895533665033,196.58318118530283,507.1930179141112
2,3037,86.18355449393232,76.34023036992659,53.109892639944924,182.67632263092705
2,3038,152.0257969660589,134.85392021413998,90.35278695143724,323.94283009445553
2,3039,112.01203948803082,101.3626559780271,70.86914300352446,223.69242268790836
2,3040,281.26686113636197,230.6320571007288,127.70405103172011,740.4133146100646
2,3041,70.5120878322499,62.120921521518525,44.05602051031546,151.06005608726295
2,3042,113.21102083300936,100.26431733442753,61.782626678076845,243.36164091874952
2,3043,217.9806634929307,204.1136542492897,146.06339790841773,377.92041673978093
2,3044,445.1496055261929,417.59471959685214,224.6929851960733,827.3623521874379
2,3045,88.97520885244286,78.42019441406558,53.54932227325873,191.86262813556021
2,3046,142.64296632306036,134.87422993444113,93.02805966430819,240.6291003831318
2,3047,28.380146843401672,27.512373855477126,16.68186523019657,44.95786971309125
2,3048,737.628317373412,707.2707344992265,412.00399355333775,1235.3732218143748
2,3049,161.72959709071037,160.02001182093434,119.33848193045888,214.1213790927435
2,3050,286.23927489172837,279.6224911976826,196.13504091297125,414.57766438691596
2,3051,177.6647558283011,172.30773919253338,120.02848684549346,267.10490773244817
2,3052,493.6380271136874,485.6948775307361,352.4315710570234,681.8111224524085
2,3053,249.0684091488407,240.81694530282823,161.41994258882775,383.64828765661775
2,3054,2947.5872784791304,2846.2542990474835,1700.0022761439423,4762.041645045489
2,3055,141.58531169208183,138.60043923317255,99.5782309435417,200.72521623752257
2,3056,204.04050679280627,200.2024809831887,142.80431322630997,286.48508474611
2,3057,326.0011601079267,315.5170180113389,191.14851121219206,520.4152110659384
2,3058,585.16350844489,563.7896314150562,334.66097132313166,956.5271833785862
2,3059,293.4734290922871,289.6257135202207,213.9214051783015,395.1450015424374
2,3060,419.2743043716854,404.0013326442852,241.86194173445327,682.0746687723445
2,3061,147.75207414980792,145.05080378612212,106.3397591391898,205.28508353858672
2,3062,7329.926639001394,7093.583840693425,4290.298779534456,11652.16870199156
2,3063,1007.0124824352625,989.9979885529298,717.2463616595502,1392.5083032933628
2,3064,511.2059862859893,498.7792962811026,340.60586033490904,752.7573235288878
2,3065,490.61612944806933,468.78271787038057,269.1842193384117,835.0564717995734
2,3066,615.1535622484117,598.5760226967892,412.5437247479284,911.7418393311106
2,3067,1131.9900017570778,1090.2984348073805,647.3982701531622,1846.6816613271292
2,3068,40.164730491346994,38.469122913026574,28.37576089436027,60.0221815881617
2,3069,876.9292737768056,844.2585665647835,499.6792821105862,1439.2010342106485
2,3070,132.40146156836192,126.88713057508234,83.40213327256953,213.48570871732284
2,3071,606.0530740019383,593.1474392904772,421.6563329842296,863.8531411538916
2,3072,307.8927967577453,297.0900363957704,176.7801920508337,499.4175437512734
2,3073,231.63550086693925,223.7612205637159,152.79327110724464,355.905584442295
2,3074,166.79402184782003,161.21496504033655,98.03004004926574,266.0645697394514
2,3075,76.04860619206602,73.52823938150182,50.723715911249755,115.90838461461244
2,3076,231.7471243529832,227.20000511914753,164.06043374845947,324.8191542722741
2,3077,1593.6976410309142,1558.251320233314,1065.1676831473544,2326.5520816752874
2,3078,337.5721769810726,331.20841619191344,236.13457168917196,473.9118875451317
2,3079,1726.267167707904,1658.6792568369249,963.6710475802046,2871.715666893693
2,3080,157.75480513968677,151.5269465985291,89.41152805627345,262.1748497852336
2,3081,1177.3414553413031,1131.6234385113044,661.4163810461292,1958.709493565652
2,3082,147.19071640235956,145.03771743260208,106.81725639271748,199.38505073961375
2,3083,195.93369772307824,192.83933079166871,140.244030544124,269.75813891970574
2,3084,439.8103067338804,423.55977490392934,279.7551220280174,693.2157365168885
2,3085,1045.3370402698463,1022.4106719970046,717.9850818254911,1505.1762279763848
2,3086,1300.9222800808634,1257.0258976162568,754.7613131909018,2092.709220644956
2,3087,543.6513875545676,527.0938207592894,362.4925692277542,820.4759471379297
2,3088,196.3324831546813,191.71909345501342,134.5304652313365,284.80155908316885
2,3089,26.734362293616588,26.42602391899446,19.571555007267644,35.61003948425417
2,3090,7344.106884852272,7244.182435673595,5002.193756872547,10223.912600742013
2,3091,585.7996757187065,569.4272149079907,391.1337370318578,879.02624820444
2,3092,454.8206998995927,438.18652358385765,257.7725724232685,746.6418127161596
2,3093,477.90086989839966,466.1258903694624,326.3138579201586,694.7834313948053
2,3094,1596.1444946463907,1543.0950154847765,927.4204262444435,2558.548534006795
2,3095,1014.0198211450053,988.8034503810513,673.2647050630305,1502.7243911219246
2,3096,61.46178193382615,58.48500818124583,43.17847746859595,95.25833236065176
2,3097,429.0491693589291,418.5855791595141,289.3205669867147,629.0425813107821
2,3098,475.24155191872813,467.95240358621163,341.3821435796397,651.713700025624
2,3099,951.1941765000014,929.5193417088344,648.9664377361852,1379.5651409586055
2,3100,163.34928559178567,159.87491217629878,114.08253145051444,233.03744727511153
1,3101,101.5497964449721,85.65720279929809,25.46759179900784,270.98776315525265
1,3102,0.3741220263203678,0.34968077194855884,0.17359271662366207,0.7211291535672516
1,3103,64.32034629250987,53.4886435673622,15.45307509972856,176.43028041273627
1,3104,0.1858332563747709,0.17137047652493623,0.08574781564910328,0.3718320136237894
1,3105,30.451217486061807,27.52933199068027,11.103042266307284,66.63551729003812
1,3106,5.569308538482268,5.258631150391166,2.787649100480243,10.107105570746599
1,3107,0.5444687420779509,0.5071952736377223,0.25376626705542754,1.0528125482365274
1,3108,0.9698765500294074,0.9179147256017097,0.497775871945614,1.7456843229296142
1,3109,29.417502280173135,24.493027722433915,7.204252853347068,80.33510391938864
1,3110,0.47752029209431546,0.4548699869268129,0.2520235509406925,0.8336774833875288
1,3111,3.0764034781629355,2.9376372565018096,1.650707869718896,5.292086546965285
1,3112,1.497915012167086,1.2305285256236278,0.35302664827325886,4.230513571665139
1,3113,0.4657784647795842,0.4406383357506952,0.2368694540668897,0.8397088566784104
1,3114,11.646287641377858,11.152790398818539,6.269636998881066,19.966678015089883
1,3115,0.29045154144666124,0.2768470961848496,0.15309681533041708,0.5075884288440967
1,3116,63.27391360810873,57.10579758841834,22.79199952276572,139.26600420282955
1,3117,256.1959021795223,234.0944311241351,97.1831604379236,538.9395478420889
1,3118,1.9006585273209902,1.8103870646298166,0.9998389419646775,3.3264654800992384
1,3119,1.5012101424537805,1.4284944571176224,0.7890810622832333,2.62850648187446
1,3120,31.441334854787108,26.047997977794147,7.55194462632691,86.847046082434
1,3121,2.099232697555494,1.9932708763636091,1.0980081744127186,3.712644054159579
1,3122,5.14232128483736,4.676494706916384,2.0570657055645563,10.973924223341445
1,3123,0.9172444799612239,0.8483028156732226,0.4373670967766212,1.8061828396365536
1,3124,4.721390639758648,4.286562496454135,2.031844057673893,10.01261049130511
1,3125,2.3516037747536016,2.1608796413294757,1.1821536576068719,4.671178199894193
1,3126,1.4511964462295324,1.2600555110966436,0.4868691143169906,3.5312782812295085
1,3127,0.10181552159104972,0.09682868053736704,0.051848363376258685,0.1802261247153606
1,3128,1.8904757550658058,1.7905096934044042,0.9826574612313385,3.3830486187738726
1,3129,2.3917275581821227,2.0659499350892156,0.7162856104912341,5.980299317196554
1,3130,0.09981873488778815,0.08042323161509624,0.0,0.31299744176792343
1,3131,0.6369171950527065,0.5357567116413395,0.24957100029278356,1.6586511241791904
1,3132,63.37935771434751,51.49152861686787,14.105689014411121,183.18635073192442
1,3133,0.6803437128722195,0.625676066963197,0.322960433045993,1.362519968416449
1,3134,23.70306982632592,19.425272910436973,5.443368024971375,67.38613821834598
1,3135,0.08232143652093424,0.07580956058473569,0.00696416373030374,0.19337930004284845
1,3136,1.0550595025298368,0.9831818007630067,0.5376021904535572,1.9968075619376082
1,3137,0.5927538191148672,0.5653034090160935,0.3083680421191297,1.0347483079880666
1,3138,1.1456115687595592,1.0616499193855544,0.5630300192264331,2.225874940473125
1,3139,0.5794406785598152,0.49768620701349714,0.2305149188082138,1.4416909019573483
1,3140,5.458604538260058,5.1092583538496585,2.7444131949346726,10.18885096456914
1,3141,6.773690786215685,5.917624117722762,2.027027645283161,16.57545778526654
1,3142,3.2256825581919815,2.873179672152319,0.9342855893485896,7.541534255077469
1,3143,0.8437213843955818,0.7277836710834851,0.35774400472648454,2.0519414745704787
1,3144,0.19492391213059884,0.1748160085883308,0.0,0.5419609292220812
2,3101,2042.4197992366323,1973.2758526515963,1174.57284627243,3302.1942932056295
2,3102,186.14387558002227,178.77882488929203,123.82366166582382,290.355078730678
2,3103,1965.5777858551091,1886.6500045459509,1084.5033207340718,3291.9500411980785
2,3104,150.09911997635746,141.96455394947964,98.1339292603661,252.62593105358815
2,3105,969.8832945531689,946.251111342681,651.2474136603777,1426.6907280181606
2,3106,1161.278923612309,1128.75645974921,750.2889306644175,1753.4978521107282
2,3107,347.3505144428259,333.0448898987089,211.82193968237485,565.1608125979863
2,3108,461.61499575459396,448.7718433950109,314.7012638454754,681.0920904228635
2,3109,1235.4480163194485,1191.1106449282045,703.2923878701278,2017.3221830975424
2,3110,211.29089218016605,207.20051041967565,148.7985770231237,297.54289118354444
2,3111,299.518602653559,294.36766813899044,212.90831712143955,415.41449928964175
2,3112,274.5676209487734,264.2476632053585,155.96090041998883,449.82197314864345
2,3113,301.6500788291667,293.4739799009416,203.40355462106228,448.5641554035384
2,3114,1175.2539701085577,1157.7996595087093,839.927038294626,1612.119786707184
2,3115,191.67870116718802,188.3036076590501,135.42280640111662,266.920624296191
2,3116,1652.2288893022678,1604.2714214104003,1074.4033609094859,2504.768693354406
2,3117,4446.588684887257,4383.192475188249,3111.9773761272004,6149.988105356244
2,3118,697.2707267137739,683.3501858566776,482.9791324124062,988.3815413727827
2,3119,315.1956001770376,308.4327626026035,218.22301264292423,451.06971095120673
2,3120,1984.5514142181219,1911.3540795580047,1121.4245787475925,3264.015927412629
2,3121,809.6056656160963,789.6170463717901,559.4218522240216,1173.5865733210214
2,3122,656.7456130548313,614.9870948694711,314.4863659292215,1241.5853565616467
2,3123,124.48184593963003,117.36499559360325,75.79083053840684,216.33818425504793
2,3124,595.577513115613,553.1614131912793,318.509387362819,1118.2885870160103
2,3125,140.56940365656206,131.05679759595296,92.54822813323342,250.33383114193308
2,3126,261.2922127660989,233.90825478468923,102.93578863146924,581.3760863180756
2,3127,53.28678284314493,52.64708579790668,38.75407134248418,71.42407907152086
2,3128,353.6006845074406,343.0400030713962,241.8073792549617,527.6091430073318
2,3129,300.4923643221946,267.56585103558893,103.46999881746093,686.9652560541764
2,3130,64.27727375788837,54.420184643149476,30.888770052314204,157.77195679506804
2,3131,118.55063163939472,100.52722718384427,60.254608361732636,285.36351887344875
2,3132,1197.0084787284172,1111.3737975901697,553.7628748169019,2339.258791192925
2,3133,192.6135577882244,180.26007857224926,121.99592626260463,337.9754346943118
2,3134,761.7062035389378,715.8594589828948,385.8973403259008,1405.8757490815383
2,3135,15.929830812792272,15.718609537898672,11.005415523467441,22.081533621858288
2,3136,257.1381719977906,244.94054111835055,175.98349846623896,414.9777816714623
2,3137,66.28546198729673,65.51258779346975,48.16095930615411,88.81630410094388
2,3138,292.6228957039821,277.1376069359658,194.25062409179705,487.6732105018263
2,3139,101.92468138711601,88.45137770300283,57.01531221143053,232.4050653073976
2,3140,407.80332782566853,389.8474027038369,266.59616154721346,654.2204961986589
2,3141,580.265610976064,524.7413359338257,194.49909884507383,1289.6978673508377
2,3142,466.19530245311955,431.60255372185304,150.80816081949428,980.6090234442961
2,3143,82.71282320713608,72.04045505663377,47.7637564476237,186.58064181663622
2,3144,56.12552367648495,55.480178938214806,40.76432118678678,75.19797395573079
