GEOID,State,ssm_hh,total_hh,county_to_urb,urb_ssm_rate,adj_ssm_hh,adj_hh,adj_urb_ssm_rate,per_ssm,msm_index,msm_urb,male_pop,msm_pop
01001,AL,45.92211609110948,58761,3,0.0012836746938390434,121.35212477578551,58836.43000868468,0.0025640579713467324,0.002062533786599103,0.8044021662723128,0.03430668308799435,21711,599.14
01003,AL,191.95444526083762,233420,3,0.0012836746938390434,491.5897922967471,233719.63534703592,0.0025640579713467324,0.0021033311624280757,0.8203134195609989,0.03430668308799435,88794,2498.86
01005,AL,17.33730522456462,24877,4,8.506617793153081e-4,38.49921830859154,24898.161913084026,0.0016998775377797136,0.0015462674892623351,0.9096346383175252,0.02678621884916539,10437,254.3
01007,AL,19.81994459833795,22251,2,0.001316614162945478,49.11592633803778,22280.2959817397,0.002629765938810684,0.002204455738751936,0.8382707016689496,0.03776920561073565,9437,298.78
01009,AL,11.011080332409973,59077,2,0.001316614162945478,88.79269523673999,59154.78161490433,0.002629765938810684,0.001501023126326076,0.5707820244279672,0.03776920561073565,22682,488.98
01011,AL,6.668194317140238,10328,4,8.506617793153081e-4,15.45382917390874,10336.78563485677,0.0016998775377797136,0.0014950323746481442,0.8794941643860258,0.02678621884916539,4503,106.08
01013,AL,22.227314390467463,18981,4,8.506617793153081e-4,38.373725623651325,18997.146411233185,0.0016998775377797136,0.0020199731471754407,1.1883050997978468,0.02678621884916539,6695,213.1
01015,AL,68.42395297575312,116162,3,0.0012836746938390434,217.53817276148408,116311.11421978573,0.0025640579713467324,0.0018703128606473154,0.7294347013788312,0.03430668308799435,43660,1092.57
01017,AL,6.668194317140238,34612,4,8.506617793153081e-4,36.11129982280168,34641.44310550566,0.0016998775377797136,0.0010424305856086699,0.6132386377493024,0.02678621884916539,12958,212.85
01019,AL,17.33730522456462,25069,4,8.506617793153081e-4,38.66254537022008,25090.325240145656,0.0016998775377797136,0.0015409344040051844,0.9064973033397853,0.02678621884916539,9956,241.75
01021,AL,14.094182825484765,45140,2,0.001316614162945478,73.52614614084365,45199.43196331536,0.002629765938810684,0.0016267050922347595,0.6185740974995058,0.03776920561073565,16810,392.73
01023,AL,0,12669,4,8.506617793153081e-4,10.777034082145638,12679.777034082146,0.0016998775377797136,8.499387688898552e-4,0.49999999999999906,0.02678621884916539,4717,63.18
01025,AL,25.339138405132907,23058,4,8.506617793153081e-4,44.95369771258528,23077.61455930745,0.0016998775377797136,0.0019479351991540637,1.145926783466031,0.02678621884916539,8417,258.36
01027,AL,18.226397800183317,14209,4,8.506617793153081e-4,30.31345102247453,14221.08705322229,0.0016998775377797136,0.0021315846607946856,1.2539636611581115,0.02678621884916539,5514,185.21
01029,AL,12.44729605866178,15144,4,8.506617793153081e-4,25.329718044612804,15156.88242198595,0.0016998775377797136,0.0016711693961464367,0.9831116412828339,0.02678621884916539,5812,153.05
01031,AL,36.89734188817599,53559,4,8.506617793153081e-4,82.45793612652457,53604.56059423835,0.0016998775377797136,0.0015382634464759983,0.90492603866346355,0.02678621884916539,20117,487.63
01033,AL,24.797942689199118,57270,3,0.0012836746938390434,98.31399240536113,57343.51604971616,0.0025640579713467324,0.0017144744371817738,0.6686566592257164,0.03430668308799435,21578,494.99
01035,AL,12.891842346471128,11576,4,8.506617793153081e-4,22.739103103825133,11585.847260757355,0.0016998775377797136,0.001962662081766362,1.1545902796797252,0.02678621884916539,4399,136.05
01037,AL,32.896425297891845,10329,4,8.506617793153081e-4,41.68291081643966,10337.786485518547,0.0016998775377797136,0.0040320924479171835,2.3719899571022514,0.02678621884916539,4351,276.45
01039,AL,43.56553620531623,37542,4,8.506617793153081e-4,75.50108072437152,37573.93554451905,0.0016998775377797136,0.002009400389664131,1.182085382626268,0.02678621884916539,13933,441.17
01041,AL,0.44454628780934924,13205,4,8.506617793153081e-4,11.677535083667992,13216.232988795859,0.0016998775377797136,8.835751528871876e-4,0.5197875336603746,0.02678621884916539,4914,68.42
01043,AL,44.89917506874427,88284,4,8.506617793153081e-4,119.99899959381693,88359.09982452507,0.0016998775377797136,0.0013580830931067256,0.7989299599079231,0.02678621884916539,33802,723.37
01045,AL,44.01008249312557,49455,4,8.506617793153081e-4,86.07956078916413,49497.06947829604,0.0016998775377797136,0.0017390839840914045,1.023064276949562,0.02678621884916539,18547,508.26
01047,AL,8.446379468377636,38326,4,8.506617793153081e-4,41.048842822416134,38358.60246335404,0.0016998775377797136,0.0010701339513511272,0.6295359092448961,0.02678621884916539,13183,222.3
01049,AL,49.78918423464712,71680,4,8.506617793153081e-4,110.7646205759684,71740.97543634132,0.0016998775377797136,0.0015439519730848146,0.9082724718519662,0.02678621884916539,27041,657.89
01051,AL,90.00734753857458,87694,3,0.0012836746938390434,202.57791614009565,87806.57056860153,0.0025640579713467324,0.0023070929069234692,0.899781881964121,0.03430668308799435,32892,1015.33
01053,AL,19.560036663611367,36755,4,8.506617793153081e-4,50.82611036234552,36786.26607369873,0.0016998775377797136,0.0013816599450599018,0.8127996954795638,0.02678621884916539,14290,311.12
01055,AL,61.076414401175604,103348,3,0.0012836746938390434,193.74162666005307,103480.66521225887,0.0025640579713467324,0.001872249528572816,0.7301900150055677,0.03430668308799435,38747,970.63
01057,AL,0,16297,4,8.506617793153081e-4,13.863235017501577,16310.863235017501,0.0016998775377797136,8.499387688898553e-4,0.4999999999999991,0.02678621884916539,6279,84.1
01059,AL,11.113657195233731,32011,4,8.506617793153081e-4,38.34419141289606,32038.230534217662,0.0016998775377797136,0.0011968261284574836,0.7040660882081612,0.02678621884916539,11983,225.99
01061,AL,9.184423218221895,26647,3,0.0012836746938390434,43.39050278495088,26681.206079566728,0.0025640579713467324,0.0016262571735158793,0.6342513280468899,0.03430668308799435,10072,219.16
01063,AL,0,7706,3,0.0012836746938390434,9.891997190723668,7715.8919971907235,0.0025640579713467324,0.0012820289856733662,0.5,0.03430668308799435,2859,49.04
01065,AL,20.664952240999266,14742,3,0.0012836746938390434,39.58888457757445,14760.923932336575,0.0025640579713467324,0.0026820058662349426,1.046000479008772,0.03430668308799435,5229,187.64
01067,AL,10.562086700955179,17282,3,0.0012836746938390434,32.746552759881524,17304.184466058927,0.0025640579713467324,0.001892406592411901,0.7380514066216464,0.03430668308799435,6595,166.99
01069,AL,75.77149155033064,107040,3,0.0012836746938390434,213.17603077886184,107177.40453922853,0.0025640579713467324,0.001989001615548884,0.7757241208178265,0.03430668308799435,38826,1033.26
01071,AL,17.78185151237397,52618,4,8.506617793153081e-4,62.54197301638685,52662.76012150401,0.0016998775377797136,0.0011875939064357702,0.6986349781331542,0.02678621884916539,20348,380.79
01073,AL,867.2326869806094,672265,2,0.001316614162945478,1752.3463072331513,673150.1136202526,0.002629765938810684,0.002603202869281117,0.9898990746143816,0.03776920561073565,242155,9053.62
01075,AL,2.6672777268560957,13885,4,8.506617793153081e-4,14.478716532649148,13896.811438805793,0.0016998775377797136,0.0010418732812491381,0.6129107880382817,0.02678621884916539,5280,86.68
01077,AL,63.83174136664217,94329,3,0.0012836746938390434,184.9194915617853,94450.08775019515,0.0025640579713467324,0.0019578541001557008,0.7635763785509763,0.03430668308799435,36154,947.08
01079,AL,35.360029390154295,33116,3,0.0012836746938390434,77.87020055132805,33158.51017116117,0.0025640579713467324,0.002348422777421822,0.9159008117856043,0.03430668308799435,12604,396.04
01081,AL,165.77883908890522,175126,3,0.0012836746938390434,390.5836535221615,175350.80481443324,0.0025640579713467324,0.0022274414647568946,0.8687172792692222,0.03430668308799435,67874,2022.84
01083,AL,95.05878030859662,104199,3,0.0012836746938390434,228.8163997319311,104332.75761942334,0.0025640579713467324,0.00219314053373907,0.8553396835201649,0.03430668308799435,40785,1196.79
01085,AL,0,10153,3,0.0012836746938390434,13.033149166547807,10166.033149166547,0.0025640579713467324,0.0012820289856733662,0.5,0.03430668308799435,3697,63.42
01087,AL,10.562086700955179,19198,3,0.0012836746938390434,35.20607347327714,19222.64398677232,0.0025640579713467324,0.0018314896482244324,0.714293385208631,0.03430668308799435,7246,177.56
01089,AL,568.9750183688465,389781,3,0.0012836746938390434,1069.3270242081226,390281.3520058393,0.0025640579713467324,0.0027398875675518405,1.0685747351151955,0.03430668308799435,149238,5470.95
01091,AL,4.890009165902842,19180,4,8.506617793153081e-4,21.20570209317045,19196.315692927266,0.0016998775377797136,0.0011046756279895693,0.6498560063523374,0.02678621884916539,6839,119.05
01093,AL,2.6672777268560957,29203,4,8.506617793153081e-4,27.509153668201037,29227.841875941343,0.0016998775377797136,9.41196882922956e-4,0.5536851108417467,0.02678621884916539,11281,167.31
01095,AL,102.24564619615032,97923,4,8.506617793153081e-4,185.54499961204323,98006.29935341589,0.0016998775377797136,0.0018931946296937318,1.1137241287196007,0.02678621884916539,36034,1074.98
01097,AL,485.85598824393827,413878,3,0.0012836746938390434,1017.1407031806539,414409.28471493674,0.0025640579713467324,0.0024544351217428034,0.9572463451181834,0.03430668308799435,149635,4914.01
01099,AL,13.780934922089827,19816,4,8.506617793153081e-4,30.63764874100197,19832.856713818914,0.0016998775377797136,0.0015447925219796812,0.9087669479987388,0.02678621884916539,7303,177.77
01101,AL,147.8692138133725,228132,3,0.0012836746938390434,440.7164890682611,228424.8472752549,0.0025640579713467324,0.0019293719327179502,0.7524681400649366,0.03430668308799435,80376,2074.88
01103,AL,77.60837619397502,123102,3,0.0012836746938390434,235.6312983549489,123260.02292216098,0.0025640579713467324,0.001911660348333301,0.7455605020229829,0.03430668308799435,46496,1189.26
01105,AL,0,8479,4,8.506617793153081e-4,7.212761226814497,8486.212761226814,0.0016998775377797136,8.499387688898553e-4,0.4999999999999991,0.02678621884916539,3029,40.57
01107,AL,3.673769287288758,18925,3,0.0012836746938390434,27.967312868192657,18949.293543580905,0.0025640579713467324,0.0014759026664435528,0.5756120504827578,0.03430668308799435,7193,142.04
01109,AL,22.67186067827681,32997,4,8.506617793153081e-4,50.741147410344034,33025.06928673207,0.0016998775377797136,0.0015364433294536481,0.9038553044594411,0.02678621884916539,12648,306.22
01111,AL,28.45096241979835,22179,4,8.506617793153081e-4,47.31779002323257,22197.866827603433,0.0016998775377797136,0.0021316368095510903,1.2539943391071082,0.02678621884916539,8503,285.61
01113,AL,83.11903012490815,58849,3,0.0012836746938390434,158.66200218264203,58924.54297205773,0.0025640579713467324,0.0026926301703838456,1.0501440296880584,0.03430668308799435,21146,761.83
01115,AL,62.10249307479224,91719,2,0.001316614162945478,182.86102748598856,91839.7585344112,0.002629765938810684,0.001991087851319566,0.7571350065550086,0.03776920561073565,34963,999.82
01117,AL,147.10803324099723,223916,2,0.001316614162945478,441.9190101510969,224210.8109769101,0.002629765938810684,0.001970997777607642,0.7494955153685764,0.03776920561073565,83331,2358.92
01119,AL,0,12196,4,8.506617793153081e-4,10.374671060529497,12206.37467106053,0.0016998775377797136,8.499387688898552e-4,0.49999999999999906,0.02678621884916539,4462,59.76
01121,AL,60.01374885426215,81105,4,8.506617793153081e-4,129.0066724656302,81173.99292361137,0.0016998775377797136,0.001589261139180768,0.9349268425868921,0.02678621884916539,31060,777.84
01123,AL,30.22914757103575,41251,4,8.506617793153081e-4,65.31979662957153,41286.09064905853,0.0016998775377797136,0.0015821259800256977,0.9307293877723589,0.02678621884916539,15839,394.88
01125,AL,317.3218221895665,231558,3,0.0012836746938390434,614.5669669455476,231855.245144756,0.0025640579713467324,0.002650649402224436,1.033771245363935,0.03430668308799435,87755,3112.25
01127,AL,54.174515235457065,64978,2,0.001316614162945478,139.72547031532832,65063.550955079874,0.002629765938810684,0.0021475229719908054,0.8166213351147236,0.03776920561073565,24458,754.36
01129,AL,10.224564619615032,15434,4,8.506617793153081e-4,23.353678521567495,15447.129113901952,0.0016998775377797136,0.0015118458808342507,0.8893851746573113,0.02678621884916539,5932,141.32
01131,AL,7.112740604949588,10441,4,8.506617793153081e-4,15.99450024278072,10449.88175963783,0.0016998775377797136,0.0015305915043516295,0.9004128064135748,0.02678621884916539,3720,89.72
01133,AL,33.34097158570119,23655,4,8.506617793153081e-4,53.4633759754048,23675.122404389702,0.0016998775377797136,0.002258209062754072,1.328453969515722,0.02678621884916539,9268,329.79
02013,AK,2.076595744680851,3407,4,8.506617793153081e-4,4.974800426808105,3409.8982046821275,0.0016998775377797136,0.0014589293076189818,0.8582555361750087,0.02678621884916539,1853,42.6
02016,AK,0.5191489361702127,5219,4,8.506617793153081e-4,4.958752762416806,5223.439603826247,0.0016998775377797136,9.493270983327626e-4,0.558467935032968,0.02678621884916539,3039,45.46
02020,AK,328.28398384925976,290674,3,0.0012836746938390434,701.4148418062298,291047.13085795694,0.0025640579713467324,0.0024099699582627023,0.9399046297681415,0.03430668308799435,113708,3666.52
02050,AK,0.778723404255319,18538,4,8.506617793153081e-4,16.5482914692025,18553.76956806495,0.0016998775377797136,8.919099382200849e-4,0.5246907017696396,0.02678621884916539,6609,92.89
02060,AK,0.5191489361702127,854,4,8.506617793153081e-4,1.245614095705486,854.7264651595352,0.0016998775377797136,0.0014573248243494967,0.857311654493049,0.02678621884916539,402,9.23
02063,AK,3.634042553191489,7000,4,8.506617793153081e-4,9.588675008398646,7005.9546324552075,0.0016998775377797136,0.0013686464602523888,0.8051441529370635,0.02678621884916539,2935,63.3
02066,AK,0.5191489361702127,2614,4,8.506617793153081e-4,2.742778827300428,2616.2236298911303,0.0016998775377797136,0.0010483732338334411,0.6167345650103527,0.02678621884916539,1086,17.94
02068,AK,1.8170212765957445,2101,4,8.506617793153081e-4,3.6042616749372067,2102.7872403983415,0.0016998775377797136,0.0017140401109978361,1.0083315255972032,0.02678621884916539,1279,34.55
02070,AK,1.557446808510638,4854,4,8.506617793153081e-4,5.6865590853071435,4858.129112276796,0.0016998775377797136,0.0011705244866664522,0.6885934196149958,0.02678621884916539,1755,32.37
02090,AK,81.15343203230148,96299,3,0.0012836746938390434,204.77002137430753,96422.61658934201,0.0025640579713467324,0.0021236721074103437,0.8282465260701252,0.03430668308799435,40278,1144.47
02100,AK,0,2079,4,8.506617793153081e-4,1.7685258391965255,2080.7685258391966,0.0016998775377797136,8.499387688898552e-4,0.49999999999999906,0.02678621884916539,715,9.58
02105,AK,0.778723404255319,2329,4,8.506617793153081e-4,2.7599146882806718,2330.9811912840255,0.0016998775377797136,0.0011840141390245913,0.6965290808954893,0.02678621884916539,1150,21.46
02110,AK,30.370212765957444,32108,4,8.506617793153081e-4,57.68326117621336,32135.313048410255,0.0016998775377797136,0.0017950116462010618,1.0559652717957595,0.02678621884916539,13031,368.59
02122,AK,27.77446808510638,59235,4,8.506617793153081e-4,78.16341858284865,59285.38895049774,0.0016998775377797136,0.001318426343598989,0.7756007796426588,0.02678621884916539,24404,507
02130,AK,13.757446808510638,13910,4,8.506617793153081e-4,25.590152158786573,13921.832705350276,0.0016998775377797136,0.0018381309918306995,1.0813314200454494,0.02678621884916539,5725,165.82
02150,AK,5.191489361702128,13065,4,8.506617793153081e-4,16.305385508456627,13076.113896146755,0.0016998775377797136,0.001246959581260719,0.7335584790945758,0.02678621884916539,5377,105.65
02158,AK,1.8170212765957445,8372,4,8.506617793153081e-4,8.938761693023505,8379.121740416427,0.0016998775377797136,0.0010667898104293762,0.6275686258098088,0.02678621884916539,2740,46.06
02164,AK,0,999,4,8.506617793153081e-4,0.8498111175359928,999.849811117536,0.0016998775377797136,8.499387688898553e-4,0.4999999999999991,0.02678621884916539,385,5.16
02170,AK,50.56796769851952,108661,3,0.0012836746938390434,190.05334360576379,108800.48537590724,0.0025640579713467324,0.0017468060270974595,0.6812661985875367,0.03430668308799435,42152,985.18
02180,AK,3.3744680851063826,10018,4,8.506617793153081e-4,11.89639779028714,10026.52192970518,0.0016998775377797136,0.001186492970712222,0.6979873222290788,0.02678621884916539,3527,65.94
02185,AK,0,10924,4,8.506617793153081e-4,9.292629277240426,10933.29262927724,0.0016998775377797136,8.499387688898552e-4,0.49999999999999906,0.02678621884916539,5557,74.43
02188,AK,0.778723404255319,7682,4,8.506617793153081e-4,7.313507192955516,7688.5347837887,0.0016998775377797136,9.512224888903499e-4,0.5595829509770359,0.02678621884916539,2647,39.68
02195,AK,0.778723404255319,3374,4,8.506617793153081e-4,3.6488562476651687,3376.87013284341,0.0016998775377797136,0.0010805438480373953,0.635659819029518,0.02678621884916539,1347,22.94
02198,AK,0.25957446808510637,5799,4,8.506617793153081e-4,5.192562126334578,5803.93298765825,0.0016998775377797136,8.946626601954712e-4,0.5263100666439949,0.02678621884916539,2530,35.67
02220,AK,0.778723404255319,8462,4,8.506617793153081e-4,7.977023380821456,8469.198299976566,0.0016998775377797136,9.418864806652984e-4,0.5540907857959807,0.02678621884916539,3487,51.75
02230,AK,0.5191489361702127,1303,4,8.506617793153081e-4,1.6275612346180592,1304.1084122984478,0.0016998775377797136,0.001248026022429789,0.7341858426224586,0.02678621884916539,457,8.99
02240,AK,0,6888,4,8.506617793153081e-4,5.859358335923842,6893.859358335923,0.0016998775377797136,8.499387688898552e-4,0.49999999999999906,0.02678621884916539,2998,40.15
02275,AK,0,2134,4,8.506617793153081e-4,1.8153122370588675,2135.815312237059,0.0016998775377797136,8.499387688898551e-4,0.499999999999999,0.02678621884916539,888,11.89
02282,AK,0,564,4,8.506617793153081e-4,0.47977324353383377,564.4797732435338,0.0016998775377797136,8.499387688898552e-4,0.49999999999999906,0.02678621884916539,292,3.91
02290,AK,4.672340425531915,5355,4,8.506617793153081e-4,9.22763425376539,5359.5552938282335,0.0016998775377797136,0.0017217164014319286,1.0128473158606117,0.02678621884916539,2109,57.22
04001,AZ,5.586206896551724,66054,4,8.506617793153081e-4,61.77582006744508,66110.18961317089,0.0016998775377797136,9.344371938563872e-4,0.5497085366966479,0.02678621884916539,23993,353.29
04003,AZ,156.47252747252747,125504,3,0.0012836746938390434,317.5788362481028,125665.10630877558,0.0025640579713467324,0.0025271839222239635,0.9856188707373876,0.03430668308799435,50748,1715.96
04005,AZ,148.18681318681317,144705,3,0.0012836746938390434,333.9409597587919,144890.75414657197,0.0025640579713467324,0.0023047775665587062,0.8988788835176597,0.03430668308799435,57094,1760.64
04007,AZ,10.939655172413794,53419,4,8.506617793153081e-4,56.38115676165824,53464.441501589245,0.0016998775377797136,0.0010545543014787182,0.6203707490929723,0.02678621884916539,21375,355.2
04009,AZ,6.400862068965517,38453,4,8.506617793153081e-4,39.11135946897706,38485.71049740001,0.0016998775377797136,0.0010162566563924893,0.5978410996123096,0.02678621884916539,15394,246.52
04011,AZ,0,9483,4,8.506617793153081e-4,8.066825653247067,9491.066825653246,0.0016998775377797136,8.499387688898553e-4,0.4999999999999991,0.02678621884916539,3664,49.07
04012,AZ,0,16681,4,8.506617793153081e-4,14.189889140758654,16695.189889140758,0.0016998775377797136,8.499387688898552e-4,0.49999999999999906,0.02678621884916539,7160,95.89
04013,AZ,8586.38140806562,4430871,1,0.00247692321944086,19561.308670312763,4441845.927262248,0.004941606459101834,0.004403869245048188,0.8911817000191911,0.065875644401241,1684583,98897.1
04015,AZ,191.20879120879118,214229,3,0.0012836746938390434,466.2091371952356,214504.00034598645,0.0025640579713467324,0.0021734286374298787,0.8476519102601718,0.03430668308799435,90427,2629.63
04017,AZ,19.900862068965516,107110,4,8.506617793153081e-4,111.01524525142815,107201.11438318246,0.0016998775377797136,0.0010355792091359458,0.6092081259503919,0.02678621884916539,39707,647.95
04019,AZ,2021.1319207108681,1042393,1,0.00247692321944086,4603.059346193484,1044974.9274254827,0.004941606459101834,0.004404947167042655,0.8913998319168621,0.065875644401241,408234,23972.13
04021,AZ,284.5060827250608,433338,2,0.001316614162945478,855.0450308675283,433908.5389481425,0.002629765938810684,0.0019705651171103523,0.7493309910316747,0.03776920561073565,177710,5029.48
04023,AZ,8.72844827586207,47838,4,8.506617793153081e-4,49.42240647474778,47878.693958198885,0.0016998775377797136,0.0010322421601118997,0.6072450145203739,0.02678621884916539,16824,273.66
04025,AZ,267.37362637362634,237830,3,0.0012836746938390434,572.6699788093661,238135.29635243575,0.0025640579713467324,0.002404809314625184,0.9378919437465348,0.03430668308799435,97950,3151.64
04027,AZ,113.76923076923076,204374,3,0.0012836746938390434,376.1189626478914,204636.34973187867,0.0025640579713467324,0.0018379870591940042,0.7168274195565982,0.03430668308799435,78963,1941.86
05001,AR,14.251798561151078,17024,4,8.506617793153081e-4,28.733464692214884,17038.481666131065,0.0016998775377797136,0.001686386454805477,0.9920634971199996,0.02678621884916539,6306,167.57
05003,AR,5.817060637204522,19018,4,8.506617793153081e-4,21.994946356223053,19034.17788571902,0.0016998775377797136,0.0011555501103478413,0.6797843283800062,0.02678621884916539,6985,127.19
05005,AR,26.17677286742035,41801,4,8.506617793153081e-4,61.73528590457954,41836.55851303716,0.0016998775377797136,0.0014756301210899438,0.868080251838218,0.02678621884916539,16558,385.02
05007,AR,249.6068848278793,286528,3,0.0012836746938390434,617.4156275041927,286895.80874267634,0.0025640579713467324,0.0021520552363940857,0.8393161388873557,0.03430668308799435,106019,3052.73
05009,AR,2.908530318602261,37662,4,8.506617793153081e-4,34.94615425117539,37694.03762393257,0.0016998775377797136,9.271003175575837e-4,0.5453924161904693,0.02678621884916539,14226,207.83
05011,AR,1.1634121274409044,10461,4,8.506617793153081e-4,10.062185000858342,10469.898772873417,0.0016998775377797136,9.6105848004267e-4,0.5653692449504049,0.02678621884916539,3651,55.29
05013,AR,2.617677286742035,4773,4,8.506617793153081e-4,6.6778859594140005,4777.060208672672,0.0016998775377797136,0.0013979070113645231,0.8223574818162445,0.02678621884916539,2016,44.41
05015,AR,24.722507708119217,28362,4,8.506617793153081e-4,48.848977093059986,28386.12646938494,0.0016998775377797136,0.0017208750600665674,1.0123523735211417,0.02678621884916539,10949,296.91
05017,AR,0,10234,4,8.506617793153081e-4,8.705672649512863,10242.705672649512,0.0016998775377797136,8.499387688898553e-4,0.4999999999999991,0.02678621884916539,4038,54.08
05019,AR,2.617677286742035,21469,4,8.506617793153081e-4,20.880535026862383,21487.26285774012,0.0016998775377797136,9.717633727992869e-4,0.5716666943364348,0.02678621884916539,8124,124.4
05021,AR,5.817060637204522,14537,4,8.506617793153081e-4,18.183130923111158,14549.366070285907,0.0016998775377797136,0.0012497541704065353,0.73520247349047,0.02678621884916539,5481,107.94
05023,AR,11.92497430626927,24948,4,8.506617793153081e-4,33.14728437662758,24969.22231007036,0.0016998775377797136,0.0013275257020423468,0.7809537290411448,0.02678621884916539,10022,209.65
05025,AR,9.598150051387462,7548,4,8.506617793153081e-4,16.018945161659406,7554.420795110272,0.0016998775377797136,0.0021204729781571,1.247426906368058,0.02678621884916539,2778,92.82
05027,AR,3.199383350462487,22707,4,8.506617793153081e-4,22.515360373375188,22726.315977022914,0.0016998775377797136,9.90717562676634e-4,0.5828170210253232,0.02678621884916539,8511,132.87
05029,AR,14.251798561151078,20782,4,8.506617793153081e-4,31.930251658881808,20799.67845309773,0.0016998775377797136,0.0015351319844142293,0.9030838694529337,0.02678621884916539,7907,191.27
05031,AR,167.2758181045474,111038,3,0.0012836746938390434,309.8124887590471,111180.5366706545,0.0025640579713467324,0.0027865712654076475,1.086781693919363,0.03430668308799435,39799,1483.86
05033,AR,101.93370165745857,60593,3,0.0012836746938390434,179.7154023812477,60670.78170072379,0.0025640579713467324,0.002962140874791197,1.1552550324107445,0.03430668308799435,22670,898.48
05035,AR,10,47945,2,0.001316614162945478,73.12506604242094,48008.12506604242,0.002629765938810684,0.001523181043663471,0.5792078379235271,0.03776920561073565,16144,353.17
05037,AR,11.052415210688592,16827,4,8.506617793153081e-4,25.366500971227282,16841.31408576054,0.0016998775377797136,0.001506206750972886,0.886067800472386,0.02678621884916539,6151,145.99
05039,AR,10.761562178828365,6472,4,8.506617793153081e-4,16.26704521455704,6477.5054830357285,0.0016998775377797136,0.0025113132296313203,1.4773494994889216,0.02678621884916539,2491,98.58
05041,AR,0,11285,4,8.506617793153081e-4,9.599718179573252,11294.599718179574,0.0016998775377797136,8.499387688898552e-4,0.49999999999999906,0.02678621884916539,3899,52.22
05043,AR,25.013360739979444,17309,4,8.506617793153081e-4,39.73746547814811,17323.72410473817,0.0016998775377797136,0.002293817728676458,1.3494017525947877,0.02678621884916539,6397,231.22
05045,AR,169.0182745431364,124611,3,0.0012836746938390434,328.97826181711343,124770.95998727398,0.0025640579713467324,0.002636657294699565,1.0283142285253015,0.03430668308799435,46387,1636.44
05047,AR,17.451181911613567,17160,4,8.506617793153081e-4,32.048538044664255,17174.59735613305,0.0016998775377797136,0.00186604305068146,1.097751461036883,0.02678621884916539,6400,188.19
05049,AR,1.7451181911613567,12183,4,8.506617793153081e-4,12.108730648559755,12193.363612457399,0.0016998775377797136,9.930590961946563e-4,0.5841944929113749,0.02678621884916539,4783,74.85
05051,AR,95.83510412239694,100021,3,0.0012836746938390434,224.2295306748719,100149.39442655248,0.0025640579713467324,0.0022389504395787163,0.8732058575113814,0.03430668308799435,38278,1146.69
05053,AR,10.89035274118147,18022,3,0.0012836746938390434,34.024738073548704,18045.134385332367,0.0025640579713467324,0.0018855353109038103,0.735371560227814,0.03430668308799435,7024,177.2
05055,AR,39.265159301130524,45954,4,8.506617793153081e-4,78.3564707077862,45993.09131140666,0.0016998775377797136,0.0017036574075279252,1.0022236129745845,0.02678621884916539,17147,460.32
05057,AR,4.944501541623843,20037,4,8.506617793153081e-4,21.98921161376467,20054.04471007214,0.0016998775377797136,0.0010964975859817743,0.645045046841409,0.02678621884916539,7172,123.92
05059,AR,57.87975334018499,33129,4,8.506617793153081e-4,86.06132742712182,33157.181574086935,0.0016998775377797136,0.002595556176414603,1.5269077440747736,0.02678621884916539,14124,577.67
05061,AR,0.5817060637204522,12779,4,8.506617793153081e-4,11.452312941590774,12789.87060687787,0.0016998775377797136,8.954205475254916e-4,0.5267559148378657,0.02678621884916539,4458,62.9
05063,AR,17.742034943473794,37910,4,8.506617793153081e-4,49.99062299731712,37942.248588053844,0.0016998775377797136,0.0013175450812121007,0.7750823526575953,0.02678621884916539,14291,296.7
05065,AR,7.853031860226104,13748,4,8.506617793153081e-4,19.54793000225296,13759.694898142026,0.0016998775377797136,0.0014206659484064957,0.8357460563083217,0.02678621884916539,6108,136.74
05067,AR,5.526207605344296,16784,4,8.506617793153081e-4,19.803714909372427,16798.27750730403,0.0016998775377797136,0.0011789134273297729,0.6935284460959492,0.02678621884916539,6731,125.04
05069,AR,21.813977389516957,66934,4,8.506617793153081e-4,78.75217292620779,66990.93819553668,0.0016998775377797136,0.0011755645621254296,0.6915583834708983,0.02678621884916539,26106,483.59
05071,AR,12.506680369989722,25925,4,8.506617793153081e-4,34.56008699873908,25947.05340662875,0.0016998775377797136,0.0013319465010971127,0.7835543864158755,0.02678621884916539,9750,204.64
05073,AR,0.2908530318602261,6277,4,8.506617793153081e-4,5.630457020622415,6282.339603988762,0.0016998775377797136,8.962356980904922e-4,0.5272354497142812,0.02678621884916539,2459,34.73
05075,AR,4.362795477903392,16258,4,8.506617793153081e-4,18.19285468601167,16271.830059208109,0.0016998775377797136,0.0011180583019742435,0.6577287346443731,0.02678621884916539,6166,108.63
05077,AR,0,8666,4,8.506617793153081e-4,7.37183497954646,8673.371834979547,0.0016998775377797136,8.499387688898551e-4,0.499999999999999,0.02678621884916539,4112,55.07
05079,AR,4.362795477903392,13016,4,8.506617793153081e-4,15.435009197471443,13027.072213719568,0.0016998775377797136,0.001184840994526455,0.6970155015249093,0.02678621884916539,7429,138.7
05081,AR,0.43561410964725883,12024,3,0.0012836746938390434,15.870518628367916,12039.434904518721,0.0025640579713467324,0.0013182112577735097,0.5141113315316889,0.03430668308799435,4441,78.33
05083,AR,12.506680369989722,21247,4,8.506617793153081e-4,30.58069119510207,21265.074010825112,0.0016998775377797136,0.001438071232648181,0.8459851963962713,0.02678621884916539,8254,187.04
05085,AR,33.97790055248619,74292,3,0.0012836746938390434,129.3446609071764,74387.3667603547,0.0025640579713467324,0.0017387987576421595,0.6781433091892544,0.03430668308799435,27240,633.73
05087,AR,23.958776030599235,16737,3,0.0012836746938390434,45.443639381383306,16758.484863350783,0.0025640579713467324,0.0027116794717381783,1.0575733864214896,0.03430668308799435,6529,236.88
05089,AR,4.071942446043165,16905,4,8.506617793153081e-4,18.452379825368446,16919.380437379325,0.0016998775377797136,0.0010906061184487775,0.6415792280385487,0.02678621884916539,6856,117.82
05091,AR,46.610709732256694,42682,3,0.0012836746938390434,101.40051301469475,42736.78980328244,0.0025640579713467324,0.0023726750062754267,0.9253593455335236,0.03430668308799435,16032,508.95
05093,AR,35.48406988694759,40361,4,8.506617793153081e-4,69.81762996189273,40395.33356007495,0.0016998775377797136,0.001728358793177476,1.0167548866108103,0.02678621884916539,14468,394.04
05095,AR,0,6787,4,8.506617793153081e-4,5.773441496212996,6792.773441496213,0.0016998775377797136,8.499387688898552e-4,0.49999999999999906,0.02678621884916539,2484,33.27
05097,AR,1.1634121274409044,8555,4,8.506617793153081e-4,8.440823649483365,8562.277411522042,0.0016998775377797136,9.858152502889897e-4,0.5799331001082627,0.02678621884916539,3501,54.39
05099,AR,0,8292,4,8.506617793153081e-4,7.053687474082535,8299.053687474083,0.0016998775377797136,8.499387688898552e-4,0.49999999999999906,0.02678621884916539,3125,41.85
05101,AR,2.3268242548818088,7243,4,8.506617793153081e-4,8.488167522462586,7249.16134326758,0.0016998775377797136,0.0011709171751771935,0.6888244294977749,0.02678621884916539,2995,55.26
05103,AR,9.016443987667008,22606,4,8.506617793153081e-4,28.24650417086886,22625.230060183203,0.0016998775377797136,0.0012484515779832093,0.7344361874525784,0.02678621884916539,8362,164.5
05105,AR,8.276668083297917,10055,3,0.0012836746938390434,21.184017129849497,10067.90734904655,0.0025640579713467324,0.002104113237777825,0.8206184342519649,0.03430668308799435,3970,111.77
05107,AR,15.706063720452208,16373,4,8.506617793153081e-4,29.63394903318175,16386.92788531273,0.0016998775377797136,0.0018083895432127982,1.063835189901278,0.02678621884916539,5467,155.79
05109,AR,4.6536485097636175,10205,4,8.506617793153081e-4,13.334651967676336,10213.681003457912,0.0016998775377797136,0.0013055676952473646,0.7680363239299139,0.02678621884916539,3940,81.06
05111,AR,3.0492987675308116,22997,3,0.0012836746938390434,32.56996570174729,23026.520666934215,0.0025640579713467324,0.0014144544967454567,0.5516468475174671,0.03430668308799435,8425,159.44
05113,AR,3.781089414182939,19384,4,8.506617793153081e-4,20.27031734443087,19400.489227930248,0.0016998775377797136,0.0010448353701951166,0.6146533188266156,0.02678621884916539,7324,120.58
05115,AR,72.13155190133607,63475,4,8.506617793153081e-4,126.12730834337525,63528.99575644204,0.0016998775377797136,0.0019853502615864273,1.167937229278047,0.02678621884916539,24177,756.37
05117,AR,0,8217,4,8.506617793153081e-4,6.9898878406338865,8223.989887840635,0.0016998775377797136,8.499387688898551e-4,0.499999999999999,0.02678621884916539,3220,43.13
05119,AR,687.8346791330217,398322,3,0.0012836746938390434,1199.150550532377,398833.31587139936,0.0025640579713467324,0.0030066458914355934,1.1726122907651726,0.03430668308799435,144191,5800.58
05121,AR,7.562178828365878,18619,4,8.506617793153081e-4,23.4006504974376,18634.83847166907,0.0016998775377797136,0.0012557474288287548,0.7387281736006365,0.02678621884916539,7007,138.65
05123,AR,7.562178828365878,23138,4,8.506617793153081e-4,27.24479107816348,23157.6826122498,0.0016998775377797136,0.0011764903913033039,0.6921030281039956,0.02678621884916539,10131,187.82
05125,AR,152.02932426689333,123988,3,0.0012836746938390434,311.18958220660863,124147.16025793971,0.0025640579713467324,0.002506618609399137,0.9775982592478492,0.03430668308799435,46369,1555.13
05127,AR,7.853031860226104,9871,4,8.506617793153081e-4,16.24991428384751,9879.396882423622,0.0016998775377797136,0.0016448285737723158,0.9676159236274751,0.02678621884916539,3806,98.65
05129,AR,3.199383350462487,7880,4,8.506617793153081e-4,9.902598171467115,7886.703214821005,0.0016998775377797136,0.0012556067981432041,0.7386454437083795,0.02678621884916539,3155,62.42
05131,AR,199.07564810879728,128184,3,0.0012836746938390434,363.6222050638612,128348.54655695506,0.0025640579713467324,0.002833083932917797,1.1049219497286806,0.03430668308799435,47688,1807.67
05133,AR,9.016443987667008,15913,4,8.506617793153081e-4,22.553024881911504,15926.536580894244,0.0016998775377797136,0.001416065870150734,0.8330399329826554,0.02678621884916539,5731,127.88
05135,AR,1.4542651593011304,17422,4,8.506617793153081e-4,16.274494678532427,17436.82022951923,0.0016998775377797136,9.333407389829555e-4,0.549063516776646,0.02678621884916539,6688,98.36
05137,AR,11.634121274409043,12393,4,8.506617793153081e-4,22.176372705463656,12403.542251431054,0.0016998775377797136,0.0017879064105985583,1.0517854203390575,0.02678621884916539,4873,137.29
05139,AR,29.376156217882837,38815,4,8.506617793153081e-4,62.394593182006524,38848.01843696412,0.0016998775377797136,0.0016061203554886521,0.9448447431021872,0.02678621884916539,14252,360.7
05141,AR,4.6536485097636175,15900,4,8.506617793153081e-4,18.179170800877017,15913.525522291113,0.0016998775377797136,0.0011423723030708857,0.6720321185977841,0.02678621884916539,6239,112.31
05143,AR,367.6583085422865,247331,3,0.0012836746938390434,685.1508542441909,247648.4925457019,0.0025640579713467324,0.0027666263872684416,1.079003056165424,0.03430668308799435,94443,3496
05145,AR,46.536485097636174,77118,4,8.506617793153081e-4,112.13782019487411,77183.60133509724,0.0016998775377797136,0.0014528710536325072,0.8546916006256353,0.02678621884916539,28539,653.37
05147,AR,2.0359712230215825,6259,4,8.506617793153081e-4,7.360263299756096,6264.324292076734,0.0016998775377797136,0.0011749492773012297,0.6911964251471219,0.02678621884916539,2360,43.69
05149,AR,30.53956834532374,20342,4,8.506617793153081e-4,47.84373026015574,20359.30416191483,0.0016998775377797136,0.0023499688338884735,1.3824341940289848,0.02678621884916539,7791,288.5
06001,CA,4851.605068600892,1663823,1,0.00247692321944086,8972.766890340641,1667944.1618217397,0.004941606459101834,0.005379536734935134,1.088621034365593,0.065875644401241,656134,47053.74
06003,CA,0,1515,4,8.506617793153081e-4,1.2887525956626917,1516.2887525956628,0.0016998775377797136,8.499387688898551e-4,0.499999999999999,0.02678621884916539,684,9.16
06005,CA,42.156325543916196,40577,4,8.506617793153081e-4,76.67362856319346,40611.517303019275,0.0016998775377797136,0.001887977442238858,1.1106549738311327,0.02678621884916539,18797,559.22
06007,CA,333.8180970149254,213605,3,0.0012836746938390434,608.0174299924142,213879.1993329775,0.0025640579713467324,0.002842807677832304,1.1087142761983506,0.03430668308799435,84278,3205.62
06009,CA,73.04673650282031,45674,4,8.506617793153081e-4,111.8998626112677,45712.85312610845,0.0016998775377797136,0.002447886206152317,1.44003679779757,0.02678621884916539,18879,728.22
06011,CA,8.358581788879937,21811,4,8.506617793153081e-4,26.91236585752612,21829.553784068645,0.0016998775377797136,0.0012328408598606786,0.7252527505428111,0.02678621884916539,8143,158.19
06013,CA,1855.5261248185777,1162648,2,0.001316614162945478,3386.284948138812,1164178.7588233203,0.002629765938810684,0.0029087328062586014,1.1060804930700716,0.03776920561073565,441433,18441.21
06015,CA,33.07091055600323,27462,4,8.506617793153081e-4,56.43178433956022,27485.360873783557,0.0016998775377797136,0.0020531578464151336,1.2078269174006824,0.02678621884916539,11767,380.7
06017,CA,280.5620464441219,191713,2,0.001316614162945478,532.9740974648884,191965.41205102077,0.002629765938810684,0.0027764069150292238,1.0557619878082602,0.03776920561073565,76723,3059.35
06019,CA,1276.1740103119812,1008280,1,0.00247692321944086,3773.6061540098117,1010777.4321436979,0.004941606459101834,0.003733370012037758,0.7554972341355406,0.065875644401241,361680,18000.4
06021,CA,36.34165995165189,28657,4,8.506617793153081e-4,60.71907456149067,28681.37741460984,0.0016998775377797136,0.002117020869805274,1.2453961081045932,0.02678621884916539,10680,356.28
06023,CA,216.5962933118453,136132,4,8.506617793153081e-4,332.3985826535968,136247.80228934175,0.0016998775377797136,0.002439661976695233,1.4351986672415151,0.02678621884916539,54721,2103.67
06025,CA,147.85167910447763,179578,3,0.0012836746938390434,378.37141327470533,179808.51973417023,0.0025640579713467324,0.002104301919809425,0.8206920215240581,0.03430668308799435,66478,1871.7
06027,CA,15.626913779210314,18829,4,8.506617793153081e-4,31.644024421938248,18845.01711064273,0.0016998775377797136,0.0016791719655201202,0.9878193741611305,0.02678621884916539,7578,200.51
06029,CA,884.5970149253732,906883,3,0.0012836746938390434,2048.7397722982064,908047.1427573728,0.0025640579713467324,0.0022562041945058163,0.8799349389595819,0.03430668308799435,330954,9990.72
06031,CA,88.37593283582089,152515,3,0.0012836746938390434,284.1555787666826,152710.77964593086,0.0025640579713467324,0.001860743422471645,0.7257025555839198,0.03430668308799435,63487,1580.6
06033,CA,70.8662369057212,68024,4,8.506617793153081e-4,128.7316537818657,68081.86541687614,0.0016998775377797136,0.0018908361719177525,1.1123367006704838,0.02678621884916539,26722,796.19
06035,CA,34.5245769540693,31873,4,8.506617793153081e-4,61.637719846186116,31900.113142892118,0.0016998775377797136,0.0019322100699169474,1.1366760410521652,0.02678621884916539,17346,528.14
06037,CA,24478.363366250112,9936690,1,0.00247692321944086,49090.78155163591,9961302.418185385,0.004941606459101834,0.004928148899687618,0.9972766832960911,0.065875644401241,3863992,253849.76
06039,CA,103.53592162554428,157243,2,0.001316614162945478,310.5642824495801,157450.02836082404,0.002629765938810684,0.0019724625373700676,0.7500525078144852,0.03776920561073565,55087,1560.55
06041,CA,736.9321480406386,260485,2,0.001316614162945478,1079.8903882754914,260827.95824023485,0.002629765938810684,0.0041402401627545675,1.5743759175111218,0.03776920561073565,101958,6062.72
06043,CA,16.353746978243354,17130,4,8.506617793153081e-4,30.92558325791458,17144.571836279672,0.0016998775377797136,0.0018038119326183974,1.0611422837991242,0.02678621884916539,7241,205.82
06045,CA,81.40531829170024,91145,4,8.506617793153081e-4,158.938886167394,91222.5335678757,0.0016998775377797136,0.0017423204547276994,1.0249682203598163,0.02678621884916539,35484,974.21
06047,CA,327.11660447761193,282290,3,0.0012836746938390434,689.4851338014355,282652.36852932384,0.0025640579713467324,0.0024393396644398,0.9513590143824143,0.03430668308799435,101084,3299.18
06049,CA,3.2707493956486706,8651,4,8.506617793153081e-4,10.629824448505401,8658.359075052856,0.0016998775377797136,0.001227695035094223,0.7222255767305278,0.02678621884916539,3463,66.99
06051,CA,8.721998388396454,13219,4,8.506617793153081e-4,19.96689644916551,13230.24489806077,0.0016998775377797136,0.0015091857031378285,0.8878202515159085,0.02678621884916539,5792,137.74
06053,CA,502.1930970149254,437609,3,0.0012836746938390434,1063.9406961111354,438170.7475990962,0.0025640579713467324,0.00242814177336317,0.9469917609108601,0.03430668308799435,165505,5376.95
06055,CA,229.107276119403,137384,3,0.0012836746938390434,405.4636402577861,137560.3563641384,0.0025640579713467324,0.002947532639305443,1.1495577214883703,0.03430668308799435,54639,2154.83
06057,CA,88.67365028203062,102322,4,8.506617793153081e-4,175.71506486513158,102409.0414145831,0.0016998775377797136,0.0017158159322455064,1.0093762015860335,0.02678621884916539,41679,1126.89
06059,CA,5358.978030236826,3175227,1,0.00247692321944086,13223.77151353237,3183091.7934832955,0.004941606459101834,0.004154379569136283,0.8406941353017751,0.065875644401241,1229447,68088.33
06061,CA,411.70754716981133,406608,2,0.001316614162945478,947.0533987367462,407143.34585156693,0.002629765938810684,0.0023260932749764635,0.8845248319051705,0.03776920561073565,154414,5158.63
06063,CA,6.178082191780822,19650,4,8.506617793153081e-4,22.893586155326624,19666.715503963547,0.0016998775377797136,0.001164077761266885,0.684800955007229,0.02678621884916539,8225,150.87
06065,CA,7068.086480817968,2429487,1,0.00247692321944086,13085.739242447684,2435504.65276163,0.004941606459101834,0.005372906690040483,1.087279356320301,0.065875644401241,914656,65512.44
06067,CA,4194.16404788954,1579211,1,0.00247692321944086,8105.748442185959,1583122.5843942964,0.004941606459101834,0.005120101577786046,1.0361208688230212,0.065875644401241,591944,40403.21
06069,CA,54.40711175616836,64753,2,0.001316614162945478,139.6618286493769,64838.25471689321,0.002629765938810684,0.0021540035162758457,0.8190856397090599,0.03776920561073565,24477,757.23
06071,CA,2174.6603773584907,2180563,2,0.001316614162945478,5045.620506353371,2183433.9601289947,0.002629765938810684,0.00231086471974416,0.878733991356376,0.03776920561073565,805484,26733.28
06073,CA,9015.398199772788,3289701,1,0.00247692321944086,17163.734991690602,3297849.3367919177,0.004941606459101834,0.005204523687667049,1.0532048091528927,0.065875644401241,1310288,90908.5
06075,CA,6208.7681901599235,851036,1,0.00247692321944086,8316.719019139995,853143.9508289801,0.004941606459101834,0.0097483185704579315,1.9727023289162824,0.065875644401241,379252,49284.95
06077,CA,841.0373134328358,779445,3,0.0012836746938390434,1841.5911351722089,780445.5538217394,0.0025640579713467324,0.0023596663805106953,0.9202858932519831,0.03430668308799435,284476,8981.46
06079,CA,348.4776119402985,281712,3,0.0012836746938390434,710.104177291083,282073.6265653508,0.0025640579713467324,0.0025174426476435086,0.9818197075790998,0.03430668308799435,117632,3962.2
06081,CA,1394.2837445573296,754250,2,0.001316614162945478,2387.3399769589564,755243.0562324016,0.002629765938810684,0.003161022080584783,1.2020165117867334,0.03776920561073565,299430,13593.89
06083,CA,526.4860074626865,445213,3,0.0012836746938390434,1097.9946689308485,445784.50866146816,0.0025640579713467324,0.002463061518731853,0.9606106984539695,0.03430668308799435,173291,5710.87
06085,CA,3081.159276413528,1916831,1,0.00247692321944086,7829.002488057571,1921578.843211644,0.004941606459101834,0.004074255144781108,0.8244798889795906,0.065875644401241,770109,41827.04
06087,CA,615.6996268656717,268571,3,0.0012836746938390434,960.4574230647174,268915.75779619906,0.0025640579713467324,0.0035715922002332464,1.3929451830440955,0.03430668308799435,108510,5185.4
06089,CA,264.7089552238806,181852,3,0.0012836746938390434,498.14776564789827,182085.438810424,0.0025640579713467324,0.002735791334564312,1.0669771764666378,0.03430668308799435,69781,2554.29
06091,CA,2.5439161966156325,2916,4,8.506617793153081e-4,5.024445945099071,2918.4805297484836,0.0016998775377797136,0.0017215965273313235,1.0127767966038177,0.02678621884916539,1195,32.42
06093,CA,45.06365834004835,44049,4,8.506617793153081e-4,82.53445905710836,44086.47080071706,0.0016998775377797136,0.0018721040164495532,1.101316991866833,0.02678621884916539,17424,514.01
06095,CA,539.8889925373135,450995,3,0.0012836746938390434,1118.8198610852528,451573.93086854793,0.0025640579713467324,0.002477600642121519,0.9662810551901044,0.03430668308799435,174534,5785.78
06097,CA,1517.4692164179105,488436,3,0.0012836746938390434,2144.4621491778776,489062.99293276,0.0025640579713467324,0.00438483831360496,1.7101166832440573,0.03430668308799435,192386,11286.98
06099,CA,512.2453358208955,552063,3,0.0012836746938390434,1220.9146383257594,552771.6693025049,0.0025640579713467324,0.0022087142053903138,0.8614135210953208,0.03430668308799435,200024,5911.16
06101,CA,95.9151119402985,99101,3,0.0012836746938390434,223.12855777444153,99228.21344583415,0.0025640579713467324,0.0022486402810853894,0.8769849614220404,0.03430668308799435,36663,1103.06
06103,CA,37.79532634971797,65484,4,8.506617793153081e-4,93.5000623064016,65539.70473595668,0.0016998775377797136,0.001426617081707803,0.8392469751504404,0.02678621884916539,24640,553.91
06105,CA,13.082997582594682,15889,4,8.506617793153081e-4,26.599162594135613,15902.51616501154,0.0016998775377797136,0.0016726386137973978,0.9839759492216753,0.02678621884916539,6926,182.55
06107,CA,318.32089552238807,473446,3,0.0012836746938390434,926.0715446217077,474053.7506490993,0.0025640579713467324,0.001953515911125441,0.7618844554046438,0.03430668308799435,164819,4307.99
06109,CA,106.11764705882354,54993,4,8.506617793153081e-4,152.89809028871028,55039.78044322989,0.0016998775377797136,0.0027779560357515443,1.6342095086331674,0.02678621884916539,23677,1036.44
06111,CA,753.9179104477612,842009,3,0.0012836746938390434,1834.7835557324802,843089.8656452848,0.0025640579713467324,0.0021762609544928786,0.8487565331254311,0.03430668308799435,324114,9437.56
06113,CA,315.0740203193034,217141,2,0.001316614162945478,600.9649362754474,217426.89091595614,0.002629765938810684,0.0027639862472565247,1.0510388801014519,0.03776920561073565,83275,3305.76
06115,CA,107.64272388059702,81705,3,0.0012836746938390434,212.52536474071604,81809.88264086012,0.0025640579713467324,0.0025977957415449196,1.0131579592096613,0.03430668308799435,30345,1054.73
08001,CO,900.1748502994012,520149,2,0.001316614162945478,1585.0103905413287,520833.8355402419,0.002629765938810684,0.0030432170154561008,1.157219724593589,0.03776920561073565,196691,8596.83
08003,CO,7.907834101382488,16460,4,8.506617793153081e-4,21.90972698891246,16474.00189288753,0.0016998775377797136,0.0013299577802265367,0.7823844663325891,0.02678621884916539,6184,129.6
08005,CO,1457.5135135135135,654453,1,0.00247692321944086,3078.5433452462426,656074.0298317327,0.004941606459101834,0.004692371905097074,0.949564062604439,0.065875644401241,250499,15669.5
08007,CO,11.861751152073733,13509,4,8.506617793153081e-4,23.353341128844228,13520.491589976771,0.0016998775377797136,0.0017272553274732187,1.016105742375574,0.02678621884916539,5558,151.28
08009,CO,1.0783410138248848,3496,4,8.506617793153081e-4,4.0522545943112025,3498.973913580486,0.0016998775377797136,0.0011581265520681024,0.6812999915163204,0.02678621884916539,1304,23.8
08011,CO,0,5561,4,8.506617793153081e-4,4.7305301547724286,5565.730530154772,0.0016998775377797136,8.499387688898553e-4,0.4999999999999991,0.02678621884916539,2965,39.71
08013,CO,446.3329169269207,328658,3,0.0012836746938390434,868.222874454673,329079.88995752775,0.0025640579713467324,0.002638334644413334,1.0289684062905913,0.03430668308799435,135943,4798.85
08014,CO,148.41157684630738,73946,2,0.001316614162945478,245.7699277394737,74043.35835089316,0.002629765938810684,0.0033192704006585493,1.2621923311394376,0.03776920561073565,29094,1386.97
08015,CO,23.723502304147466,19564,4,8.506617793153081e-4,40.36584935467215,19580.642347050525,0.0016998775377797136,0.0020615181381295465,1.2127450903446773,0.02678621884916539,8644,280.8
08017,CO,3.2350230414746544,1726,4,8.506617793153081e-4,4.703265272572876,1727.4682422310982,0.0016998775377797136,0.0027226348696855985,1.601665301867424,0.02678621884916539,693,29.73
08019,CO,6.874650698602795,9403,2,0.001316614162945478,19.254773672779127,9415.380122974177,0.002629765938810684,0.0020450341272782125,0.7776487242066427,0.03776920561073565,4168,122.42
08021,CO,3.5944700460829493,7553,4,8.506617793153081e-4,10.019518465251473,7559.425048419169,0.0016998775377797136,0.0013254339319558118,0.7797231874050295,0.02678621884916539,2855,59.63
08023,CO,5.032258064516129,3534,4,8.506617793153081e-4,8.038496792616428,3537.0062387281005,0.0016998775377797136,0.0022726838037772455,1.3369691364624419,0.02678621884916539,1530,54.79
08025,CO,15.815668202764977,5782,4,8.506617793153081e-4,20.73419461076609,5786.9185264080015,0.0016998775377797136,0.003582942202512053,2.1077648965183076,0.02678621884916539,3502,197.72
08027,CO,0,4885,4,8.506617793153081e-4,4.15548279195528,4889.155482791955,0.0016998775377797136,8.499387688898552e-4,0.49999999999999906,0.02678621884916539,1889,25.3
08029,CO,34.14746543778802,31173,4,8.506617793153081e-4,60.66514508438412,31199.517679646597,0.0016998775377797136,0.0019444257346311416,1.1438622438477795,0.02678621884916539,12494,382.81
08031,CO,3201.9027027027028,710800,1,0.00247692321944086,4962.4997270812655,712560.5970243786,0.004941606459101834,0.006964319593034535,1.409322990544322,0.065875644401241,291879,27098.06
08033,CO,6.110599078341014,2329,4,8.506617793153081e-4,8.091790362366368,2330.9811912840255,0.0016998775377797136,0.003471409547457133,2.0421527258906527,0.02678621884916539,1049,57.38
08035,CO,320.2778443113773,360206,2,0.001316614162945478,794.5301654893162,360680.2523211779,0.002629765938810684,0.002202865724907513,0.837666079857952,0.03776920561073565,136266,4311.18
08037,CO,37.382488479262676,55650,4,8.506617793153081e-4,84.72181649815957,55697.3393280189,0.0016998775377797136,0.0015211106584321116,0.8948354364508532,0.02678621884916539,23886,572.53
08039,CO,29.116167664670662,26457,2,0.001316614162945478,63.949828573719174,26491.833660909047,0.002629765938810684,0.002413944968561485,0.9179314907596663,0.03776920561073565,10638,368.81
08041,CO,840.1733291692692,730323,3,0.0012836746938390434,1777.670482597881,731260.4971534286,0.0025640579713467324,0.0024309674726281584,0.9480938027900085,0.03430668308799435,283998,9237.31
08043,CO,43.13364055299539,49107,4,8.506617793153081e-4,84.90708854983222,49148.773447996835,0.0016998775377797136,0.0017275525428863535,1.0162805875667889,0.02678621884916539,24420,664.77
08045,CO,43.13364055299539,61683,4,8.506617793153081e-4,95.60501108650153,61735.47137053351,0.0016998775377797136,0.0015486236512666208,0.9110207158154155,0.02678621884916539,23992,585.47
08047,CO,4.448303393213573,5856,2,0.001316614162945478,12.158395931422293,5863.710092538208,0.002629765938810684,0.002073498815518576,0.7884727628863879,0.03776920561073565,2530,75.34
08049,CO,8.626728110599078,15724,4,8.506617793153081e-4,22.002533928552985,15737.375805817954,0.0016998775377797136,0.0013981069143954015,0.8224750803058035,0.02678621884916539,6976,153.69
08051,CO,35.225806451612904,17018,4,8.506617793153081e-4,49.70236861200082,17032.476562160387,0.0016998775377797136,0.002918094055823941,1.716649576789746,0.02678621884916539,7648,351.67
08053,CO,6.110599078341014,911,4,8.506617793153081e-4,6.88555195929726,911.7749528809562,0.0016998775377797136,0.007551810825183148,4.442561688912548,0.02678621884916539,384,45.7
08055,CO,0,6896,4,8.506617793153081e-4,5.866163630158365,6901.866163630159,0.0016998775377797136,8.499387688898552e-4,0.49999999999999906,0.02678621884916539,2968,39.75
08057,CO,0,1440,4,8.506617793153081e-4,1.2249529622140436,1441.224952962214,0.0016998775377797136,8.499387688898552e-4,0.49999999999999906,0.02678621884916539,634,8.49
08059,CO,920.7988023952097,580519,2,0.001316614162945478,1685.1183396541555,581283.3195372589,0.002629765938810684,0.002898962146368873,1.1023650826050067,0.03776920561073565,235620,9810.15
08061,CO,0,1347,4,8.506617793153081e-4,1.14584141673772,1348.1458414167378,0.0016998775377797136,8.499387688898552e-4,0.49999999999999906,0.02678621884916539,439,5.88
08063,CO,8.986175115207374,7039,4,8.506617793153081e-4,14.973983379807827,7044.9878082646,0.0016998775377797136,0.0021254803822714327,1.2503726504014037,0.02678621884916539,2581,86.44
08065,CO,6.110599078341014,7403,4,8.506617793153081e-4,12.408048230612241,7409.297449152271,0.0016998775377797136,0.0016746592123969728,0.9851646222611544,0.02678621884916539,3405,89.85
08067,CO,49.963133640552996,55983,4,8.506617793153081e-4,97.5857320319619,56030.62259839141,0.0016998775377797136,0.001741649967579755,1.0245737877415584,0.02678621884916539,23136,634.95
08069,CO,427.8579013116802,359363,3,0.0012836746938390434,889.1630903137603,359824.3051890021,0.0025640579713467324,0.0024711034732540276,0.9637471152635906,0.03430668308799435,145632,4815.03
08071,CO,19.410138248847925,14422,4,8.506617793153081e-4,31.678382430133297,14434.268244181285,0.0016998775377797136,0.002194664938619485,1.2910723801233561,0.02678621884916539,6182,213.79
08073,CO,0,5583,4,8.506617793153081e-4,4.749244713917365,5587.7492447139175,0.0016998775377797136,8.499387688898552e-4,0.49999999999999906,0.02678621884916539,2886,38.65
08075,CO,20.847926267281107,21302,4,8.506617793153081e-4,38.9687234902558,21320.120797222975,0.0016998775377797136,0.001827790933310829,1.0752485944947474,0.02678621884916539,9449,272.15
08077,CO,104.10524672079951,156131,3,0.0012836746938390434,304.5266603445832,156331.4214136238,0.0025640579713467324,0.0019479555523189574,0.7597158777560022,0.03430668308799435,60846,1585.85
08079,CO,0.35944700460829493,794,4,8.506617793153081e-4,1.0348724573846495,794.6754254527764,0.0016998775377797136,0.0013022580342093978,0.7660893242405776,0.02678621884916539,364,7.47
08081,CO,5.032258064516129,13232,4,8.506617793153081e-4,16.288214728416285,13243.2559566639,0.0016998775377797136,0.0012299252375485644,0.7235375550376558,0.02678621884916539,4984,96.59
08083,CO,38.46082949308756,26070,4,8.506617793153081e-4,60.63758207983764,26092.17675258675,0.0016998775377797136,0.0023239755983113252,1.3671429539252422,0.02678621884916539,10132,371.04
08085,CO,49.6036866359447,42823,4,8.506617793153081e-4,86.03157601156414,42859.42788937562,0.0016998775377797136,0.002007296416406212,1.1808476621369044,0.02678621884916539,16656,526.84
08087,CO,30.193548387096776,29045,4,8.506617793153081e-4,54.901019767309904,29069.707471380214,0.0016998775377797136,0.0018885989761459141,1.1110206083508216,0.02678621884916539,11154,331.94
08089,CO,16.17511520737327,18580,4,8.506617793153081e-4,31.980411067051694,18595.805295859678,0.0016998775377797136,0.0017197647834144658,1.011699222557366,0.02678621884916539,7059,191.3
08091,CO,3.2350230414746544,4936,4,8.506617793153081e-4,7.433889584175015,4940.198866542701,0.0016998775377797136,0.0015047753713966325,0.885225751828033,0.02678621884916539,2195,52.05
08093,CO,33.16007984031936,17597,2,0.001316614162945478,56.32853926567094,17620.168459425353,0.002629765938810684,0.0031968218348979384,1.2156297972068595,0.03776920561073565,8060,370.06
08095,CO,1.4377880184331797,4493,4,8.506617793153081e-4,5.259811392896859,4496.822023374463,0.0016998775377797136,0.0011696730192025345,0.6880925203178442,0.02678621884916539,1712,31.55
08097,CO,106.75576036866359,17325,4,8.506617793153081e-4,121.4934756953013,17339.73771532664,0.0016998775377797136,0.00700665014026786,4.121855830520333,0.02678621884916539,7577,836.57
08099,CO,10.423963133640553,11968,4,8.506617793153081e-4,20.60468330848616,11978.180720174845,0.0016998775377797136,0.0017201847083323511,1.0119462550103238,0.02678621884916539,4480,121.44
08101,CO,84.75046845721425,168135,3,0.0012836746938390434,300.58111310584184,168350.83064464864,0.0025640579713467324,0.001785444787856747,0.6963355773578588,0.03430668308799435,64271,1535.37
08103,CO,0,6511,4,8.506617793153081e-4,5.538658845121971,6516.538658845122,0.0016998775377797136,8.499387688898553e-4,0.4999999999999991,0.02678621884916539,2551,34.17
08105,CO,2.8755760368663594,11442,4,8.506617793153081e-4,12.608848115792116,11451.733272078925,0.0016998775377797136,0.001101042769353912,0.6477188767327519,0.02678621884916539,4594,79.71
08107,CO,24.80184331797235,24944,4,8.506617793153081e-4,46.02075074121339,24965.21890742324,0.0016998775377797136,0.0018433946408348708,1.084427907225959,0.02678621884916539,10875,315.89
08109,CO,31.631336405529954,6454,4,8.506617793153081e-4,37.121507529230954,6459.490171123701,0.0016998775377797136,0.005746816938460215,3.380724087904821,0.02678621884916539,2641,239.16
08111,CO,2.8755760368663594,690,4,8.506617793153081e-4,3.462532664593922,690.5869566277275,0.0016998775377797136,0.005013898150498169,2.9495643298205154,0.02678621884916539,315,24.89
08113,CO,6.470046082949309,8082,4,8.506617793153081e-4,13.34509458337563,8088.875048500427,0.0016998775377797136,0.001649808471927087,0.9705454865189735,0.02678621884916539,3628,94.32
08115,CO,1.4377880184331797,2391,4,8.506617793153081e-4,3.4717203327760813,2393.033932314343,0.0016998775377797136,0.0014507610134130119,0.8534503110782415,0.02678621884916539,948,21.67
08117,CO,45.29032258064516,30955,4,8.506617793153081e-4,71.62255795935053,30981.332235378704,0.0016998775377797136,0.0023117972272852145,1.3599786901736208,0.02678621884916539,14506,528.43
08119,CO,11.730168644597128,24758,3,0.0012836746938390434,43.51138671466416,24789.781218070068,0.0025640579713467324,0.0017552146318640083,0.6845456114793335,0.03430668308799435,10473,245.95
08121,CO,1.0783410138248848,4817,4,8.506617793153081e-4,5.175978804786723,4821.097637790962,0.0016998775377797136,0.0010736100352363677,0.6315808117793343,0.02678621884916539,1959,33.14
08123,CO,247.50655840099938,331466,3,0.0012836746938390434,673.0010744690517,331891.4945160681,0.0025640579713467324,0.002027774394912881,0.7908457677529901,0.03430668308799435,124980,3390.87
08125,CO,34.14746543778802,9938,4,8.506617793153081e-4,42.601342200623556,9946.453876762835,0.0016998775377797136,0.004283068390851329,2.519633500449472,0.02678621884916539,3705,250.06
09110,CT,0,977165,1,0.00247692321944086,2420.362677724928,979585.3626777249,0.004941606459101834,0.0024708032295509158,0.4999999999999997,0.065875644401241,375311,12361.93
09120,CT,0,326381,3,0.0012836746938390434,418.9670302498808,326799.9670302499,0.0025640579713467324,0.0012820289856733662,0.5,0.03430668308799435,123320,2115.35
09130,CT,0,175244,2,0.001316614162945478,230.72873237121738,175474.7287323712,0.002629765938810684,0.0013148829694053434,0.5000000000000004,0.03776920561073565,70684,1334.84
09140,CT,0,451887,3,0.0012836746938390434,580.0759063748438,452467.07590637484,0.0025640579713467324,0.0012820289856733664,0.5000000000000001,0.03430668308799435,172522,2959.33
09150,CT,0,95687,4,8.506617793153081e-4,81.39727367734389,95768.39727367734,0.0016998775377797136,8.499387688898553e-4,0.4999999999999991,0.02678621884916539,38006,509.02
09160,CT,0,112696,4,8.506617793153081e-4,95.86617988171795,112791.86617988172,0.0016998775377797136,8.499387688898552e-4,0.49999999999999906,0.02678621884916539,44781,599.76
09170,CT,0,571298,3,0.0012836746938390434,733.3607852408578,572031.3607852409,0.0025640579713467324,0.0012820289856733662,0.5,0.03430668308799435,218223,3743.25
09180,CT,0,280293,3,0.0012836746938390434,359.805030960227,280652.80503096024,0.0025640579713467324,0.0012820289856733662,0.5,0.03430668308799435,112498,1929.72
09190,CT,0,620666,3,0.0012836746938390434,796.7332375263037,621462.7332375263,0.0025640579713467324,0.0012820289856733664,0.5000000000000001,0.03430668308799435,234593,4024.05
10001,DE,256.2416666666667,182400,3,0.0012836746938390434,490.38393082290816,182634.14226415625,0.0025640579713467324,0.002685061646981824,1.047192254226427,0.03430668308799435,67027,2407.99
10003,DE,883.7673378076063,570567,2,0.001316614162945478,1634.9839309169188,571318.2165931093,0.002629765938810684,0.0028617745477584663,1.088224052765969,0.03776920561073565,216022,8878.8
10005,DE,1424.1724941724942,240668,4,8.506617793153081e-4,1628.8995632767508,240872.72706910426,0.0016998775377797136,0.0067624906443203665,3.978222250735285,0.02678621884916539,94896,10112.26
11001,DC,6456.772049532474,670587,1,0.00247692321944086,8117.764560487662,672247.9925109552,0.004941606459101834,0.012075550467866026,2.4436487542678234,0.065875644401241,257886,41513.7
12001,FL,560.534743202417,279729,3,0.0012836746938390434,919.6157816353187,280088.0810384329,0.0025640579713467324,0.0032833092298173577,1.2805128692518795,0.03430668308799435,110236,4842.68
12003,FL,67.99670130298531,27969,2,0.001316614162945478,104.82108282640739,28005.824381523424,0.002629765938810684,0.0037428315409833855,1.423256528554814,0.03776920561073565,11507,618.56
12005,FL,313.81873111782477,181055,3,0.0012836746938390434,546.2344528108528,181287.41572169302,0.0025640579713467324,0.003013085329923923,1.1751237154522467,0.03430668308799435,71082,2865.64
12007,FL,68,27816,4,8.506617793153081e-4,91.66200805343462,27839.662008053434,0.0016998775377797136,0.0032924971584395927,1.9369025622516733,0.02678621884916539,12545,650.86
12009,FL,1286.0513595166165,610723,3,0.0012836746938390434,2070.0210195620784,611506.9696600455,0.0025640579713467324,0.0033851143523562183,1.3202175575532087,0.03430668308799435,244401,11069.48
12011,FL,6643.160481609764,1940907,2,0.001316614162945478,9198.586126769784,1943462.42564516,0.002629765938810684,0.00473309182898979,1.7998148653223254,0.03776920561073565,746990,50778.57
12013,FL,4.571428571428571,13753,4,8.506617793153081e-4,16.270580022352004,13764.699151450923,0.0016998775377797136,0.0011820512634042523,0.6953743649958353,0.02678621884916539,6248,116.38
12015,FL,258.3202416918429,189900,3,0.0012836746938390434,502.0900660518772,190143.76982436003,0.0025640579713467324,0.0026405812113416537,1.029844582630372,0.03430668308799435,81867,2892.41
12017,FL,358.2175226586103,155173,3,0.0012836746938390434,557.4091759256962,155372.19165326707,0.0025640579713467324,0.0035875736191559046,1.3991780448207207,0.03430668308799435,63934,3068.91
12019,FL,269.6420913739073,219650,2,0.001316614162945478,558.8363922648816,219939.194300891,0.002629765938810684,0.0025408676886410587,0.9661953754675864,0.03776920561073565,83055,3030.88
12021,FL,589.797583081571,380221,3,0.0012836746938390434,1077.8776588477458,380709.0800757662,0.0025640579713467324,0.0028312370659329526,1.1042016590778907,0.03430668308799435,155752,5900.12
12023,FL,182.28571428571428,69832,4,8.506617793153081e-4,241.68912765886085,69891.40341337315,0.0016998775377797136,0.0034580665983967866,2.0343033668846067,0.02678621884916539,27794,1514.53
12027,FL,28.57142857142857,34258,4,8.506617793153081e-4,57.7133998072124,34287.14197123578,0.0016998775377797136,0.0016832374029783354,0.9902109802432517,0.02678621884916539,16149,428.34
12029,FL,8,16737,4,8.506617793153081e-4,22.23752620040031,16751.2375262004,0.0016998775377797136,0.0013275154247928773,0.780947683164756,0.02678621884916539,7670,160.45
12031,FL,2269.8029295126007,995708,1,0.00247692321944086,4736.0951944956205,998174.29226498306,0.004941606459101834,0.00474475773539391,0.9601650343188798,0.065875644401241,370755,23450.81
12033,FL,741.6616314199396,321296,3,0.0012836746938390434,1154.1011758516488,321708.4395444317,0.0025640579713467324,0.0035874134277793916,1.3991155690973545,0.03430668308799435,124878,5994.02
12035,FL,210.38972809667675,117515,3,0.0012836746938390434,361.2407597431719,117665.8510316465,0.0025640579713467324,0.003070056066190482,1.1973426890102574,0.03430668308799435,47048,1932.58
12037,FL,8.571428571428571,12276,4,8.506617793153081e-4,19.014152574303296,12286.442724002874,0.0016998775377797136,0.0015475718237921805,0.9104019491977837,0.02678621884916539,5758,140.42
12039,FL,56.003021148036254,43746,3,0.0012836746938390434,112.15865430471905,43802.15563315668,0.0025640579713467324,0.002560573850384179,0.9986411691929401,0.03430668308799435,16107,551.83
12041,FL,41.37160120845922,18070,3,0.0012836746938390434,64.56760292613073,18093.19600171767,0.0025640579713467324,0.0035686123623488645,1.3917830260579114,0.03430668308799435,7417,354.14
12043,FL,25.71428571428571,12179,4,8.506617793153081e-4,36.07449552456685,12189.360209810282,0.0016998775377797136,0.00295950688991316,1.7410118224038096,0.02678621884916539,6023,280.88
12045,FL,16.57142857142857,15002,4,8.506617793153081e-4,29.33305658471682,15014.761628013288,0.0016998775377797136,0.0019536145369094407,1.1492678110572274,0.02678621884916539,7416,228.3
12047,FL,28,13492,4,8.506617793153081e-4,39.47712872652214,13503.477128726523,0.0016998775377797136,0.002923478771444783,1.7198172847576243,0.02678621884916539,6179,284.65
12049,FL,2.2857142857142856,25528,4,8.506617793153081e-4,24.00140818807547,25549.715693902363,0.0016998775377797136,9.394002060775804e-4,0.5526281659704576,0.02678621884916539,10613,157.1
12051,FL,96.57142857142857,39902,4,8.506617793153081e-4,130.514534889668,39935.94310631824,0.0016998775377797136,0.0032680969757546397,1.9225484795941523,0.02678621884916539,16600,854.86
12053,FL,447.25416460498104,196621,2,0.001316614162945478,706.1281579374838,196879.8739933325,0.002629765938810684,0.003586593914426202,1.363845299497736,0.03776920561073565,77260,3979.77
12055,FL,194.24471299093656,102339,3,0.0012836746938390434,325.6146974837304,102470.36998449279,0.0025640579713467324,0.003177647329008443,1.2393040112659512,0.03430668308799435,41471,1763.2
12057,FL,3257.3530766278627,1468560,1,0.00247692321944086,6894.863439769932,1472197.510363142,0.004941606459101834,0.004683382081028788,0.9477448517581911,0.065875644401241,559509,34931.99
12059,FL,25.71428571428571,19529,4,8.506617793153081e-4,42.32685960253436,19545.612573888247,0.0016998775377797136,0.0021655427499407453,1.2739404467743352,0.02678621884916539,8399,286.61
12061,FL,276.987915407855,160986,3,0.0012836746938390434,483.6415696702272,161192.65365426237,0.0025640579713467324,0.003000394612942948,1.1701742497526437,0.03430668308799435,65195,2617.24
12063,FL,57.14285714285714,47704,4,8.506617793153081e-4,97.7228266633146,47744.579969520455,0.0016998775377797136,0.002046783671061713,1.2040771323651405,0.02678621884916539,21135,681.66
12065,FL,20.181268882175228,14458,3,0.0012836746938390434,38.740637605700115,14476.559368723525,0.0025640579713467324,0.002676094272054651,1.0436949171820296,0.03430668308799435,6141,219.88
12067,FL,10.857142857142856,8107,4,8.506617793153081e-4,17.75345790205206,8113.896315044909,0.0016998775377797136,0.0021880311520783586,1.2871698716227784,0.02678621884916539,4148,143.02
12069,FL,701.069437572159,386829,2,0.001316614162945478,1210.3739776101954,387338.30454003805,0.002629765938810684,0.0031248496815916705,1.1882615237631713,0.03776920561073565,150883,6771.58
12071,FL,1628.6283987915408,772902,3,0.0012836746938390434,2620.7831370091253,773894.1547382176,0.0025640579713467324,0.0033864878303618254,1.320753223291252,0.03430668308799435,312401,14155.1
12073,FL,671.5317220543807,294128,3,0.0012836746938390434,1049.0963924038708,294505.5646703495,0.0025640579713467324,0.0035622294389518975,1.3892936426397922,0.03430668308799435,112045,5340.3
12075,FL,31.280966767371602,43268,3,0.0012836746938390434,86.82300342039933,43323.54203665303,0.0025640579713467324,0.0020040605947441795,0.7815972248441704,0.03430668308799435,16960,454.77
12077,FL,11.428571428571427,7704,4,8.506617793153081e-4,17.98206977641656,7710.553498347846,0.0016998775377797136,0.002332137346595106,1.3719443282021453,0.02678621884916539,3618,132.96
12079,FL,4,17986,4,8.506617793153081e-4,19.300002762765132,18001.300002762764,0.0016998775377797136,0.0010721449428542965,0.6307189306440705,0.02678621884916539,7626,128.84
12081,FL,954.5740181268883,405069,3,0.0012836746938390434,1474.5508426855758,405588.9768245587,0.0025640579713467324,0.003635579187161703,1.417900541949202,0.03430668308799435,160564,7810.39
12083,FL,801.7009063444109,378225,3,0.0012836746938390434,1287.218767421683,378710.5178610773,0.0025640579713467324,0.003398951723579736,1.3256142261847879,0.03430668308799435,146509,6662.85
12085,FL,208.37160120845923,159399,3,0.0012836746938390434,412.9880637317089,159603.61646252326,0.0025640579713467324,0.0025875858760924957,1.0091760424330054,0.03430668308799435,66016,2285.57
12086,FL,5407.012152999872,2688237,1,0.00247692321944086,12065.568797659911,2694895.55664466,0.004941606459101834,0.004477193473383591,0.906019835945687,0.065875644401241,1042956,62248.45
12087,FL,298.2857142857143,82044,4,8.506617793153081e-4,368.0774093078594,82113.79169502214,0.0016998775377797136,0.004482528473108772,2.636971413225216,0.02678621884916539,36083,2548.7
12089,FL,136.57958106547912,91538,2,0.001316614162945478,257.0998083131823,91658.5202272477,0.002629765938810684,0.0028049744603748598,1.0666251391344028,0.03776920561073565,36202,1458.42
12091,FL,215.43504531722056,212021,3,0.0012836746938390434,487.60103757966834,212293.16599226245,0.0025640579713467324,0.0022968287052511156,0.8957787736931475,0.03430668308799435,83924,2579.09
12093,FL,166.85714285714286,39870,4,8.506617793153081e-4,200.7730279984442,39903.9158851413,0.0016998775377797136,0.005031411668377249,2.959867141340665,0.02678621884916539,16858,1336.56
12095,FL,3996.534092362799,1427403,1,0.00247692321944086,7532.101726562341,1430938.5676341995,0.004941606459101834,0.005263749190166369,1.0651898797953017,0.065875644401241,546904,38376.29
12097,FL,896.2668645884875,393745,2,0.001316614162945478,1414.6771081774548,394263.41024358897,0.002629765938810684,0.0035881521627975075,1.3644378421070642,0.03776920561073565,146683,7559.12
12099,FL,3041.680026389576,1494805,2,0.001316614162945478,5009.7614602312915,1496773.0814338417,0.002629765938810684,0.003347041393497112,1.2727525838329234,0.03776920561073565,586104,28174.52
12101,FL,898.025399967013,569211,2,0.001316614162945478,1647.4566642713714,569960.4312643043,0.002629765938810684,0.0028904755030396247,1.0991379348182018,0.03776920561073565,220254,9143.53
12103,FL,4018.623320967123,959918,1,0.00247692321944086,6396.266503926354,962295.6431829592,0.004941606459101834,0.0066468829504097065,1.3450854505354148,0.065875644401241,386982,34289.84
12105,FL,1353.6586102719034,736229,3,0.0012836746938390434,2298.7371464423286,737174.0785361704,0.0025640579713467324,0.0031183097905544952,1.2161619688016065,0.03430668308799435,280743,11713.3
12107,FL,105.71428571428571,73604,4,8.506617793153081e-4,168.32639531900963,73666.61210960473,0.0016998775377797136,0.002284975384351401,1.3441999988633946,0.02678621884916539,28589,1029.38
12109,FL,374.56803562592773,278722,2,0.001316614162945478,741.5373683504173,279088.9693327245,0.002629765938810684,0.0026569927508183623,1.010353321413841,0.03776920561073565,106229,4053.72
12111,FL,654.3776435045318,334682,3,0.0012836746938390434,1084.0004573879705,335111.6228138834,0.0025640579713467324,0.0032347444361546665,1.2615722703241636,0.03430668308799435,130880,5664.53
12113,FL,225.52567975830817,188994,3,0.0012836746938390434,468.1324948457243,189236.6068150874,0.0025640579713467324,0.002473794593575439,0.9647966704419385,0.03430668308799435,75716,2506.12
12115,FL,1213.3987915407856,439392,3,0.0012836746938390434,1777.4351826161105,439956.03639107535,0.0025640579713467324,0.004040029083806353,1.5756387448932714,0.03430668308799435,178936,9672.37
12117,FL,1073.2927593600527,471321,2,0.001316614162945478,1693.8406632536785,471941.54790389363,0.002629765938810684,0.0035890899429744908,1.3647944442529598,0.03776920561073565,180177,9287.62
12119,FL,159.93655589123867,131832,3,0.0012836746938390434,329.1659581294274,132001.22940223818,0.0025640579713467324,0.0024936582759118313,0.9725436412820554,0.03430668308799435,60866,2030.78
12121,FL,54.285714285714285,43881,4,8.506617793153081e-4,91.61360382384932,43918.32788953814,0.0016998775377797136,0.002085999358952661,1.22714684592943,0.02678621884916539,17926,589.24
12123,FL,49.14285714285714,21421,4,8.506617793153081e-4,67.36488311757036,21439.222025974712,0.0016998775377797136,0.0031421328178771767,1.8484465780877708,0.02678621884916539,9720,481.27
12125,FL,25.142857142857142,15524,4,8.506617793153081e-4,38.34853060494798,15537.205673462091,0.0016998775377797136,0.0024681742271358462,1.451971787543966,0.02678621884916539,8333,324.09
12127,FL,1132.1691842900302,558520,3,0.0012836746938390434,1849.1271742930126,559236.9579900029,0.0025640579713467324,0.003306518190319725,1.2895645212666649,0.03430668308799435,224340,9924.95
12129,FL,43.38972809667674,33732,3,0.0012836746938390434,86.69064286925536,33775.300914772575,0.0025640579713467324,0.0025666875059975787,1.0010255363491118,0.03430668308799435,14937,512.96
12131,FL,194.74924471299093,76618,3,0.0012836746938390434,293.10183240555074,76716.35258769256,0.0025640579713467324,0.003820591340946682,1.490056536802861,0.03430668308799435,30981,1583.71
12133,FL,27.749244712990937,25014,3,0.0012836746938390434,59.85908350468077,25046.10983879169,0.0025640579713467324,0.0023899553220025557,0.9320987858738888,0.03430668308799435,10610,339.28
13001,GA,13.84790874524715,18441,4,8.506617793153081e-4,29.534962617600748,18456.687053872352,0.0016998775377797136,0.0016002309911520166,0.9413801615627854,0.02678621884916539,6912,174.29
13003,GA,10.880499728408473,8265,4,8.506617793153081e-4,17.911219334449495,8272.03071960604,0.0016998775377797136,0.0021652747604039998,1.2737827945136344,0.02678621884916539,3085,105.26
13005,GA,5.93481803367735,11138,4,8.506617793153081e-4,15.40948893169125,11147.474670898015,0.0016998775377797136,0.0013823300242089625,0.8131938880811884,0.02678621884916539,4026,87.7
13007,GA,0,2878,4,8.506617793153081e-4,2.448204600869457,2880.4482046008693,0.0016998775377797136,8.499387688898553e-4,0.4999999999999991,0.02678621884916539,1102,14.76
13009,GA,17.474741988049974,43778,4,8.506617793153081e-4,54.71501336291553,43815.24027137487,0.0016998775377797136,0.0012487667082054469,0.7346215715259802,0.02678621884916539,17957,353.35
13011,GA,8.572514937533949,18381,4,8.506617793153081e-4,24.208529103128626,18396.636014165593,0.0016998775377797136,0.0013159215132857887,0.7741272438981533,0.02678621884916539,7270,150.75
13013,GA,97.75384615384615,84399,2,0.001316614162945478,208.87476489228158,84510.12091873844,0.002629765938810684,0.0024715946755433853,0.9398534824210126,0.03776920561073565,30766,1092.12
13015,GA,134.5886287625418,109410,2,0.001316614162945478,278.63938433040653,109554.05075556786,0.002629765938810684,0.002543396455071245,0.9671569691945664,0.03776920561073565,41224,1505.86
13017,GA,0.9891363389462249,17169,4,8.506617793153081e-4,15.59414842801075,17183.605012089065,0.0016998775377797136,9.075015642549921e-4,0.5338629072305531,0.02678621884916539,5980,85.52
13019,GA,12.858772406300924,18187,4,8.506617793153081e-4,28.329758186708432,18202.47098578041,0.0016998775377797136,0.0015563688143680802,0.9155770223312224,0.02678621884916539,6835,167.63
13021,GA,139.89343482397717,156554,3,0.0012836746938390434,340.85784284325473,156754.96440801927,0.0025640579713467324,0.0021744628256622992,0.8480552506853797,0.03430668308799435,54614,1588.94
13023,GA,0,12413,4,8.506617793153081e-4,10.55926466664092,12423.559264666641,0.0016998775377797136,8.499387688898552e-4,0.49999999999999906,0.02678621884916539,4821,64.57
13025,GA,0,18105,3,0.0012836746938390434,23.24093033195588,18128.240930331955,0.0025640579713467324,0.0012820289856733664,0.5000000000000001,0.03430668308799435,6931,118.89
13027,GA,10.27465905486838,16275,3,0.0012836746938390434,31.16646469709881,16295.89180564223,0.0025640579713467324,0.0019125350774793343,0.7459016523229404,0.03430668308799435,6186,158.3
13029,GA,5.9276879162702185,44995,3,0.0012836746938390434,63.68663076555797,45052.75894284929,0.0025640579713467324,0.001413601125878801,0.5513140270913331,0.03430668308799435,15551,294.13
13031,GA,93.96795219989137,79829,4,8.506617793153081e-4,161.87543138085312,79896.90747918097,0.0016998775377797136,0.002026053779653907,1.191882200114384,0.02678621884916539,31005,989.87
13033,GA,22.52521408182683,24337,3,0.0012836746938390434,53.76600510578763,24368.24079102396,0.0025640579713467324,0.0022063966605907937,0.8605096629043522,0.03430668308799435,8651,255.39
13035,GA,104.36521739130434,25522,2,0.001316614162945478,137.96784405799883,25555.602626666696,0.002629765938810684,0.0053987317800141595,2.052932430349959,0.03776920561073565,10974,850.9
13037,GA,0,5594,4,8.506617793153081e-4,4.758601993489833,5598.75860199349,0.0016998775377797136,8.499387688898552e-4,0.49999999999999906,0.02678621884916539,2993,40.09
13039,GA,115.72895165670832,55105,4,8.506617793153081e-4,162.60466900587838,55151.87571734917,0.0016998775377797136,0.002948307140798254,1.7344232600715286,0.02678621884916539,21685,1007.46
13043,GA,0.65942422596415,10946,4,8.506617793153081e-4,9.970768062349512,10955.311343836385,0.0016998775377797136,9.101309629104433e-4,0.535409723749398,0.02678621884916539,4070,58.37
13045,GA,72.25284280936455,120060,2,0.001316614162945478,230.32553921259864,120218.07269640324,0.002629765938810684,0.0019158977851380051,0.7285430831933556,0.03776920561073565,44111,1213.78
13047,GA,88.52013954963526,68052,3,0.0012836746938390434,175.87676981476983,68139.35663026513,0.0025640579713467324,0.0025811334082460574,1.006659536207895,0.03430668308799435,25411,877.57
13049,GA,2.307984790874525,12547,4,8.506617793153081e-4,12.981238135943695,12557.673253345069,0.0016998775377797136,0.0010337295670984111,0.6081200228391815,0.02678621884916539,6317,102.9
13051,GA,581.7037741833175,296266,3,0.0012836746938390434,962.0129410282354,296646.30916684493,0.0025640579713467324,0.0032429627853119976,1.2647774822379234,0.03430668308799435,111385,4833.03
13053,GA,0.3951791944180146,9402,3,0.0012836746938390434,12.4642886658927,9414.069109471475,0.0025640579713467324,0.0013240064971854102,0.5163715142095621,0.03430668308799435,4968,88.01
13055,GA,0.65942422596415,24902,4,8.506617793153081e-4,21.84260385447395,24923.18317962851,0.0016998775377797136,8.763970355250393e-4,0.5155648074918037,0.02678621884916539,9948,137.38
13057,GA,416.04414715719065,268567,2,0.001316614162945478,769.6432630569689,268920.59911589976,0.002629765938810684,0.0028619721419156402,1.0882991903112,0.03776920561073565,100676,4138.21
13059,GA,179.4113542657786,128864,3,0.0012836746938390434,344.8308100126531,129029.41945574687,0.0025640579713467324,0.002672497570454616,1.042292179162754,0.03430668308799435,50300,1798.61
13061,GA,0,2855,4,8.506617793153081e-4,2.4286393799452046,2857.4286393799453,0.0016998775377797136,8.499387688898552e-4,0.49999999999999906,0.02678621884916539,1083,14.5
13063,GA,385.3484949832776,296312,2,0.001316614162945478,775.4770708339781,296702.1285758507,0.002629765938810684,0.0026136552324589426,0.9938737109208177,0.03776920561073565,97777,3670.34
13065,GA,2.967409016838675,6713,4,8.506617793153081e-4,8.677901541382338,6718.710492524544,0.0016998775377797136,0.0012916022428764648,0.7598207601257467,0.02678621884916539,2435,49.56
13067,GA,1330.3023411371237,765813,2,0.001316614162945478,2338.582583104889,766821.2802419678,0.002629765938810684,0.003049710073730554,1.1596887877823037,0.03776920561073565,284993,12482.84
13069,GA,14.177620858229224,43056,4,8.506617793153081e-4,50.80371442842913,43092.6260935702,0.0016998775377797136,0.0011789421772095132,0.6935453590082628,0.02678621884916539,16802,312.14
13071,GA,23.409560021727323,45813,4,8.506617793153081e-4,62.38092811749953,45851.97136809577,0.0016998775377797136,0.0013604851930293395,0.8003430616574476,0.02678621884916539,16615,356.2
13073,GA,109.46463685379004,156921,3,0.0012836746938390434,310.9001534857066,157122.43551663193,0.0025640579713467324,0.0019787126673758617,0.7717113612437448,0.03430668308799435,57041,1510.15
13075,GA,11.8696360673547,17242,4,8.506617793153081e-4,26.53674646630924,17256.667110398954,0.0016998775377797136,0.001537767768048215,0.9046344421120845,0.02678621884916539,6101,147.84
13077,GA,184.64615384615385,147449,2,0.001316614162945478,378.77959555830165,147643.13344171215,0.002629765938810684,0.0025655076990616674,0.9755650345908435,0.03776920561073565,54507,2008.38
13079,GA,13.040913415794481,12156,3,0.0012836746938390434,28.64526299410189,12171.604349578307,0.0025640579713467324,0.0023534500605989815,0.9178614863231301,0.03430668308799435,4969,156.47
13081,GA,3.626833242802825,20255,4,8.506617793153081e-4,20.85698758283439,20272.23015434003,0.0016998775377797136,0.0010288452441612186,0.6052466847141469,0.02678621884916539,7470,121.11
13083,GA,11.855375832540437,16239,3,0.0012836746938390434,32.700969185792665,16259.845593353251,0.0025640579713467324,0.0020111488143011802,0.7843616785484983,0.03430668308799435,6426,172.92
13085,GA,8.02809364548495,27355,2,0.001316614162945478,44.04407407285851,27391.015980427375,0.002629765938810684,0.001607975188081041,0.6114518270809494,0.03776920561073565,11037,254.89
13087,GA,21.1015752308528,29063,4,8.506617793153081e-4,45.82435852309359,29087.72278329224,0.0016998775377797136,0.0015753848750722675,0.9267637462460668,0.02678621884916539,10460,259.66
13089,GA,2236.532441471572,761209,2,0.001316614162945478,3238.750991833136,762211.2185503616,0.002629765938810684,0.004249151564566144,1.6157907826914168,0.03776920561073565,273764,16707.03
13091,GA,14.5073329712113,19977,4,8.506617793153081e-4,31.501003336593207,19993.99367036538,0.0016998775377797136,0.001575523322450744,0.9268451917475219,0.02678621884916539,8533,211.85
13093,GA,2.967409016838675,11236,4,8.506617793153081e-4,12.525444769225476,11245.558035752387,0.0016998775377797136,0.0011138126475719583,0.6552311109580041,0.02678621884916539,5350,93.9
13095,GA,91.68157310497938,85038,3,0.0012836746938390434,200.84270171966395,85147.16112861468,0.0025640579713467324,0.0023587715557103696,0.9199369055105493,0.03430668308799435,28825,909.72
13097,GA,195.97993311036788,144735,2,0.001316614162945478,386.54008398428164,144925.5601508739,0.002629765938810684,0.0026671629461488804,1.0142206600162709,0.03776920561073565,50404,1930.79
13099,GA,2.967409016838675,10753,4,8.506617793153081e-4,12.114575129816183,10762.147166112978,0.0016998775377797136,0.0011256652546028758,0.6622037350250287,0.02678621884916539,3723,66.04
13101,GA,0,3707,3,0.0012836746938390434,4.758582090061334,3711.7585820900613,0.0025640579713467324,0.0012820289856733664,0.5000000000000001,0.03430668308799435,1357,23.28
13103,GA,36.751665080875355,65314,3,0.0012836746938390434,120.59359403427864,65397.84192895341,0.0025640579713467324,0.0018439995950522117,0.7191723493223825,0.03430668308799435,23562,581.33
13105,GA,2.307984790874525,19570,4,8.506617793153081e-4,18.955435812075105,19586.6474510212,0.0016998775377797136,9.677733700713961e-4,0.5693194648218296,0.02678621884916539,7196,109.74
13107,GA,16.48560564910375,22907,4,8.506617793153081e-4,35.97171502787951,22926.486109378777,0.0016998775377797136,0.0015690025438815148,0.9230091633135288,0.02678621884916539,8633,213.44
13109,GA,0,10759,4,8.506617793153081e-4,9.1522700836534,10768.152270083654,0.0016998775377797136,8.499387688898552e-4,0.49999999999999906,0.02678621884916539,3712,49.72
13111,GA,34.619771863117876,25436,4,8.506617793153081e-4,56.25720488178205,25457.637433018663,0.0016998775377797136,0.0022098360474258395,1.2999972046881716,0.02678621884916539,10394,361.94
13113,GA,125.1438127090301,119259,2,0.001316614162945478,282.1619011677449,119416.01808845872,0.002629765938810684,0.002362848013896514,0.8985012616617568,0.03776920561073565,44136,1497.79
13115,GA,131.98985093561686,98541,3,0.0012836746938390434,258.48443894121004,98667.49458800559,0.0025640579713467324,0.002619752736405576,1.0217213361325022,0.03430668308799435,36810,1290.26
13117,GA,322.54046822742475,253225,2,0.001316614162945478,655.9400896392934,253558.39962141187,0.002629765938810684,0.002586938908822101,0.9837145088250888,0.03776920561073565,92593,3440.21
13119,GA,23.409560021727323,23480,4,8.506617793153081e-4,43.38309860005076,23499.973538578324,0.0016998775377797136,0.00184609138086184,1.0860143391700456,0.02678621884916539,9009,262.07
13121,GA,5042.820900030202,1061944,1,0.00247692321944086,7673.174651376106,1064574.353751346,0.004941606459101834,0.00720773952926574,1.4585822624523177,0.065875644401241,404185,38836.13
13123,GA,40.8843020097773,31519,4,8.506617793153081e-4,67.69631063201649,31545.81200862224,0.0016998775377797136,0.002145968238621134,1.2624251988317226,0.02678621884916539,12859,434.83
13125,GA,0,2903,4,8.506617793153081e-4,2.4694711453523395,2905.469471145352,0.0016998775377797136,8.499387688898553e-4,0.4999999999999991,0.02678621884916539,1052,14.09
13127,GA,106.69838249286394,84566,3,0.0012836746938390434,215.25361665205648,84674.5552341592,0.0025640579713467324,0.0025421286956488127,0.9914474337386366,0.03430668308799435,30713,1044.65
13129,GA,24.728408473655623,57785,4,8.506617793153081e-4,73.8838993913907,57834.155490917736,0.0016998775377797136,0.0012775132404759227,0.7515325145978105,0.02678621884916539,21687,436.57
13131,GA,4.61596958174905,26075,4,8.506617793153081e-4,26.79697547739571,26097.181005895647,0.0016998775377797136,0.0010268149449299512,0.6040523050096422,0.02678621884916539,9455,152.98
13133,GA,14.837045084193374,19020,4,8.506617793153081e-4,31.016632126770535,19036.179587042578,0.0016998775377797136,0.0016293517291611776,0.9585112415152842,0.02678621884916539,7532,193.38
13135,GA,1042.7076923076922,957977,2,0.001316614162945478,2303.9937782837123,959238.286085976,0.002629765938810684,0.0024018993108425686,0.9133509851180259,0.03776920561073565,342725,11822.83
13137,GA,51.764801738185774,46326,4,8.506617793153081e-4,91.17255932674674,46365.40775758856,0.0016998775377797136,0.0019663918368500633,1.1567844113161563,0.02678621884916539,16947,525.12
13139,GA,185.33904218204884,204953,3,0.0012836746938390434,448.4320217084423,205216.09297952638,0.0025640579713467324,0.0021851698626441573,0.8522310677306684,0.03430668308799435,76689,2242.17
13141,GA,7.913090711569799,8588,4,8.506617793153081e-4,15.218574072329666,8595.30548336076,0.0016998775377797136,0.0017705681434814124,1.0415857049290922,0.02678621884916539,4265,118.99
13143,GA,8.500334448160535,30178,2,0.001316614162945478,48.23311665752917,30217.73278220937,0.002629765938810684,0.0015961858225818427,0.6069687796259617,0.03776920561073565,11215,257.1
13145,GA,8.298763082778306,34914,3,0.0012836746938390434,53.11698134347467,34958.8182182607,0.0025640579713467324,0.001519415816972013,0.5925824743244642,0.03430668308799435,13730,279.12
13147,GA,20.44215100488865,26110,4,8.506617793153081e-4,42.65293006281134,26132.21077905792,0.0016998775377797136,0.001632197536727086,0.9601853665640953,0.02678621884916539,10143,260.88
13149,GA,0.47224080267558527,11489,2,0.001316614162945478,15.598820920756184,11504.12658011808,0.002629765938810684,0.0013559326570445364,0.5156096354559064,0.03776920561073565,4359,84.89
13151,GA,312.15117056856184,240853,2,0.001316614162945478,629.2616415564692,241170.11047098791,0.002629765938810684,0.0026092024435680123,0.9921804846054202,0.03776920561073565,84280,3158.3
13153,GA,178.6209958769426,164117,3,0.0012836746938390434,389.2938356057249,164327.6728397288,0.0025640579713467324,0.002369009606710666,0.923929814842049,0.03430668308799435,58656,1859.22
13155,GA,4.945681694731125,9487,4,8.506617793153081e-4,13.015909995095452,9495.070228300365,0.0016998775377797136,0.0013708071327688668,0.8064152283342361,0.02678621884916539,3779,81.63
13157,GA,48.46768060836502,77033,4,8.506617793153081e-4,113.99670945436114,77098.529028846,0.0016998775377797136,0.0014785847523979335,0.86981839546464,0.02678621884916539,28457,663.02
13159,GA,0,14882,2,0.001316614162945478,19.593851972954607,14901.593851972955,0.002629765938810684,0.0013148829694053432,0.5000000000000004,0.03776920561073565,5530,104.43
13161,GA,21.1015752308528,14791,4,8.506617793153081e-4,33.68371360870552,14803.582138377853,0.0016998775377797136,0.0022753758714508347,1.3385528197653611,0.02678621884916539,5287,189.56
13163,GA,5.605105920695275,15591,4,8.506617793153081e-4,18.867773722000244,15604.262667801306,0.0016998775377797136,0.0012091422788551905,0.7113114044877054,0.02678621884916539,5729,109.16
13165,GA,0,8704,4,8.506617793153081e-4,7.404160127160441,8711.40416012716,0.0016998775377797136,8.499387688898552e-4,0.49999999999999906,0.02678621884916539,3492,46.77
13167,GA,0.9891363389462249,9225,4,8.506617793153081e-4,8.836491253129942,9232.847354914184,0.0016998775377797136,9.570710868978809e-4,0.5630235505952708,0.02678621884916539,4439,66.95
13169,GA,44.65524896923565,28382,3,0.0012836746938390434,81.08850412977537,28418.43325516054,0.0025640579713467324,0.002853377010678462,1.1128363876967138,0.03430668308799435,10625,405.64
13171,GA,1.648560564910375,18676,4,8.506617793153081e-4,17.535519955403068,18691.886959390493,0.0016998775377797136,9.381353521717889e-4,0.5518840806597924,0.02678621884916539,7090,104.81
13173,GA,3.1614335553441166,9964,3,0.0012836746938390434,15.951968204756344,9976.790534649412,0.0025640579713467324,0.001598907799993909,0.6235848868713787,0.03430668308799435,3858,82.53
13175,GA,37.91689299293862,49407,4,8.506617793153081e-4,79.94553952357005,49449.028646530634,0.0016998775377797136,0.0016167261867777673,0.9510839168387659,0.02678621884916539,17310,440.99
13177,GA,13.83127180463051,32968,3,0.0012836746938390434,56.15145911111609,33010.32018730648,0.0025640579713467324,0.0017010273996890255,0.6634122233966445,0.03430668308799435,12117,275.78
13179,GA,45.05042816365366,65550,3,0.0012836746938390434,129.19530434480293,65634.14487618115,0.0025640579713467324,0.0019684160521711673,0.767695611475308,0.03430668308799435,24586,647.52
13181,GA,3.9517919441801457,7726,3,0.0012836746938390434,13.869462628780594,7735.9176706846,0.0025640579713467324,0.0017928658524041915,0.6992298428660394,0.03430668308799435,3001,71.99
13183,GA,4.34697113859816,16804,3,0.0012836746938390434,25.917840693869444,16825.57086955527,0.0025640579713467324,0.0015403840318289597,0.6007602203392837,0.03430668308799435,6095,125.62
13185,GA,104.32730732635585,118257,3,0.0012836746938390434,256.1308255956796,118408.80351826933,0.0025640579713467324,0.0021631062723825355,0.8436261178784491,0.03430668308799435,42816,1239.18
13187,GA,68.94715719063545,33405,2,0.001316614162945478,112.92865330382915,33448.98149611319,0.002629765938810684,0.003376146245796799,1.2838200525647034,0.03776920561073565,13390,649.27
13189,GA,17.783063748810655,21715,3,0.0012836746938390434,45.658059725525476,21742.874995976716,0.0025640579713467324,0.0020999090384309347,0.8189787679909551,0.03430668308799435,7623,214.18
13191,GA,2.766254360926102,11183,3,0.0012836746938390434,17.121588462128123,11197.355334101201,0.0025640579713467324,0.0015290743172171068,0.5963493549305299,0.03430668308799435,4523,92.54
13193,GA,4.945681694731125,12099,4,8.506617793153081e-4,15.237838562667037,12109.292156867936,0.0016998775377797136,0.0012583591481046814,0.7402645897352587,0.02678621884916539,5509,109.24
13195,GA,26.872185220424992,30378,3,0.0012836746938390434,65.86765506986745,30416.995469849444,0.0025640579713467324,0.0021654885386414363,0.8445552178775608,0.03430668308799435,11319,327.96
13197,GA,2.3710751665080876,7508,3,0.0012836746938390434,12.008904767851625,7517.637829601344,0.0025640579713467324,0.00159743060786535,0.6230087719219249,0.03430668308799435,2950,63.05
13199,GA,2.8334448160535115,20679,2,0.001316614162945478,30.059709091603054,20706.22626427555,0.002629765938810684,0.001451723201898217,0.5520351376042086,0.03776920561073565,7720,160.96
13201,GA,1.9782726778924498,5923,4,8.506617793153081e-4,7.016742396777019,5928.038469718885,0.0016998775377797136,0.0011836533167959961,0.696316817234975,0.02678621884916539,2149,40.08
13205,GA,9.561651276480175,21634,4,8.506617793153081e-4,27.964868210187554,21652.403216933708,0.0016998775377797136,0.0012915364604108727,0.7597820617700534,0.02678621884916539,8633,175.7
13207,GA,14.226450999048526,28287,3,0.0012836746938390434,50.537757063673546,28323.311306064625,0.0025640579713467324,0.0017843166894420403,0.695895611324597,0.03430668308799435,11259,268.8
13209,GA,0.65942422596415,8687,4,8.506617793153081e-4,8.049123102876232,8694.389698876912,0.0016998775377797136,9.257835663745287e-4,0.544617800870371,0.02678621884916539,3528,51.47
13211,GA,34.473578595317726,20171,2,0.001316614162945478,61.031002876090966,20197.557424280774,0.002629765938810684,0.0030217021590304627,1.1490384427129026,0.03776920561073565,7575,328.74
13213,GA,30.428797970187123,40063,3,0.0012836746938390434,81.85665722946072,40114.427859259275,0.0025640579713467324,0.0020405789537034725,0.7958396325304959,0.03430668308799435,14963,408.53
13215,GA,207.07389787503965,204572,3,0.0012836746938390434,469.67779734308044,204834.60389946803,0.0025640579713467324,0.002292961191135441,0.8942704169559388,0.03430668308799435,72942,2237.82
13217,GA,166.22876254180602,113298,2,0.001316614162945478,315.39851397520283,113447.1697514334,0.002629765938810684,0.002780135587923892,1.0571798603419484,0.03776920561073565,38952,1555.31
13219,GA,22.130034887408815,41978,3,0.0012836746938390434,76.01613118538418,42031.886096297974,0.0025640579713467324,0.0018085348587790217,0.7053408616300185,0.03430668308799435,15089,365.12
13221,GA,54.92990802410402,14974,3,0.0012836746938390434,74.15165288964985,14993.221744865546,0.0025640579713467324,0.004945678397309318,1.9288481198854,0.03430668308799435,5836,386.18
13223,GA,96.80936454849498,169898,2,0.001316614162945478,320.49947760460583,170121.6901130561,0.002629765938810684,0.0018839424731297617,0.7163916930119559,0.03776920561073565,61347,1659.9
13225,GA,65.2045670789724,28054,3,0.0012836746938390434,101.21677693993293,28090.01220986096,0.0025640579713467324,0.0036033012796057424,1.4053119390717843,0.03430668308799435,10677,514.76
13227,GA,45.335117056856184,33439,2,0.001316614162945478,89.36137805159002,33483.02626099473,0.002629765938810684,0.0026688560751657467,1.0148644926067987,0.03776920561073565,13291,509.45
13229,GA,7.913090711569799,19822,4,8.506617793153081e-4,24.77490850115784,19838.861817789588,0.0016998775377797136,0.0012488069491437294,0.7346452443714576,0.02678621884916539,7330,144.24
13231,GA,2.361204013377926,19145,2,0.001316614162945478,27.567782162969102,19170.20657814959,0.002629765938810684,0.0014380534737894353,0.5468370597422055,0.03776920561073565,7081,146.25
13233,GA,49.127104834329174,43019,4,8.506617793153081e-4,85.72172391869441,43055.59461908437,0.0016998775377797136,0.0019909543620772177,1.1712339964664118,0.02678621884916539,15654,491.11
13235,GA,5.93481803367735,9887,4,8.506617793153081e-4,14.3453110457678,9895.41049301209,0.0016998775377797136,0.0014496933761260463,0.8528222439009082,0.02678621884916539,3274,74.79
13237,GA,71.54752851711027,22206,4,8.506617793153081e-4,90.437323988586,22224.889795471474,0.0016998775377797136,0.004069191110545504,2.3938142719742372,0.02678621884916539,8628,553.24
13239,GA,0,2180,4,8.506617793153081e-4,1.8544426789073716,2181.854442678907,0.0016998775377797136,8.499387688898553e-4,0.4999999999999991,0.02678621884916539,1050,14.06
13241,GA,9.2319391634981,16915,4,8.506617793153081e-4,23.620883160616536,16929.388943997117,0.0016998775377797136,0.0013952590515083011,0.8207997461574271,0.02678621884916539,6919,152.12
13243,GA,0.9891363389462249,6365,4,8.506617793153081e-4,6.403598564288161,6370.414462225342,0.0016998775377797136,0.0010052090962463418,0.5913420666522193,0.02678621884916539,2184,34.59
13245,GA,251.72914684427528,206153,3,0.0012836746938390434,516.3625360032756,206417.633389159,0.0025640579713467324,0.0025015427583639513,0.9756186429162731,0.03430668308799435,75416,2524.19
13247,GA,112.86555183946489,93641,2,0.001316614162945478,236.1546186718424,93764.28906683238,0.002629765938810684,0.0025185987226279552,0.9577273343828445,0.03776920561073565,32825,1187.37
13249,GA,0,4565,4,8.506617793153081e-4,3.8832710225743816,4568.883271022574,0.0016998775377797136,8.499387688898553e-4,0.4999999999999991,0.02678621884916539,1682,22.53
13251,GA,5.93481803367735,14026,4,8.506617793153081e-4,17.866200150353862,14037.931382116676,0.0016998775377797136,0.001272708895921384,0.748706225969505,0.02678621884916539,5378,107.86
13253,GA,5.2753938077132,9117,4,8.506617793153081e-4,13.030877249730864,9124.755483442017,0.0016998775377797136,0.0014280796097360616,0.8401073477336142,0.02678621884916539,3415,76.85
13255,GA,44.8628762541806,67415,2,0.001316614162945478,133.62242004915,67503.75954379496,0.002629765938810684,0.0019794811570822022,0.7527214220355389,0.03776920561073565,24243,689.22
13257,GA,8.572514937533949,26732,4,8.506617793153081e-4,31.312405622190767,26754.739890684657,0.0016998775377797136,0.0011703498426868645,0.6884906804613178,0.02678621884916539,10018,184.75
13259,GA,3.1614335553441166,5121,3,0.0012836746938390434,9.735131662493858,5127.5736981071495,0.0025640579713467324,0.0018985844447418853,0.7404608109327118,0.03430668308799435,3252,82.61
13261,GA,47.4785442694188,29378,4,8.506617793153081e-4,72.46928602214392,29402.990741752725,0.0016998775377797136,0.002464690978500917,1.4499226701472627,0.02678621884916539,10473,406.75
13263,GA,1.9758959720900728,5793,3,0.0012836746938390434,9.412223473499651,5800.436327501409,0.0025640579713467324,0.0016226750785753477,0.6328542867238927,0.03430668308799435,2307,50.09
13265,GA,0,1635,4,8.506617793153081e-4,1.3908320091805286,1636.3908320091805,0.0016998775377797136,8.499387688898552e-4,0.49999999999999906,0.02678621884916539,620,8.3
13267,GA,7.25366648560565,24309,4,8.506617793153081e-4,27.932403678981473,24329.678737193375,0.0016998775377797136,0.0011480794292725502,0.675389493511461,0.02678621884916539,11366,205.62
13269,GA,7.913090711569799,7799,4,8.506617793153081e-4,14.547401928449887,7805.63431121688,0.0016998775377797136,0.0018637052862628895,1.096376206427881,0.02678621884916539,2914,85.58
13271,GA,6.923954372623575,12619,4,8.506617793153081e-4,17.658455365803448,12629.73450099318,0.0016998775377797136,0.0013981652080188082,0.8225093731428528,0.02678621884916539,5632,124.08
13273,GA,2.766254360926102,9004,3,0.0012836746938390434,14.324461304252848,9015.558206943328,0.0025640579713467324,0.0015888601654438735,0.619666241247014,0.03430668308799435,3313,70.43
13275,GA,44.511135252580125,45665,4,8.506617793153081e-4,83.35660540501367,45703.84547015243,0.0016998775377797136,0.0018238422729538355,1.0729256857738338,0.02678621884916539,16143,463.94
13277,GA,37.58718087995655,41247,4,8.506617793153081e-4,72.67442729137505,41282.08724641142,0.0016998775377797136,0.0017604349038260539,1.0356245462984568,0.02678621884916539,14614,405.4
13279,GA,32.9712112982075,26946,4,8.506617793153081e-4,55.893143603637796,26968.92193230543,0.0016998775377797136,0.002072501961477545,1.2192066283695548,0.02678621884916539,9116,297.71
13281,GA,11.21021184139055,12546,4,8.506617793153081e-4,21.882614524680406,12556.672402683289,0.0016998775377797136,0.0017427080856234026,1.0251962549605966,0.02678621884916539,5263,144.53
13283,GA,0,6411,4,8.506617793153081e-4,5.45359266719044,6416.453592667191,0.0016998775377797136,8.499387688898552e-4,0.49999999999999906,0.02678621884916539,2574,34.47
13285,GA,15.496469310157524,69527,4,8.506617793153081e-4,74.64043084061295,69586.14396153046,0.0016998775377797136,0.0010726335243101941,0.631006352205353,0.02678621884916539,24540,414.78
13287,GA,3.626833242802825,8894,4,8.506617793153081e-4,11.192619108033176,8901.56578586523,0.0016998775377797136,0.0012573764410982505,0.7396864851456102,0.02678621884916539,3239,64.18
13289,GA,1.9758959720900728,7955,3,0.0012836746938390434,12.187528161579664,7965.211632189489,0.0025640579713467324,0.001530094707380617,0.5967473140152748,0.03430668308799435,3150,64.49
13291,GA,16.48560564910375,24880,4,8.506617793153081e-4,37.65007071846861,24901.164465069363,0.0016998775377797136,0.0015119803241042422,0.8894642646311496,0.02678621884916539,10349,246.57
13293,GA,19.12330255296035,27638,4,8.506617793153081e-4,42.63389280967684,27661.510590256716,0.0016998775377797136,0.0015412713152655475,0.9066955007115813,0.02678621884916539,9956,241.8
13295,GA,75.8744053282588,68065,3,0.0012836746938390434,163.24772336441328,68152.37331803616,0.0025640579713467324,0.00239533438700088,0.934196657707691,0.03430668308799435,26166,838.6
13297,GA,115.2267558528428,97752,2,0.001316614162945478,243.92842350908916,97880.70166765625,0.002629765938810684,0.0024920992530000734,0.9476505936217005,0.03776920561073565,35808,1281.64
13299,GA,23.079847908745247,35917,4,8.506617793153081e-4,53.633067036413166,35947.553219127665,0.0016998775377797136,0.0014919810177198667,0.8776991192369129,0.02678621884916539,13310,312.92
13301,GA,3.9565453557848995,5197,4,8.506617793153081e-4,8.377434622886556,5201.420889267101,0.0016998775377797136,0.0016106050252870357,0.9474829742092594,0.02678621884916539,1954,49.59
13303,GA,1.648560564910375,19975,4,8.506617793153081e-4,18.640529606733654,19991.991969041825,0.0016998775377797136,9.323998146657447e-4,0.5485099920101267,0.02678621884916539,8048,118.25
13305,GA,42.2031504617056,30277,4,8.506617793153081e-4,67.95863715403519,30302.75548669233,0.0016998775377797136,0.002242655364588204,1.319304076173297,0.02678621884916539,11558,408.45
13307,GA,0,2354,4,8.506617793153081e-4,2.002457828508235,2356.0024578285083,0.0016998775377797136,8.499387688898551e-4,0.499999999999999,0.02678621884916539,1043,13.97
13309,GA,0,7550,4,8.506617793153081e-4,6.422496433830576,7556.422496433831,0.0016998775377797136,8.499387688898551e-4,0.499999999999999,0.02678621884916539,4270,57.19
13311,GA,13.188484519283,28165,4,8.506617793153081e-4,37.147373533698655,28188.958889014415,0.0016998775377797136,0.0013177987055128682,0.7752315541707224,0.02678621884916539,11028,229
13313,GA,179.0161750713606,103033,3,0.0012836746938390434,311.27702980167874,103165.26085473032,0.0025640579713467324,0.0030172659597109534,1.1767541894250466,0.03430668308799435,38253,1544.29
13315,GA,3.9565453557848995,8839,4,8.506617793153081e-4,11.475544823152909,8846.518999467367,0.0016998775377797136,0.0012971819564106322,0.763103181012051,0.02678621884916539,4498,91.94
13317,GA,0,9610,4,8.506617793153081e-4,8.17485969922011,9618.17485969922,0.0016998775377797136,8.499387688898552e-4,0.49999999999999906,0.02678621884916539,3607,48.31
13319,GA,4.61596958174905,8852,4,8.506617793153081e-4,12.146027652248158,8859.530058070499,0.0016998775377797136,0.001370956198876921,0.8065029205972029,0.02678621884916539,3247,70.15
13321,GA,21.734855692990802,20706,3,0.0012836746938390434,48.314623903622035,20732.57976821063,0.0025640579713467324,0.002330372025275074,0.908860896015967,0.03430668308799435,7578,236.28
15001,HI,511.54663212435236,202163,4,8.506617793153081e-4,683.518969416073,202334.97233729172,0.0016998775377797136,0.003378155350606662,1.9872933640966999,0.02678621884916539,78597,4183.88
15003,HI,1663.683282980866,1010100,3,0.0012836746938390434,2960.3230912276836,1011396.6398082469,0.0025640579713467324,0.002926965519471113,1.1415364052528691,0.03430668308799435,403278,15793.31
15005,HI,0,50,3,0.0012836746938390434,0.06418373469195217,50.06418373469195,0.0025640579713467324,0.0012820289856733664,0.5000000000000001,0.03430668308799435,34,0.58
15007,HI,75.85492227979275,73511,4,8.506617793153081e-4,138.38792033904036,73573.53299805925,0.0016998775377797136,0.0018809470566363967,1.1065191549581779,0.02678621884916539,28504,844.84
15009,HI,308.17220543806644,164765,3,0.0012836746938390434,519.6768663684564,164976.5046609304,0.0025640579713467324,0.0031500053140083644,1.2285234379290855,0.03430668308799435,64000,2697.38
16001,ID,593.4342105263158,497494,3,0.0012836746938390434,1232.0546686630769,498132.6204581368,0.0025640579713467324,0.0024733466913488735,0.9646219855356023,0.03430668308799435,193369,6399.16
16003,ID,0,4464,4,8.506617793153081e-4,3.7973541828635353,4467.797354182863,0.0016998775377797136,8.499387688898553e-4,0.4999999999999991,0.02678621884916539,1946,26.06
16005,ID,95.9046052631579,87434,3,0.0012836746938390434,208.14141844428082,87546.23681318112,0.0025640579713467324,0.0023775027462167586,0.9272421968556396,0.03430668308799435,32485,1033.37
16007,ID,0,6436,4,8.506617793153081e-4,5.474859211673323,6441.474859211673,0.0016998775377797136,8.499387688898552e-4,0.49999999999999906,0.02678621884916539,2372,31.77
16009,ID,10.082706766917292,9731,4,8.506617793153081e-4,18.360496541434557,9739.277789774518,0.0016998775377797136,0.0018852010321249535,1.1090216737538041,0.02678621884916539,3860,114.67
16011,ID,20.165413533834585,48253,4,8.506617793153081e-4,61.21239637113615,48294.0469828373,0.0016998775377797136,0.0012674936186832667,0.7456381948189027,0.02678621884916539,16998,339.5
16013,ID,13.81704260651629,24248,4,8.506617793153081e-4,34.44388943135388,24268.626846824838,0.0016998775377797136,0.0014192764035951342,0.834928618122053,0.02678621884916539,9727,217.54
16015,ID,8.220394736842106,7809,3,0.0012836746938390434,18.244610421031197,7819.024215684189,0.0025640579713467324,0.00233336154458178,0.9100268288225235,0.03430668308799435,3379,105.49
16017,ID,69.83208020050125,47976,4,8.506617793153081e-4,110.64342972493247,48016.81134952443,0.0016998775377797136,0.0023042644152177403,1.3555473050296574,0.02678621884916539,19352,702.67
16019,ID,72.41776315789474,124490,3,0.0012836746938390434,232.22242579391724,124649.80466263602,0.0025640579713467324,0.0018629987140567602,0.7265821345990272,0.03430668308799435,43363,1080.89
16021,ID,4.481203007518797,12335,4,8.506617793153081e-4,14.974116055373122,12345.492913047854,0.0016998775377797136,0.001212921684118995,0.7135347442164842,0.02678621884916539,4760,90.98
16023,ID,2.7401315789473686,2605,3,0.0012836746938390434,6.084104156398077,2608.3439725774506,0.0025640579713467324,0.002332554379469374,0.9097120289539458,0.03430668308799435,966,30.15
16025,ID,0,1133,4,8.506617793153081e-4,0.963799795964244,1133.9637997959642,0.0016998775377797136,8.499387688898552e-4,0.49999999999999906,0.02678621884916539,395,5.29
16027,ID,165.97368421052633,235006,3,0.0012836746938390434,467.6449393108645,235307.67125510034,0.0025640579713467324,0.001987376513551418,0.7750903200162743,0.03430668308799435,84413,2244.61
16029,ID,0,7058,4,8.506617793153081e-4,6.003970838407445,7064.003970838407,0.0016998775377797136,8.499387688898552e-4,0.49999999999999906,0.02678621884916539,2702,36.19
16031,ID,15.68421052631579,24859,4,8.506617793153081e-4,36.83081169831503,24880.146601172,0.0016998775377797136,0.0014803293681790479,0.8708447139742622,0.02678621884916539,8763,204.41
16033,ID,0,756,4,8.506617793153081e-4,0.6431003051623729,756.6431003051624,0.0016998775377797136,8.499387688898552e-4,0.49999999999999906,0.02678621884916539,287,3.84
16035,ID,5.601503759398496,8810,4,8.506617793153081e-4,13.09583403516636,8817.494330275767,0.0016998775377797136,0.0014852103720895489,0.8737160995900027,0.02678621884916539,4228,98.95
16037,ID,4.107769423558897,4344,4,8.506617793153081e-4,7.803044192904595,4347.695274769346,0.0016998775377797136,0.0017947541627830765,1.055813800050141,0.02678621884916539,2006,56.73
16039,ID,31.36842105263158,28752,4,8.506617793153081e-4,55.82664853150531,28776.458227478874,0.0016998775377797136,0.0019400111052650668,1.1412652159631467,0.02678621884916539,11555,353.24
16041,ID,9.394736842105264,14376,3,0.0012836746938390434,27.84884424073535,14394.45410739863,0.0025640579713467324,0.0019346926276572918,0.7545432471798303,0.03430668308799435,5049,130.7
16043,ID,4.107769423558897,13519,4,8.506617793153081e-4,15.607866018122547,13530.500096594564,0.0016998775377797136,0.0011535320872619354,0.6785971704577116,0.02678621884916539,5380,97.79
16045,ID,0,19250,3,0.0012836746938390434,24.710737856401586,19274.710737856403,0.0025640579713467324,0.0012820289856733662,0.5,0.03430668308799435,7472,128.17
16047,ID,0,15520,4,8.506617793153081e-4,13.202270814973582,15533.202270814974,0.0016998775377797136,8.499387688898552e-4,0.49999999999999906,0.02678621884916539,5886,78.83
16049,ID,1.1203007518796992,16787,4,8.506617793153081e-4,15.400360041245776,16801.280059289365,0.0016998775377797136,9.166182568768606e-4,0.5392260539392131,0.02678621884916539,7147,103.23
16051,ID,3.9144736842105265,31383,3,0.0012836746938390434,44.200036600961226,31423.28556291675,0.0025640579713467324,0.0014066013724905514,0.5485840757928556,0.03430668308799435,10701,201.39
16053,ID,5.088815789473685,24474,3,0.0012836746938390434,36.50547024649043,24505.416654457018,0.0025640579713467324,0.0014896898412804934,0.5809891421831062,0.03430668308799435,8794,175.28
16055,ID,125.26315789473685,173396,3,0.0012836746938390434,347.8472151076516,173618.58405721292,0.0025640579713467324,0.0020035137194358453,0.7813839397646419,0.03430668308799435,66381,1779.45
16057,ID,17.17794486215539,39872,4,8.506617793153081e-4,51.09553132701535,39905.91758646486,0.0016998775377797136,0.001280399860905485,0.7532306489430248,0.02678621884916539,16814,339.24
16059,ID,0,8043,4,8.506617793153081e-4,6.841872691033023,8049.841872691033,0.0016998775377797136,8.499387688898552e-4,0.49999999999999906,0.02678621884916539,3457,46.3
16061,ID,2.2406015037593985,3630,4,8.506617793153081e-4,5.328503762673967,3633.0879022589147,0.0016998775377797136,0.0014666597412523127,0.8628031776736005,0.02678621884916539,1436,33.19
16063,ID,0,5203,4,8.506617793153081e-4,4.425993237777548,5207.425993237777,0.0016998775377797136,8.499387688898553e-4,0.4999999999999991,0.02678621884916539,2037,27.28
16065,ID,1.8671679197994986,52487,4,8.506617793153081e-4,46.515852730722074,52531.64868481092,0.0016998775377797136,8.854824452553635e-4,0.520909551173864,0.02678621884916539,18138,253.08
16067,ID,10.082706766917292,21626,4,8.506617793153081e-4,28.479118406390143,21644.396411639475,0.0016998775377797136,0.0013157732775156176,0.7740400401044232,0.02678621884916539,7729,160.25
16069,ID,34.838815789473685,42200,3,0.0012836746938390434,89.0098878694813,42254.17107208001,0.0025640579713467324,0.002106534943441258,0.8215629158863489,0.03430668308799435,16402,462.29
16071,ID,0,4572,4,8.506617793153081e-4,3.8892256550295885,4575.88922565503,0.0016998775377797136,8.499387688898552e-4,0.49999999999999906,0.02678621884916539,1663,22.27
16073,ID,0,12043,3,0.0012836746938390434,15.459294337903598,12058.459294337903,0.0025640579713467324,0.0012820289856733662,0.5,0.03430668308799435,4624,79.32
16075,ID,2.987468671679198,25571,4,8.506617793153081e-4,24.73974103055094,25592.75227235887,0.0016998775377797136,9.666698121120325e-4,0.5686702663149743,0.02678621884916539,9401,143.2
16077,ID,1.493734335839599,7918,4,8.506617793153081e-4,8.229274304458208,7924.7355399686185,0.0016998775377797136,0.0010384288867374362,0.6108845276547243,0.02678621884916539,2835,46.39
16079,ID,7.468671679197994,13399,4,8.506617793153081e-4,18.866688860243805,13410.398017181045,0.0016998775377797136,0.001406870164186947,0.827630304489183,0.02678621884916539,5309,117.7
16081,ID,28.00751879699248,11813,4,8.506617793153081e-4,38.05638639604421,11823.048867599051,0.0016998775377797136,0.0032188301699688786,1.893565917797312,0.02678621884916539,4706,238.7
16083,ID,79.07236842105263,90592,3,0.0012836746938390434,195.36302628531925,90708.29065786427,0.0025640579713467324,0.0021537504991930036,0.8399773028773523,0.03430668308799435,32801,945.22
16085,ID,0,11830,4,8.506617793153081e-4,10.063328849300095,11840.0633288493,0.0016998775377797136,8.499387688898552e-4,0.49999999999999906,0.02678621884916539,5065,67.84
16087,ID,10.456140350877192,10612,4,8.506617793153081e-4,19.483363152971243,10621.027222802095,0.0016998775377797136,0.0018344141997059151,1.0791449142283072,0.02678621884916539,4098,118.46
17001,IL,101.27309236947791,65583,4,8.506617793153081e-4,157.06204384231376,65638.78895147283,0.0016998775377797136,0.0023928236085895903,1.4076447011088602,0.02678621884916539,24890,938.49
17003,IL,1.1927179109966901,5261,3,0.0012836746938390434,7.946130475283898,5267.753412564287,0.0025640579713467324,0.0015084476916347922,0.5883048310497063,0.03430668308799435,1980,39.96
17005,IL,3.7175272053716135,16750,2,0.001316614162945478,25.77081443470837,16772.053287229337,0.002629765938810684,0.0015365330644597293,0.5842851037741514,0.03776920561073565,7191,158.69
17007,IL,56.45531445384333,53459,3,0.0012836746938390434,125.07927991178475,53527.62396545794,0.0025640579713467324,0.0023367239314134327,0.911338182492849,0.03430668308799435,20264,633.55
17009,IL,18.779116465863453,6334,4,8.506617793153081e-4,24.167208176046614,6339.388091710183,0.0016998775377797136,0.003812230427673186,2.2426500397508113,0.02678621884916539,3412,204.97
17011,IL,24.815261044176708,33203,4,8.506617793153081e-4,53.059784102782885,33231.24452305861,0.0016998775377797136,0.0015966836290457187,0.9392933276424247,0.02678621884916539,12883,324.14
17013,IL,0,4472,2,0.001316614162945478,5.887898536692178,4477.887898536692,0.002629765938810684,0.0013148829694053432,0.5000000000000004,0.03776920561073565,1828,34.52
17015,IL,4.359437751004016,15594,4,8.506617793153081e-4,17.624657537646932,15607.265219786643,0.0016998775377797136,0.001129259821592746,0.6643183385243875,0.02678621884916539,6948,123.64
17017,IL,14.755020080321286,12955,4,8.506617793153081e-4,25.775343431351104,12966.02032335103,0.0016998775377797136,0.0019879147794432533,1.1694458778717425,0.02678621884916539,4888,153.12
17019,IL,317.66053696211844,206525,3,0.0012836746938390434,582.7714531072269,206790.11091614512,0.0025640579713467324,0.002818178541156375,1.0991087458432813,0.03430668308799435,83239,3138.67
17021,IL,16.76706827309237,33893,4,8.506617793153081e-4,45.59854795942611,33921.831479686334,0.0016998775377797136,0.00134422423467118,0.7907771029358572,0.02678621884916539,14063,297.88
17023,IL,14.084337349397591,15467,4,8.506617793153081e-4,27.24152309006746,15480.15718574067,0.0016998775377797136,0.0017597704443957846,1.035233659651918,0.02678621884916539,5914,164
17025,IL,17.437751004016064,13248,4,8.506617793153081e-4,28.707318256385264,13259.26956725237,0.0016998775377797136,0.0021650753920326314,1.273665510552327,0.02678621884916539,5096,173.86
17027,IL,25.60963185922667,36998,2,0.001316614162945478,74.32172265988346,37046.712090800655,0.002629765938810684,0.0020061624491189015,0.7628673029456726,0.03776920561073565,15211,438.27
17029,IL,63.04417670682731,47076,4,8.506617793153081e-4,103.08993062987474,47116.04575392305,0.0016998775377797136,0.002188000477974982,1.2871518267326643,0.02678621884916539,18735,645.94
17031,IL,13465.460076045629,5225367,1,0.00247692321944086,26408.292928445655,5238309.8328524,0.004941606459101834,0.005041376659857791,1.02018983129913,0.065875644401241,1982809,133255.99
17033,IL,11.401606425702811,18729,4,8.506617793153081e-4,27.333650890499214,18744.932044464796,0.0016998775377797136,0.0014581888494266688,0.8578199411536873,0.02678621884916539,8037,184.67
17035,IL,0.6706827309236948,10447,4,8.506617793153081e-4,9.557546339430719,10455.886863608506,0.0016998775377797136,9.140827998718652e-4,0.5377345011957684,0.02678621884916539,4155,59.85
17037,IL,219.3341051169252,100686,2,0.001316614162945478,351.8987187272536,100818.56461361033,0.002629765938810684,0.0034904158780271694,1.3272724490475816,0.03776920561073565,38955,1952.82
17039,IL,5.030120481927711,15535,4,8.506617793153081e-4,18.245151223591023,15548.215030741663,0.0016998775377797136,0.0011734563219968997,0.6903181528768264,0.02678621884916539,6152,113.76
17041,IL,4.359437751004016,19714,4,8.506617793153081e-4,21.129384068426,19730.76994631742,0.0016998775377797136,0.0010708849236960272,0.6299776895074207,0.02678621884916539,7393,124.75
17043,IL,719.9611021069692,930559,2,0.001316614162945478,1945.1482609633504,931784.1871588564,0.002629765938810684,0.0020875523407350217,0.7938167841960568,0.03776920561073565,354883,10640.04
17045,IL,6.706827309236948,16852,4,8.506617793153081e-4,21.042179614258522,16866.33535230502,0.0016998775377797136,0.0012475845626645158,0.7339261416996203,0.02678621884916539,6642,130.58
17047,IL,1.3413654618473896,6182,4,8.506617793153081e-4,6.600156581574624,6187.258791119727,0.0016998775377797136,0.0010667335575242965,0.6275355334817855,0.02678621884916539,2353,39.55
17049,IL,19.44979919678715,34594,4,8.506617793153081e-4,48.87759279042092,34623.42779359363,0.0016998775377797136,0.0014116913288251816,0.8304664879971618,0.02678621884916539,13131,292.1
17051,IL,3.0180722891566267,21464,4,8.506617793153081e-4,21.2766767203804,21482.258604431223,0.0016998775377797136,9.90430155048575e-4,0.5826479455350767,0.02678621884916539,9110,142.18
17053,IL,7.553880102979036,13484,3,0.0012836746938390434,24.862949674704698,13501.309069571726,0.0025640579713467324,0.0018415214070418562,0.7182058391895972,0.03430668308799435,5131,126.42
17055,IL,54.325301204819276,37810,4,8.506617793153081e-4,86.48882308073107,37842.16352187591,0.0016998775377797136,0.0022855147547452817,1.3445172984228588,0.02678621884916539,14507,522.46
17057,IL,16.76706827309237,33691,4,8.506617793153081e-4,45.42671428000442,33719.65964600691,0.0016998775377797136,0.0013471878054790466,0.7925205054704524,0.02678621884916539,14131,299.98
17059,IL,1.676706827309237,4967,4,8.506617793153081e-4,5.901943885168372,4971.225237057859,0.0016998775377797136,0.00118722117862866,0.6984157106866316,0.02678621884916539,2036,38.09
17061,IL,8.048192771084338,12015,4,8.506617793153081e-4,18.268894049557765,12025.220701278473,0.0016998775377797136,0.0015192148654382277,0.8937201837624976,0.02678621884916539,4754,113.81
17063,IL,18.587636026858068,52624,2,0.001316614162945478,87.87313973770091,52693.285503710846,0.002629765938810684,0.0016676344793780714,0.6341379872507824,0.03776920561073565,19824,474.8
17065,IL,0,8008,4,8.506617793153081e-4,6.812099528756987,8014.812099528757,0.0016998775377797136,8.499387688898552e-4,0.49999999999999906,0.02678621884916539,3093,41.42
17067,IL,7.042168674698796,17582,4,8.506617793153081e-4,21.99850407862054,17596.95633540392,0.0016998775377797136,0.001250131196516127,0.7354242695323685,0.02678621884916539,6971,137.32
17069,IL,0,3665,4,8.506617793153081e-4,3.1176754211906044,3668.1176754211906,0.0016998775377797136,8.499387688898553e-4,0.4999999999999991,0.02678621884916539,1593,21.34
17071,IL,12.407630522088354,6374,4,8.506617793153081e-4,17.829748703444128,6379.4221181813555,0.0016998775377797136,0.002794884610728194,1.644168211304632,0.02678621884916539,2554,112.48
17073,IL,42.54027215888194,49157,3,0.0012836746938390434,105.64186908392779,49220.101596925044,0.0025640579713467324,0.0021463155429676645,0.8370776195205699,0.03430668308799435,19035,546.63
17075,IL,9.389558232931726,27043,4,8.506617793153081e-4,32.3940047309556,27066.004446498024,0.0016998775377797136,0.0011968521173854661,0.7040813769142031,0.02678621884916539,10422,196.56
17077,IL,45.606425702811244,53176,4,8.506617793153081e-4,90.84121647968206,53221.23479077687,0.0016998775377797136,0.0017068603694896732,1.0041078439797964,0.02678621884916539,21456,577.09
17079,IL,4.694779116465863,9295,4,8.506617793153081e-4,12.601680355201651,9302.906901238735,0.0016998775377797136,0.0013545959869300278,0.7968785732055301,0.02678621884916539,3614,77.14
17081,IL,16.096385542168676,37043,4,8.506617793153081e-4,47.60744983334563,37074.511064291175,0.0016998775377797136,0.0012841018928284507,0.7554084716630081,0.02678621884916539,14804,299.55
17083,IL,4.956702940495485,21462,2,0.001316614162945478,33.213876105631336,21490.257173165137,0.002629765938810684,0.0015455318118345028,0.5877069852587231,0.03776920561073565,8379,185.99
17085,IL,13.078313253012048,21942,4,8.506617793153081e-4,31.743534014748537,21960.665220761737,0.0016998775377797136,0.001445472334086584,0.8503390991180344,0.02678621884916539,8944,203.72
17087,IL,2.0120481927710845,13313,4,8.506617793153081e-4,13.336908460795781,13324.324860268025,0.0016998775377797136,0.001000944408115212,0.5888332458481629,0.02678621884916539,6304,99.43
17089,IL,603.8916415836999,517254,2,0.001316614162945478,1284.9155838239003,517935.0239422402,0.002629765938810684,0.0024808432031566824,0.9433703458333815,0.03776920561073565,194135,6917.1
17091,IL,68.78006620080912,107421,3,0.0012836746938390434,206.67368548769298,107558.89361928689,0.0025640579713467324,0.001921493226020255,0.7493953910141197,0.03430668308799435,40618,1044.26
17093,IL,110.28664042602453,132795,2,0.001316614162945478,285.1264181943693,132969.83977776836,0.002629765938810684,0.002144293914100365,0.8153934471712435,0.03776920561073565,47543,1464.17
17095,IL,35.54618473895582,49751,4,8.506617793153081e-4,77.86745892167173,49793.321274182716,0.0016998775377797136,0.00156381331731019,0.9199564571885318,0.02678621884916539,20178,497.23
17097,IL,570.84695531373,713159,2,0.001316614162945478,1509.802195145764,714097.955239832,0.002629765938810684,0.0021142788381724076,0.8039798550013137,0.03776920561073565,273522,8305.68
17099,IL,81.48795180722891,109495,4,8.506617793153081e-4,174.6311633333586,109588.14321152613,0.0016998775377797136,0.0015935224214565526,0.937433659802296,0.02678621884916539,43767,1099
17101,IL,5.030120481927711,15302,4,8.506617793153081e-4,18.046947029010557,15315.016826547082,0.0016998775377797136,0.0011783824486387728,0.6932160831879166,0.02678621884916539,7149,132.75
17103,IL,23.13855421686747,34221,4,8.506617793153081e-4,52.249050966816625,34250.11049674995,0.0016998775377797136,0.0015255148146682512,0.8974263032269928,0.02678621884916539,14760,354.81
17105,IL,8.383534136546185,35771,4,8.506617793153081e-4,38.81255664443407,35801.42902250789,0.0016998775377797136,0.0010841063528506955,0.6377555610662963,0.02678621884916539,14157,241.84
17107,IL,22.803212851405622,28027,4,8.506617793153081e-4,46.64471054027576,28050.84149768887,0.0016998775377797136,0.0016628631459815154,0.9782252597757457,0.02678621884916539,10827,283.7
17109,IL,20.79116465863454,27370,4,8.506617793153081e-4,44.07377755849453,27393.28261289986,0.0016998775377797136,0.0016089264722782659,0.9464955189535341,0.02678621884916539,10849,275.06
17111,IL,222.6385737439222,311133,2,0.001316614162945478,632.2806881036377,311542.6421143597,0.002629765938810684,0.002029515715128149,0.7717476620926959,0.03776920561073565,119489,3482.9
17113,IL,252.0610518573005,171284,3,0.0012836746938390434,471.9339881168272,171503.87293625952,0.0025640579713467324,0.002751739538221533,1.073197084064454,0.03430668308799435,65405,2408.07
17115,IL,152.27031997057742,103542,3,0.0012836746938390434,285.18456512005963,103674.91424514948,0.0025640579713467324,0.0027507576658873604,1.0728141471944048,0.03430668308799435,37978,1397.77
17117,IL,16.109284556610326,44907,2,0.001316614162945478,75.23447677200292,44966.12519221539,0.002629765938810684,0.001673136754621402,0.6362302933233978,0.03776920561073565,17395,418
17119,IL,280.0537161379949,265512,2,0.001316614162945478,629.6305757699747,265861.576859632,0.002629765938810684,0.002368264655642223,0.9005610045711043,0.03776920561073565,100932,3433.05
17121,IL,28.839357429718877,37543,4,8.506617793153081e-4,60.77575261055349,37574.936395180834,0.0016998775377797136,0.0016174545705511367,0.9515124087490248,0.02678621884916539,14109,359.6
17123,IL,4.373299006987863,11740,3,0.0012836746938390434,19.44363991265823,11755.07034090567,0.0025640579713467324,0.0016540641058520622,0.6450962202634171,0.03430668308799435,4653,102.98
17125,IL,5.7008032128514055,13074,4,8.506617793153081e-4,16.822355315619742,13085.121552102768,0.0016998775377797136,0.0012856094036754594,0.75629530663406,0.02678621884916539,5085,103.01
17127,IL,11.132033835969107,14135,3,0.0012836746938390434,29.276775633383984,14153.144741797414,0.0025640579713467324,0.002068570354327197,0.8067564686303531,0.03430668308799435,5338,147.74
17129,IL,12.722324383964693,12284,3,0.0012836746938390434,28.490984323083502,12299.768659939118,0.0025640579713467324,0.0023163837557270387,0.9034053760143315,0.03430668308799435,4680,145.05
17131,IL,7.951452739977933,15692,3,0.0012836746938390434,28.094876035700203,15712.143423295722,0.0025640579713467324,0.0017880995150569422,0.6973709389720897,0.03430668308799435,6292,150.53
17133,IL,8.261171567492475,34905,2,0.001316614162945478,54.21758892510439,34950.956417357615,0.002629765938810684,0.0015512476476374315,0.5898805002923514,0.03776920561073565,13522,301.26
17135,IL,5.365461847389558,28352,4,8.506617793153081e-4,29.48342461453717,28376.117962767148,0.0016998775377797136,0.001039022485500763,0.6112337285531032,0.02678621884916539,12143,198.81
17137,IL,34.204819277108435,32882,4,8.506617793153081e-4,62.17627990455439,32909.97146062744,0.0016998775377797136,0.0018892839204962646,1.1114235458184494,0.02678621884916539,13340,397.14
17139,IL,6.371485943775101,14531,4,8.506617793153081e-4,18.732452259005843,14543.360966315231,0.0016998775377797136,0.0012880414852105523,0.7577260458967656,0.02678621884916539,5288,107.33
17141,IL,31.522088353413654,51672,4,8.506617793153081e-4,75.47748381419426,51715.95539546078,0.0016998775377797136,0.0014594622343730127,0.8585690450850253,0.02678621884916539,19929,458.32
17143,IL,273.132401618242,181186,3,0.0012836746938390434,505.7162846961629,181418.58388307792,0.0025640579713467324,0.002787566046828427,1.0871696654207472,0.03430668308799435,66367,2475.3
17145,IL,0.6706827309236948,20996,4,8.506617793153081e-4,18.531177449427904,21013.860494718505,0.0016998775377797136,8.818549763421822e-4,0.5187755922076672,0.02678621884916539,9412,130.79
17147,IL,13.915042294961383,16698,3,0.0012836746938390434,35.34984233268573,16719.434800037725,0.0025640579713467324,0.0021142964912071053,0.824589972159094,0.03430668308799435,6428,181.84
17149,IL,9.05421686746988,14776,4,8.506617793153081e-4,21.623595318632873,14788.569378451162,0.0016998775377797136,0.0014621830391613956,0.860169633790925,0.02678621884916539,5668,130.59
17151,IL,0,3799,4,8.506617793153081e-4,3.2316640996188553,3802.2316640996187,0.0016998775377797136,8.499387688898552e-4,0.49999999999999906,0.02678621884916539,1726,23.12
17153,IL,2.0120481927710845,5177,4,8.506617793153081e-4,6.415924224286434,5181.403876031515,0.0016998775377797136,0.0012382598187270532,0.7284406030474406,0.02678621884916539,2072,40.43
17155,IL,0,5628,4,8.506617793153081e-4,4.787524493986554,5632.787524493987,0.0016998775377797136,8.499387688898552e-4,0.49999999999999906,0.02678621884916539,2304,30.86
17157,IL,5.030120481927711,30413,4,8.506617793153081e-4,30.901297176244174,30438.871176694316,0.0016998775377797136,0.0010151919562609772,0.5972147602979477,0.02678621884916539,13230,211.64
17159,IL,4.359437751004016,15716,4,8.506617793153081e-4,17.7284382747234,15729.369000523719,0.0016998775377797136,0.0011270915110538203,0.6630427698491534,0.02678621884916539,6014,106.81
17161,IL,148.69216623758734,143819,3,0.0012836746938390434,333.30897703082474,144003.61681079323,0.0025640579713467324,0.002314587538928,0.9027048392795496,0.03430668308799435,54820,1697.71
17163,IL,194.9636489928224,256791,2,0.001316614162945478,533.0583165097546,257129.09466751694,0.002629765938810684,0.0020731155188759578,0.7883270097465509,0.03776920561073565,94177,2804.07
17165,IL,6.371485943775101,23662,4,8.506617793153081e-4,26.499844965933917,23682.128359022157,0.0016998775377797136,0.001118980716774905,0.6582713706755935,0.02678621884916539,9091,160.3
17167,IL,273.92754689223983,196122,3,0.0012836746938390434,525.6843951973407,196373.75684830511,0.0025640579713467324,0.0026769584879074325,1.0440319672263108,0.03430668308799435,72706,2604.13
17169,IL,13.748995983935743,6879,4,8.506617793153081e-4,19.600698363845748,6884.85170237991,0.0016998775377797136,0.0028469310903342054,1.674785993144371,0.02678621884916539,3154,141.49
17171,IL,0.6706827309236948,4899,4,8.506617793153081e-4,4.838074787789389,4903.1673920568655,0.0016998775377797136,9.867243764973379e-4,0.5804679187573376,0.02678621884916539,1912,29.73
17173,IL,39.570281124497996,21042,4,8.506617793153081e-4,57.46990628485071,21059.899625160353,0.0016998775377797136,0.0027288784518322757,1.605338261835371,0.02678621884916539,8144,350.2
17175,IL,4.373299006987863,5395,3,0.0012836746938390434,11.298723980249502,5401.925424973261,0.0025640579713467324,0.0020916105076192217,0.8157422846881403,0.03430668308799435,2140,59.89
17177,IL,32.863453815261046,44482,4,8.506617793153081e-4,70.70259108276457,44519.8391372675,0.0016998775377797136,0.001588114253170774,0.934252155155295,0.02678621884916539,16849,421.65
17179,IL,150.28245678558295,131276,3,0.0012836746938390434,318.7981358939972,131444.51567910842,0.0025640579713467324,0.002425343760041458,0.9459005167373744,0.03430668308799435,50090,1625.46
17181,IL,10.060240963855422,17122,4,8.506617793153081e-4,24.625271949292127,17136.565030985435,0.0016998775377797136,0.0014370016339194,0.8453559753465137,0.02678621884916539,6824,154.52
17183,IL,62.708835341365464,74113,4,8.506617793153081e-4,125.75393179176089,74176.0450964504,0.0016998775377797136,0.0016953442533670306,0.9973331700008201,0.02678621884916539,28267,755.15
17185,IL,6.371485943775101,11321,4,8.506617793153081e-4,16.001827947403704,11330.63034200363,0.0016998775377797136,0.0014122628189610546,0.8308026828836591,0.02678621884916539,4248,94.54
17187,IL,32.863453815261046,16760,4,8.506617793153081e-4,47.12054523658561,16774.257091421325,0.0016998775377797136,0.0028090987862993922,1.652530093413954,0.02678621884916539,6413,283.87
17189,IL,4.024096385542169,13781,4,8.506617793153081e-4,15.747066366286429,13792.722969980745,0.0016998775377797136,0.0011416938048099152,0.6716329732206079,0.02678621884916539,5486,98.7
17191,IL,2.682730923694779,16127,4,8.506617793153081e-4,16.401353438712754,16140.718622515018,0.0016998775377797136,0.0010161476587439032,0.597776978729385,0.02678621884916539,6204,99.34
17193,IL,9.05421686746988,13834,4,8.506617793153081e-4,20.82227192251785,13845.768055055049,0.0016998775377797136,0.0015038726518978266,0.8846947021031304,0.02678621884916539,5251,124.44
17195,IL,44.600401606425706,55569,4,8.506617793153081e-4,91.87082602119807,55616.270424414775,0.0016998775377797136,0.0016518695935581478,0.9717579983530631,0.02678621884916539,21525,560.29
17197,IL,555.563787913869,696774,2,0.001316614162945478,1472.9463046860415,697691.3825167721,0.002629765938810684,0.002111171703701862,0.8027983298987601,0.03776920561073565,262625,7963.07
17199,IL,65.72690763052209,67120,4,8.506617793153081e-4,122.82332625816557,67177.09641862764,0.0016998775377797136,0.0018283512209692305,1.075578199213881,0.02678621884916539,26242,756.05
17201,IL,362.58624494299374,284591,3,0.0012836746938390434,727.9085097373409,284956.3222647943,0.0025640579713467324,0.002554456430206645,0.9962553338312221,0.03430668308799435,105613,3609.66
17203,IL,13.11989702096359,38414,3,0.0012836746938390434,62.4309767100966,38463.311079689134,0.0025640579713467324,0.0016231305875032632,0.6330319382953493,0.03430668308799435,14486,314.6
18001,IN,10.84253341080767,35827,4,8.506617793153081e-4,41.31919297833721,35857.47665956753,0.0016998775377797136,0.0011523173638408374,0.6778825757918602,0.02678621884916539,12183,221.22
18003,IN,629.2161172161173,385456,3,0.0012836746938390434,1124.0162300045395,385950.80011278845,0.0025640579713467324,0.002912330353185075,1.1358285911357213,0.03430668308799435,139803,5447.64
18005,IN,82.22710622710623,82371,3,0.0012836746938390434,187.96467443332207,82476.73756820621,0.0025640579713467324,0.002279002297804032,0.8888263538780368,0.03430668308799435,31617,964.09
18007,IN,12.065934065934066,8709,3,0.0012836746938390434,23.245456974578296,8720.179522908644,0.0025640579713467324,0.002665708534269338,1.039644409002662,0.03430668308799435,3257,116.17
18009,IN,11.203951191167926,12074,4,8.506617793153081e-4,21.474841514620955,12084.270890323452,0.0016998775377797136,0.0017770903771957855,1.0454225893924824,0.02678621884916539,4575,128.11
18011,IN,77.31691874780161,71235,2,0.001316614162945478,171.10592864522275,71328.78900989742,0.002629765938810684,0.002398834061538329,0.9121853873516993,0.03776920561073565,26111,899.59
18013,IN,49.672880759760815,15513,2,0.001316614162945478,70.09751626953401,15533.424635509773,0.002629765938810684,0.004512689114883877,1.7160040930961133,0.03776920561073565,6462,418.82
18015,IN,22.344322344322347,20397,3,0.0012836746938390434,48.52743507455732,20423.183112730236,0.0025640579713467324,0.0023760955775943204,0.9266933915485196,0.03430668308799435,8045,255.76
18017,IN,42.64729808251017,37820,4,8.506617793153081e-4,74.81932657621512,37852.172028493704,0.0016998775377797136,0.0019766191097275454,1.1628008875917593,0.02678621884916539,14476,450.88
18019,IN,166.72810411537108,121484,2,0.001316614162945478,326.67565908663954,121643.94755497127,0.002629765938810684,0.0026855068883637947,1.0211961637841882,0.03776920561073565,45942,1771.97
18021,IN,6.256410256410256,26396,3,0.0012836746938390434,40.14028747498564,26429.883877218574,0.0025640579713467324,0.0015187462669703534,0.5923213452824763,0.03430668308799435,10082,204.87
18023,IN,21.323649041255084,33020,4,8.506617793153081e-4,49.41250099424656,33048.08885195299,0.0016998775377797136,0.0014951696969710399,0.8795749480424032,0.02678621884916539,11935,281.19
18025,IN,1.084253341080767,10511,4,8.506617793153081e-4,10.025559303463972,10519.941305962384,0.0016998775377797136,9.530052508735755e-4,0.5606317100456181,0.02678621884916539,4261,63.99
18027,IN,22.046484601975596,33337,4,8.506617793153081e-4,50.404996339010026,33365.35851173703,0.0016998775377797136,0.0015106984785216353,0.8887101834964103,0.02678621884916539,11797,280.83
18029,IN,37.578614139992965,50709,2,0.001316614162945478,104.34280172879521,50775.7641875888,0.002629765938810684,0.0020549725523244786,0.7814279293821271,0.03776920561073565,19556,577.17
18031,IN,19.516560139453805,26432,4,8.506617793153081e-4,42.00125229031603,26454.48469215086,0.0016998775377797136,0.0015876798500927879,0.9339966055240237,0.02678621884916539,10098,252.63
18033,IN,57.82684485764091,43312,4,8.506617793153081e-4,94.67070784334553,43348.843862985705,0.0016998775377797136,0.0021839269379957337,1.2847554541183352,0.02678621884916539,16375,563.53
18035,IN,163.1135531135531,112156,3,0.0012836746938390434,307.0853720757649,112299.9718189622,0.0025640579713467324,0.002734509787507467,1.0664773644221497,0.03430668308799435,43953,1608.12
18037,IN,13.733875653689715,43584,4,8.506617793153081e-4,50.8091186433681,43621.07524298968,0.0016998775377797136,0.0011647837280566258,0.6852162595065537,0.02678621884916539,16479,302.46
18039,IN,79.992673992674,206841,3,0.0012836746938390434,345.50923134103556,207106.51655734837,0.0025640579713467324,0.0016682682760750462,0.650635942992667,0.03430668308799435,73866,1648.77
18041,IN,24.21499128413713,23391,4,8.506617793153081e-4,44.1128209641015,23410.897829679965,0.0016998775377797136,0.001884285740984097,1.1084832284125874,0.02678621884916539,8930,265.15
18043,IN,119.21491382342595,80191,2,0.001316614162945478,224.79552016418677,80296.58060634077,0.002629765938810684,0.00279956529240344,1.0645682382172565,0.03776920561073565,29997,1206.12
18045,IN,5.059848925043579,16468,4,8.506617793153081e-4,19.068547106808072,16482.008698181766,0.0016998775377797136,0.0011569310182994652,0.6805966856945381,0.02678621884916539,6388,116.46
18047,IN,21.596904678156875,22850,2,0.001316614162945478,51.681538301461046,22880.084633623304,0.002629765938810684,0.00225880013684533,0.8589358100313961,0.03776920561073565,8823,286.23
18049,IN,23.130737943056364,20420,4,8.506617793153081e-4,40.50125147667495,20437.37051353362,0.0016998775377797136,0.0019817251661535928,1.1658046665773425,0.02678621884916539,7749,241.98
18051,IN,17.348053457292274,33006,4,8.506617793153081e-4,45.42499614537333,33034.07694268808,0.0016998775377797136,0.0013750950639299735,0.8089377224938491,0.02678621884916539,12592,272.85
18053,IN,65.41661824520628,66560,4,8.506617793153081e-4,122.03666627643318,66616.62004803123,0.0016998775377797136,0.0018319252190886234,1.0776807025060071,0.02678621884916539,24940,719.94
18055,IN,18.43230679837304,30900,4,8.506617793153081e-4,44.71775577921606,30926.28544898084,0.0016998775377797136,0.0014459465509683352,0.8506180703210838,0.02678621884916539,12274,279.66
18057,IN,248.36440379880406,349527,2,0.001316614162945478,708.5566023306482,349987.1921985318,0.002629765938810684,0.002024521520000984,0.7698485595705058,0.03776920561073565,125824,3658.53
18059,IN,104.96095673584242,80170,2,0.001316614162945478,210.5139141791814,80275.55295744335,0.002629765938810684,0.002622391331153852,0.9971957170986224,0.03776920561073565,30330,1142.33
18061,IN,25.484347520225114,39684,2,0.001316614162945478,77.73286396255347,39736.24851644233,0.002629765938810684,0.0019562205005434433,0.7438762787490308,0.03776920561073565,15435,433.66
18063,IN,188.7569468870911,175639,2,0.001316614162945478,420.0057418526719,175870.2487949656,0.002629765938810684,0.0023881568641113725,0.9081252551287589,0.03776920561073565,66029,2264.74
18065,IN,31.8047646717025,48913,4,8.506617793153081e-4,73.41318428335217,48954.60841961165,0.0016998775377797136,0.0014996174344628645,0.8821914526981645,0.02678621884916539,20728,489.81
18067,IN,67.03296703296704,83452,3,0.0012836746938390434,174.15818758322288,83559.12522055025,0.0025640579713467324,0.002084250967486086,0.8128720141188404,0.03430668308799435,30757,857.72
18069,IN,28.552004648460198,36699,4,8.506617793153081e-4,59.770441287552686,36730.218436639094,0.0016998775377797136,0.0016272824892304624,0.9572939538667763,0.02678621884916539,14299,366.66
18071,IN,29.636257989540965,46212,4,8.506617793153081e-4,68.94704013525998,46251.310782145716,0.0016998775377797136,0.0014907045653260803,0.8769482107947355,0.02678621884916539,17303,406.45
18073,IN,22.892718958846288,33045,2,0.001316614162945478,66.40023397337961,33088.507515014535,0.002629765938810684,0.0020067461170090325,0.7630892496526085,0.03776920561073565,12655,364.73
18075,IN,4.337013364323068,20451,4,8.506617793153081e-4,21.733897413100436,20468.396884048776,0.0016998775377797136,0.0010618270466524848,0.6246491426902345,0.02678621884916539,7620,127.5
18077,IN,11.565368971528182,33057,4,8.506617793153081e-4,39.68569541035432,33085.120326438824,0.0016998775377797136,0.0011995028284252868,0.7056407310329021,0.02678621884916539,12585,237.87
18079,IN,27.46775130737943,27610,4,8.506617793153081e-4,50.954523034275084,27633.486771726897,0.0016998775377797136,0.0018439411376203535,1.0847493990824821,0.02678621884916539,10749,312.33
18081,IN,147.72282799859303,161952,2,0.001316614162945478,360.9511249159391,162165.22829691734,0.002629765938810684,0.0022258231848263648,0.8463959289977712,0.03776920561073565,60128,1922.15
18083,IN,40.11737361998838,36148,4,8.506617793153081e-4,70.86709561867814,36178.74972199869,0.0016998775377797136,0.001958804440817561,1.1523209156443373,0.02678621884916539,14425,445.25
18085,IN,71.19930273097037,80442,4,8.506617793153081e-4,139.6282375826524,80510.42893485168,0.0016998775377797136,0.00173428758770666,1.020242664052077,0.02678621884916539,30679,838.41
18087,IN,29.99767576990122,40364,4,8.506617793153081e-4,64.33378783018432,40398.336112060286,0.0016998775377797136,0.0015924860779347415,0.9368240020482647,0.02678621884916539,13835,347.18
18089,IN,495.4329933169187,497682,2,0.001316614162945478,1150.6881631599501,498337.25516984303,0.002629765938810684,0.0023090550650638657,0.8780458484864777,0.03776920561073565,183372,6081.18
18091,IN,107.25274725274726,112215,3,0.0012836746938390434,251.3003030218955,112359.04755576915,0.0025640579713467324,0.0022365827095246885,0.8722824267307644,0.03430668308799435,45928,1374.4
18093,IN,12.64962231260895,45113,4,8.506617793153081e-4,51.02552716286044,45151.375904850254,0.0016998775377797136,0.0011300990532467732,0.664812039767786,0.02678621884916539,17414,310.11
18095,IN,115.32747098135772,130545,2,0.001316614162945478,287.20486688307517,130716.87739590171,0.002629765938810684,0.002197152139835921,0.8354934206918759,0.03776920561073565,51348,1620.33
18097,IN,2195.953578336557,971737,1,0.00247692321944086,4602.87151682636,974143.9179384898,0.004941606459101834,0.004725042606196304,0.9561754148781625,0.065875644401241,348948,21979.77
18099,IN,9.758280069726903,46208,4,8.506617793153081e-4,49.065659568328655,46247.307379498605,0.0016998775377797136,0.001060940892530306,0.624127838006524,0.02678621884916539,17343,289.94
18101,IN,4.337013364323068,9863,4,8.506617793153081e-4,12.727090493709952,9871.390077129387,0.0016998775377797136,0.0012892906059093763,0.7584608757130685,0.02678621884916539,3968,80.62
18103,IN,5.782684485764091,35952,4,8.506617793153081e-4,36.365676775708046,35982.58299228994,0.0016998775377797136,0.0010106466448920632,0.5945408551089593,0.02678621884916539,15550,247.64
18105,IN,322.20512820512823,140065,3,0.0012836746938390434,502.00302419769383,140244.79789599255,0.0025640579713467324,0.0035794769697624442,1.3960202966403206,0.03430668308799435,58531,2803.21
18107,IN,27.106333527019174,38018,4,8.506617793153081e-4,59.44679305302856,38050.34045952601,0.0016998775377797136,0.0015623196096303492,0.9190777423125227,0.02678621884916539,14916,367.21
18109,IN,103.23320436158987,71757,2,0.001316614162945478,197.70948685206855,71851.47628249048,0.002629765938810684,0.002751641261687597,1.046344551459219,0.03776920561073565,27739,1096.23
18111,IN,16.413647555399226,13829,2,0.001316614162945478,34.62110481477224,13847.207457259374,0.002629765938810684,0.0025002228732134858,0.9507396975200826,0.03776920561073565,5630,202.17
18113,IN,55.65833817547937,47431,4,8.506617793153081e-4,96.00607703018375,47471.3477388547,0.0016998775377797136,0.002022400492152111,1.189733052648992,0.02678621884916539,18057,575.45
18115,IN,0,5974,2,0.001316614162945478,7.865453009436286,5981.865453009436,0.002629765938810684,0.0013148829694053432,0.5000000000000004,0.03776920561073565,2338,44.15
18117,IN,7.589773387565369,19768,4,8.506617793153081e-4,24.40565544107038,19784.815882053506,0.0016998775377797136,0.0012335548425905932,0.7256727706407572,0.02678621884916539,7596,147.65
18119,IN,18.322344322344325,21361,3,0.0012836746938390434,45.74291945744013,21388.420575135096,0.0025640579713467324,0.002138676827339842,0.8340984686147851,0.03430668308799435,8660,247.81
18121,IN,0.7228355607205114,16327,4,8.506617793153081e-4,14.611590431601547,16340.88875487088,0.0016998775377797136,8.941735453187107e-4,0.5260223312831294,0.02678621884916539,5997,84.5
18123,IN,7.228355607205113,19186,4,8.506617793153081e-4,23.549152505148616,19202.320796897944,0.0016998775377797136,0.0012263701223527567,0.7214461601478503,0.02678621884916539,8323,160.84
18125,IN,5.421266705403835,12227,4,8.506617793153081e-4,15.822308281092106,12237.401041575687,0.0016998775377797136,0.001292946780720592,0.7606117217181232,0.02678621884916539,4770,97.18
18127,IN,223.74393246570523,173355,2,0.001316614162945478,451.98558068311854,173583.2416482174,0.002629765938810684,0.002603854936636737,0.9901470310374217,0.03776920561073565,66807,2498.39
18129,IN,13.853479853479854,25226,3,0.0012836746938390434,46.235457680263565,25258.381977826783,0.0025640579713467324,0.0018304995831028143,0.7139072530959089,0.03430668308799435,9927,243.13
18131,IN,11.565368971528182,12498,4,8.506617793153081e-4,22.196939889410903,12508.631570917883,0.0016998775377797136,0.001774529832745093,1.0439162782648956,0.02678621884916539,4854,135.73
18133,IN,15.179546775130738,36942,4,8.506617793153081e-4,46.60469422659685,36973.42514745147,0.0016998775377797136,0.0012604916650468681,0.7415191018367434,0.02678621884916539,15613,310.11
18135,IN,31.08192911098199,24586,4,8.506617793153081e-4,51.99629961722815,24606.914370506245,0.0016998775377797136,0.002113076789487703,1.243075893718607,0.02678621884916539,9318,310.26
18137,IN,53.8512492736781,28990,4,8.506617793153081e-4,78.51193425602888,29014.66068498235,0.0016998775377797136,0.002705940114497556,1.5918441501567848,0.02678621884916539,10850,462.64
18139,IN,3.6141778036025567,16716,4,8.506617793153081e-4,17.833840106637247,16730.219662303036,0.0016998775377797136,0.0010659656876365418,0.6270838127720938,0.02678621884916539,6464,108.58
18141,IN,470.5714285714286,272388,3,0.0012836746938390434,820.2290110768579,272737.65758250543,0.0025640579713467324,0.003007391859075169,1.172903223204264,0.03430668308799435,101072,4066.98
18143,IN,18.43230679837304,24403,4,8.506617793153081e-4,39.191006199004505,24423.75869940063,0.0016998775377797136,0.0016046263264124971,0.9439658391559027,0.02678621884916539,9447,238.87
18145,IN,88.97924727400633,44940,2,0.001316614162945478,148.14788775677613,44999.16864048277,0.002629765938810684,0.003292236106413248,1.2519122169108963,0.03776920561073565,17195,813.04
18147,IN,7.228355607205113,19935,4,8.506617793153081e-4,24.18629817785578,19951.95794257065,0.0016998775377797136,0.0012122268023756454,0.7131259608024406,0.02678621884916539,7958,152.01
18149,IN,12.64962231260895,23308,4,8.506617793153081e-4,32.47684706489015,23327.82722475228,0.0016998775377797136,0.0013921933985532177,0.8189962909749511,0.02678621884916539,8916,195.6
18151,IN,25.2992446252179,34507,4,8.506617793153081e-4,54.653030644051235,34536.35378601883,0.0016998775377797136,0.0015824783062703086,0.9309366534351966,0.02678621884916539,14131,352.37
18153,IN,25.472527472527474,20791,3,0.0012836746938390434,52.16140803213503,20817.688880559606,0.0025640579713467324,0.0025056291469916937,0.9772123621977432,0.03430668308799435,9064,303.87
18155,IN,20.600813480534573,9896,4,8.506617793153081e-4,29.01896244863886,9904.418148968105,0.0016998775377797136,0.0029299007788420373,1.723595208316543,0.02678621884916539,3799,175.39
18157,IN,206.9084249084249,186955,3,0.0012836746938390434,446.89782729510324,187194.98940238668,0.0025640579713467324,0.002387338617992974,0.9310782535618962,0.03430668308799435,76855,2454.92
18159,IN,31.0995427365459,15328,2,0.001316614162945478,51.28060462617419,15348.181061889629,0.002629765938810684,0.003341151920178133,1.2705130410538263,0.03776920561073565,6086,292.04
18161,IN,2.8913422428820454,7041,4,8.506617793153081e-4,8.880851831041129,7046.989509588159,0.0016998775377797136,0.001260233439961534,0.7413671937847838,0.02678621884916539,2748,54.57
18163,IN,429.010989010989,179900,3,0.0012836746938390434,659.9440664326329,180130.93307742165,0.0025640579713467324,0.0036636909339107454,1.4288643138542019,0.03430668308799435,68113,3338.87
18165,IN,1.3406593406593408,15488,3,0.0012836746938390434,21.222212998838444,15507.881553658179,0.0025640579713467324,0.0013684791778560046,0.5337161613148831,0.03430668308799435,6037,110.54
18167,IN,116.19047619047619,106355,3,0.0012836746938390434,252.71569825372762,106491.52522206325,0.0025640579713467324,0.002373106195321627,0.9255275121861575,0.03430668308799435,42495,1349.29
18169,IN,10.481115630447414,31032,4,8.506617793153081e-4,36.878851966160056,31058.39773633571,0.0016998775377797136,0.00118740355762187,0.6985230001761134,0.02678621884916539,11940,223.41
18171,IN,0,8454,3,0.0012836746938390434,10.852185861715272,8464.852185861715,0.0025640579713467324,0.0012820289856733662,0.5,0.03430668308799435,3309,56.76
18173,IN,110.38095238095238,64065,3,0.0012836746938390434,192.6195716417507,64147.238619260796,0.0025640579713467324,0.0030027726179301956,1.1711016878269078,0.03430668308799435,24095,968.06
18175,IN,33.259233204361585,28133,2,0.001316614162945478,70.29953945050673,28170.040306246145,0.002629765938810684,0.0024955427356956675,0.9489600191659189,0.03776920561073565,10790,386.73
18177,IN,45.90005810575247,66522,4,8.506617793153081e-4,102.4877809893654,66578.58772288362,0.0016998775377797136,0.0015393504803067413,0.9055655163944081,0.02678621884916539,24915,604.36
18179,IN,15.194139194139195,28167,3,0.0012836746938390434,51.35140429550353,28203.157265101363,0.0025640579713467324,0.001820767930796381,0.7101118426897541,0.03430668308799435,10488,255.5
18181,IN,10.481115630447414,24630,4,8.506617793153081e-4,31.432915254983456,24650.951799624538,0.0016998775377797136,0.0012751197402228588,0.7501244718418657,0.02678621884916539,9473,190.34
18183,IN,34.85714285714286,34259,3,0.0012836746938390434,78.83455419337466,34302.97741133623,0.0025640579713467324,0.002298184010327976,0.8963073518657184,0.03430668308799435,13159,404.63
19001,IA,0,7479,4,8.506617793153081e-4,6.362099447499189,7485.3620994474995,0.0016998775377797136,8.499387688898552e-4,0.49999999999999906,0.02678621884916539,2966,39.72
19003,IA,1.0882669537136707,3680,4,8.506617793153081e-4,4.218702301594004,3683.1304353478804,0.0016998775377797136,0.00114541213667214,0.6738203848309062,0.02678621884916539,1470,26.53
19005,IA,3.264800861141012,14046,4,8.506617793153081e-4,15.21319621340383,14057.948395352263,0.0016998775377797136,0.0010821775543317193,0.6366208919644882,0.02678621884916539,5438,92.73
19007,IA,10.157158234660926,12279,4,8.506617793153081e-4,20.602434222873594,12289.445275988213,0.0016998775377797136,0.001676433212419095,0.9862082268636597,0.02678621884916539,4758,125.69
19009,IA,0.7255113024757804,5651,4,8.506617793153081e-4,5.532601017386586,5655.807089714911,0.0016998775377797136,9.782160051829958e-4,0.5754626338910788,0.02678621884916539,2136,32.93
19011,IA,22.706935123042506,25652,3,0.0012836746938390434,55.63575836940164,25684.92882324636,0.0025640579713467324,0.0021660857521648273,0.8447881352023893,0.03430668308799435,9936,287.96
19013,IA,110.80984340044742,131041,3,0.0012836746938390434,279.0238589558095,131209.21401555536,0.0025640579713467324,0.002126556896550955,0.829371613401554,0.03430668308799435,50165,1427.34
19015,IA,15.894854586129753,26700,3,0.0012836746938390434,50.16896891163221,26734.2741143255,0.0025640579713467324,0.0018765786831200807,0.7318784146422541,0.03430668308799435,10688,268.36
19017,IA,10.445190156599551,25012,3,0.0012836746938390434,42.5524615989017,25044.107271442303,0.0025640579713467324,0.0016991007560259138,0.6626608193002309,0.03430668308799435,9624,218.79
19019,IA,3.9903121636167924,20631,4,8.506617793153081e-4,21.540315332670914,20648.550003169054,0.0016998775377797136,0.0010431877942695732,0.613684086697285,0.02678621884916539,7683,126.3
19021,IA,17.41227125941873,20687,4,8.506617793153081e-4,35.00991148811451,20704.597640228694,0.0016998775377797136,0.0016909245036518278,0.9947331299291243,0.02678621884916539,7625,203.17
19023,IA,6.892357373519914,14376,4,8.506617793153081e-4,19.121471112956783,14388.229113739437,0.0016998775377797136,0.0013289662655355922,0.7818011803788023,0.02678621884916539,5469,114.53
19025,IA,3.264800861141012,9893,4,8.506617793153081e-4,11.680397843907356,9901.415596982766,0.0016998775377797136,0.0011796694855901913,0.693973218289013,0.02678621884916539,4012,74.58
19027,IA,12.696447793326158,20728,4,8.506617793153081e-4,30.328965154973865,20745.632517361646,0.0016998775377797136,0.0014619445866300824,0.8600293574910072,0.02678621884916539,7733,178.14
19029,IA,7.255113024757804,13116,4,8.506617793153081e-4,18.412392922257386,13127.1572798975,0.0016998775377797136,0.00140261844431875,0.8251291126246499,0.02678621884916539,5003,110.58
19031,IA,14.147470398277719,18479,4,8.506617793153081e-4,29.866849418245295,18494.719379019967,0.0016998775377797136,0.0016148852440619154,0.95000093134426,0.02678621884916539,7142,181.74
19033,IA,33.73627556512379,42979,4,8.506617793153081e-4,70.29686817831642,43015.56059261319,0.0016998775377797136,0.0016342195059149847,0.9613748458900823,0.02678621884916539,16694,429.9
19035,IA,1.4510226049515609,11601,4,8.506617793153081e-4,11.31954990678845,11610.868527301836,0.0016998775377797136,9.749098338484862e-4,0.5735176871163671,0.02678621884916539,4534,69.65
19037,IA,1.0882669537136707,11957,4,8.506617793153081e-4,11.25962984898681,11967.171362895273,0.0016998775377797136,9.408764617424778e-4,0.5534966142157504,0.02678621884916539,4704,69.74
19039,IA,5.441334768568353,9737,4,8.506617793153081e-4,13.724228513761508,9745.282893745192,0.0016998775377797136,0.0014082945219137887,0.8284682223363133,0.02678621884916539,3636,80.69
19041,IA,7.980624327233585,16423,4,8.506617793153081e-4,21.95104272892889,16436.970418401695,0.0016998775377797136,0.001335467678663826,0.7856258165562564,0.02678621884916539,6176,129.97
19043,IA,9.794402583423036,17123,4,8.506617793153081e-4,24.360284230639056,17137.565881647217,0.0016998775377797136,0.0014214553221193868,0.8362104272381959,0.02678621884916539,6805,152.42
19045,IA,88.14962325080732,46488,4,8.506617793153081e-4,127.69518804761736,46527.54556479681,0.0016998775377797136,0.002744507291272909,1.614532359111959,0.02678621884916539,17576,760.11
19047,IA,2.1765339074273413,16450,4,8.506617793153081e-4,16.16992017716416,16463.993386269736,0.0016998775377797136,9.821384033505004e-4,0.5777700931523075,0.02678621884916539,6035,93.4
19049,IA,179.38478747203578,100367,3,0.0012836746938390434,308.223365468579,100495.83857799655,0.0025640579713467324,0.0030670261558080492,1.1961610034102077,0.03430668308799435,36241,1487.2
19051,IA,7.980624327233585,9093,4,8.506617793153081e-4,15.715691886547681,9100.735067559313,0.0016998775377797136,0.001726859618468424,1.015872955603586,0.02678621884916539,3257,88.63
19053,IA,2.5392895586652315,7684,4,8.506617793153081e-4,9.075774670924059,7690.536485112259,0.0016998775377797136,0.0011801224385962431,0.694239680428776,0.02678621884916539,3038,56.49
19055,IA,3.627556512378902,17523,4,8.506617793153081e-4,18.533702871321047,17537.906146358942,0.0016998775377797136,0.0010567796814883084,0.6216798904635306,0.02678621884916539,6752,112.44
19057,IA,36.63832077502691,38824,4,8.506617793153081e-4,69.66441369516443,38857.02609292014,0.0016998775377797136,0.0017928395633925644,1.0546874839785652,0.02678621884916539,14680,414.73
19059,IA,22.853606027987084,17692,4,8.506617793153081e-4,37.903514227633515,17707.049908199646,0.0016998775377797136,0.0021405888854518587,1.2592606454743662,0.02678621884916539,7063,238.24
19061,IA,128.52125279642058,98812,3,0.0012836746938390434,255.36371664404413,98938.84246384763,0.0025640579713467324,0.00258102591747376,1.0066176140776237,0.03430668308799435,37863,1307.55
19063,IA,6.892357373519914,9349,4,8.506617793153081e-4,14.84519434833873,9356.952836974819,0.0016998775377797136,0.0015865415383602922,0.9333269621484295,0.02678621884916539,3783,94.58
19065,IA,9.068891280947255,19519,4,8.506617793153081e-4,25.672958551402754,19535.604067270455,0.0016998775377797136,0.0013141625138899438,0.7730924638291476,0.02678621884916539,7728,160.03
19067,IA,19.22604951560818,15601,4,8.506617793153081e-4,32.497223934706305,15614.271174419098,0.0016998775377797136,0.002081251412358368,1.2243537349618632,0.02678621884916539,6056,198.61
19069,IA,2.5392895586652315,10015,4,8.506617793153081e-4,11.058667278508041,10023.519377719842,0.0016998775377797136,0.0011032719009940874,0.6490302251038156,0.02678621884916539,3824,66.48
19071,IA,6.529601722282024,6639,4,8.506617793153081e-4,12.177145275156354,6644.647543552875,0.0016998775377797136,0.0018326247096388905,1.078092197178253,0.02678621884916539,2565,74.07
19073,IA,3.264800861141012,8801,4,8.506617793153081e-4,10.751475180895039,8808.486674319754,0.0016998775377797136,0.001220581420897175,0.7180407963337355,0.02678621884916539,3357,64.57
19075,IA,5.903803131991051,12351,3,0.0012836746938390434,21.758469275597076,12366.854666143607,0.0025640579713467324,0.0017594182080237937,0.6861850346931454,0.03430668308799435,4730,111.35
19077,IA,8.174496644295301,10619,3,0.0012836746938390434,21.805838218172102,10632.631341573877,0.0025640579713467324,0.0020508411810452494,0.7998419707991533,0.03430668308799435,4153,113.96
19079,IA,2.1765339074273413,14979,4,8.506617793153081e-4,14.91859669979134,14991.742062792364,0.0016998775377797136,9.951209564108923e-4,0.5854074392386316,0.02678621884916539,5884,92.27
19081,IA,10.519913885898816,10790,4,8.506617793153081e-4,19.69855448471099,10799.178640598811,0.0016998775377797136,0.0018240789545471126,1.0730649202704472,0.02678621884916539,4250,122.16
19083,IA,22.490850376749194,16861,4,8.506617793153081e-4,36.8338586377846,16875.343008261036,0.0016998775377797136,0.002182702812011182,1.284035328134348,0.02678621884916539,6812,234.3
19085,IA,4.995525727069351,14623,3,0.0012836746938390434,23.76670077507768,14641.771175048008,0.0025640579713467324,0.0016232121435950356,0.633063745724309,0.03430668308799435,5708,123.97
19087,IA,0.7255113024757804,20436,4,8.506617793153081e-4,18.109635424563418,20453.384124122087,0.0016998775377797136,8.854102242770416e-4,0.520867065184893,0.02678621884916539,8570,119.57
19089,IA,0,9479,4,8.506617793153081e-4,8.063423006129806,9487.06342300613,0.0016998775377797136,8.499387688898553e-4,0.4999999999999991,0.02678621884916539,3515,47.08
19091,IA,1.813778256189451,9606,4,8.506617793153081e-4,9.985235308292301,9614.171457052104,0.0016998775377797136,0.0010385955100653025,0.6109825484380826,0.02678621884916539,3666,60
19093,IA,2.9020452099031218,6969,4,8.506617793153081e-4,8.830307149951505,6974.928261940048,0.0016998775377797136,0.001266006877538177,0.7447635781997364,0.02678621884916539,2652,52.91
19095,IA,2.5392895586652315,16575,4,8.506617793153081e-4,16.639008550816463,16589.09971899215,0.0016998775377797136,0.00100300853166656,0.5900475236449295,0.02678621884916539,6431,101.64
19097,IA,16.68675995694295,19470,4,8.506617793153081e-4,33.249144800211994,19486.56238484327,0.0016998775377797136,0.0017062601470474504,1.0037547465190189,0.02678621884916539,7688,206.71
19099,IA,15.894854586129753,37808,3,0.0012836746938390434,64.4280274107963,37856.53317282467,0.0025640579713467324,0.0017018998310454375,0.6637524775430645,0.03430668308799435,15393,350.52
19101,IA,6.892357373519914,15785,4,8.506617793153081e-4,20.320053560012052,15798.427696186493,0.0016998775377797136,0.0012862073334624947,0.756647055376982,0.02678621884916539,6997,141.81
19103,IA,153.49888143176733,153360,3,0.0012836746938390434,350.363232478923,153556.86435104714,0.0025640579713467324,0.0022816513866677807,0.8898595165028106,0.03430668308799435,61163,1867.19
19105,IA,5.449664429530201,20733,3,0.0012836746938390434,32.06409185689509,20759.614427427365,0.0025640579713467324,0.0015445417817843657,0.6023817710225634,0.03430668308799435,8700,179.79
19107,IA,12.696447793326158,10026,4,8.506617793153081e-4,21.225182792741435,10034.528734999416,0.0016998775377797136,0.0021152147104537312,1.244333584886655,0.02678621884916539,3941,131.36
19109,IA,11.245425188374597,14718,4,8.506617793153081e-4,23.7654652563373,14730.520040067962,0.0016998775377797136,0.0016133486931685852,0.9490970127623737,0.02678621884916539,5725,145.55
19111,IA,21.402583423035523,33442,4,8.506617793153081e-4,49.85041464689806,33470.447831223864,0.0016998775377797136,0.0014893859472174039,0.8761724972039796,0.02678621884916539,13057,306.44
19113,IA,311.08501118568233,229308,3,0.0012836746938390434,605.4418878805257,229602.35687669483,0.0025640579713467324,0.002636914952078087,1.0284147166505317,0.03430668308799435,87022,3070.27
19115,IA,5.8040904198062435,10823,4,8.506617793153081e-4,15.010802857335824,10832.20671243753,0.0016998775377797136,0.0013857566842867238,0.8152097156932392,0.02678621884916539,4301,93.92
19117,IA,1.4510226049515609,8666,4,8.506617793153081e-4,8.82285758449802,8673.371834979547,0.0016998775377797136,0.0010172350214383292,0.5984166499234913,0.02678621884916539,3434,55.04
19119,IA,0.7255113024757804,12023,4,8.506617793153081e-4,10.953017875183729,12033.227506572708,0.0016998775377797136,9.102310971184619e-4,0.5354686304681427,0.02678621884916539,4373,62.72
19121,IA,14.078299776286352,16609,3,0.0012836746938390434,35.398852766259026,16630.32055298997,0.0025640579713467324,0.0021285730875400745,0.8301579415624811,0.03430668308799435,6282,178.91
19123,IA,11.245425188374597,22059,4,8.506617793153081e-4,30.01017337829098,22077.764748189915,0.0016998775377797136,0.0013592940100854828,0.7996423153287371,0.02678621884916539,8438,180.74
19125,IA,43.530678148546826,33487,4,8.506617793153081e-4,72.01678915247855,33515.486111003935,0.0016998775377797136,0.002148761587821151,1.2640684637951891,0.02678621884916539,12835,434.59
19127,IA,18.5005382131324,40049,4,8.506617793153081e-4,52.56869181293118,40083.0681535998,0.0016998775377797136,0.0013114937112968998,0.7715224668536421,0.02678621884916539,15092,311.89
19129,IA,25.885906040268456,14605,3,0.0012836746938390434,44.633974943787685,14623.74806890352,0.0025640579713467324,0.003052156993780481,1.190361929366746,0.03430668308799435,5476,223.63
19131,IA,0.7255113024757804,10537,4,8.506617793153081e-4,9.688934471121183,10545.963423168645,0.0016998775377797136,9.187339347143346e-4,0.5404706599713849,0.02678621884916539,4019,58.18
19133,IA,1.4510226049515609,8671,4,8.506617793153081e-4,8.827110893394597,8678.376088288443,0.0016998775377797136,0.0010171385526039683,0.5983598994622276,0.02678621884916539,3262,52.28
19135,IA,1.813778256189451,7574,4,8.506617793153081e-4,8.256690572723596,7580.442912316534,0.0016998775377797136,0.001089209518260247,0.6407576393314265,0.02678621884916539,2871,49.28
19137,IA,1.4510226049515609,10285,4,8.506617793153081e-4,10.200079005209505,10293.749056400258,0.0016998775377797136,9.909002977751325e-4,0.5829245200035951,0.02678621884916539,3874,60.49
19139,IA,10.157158234660926,42968,4,8.506617793153081e-4,46.70839356828108,43004.55123533362,0.0016998775377797136,0.0010861267523216075,0.6389441169628293,0.02678621884916539,16246,278.05
19141,IA,4.715823466092573,14138,4,8.506617793153081e-4,16.7424797020524,14150.02665623596,0.0016998775377797136,0.0011832118842457402,0.6960571323221239,0.02678621884916539,5362,99.97
19143,IA,0.3627556512378902,6149,4,8.506617793153081e-4,5.5934749322477195,6154.230719281009,0.0016998775377797136,9.088828786875897e-4,0.5346755036687657,0.02678621884916539,2466,35.32
19145,IA,19.22604951560818,15225,4,8.506617793153081e-4,32.17737510568375,15237.951325590075,0.0016998775377797136,0.0021116601843744055,1.2422425365609218,0.02678621884916539,6438,214.22
19147,IA,8.706135629709365,8938,4,8.506617793153081e-4,16.30935061322959,8945.603214983521,0.0016998775377797136,0.0018231694633976266,1.0725298869346496,0.02678621884916539,3411,97.99
19149,IA,6.529601722282024,25621,4,8.506617793153081e-4,28.32440717011953,25642.794805447837,0.0016998775377797136,0.0011045756667717819,0.6497972013998831,0.02678621884916539,9722,169.22
19151,IA,3.9903121636167924,7061,4,8.506617793153081e-4,9.996834987362183,7067.006522823745,0.0016998775377797136,0.0014145784293641453,0.832164904780017,0.02678621884916539,2738,61.03
19153,IA,876.0335570469798,493378,3,0.0012836746938390434,1509.3704101438993,494011.3368530969,0.0025640579713467324,0.0030553355713630872,1.1916015961832247,0.03430668308799435,183856,7516.01
19155,IA,132.15436241610738,93543,3,0.0012836746938390434,252.233144301893,93663.07878188578,0.0025640579713467324,0.0026929836984034127,1.0502819080135555,0.03430668308799435,35379,1274.77
19157,IA,5.441334768568353,18608,4,8.506617793153081e-4,21.270449158067606,18623.8291143895,0.0016998775377797136,0.0011421093389239285,0.671877422661687,0.02678621884916539,7268,130.8
19159,IA,0,4690,4,8.506617793153081e-4,3.989603744988795,4693.989603744989,0.0016998775377797136,8.499387688898552e-4,0.49999999999999906,0.02678621884916539,1717,23
19161,IA,3.264800861141012,9778,4,8.506617793153081e-4,11.582571739286095,9786.317770878146,0.0016998775377797136,0.0011835474803151389,0.6962545559964416,0.02678621884916539,3791,70.7
19163,IA,219.34899328859058,174315,3,0.0012836746938390434,443.1127475451434,174538.76375425656,0.0025640579713467324,0.0025387641003864793,0.9901352187653667,0.03430668308799435,65485,2224.41
19165,IA,0.3627556512378902,11737,4,8.506617793153081e-4,10.346972955061661,11746.984217303823,0.0016998775377797136,8.808195161971969e-4,0.5181664541244981,0.02678621884916539,4379,60.78
19167,IA,20.677072120559743,35815,4,8.506617793153081e-4,51.1435237467375,35845.46645162618,0.0016998775377797136,0.0014267780227035464,0.8393416531446879,0.02678621884916539,13148,295.6
19169,IA,100.36465324384787,98573,3,0.0012836746938390434,226.9003188396439,98699.5356655958,0.0025640579713467324,0.0022988995572218855,0.896586420007666,0.03430668308799435,43681,1343.58
19171,IA,6.529601722282024,17017,4,8.506617793153081e-4,21.00531322089062,17031.47571149861,0.0016998775377797136,0.0012333231469020102,0.7255364692405484,0.02678621884916539,6473,125.8
19173,IA,1.813778256189451,5916,4,8.506617793153081e-4,6.8462933426188135,5921.032515086429,0.0016998775377797136,0.001156266804003335,0.68020594325494,0.02678621884916539,2314,42.16
19175,IA,9.068891280947255,12107,4,8.506617793153081e-4,19.36785344311769,12117.298962162171,0.0016998775377797136,0.0015983639178662101,0.9402818040374279,0.02678621884916539,4549,114.57
19177,IA,3.627556512378902,7207,4,8.506617793153081e-4,9.758275955904328,7213.130719443526,0.0016998775377797136,0.0013528488995215593,0.7958508006927228,0.02678621884916539,2803,59.75
19179,IA,8.343379978471475,35292,4,8.506617793153081e-4,38.364935494067325,35322.021555515596,0.0016998775377797136,0.0010861477855611743,0.6389564903480286,0.02678621884916539,13455,230.29
19181,IA,34.96868008948546,52709,3,0.0012836746938390434,102.6298895270476,52776.66120943756,0.0025640579713467324,0.0019446074680581583,0.7584101021853195,0.03430668308799435,19590,509.7
19183,IA,26.794183445190153,22534,3,0.0012836746938390434,55.720508996159154,22562.92632555097,0.0025640579713467324,0.0024695603837991305,0.9631452999099047,0.03430668308799435,8365,276.4
19185,IA,0,6484,4,8.506617793153081e-4,5.515690977080458,6489.51569097708,0.0016998775377797136,8.499387688898552e-4,0.49999999999999906,0.02678621884916539,2399,32.13
19187,IA,7.980624327233585,36986,4,8.506617793153081e-4,39.443200896989566,37017.46257656976,0.0016998775377797136,0.0010655295677115153,0.626827253158043,0.02678621884916539,15398,258.54
19189,IA,6.892357373519914,10704,4,8.506617793153081e-4,15.997841059310971,10713.105483685791,0.0016998775377797136,0.0014932963260441074,0.8784728857553873,0.02678621884916539,4245,99.89
19191,IA,15.59849300322928,20050,4,8.506617793153081e-4,32.65426167850121,20067.055768675273,0.0016998775377797136,0.001627257234689834,0.9572790971844171,0.02678621884916539,8137,208.65
19193,IA,92.64429530201342,105526,3,0.0012836746938390434,228.10535104407228,105661.46105574205,0.0025640579713467324,0.00215883207334919,0.8419591512649366,0.03430668308799435,38982,1125.99
19195,IA,0,7417,4,8.506617793153081e-4,6.30935841718164,7423.309358417182,0.0016998775377797136,8.499387688898552e-4,0.49999999999999906,0.02678621884916539,3002,40.21
19197,IA,7.980624327233585,12897,4,8.506617793153081e-4,18.951609295063115,12907.97098496783,0.0016998775377797136,0.00146820978425916,0.8637150333646122,0.02678621884916539,4836,111.88
20001,KS,3.1889862327909886,12554,4,8.506617793153081e-4,13.868194210315366,12564.679207977524,0.0016998775377797136,0.001103744391779634,0.6493081808830088,0.02678621884916539,4710,81.92
20003,KS,1.1389236545682102,7799,4,8.506617793153081e-4,7.773234871448298,7805.63431121688,0.0016998775377797136,9.958492239737617e-4,0.5858358627848481,0.02678621884916539,2871,45.05
20005,KS,12.755944931163954,16309,4,8.506617793153081e-4,26.629387890017313,16322.873442958853,0.0016998775377797136,0.0016314154479647913,0.9597252812079959,0.02678621884916539,5985,153.86
20007,KS,0.4555694618272841,4081,4,8.506617793153081e-4,3.9271201832130562,4084.471550721386,0.0016998775377797136,9.614757097572295e-4,0.5656146918754253,0.02678621884916539,1572,23.82
20009,KS,14.806007509386733,25477,4,8.506617793153081e-4,36.47831766100284,25498.672310151615,0.0016998775377797136,0.0014305967470502365,0.8415881234119977,0.02678621884916539,9479,213.68
20011,KS,10.478097622027533,14405,4,8.506617793153081e-4,22.73188055306455,14417.253782931037,0.0016998775377797136,0.0015767136304403143,0.9275454233601621,0.02678621884916539,5212,129.49
20013,KS,1.8222778473091363,9486,4,8.506617793153081e-4,9.891655485894148,9494.069377638585,0.0016998775377797136,0.0010418773122926612,0.6129131594111797,0.02678621884916539,3474,57.03
20015,KS,56.70068965517241,67618,3,0.0012836746938390434,143.50020510318086,67704.799515448,0.0025640579713467324,0.002119498264970696,0.8266186992088411,0.03430668308799435,25807,731.85
20017,KS,1.5944931163954943,2570,4,8.506617793153081e-4,3.7806938892358364,2572.1862007728405,0.0016998775377797136,0.0014698367824615057,0.8646721600788523,0.02678621884916539,1031,23.88
20019,KS,0,3389,4,8.506617793153081e-4,2.8828927700995792,3391.8828927700997,0.0016998775377797136,8.499387688898552e-4,0.49999999999999906,0.02678621884916539,1332,17.84
20021,KS,11.867586206896553,19380,3,0.0012836746938390434,36.745201773497215,19404.877615566602,0.0025640579713467324,0.0018936064685107932,0.7385193664385853,0.03430668308799435,7251,183.71
20023,KS,0,2619,4,8.506617793153081e-4,2.227883200026792,2621.227883200027,0.0016998775377797136,8.499387688898551e-4,0.499999999999999,0.02678621884916539,1020,13.66
20025,KS,0,1977,4,8.506617793153081e-4,1.681758337706364,1978.6817583377065,0.0016998775377797136,8.499387688898552e-4,0.49999999999999906,0.02678621884916539,739,9.9
20027,KS,0,8088,4,8.506617793153081e-4,6.880152471102212,8094.8801524711025,0.0016998775377797136,8.499387688898552e-4,0.49999999999999906,0.02678621884916539,3122,41.81
20029,KS,2.2778473091364204,9008,4,8.506617793153081e-4,9.940608617208715,9015.662761308073,0.0016998775377797136,0.0011025932180904294,0.6486309711054691,0.02678621884916539,3508,60.95
20031,KS,0.9111389236545682,8334,4,8.506617793153081e-4,8.000554192468346,8341.089415268814,0.0016998775377797136,9.591737714527913e-4,0.5642605129694291,0.02678621884916539,3244,49.03
20033,KS,0.4555694618272841,1825,4,8.506617793153081e-4,2.0080272090777216,1826.5524577472504,0.0016998775377797136,0.001099353703508899,0.6467252370101992,0.02678621884916539,680,11.78
20035,KS,16.172715894868585,34661,4,8.506617793153081e-4,45.65750382771648,34690.484787932844,0.0016998775377797136,0.0013161391115409991,0.7742552520930817,0.02678621884916539,13424,278.41
20037,KS,24.828535669586984,39012,4,8.506617793153081e-4,58.014553004235786,39045.18601733465,0.0016998775377797136,0.0014858311336634284,0.8740812797633288,0.02678621884916539,15432,361.31
20039,KS,0,2771,4,8.506617793153081e-4,2.357183790482719,2773.357183790483,0.0016998775377797136,8.499387688898552e-4,0.49999999999999906,0.02678621884916539,1108,14.84
20041,KS,2.5056320400500622,18492,4,8.506617793153081e-4,18.23606966314874,18507.7304376231,0.0016998775377797136,9.853217672804377e-4,0.5796427950729973,0.02678621884916539,7269,112.86
20043,KS,15.493793103448276,7501,3,0.0012836746938390434,25.12263698193494,7510.628843878487,0.0025640579713467324,0.0033449445451443206,1.3045510602817765,0.03430668308799435,3167,141.74
20045,KS,243.9448275862069,119094,3,0.0012836746938390434,396.8227815742739,119246.87795398806,0.0025640579713467324,0.0033277414753566104,1.297841746381719,0.03430668308799435,48610,2164.34
20047,KS,2.7334167709637045,2849,4,8.506617793153081e-4,5.156952180233017,2851.4235354092693,0.0016998775377797136,0.0018085535579662078,1.0639316761185285,0.02678621884916539,1106,31.52
20049,KS,0,2453,4,8.506617793153081e-4,2.0866733446604506,2455.0866733446605,0.0016998775377797136,8.499387688898551e-4,0.499999999999999,0.02678621884916539,946,12.67
20051,KS,17.53942428035044,28921,4,8.506617793153081e-4,42.14141359992846,28945.601989319577,0.0016998775377797136,0.0014558831291702936,0.8564635374098113,0.02678621884916539,11475,263.25
20053,KS,0.22778473091364204,6374,4,8.506617793153081e-4,5.649902912269416,6379.4221181813555,0.0016998775377797136,8.856449389306268e-4,0.5210051425748042,0.02678621884916539,2984,41.64
20055,KS,6.377972465581977,38187,4,8.506617793153081e-4,38.862193832295645,38219.484221366714,0.0016998775377797136,0.00101681628164332,0.5981703146518599,0.02678621884916539,13831,221.61
20057,KS,10.705882352941176,34212,4,8.506617793153081e-4,39.808723146876495,34241.10284079394,0.0016998775377797136,0.0011626004960170104,0.6839319128456366,0.02678621884916539,12538,229.7
20059,KS,5.9224030037546935,25968,4,8.506617793153081e-4,28.012388089014614,25990.08998508526,0.0016998775377797136,0.0010778103540653333,0.6340517655601884,0.02678621884916539,9977,169.45
20061,KS,36.921379310344825,36247,3,0.0012836746938390434,83.45073593792863,36293.52935662759,0.0025640579713467324,0.0022993282113162586,0.8967535980118934,0.03430668308799435,13426,413.05
20063,KS,0.6833541927409261,2758,4,8.506617793153081e-4,3.029479380092546,2760.346125187352,0.0016998775377797136,0.0010974998216525934,0.6456346397082741,0.02678621884916539,1007,17.42
20065,KS,0,2430,4,8.506617793153081e-4,2.067108123736199,2432.067108123736,0.0016998775377797136,8.499387688898553e-4,0.4999999999999991,0.02678621884916539,939,12.58
20067,KS,4.327909887359199,7336,4,8.506617793153081e-4,10.5683647004163,7342.240454813057,0.0016998775377797136,0.0014393923442657646,0.8467623768626413,0.02678621884916539,2661,60.36
20069,KS,3.6445556946182727,5719,4,8.506617793153081e-4,8.50949041052252,5723.864934715904,0.0016998775377797136,0.00148666862471046,0.8745739570464969,0.02678621884916539,2024,47.42
20071,KS,2.7334167709637045,1279,4,8.506617793153081e-4,3.8214131867079835,1280.0879964157443,0.0016998775377797136,0.002985273822899651,1.756169933746434,0.02678621884916539,463,21.78
20073,KS,1.8222778473091363,6001,4,8.506617793153081e-4,6.9270991849803005,6006.104821337671,0.0016998775377797136,0.0011533430386314015,0.6784859573695142,0.02678621884916539,2369,43.05
20075,KS,1.1389236545682102,2520,4,8.506617793153081e-4,3.2825913384427867,2522.1436676838744,0.0016998775377797136,0.0013015084669848501,0.7656483705789823,0.02678621884916539,915,18.77
20077,KS,0,5457,4,8.506617793153081e-4,4.642061329723636,5461.642061329723,0.0016998775377797136,8.499387688898552e-4,0.49999999999999906,0.02678621884916539,2058,27.56
20079,KS,11.208275862068966,33959,3,0.0012836746938390434,54.80058479014904,34002.59230892808,0.0025640579713467324,0.001611659025649054,0.628557951364319,0.03430668308799435,12661,273.02
20081,KS,0,3735,4,8.506617793153081e-4,3.177221745742676,3738.177221745743,0.0016998775377797136,8.499387688898552e-4,0.49999999999999906,0.02678621884916539,1338,17.92
20083,KS,1.3667083854818523,1770,4,8.506617793153081e-4,2.8723797348699476,1771.5056713493882,0.0016998775377797136,0.001621434117499609,0.9538534873620583,0.02678621884916539,673,17.2
20085,KS,12.197241379310345,13274,3,0.0012836746938390434,29.236739265329806,13291.039497886019,0.0025640579713467324,0.00219973308107165,0.8579108216949844,0.03430668308799435,5049,148.6
20087,KS,14.504827586206897,18387,3,0.0012836746938390434,38.107754181825385,18410.602926595617,0.0025640579713467324,0.0020698808362639566,0.8072675654742639,0.03430668308799435,7221,199.98
20089,KS,1.5944931163954943,2929,4,8.506617793153081e-4,4.086081468010032,2931.4915883516146,0.0016998775377797136,0.001393857476598678,0.8199752309329634,0.02678621884916539,1200,26.36
20091,KS,562.8317384370016,610742,2,0.001316614162945478,1366.9433055426489,611546.1115671056,0.002629765938810684,0.002235225242524746,0.8499711740641185,0.03776920561073565,228234,7326.94
20093,KS,11.617021276595745,3964,4,8.506617793153081e-4,14.989044569801626,3967.372023293206,0.0016998775377797136,0.0037780789101193577,2.222559464521236,0.02678621884916539,1406,83.7
20095,KS,3.4167709637046304,7369,4,8.506617793153081e-4,9.685297615479136,7375.268526651775,0.0016998775377797136,0.0013132128790266664,0.7725338148428696,0.02678621884916539,2875,59.49
20097,KS,0.9111389236545682,2445,4,8.506617793153081e-4,2.9910069740804963,2447.079868050426,0.0016998775377797136,0.0012222759923497773,0.7190376748823017,0.02678621884916539,885,17.05
20099,KS,4.783479349186483,20096,4,8.506617793153081e-4,21.878378466306913,20113.09489911712,0.0016998775377797136,0.0010877678734199816,0.6399095518614618,0.02678621884916539,7485,128.3
20101,KS,0.9111389236545682,1528,4,8.506617793153081e-4,2.210950122448359,1529.2998111987938,0.0016998775377797136,0.0014457270616644034,0.8504889496644167,0.02678621884916539,598,13.62
20103,KS,51.834928229665074,82050,2,0.001316614162945478,159.86312029934155,82158.02819206967,0.002629765938810684,0.001945800353504253,0.7399138930152256,0.03776920561073565,33729,942.59
20105,KS,0.9111389236545682,2929,4,8.506617793153081e-4,3.402727275269106,2931.4915883516146,0.0016998775377797136,0.0011607494590091824,0.6828429891045501,0.02678621884916539,1113,20.36
20107,KS,6.249601275917065,9696,2,0.001316614162945478,19.015492199836423,9708.76589092392,0.002629765938810684,0.0019585900425936466,0.7447773254981856,0.03776920561073565,3930,110.55
20109,KS,0,2752,4,8.506617793153081e-4,2.341021216675728,2754.341021216676,0.0016998775377797136,8.499387688898552e-4,0.49999999999999906,0.02678621884916539,1034,13.85
20111,KS,26.650813516896118,32182,4,8.506617793153081e-4,54.02681089882137,32209.375997381925,0.0016998775377797136,0.0016773628555614623,0.9867551151669086,0.02678621884916539,12125,320.48
20113,KS,27.106382978723403,30085,4,8.506617793153081e-4,52.69854260942445,30110.5921596307,0.0016998775377797136,0.0017501662647497658,1.0295837352117356,0.02678621884916539,11778,324.82
20115,KS,2.5056320400500622,11867,4,8.506617793153081e-4,12.600435375184823,11877.094803335134,0.0016998775377797136,0.0010609021468487875,0.6241050447872142,0.02678621884916539,4694,78.47
20117,KS,6.377972465581977,10014,4,8.506617793153081e-4,14.896499523645474,10022.518527058064,0.0016998775377797136,0.0014863030168943056,0.8743588781316758,0.02678621884916539,3800,89
20119,KS,0,4019,4,8.506617793153081e-4,3.418809691068223,4022.4188096910684,0.0016998775377797136,8.499387688898551e-4,0.499999999999999,0.02678621884916539,1503,20.13
20121,KS,18.748803827751196,34312,2,0.001316614162945478,63.92446898673644,34357.17566515898,0.002629765938810684,0.0018605856782215409,0.7075099919588257,0.03776920561073565,13337,356.39
20123,KS,0.4555694618272841,5829,4,8.506617793153081e-4,5.414076973456215,5833.958507511629,0.0016998775377797136,9.280280218800344e-4,0.5459381639292519,0.02678621884916539,2297,33.59
20125,KS,25.967459324155193,31448,4,8.506617793153081e-4,52.71907096006301,31474.751611635907,0.0016998775377797136,0.0016749638443714766,0.985343830449823,0.02678621884916539,11802,311.5
20127,KS,0,5385,4,8.506617793153081e-4,4.580813681612934,5389.580813681613,0.0016998775377797136,8.499387688898552e-4,0.49999999999999906,0.02678621884916539,2115,28.33
20129,KS,1.5944931163954943,2688,4,8.506617793153081e-4,3.8810719791950428,2690.2865788627996,0.0016998775377797136,0.001442623997639536,0.8486634863849145,0.02678621884916539,957,21.75
20131,KS,2.0500625782227786,10219,4,8.506617793153081e-4,10.742975301045911,10227.692912722823,0.0016998775377797136,0.001050381096960987,0.6179157460559993,0.02678621884916539,3757,62.18
20133,KS,15.48936170212766,15826,4,8.506617793153081e-4,28.951935021571728,15839.462573319444,0.0016998775377797136,0.001827835691239891,1.0752749245850435,0.02678621884916539,5815,167.49
20135,KS,0,2677,4,8.506617793153081e-4,2.27722158322708,2679.277221583227,0.0016998775377797136,8.499387688898553e-4,0.4999999999999991,0.02678621884916539,1097,14.69
20137,KS,0,5431,4,8.506617793153081e-4,4.619944123461439,5435.619944123461,0.0016998775377797136,8.499387688898553e-4,0.4999999999999991,0.02678621884916539,2505,33.55
20139,KS,19.44965517241379,15787,3,0.0012836746938390434,39.71502756405077,15807.265372391637,0.0025640579713467324,0.002512454028475761,0.9798741122674901,0.03430668308799435,6168,207.34
20141,KS,1.3667083854818523,3493,4,8.506617793153081e-4,4.338069980630223,3495.971361595148,0.0016998775377797136,0.0012408768642346202,0.7299801524852109,0.02678621884916539,1368,26.75
20143,KS,0,5768,4,8.506617793153081e-4,4.906617143090697,5772.90661714309,0.0016998775377797136,8.499387688898553e-4,0.4999999999999991,0.02678621884916539,2300,30.8
20145,KS,3.4167709637046304,6288,4,8.506617793153081e-4,8.765732232039287,6293.348961268334,0.0016998775377797136,0.0013928565356834558,0.8193863997419063,0.02678621884916539,2985,65.52
20147,KS,1.1389236545682102,4960,4,8.506617793153081e-4,5.358206079972138,4964.219282425404,0.0016998775377797136,0.0010793653090510219,0.634966510858676,0.02678621884916539,1913,32.54
20149,KS,58.678620689655176,25482,3,0.0012836746938390434,91.38921923806168,25514.710598548405,0.0025640579713467324,0.0035818246452405792,1.3969359060003157,0.03430668308799435,9169,439.42
20151,KS,2.7334167709637045,9175,4,8.506617793153081e-4,10.538238596181657,9182.804821825219,0.0016998775377797136,0.0011476056390891498,0.6751107733255238,0.02678621884916539,3411,61.68
20153,KS,1.3667083854818523,2544,4,8.506617793153081e-4,3.530791952059996,2546.164083566578,0.0016998775377797136,0.0013867102968140943,0.8157707046504885,0.02678621884916539,999,21.83
20155,KS,39.862327909887355,61881,4,8.506617793153081e-4,92.50212947569793,61933.63980156581,0.0016998775377797136,0.0014935684350552134,0.8786329614108733,0.02678621884916539,24169,568.82
20157,KS,3.4167709637046304,4686,4,8.506617793153081e-4,7.402972061576165,4689.986201097871,0.0016998775377797136,0.001578463505893304,0.9285748360173087,0.02678621884916539,1751,43.55
20159,KS,1.3667083854818523,9441,4,8.506617793153081e-4,9.397806243997676,9449.031097858517,0.0016998775377797136,9.945788247143722e-4,0.5850885152664799,0.02678621884916539,3691,57.85
20161,KS,39.888275862068966,72105,3,0.0012836746938390434,132.4476396613332,72197.55936379926,0.0025640579713467324,0.0018345168566424432,0.7154740170242294,0.03430668308799435,32731,803.4
20163,KS,3.6445556946182727,4925,4,8.506617793153081e-4,7.834064957746165,4929.189509263128,0.0016998775377797136,0.0015893211131412337,0.9349621239287139,0.02678621884916539,1945,48.71
20165,KS,1.3667083854818523,2939,4,8.506617793153081e-4,3.8668033548895426,2941.5000949694077,0.0016998775377797136,0.0013145684956810306,0.7733312938519369,0.02678621884916539,1164,24.11
20167,KS,2.7334167709637045,6702,4,8.506617793153081e-4,8.4345520159349,6707.701135244971,0.0016998775377797136,0.0012574430264366367,0.7397256558134415,0.02678621884916539,2574,51
20169,KS,34.39549436795995,54160,4,8.506617793153081e-4,80.46733633567703,54206.071841967714,0.0016998775377797136,0.0014844709015305769,0.8732810855713236,0.02678621884916539,20682,483.79
20171,KS,0,5128,4,8.506617793153081e-4,4.3621936043289,5132.362193604329,0.0016998775377797136,8.499387688898552e-4,0.49999999999999906,0.02678621884916539,1953,26.16
20173,KS,546.568275862069,522700,3,0.0012836746938390434,1217.545038331737,523370.9767624697,0.0025640579713467324,0.002326351846759581,0.9072929991273558,0.03430668308799435,193015,6007.83
20175,KS,2.2778473091364204,21942,4,8.506617793153081e-4,20.943068070872908,21960.665220761737,0.0016998775377797136,9.536627356385003e-4,0.5610184936522674,0.02678621884916539,7942,119.35
20177,KS,143.4,178625,3,0.0012836746938390434,372.6963921869991,178854.296392187,0.0025640579713467324,0.0020837989341321735,0.8126957180448185,0.03430668308799435,65773,1833.81
20179,KS,0.4555694618272841,2450,4,8.506617793153081e-4,2.539690821149789,2452.0841213593226,0.0016998775377797136,0.00103572744467751,0.6092953296096377,0.02678621884916539,918,14.98
20181,KS,0,5940,4,8.506617793153081e-4,5.05293096913293,5945.052930969133,0.0016998775377797136,8.499387688898553e-4,0.4999999999999991,0.02678621884916539,2312,30.96
20183,KS,0,3561,4,8.506617793153081e-4,3.029206596141812,3564.0292065961416,0.0016998775377797136,8.499387688898553e-4,0.4999999999999991,0.02678621884916539,1465,19.62
20185,KS,0.4555694618272841,4054,4,8.506617793153081e-4,3.904152315171543,4057.4485828533443,0.0016998775377797136,9.622185556880186e-4,0.566051691549978,0.02678621884916539,1568,23.77
20187,KS,0,2060,4,8.506617793153081e-4,1.7523632653895347,2061.7523632653897,0.0016998775377797136,8.499387688898552e-4,0.49999999999999906,0.02678621884916539,800,10.71
20189,KS,0,5275,4,8.506617793153081e-4,4.48724088588825,5279.487240885888,0.0016998775377797136,8.499387688898551e-4,0.499999999999999,0.02678621884916539,1955,26.18
20191,KS,19.44965517241379,22517,3,0.0012836746938390434,48.35415825358753,22545.904503081172,0.0025640579713467324,0.002144698086829,0.8364468006558097,0.03430668308799435,8446,242.36
20193,KS,0.4555694618272841,7907,4,8.506617793153081e-4,7.181752150873425,7913.726182689046,0.0016998775377797136,9.075057672052409e-4,0.5338653797323394,0.02678621884916539,2942,42.07
20195,KS,0,2798,4,8.506617793153081e-4,2.380151658524232,2800.380151658524,0.0016998775377797136,8.499387688898553e-4,0.4999999999999991,0.02678621884916539,1126,15.08
20197,KS,5.933793103448276,6922,3,0.0012836746938390434,14.819389334202135,6930.885596230753,0.0025640579713467324,0.0021381667794749654,0.8338995464879937,0.03430668308799435,2670,76.38
20199,KS,0.9111389236545682,1489,4,8.506617793153081e-4,2.177774313055062,1490.2666353894006,0.0016998775377797136,0.0014613319934429175,0.8596689825971987,0.02678621884916539,591,13.61
20201,KS,0.22778473091364204,5529,4,8.506617793153081e-4,4.931093708747981,5533.703308977834,0.0016998775377797136,8.911019318198386e-4,0.5242153696458316,0.02678621884916539,2214,31.09
20203,KS,0,2131,4,8.506617793153081e-4,1.8127602517209216,2132.812760251721,0.0016998775377797136,8.499387688898552e-4,0.49999999999999906,0.02678621884916539,836,11.2
20205,KS,0,8667,4,8.506617793153081e-4,7.372685641325775,8674.372685641325,0.0016998775377797136,8.499387688898553e-4,0.4999999999999991,0.02678621884916539,3261,43.67
20207,KS,2.5056320400500622,3134,4,8.506617793153081e-4,5.171606056424238,3136.665974016374,0.0016998775377797136,0.001648758936802635,0.9699280684396554,0.02678621884916539,1285,33.39
20209,KS,133.44736842105263,167989,2,0.001316614162945478,354.62406504010056,168210.17669661905,0.002629765938810684,0.0021082200376003075,0.8016759235058589,0.03776920561073565,60855,1842.61
21001,KY,11.573389651531151,18887,4,8.506617793153081e-4,27.639838677459377,18903.06644902593,0.0016998775377797136,0.0014621880927093525,0.8601726066803507,0.02678621884916539,7455,171.77
21003,KY,10.880829015544041,20773,3,0.0012836746938390434,37.546603430662486,20799.66577441512,0.0025640579713467324,0.001805154171123612,0.7040223705142994,0.03430668308799435,7967,192.42
21005,KY,10.850052798310454,23839,4,8.506617793153081e-4,31.128978955408083,23859.278926157098,0.0016998775377797136,0.0013046906845655408,0.7675203981280063,0.02678621884916539,9132,187.74
21007,KY,2.0725388601036268,7742,3,0.0012836746938390434,12.0107483398055,7751.938209479702,0.0025640579713467324,0.001549386490867249,0.6042712404249805,0.03430668308799435,3091,64.08
21009,KY,49.186906019007395,44511,4,8.506617793153081e-4,87.05071247811108,44548.86380645911,0.0016998775377797136,0.0019540501157627654,1.1495240523708772,0.02678621884916539,16318,502.45
21011,KY,1.8083421330517424,12739,4,8.506617793153081e-4,12.644922539749452,12749.836580406698,0.0016998775377797136,9.91771342323048e-4,0.5834369360621384,0.02678621884916539,4752,74.26
21013,KY,24.231784582893347,24248,4,8.506617793153081e-4,44.85863140773094,24268.626846824838,0.0016998775377797136,0.0018484206663550878,1.0873846058166008,0.02678621884916539,9359,272.6
21015,KY,136.1923383878691,136150,2,0.001316614162945478,315.449356672896,136329.25701828502,0.002629765938810684,0.0023138786462438264,0.8798800730114718,0.03776920561073565,50073,1664.04
21017,KY,4.1450777202072535,20228,3,0.0012836746938390434,30.111249427183424,20253.966171706976,0.0025640579713467324,0.0014866840979149167,0.5798168818835474,0.03430668308799435,7510,149.39
21019,KY,63.73056994818652,48242,3,0.0012836746938390434,125.65760452836966,48303.927034580185,0.0025640579713467324,0.0026013952124102234,1.0145617772611748,0.03430668308799435,18810,654.71
21021,KY,6.871700105596621,30613,4,8.506617793153081e-4,32.91300915577615,30639.04130905018,0.0016998775377797136,0.0010742179829906847,0.6319384538687234,0.02678621884916539,12184,206.24
21023,KY,22.61851556264964,8420,2,0.001316614162945478,33.70440681465057,8431.085891252002,0.002629765938810684,0.003997635328282194,1.5201487209504778,0.03776920561073565,3214,184.53
21025,KY,21.33843717001056,13580,4,8.506617793153081e-4,32.89042413311245,13591.551986963103,0.0016998775377797136,0.002419916736856884,1.4235829835234166,0.02678621884916539,5410,206.3
21027,KY,6.510031678986273,20528,4,8.506617793153081e-4,23.972416684770916,20545.462385005783,0.0016998775377797136,0.001166798596962517,0.6864015618951734,0.02678621884916539,7974,146.61
21029,KY,54.86193136472466,82482,2,0.001316614162945478,163.4589007527936,82590.59696938808,0.002629765938810684,0.0019791466189956115,0.7525942099207064,0.03776920561073565,32081,911.9
21031,KY,13.471502590673573,12365,3,0.0012836746938390434,29.344140179993346,12380.87263758932,0.0025640579713467324,0.0023701188954082437,0.9243624449580502,0.03430668308799435,4795,152.06
21033,KY,2.170010559662091,12635,4,8.506617793153081e-4,12.918122141311008,12645.748111581648,0.0016998775377797136,0.0010215387834176378,0.6009484569999763,0.02678621884916539,4780,76.94
21035,KY,16.275079197465683,37345,4,8.506617793153081e-4,48.04304334599586,37376.76796414853,0.0016998775377797136,0.001285371795444655,0.7561555270172796,0.02678621884916539,14788,299.52
21037,KY,116.46129289704709,93122,2,0.001316614162945478,239.0670369788559,93244.60574408181,0.002629765938810684,0.0025638698889992287,0.9749422376953985,0.03776920561073565,36346,1338.36
21039,KY,17.09844559585492,4782,3,0.0012836746938390434,23.236977981793224,4788.138532385939,0.0025640579713467324,0.004853029590648496,1.8927144568808312,0.03430668308799435,1774,115.19
21041,KY,5.786694825765576,10842,4,8.506617793153081e-4,15.009569837102147,10851.222875011337,0.0016998775377797136,0.001383214593413875,0.8137142603934596,0.02678621884916539,4042,88.1
21043,KY,36.787564766839374,26671,3,0.0012836746938390434,71.0244525262205,26705.23688775938,0.0025640579713467324,0.002659570211817716,1.0372504216122762,0.03430668308799435,10184,362.39
21045,KY,20.253431890179513,15942,4,8.506617793153081e-4,33.814681976024154,15955.561250085844,0.0016998775377797136,0.0021193038242914974,1.2467391192542112,0.02678621884916539,5926,197.9
21047,KY,102.07253886010362,72766,3,0.0012836746938390434,195.48041163199545,72859.40787277189,0.0025640579713467324,0.0026829810636581903,1.046380812618287,0.03430668308799435,28067,1007.55
21049,KY,43.523316062176164,36897,3,0.0012836746938390434,90.88706124075534,36944.363745178576,0.0025640579713467324,0.002460106279475893,0.9594581350997144,0.03430668308799435,13782,453.65
21051,KY,16.63674762407603,20322,4,8.506617793153081e-4,33.923896303321726,20339.287148679246,0.0016998775377797136,0.0016678999640124855,0.9811883073594846,0.02678621884916539,8542,224.5
21053,KY,30.018479408658923,9295,4,8.506617793153081e-4,37.92538064739471,9302.906901238735,0.0016998775377797136,0.004076723657456437,2.398245501132528,0.02678621884916539,3612,232.03
21055,KY,5.063357972544878,8979,4,8.506617793153081e-4,12.70145008901703,8986.638092116473,0.0016998775377797136,0.0014133706018671626,0.8314543668323481,0.02678621884916539,3532,78.66
21057,KY,2.893347412882788,5974,4,8.506617793153081e-4,7.975200882512438,5979.08185346963,0.0016998775377797136,0.0013338504268652002,0.7846744234337034,0.02678621884916539,2277,47.86
21059,KY,216.0621761658031,102916,3,0.0012836746938390434,348.1728409569421,103048.11066479114,0.0025640579713467324,0.003378740655319008,1.317731772477974,0.03430668308799435,37771,1707.51
21061,KY,9.32642487046632,12179,3,0.0012836746938390434,24.96029896673203,12194.633874096266,0.0025640579713467324,0.002046826434022958,0.7982761922297309,0.03430668308799435,4932,135.07
21063,KY,2.531678986272439,7378,4,8.506617793153081e-4,8.807861594060782,7384.2761826077885,0.0016998775377797136,0.0011927860464924062,0.7016893981965063,0.02678621884916539,3611,67.87
21065,KY,9.76504751847941,14138,4,8.506617793153081e-4,21.791703754439233,14150.02665623596,0.0016998775377797136,0.001540046834105119,0.9059751657855561,0.02678621884916539,5438,131.97
21067,KY,749.740932642487,321276,3,0.0012836746938390434,1162.1548035803194,321688.41387093783,0.0025640579713467324,0.0036126722426707563,1.4089666782273471,0.03430668308799435,124425,6014.33
21069,KY,7.595036958817318,15111,4,8.506617793153081e-4,20.44938710605094,15123.854350147234,0.0016998775377797136,0.0013521280113261511,0.7954267182636147,0.02678621884916539,5701,121.47
21071,KY,5.063357972544878,35780,4,8.506617793153081e-4,35.50003643644661,35810.4366784639,0.0016998775377797136,9.913321290995604e-4,0.5831785567296711,0.02678621884916539,13438,209.92
21073,KY,64.73864836325238,51475,4,8.506617793153081e-4,108.52646345350786,51518.787815090254,0.0016998775377797136,0.0021065414784801986,1.2392313161756623,0.02678621884916539,19477,646.53
21075,KY,0.723336853220697,6480,4,8.506617793153081e-4,6.235625183183894,6485.512288329963,0.0016998775377797136,9.614699511716728e-4,0.5656113042281222,0.02678621884916539,2559,38.77
21077,KY,2.8874700718276136,8720,2,0.001316614162945478,14.368345572712183,8731.480875500885,0.002629765938810684,0.0016455794586949647,0.6257513014406068,0.03776920561073565,3467,81.94
21079,KY,3.2550158394931366,17175,4,8.506617793153081e-4,17.865131899233553,17189.61011605974,0.0016998775377797136,0.0010392982609037011,0.6113959610650396,0.02678621884916539,6530,106.94
21081,KY,15.881085395051876,25085,2,0.001316614162945478,48.9083516725392,25118.027266277488,0.002629765938810684,0.0019471414356732424,0.7404238555747057,0.03776920561073565,9374,262.15
21083,KY,24.231784582893347,36701,4,8.506617793153081e-4,55.45192254554447,36732.22013796265,0.0016998775377797136,0.0015096262174535717,0.8880793962518984,0.02678621884916539,13677,325.35
21085,KY,19.53009503695882,26465,4,8.506617793153081e-4,42.04285902653845,26487.51276398958,0.0016998775377797136,0.0015872709303116125,0.9337560471472659,0.02678621884916539,9991,249.89
21087,KY,10.850052798310454,11198,4,8.506617793153081e-4,20.375763403083276,11207.525710604772,0.0016998775377797136,0.001818042976587004,1.0695140892099977,0.02678621884916539,4434,127.03
21089,KY,77.720207253886,35853,3,0.0012836746938390434,123.74379605209722,35899.02358879821,0.0025640579713467324,0.003446996148683825,1.3443518778451575,0.03430668308799435,13624,628.34
21091,KY,3.978352692713833,9058,4,8.506617793153081e-4,11.683647089751894,9065.705294397038,0.0016998775377797136,0.0012887742001687224,0.7581570857463346,0.02678621884916539,3437,69.8
21093,KY,285.49222797927456,111005,3,0.0012836746938390434,427.9865373688776,111147.4943093896,0.0025640579713467324,0.0038506179561505582,1.5017671203931788,0.03430668308799435,41494,2137.8
21095,KY,80.29039070749737,26589,4,8.506617793153081e-4,102.90863675771209,26611.618246050213,0.0016998775377797136,0.0038670567045649747,2.274903114265461,0.02678621884916539,9749,594.07
21097,KY,3.978352692713833,18803,4,8.506617793153081e-4,19.97334612917957,18818.994993436467,0.0016998775377797136,0.0010613396802616564,0.6243624359246018,0.02678621884916539,6966,116.5
21099,KY,0,19345,4,8.506617793153081e-4,16.456052120854636,19361.456052120855,0.0016998775377797136,8.499387688898553e-4,0.4999999999999991,0.02678621884916539,7185,96.23
21101,KY,27.486800422386484,44770,4,8.506617793153081e-4,65.57092828233283,44808.08412785995,0.0016998775377797136,0.001463372727457529,0.8608695008517531,0.02678621884916539,16678,384.59
21103,KY,14.918595371109337,15731,2,0.001316614162945478,35.63025276840465,15751.711657397296,0.002629765938810684,0.0022619924452255973,0.8601497235334133,0.03776920561073565,5961,193.66
21105,KY,1.446673706441394,4491,4,8.506617793153081e-4,5.266995757346443,4494.820322050905,0.0016998775377797136,0.0011717922808854812,0.6893392346462862,0.02678621884916539,1669,30.82
21107,KY,46.655227032734956,45223,4,8.506617793153081e-4,85.12470467871114,45261.46947764597,0.0016998775377797136,0.0018807322356326297,1.1063927805582623,0.02678621884916539,16921,501.47
21109,KY,1.0850052798310454,13002,4,8.506617793153081e-4,12.145309734488682,13013.060304454657,0.0016998775377797136,9.333169485375454e-4,0.5490495213888129,0.02678621884916539,4922,72.39
21111,KY,1500.486046511628,779232,1,0.00247692321944086,3430.5838806429683,781162.0978341313,0.004941606459101834,0.004391641491765521,0.888707250994594,0.065875644401241,291958,17092.44
21113,KY,190.67357512953367,53381,3,0.0012836746938390434,259.19741396135566,53449.523838831825,0.0025640579713467324,0.004849386773639415,1.8912937335392417,0.03430668308799435,19588,1270.95
21115,KY,33.27349524815206,22631,4,8.506617793153081e-4,52.5248219758368,22650.251326727684,0.0016998775377797136,0.0023189509563567895,1.364187069255398,0.02678621884916539,8678,317.11
21117,KY,288.74700718276137,169066,2,0.001316614162945478,511.3416972553016,169288.59469007255,0.002629765938810684,0.003020532471141647,1.1485936548815776,0.03776920561073565,63865,2770.56
21119,KY,7.23336853220697,14282,4,8.506617793153081e-4,19.3825200643882,14294.149151532181,0.0016998775377797136,0.0013559757813434176,0.7976902754503824,0.02678621884916539,5632,120.34
21121,KY,23.870116156283,30207,4,8.506617793153081e-4,49.566056524060514,30232.69594036778,0.0016998775377797136,0.0016394851660542168,0.9644725161764429,0.02678621884916539,11131,287.56
21123,KY,17.616580310880828,14902,3,0.0012836746938390434,36.74590059847025,14921.12932028759,0.0025640579713467324,0.002462675566286293,0.9604601743824108,0.03430668308799435,5658,186.43
21125,KY,56.42027455121436,62442,4,8.506617793153081e-4,109.53729737522083,62495.11702282401,0.0016998775377797136,0.001752733694941581,1.0310940970670777,0.02678621884916539,23567,650.9
21127,KY,12.43523316062176,16228,3,0.0012836746938390434,33.266706092241755,16248.83147293162,0.0025640579713467324,0.002047329135492582,0.7984722492125456,0.03430668308799435,5989,164.06
21129,KY,1.446673706441394,7338,4,8.506617793153081e-4,7.688829843057125,7344.242156136615,0.0016998775377797136,0.0010469194342444962,0.6158793271731354,0.02678621884916539,3342,55.13
21131,KY,0,10468,4,8.506617793153081e-4,8.9047275058726445,10476.904727505873,0.0016998775377797136,8.499387688898551e-4,0.499999999999999,0.02678621884916539,4064,54.43
21133,KY,56.42027455121436,21490,4,8.506617793153081e-4,74.70099618870033,21508.280721637486,0.0016998775377797136,0.0034731272645865453,2.0431632205240815,0.02678621884916539,8265,452.33
21135,KY,9.041710665258712,13063,4,8.506617793153081e-4,20.153905488454583,13074.112194823196,0.0016998775377797136,0.0015415123557249793,0.9068372994318272,0.02678621884916539,4984,121.07
21137,KY,3.978352692713833,24320,4,8.506617793153081e-4,24.666447165662127,24340.68809447295,0.0016998775377797136,0.0010133833139771898,0.5961507764264097,0.02678621884916539,8983,143.45
21139,KY,4.66321243523316,8980,3,0.0012836746938390434,16.19061118590777,8991.527398750675,0.0025640579713467324,0.001800651932413326,0.7022664668800608,0.03430668308799435,3438,82.83
21141,KY,3.616684266103485,27498,4,8.506617793153081e-4,27.008181873715824,27521.391497607612,0.0016998775377797136,9.813523373650493e-4,0.5773076680846302,0.02678621884916539,10213,157.93
21143,KY,11.573389651531151,8721,4,8.506617793153081e-4,18.992011028939952,8728.418621377408,0.0016998775377797136,0.002175882236265024,1.2800229357151467,0.02678621884916539,4321,148.15
21145,KY,202.59067357512953,67573,3,0.0012836746938390434,289.3324236619152,67659.74175008679,0.0025640579713467324,0.004276286254987724,1.6677806441098795,0.03430668308799435,25225,1443.27
21147,KY,4.340021119324182,16892,4,8.506617793153081e-4,18.709399895518366,16906.369378776195,0.0016998775377797136,0.001106648002084093,0.6510163099922691,0.02678621884916539,7325,127.74
21149,KY,9.32642487046632,9173,3,0.0012836746938390434,21.101572837051865,9184.775147966586,0.0025640579713467324,0.0022974512165083905,0.8960215573057769,0.03430668308799435,3485,107.13
21151,KY,145.75237592397045,92955,4,8.506617793153081e-4,224.82564162022493,93034.07326569625,0.0016998775377797136,0.0024165946274129564,1.421628660714806,0.02678621884916539,35495,1351.65
21153,KY,5.425026399155227,11647,4,8.506617793153081e-4,15.33268414284062,11656.907657743686,0.0016998775377797136,0.0013153303254191187,0.7737794612764463,0.02678621884916539,4536,94.02
21155,KY,35.081837381203805,19627,4,8.506617793153081e-4,51.77777612382536,19643.69593874262,0.0016998775377797136,0.0026358469549360992,1.5506099094520052,0.02678621884916539,7480,310.68
21157,KY,14.828405491024288,31706,4,8.506617793153081e-4,41.799487865995445,31732.97108237497,0.0016998775377797136,0.0013172257888329779,0.7748945200802322,0.02678621884916539,12395,257.28
21159,KY,4.7016895459345305,11298,4,8.506617793153081e-4,14.31246632863888,11307.610776782705,0.0016998775377797136,0.0012657374410185642,0.7446050747113234,0.02678621884916539,5147,102.66
21161,KY,14.828405491024288,17068,4,8.506617793153081e-4,29.347500740377967,17082.519095249354,0.0016998775377797136,0.001717984366166434,1.0106518428441442,0.02678621884916539,6414,173.64
21163,KY,71.2242617717478,29964,2,0.001316614162945478,110.67528855024611,30003.451026778497,0.002629765938810684,0.0036887519522826517,1.402692117136058,0.03776920561073565,11761,623.08
21165,KY,0,6174,4,8.506617793153081e-4,5.251985825492712,6179.251985825493,0.0016998775377797136,8.499387688898552e-4,0.49999999999999906,0.02678621884916539,2508,33.59
21167,KY,11.9350580781415,22662,4,8.506617793153081e-4,31.21275532098501,22681.277697242844,0.0016998775377797136,0.0013761462532059761,0.80955611367359,0.02678621884916539,8781,190.42
21169,KY,16.99841605068638,10313,4,8.506617793153081e-4,25.77129098076515,10321.772874930079,0.0016998775377797136,0.002496789194360153,1.4688053338367666,0.02678621884916539,3901,153.48
21171,KY,0,11331,4,8.506617793153081e-4,9.638848621421756,11340.638848621422,0.0016998775377797136,8.499387688898552e-4,0.49999999999999906,0.02678621884916539,4257,57.01
21173,KY,45.20855332629356,28188,4,8.506617793153081e-4,69.18700756163346,28211.97845423534,0.0016998775377797136,0.002452398284433211,1.442691152702917,0.02678621884916539,10262,396.57
21175,KY,1.446673706441394,13840,4,8.506617793153081e-4,13.219832732165258,13851.773159025724,0.0016998775377797136,9.543783731075109e-4,0.5614394871962761,0.02678621884916539,6567,98.76
21177,KY,21.33843717001056,30735,4,8.506617793153081e-4,47.483526957266555,30761.145089787256,0.0016998775377797136,0.001543620265717324,0.9080773358141526,0.02678621884916539,12306,299.33
21179,KY,5.2936951316839584,46779,2,0.001316614162945478,66.88358906011048,46840.58989392842,0.002629765938810684,0.0014278980946134513,0.5429753551600187,0.03776920561073565,17582,360.57
21181,KY,5.063357972544878,7613,4,8.506617793153081e-4,11.539446098472318,7619.476088125927,0.0016998775377797136,0.0015144671319928691,0.8909271981856897,0.02678621884916539,2944,70.26
21183,KY,31.465153115100318,23782,4,8.506617793153081e-4,51.695591550776975,23802.230438435676,0.0016998775377797136,0.002171880138900735,1.2776685911960017,0.02678621884916539,9099,311.4
21185,KY,36.09337589784517,67997,2,0.001316614162945478,125.61918913564884,68086.52581323781,0.002629765938810684,0.0018449933762257726,0.7015808323459287,0.03776920561073565,26919,713.3
21187,KY,4.340021119324182,11229,4,8.506617793153081e-4,13.892102239255777,11238.552081119931,0.0016998775377797136,0.001236111390415999,0.727176730642926,0.02678621884916539,4434,86.37
21189,KY,1.8083421330517424,4054,4,8.506617793153081e-4,5.256924986396001,4057.4485828533443,0.0016998775377797136,0.0012956233157486229,0.762186267512479,0.02678621884916539,1531,31.26
21191,KY,22.61851556264964,14638,2,0.001316614162945478,41.891113679845546,14657.272598117195,0.002629765938810684,0.0028580428861797033,1.0868050437493528,0.03776920561073565,5727,235.08
21193,KY,23.146779303062303,28136,4,8.506617793153081e-4,47.08099912587781,28159.934219822815,0.0016998775377797136,0.0016719143858203959,0.9835499020736272,0.02678621884916539,10467,275.76
21195,KY,14.828405491024288,58196,4,8.506617793153081e-4,64.33351840005795,58245.505112909035,0.0016998775377797136,0.001104523315152771,0.6497664041113447,0.02678621884916539,22812,397.04
21197,KY,4.340021119324182,13089,4,8.506617793153081e-4,15.47433314878225,13100.134312029459,0.0016998775377797136,0.0011812346942559693,0.6948939955985494,0.02678621884916539,5016,93.37
21199,KY,63.65364308342133,65145,4,8.506617793153081e-4,119.07000469691707,65200.4163616135,0.0016998775377797136,0.0018262154038485418,1.0743217456910712,0.02678621884916539,24654,709.47
21201,KY,0,2207,4,8.506617793153081e-4,1.8774105469488849,2208.877410546949,0.0016998775377797136,8.499387688898552e-4,0.49999999999999906,0.02678621884916539,787,10.54
21203,KY,0,16171,4,8.506617793153081e-4,13.756051633307846,16184.756051633309,0.0016998775377797136,8.499387688898551e-4,0.499999999999999,0.02678621884916539,6264,83.89
21205,KY,27.125131995776137,24551,4,8.506617793153081e-4,48.009729339746265,24571.88459734397,0.0016998775377797136,0.0019538480717484624,1.1494051943885741,0.02678621884916539,9590,295.26
21207,KY,5.425026399155227,18021,4,8.506617793153081e-4,20.754802324196394,18036.32977592504,0.0016998775377797136,0.001150722047226037,0.6769440866481751,0.02678621884916539,6770,122.76
21209,KY,74.09326424870466,57286,3,0.0012836746938390434,147.6298527599681,57359.53658851126,0.0025640579713467324,0.0025737629963617486,1.0037850255818976,0.03430668308799435,21319,734.15
21211,KY,61.599361532322426,48105,2,0.001316614162945478,124.93508584081465,48168.33572430849,0.002629765938810684,0.002593718133752445,0.9862923903126748,0.03776920561073565,17958,668.96
21213,KY,32.91182682154171,19574,4,8.506617793153081e-4,49.562680489859545,19590.650853668318,0.0016998775377797136,0.0025299149507622925,1.4882924766843664,0.02678621884916539,7484,298.36
21215,KY,41.38707102952913,19549,2,0.001316614162945478,67.12556130095028,19574.738490271422,0.002629765938810684,0.0034291932601966282,1.303991815236411,0.03776920561073565,7574,373.03
21217,KY,15.190073917634637,26056,4,8.506617793153081e-4,37.354917239474304,26078.16484332184,0.0016998775377797136,0.001432421240677917,0.8426614322752136,0.02678621884916539,9653,217.88
21219,KY,1.0850052798310454,12281,4,8.506617793153081e-4,11.531982591602345,12291.44697731177,0.0016998775377797136,9.382119625857487e-4,0.5519291488557402,0.02678621884916539,4547,67.22
21221,KY,5.699481865284974,14154,3,0.0012836746938390434,23.868613481882793,14172.169131616598,0.0025640579713467324,0.0016841891498905741,0.6568451917668536,0.03430668308799435,5446,122.72
21223,KY,1.8083421330517424,8510,4,8.506617793153081e-4,9.047473875025014,8517.239131741973,0.0016998775377797136,0.0010622542980279802,0.6249004851346164,0.02678621884916539,3323,55.62
21225,KY,6.148363252375924,13495,4,8.506617793153081e-4,17.628043964236007,13506.47968071186,0.0016998775377797136,0.0013051545910523236,0.7677933039559101,0.02678621884916539,5510,113.32
21227,KY,259.5854922279793,135307,3,0.0012836746938390434,433.2756640272587,135480.69017179927,0.0025640579713467324,0.0031980621258854967,1.2472659205149574,0.03430668308799435,51120,2187.4
21229,KY,2.170010559662091,12025,4,8.506617793153081e-4,12.39921845592867,12035.229207896267,0.0016998775377797136,0.0010302436490194629,0.6060693350681664,0.02678621884916539,4586,74.45
21231,KY,22.06177402323126,19666,4,8.506617793153081e-4,38.79088857524611,19682.729114552014,0.0016998775377797136,0.0019708084356333936,1.1593825977649868,0.02678621884916539,7663,237.98
21233,KY,10.850052798310454,12951,4,8.506617793153081e-4,21.86697350222301,12962.016920703913,0.0016998775377797136,0.0016870039312551297,0.9924267447280946,0.02678621884916539,4983,132.46
21235,KY,80.65205913410772,36648,4,8.506617793153081e-4,111.82711202245513,36679.17505288835,0.0016998775377797136,0.0030487902702612487,1.7935352415112271,0.02678621884916539,13244,636.27
21237,KY,2.531678986272439,6573,4,8.506617793153081e-4,8.12307886171196,6578.5913998754395,0.0016998775377797136,0.0012347747972105039,0.726390442704066,0.02678621884916539,2460,47.86
21239,KY,21.243523316062173,26886,3,0.0012836746938390434,55.75640113461869,26920.512877818557,0.0025640579713467324,0.002071149290047879,0.8077622710535048,0.03430668308799435,9960,276.01
22001,LA,77.12460063897764,57674,3,0.0012836746938390434,151.15925493145062,57748.034654292474,0.0025640579713467324,0.0026175653567495874,1.0208682432303786,0.03430668308799435,20603,721.57
22003,LA,1.7878260869565217,22798,4,8.506617793153081e-4,21.181213331786914,22817.39338724483,0.0016998775377797136,9.282924202738882e-4,0.5460937036007739,0.02678621884916539,10045,146.94
22005,LA,244.98402555910545,126973,3,0.0012836746938390434,407.9760524599303,127135.99202690083,0.0025640579713467324,0.0032089736820837193,1.251521501441816,0.03430668308799435,45657,1960.31
22007,LA,9.073482428115016,21067,3,0.0012836746938390434,36.11665720322214,21094.043174775106,0.0025640579713467324,0.0017121732853193137,0.6677591943913892,0.03430668308799435,7972,182.63
22009,LA,24.135652173913044,39529,4,8.506617793153081e-4,57.76146164846786,39562.62580947456,0.0016998775377797136,0.0014600007068953193,0.8588858164466905,0.02678621884916539,14957,344.11
22011,LA,38.43826086956522,36553,4,8.506617793153081e-4,69.53250088887768,36584.09424001931,0.0016998775377797136,0.001900621085018312,1.1180929465664913,0.02678621884916539,13968,418.33
22013,LA,15.196521739130434,12958,4,8.506617793153081e-4,26.219397075498197,12969.022875336368,0.0016998775377797136,0.002021694103521131,1.1893174999898855,0.02678621884916539,4807,153.14
22015,LA,95.27156549520767,128877,3,0.0012836746938390434,260.70770901310203,129042.4361435179,0.0025640579713467324,0.00202032538135865,0.7879406019425936,0.03430668308799435,47828,1292.87
22017,LA,244.07667731629394,236259,3,0.0012836746938390434,547.3563768080124,236562.27969949172,0.0025640579713467324,0.0023137939721553525,0.9023953428557107,0.03430668308799435,83941,2598.66
22019,LA,153.79552715654953,210770,3,0.0012836746938390434,424.35564237700464,211040.56011522046,0.0025640579713467324,0.0020107776540458475,0.7842169235314587,0.03430668308799435,76819,2066.73
22021,LA,36.203478260869566,9658,4,8.506617793153081e-4,44.419169725496815,9666.215691464628,0.0016998775377797136,0.004595300906094969,2.7033129175276343,0.02678621884916539,3905,282.77
22023,LA,0,5447,3,0.0012836746938390434,6.992176057341269,5453.992176057342,0.0025640579713467324,0.0012820289856733662,0.5,0.03430668308799435,2301,39.47
22025,LA,24.582608695652173,8895,4,8.506617793153081e-4,32.14924522266184,8902.56663652701,0.0016998775377797136,0.0036112333145313716,2.1244079260251687,0.02678621884916539,3669,208.78
22027,LA,20.11304347826087,14203,4,8.506617793153081e-4,32.19499272987619,14215.081949251615,0.0016998775377797136,0.0022648474940076702,1.332359210396938,0.02678621884916539,6355,226.8
22029,LA,45.14260869565217,18677,4,8.506617793153081e-4,61.03041874792418,18692.88781005227,0.0016998775377797136,0.0032649004994886087,1.9206680639789158,0.02678621884916539,7095,365.02
22031,LA,37.65495207667732,26821,3,0.0012836746938390434,72.0843910401343,26855.429438963456,0.0025640579713467324,0.002684164526356446,1.0468423710976509,0.03430668308799435,9720,349.08
22033,LA,676.8817891373802,454369,3,0.0012836746938390434,1260.1437761023326,454952.26198696496,0.0025640579713467324,0.0027698373684279815,1.0802553605966898,0.03430668308799435,166189,6158.96
22035,LA,11.17391304347826,7371,4,8.506617793153081e-4,17.444141018811397,7377.270227975333,0.0016998775377797136,0.0023645793741784733,1.3910292486522038,0.02678621884916539,3335,124.26
22037,LA,19.507987220447284,19452,3,0.0012836746938390434,44.47802736500435,19476.97004014456,0.0025640579713467324,0.002283621491090728,0.8906278705903402,0.03430668308799435,8955,273.62
22039,LA,4.022608695652174,32335,4,8.506617793153081e-4,31.52875732981266,32362.506148634162,0.0016998775377797136,9.742371985966639e-4,0.5731219908165613,0.02678621884916539,12236,187.84
22041,LA,0,19752,4,8.506617793153081e-4,16.802271465035965,19768.802271465036,0.0016998775377797136,8.499387688898552e-4,0.49999999999999906,0.02678621884916539,6954,93.14
22043,LA,29.488817891373802,22185,3,0.0012836746938390434,57.96714097419298,22213.478323082818,0.0025640579713467324,0.002609548136995603,1.0177414731481198,0.03430668308799435,10127,353.59
22045,LA,99.67130434782608,69958,4,8.506617793153081e-4,159.1819011051664,70017.51059675735,0.0016998775377797136,0.002273458449871516,1.337424843463125,0.02678621884916539,25420,910.66
22047,LA,4.9904153354632586,30210,3,0.0012836746938390434,43.77022783634076,30248.779812500878,0.0025640579713467324,0.0014470080481809018,0.5643429533774865,0.03430668308799435,12076,233.8
22049,LA,2.6817391304347824,15093,4,8.506617793153081e-4,15.520777365640729,15105.839038235206,0.0016998775377797136,0.0010274687375097305,0.604436916586211,0.02678621884916539,6018,97.43
22051,LA,514.9201277955272,436171,3,0.0012836746938390434,1074.8218026819964,436730.90167488647,0.0025640579713467324,0.002461061945834373,0.959830851461497,0.03430668308799435,163065,5369.5
22053,LA,34.02555910543131,32277,3,0.0012836746938390434,75.45872719847412,32318.433168093045,0.0025640579713467324,0.0023348510370537427,0.9106077409893341,0.03430668308799435,11788,368.26
22055,LA,410.1214057507987,243175,3,0.0012836746938390434,722.278999425108,243487.15759367432,0.0025640579713467324,0.00296639464094624,1.1569140300631293,0.03430668308799435,89692,3559.86
22057,LA,163.32268370607028,97220,3,0.0012836746938390434,288.1215374411021,97344.79885373503,0.0025640579713467324,0.0029598041275324606,1.1543436851304374,0.03430668308799435,36812,1457.82
22059,LA,6.7043478260869565,14764,4,8.506617793153081e-4,19.263518335898166,14776.55917050981,0.0016998775377797136,0.0013036538556515352,0.7669104548285849,0.02678621884916539,6298,129.38
22061,LA,24.135652173913044,48323,4,8.506617793153081e-4,65.24218133576667,48364.10652916185,0.0016998775377797136,0.001348979357169101,0.7935744353273022,0.02678621884916539,18805,399.74
22063,LA,97.53993610223642,143425,3,0.0012836746938390434,281.65097906610123,143609.11104296386,0.0025640579713467324,0.001961233357832283,0.7648943119652537,0.03430668308799435,52492,1377.44
22065,LA,3.128695652173913,10028,4,8.506617793153081e-4,11.659131975147822,10036.530436322973,0.0016998775377797136,0.0011616695678969427,0.6833842686186979,0.02678621884916539,3569,65.33
22067,LA,13.156549520766774,25438,3,0.0012836746938390434,45.81066638264436,25470.65411686188,0.0025640579713467324,0.0017985665453451054,0.7014531517789497,0.03430668308799435,9390,225.97
22069,LA,14.302608695652173,37478,4,8.506617793153081e-4,46.18371086083129,37509.88110216518,0.0016998775377797136,0.001231241195754295,0.7243117038669,0.02678621884916539,13749,266.75
22071,LA,822.5111821086263,380408,3,0.0012836746938390434,1310.831305042549,380896.32012293395,0.0025640579713467324,0.0034414386167329718,1.3421844026893857,0.03430668308799435,141804,6529.49
22073,LA,120.22364217252397,159585,3,0.0012836746938390434,325.0788681888277,159789.8552260163,0.0025640579713467324,0.002034414936599177,0.7934356240512892,0.03430668308799435,57053,1552.99
22075,LA,0,23305,3,0.0012836746938390434,29.916038739918907,23334.91603873992,0.0025640579713467324,0.0012820289856733662,0.5,0.03430668308799435,8934,153.25
22077,LA,0.9073482428115016,20652,3,0.0012836746938390434,27.417798019975425,20678.510449777164,0.0025640579713467324,0.0013259077865674259,0.5171130299643782,0.03430668308799435,7780,138.02
22079,LA,115.2332268370607,129536,3,0.0012836746938390434,281.51531197819503,129702.28208514114,0.0025640579713467324,0.002170473082296258,0.8464992237114866,0.03430668308799435,46395,1347.34
22081,LA,0,7631,4,8.506617793153081e-4,6.491400037955116,7637.491400037955,0.0016998775377797136,8.499387688898552e-4,0.49999999999999906,0.02678621884916539,2758,36.94
22083,LA,16.78594249201278,20028,3,0.0012836746938390434,42.49537926022114,20053.709436768208,0.0025640579713467324,0.0021190782380793066,0.8264548858722929,0.03430668308799435,7378,209.19
22085,LA,6.7043478260869565,22209,4,8.506617793153081e-4,25.596695282900633,22227.892347456815,0.0016998775377797136,0.0011515574613545966,0.6774355421265802,0.02678621884916539,8352,151.55
22087,LA,104.34504792332268,44038,3,0.0012836746938390434,160.8755140906065,44094.530466167285,0.0025640579713467324,0.0036484233393536767,1.422909848421796,0.03430668308799435,15861,774.26
22089,LA,63.060702875399365,52191,3,0.0012836746938390434,130.05696882155289,52257.99626594615,0.0025640579713467324,0.0024887477154631036,0.9706284894003105,0.03430668308799435,19338,643.94
22091,LA,0,10872,3,0.0012836746938390434,13.956111271418079,10885.956111271418,0.0025640579713467324,0.0012820289856733662,0.5,0.03430668308799435,4157,71.31
22093,LA,4.9904153354632586,20090,3,0.0012836746938390434,30.779439934689638,20115.789024599228,0.0025640579713467324,0.0015301134793693665,0.5967546352182114,0.03430668308799435,7462,152.77
22095,LA,30.849840255591054,41986,3,0.0012836746938390434,84.74620595111713,42039.896365695524,0.0025640579713467324,0.0020158519234664404,0.7861959230226159,0.03430668308799435,15187,409.62
22097,LA,88.94434782608695,82574,4,8.506617793153081e-4,159.1868935912692,82644.24254576518,0.0016998775377797136,0.0019261703984172602,1.1331230371648524,0.02678621884916539,28913,877.57
22099,LA,66.69009584664536,51856,3,0.0012836746938390434,133.2563307703628,51922.56623492372,0.0025640579713467324,0.002566443464435952,1.0009303584848226,0.03430668308799435,19228,660.26
22101,LA,24.582608695652173,49114,4,8.506617793153081e-4,66.36201132494422,49155.77940262929,0.0016998775377797136,0.0013500347696937258,0.79419531094990925,0.02678621884916539,18230,387.82
22103,LA,336.17252396166134,266168,3,0.0012836746938390434,677.8456498714118,266509.67312590976,0.0025640579713467324,0.0025434185630897176,0.9919504907893427,0.03430668308799435,98427,3349.52
22105,LA,101.16932907348243,133953,3,0.0012836746938390434,273.1214053373038,134124.9520762638,0.0025640579713467324,0.0020363206182694945,0.7941788528283344,0.03430668308799435,48922,1332.91
22107,LA,0,4127,4,8.506617793153081e-4,3.5106811632342767,4130.510681163234,0.0016998775377797136,8.499387688898553e-4,0.4999999999999991,0.02678621884916539,1543,20.67
22109,LA,191.45047923322684,108862,3,0.0012836746938390434,331.1938737539328,109001.7433945207,0.0025640579713467324,0.003038427308040481,1.1850072588041343,0.03430668308799435,39853,1620.17
22111,LA,14.971246006389777,21049,3,0.0012836746938390434,41.991314637007804,21076.02006863062,0.0025640579713467324,0.0019923740108554622,0.7770393778612572,0.03430668308799435,8051,214.62
22113,LA,25.405750798722046,57202,3,0.0012836746938390434,98.834510635703,57275.42875983698,0.0025640579713467324,0.0017256005371889653,0.672995913693254,0.03430668308799435,20549,474.44
22115,LA,33.07478260869565,48452,4,8.506617793153081e-4,74.29104714008096,48493.21626453139,0.0016998775377797136,0.001531988448339288,0.9012345973700475,0.02678621884916539,19117,461.5
22117,LA,64.80869565217391,45514,4,8.506617793153081e-4,103.52571587593084,45552.717020223754,0.0016998775377797136,0.002272657322064218,1.3369535578619611,0.02678621884916539,17528,627.71
22119,LA,18.772173913043478,36761,4,8.506617793153081e-4,50.04335158245352,36792.27117766941,0.0016998775377797136,0.0013601593481629554,0.800151374398135,0.02678621884916539,13431,287.87
22121,LA,15.878594249201278,27377,3,0.0012836746938390434,51.02175634243277,27412.14316209323,0.0025640579713467324,0.0018612830102605034,0.7259129984814239,0.03430668308799435,10386,258.65
22123,LA,10.72695652173913,9800,4,8.506617793153081e-4,19.06344195902915,9808.33648543729,0.0016998775377797136,0.001943595836799968,1.1433740334839566,0.02678621884916539,3659,112.06
22125,LA,2.722044728434505,15358,3,0.0012836746938390434,22.43672067641453,15377.71467594798,0.0025640579713467324,0.0014590412911944205,0.5690359997703489,0.03430668308799435,8984,175.38
22127,LA,11.17391304347826,13665,4,8.506617793153081e-4,22.798206257821946,13676.624293214343,0.0016998775377797136,0.0016669468846295117,0.9806276320391797,0.02678621884916539,5892,154.77
23001,ME,256.37142857142857,111532,3,0.0012836746938390434,399.5422345246848,111675.17080595325,0.0025640579713467324,0.0035777176935679754,1.3953341669918773,0.03430668308799435,42780,2047.85
23003,ME,59.559625876851136,67237,4,8.506617793153081e-4,116.75557193267451,67294.19594605583,0.0016998775377797136,0.001735002109636138,1.0206630013490867,0.02678621884916539,27113,741.26
23005,ME,963.41236673774,303357,3,0.0012836746938390434,1352.8240708366707,303746.4117040989,0.0025640579713467324,0.00445379441109103,1.7370100289705002,0.03430668308799435,119618,7128.16
23007,ME,19.98129384255651,29839,4,8.506617793153081e-4,45.364190675545984,29864.38289683299,0.0016998775377797136,0.0015190064643979867,0.8935975860837772,0.02678621884916539,12055,288.55
23009,ME,94.91114575214343,55851,4,8.506617793153081e-4,142.4214567886827,55898.51031103654,0.0016998775377797136,0.002547857822976065,1.4988478677728376,0.02678621884916539,22623,908.28
23011,ME,213.2618862042089,124003,4,8.506617793153081e-4,318.7464988246451,124108.48461262044,0.0016998775377797136,0.002568289346369411,1.5108672767827553,0.02678621884916539,48780,1974.15
23013,ME,63.402182385035076,40729,4,8.506617793153081e-4,98.04878599476825,40763.64660360973,0.0016998775377797136,0.0024052996766507576,1.4149840933791193,0.02678621884916539,16665,631.64
23015,ME,28.050662509742793,35466,4,8.506617793153081e-4,58.22023317493951,35496.169570665195,0.0016998775377797136,0.0016401835431576813,0.9648833558327965,0.02678621884916539,14270,368.82
23017,ME,61.8651597817615,58276,4,8.506617793153081e-4,111.4383256331404,58325.573165851376,0.0016998775377797136,0.0019106254698305412,1.1239783027700307,0.02678621884916539,23817,717.06
23019,ME,205.35223880597016,152640,3,0.0012836746938390434,401.2923440735617,152835.9401052676,0.0025640579713467324,0.0026256412189251217,1.0240178842547947,0.03430668308799435,62005,2178.28
23021,ME,19.98129384255651,16936,4,8.506617793153081e-4,34.38810173704057,16950.406807894484,0.0016998775377797136,0.0020287478717634466,1.1934670743477707,0.02678621884916539,7105,227.14
23023,ME,77.8042643923241,36868,3,0.0012836746938390434,125.13078300478196,36915.326518612455,0.0025640579713467324,0.00338967022116659,1.3219943772902363,0.03430668308799435,14725,667.83
23025,ME,80.69368667186282,50656,4,8.506617793153081e-4,123.78480976485906,50699.091123093,0.0016998775377797136,0.00244155875426485,1.4363144991337904,0.02678621884916539,20468,787.47
23027,ME,62.63367108339829,39772,4,8.506617793153081e-4,96.46619137032673,39805.83252028693,0.0016998775377797136,0.0024234185108718176,1.425642998987535,0.02678621884916539,16079,614.02
23029,ME,33.43024162120032,31096,4,8.506617793153081e-4,59.882420310789136,31122.45217868959,0.0016998775377797136,0.0019240906843385657,1.1318995878089588,0.02678621884916539,12410,376.26
23031,ME,534.4260127931769,212691,3,0.0012836746938390434,807.4520671004968,212964.02605430732,0.0025640579713467324,0.0037914951274192706,1.4787088161769781,0.03430668308799435,84691,4296.34
24001,MD,104.05839416058394,68161,4,8.506617793153081e-4,162.04035170049465,68218.98195753992,0.0016998775377797136,0.0023752971247995164,1.3973342620327807,0.02678621884916539,29586,1107.38
24003,MD,931.9788300835655,588109,2,0.001316614162945478,1706.2914688392677,588883.3126387557,0.002629765938810684,0.0028975035159231528,1.1018104209051978,0.03776920561073565,224788,9354.44
24005,MD,1352.8211699164347,850737,2,0.001316614162945478,2472.9135530581816,851857.0923831417,0.002629765938810684,0.0029029676164813024,1.1038882105964816,0.03776920561073565,311728,12996.87
24009,MD,105.02043795620438,93244,3,0.0012836746938390434,224.71540110853215,93363.69496315233,0.0025640579713467324,0.0024068820455019494,0.9387003228471357,0.03430668308799435,35485,1142.75
24011,MD,18.78832116788321,33320,4,8.506617793153081e-4,47.13237165466928,33348.34405048678,0.0016998775377797136,0.0014133346946197554,0.8314332434004483,0.02678621884916539,12442,277.1
24013,MD,135.24233983286908,173225,2,0.001316614162945478,363.3128282090995,173453.07048837622,0.002629765938810684,0.002094588623805576,0.7964924151207377,0.03776920561073565,67092,2018.32
24015,MD,105.40947075208915,103876,2,0.001316614162945478,242.17408354221362,104012.76461279012,0.002629765938810684,0.0023283111879946533,0.8853682198985495,0.03776920561073565,39979,1336.88
24017,MD,149.95988857938718,167035,2,0.001316614162945478,369.88053528698515,167254.9206467076,0.002629765938810684,0.002211477748199011,0.8409409048773197,0.03776920561073565,60699,1927.9
24019,MD,36.613138686131386,32557,4,8.506617793153081e-4,64.30813423529987,32584.69499554917,0.0016998775377797136,0.001973568702855248,1.1610064013393664,0.02678621884916539,11857,368.74
24021,MD,317.81949860724234,273829,2,0.001316614162945478,678.3466382324397,274189.5271396252,0.002629765938810684,0.0024740063754769377,0.940770560210317,0.03776920561073565,103660,3683.26
24023,MD,66.96350364963504,28856,4,8.506617793153081e-4,91.51019995355757,28880.54669630392,0.0016998775377797136,0.0031685757515548998,1.8640023655430609,0.02678621884916539,11784,588.37
24025,MD,321.79721448467967,261059,2,0.001316614162945478,665.5111912490632,261402.71397676438,0.002629765938810684,0.002545923036239858,0.9681177319496563,0.03776920561073565,98856,3614.67
24027,MD,307.87520891364903,332011,2,0.001316614162945478,745.0055937673401,332448.1303848537,0.002629765938810684,0.0022409679155208223,0.8521548942619219,0.03776920561073565,123134,3963.09
24029,MD,41.91240875912409,19289,4,8.506617793153081e-4,58.32082382033707,19305.408415061214,0.0016998775377797136,0.00302095778376995,1.7771620111621445,0.02678621884916539,7572,360.45
24031,MD,1229.9097493036213,1056910,2,0.001316614162945478,2621.4524242623265,1058301.5426749587,0.002629765938810684,0.002477037326843873,0.9419231157751312,0.03776920561073565,391275,13919.88
24033,MD,1322.590529247911,957189,2,0.001316614162945478,2582.8391232635304,958449.2485940156,0.002629765938810684,0.002694810525494586,1.024733983250737,0.03776920561073565,355965,13777.05
24035,MD,46.539275766016715,50316,2,0.001316614162945478,112.7860339887814,50382.24675822276,0.002629765938810684,0.0022386066768722234,0.851257004980693,0.03776920561073565,19608,630.42
24037,MD,101.5051094890511,113814,3,0.0012836746938390434,247.60526109364798,113960.1001516046,0.0025640579713467324,0.0021727364293665165,0.8473819444204375,0.03430668308799435,43435,1262.69
24039,MD,6.151824817518248,24672,3,0.0012836746938390434,37.822646863915125,24703.670822046395,0.0025640579713467324,0.0015310537100486664,0.5971213315604186,0.03430668308799435,11401,233.55
24041,MD,51.065693430656935,37663,4,8.506617793153081e-4,83.10416802500939,37695.03847459435,0.0016998775377797136,0.0022046447327814726,1.2969432701964272,0.02678621884916539,14386,499.77
24043,MD,174.8875912408759,154645,3,0.0012836746938390434,373.40146426961473,154843.51387302874,0.0025640579713467324,0.0024114763022996424,0.9404921141595918,0.03430668308799435,61660,1989.47
24045,MD,137.97664233576643,103815,3,0.0012836746938390434,271.24133067666673,103948.2646883409,0.0025640579713467324,0.002609387770829135,1.0176789292554855,0.03430668308799435,37921,1323.94
24047,MD,73.22627737226277,52827,4,8.506617793153081e-4,118.16418718815255,52871.93790981589,0.0016998775377797136,0.002234913110045374,1.3147494806975888,0.02678621884916539,21126,744
24510,MD,1833.2314540059347,584548,1,0.00247692321944086,3281.1119680836505,585995.8805140777,0.004941606459101834,0.005599206542553205,1.1330741508644728,0.065875644401241,212433,15856.42
25001,MA,745.8773090079817,229436,3,0.0012836746938390434,1040.3984960636365,229730.52118705565,0.0025640579713467324,0.004528777851056643,1.766254079145477,0.03430668308799435,93449,5662.48
25003,MA,275.4262257696693,128763,3,0.0012836746938390434,440.7160303724661,128928.2898046028,0.0025640579713467324,0.0034183035471919546,1.3331615686507052,0.03430668308799435,52125,2384.01
25005,MA,1057.2219072457194,576699,2,0.001316614162945478,1816.5119784022136,577458.2900711565,0.002629765938810684,0.0031457024855914297,1.1961910522782413,0.03776920561073565,221357,10000.73
25007,MA,20.327102803738317,20543,4,8.506617793153081e-4,37.80224773621269,20560.475144932476,0.0016998775377797136,0.0018385882363973374,1.0816004068144816,0.02678621884916539,8279,239.86
25009,MA,1644.5674112711192,806103,2,0.001316614162945478,2705.894037863958,807164.3266265928,0.002629765938810684,0.0033523459209016163,1.2747696939210187,0.03776920561073565,305408,14704.49
25011,MA,106.77570093457943,70980,4,8.506617793153081e-4,167.15567403038,71040.3799730958,0.0016998775377797136,0.0023529670603350474,1.384197983702028,0.02678621884916539,28725,1065.05
25013,MA,772.6777651083238,464575,3,0.0012836746938390434,1369.0409359985974,465171.36317089025,0.0025640579713467324,0.002943089459906525,1.1478248513861455,0.03430668308799435,175460,6909.28
25015,MA,528.1751425313569,153931,3,0.0012836746938390434,725.7724718286946,154128.59732929734,0.0025640579713467324,0.004708876122956431,1.8364936267346428,0.03430668308799435,60771,3828.82
25017,MA,3189.023698832067,1623109,2,0.001316614162945478,5326.031996236339,1625246.0082974043,0.002629765938810684,0.0032770620380208476,1.2461420956356686,0.03776920561073565,639887,30116.79
25019,MA,70.32710280373831,14065,4,8.506617793153081e-4,82.29166072980811,14076.96455792607,0.0016998775377797136,0.00584583845410576,3.4389762345711516,0.02678621884916539,5800,534.28
25021,MA,1052.377820614582,722112,2,0.001316614162945478,2003.120707047467,723062.7428864329,0.002629765938810684,0.0027703276468804107,1.053450273271581,0.03776920561073565,274585,10925.18
25023,MA,707.6403220319764,529548,2,0.001316614162945478,1404.8507187914283,530245.2103967594,0.002629765938810684,0.0026494359425523893,1.00747975454827,0.03776920561073565,202145,7691.96
25025,MA,3077.5462101063827,785443,1,0.00247692321944086,5023.02821435367,787388.4820042473,0.004941606459101834,0.006379351907165153,1.2909469744226936,0.065875644401241,315281,26812.12
25027,MA,1153.2442417331813,858898,3,0.0012836746938390434,2255.789868922148,860000.545627189,0.0025640579713467324,0.0026230098113217185,1.022991617441482,0.03430668308799435,335168,11762.87
26001,MI,10.780361757105943,10238,4,8.506617793153081e-4,19.48943705373607,10246.70907529663,0.0016998775377797136,0.0019020191663997128,1.1189154066263065,0.02678621884916539,4532,135.83
26003,MI,5.775193798449612,8866,4,8.506617793153081e-4,13.317161133859134,8873.54196733541,0.0016998775377797136,0.0015007717530250296,0.8828705125342471,0.02678621884916539,4182,98.9
26005,MI,131.67441860465115,120189,4,8.506617793153081e-4,233.9146071987787,120291.24018859412,0.0016998775377797136,0.0019445689214945695,1.1439464774824064,0.02678621884916539,45967,1408.52
26007,MI,30.416020671834627,28911,4,8.506617793153081e-4,55.009503373619495,28935.593482701785,0.0016998775377797136,0.0019011016105995946,1.1183756290366123,0.02678621884916539,11634,348.52
26009,MI,33.88113695090439,23662,4,8.506617793153081e-4,54.00949597306321,23682.128359022157,0.0016998775377797136,0.002280601437264285,1.3416269034551047,0.02678621884916539,9742,350.1
26011,MI,10.010335917312661,15031,4,8.506617793153081e-4,22.796633122201058,15043.786297204888,0.0016998775377797136,0.0015153520976588612,0.8914478037271618,0.02678621884916539,6275,149.84
26013,MI,0.7700258397932817,8245,4,8.506617793153081e-4,7.783732210247996,8252.013706370455,0.0016998775377797136,9.432524577896725e-4,0.5548943596382224,0.02678621884916539,3895,57.89
26015,MI,34.076458752515094,62581,2,0.001316614162945478,116.47148968380606,62663.39503093129,0.002629765938810684,0.0018586846375992642,0.7067870984897832,0.03776920561073565,24561,655.65
26017,MI,143.81399808245445,103752,3,0.0012836746938390434,276.99781491764287,103885.18381683518,0.0025640579713467324,0.0026663842209302016,1.0399079313833626,0.03430668308799435,40774,1454.64
26019,MI,38.8686481303931,18058,3,0.0012836746938390434,62.04924575173854,18081.180597621347,0.0025640579713467324,0.003431703224063885,1.3383875335164264,0.03430668308799435,7418,340.6
26021,MI,198.23010546500478,153938,3,0.0012836746938390434,395.8364204851994,154135.60631502018,0.0025640579713467324,0.0025681049950015736,1.0015783666750389,0.03430668308799435,58891,2023.54
26023,MI,15.785529715762275,44795,4,8.506617793153081e-4,53.8909241201915,44833.10539440443,0.0016998775377797136,0.001202034158600077,0.7071298560542825,0.02678621884916539,17899,339.03
26025,MI,101.05848513902205,134011,3,0.0012836746938390434,273.0850145350861,134183.02652939607,0.0025640579713467324,0.0020351680953869388,0.7937293610869484,0.03430668308799435,50218,1367.45
26027,MI,61.41246404602109,51604,3,0.0012836746938390434,127.65521294689108,51670.24274890087,0.0025640579713467324,0.002470575057431999,0.963541029508926,0.03430668308799435,20577,680.19
26029,MI,43.50645994832041,26174,4,8.506617793153081e-4,65.77168136011929,26196.2652214118,0.0016998775377797136,0.0025107274187451765,1.477004880024799,0.02678621884916539,10691,422.97
26031,MI,38.88630490956072,25709,4,8.506617793153081e-4,60.755968593977975,25730.869663684418,0.0016998775377797136,0.0023612092940537748,1.3890467057632023,0.02678621884916539,10904,405.71
26033,MI,28.10594315245478,36670,4,8.506617793153081e-4,59.29971059994713,36701.19376744749,0.0016998775377797136,0.001615743372700417,0.9505057492616862,0.02678621884916539,16468,419.28
26035,MI,20.790697674418606,30998,4,8.506617793153081e-4,47.15951150963453,31024.368813835215,0.0016998775377797136,0.0015200796442506157,0.8942289138287338,0.02678621884916539,12521,299.92
26037,MI,48.19712368168744,79249,3,0.0012836746938390434,149.92705949373777,79350.72993581205,0.0025640579713467324,0.0018894225625273508,0.7368876147269636,0.03430668308799435,30597,773.5
26039,MI,3.0801033591731266,13197,4,8.506617793153081e-4,14.306286860797247,13208.226183501623,0.0016998775377797136,0.0010831346058161246,0.6371839039833748,0.02678621884916539,5491,93.72
26041,MI,8.855297157622738,36839,4,8.506617793153081e-4,40.19282644581937,36870.3375292882,0.0016998775377797136,0.0010901127881970684,0.6412890128667231,0.02678621884916539,14847,255.04
26043,MI,26.565891472868216,25937,4,8.506617793153081e-4,48.62950604296936,25959.063614570103,0.0016998775377797136,0.0018733151073937416,1.102029449627626,0.02678621884916539,10563,311.81
26045,MI,140.70450623202302,109072,3,0.0012836746938390434,280.71747243843515,109212.01296620641,0.0025640579713467324,0.002570390058878393,1.0024695570858466,0.03430668308799435,42471,1460.64
26047,MI,25.025839793281655,34072,4,8.506617793153081e-4,54.00958793811283,34100.983748144834,0.0016998775377797136,0.0015838131925168014,0.9317219372081891,0.02678621884916539,13786,344.06
26049,MI,595.8563758389262,405280,3,0.0012836746938390434,1116.1040557580136,405800.24767991906,0.0025640579713467324,0.0027503779559995664,1.072666057762716,0.03430668308799435,150506,5538.56
26051,MI,23.48578811369509,25461,4,8.506617793153081e-4,45.14448767684215,25482.658699563148,0.0016998775377797136,0.0017715768283478232,1.042179091713724,0.02678621884916539,10288,287.2
26053,MI,10.780361757105943,14597,4,8.506617793153081e-4,23.197471749771495,14609.417109992666,0.0016998775377797136,0.0015878437568809438,0.9340930282277262,0.02678621884916539,6360,159.13
26055,MI,120.10412272291467,95315,3,0.0012836746938390434,242.4575761661831,95437.35345344327,0.0025640579713467324,0.002540489309402947,0.9908080619833232,0.03430668308799435,37519,1275.32
26057,MI,13.47545219638243,41534,4,8.506617793153081e-4,48.80683853846443,41569.331386342084,0.0016998775377797136,0.0011741068934897588,0.6907008695598816,0.02678621884916539,18278,338.17
26059,MI,16.940568475452196,45698,4,8.506617793153081e-4,55.81411046660315,45736.87354199115,0.0016998775377797136,0.001220330690408037,0.717893297185376,0.02678621884916539,17938,344.94
26061,MI,24.25581395348837,37414,4,8.506617793153081e-4,56.0824737647913,37445.826659811304,0.0016998775377797136,0.001497696239270951,0.8810612564638975,0.02678621884916539,16698,394.08
26063,MI,15.015503875968992,31461,4,8.506617793153081e-4,41.7781741150079,31487.762670239037,0.0016998775377797136,0.0013268066884439187,0.7805307493955832,0.02678621884916539,12742,266.4
26065,MI,367.69741131351867,282540,3,0.0012836746938390434,730.386859310802,282902.68944799725,0.0025640579713467324,0.0025817600417159014,1.0069039275113858,0.03430668308799435,110181,3806.04
26067,MI,40.14486921529175,66663,2,0.001316614162945478,127.91431915972616,66750.76944994443,0.002629765938810684,0.0019162972983502087,0.7286950028780345,0.03776920561073565,28959,797.02
26069,MI,18.8656330749354,25319,4,8.506617793153081e-4,40.40353866541969,25340.537905590485,0.0016998775377797136,0.0015944230866743398,0.937963501039544,0.02678621884916539,10546,264.96
26071,MI,11.550387596899224,11585,4,8.506617793153081e-4,21.40530431026707,11594.854916713368,0.0016998775377797136,0.0018461036782282166,1.086021573436105,0.02678621884916539,4878,141.9
26073,MI,40.041343669250644,64938,4,8.506617793153081e-4,95.28161829442811,64993.240274625176,0.0016998775377797136,0.0014660235109346933,0.8624288975837239,0.02678621884916539,26036,601.46
26075,MI,114.66251198465963,160637,3,0.0012836746938390434,320.86816377888204,160843.2056517942,0.0025640579713467324,0.0019949127628898556,0.7780295083742034,0.03430668308799435,65301,1742.99
26077,MI,347.48571428571427,261426,3,0.0012836746938390434,683.07165479728,261761.58594051158,0.0025640579713467324,0.0026095183231068754,1.017729845529298,0.03430668308799435,99824,3485.35
26079,MI,14.381399808245446,17934,3,0.0012836746938390434,37.40282176755485,17957.02142195931,0.0025640579713467324,0.0020829078992920078,0.8123482084135532,0.03430668308799435,7260,202.33
26081,MI,995.4051922444955,657321,1,0.00247692321944086,2623.538839770581,658949.133647526,0.004941606459101834,0.0039813981167989825,0.8056890304297167,0.065875644401241,246905,13104.55
26083,MI,1.1550387596899225,2088,4,8.506617793153081e-4,2.931220554900286,2089.7761817952105,0.0016998775377797136,0.0014026480828115465,0.8251465482881832,0.02678621884916539,934,20.64
26085,MI,3.4651162790697674,12285,4,8.506617793153081e-4,13.915496237958326,12295.45037995889,0.0016998775377797136,0.0011317597817026735,0.6657890092370512,0.02678621884916539,5794,103.33
26087,MI,98.96177062374245,88687,2,0.001316614162945478,215.72833089288807,88803.76656026914,0.002629765938810684,0.00242927005518936,0.9237590385279691,0.03776920561073565,36311,1266.88
26089,MI,7.7737296260786195,22426,3,0.0012836746938390434,36.561418310113005,22454.787688684035,0.0025640579713467324,0.0016282237363810805,0.6350183009028773,0.03430668308799435,9350,203.69
26091,MI,43.12144702842377,99263,4,8.506617793153081e-4,127.5606872285992,99347.43924020017,0.0016998775377797136,0.0012839856588571512,0.7553400938130064,0.02678621884916539,39917,807.63
26093,MI,150.30985915492957,194302,2,0.001316614162945478,406.13062424356184,194557.82076508863,0.002629765938810684,0.0020874546324916366,0.7937796294660701,0.03776920561073565,77629,2327.35
26095,MI,0.7700258397932817,5442,4,8.506617793153081e-4,5.399327242827188,5446.629301403034,0.0016998775377797136,9.913153519436944e-4,0.5831686871034816,0.02678621884916539,2315,36.16
26097,MI,20.020671834625322,10843,4,8.506617793153081e-4,29.24439750774121,10852.223725673115,0.0016998775377797136,0.0026947838753598225,1.585281183772568,0.02678621884916539,4728,200.77
26099,MI,856.112676056338,878453,2,0.001316614162945478,2012.6963373382823,879609.583661282,0.002629765938810684,0.0022881700867339876,0.870104085296966,0.03776920561073565,337406,11088.22
26101,MI,28.875968992248062,25058,4,8.506617793153081e-4,50.19185185833105,25079.31588286608,0.0016998775377797136,0.0020013246012273236,1.177334576607997,0.02678621884916539,10855,342.33
26103,MI,100.10335917312662,66376,4,8.506617793153081e-4,156.56688543695952,66432.46352626383,0.0016998775377797136,0.0023567827704456777,1.3864426807615668,0.02678621884916539,27754,1030.72
26105,MI,8.855297157622738,29178,4,8.506617793153081e-4,33.6759065544848,29202.820609396862,0.0016998775377797136,0.0011531730788925433,0.6783859738500659,0.02678621884916539,11527,209.46
26107,MI,28.49095607235142,40128,4,8.506617793153081e-4,62.62631195271611,40162.13535588037,0.0016998775377797136,0.0015593372064950882,0.9173232611402163,0.02678621884916539,16223,398.63
26109,MI,12.320413436692506,23433,4,8.506617793153081e-4,32.25397091138812,23452.933557474695,0.0016998775377797136,0.001375263816457982,0.8090369958381095,0.02678621884916539,9893,214.39
26111,MI,84.34496644295302,83503,3,0.0012836746938390434,191.53565440259467,83610.19068795964,0.0025640579713467324,0.002290817098090615,0.8934342061257681,0.03430668308799435,32482,995.6
26113,MI,8.855297157622738,15089,4,8.506617793153081e-4,21.69093274571142,15101.835635588088,0.0016998775377797136,0.0014363110067623739,0.8449496948106063,0.02678621884916539,5906,133.67
26115,MI,214.16625119846597,154823,3,0.0012836746938390434,412.9086183227082,155021.74236712424,0.0025640579713467324,0.0026635529443660446,1.0388037143197093,0.03430668308799435,60646,2161.3
26117,MI,91.95975855130784,66901,2,0.001316614162945478,180.04256266652328,66989.08280411521,0.002629765938810684,0.0026876403606389287,1.0220074421735108,0.03776920561073565,28775,1110.73
26119,MI,4.62015503875969,9261,4,8.506617793153081e-4,12.49813377699876,9268.87797873824,0.0016998775377797136,0.001348397703116609,0.7932322612356016,0.02678621884916539,3980,84.57
26121,MI,130.5986577181208,175947,3,0.0012836746938390434,356.45736907501896,176172.8587113569,0.0025640579713467324,0.002023338734935565,0.7891158302761919,0.03430668308799435,68081,1843.09
26123,MI,22.71576227390181,50130,4,8.506617793153081e-4,65.3594372709782,50172.643674997074,0.0016998775377797136,0.001302690719156768,0.7663438631339707,0.02678621884916539,19790,406.24
26125,MI,1736.9657947686117,1272264,2,0.001316614162945478,3412.0465961742775,1273939.0808014057,0.002629765938810684,0.0026783436096707524,1.0184722412527851,0.03776920561073565,495809,19072.23
26127,MI,11.935400516795866,26707,4,8.506617793153081e-4,34.654024656969796,26729.718624140172,0.0016998775377797136,0.0012964605106494842,0.7626787705794674,0.02678621884916539,10701,218.61
26129,MI,21.560723514211887,20820,4,8.506617793153081e-4,39.2715017595566,20837.710778245346,0.0016998775377797136,0.0018846360897069464,1.1086893307435277,0.02678621884916539,8586,254.98
26131,MI,0.3850129198966408,5862,4,8.506617793153081e-4,5.371592270242977,5866.986579350346,0.0016998775377797136,9.155623926512844e-4,0.5386049125910221,0.02678621884916539,2653,38.28
26133,MI,10.010335917312661,23022,4,8.506617793153081e-4,29.594271400709687,23041.5839354834,0.0016998775377797136,0.0012843852872082865,0.755575186248934,0.02678621884916539,9024,182.64
26135,MI,1.925064599483204,8264,4,8.506617793153081e-4,8.95493354374491,8271.029868944262,0.0016998775377797136,0.0010826866406768209,0.6369203760942488,0.02678621884916539,3375,57.58
26137,MI,28.10594315245478,25221,4,8.506617793153081e-4,49.56048388856617,25242.45454073611,0.0016998775377797136,0.0019633781575633135,1.1550115310822742,0.02678621884916539,10050,310.93
26139,MI,381.8430583501006,296183,2,0.001316614162945478,771.8017909737812,296572.95873262367,0.002629765938810684,0.0026024010896745367,0.9895941883145223,0.03776920561073565,111639,4172.64
26141,MI,11.165374677002584,13083,4,8.506617793153081e-4,22.294582735784758,13094.129208058783,0.0016998775377797136,0.0017026395861485433,1.0016248513833752,0.02678621884916539,5551,148.93
26143,MI,48.89664082687339,23556,4,8.506617793153081e-4,68.93482970042479,23576.03818887355,0.0016998775377797136,0.0029239361231166404,1.7200863345342658,0.02678621884916539,10150,467.66
26145,MI,153.53116011505273,189821,3,0.0012836746938390434,397.1995741742738,190064.6684140592,0.0025640579713467324,0.00208981278576704,0.8150411609724243,0.03430668308799435,71794,2007.46
26147,MI,178.784708249497,160257,2,0.001316614162945478,389.78134416065046,160467.99663591114,0.002629765938810684,0.0024290285435857512,0.9236672008476478,0.03776920561073565,63295,2208.12
26149,MI,52.746770025839794,60887,4,8.506617793153081e-4,104.54101378301095,60938.79424375717,0.0016998775377797136,0.0017155084061040572,1.009195290823573,0.02678621884916539,23061,623.4
26151,MI,16.940568475452196,40759,4,8.506617793153081e-4,51.612691938564836,40793.67212346311,0.0016998775377797136,0.0012652131875345197,0.74429666809238,0.02678621884916539,16183,322.64
26153,MI,8.855297157622738,8062,4,8.506617793153081e-4,15.713332422462752,8068.85803526484,0.0016998775377797136,0.0019474047447343647,1.1456147289750986,0.02678621884916539,3330,102.19
26155,MI,75.4625322997416,68124,4,8.506617793153081e-4,133.41301535381763,68181.95048305408,0.0016998775377797136,0.0019567204283335374,1.151094937632565,0.02678621884916539,26659,821.99
26157,MI,28.875968992248062,53218,4,8.506617793153081e-4,74.14648756385013,53263.270518571604,0.0016998775377797136,0.0013920753803129129,0.8189268634793334,0.02678621884916539,21308,467.41
26159,MI,68.14728682170542,75636,4,8.506617793153081e-4,132.48794116199807,75700.3406543403,0.0016998775377797136,0.0017501630774286593,1.0295818601818962,0.02678621884916539,28935,797.99
26161,MI,640.1666347075743,370231,3,0.0012836746938390434,1115.4228002822972,370706.2561655747,0.0025640579713467324,0.0030089128028745683,1.173496401602099,0.03430668308799435,150549,6060.92
26163,MI,2054.9346040092014,1781641,1,0.00247692321944086,6467.922565617035,1786053.9879616078,0.004941606459101834,0.0036213477359655637,0.7328280319238057,0.065875644401241,649362,31348.29
26165,MI,23.870801033591732,33766,4,8.506617793153081e-4,52.594246673952426,33794.72344564036,0.0016998775377797136,0.0015562857544477783,0.9155281600347005,0.02678621884916539,13059,320.25
27001,MN,15.510584250635056,15859,4,8.506617793153081e-4,29.001229408796526,15872.490645158161,0.0016998775377797136,0.0018271379115692365,1.0748644363850723,0.02678621884916539,6698,192.85
27003,MN,233.80555555555554,363985,2,0.001316614162945478,713.0333616552654,364464.2278060997,0.002629765938810684,0.001956387780351957,0.7439398889000504,0.03776920561073565,139613,3922.85
27005,MN,22.00338696020322,35202,4,8.506617793153081e-4,51.948382915660694,35231.944995955455,0.0016998775377797136,0.0014744682112107137,0.8673967261998078,0.02678621884916539,13452,312.55
27007,MN,26.331922099915325,46274,4,8.506617793153081e-4,65.6954452759519,46313.363523176035,0.0016998775377797136,0.0014184986854404718,0.8344711038968352,0.02678621884916539,17310,386.92
27009,MN,30.20338983050847,41300,3,0.0012836746938390434,83.21915468606096,41353.015764855554,0.0025640579713467324,0.002012408361200731,0.7848529103824217,0.03430668308799435,15423,415.28
27011,MN,9.739204064352244,5161,4,8.506617793153081e-4,14.129469507398548,5165.390265443047,0.0016998775377797136,0.0027354118045883283,1.6091816873827114,0.02678621884916539,2043,88.06
27013,MN,44.96186440677966,69022,3,0.0012836746938390434,133.5636591249381,69110.60179471815,0.0025640579713467324,0.001932607380871423,0.7537299867897879,0.03430668308799435,27729,717.02
27015,MN,6.853513971210838,25880,4,8.506617793153081e-4,28.86864081989101,25902.01512684868,0.0016998775377797136,0.0011145326214394523,0.6556546555084158,0.02678621884916539,10051,176.52
27017,MN,56.631355932203384,36362,3,0.0012836746938390434,103.30833514957868,36408.67697921737,0.0025640579713467324,0.002837464684820837,1.1066304726840874,0.03430668308799435,15064,571.9
27019,MN,124.94871794871794,107216,2,0.001316614162945478,266.1108220430803,107357.16210409436,0.002629765938810684,0.0024787430743098177,0.9425717466820767,0.03776920561073565,39534,1407.42
27021,MN,22.00338696020322,30288,4,8.506617793153081e-4,47.76823093210527,30313.7648439719,0.0016998775377797136,0.0015757934119359084,0.9270040793609892,0.02678621884916539,12254,304.28
27023,MN,2.52497883149873,12466,4,8.506617793153081e-4,13.129328572443361,12476.604349740945,0.0016998775377797136,0.0010523158548917174,0.6190539209466785,0.02678621884916539,4796,79.53
27025,MN,51.58867521367521,56927,2,0.001316614162945478,126.53956966767245,57001.950894454,0.002629765938810684,0.0022199164709638757,0.8441498302954812,0.03776920561073565,23002,733.37
27027,MN,38.097457627118644,65307,3,0.0012836746938390434,121.93040085766505,65390.83294323055,0.0025640579713467324,0.0018646405829318565,0.7272224745965796,0.03430668308799435,24157,602.68
27029,MN,0.7214225232853514,8541,4,8.506617793153081e-4,7.9869247804173975,8548.265502257133,0.0016998775377797136,9.343327928114171e-4,0.549647119892996,0.02678621884916539,3273,48.19
27031,MN,22.00338696020322,5611,4,8.506617793153081e-4,26.776450203941412,5615.773063243738,0.0016998775377797136,0.004768079105474931,2.804954474369214,0.02678621884916539,2374,178.37
27033,MN,0.7214225232853514,11481,4,8.506617793153081e-4,10.487870411604403,11490.76644788832,0.0016998775377797136,9.127215716347432e-4,0.5369337210178622,0.02678621884916539,4330,62.28
27035,MN,103.16342082980525,66558,4,8.506617793153081e-4,159.7817675374735,66614.61834670766,0.0016998775377797136,0.0023985991589092473,1.411042328403354,0.02678621884916539,26252,992.23
27037,MN,686.2713675213676,439179,2,0.001316614162945478,1264.5006589895997,439757.2292914682,0.002629765938810684,0.0028754516691560676,1.0934249420146096,0.03776920561073565,164046,6774.74
27039,MN,10.639830508474576,20893,3,0.0012836746938390434,37.45964588685371,20919.819815378378,0.0025640579713467324,0.001790629470877026,0.6983576389017933,0.03430668308799435,7864,188.41
27041,MN,24.88907705334462,39081,4,8.506617793153081e-4,58.13379005076618,39114.244712997424,0.0016998775377797136,0.0014862562342012622,0.8743313569179391,0.02678621884916539,15434,361.46
27043,MN,9.017781541066892,13931,4,8.506617793153081e-4,20.868350788708447,13942.850569247641,0.0016998775377797136,0.0014967061925439905,0.8804788340805454,0.02678621884916539,5493,129.55
27045,MN,19.906779661016948,21251,3,0.0012836746938390434,47.18615057979046,21278.27937091877,0.0025640579713467324,0.0022175735996905945,0.8648687449628324,0.03430668308799435,8045,238.7
27047,MN,12.264182895850974,30857,4,8.506617793153081e-4,38.51305342018343,30883.248870524334,0.0016998775377797136,0.0012470531705277017,0.733613535570647,0.02678621884916539,11985,235.51
27049,MN,29.21761219305673,47697,4,8.506617793153081e-4,69.79162708105898,47737.574014888,0.0016998775377797136,0.0014619852081149524,0.8600532542035452,0.02678621884916539,18498,426.15
27051,MN,1.082133784928027,6091,4,8.506617793153081e-4,6.2635146827375685,6096.1813808978095,0.0016998775377797136,0.0010274488719059594,0.6044252300950788,0.02678621884916539,2412,39.05
27053,MN,4005.554058389477,1270787,1,0.00247692321944086,7153.195885653069,1273934.6418272636,0.004941606459101834,0.0056150415027515915,1.136278566337344,0.065875644401241,493381,36931.09
27055,MN,6.864406779661016,18826,3,0.0012836746938390434,31.03086656587485,18850.166459786215,0.0025640579713467324,0.001646185280754639,0.6420234250359033,0.03430668308799435,7392,162.81
27057,MN,12.264182895850974,21479,4,8.506617793153081e-4,30.535547253764477,21497.27136435791,0.0016998775377797136,0.001420438284292762,0.8356121265935782,0.02678621884916539,8677,194.22
27059,MN,38.33653846153846,41257,2,0.001316614162945478,92.65608898218005,41311.31955052064,0.002629765938810684,0.002242874107879043,0.8528797467402693,0.03776920561073565,16059,517.3
27061,MN,38.5961049957663,45054,4,8.506617793153081e-4,76.9218208010382,45092.32571580527,0.0016998775377797136,0.0017058738838586095,1.0035275165096469,0.02678621884916539,18094,486.38
27063,MN,8.29635901778154,9990,4,8.506617793153081e-4,16.794470193141468,9998.49811117536,0.0016998775377797136,0.0016796992914736087,0.9881295882452447,0.02678621884916539,3995,105.74
27065,MN,2.164267569856054,16145,4,8.506617793153081e-4,15.898201996901705,16158.733934427046,0.0016998775377797136,9.838767109736077e-4,0.5787927007134251,0.02678621884916539,6416,99.47
27067,MN,8.29635901778154,43686,4,8.506617793153081e-4,45.45836950895009,43723.16201049117,0.0016998775377797136,0.0010396862307909607,0.6116241950869835,0.02678621884916539,16638,272.58
27069,MN,1.4428450465707028,4191,4,8.506617793153081e-4,5.007968563681159,4194.565123517111,0.0016998775377797136,0.0011939184197197576,0.7023555480821213,0.02678621884916539,1640,30.85
27071,MN,1.082133784928027,12072,4,8.506617793153081e-4,11.351322784822427,12082.269188999895,0.0016998775377797136,9.395025559567117e-4,0.5526883761190458,0.02678621884916539,5024,74.38
27073,MN,1.082133784928027,6736,4,8.506617793153081e-4,6.812191530395943,6741.730057745468,0.0016998775377797136,0.0010104515416735683,0.5944260802418535,0.02678621884916539,2668,42.48
27075,MN,4.689246401354784,10915,4,8.506617793153081e-4,13.97421972258137,10924.284973321226,0.0016998775377797136,0.0012791885012802715,0.7525180331231843,0.02678621884916539,4513,90.97
27077,MN,7.214225232853514,3786,4,8.506617793153081e-4,10.434830729341272,3789.2206054964877,0.0016998775377797136,0.0027538197998303224,1.6200106999632515,0.02678621884916539,1644,71.34
27079,MN,22.717948717948715,28795,2,0.001316614162945478,60.629853539963754,28832.911904822016,0.002629765938810684,0.0021028002215004865,0.7996149735103351,0.03776920561073565,11216,338.73
27081,MN,0,5630,4,8.506617793153081e-4,4.7892258175451845,5634.789225817545,0.0016998775377797136,8.499387688898552e-4,0.49999999999999906,0.02678621884916539,2189,29.32
27083,MN,1.8035563082133785,25352,4,8.506617793153081e-4,23.36953373741507,25373.565977429203,0.0016998775377797136,9.2101889652417e-4,0.5418148519846636,0.02678621884916539,9245,134.17
27085,MN,12.264182895850974,36727,4,8.506617793153081e-4,43.506438064764296,36758.242255168916,0.0016998775377797136,0.001183583201904777,0.6962755702100212,0.02678621884916539,14178,264.43
27087,MN,1.4428450465707028,5389,4,8.506617793153081e-4,6.027061375300899,5393.58421632873,0.0016998775377797136,0.0011174501284422996,0.6573709597350474,0.02678621884916539,1857,32.7
27089,MN,2.164267569856054,9017,4,8.506617793153081e-4,9.834684833942188,9024.670417264086,0.0016998775377797136,0.0010897555677078859,0.6410788680290844,0.02678621884916539,3535,60.7
27091,MN,22.00338696020322,19960,4,8.506617793153081e-4,38.98259607533677,19976.979209115132,0.0016998775377797136,0.001951375914610239,1.1479508795433693,0.02678621884916539,7821,240.49
27093,MN,11.182049110922947,23352,4,8.506617793153081e-4,31.046702981494022,23371.864653870573,0.0016998775377797136,0.0013283793758557658,0.7814559262844438,0.02678621884916539,9094,190.36
27095,MN,10.88568376068376,26680,2,0.001316614162945478,46.012949628069116,26715.127265867384,0.002629765938810684,0.001722355621597866,0.6549463570802821,0.03776920561073565,10350,256.03
27097,MN,11.542760372565622,34023,4,8.506617793153081e-4,40.48482609021035,34051.942065717645,0.0016998775377797136,0.0011889138661189346,0.6994114809422263,0.02678621884916539,13260,248.42
27099,MN,37.15325994919559,40082,4,8.506617793153081e-4,71.24948538771177,40116.096225438516,0.0016998775377797136,0.0017760822236369768,1.0448295151642497,0.02678621884916539,15243,426.61
27101,MN,2.52497883149873,8170,4,8.506617793153081e-4,9.474885568504797,8176.949906737006,0.0016998775377797136,0.0011587310276535289,0.6816555910062789,0.02678621884916539,3223,58.85
27103,MN,27.800847457627118,34380,3,0.0012836746938390434,71.93358343181343,34424.132735974184,0.0025640579713467324,0.0020896265995581876,0.8149685470881312,0.03430668308799435,13625,380.94
27105,MN,4.328535139712108,22194,4,8.506617793153081e-4,23.208122669836058,22212.879587530126,0.0016998775377797136,0.0010448047754629995,0.6146353206288413,0.02678621884916539,8407,138.41
27107,MN,0.3607112616426757,6457,4,8.506617793153081e-4,5.8534343706816205,6462.492723109039,0.0016998775377797136,9.057548876999885e-4,0.5328353764136655,0.02678621884916539,2530,36.11
27109,MN,140.03389830508473,162307,3,0.0012836746938390434,348.3832868380183,162515.34938853292,0.0025640579713467324,0.0021436946611431908,0.8360554578324326,0.03430668308799435,59701,1712.36
27111,MN,47.253175275190515,60072,4,8.506617793153081e-4,98.3541296822197,60123.100954407026,0.0016998775377797136,0.0016358791898775198,0.9623512009072225,0.02678621884916539,23672,610.21
27113,MN,9.378492802709568,13995,4,8.506617793153081e-4,21.283504404227305,14006.905011601517,0.0016998775377797136,0.0015195008737903762,0.8938884360899695,0.02678621884916539,5439,130.23
27115,MN,12.264182895850974,29090,4,8.506617793153081e-4,37.00993405613329,29114.74575116028,0.0016998775377797136,0.001271174901283772,0.7478038111757807,0.02678621884916539,12691,254.21
27117,MN,0.3607112616426757,9380,4,8.506617793153081e-4,8.339918751620266,9387.979207489978,0.0016998775377797136,8.883614425739735e-4,0.5226032010131166,0.02678621884916539,3311,46.35
27119,MN,30.20338983050847,31128,3,0.0012836746938390434,70.1616157003302,31167.95822586982,0.0025640579713467324,0.002251081549579822,0.8779370726932026,0.03430668308799435,11871,357.54
27121,MN,10.09991532599492,11312,4,8.506617793153081e-4,19.722601373609685,11321.622686047614,0.0016998775377797136,0.0017420295588825047,1.024797092829315,0.02678621884916539,4507,123.72
27123,MN,1131.1209496310555,547202,1,0.00247692321944086,2486.498289155533,548557.3773395244,0.004941606459101834,0.0045327952769770846,0.9172716027655805,0.065875644401241,204327,12346.63
27125,MN,0.3607112616426757,3912,4,8.506617793153081e-4,3.688500142324161,3915.3277888806815,0.0016998775377797136,9.420667543594437e-4,0.5541968367850306,0.02678621884916539,1522,22.59
27127,MN,2.8856900931414056,15428,4,8.506617793153081e-4,16.009700024417977,15441.124009931276,0.0016998775377797136,0.0010368221908017194,0.6099393443106257,0.02678621884916539,5782,94.47
27129,MN,4.328535139712108,14707,4,8.506617793153081e-4,16.839217928102343,14719.51068278839,0.0016998775377797136,0.0011440066379239454,0.6729935612998239,0.02678621884916539,5784,104.27
27131,MN,63.12447078746825,67152,4,8.506617793153081e-4,120.24811059204981,67209.12363980459,0.0016998775377797136,0.0017891634956661284,1.0525249354156625,0.02678621884916539,27254,768.38
27133,MN,0.6864406779661016,9659,3,0.0012836746938390434,13.085454545757422,9671.399013867791,0.0025640579713467324,0.0013530053435903354,0.527681260997266,0.03430668308799435,3538,64.05
27135,MN,4.328535139712108,15294,4,8.506617793153081e-4,17.33855639256043,15307.010021252849,0.0016998775377797136,0.0011327200000840728,0.6663538842707276,0.02678621884916539,6107,109
27137,MN,194.26271186440675,200122,3,0.0012836746938390434,451.1542589448638,200378.89154708045,0.0025640579713467324,0.002251505911933153,0.8781025768893143,0.03430668308799435,81791,2463.94
27139,MN,148.61324786324786,151347,2,0.001316614162945478,347.8788515825571,151546.2656037193,0.002629765938810684,0.002295529026708127,0.8729024103743179,0.03776920561073565,55705,1836.53
27141,MN,30.29059829059829,97820,2,0.001316614162945478,159.08179570992496,97948.79119741933,0.002629765938810684,0.0016241323018401509,0.6175957631326944,0.03776920561073565,37509,874.94
27143,MN,9.739204064352244,14950,4,8.506617793153081e-4,22.4565976651161,14962.717393600764,0.0016998775377797136,0.0015008368516483716,0.8829088086008137,0.02678621884916539,5950,140.72
27145,MN,127.33474576271186,158622,3,0.0012836746938390434,330.95379304884864,158825.61904728613,0.0025640579713467324,0.0020837557255187896,0.8126788663925288,0.03430668308799435,61802,1723.06
27147,MN,44.36748518204911,37396,4,8.506617793153081e-4,76.17883308132437,37427.811347899275,0.0016998775377797136,0.002035353667176162,1.1973531162925002,0.02678621884916539,14275,457.84
27149,MN,3.2464013547840813,9682,4,8.506617793153081e-4,11.482508702114895,9690.236107347331,0.0016998775377797136,0.0011849565454250003,0.6970834775384616,0.02678621884916539,3851,71.91
27151,MN,10.82133784928027,9806,4,8.506617793153081e-4,19.16292725724618,9814.341589407966,0.0016998775377797136,0.001952543334942365,1.1486376468581787,0.02678621884916539,3811,117.26
27153,MN,10.09991532599492,25277,4,8.506617793153081e-4,31.602093121747963,25298.50217779575,0.0016998775377797136,0.0012491685436414814,0.7348579623406734,0.02678621884916539,9965,196.15
27155,MN,0,3345,4,8.506617793153081e-4,2.8454636518097054,3347.8454636518095,0.0016998775377797136,8.499387688898552e-4,0.49999999999999906,0.02678621884916539,1319,17.67
27157,MN,6.521186440677965,21460,3,0.0012836746938390434,34.06884537046383,21487.547658929787,0.0025640579713467324,0.001585515755973461,0.6183618988695068,0.03430668308799435,8450,179.26
27159,MN,1.082133784928027,14108,4,8.506617793153081e-4,13.083270167508394,14120.00113638258,0.0016998775377797136,9.265771327593683e-4,0.5450846382555371,0.02678621884916539,5130,74.9
27161,MN,19.839119390347165,18953,4,8.506617793153081e-4,35.9617120937102,18969.122592703363,0.0016998775377797136,0.0018958026085794386,1.1152583444661734,0.02678621884916539,6957,207.83
27163,MN,343.60897435897436,268651,2,0.001316614162945478,697.31868584844,269004.70971148944,0.002629765938810684,0.00259221738755549,0.9857217135939574,0.03776920561073565,100892,3756.2
27165,MN,0.7214225232853514,11205,4,8.506617793153081e-4,10.25308776051338,11214.531665237228,0.0016998775377797136,9.142680288911102e-4,0.5378434672919302,0.02678621884916539,4252,61.26
27167,MN,3.2464013547840813,6454,4,8.506617793153081e-4,8.73657247848508,6459.490171123701,0.0016998775377797136,0.0013525173422417724,0.7956557529481542,0.02678621884916539,2674,56.99
27169,MN,30.29974597798476,49792,4,8.506617793153081e-4,72.65589729365259,49834.35615131567,0.0016998775377797136,0.0014579479480590102,0.857678224258026,0.02678621884916539,20296,466.28
27171,MN,113.58974358974359,142543,2,0.001316614162945478,301.26387621848085,142730.67413262874,0.002629765938810684,0.002110715710195128,0.8026249329055126,0.03776920561073565,52358,1587.21
27173,MN,6.853513971210838,9569,4,8.506617793153081e-4,14.993496537479022,9577.139982566268,0.0016998775377797136,0.0015655505260205457,0.9209784182838144,0.02678621884916539,3767,92.93
28001,MS,1.0591304347826087,29425,4,8.506617793153081e-4,26.08985329113555,29450.030722856354,0.0016998775377797136,8.859024133678425e-4,0.5211566090372366,0.02678621884916539,10934,152.64
28003,MS,20.829565217391306,34717,4,8.506617793153081e-4,50.36199020988086,34746.53242499249,0.0016998775377797136,0.0014494105366801,0.8526558557701988,0.02678621884916539,12963,296.07
28005,MS,0,12683,4,8.506617793153081e-4,10.788943347056053,12693.788943347055,0.0016998775377797136,8.499387688898553e-4,0.4999999999999991,0.02678621884916539,4851,64.97
28007,MS,19.417391304347827,17842,4,8.506617793153081e-4,34.594898770891554,17857.177507466542,0.0016998775377797136,0.0019373105719773767,1.139676552528475,0.02678621884916539,6309,192.6
28009,MS,51.50239234449761,7637,2,0.001316614162945478,61.55737470691223,7647.054982362414,0.002629765938810684,0.008049814582070028,3.0610384229520324,0.03776920561073565,2962,342.45
28011,MS,3.8834782608695653,30688,4,8.506617793153081e-4,29.98858694449774,30714.105108683627,0.0016998775377797136,9.763783394756708e-4,0.5743815761875191,0.02678621884916539,10655,163.93
28013,MS,0,13193,4,8.506617793153081e-4,11.22278085450686,13204.222780854507,0.0016998775377797136,8.499387688898553e-4,0.4999999999999991,0.02678621884916539,4825,64.62
28015,MS,0.7060869565217391,9930,4,8.506617793153081e-4,9.153158425122749,9938.447071468601,0.0016998775377797136,9.2098477350649e-4,0.5417947781752734,0.02678621884916539,4269,61.95
28017,MS,10.944347826086958,17024,4,8.506617793153081e-4,25.426013957150765,17038.481666131065,0.0016998775377797136,0.0014922699366864572,0.8778690838138716,0.02678621884916539,6217,146.19
28019,MS,12.356521739130436,8208,4,8.506617793153081e-4,19.338753623750485,8214.98223188462,0.0016998775377797136,0.002354083438998983,1.3848547243431177,0.02678621884916539,3104,115.14
28021,MS,0,9044,4,8.506617793153081e-4,7.693385132127647,9051.693385132128,0.0016998775377797136,8.499387688898552e-4,0.49999999999999906,0.02678621884916539,3340,44.73
28023,MS,15.88695652173913,15553,4,8.506617793153081e-4,29.117299175430116,15566.230342653691,0.0016998775377797136,0.0018705427412084841,1.1003985285032263,0.02678621884916539,5606,165.24
28025,MS,1.7652173913043478,18598,4,8.506617793153081e-4,17.585825163010448,18613.820607771708,0.0016998775377797136,9.447724641585915e-4,0.5557885454458098,0.02678621884916539,6667,99.25
28027,MS,0,21264,4,8.506617793153081e-4,18.088472075360713,21282.08847207536,0.0016998775377797136,8.499387688898553e-4,0.4999999999999991,0.02678621884916539,7207,96.52
28029,MS,25.72409408773045,28210,3,0.0012836746938390434,61.93655720092986,28246.2124631132,0.0025640579713467324,0.0021927384877463824,0.8551828828560689,0.03430668308799435,10355,303.8
28031,MS,8.120000000000001,18323,4,8.506617793153081e-4,23.70667578239439,18338.586675782393,0.0016998775377797136,0.0012927209823481653,0.7604788895773317,0.02678621884916539,6689,136.26
28033,MS,142.622009569378,186214,2,0.001316614162945478,387.79399930810723,186459.17198973874,0.002629765938810684,0.0020797796920896355,0.79086114144067865,0.03776920561073565,66291,1980.13
28035,MS,38.586141131595674,77917,3,0.0012836746938390434,138.6062222514524,78017.02008111986,0.0025640579713467324,0.00177661518098658,0.69289197079013,0.03430668308799435,27684,658.07
28037,MS,10.591304347826087,7690,4,8.506617793153081e-4,17.132893430760806,7696.5415890829345,0.0016998775377797136,0.002226050912927275,1.309536048011329,0.02678621884916539,2883,101.13
28039,MS,27.184347826086956,24547,4,8.506617793153081e-4,48.06554252293982,24567.881194696853,0.0016998775377797136,0.0019564382513098076,1.1509289391900546,0.02678621884916539,9183,283.1
28041,MS,0,13672,4,8.506617793153081e-4,11.630247846798893,13683.630247846799,0.0016998775377797136,8.499387688898553e-4,0.4999999999999991,0.02678621884916539,6951,93.1
28043,MS,2.1182608695652174,21474,4,8.506617793153081e-4,20.385371918582145,21492.267111049016,0.0016998775377797136,9.484979789825046e-4,0.5579801826320856,0.02678621884916539,7652,114.37
28045,MS,69.1335028607756,46010,3,0.0012836746938390434,128.19537552430998,46069.06187266354,0.0025640579713467324,0.0027826782294513917,1.0852633834912213,0.03430668308799435,17695,658.82
28047,MS,317.7997457088366,208748,3,0.0012836746938390434,585.7642706983493,209015.9645249895,0.0025640579713467324,0.002802485791119159,1.092988466889926,0.03430668308799435,76952,2885.45
28049,MS,162.38334392879847,226541,3,0.0012836746938390434,453.18829274578917,226831.80494881698,0.0025640579713467324,0.001997904539215953,0.7791963214336313,0.03430668308799435,78751,2105.14
28051,MS,11.254291163382073,16848,3,0.0012836746938390434,32.881642405182276,16869.6273512418,0.0025640579713467324,0.001949162344879053,0.7601865350397227,0.03430668308799435,5900,153.87
28053,MS,0.7060869565217391,7744,4,8.506617793153081e-4,7.293611775539485,7750.587524819018,0.0016998775377797136,9.410398569377871e-4,0.5535927359608043,0.02678621884916539,2638,39.12
28055,MS,0,1206,4,8.506617793153081e-4,1.0258981058542616,1207.0258981058544,0.0016998775377797136,8.499387688898551e-4,0.499999999999999,0.02678621884916539,720,9.64
28057,MS,12.003478260869565,23888,4,8.506617793153081e-4,32.324086845153644,23908.320608584283,0.0016998775377797136,0.0013520015635706208,0.795352331872407,0.02678621884916539,9330,198.77
28059,MS,257.2409408773045,143721,3,0.0012836746938390434,441.73195155054566,143905.49101067323,0.0025640579713467324,0.0030695976119339543,1.1971638887406648,0.03430668308799435,53905,2213.92
28061,MS,9.53217391304348,16320,4,8.506617793153081e-4,23.41497415146931,16333.882800238425,0.0016998775377797136,0.001433521621149842,0.843308761537157,0.02678621884916539,6095,137.68
28063,MS,22.594782608695652,7207,4,8.506617793153081e-4,28.725502052221078,7213.130719443526,0.0016998775377797136,0.003982390333616077,2.342751313025558,0.02678621884916539,2727,171.13
28065,MS,0,11291,4,8.506617793153081e-4,9.604822150249143,11300.60482215025,0.0016998775377797136,8.499387688898552e-4,0.49999999999999906,0.02678621884916539,4242,56.81
28067,MS,19.06434782608696,67152,4,8.506617793153081e-4,76.18798763066853,67209.12363980459,0.0016998775377797136,0.0011335959093736229,0.666869162148153,0.02678621884916539,24149,431.37
28069,MS,1.0591304347826087,8980,4,8.506617793153081e-4,8.698073213034075,8987.63894277825,0.0016998775377797136,9.677817798881598e-4,0.5693244121292543,0.02678621884916539,3646,55.6
28071,MS,52.95652173913044,56172,4,8.506617793153081e-4,100.73989520682991,56219.7833734677,0.0016998775377797136,0.0017918940480011346,1.054131258385594,0.02678621884916539,22069,623.14
28073,MS,30.011443102352192,64425,3,0.0012836746938390434,112.71218525293256,64507.70074215058,0.0025640579713467324,0.0017472671317718233,0.6814460325380622,0.03430668308799435,23035,538.52
28075,MS,62.84173913043478,72741,4,8.506617793153081e-4,124.71972761960961,72802.87798848917,0.0016998775377797136,0.001713115347436251,1.0077875078423755,0.02678621884916539,26561,717.01
28077,MS,6.001739130434783,11933,4,8.506617793153081e-4,16.152686143004352,11943.15094701257,0.0016998775377797136,0.0013524643718117577,0.7956245916269192,0.02678621884916539,4258,90.75
28079,MS,25.41913043478261,21335,4,8.506617793153081e-4,43.56799949647471,21353.148869061693,0.0016998775377797136,0.002040354786248872,1.2002951629761935,0.02678621884916539,8013,257.63
28081,MS,33.89217391304348,83343,4,8.506617793153081e-4,104.7888785865192,83413.89670467348,0.0016998775377797136,0.0012562520482351251,0.7390250299300809,0.02678621884916539,29394,581.87
28083,MS,5.2956521739130435,27920,4,8.506617793153081e-4,29.046129052396445,27943.750476878482,0.0016998775377797136,0.0010394499148004526,0.6114851756663159,0.02678621884916539,9066,148.5
28085,MS,3.8834782608695653,34855,4,8.506617793153081e-4,33.53329457890463,34884.64981631804,0.0016998775377797136,9.612621813740759e-4,0.5654890778953545,0.02678621884916539,12570,190.4
28087,MS,24.71304347826087,58547,4,8.506617793153081e-4,74.51673867183422,58596.80369519357,0.0016998775377797136,0.0012716860643022835,0.7481045169661397,0.02678621884916539,20806,416.93
28089,MS,49.30451366815003,109257,3,0.0012836746938390434,189.5549596929224,109397.25044602477,0.0025640579713467324,0.0017327214250823098,0.6757731082703345,0.03430668308799435,39050,905.32
28091,MS,2.1182608695652174,24362,4,8.506617793153081e-4,22.842083137244757,24382.72382226768,0.0016998775377797136,9.368142502760122e-4,0.5511069059125443,0.02678621884916539,8952,132.15
28093,MS,10.564593301435407,33980,2,0.001316614162945478,55.303142558322754,34024.73854925689,0.002629765938810684,0.001625380382519665,0.6180703607617437,0.03776920561073565,13470,314.44
28095,MS,33.89217391304348,34168,4,8.506617793153081e-4,62.95758558868893,34197.06541167565,0.0016998775377797136,0.0018410230477611039,1.0830327519744434,0.02678621884916539,12562,364.43
28097,MS,0,9803,4,8.506617793153081e-4,8.339037422627966,9811.339037422627,0.0016998775377797136,8.499387688898553e-4,0.4999999999999991,0.02678621884916539,3608,48.32
28099,MS,5.648695652173913,28970,4,8.506617793153081e-4,30.29236739893839,28994.643671746766,0.0016998775377797136,0.0010447573607692293,0.6146074276231885,0.02678621884916539,9860,162.33
28101,MS,8.120000000000001,21275,4,8.506617793153081e-4,26.21782935493318,21293.097829354934,0.0016998775377797136,0.00123128299907536,0.724336295827283,0.02678621884916539,7796,151.26
28103,MS,6.707826086956522,10261,4,8.506617793153081e-4,15.436466604510898,10269.728640517555,0.0016998775377797136,0.0015031036500427883,0.8842423154823609,0.02678621884916539,3591,85.05
28105,MS,16.59304347826087,51388,4,8.506617793153081e-4,60.306850993715926,51431.71380751546,0.0016998775377797136,0.0011725615681292656,0.6897917891548828,0.02678621884916539,21168,391.12
28107,MS,13.415652173913044,33157,4,8.506617793153081e-4,41.621044790670716,33185.20539261676,0.0016998775377797136,0.0012542048270682336,0.7378206954286877,0.02678621884916539,11852,234.24
28109,MS,28.596521739130434,56351,4,8.506617793153081e-4,76.53216366532736,56398.9356419262,0.0016998775377797136,0.0013569788648357824,0.7982803670717324,0.02678621884916539,21268,454.77
28111,MS,0,11511,3,0.0012836746938390434,14.776379400781227,11525.77637940078,0.0025640579713467324,0.0012820289856733662,0.5,0.03430668308799435,4335,74.36
28113,MS,26.47826086956522,40098,4,8.506617793153081e-4,60.58809689655044,40132.10983602698,0.0016998775377797136,0.001509716213378842,0.88813233884527365,0.02678621884916539,13742,326.92
28115,MS,32.83304347826087,31202,4,8.506617793153081e-4,59.37539231645711,31228.542348838197,0.0016998775377797136,0.0019013180843730948,1.118502975724058,0.02678621884916539,11196,335.44
28117,MS,5.648695652173913,24945,4,8.506617793153081e-4,26.868453737194272,24966.21975808502,0.0016998775377797136,0.0010761923109522111,0.6330999069249861,0.02678621884916539,9391,159.26
28119,MS,2.1182608695652174,6113,4,8.506617793153081e-4,7.318356326519695,6118.200095456955,0.0016998775377797136,0.001196161650867534,0.7036751908786879,0.02678621884916539,2169,40.88
28121,MS,94.85759694850604,157185,3,0.0012836746938390434,296.63200369959605,157386.7744067511,0.0025640579713467324,0.0018847327217786354,0.7350585450252938,0.03430668308799435,58042,1463.67
28123,MS,19.828989192625556,27943,3,0.0012836746938390434,55.69871116256994,27978.869721969946,0.0025640579713467324,0.0019907420033781226,0.7764028838757167,0.03430668308799435,9825,261.7
28125,MS,3.5304347826086957,3910,4,8.506617793153081e-4,6.8565223397315505,3913.3260875571227,0.0016998775377797136,0.001752095835185487,1.0307188584149292,0.02678621884916539,1441,39.78
28127,MS,11.79020979020979,25889,3,0.0012836746938390434,45.023263939008785,25922.233054148797,0.0025640579713467324,0.0017368590061265154,0.6773867929414469,0.03430668308799435,9412,218.72
28129,MS,0.7060869565217391,14310,4,8.506617793153081e-4,12.879057018523797,14322.172970062002,0.0016998775377797136,8.992390362443754e-4,0.5290022464905983,0.02678621884916539,5296,75.04
28131,MS,2.679593134138589,18360,3,0.0012836746938390434,26.247860513023426,18383.568267378883,0.0025640579713467324,0.0014277892154157855,0.5568474782439732,0.03430668308799435,7193,137.41
28133,MS,9.53217391304348,25867,4,8.506617793153081e-4,31.536242158592554,25889.004068245547,0.0016998775377797136,0.0012181326896724346,0.7166002624303704,0.02678621884916539,11045,212.01
28135,MS,4.589565217391304,12621,4,8.506617793153081e-4,15.325767534129806,12631.736202316739,0.0016998775377797136,0.0012132748253022387,0.7137424892895234,0.02678621884916539,5507,105.29
28137,MS,0,28094,2,0.001316614162945478,36.98895829379026,28130.98895829379,0.002629765938810684,0.0013148829694053432,0.5000000000000004,0.03776920561073565,10375,195.93
28139,MS,12.709565217391305,21769,4,8.506617793153081e-4,31.227621491306245,21787.518056273915,0.0016998775377797136,0.0014332803493564503,0.8431668267283079,0.02678621884916539,7949,179.53
28141,MS,4.942608695652174,18837,4,8.506617793153081e-4,20.966524632614636,18853.023915936963,0.0016998775377797136,0.0011121040702065346,0.654225993043654,0.02678621884916539,7032,123.23
28143,MS,0,9787,2,0.001316614162945478,12.885702812747395,9799.885702812748,0.002629765938810684,0.0013148829694053432,0.5000000000000004,0.03776920561073565,3190,60.24
28145,MS,23.30086956521739,27880,4,8.506617793153081e-4,47.017319972528185,27903.71645040731,0.0016998775377797136,0.001684984150985446,0.9912385530938185,0.02678621884916539,10208,271.04
28147,MS,27.184347826086956,13888,4,8.506617793153081e-4,38.998338617217954,13899.813990791132,0.0016998775377797136,0.002805673417144649,1.6505150252230905,0.02678621884916539,5123,226.49
28149,MS,16.240000000000002,44341,4,8.506617793153081e-4,53.959193956620076,44378.71919395662,0.0016998775377797136,0.0012158799293145914,0.7152750138122931,0.02678621884916539,15891,304.46
28151,MS,35.30434782608695,44604,4,8.506617793153081e-4,73.24726583066695,44641.94291800458,0.0016998775377797136,0.001640772355387909,0.9652297409206286,0.02678621884916539,15278,395.01
28153,MS,6.354782608695652,19760,4,8.506617793153081e-4,23.16385936796614,19776.80907675927,0.0016998775377797136,0.0011712637401747061,0.6890283059475839,0.02678621884916539,7124,131.48
28155,MS,5.2956521739130435,9942,4,8.506617793153081e-4,13.752931583865838,9950.457279409953,0.0016998775377797136,0.0013821406592362522,0.813082488895952,0.02678621884916539,3625,78.95
28157,MS,21.888695652173915,8531,4,8.506617793153081e-4,29.145691291512808,8538.256995639338,0.0016998775377797136,0.003413541113414378,2.0081100182504663,0.02678621884916539,3673,197.57
28159,MS,19.770434782608696,17741,4,8.506617793153081e-4,34.86202540944158,17756.091590626835,0.0016998775377797136,0.001963383959330594,1.1550149441324216,0.02678621884916539,6678,206.61
28161,MS,2.1182608695652174,12499,4,8.506617793153081e-4,12.750682449227254,12509.632421579661,0.0016998775377797136,0.00101926915352299,0.599613284410066,0.02678621884916539,4693,75.38
28163,MS,30.54736172917991,27467,3,0.0012836746938390434,65.80605454485692,27502.258692815678,0.0025640579713467324,0.0023927509111114284,0.9331890845879247,0.03430668308799435,13152,421.06
29001,MO,14.221428571428572,25299,4,8.506617793153081e-4,35.742320926326556,25320.520892354896,0.0016998775377797136,0.0014115950093711678,0.8304098254130209,0.02678621884916539,9728,216.39
29003,MO,7.582377791188895,18069,3,0.0012836746938390434,30.777095834166566,18092.194718042978,0.0025640579713467324,0.001701125613216687,0.663450527338583,0.03430668308799435,6958,158.37
29005,MO,6.464285714285714,5270,4,8.506617793153081e-4,10.947273291277387,5274.482987576992,0.0016998775377797136,0.0020755158973991454,1.2209796595759892,0.02678621884916539,2073,67.8
29007,MO,6.895238095238096,24873,4,8.506617793153081e-4,28.053748532147754,24894.15851043691,0.0016998775377797136,0.001126920940926209,0.6629424272516307,0.02678621884916539,8661,153.8
29009,MO,68.52142857142857,34701,4,8.506617793153081e-4,98.04024297544908,34730.51881440402,0.0016998775377797136,0.0028228844924363234,1.6606399165221157,0.02678621884916539,13432,597.49
29011,MO,4.30952380952381,11683,4,8.506617793153081e-4,14.247805377264555,11692.93828156774,0.0016998775377797136,0.0012184965860740238,0.7168143345582159,0.02678621884916539,4339,83.31
29013,MO,17.568254990341273,16101,2,0.001316614162945478,38.767059627926415,16122.198804637585,0.002629765938810684,0.002404576453726336,0.9143690007688705,0.03776920561073565,6132,211.77
29015,MO,8.61904761904762,19616,4,8.506617793153081e-4,25.305629082096704,19632.686581463047,0.0016998775377797136,0.0012889539583436321,0.7582628334669289,0.02678621884916539,8184,166.23
29017,MO,3.7911888955944475,10658,3,0.0012836746938390434,17.47259378253097,10671.681404886936,0.0025640579713467324,0.0016372859270826488,0.6385526167423934,0.03430668308799435,4152,90.96
29019,MO,366.4815932407966,184043,3,0.0012836746938390434,602.7329349190156,184279.25134167823,0.0025640579713467324,0.0032707585391774175,1.2756180147750331,0.03430668308799435,70435,3082.39
29021,MO,75.40253470126734,84544,3,0.0012836746938390434,183.92952801719542,84652.52699331593,0.0025640579713467324,0.0021727588596583574,0.8473906923863929,0.03430668308799435,33056,960.98
29023,MO,46.11190476190477,42280,4,8.506617793153081e-4,82.07788479135598,42315.965980029454,0.0016998775377797136,0.001939643415681252,1.1410489123908933,0.02678621884916539,15428,471.55
29025,MO,0.7475853187379266,8876,2,0.001316614162945478,12.43385262904199,8887.686267310304,0.002629765938810684,0.0013989976980594825,0.5319856331747082,0.03776920561073565,3406,68.44
29027,MO,31.171997585998792,44517,3,0.0012836746938390434,88.31734393163148,44574.145346345635,0.0025640579713467324,0.0019813580999791863,0.7727430979021539,0.03430668308799435,18297,485.06
29029,MO,83.60476190476192,43227,4,8.506617793153081e-4,120.37631863922473,43263.771556734464,0.0016998775377797136,0.002782381524027969,1.6368129245722975,0.02678621884916539,17633,773.1
29031,MO,154.17501508750755,81703,3,0.0012836746938390434,259.0550885982389,81807.88007351074,0.0025640579713467324,0.003166627571396029,1.235006231053663,0.03430668308799435,30962,1311.83
29033,MO,7.757142857142858,8513,4,8.506617793153081e-4,14.998826584454076,8520.24168372731,0.0016998775377797136,0.001760375719517455,1.0355897294911967,0.02678621884916539,3253,90.24
29035,MO,3.0166666666666666,5299,4,8.506617793153081e-4,7.524323435258484,5303.507656768592,0.0016998775377797136,0.001418744710522965,0.8346158349595295,0.02678621884916539,2053,45.9
29037,MO,78.87025112685126,108205,2,0.001316614162945478,221.3344866283667,108347.46423550151,0.002629765938810684,0.0020428211051370733,0.7768071960278496,0.03776920561073565,40028,1174.4
29039,MO,16.807142857142857,14314,4,8.506617793153081e-4,28.983515566262177,14326.17637270912,0.0016998775377797136,0.0020231159251588434,1.1901539259124079,0.02678621884916539,5472,174.45
29041,MO,7.757142857142858,7417,4,8.506617793153081e-4,14.066501274324498,7423.309358417182,0.0016998775377797136,0.001894909749163922,1.1147330952081105,0.02678621884916539,2823,84.29
29043,MO,54.34037417018708,89568,3,0.0012836746938390434,169.31654914796252,89682.97617497778,0.0025640579713467324,0.0018879452530390388,0.7363114540064101,0.03430668308799435,32453,819.78
29045,MO,7.326190476190477,6693,4,8.506617793153081e-4,13.019669765147833,6698.693479288957,0.0016998775377797136,0.0019436133039080071,1.1433843089936042,0.02678621884916539,2588,79.26
29047,MO,306.1361880231809,253085,2,0.001316614162945478,639.3514834522373,253418.21529542905,0.002629765938810684,0.0025229105283805123,0.9593669501710492,0.03776920561073565,94404,3420.68
29049,MO,2.2427559562137795,21155,2,0.001316614162945478,30.09572857332537,21182.85297261711,0.002629765938810684,0.0014207589795496318,0.540260621138082,0.03776920561073565,8059,164.45
29051,MO,90.56729028364514,76890,3,0.0012836746938390434,189.26903749292916,76988.70174720928,0.0025640579713467324,0.0024584001703833102,0.9587927409816218,0.03430668308799435,30333,997.74
29053,MO,21.904646952323475,16893,3,0.0012836746938390434,43.58976355534644,16914.685116603025,0.0025640579713467324,0.002577036655122822,1.0050617747028834,0.03430668308799435,6634,228.74
29055,MO,12.066666666666666,23023,4,8.506617793153081e-4,31.651452811843004,23042.584786145177,0.0016998775377797136,0.001373606872041286,0.8080622524346169,0.02678621884916539,8855,191.67
29057,MO,6.895238095238096,7598,4,8.506617793153081e-4,13.358566294475807,7604.463328199237,0.0016998775377797136,0.0017566744315721699,1.0334123444366712,0.02678621884916539,3017,83.51
29059,MO,26.117079058539527,17158,3,0.0012836746938390434,48.14236945542983,17180.02529039689,0.0025640579713467324,0.0028022292541292093,1.0928884157238383,0.03430668308799435,6365,238.65
29061,MO,6.033333333333333,8418,4,8.506617793153081e-4,13.194204191609597,8425.160870858277,0.0016998775377797136,0.0015660477460136015,0.9212709217036227,0.02678621884916539,3162,78.03
29063,MO,29.48702474351237,11838,3,0.0012836746938390434,44.68316576917897,11853.196141025666,0.0025640579713467324,0.0037697145341688827,1.470214237078617,0.03430668308799435,6008,303.03
29065,MO,1.723809523809524,14509,4,8.506617793153081e-4,14.06606127989533,14521.342251756087,0.0016998775377797136,9.686474594450317e-4,0.5698336720833582,0.02678621884916539,5537,84.52
29067,MO,0,11803,4,8.506617793153081e-4,10.040360981258582,11813.040360981258,0.0016998775377797136,8.499387688898553e-4,0.4999999999999991,0.02678621884916539,4577,61.3
29069,MO,24.564285714285717,28174,4,8.506617793153081e-4,48.530830684715205,28197.96654497043,0.0016998775377797136,0.001721075546611409,1.0124703152789365,0.02678621884916539,9821,266.35
29071,MO,85.22472633612362,104858,2,0.001316614162945478,223.28225423426056,104996.05752789814,0.002629765938810684,0.0021265775067309837,0.8086565710455326,0.03776920561073565,40336,1231.95
29073,MO,29.735714285714288,14801,4,8.506617793153081e-4,42.32635928136016,14813.590644995646,0.0016998775377797136,0.0028572653515073964,1.6808654082454664,0.02678621884916539,5857,263.71
29075,MO,2.154761904761905,6219,4,8.506617793153081e-4,7.445027510323806,6224.290265605562,0.0016998775377797136,0.0011961247295075301,0.703653470866991,0.02678621884916539,2307,43.48
29077,MO,650.3995171997586,299188,3,0.0012836746938390434,1034.4595815000744,299572.0600643003,0.0025640579713467324,0.0034531243710713123,1.3467419261420253,0.03430668308799435,114482,5289.33
29079,MO,5.171428571428572,9878,4,8.506617793153081e-4,13.574265627505184,9886.402837056077,0.0016998775377797136,0.001373023722705928,0.8077191987013935,0.02678621884916539,3599,77.87
29081,MO,0,8190,4,8.506617793153081e-4,6.966919972592374,8196.966919972592,0.0016998775377797136,8.499387688898553e-4,0.4999999999999991,0.02678621884916539,3102,41.55
29083,MO,27.580952380952382,22064,4,8.506617793153081e-4,46.34995387976534,22082.769001498815,0.0016998775377797136,0.002098919473215494,1.234747460665306,0.02678621884916539,8527,282.02
29085,MO,2.585714285714286,8452,4,8.506617793153081e-4,9.77550764448727,8459.189793358773,0.0016998775377797136,0.0011556080290528444,0.6798184006609299,0.02678621884916539,3500,63.73
29087,MO,0.861904761904762,4274,4,8.506617793153081e-4,4.497633206698389,4277.635728444794,0.0016998775377797136,0.0010514296897210502,0.6185326097633891,0.02678621884916539,1694,28.07
29089,MO,8.846107423053711,10142,3,0.0012836746938390434,21.86513616796929,10155.019028744915,0.0025640579713467324,0.0021531359129980535,0.8397376100927826,0.03430668308799435,3981,114.69
29091,MO,26.288095238095238,39960,4,8.506617793153081e-4,60.28053993953495,39993.99244470144,0.0016998775377797136,0.001507239869159928,0.886675560833989,0.02678621884916539,14588,346.48
29093,MO,0,9538,4,8.506617793153081e-4,8.113612051109408,9546.11361205111,0.0016998775377797136,8.499387688898552e-4,0.49999999999999906,0.02678621884916539,3720,49.82
29095,MO,1695.8948618948618,715526,1,0.00247692321944086,3468.1978254085025,717298.3029635136,0.004941606459101834,0.004835084386899654,0.9784438374274058,0.065875644401241,263601,16990.57
29097,MO,120.05431502715751,122788,3,0.0012836746938390434,277.6741633342659,122945.6198483071,0.0025640579713467324,0.0022585120452185783,0.880835016390963,0.03430668308799435,45007,1360.05
29099,MO,198.11010946555052,226984,2,0.001316614162945478,496.96045862756694,227282.850349162,0.002629765938810684,0.002186528626617073,0.8314537025321478,0.03776920561073565,87162,2737.18
29101,MO,52.576190476190476,54025,4,8.506617793153081e-4,98.5331931037,54070.95700262751,0.0016998775377797136,0.0018222942327229736,1.0720150082712159,0.02678621884916539,21727,623.9
29103,MO,2.154761904761905,3772,4,8.506617793153081e-4,5.363458136339247,3775.2086962315775,0.0016998775377797136,0.0014207050703430155,0.8357690708700476,0.02678621884916539,1412,31.61
29105,MO,29.735714285714288,36060,4,8.506617793153081e-4,60.4105780478243,36090.67486376211,0.0016998775377797136,0.0016738555949941875,0.9846918720865536,0.02678621884916539,13462,355.08
29107,MO,9.718609143593046,32858,2,0.001316614162945478,52.97991730965556,32901.26130816606,0.002629765938810684,0.0016102700991741615,0.6123244945146749,0.03776920561073565,12565,290.59
29109,MO,59.90238095238096,38231,4,8.506617793153081e-4,92.4240314373845,38263.521650485,0.0016998775377797136,0.002415460664640966,1.4209615757355718,0.02678621884916539,14201,540.52
29111,MO,2.154761904761905,9987,4,8.506617793153081e-4,10.650321094783887,9995.495559190022,0.0016998775377797136,0.0010655120630804352,0.6268169555744283,0.02678621884916539,3915,65.73
29113,MO,43.733741146168704,60172,2,0.001316614162945478,122.95704855892401,60251.22330741276,0.002629765938810684,0.002040739454061782,0.7760156232705293,0.03776920561073565,22612,662.75
29115,MO,7.326190476190477,11892,4,8.506617793153081e-4,17.44226035580812,11902.116069879617,0.0016998775377797136,0.0014654755720244406,0.8621065573573988,0.02678621884916539,4381,101.17
29117,MO,21.116666666666667,14402,4,8.506617793153081e-4,33.36789761236574,14414.2512309457,0.0016998775377797136,0.002314924103773687,1.3618181617937686,0.02678621884916539,4857,177.17
29119,MO,16.807142857142857,23381,4,8.506617793153081e-4,36.69646591931408,23400.889323062172,0.0016998775377797136,0.0015681654407530903,0.9225167142342158,0.02678621884916539,8674,214.34
29121,MO,11.635714285714286,15173,4,8.506617793153081e-4,24.542805463265456,15185.90709117755,0.0016998775377797136,0.001616156698174712,0.9507488994093344,0.02678621884916539,5731,145.95
29123,MO,6.033333333333333,12649,4,8.506617793153081e-4,16.793354179892667,12659.76002084656,0.0016998775377797136,0.001326514416721913,0.7803588124674752,0.02678621884916539,4802,100.38
29125,MO,4.30952380952381,8454,4,8.506617793153081e-4,11.501018491855426,8461.19149468233,0.0016998775377797136,0.0013592670132904518,0.7996264337170144,0.02678621884916539,3380,72.4
29127,MO,54.73095238095238,28525,4,8.506617793153081e-4,78.99607963592155,28549.26512725497,0.0016998775377797136,0.0027670092131550804,1.627769737324252,0.02678621884916539,10691,466.15
29129,MO,0,3517,4,8.506617793153081e-4,2.9917774778519384,3519.991777477852,0.0016998775377797136,8.499387688898552e-4,0.49999999999999906,0.02678621884916539,1305,17.48
29131,MO,3.878571428571429,24855,4,8.506617793153081e-4,25.02176995345341,24876.143198524882,0.0016998775377797136,0.0010058540728667765,0.5917214919967515,0.02678621884916539,9529,151.03
29133,MO,0,12305,4,8.506617793153081e-4,10.467393194474866,12315.467393194474,0.0016998775377797136,8.499387688898552e-4,0.49999999999999906,0.02678621884916539,5052,67.66
29135,MO,33.278213639106816,15401,3,0.0012836746938390434,53.048087598921924,15420.769873959815,0.0025640579713467324,0.00344004145269694,1.3416394992388219,0.03430668308799435,6042,278.1
29137,MO,6.464285714285714,8668,4,8.506617793153081e-4,13.837822017390806,8675.373536303105,0.0016998775377797136,0.0015950693027204925,0.9383436555105518,0.02678621884916539,3419,85.94
29139,MO,17.66904761904762,11421,4,8.506617793153081e-4,27.384455800607753,11430.71540818156,0.0016998775377797136,0.002395690455297948,1.4093312030154048,0.02678621884916539,4362,164.67
29141,MO,5.171428571428572,21169,4,8.506617793153081e-4,23.17908777775433,21187.007659206327,0.0016998775377797136,0.0010940236653797777,0.6435896945898415,0.02678621884916539,8202,141.4
29143,MO,5.602380952380953,16341,4,8.506617793153081e-4,19.503045088172403,16354.900664135792,0.0016998775377797136,0.0011924893638113063,0.7015148663996527,0.02678621884916539,5865,110.21
29145,MO,111.6294508147254,59019,3,0.0012836746938390434,187.3906475704119,59094.76119675569,0.0025640579713467324,0.0031710196263674837,1.2367191622824167,0.03430668308799435,22364,948.85
29147,MO,9.911904761904763,21140,4,8.506617793153081e-4,27.894894776630373,21157.982990014727,0.0016998775377797136,0.0013184099254543809,0.775591121214776,0.02678621884916539,8757,181.93
29149,MO,5.171428571428572,8783,4,8.506617793153081e-4,12.642790979154924,8790.471362407727,0.0016998775377797136,0.001438238116925284,0.8460833706902389,0.02678621884916539,3309,74.99
29151,MO,8.424864212432105,13374,3,0.0012836746938390434,25.59272956783547,13391.167865355403,0.0025640579713467324,0.0019111648681551523,0.7453672613928234,0.03430668308799435,5327,136.22
29153,MO,2.154761904761905,8688,4,8.506617793153081e-4,9.5453114434533,8695.390549538692,0.0016998775377797136,0.0010977438435999518,0.6457781923712954,0.02678621884916539,3494,60.44
29155,MO,10.773809523809524,15555,4,8.506617793153081e-4,24.005853501059143,15568.23204397725,0.0016998775377797136,0.0015419768560262488,0.9071105545875346,0.02678621884916539,5359,130.21
29157,MO,28.011904761904763,18970,4,8.506617793153081e-4,44.14895871551616,18986.13705395361,0.0016998775377797136,0.0023253260307800594,1.3679373831936577,0.02678621884916539,7206,264.04
29159,MO,12.497619047619049,43059,4,8.506617793153081e-4,49.1262646031569,43095.62864555554,0.0016998775377797136,0.0011399361407905416,0.6705989787237635,0.02678621884916539,15914,285.86
29161,MO,102.99761904761905,44843,4,8.506617793153081e-4,141.1438452174554,44881.14622616984,0.0016998775377797136,0.0031448360188081727,1.850036810837435,0.02678621884916539,18781,930.7
29163,MO,0.861904761904762,17719,4,8.506617793153081e-4,15.934780829592707,17734.072876067687,0.0016998775377797136,8.985403940172626e-4,0.5285912508679222,0.02678621884916539,7540,106.76
29165,MO,157.36670959433354,107033,2,0.001316614162945478,298.2878732968769,107173.92116370254,0.002629765938810684,0.00278321321136751,1.0583501635230026,0.03776920561073565,40435,1616.31
29167,MO,64.4502112251056,31877,3,0.0012836746938390434,105.36990944061279,31917.919698215508,0.0025640579713467324,0.003301277477883494,1.2875206078704797,0.03430668308799435,12024,531.11
29169,MO,23.271428571428572,53726,4,8.506617793153081e-4,68.97408332692282,53771.70265475549,0.0016998775377797136,0.0012827208349673275,0.7545960261600649,0.02678621884916539,23774,480.54
29171,MO,0,4698,4,8.506617793153081e-4,3.9964090392233174,4701.996409039223,0.0016998775377797136,8.499387688898552e-4,0.49999999999999906,0.02678621884916539,1846,24.72
29173,MO,0.430952380952381,10356,4,8.506617793153081e-4,9.240405767541711,10364.80945338659,0.0016998775377797136,8.915171869872155e-4,0.524459654988833,0.02678621884916539,4171,58.6
29175,MO,17.66904761904762,24652,4,8.506617793153081e-4,38.63956180272859,24672.970514183682,0.0016998775377797136,0.0015660684950973365,0.9212831279262911,0.02678621884916539,10099,249.22
29177,MO,25.4179008370895,23122,2,0.001316614162945478,55.86065351271485,23152.442752675626,0.002629765938810684,0.002412732604910956,0.9174704749587402,0.03776920561073565,8944,309.93
29179,MO,11.204761904761906,6102,4,8.506617793153081e-4,16.395500082143915,6107.190738177382,0.0016998775377797136,0.0026846222404111383,1.5793033208248894,0.02678621884916539,2556,108.13
29181,MO,0,10839,4,8.506617793153081e-4,9.220323025998624,10848.220323025998,0.0016998775377797136,8.499387688898552e-4,0.49999999999999906,0.02678621884916539,4074,54.56
29183,MO,343.8892466194462,406262,2,0.001316614162945478,878.779549686002,406796.8903030666,0.002629765938810684,0.002160241561904038,0.8214577312842566,0.03776920561073565,153781,4771.18
29185,MO,1.292857142857143,9330,4,8.506617793153081e-4,9.229531543868967,9337.936674401011,0.0016998775377797136,9.883908903741846e-4,0.5814482916605666,0.02678621884916539,3737,58.2
29186,MO,6.895238095238096,18494,4,8.506617793153081e-4,22.627377041895404,18509.732138946656,0.0016998775377797136,0.0012224583733594252,0.719144965558009,0.02678621884916539,7443,143.38
29187,MO,45.680952380952384,66814,4,8.506617793153081e-4,102.51706850412538,66870.83611612317,0.0016998775377797136,0.0015330609643657135,0.9018655346008709,0.02678621884916539,28328,684.34
29189,MO,1061.5711526078558,999703,2,0.001316614162945478,2377.7942811469393,1001019.223128539,0.002629765938810684,0.002375373245795911,0.9032641311303079,0.03776920561073565,366547,12504.96
29195,MO,5.171428571428572,23219,4,8.506617793153081e-4,24.92294442535071,23238.75151585392,0.0016998775377797136,0.0010724734677914087,0.6309121945291509,0.02678621884916539,9125,154.21
29197,MO,0.430952380952381,4066,4,8.506617793153081e-4,3.889743175648424,4069.458790794696,0.0016998775377797136,9.558379567443226e-4,0.5622981276597051,0.02678621884916539,1473,22.19
29199,MO,0,4720,4,8.506617793153081e-4,4.0151235983682545,4724.0151235983685,0.0016998775377797136,8.499387688898552e-4,0.49999999999999906,0.02678621884916539,1649,22.09
29201,MO,38.785714285714285,38055,4,8.506617793153081e-4,71.15764829755832,38087.37193401184,0.0016998775377797136,0.0018682740416125926,1.0990639031873022,0.02678621884916539,13798,406.21
29203,MO,2.585714285714286,7132,4,8.506617793153081e-4,8.652634095791063,7138.066919810077,0.0016998775377797136,0.0012121817003112776,0.7130994282650281,0.02678621884916539,2794,53.37
29205,MO,6.033333333333333,6049,4,8.506617793153081e-4,11.178986436411632,6054.145653103078,0.0016998775377797136,0.0018465010716552212,1.0862553511160689,0.02678621884916539,2265,65.9
29207,MO,18.53095238095238,28656,4,8.506617793153081e-4,42.907516329011855,28680.37656394806,0.0016998775377797136,0.001496058332195947,0.8800977123034498,0.02678621884916539,10807,254.77
29209,MO,23.271428571428572,31314,4,8.506617793153081e-4,49.90905152890813,31340.637622957478,0.0016998775377797136,0.0015924708402342465,0.9368150380492963,0.02678621884916539,12834,322.05
29211,MO,0,5983,4,8.506617793153081e-4,5.089509425643488,5988.089509425644,0.0016998775377797136,8.499387688898551e-4,0.499999999999999,0.02678621884916539,2278,30.51
29213,MO,37.49285714285715,56202,4,8.506617793153081e-4,85.30175046393609,56249.80889332108,0.0016998775377797136,0.0015164807159738552,0.892111744681678,0.02678621884916539,21170,505.88
29215,MO,34.47619047619048,24828,4,8.506617793153081e-4,55.59642113303095,24849.12023065684,0.0016998775377797136,0.0022373597381705516,1.3161887773944396,0.02678621884916539,10404,366.8
29217,MO,3.878571428571429,19777,4,8.506617793153081e-4,20.70210943809028,19793.823538009518,0.0016998775377797136,0.0010458873394691333,0.615272168861772,0.02678621884916539,7277,119.93
29219,MO,14.577913715389569,35729,2,0.001316614162945478,61.619221143268554,35776.04130742788,0.002629765938810684,0.0017223599619020755,0.65494800753295,0.03776920561073565,13566,335.58
29221,MO,48.69761904761905,23580,4,8.506617793153081e-4,68.75622380387401,23600.058604756254,0.0016998775377797136,0.0029133920790356503,1.71388350883262,0.02678621884916539,9389,431.03
29223,MO,3.878571428571429,11081,4,8.506617793153081e-4,13.304754605164359,11090.426183176593,0.0016998775377797136,0.0011996612560612639,0.7057339304737184,0.02678621884916539,4394,83.06
29225,MO,28.223295111647555,39265,3,0.0012836746938390434,78.6267819652376,39315.40348685359,0.0025640579713467324,0.001999897622608123,0.7799736374750167,0.03430668308799435,14479,387.43
29227,MO,0,1982,4,8.506617793153081e-4,1.6860116466029407,1983.686011646603,0.0016998775377797136,8.499387688898552e-4,0.49999999999999906,0.02678621884916539,781,10.46
29229,MO,31.459523809523812,18475,4,8.506617793153081e-4,47.17550018237413,18490.71597637285,0.0016998775377797136,0.002551307382724079,1.5008771667495862,0.02678621884916539,6714,269.92
29510,MO,1211.6715176715177,298018,1,0.00247692321944086,1949.8392216828438,298756.1677040113,0.004941606459101834,0.006526523742313568,1.3207291588937662,0.065875644401241,116767,10159.18
30001,MT,2.747967479674797,9469,4,8.506617793153081e-4,10.802883868011449,9477.054916388337,0.0016998775377797136,0.0011398988360118503,0.6705770331554138,0.02678621884916539,3989,71.65
30003,MT,4.121951219512195,13090,4,8.506617793153081e-4,15.257113910749577,13101.135162691236,0.0016998775377797136,0.0011645642702930073,0.6850871574043487,0.02678621884916539,4288,78.69
30005,MT,6.411924119241192,7030,4,8.506617793153081e-4,12.392076427827808,7035.980152308586,0.0016998775377797136,0.001761243801087447,1.0361004024959861,0.02678621884916539,2442,67.77
30007,MT,0,6977,3,0.0012836746938390434,8.956198338915005,6985.956198338915,0.0025640579713467324,0.0012820289856733662,0.5,0.03430668308799435,2985,51.2
30009,MT,9.058823529411764,10645,3,0.0012836746938390434,22.72354064532838,10658.664717115917,0.0025640579713467324,0.002131931273608637,0.831467656906709,0.03430668308799435,4496,128.25
30011,MT,0,1332,4,8.506617793153081e-4,1.1330814900479904,1333.133081490048,0.0016998775377797136,8.499387688898553e-4,0.4999999999999991,0.02678621884916539,539,7.22
30013,MT,93.47058823529412,84423,3,0.0012836746938390434,201.84225691326768,84531.37166867798,0.0025640579713467324,0.002387779269741316,0.9312501107325477,0.03430668308799435,33157,1059.3
30015,MT,0,5897,4,8.506617793153081e-4,5.016352512622372,5902.016352512623,0.0016998775377797136,8.499387688898551e-4,0.499999999999999,0.02678621884916539,2319,31.06
30017,MT,0,11957,4,8.506617793153081e-4,10.17136289527314,11967.171362895273,0.0016998775377797136,8.499387688898553e-4,0.4999999999999991,0.02678621884916539,4831,64.7
30019,MT,0,1535,4,8.506617793153081e-4,1.305765831248998,1536.305765831249,0.0016998775377797136,8.499387688898553e-4,0.4999999999999991,0.02678621884916539,625,8.37
30021,MT,0,8915,4,8.506617793153081e-4,7.583649762595972,8922.583649762595,0.0016998775377797136,8.499387688898553e-4,0.4999999999999991,0.02678621884916539,3665,49.09
30023,MT,25.18970189701897,9435,4,8.506617793153081e-4,33.2156957848589,9443.02599388784,0.0016998775377797136,0.0035174843113169787,2.069257480695535,0.02678621884916539,4356,241.44
30025,MT,0,2941,4,8.506617793153081e-4,2.501796292966321,2943.5017962929664,0.0016998775377797136,8.499387688898552e-4,0.49999999999999906,0.02678621884916539,1070,14.33
30027,MT,0,11496,4,8.506617793153081e-4,9.779207815008782,11505.779207815009,0.0016998775377797136,8.499387688898552e-4,0.49999999999999906,0.02678621884916539,4766,63.83
30029,MT,60.913279132791324,105950,4,8.506617793153081e-4,151.0408946512482,106040.12761551846,0.0016998775377797136,0.0014243748856932166,0.8379279412996166,0.02678621884916539,41257,926.01
30031,MT,60.94117647058823,119685,3,0.0012836746938390434,214.57778220271413,119838.63660573213,0.0025640579713467324,0.001790555936552189,0.6983289600163474,0.03430668308799435,50974,1221.2
30033,MT,0,976,4,8.506617793153081e-4,0.8302458966117408,976.8302458966117,0.0016998775377797136,8.499387688898553e-4,0.4999999999999991,0.02678621884916539,352,4.71
30035,MT,19.693766937669377,13781,4,8.506617793153081e-4,31.416736918413637,13792.722969980745,0.0016998775377797136,0.0022777762583059765,1.3399649137555416,0.02678621884916539,4751,170.53
30037,MT,0,841,4,8.506617793153081e-4,0.715406556404174,841.7154065564042,0.0016998775377797136,8.499387688898551e-4,0.499999999999999,0.02678621884916539,350,4.69
30039,MT,0,3368,4,8.506617793153081e-4,2.8650288727339577,3370.865028872734,0.0016998775377797136,8.499387688898552e-4,0.49999999999999906,0.02678621884916539,1455,19.49
30041,MT,2.289972899728997,16238,4,8.506617793153081e-4,16.10301887225097,16251.813045972522,0.0016998775377797136,9.908444569660844e-4,0.5828916701024657,0.02678621884916539,6013,93.88
30043,MT,4.117647058823529,12273,3,0.0012836746938390434,19.872186576310106,12288.754539517486,0.0025640579713467324,0.0016171033860596896,0.6306812888518003,0.03430668308799435,4994,108.05
30045,MT,0,2039,4,8.506617793153081e-4,1.7344993680239131,2040.734499368024,0.0016998775377797136,8.499387688898552e-4,0.49999999999999906,0.02678621884916539,836,11.2
30047,MT,44.883468834688344,31509,4,8.506617793153081e-4,71.68697083913439,31535.803502004444,0.0016998775377797136,0.002273193097318034,1.3372687424807987,0.02678621884916539,11967,428.66
30049,MT,48.588235294117645,71487,3,0.0012836746938390434,140.35428813258935,71578.76605283847,0.0025640579713467324,0.0019608369335255334,0.7647397037968037,0.03430668308799435,27854,730.77
30051,MT,0,1993,4,8.506617793153081e-4,1.695368926175409,1994.6953689261754,0.0016998775377797136,8.499387688898552e-4,0.49999999999999906,0.02678621884916539,678,9.08
30053,MT,8.70189701897019,20157,4,8.506617793153081e-4,25.848686504628855,20174.146789485658,0.0016998775377797136,0.0012812778044274293,0.7537471235139467,0.02678621884916539,8266,166.89
30055,MT,0,1746,4,8.506617793153081e-4,1.485255466684528,1747.4852554666845,0.0016998775377797136,8.499387688898552e-4,0.49999999999999906,0.02678621884916539,777,10.41
30057,MT,2.289972899728997,8742,4,8.506617793153081e-4,9.72645817450342,8749.436485274775,0.0016998775377797136,0.0011116668131568204,0.6539687644845394,0.02678621884916539,3924,68.74
30059,MT,0,1948,4,8.506617793153081e-4,1.6570891461062203,1949.6570891461063,0.0016998775377797136,8.499387688898552e-4,0.49999999999999906,0.02678621884916539,891,11.93
30061,MT,7.823529411764706,4652,3,0.0012836746938390434,13.795184087503936,4657.971654675739,0.0025640579713467324,0.0029616290330268824,1.1550554106510047,0.03430668308799435,1914,75.84
30063,MT,132.17647058823528,118541,3,0.0012836746938390434,284.3445524706093,118693.16808188238,0.0025640579713467324,0.002395626951961124,0.9343107600265596,0.03430668308799435,48608,1558.04
30065,MT,0,4924,4,8.506617793153081e-4,4.188658601348577,4928.188658601349,0.0016998775377797136,8.499387688898552e-4,0.49999999999999906,0.02678621884916539,1991,26.67
30067,MT,8.70189701897019,17320,4,8.506617793153081e-4,23.435359036711326,17334.733462017743,0.0016998775377797136,0.001351930739982862,0.7953106679371029,0.02678621884916539,7185,153.06
30069,MT,0.9159891598915989,416,4,8.506617793153081e-4,1.269864460086767,416.35387530019517,0.0016998775377797136,0.003049964310218519,1.7942259030037035,0.02678621884916539,179,8.6
30071,MT,0,4233,4,8.506617793153081e-4,3.600851311841699,4236.600851311841,0.0016998775377797136,8.499387688898553e-4,0.4999999999999991,0.02678621884916539,1631,21.84
30073,MT,5.495934959349594,5987,4,8.506617793153081e-4,10.588847032110344,5992.092912072761,0.0016998775377797136,0.0017671366561716902,1.039567037564263,0.02678621884916539,2292,63.82
30075,MT,2.747967479674797,1773,4,8.506617793153081e-4,4.2561908144008385,1774.5082233347262,0.0016998775377797136,0.0023985185069486104,1.4109948826557372,0.02678621884916539,744,28.12
30077,MT,1.3739837398373984,6998,4,8.506617793153081e-4,7.326914871485925,7003.952931131648,0.0016998775377797136,0.0010461113807488274,0.615403967344142,0.02678621884916539,3985,65.69
30079,MT,0,1283,4,8.506617793153081e-4,1.0913990628615402,1284.0913990628615,0.0016998775377797136,8.499387688898552e-4,0.49999999999999906,0.02678621884916539,561,7.51
30081,MT,41.67750677506775,44876,4,8.506617793153081e-4,79.8518047836215,44914.174298008555,0.0016998775377797136,0.0017778753819183992,1.0458843901429289,0.02678621884916539,18143,508.28
30083,MT,0,11366,4,8.506617793153081e-4,9.668621783697791,11375.668621783698,0.0016998775377797136,8.499387688898552e-4,0.49999999999999906,0.02678621884916539,4231,56.67
30085,MT,2.289972899728997,10799,4,8.506617793153081e-4,11.476269454555009,10808.186296554826,0.0016998775377797136,0.0010618126982334805,0.6246407018357109,0.02678621884916539,3558,59.53
30087,MT,5.037940379403794,8310,4,8.506617793153081e-4,12.106939765514003,8317.06899938611,0.0016998775377797136,0.0014556738397153643,0.8563404170965664,0.02678621884916539,2930,67.21
30089,MT,4.121951219512195,12615,4,8.506617793153081e-4,14.853049565574807,12625.731098346063,0.0016998775377797136,0.0011764110489823846,0.6920563527881826,0.02678621884916539,5333,98.86
30091,MT,1.3739837398373984,3700,4,8.506617793153081e-4,4.5214323233040385,3703.1474485834665,0.0016998775377797136,0.0012209701034274461,0.7182694495876509,0.02678621884916539,1503,28.92
30093,MT,30.227642276422763,35306,4,8.506617793153081e-4,60.261107056929035,35336.03346478051,0.0016998775377797136,0.0017053727073524367,1.0032326855615143,0.02678621884916539,14361,385.92
30095,MT,4.117647058823529,8978,3,0.0012836746938390434,15.64247846011046,8989.524831401286,0.0025640579713467324,0.0017400784528087358,0.6786423989839769,0.03430668308799435,3638,84.7
30097,MT,0,3697,4,8.506617793153081e-4,3.144896598128694,3700.1448965981285,0.0016998775377797136,8.499387688898552e-4,0.49999999999999906,0.02678621884916539,1526,20.44
30099,MT,1.8319783197831978,6238,4,8.506617793153081e-4,7.138406499152089,6243.306428179369,0.0016998775377797136,0.001143369556062899,0.6726187802659628,0.02678621884916539,2337,42.11
30101,MT,0,5018,4,8.506617793153081e-4,4.268620808604216,5022.268620808604,0.0016998775377797136,8.499387688898552e-4,0.49999999999999906,0.02678621884916539,2402,32.17
30103,MT,1.8319783197831978,680,4,8.506617793153081e-4,2.4104283297176075,680.5784500099344,0.0016998775377797136,0.0035417347253390444,2.0835234577927673,0.02678621884916539,307,17.13
30105,MT,17.86178861788618,7552,4,8.506617793153081e-4,24.285986375275385,7558.424197757389,0.0016998775377797136,0.003213101797393314,1.8901960441162666,0.02678621884916539,2923,148
30107,MT,1.8319783197831978,2060,4,8.506617793153081e-4,3.5843415851727327,2061.7523632653897,0.0016998775377797136,0.001738492773931335,1.0227164812131457,0.02678621884916539,728,19.94
30109,MT,0,1119,4,8.506617793153081e-4,0.9518905310538297,1119.9518905310538,0.0016998775377797136,8.499387688898552e-4,0.49999999999999906,0.02678621884916539,418,5.6
30111,MT,170.47058823529412,165524,3,0.0012836746938390434,382.9495582583079,165736.47897002302,0.0025640579713467324,0.0023105930609734534,0.9011469657840262,0.03430668308799435,62487,1931.81
31001,NE,18.62157809983897,31143,4,8.506617793153081e-4,45.113737893055614,31169.492159793215,0.0016998775377797136,0.0014473683966930216,0.8514545104134351,0.02678621884916539,11696,266.75
31003,NE,0.31561996779388085,6302,4,8.506617793153081e-4,5.676490501038952,6307.360870533245,0.0016998775377797136,8.999787102016635e-4,0.5294373801639652,0.02678621884916539,2395,33.96
31005,NE,0,485,4,8.506617793153081e-4,0.41257096296792445,485.41257096296795,0.0016998775377797136,8.499387688898552e-4,0.49999999999999906,0.02678621884916539,159,2.13
31007,NE,0,670,4,8.506617793153081e-4,0.5699433921412564,670.5699433921412,0.0016998775377797136,8.499387688898553e-4,0.4999999999999991,0.02678621884916539,257,3.44
31009,NE,0,384,4,8.506617793153081e-4,0.3266541232570783,384.3266541232571,0.0016998775377797136,8.499387688898553e-4,0.4999999999999991,0.02678621884916539,169,2.26
31011,NE,2.524959742351047,5397,4,8.506617793153081e-4,7.115981365315765,5401.591021622965,0.0016998775377797136,0.0013173861806327005,0.7749888749947232,0.02678621884916539,2076,43.1
31013,NE,0,10778,4,8.506617793153081e-4,9.168432657460391,10787.16843265746,0.0016998775377797136,8.499387688898553e-4,0.4999999999999991,0.02678621884916539,4015,53.77
31015,NE,0.31561996779388085,1767,4,8.506617793153081e-4,1.8187393318440304,1768.5031193640502,0.0016998775377797136,0.001028406063823085,0.604988324727399,0.02678621884916539,757,12.27
31017,NE,1.5780998389694043,2691,4,8.506617793153081e-4,3.8672306871068987,2693.2891308481376,0.0016998775377797136,0.0014358765432247067,0.8446941096122546,0.02678621884916539,1055,23.87
31019,NE,15.780998389694043,50103,4,8.506617793153081e-4,58.401705518728924,50145.620707129034,0.0016998775377797136,0.0011646421899894073,0.6851329958219218,0.02678621884916539,19201,352.38
31021,NE,0.31561996779388085,6717,4,8.506617793153081e-4,6.029515139454805,6722.713895171661,0.0016998775377797136,8.968870657704591e-4,0.5276186347764343,0.02678621884916539,2567,36.28
31023,NE,0,8373,4,8.506617793153081e-4,7.1225910782070745,8380.122591078207,0.0016998775377797136,8.499387688898552e-4,0.49999999999999906,0.02678621884916539,3243,43.43
31025,NE,32.0869092884302,26749,3,0.0012836746938390434,66.42392367393077,26783.3370143855,0.0025640579713467324,0.002480046591589915,0.9672349920728619,0.03430668308799435,10303,341.88
31027,NE,14.518518518518519,8375,4,8.506617793153081e-4,21.642810920284226,8382.124292401766,0.0016998775377797136,0.002582019803727203,1.518944598267764,0.02678621884916539,3150,128.16
31029,NE,0,3704,4,8.506617793153081e-4,3.150851230583901,3707.150851230584,0.0016998775377797136,8.499387688898552e-4,0.49999999999999906,0.02678621884916539,1375,18.42
31031,NE,4.103059581320451,5473,4,8.506617793153081e-4,8.758731499513132,5477.655671918193,0.0016998775377797136,0.0015989927122319384,0.9406517097228395,0.02678621884916539,2173,54.75
31033,NE,3.4718196457326895,9489,4,8.506617793153081e-4,11.543749269655649,9497.071929623922,0.0016998775377797136,0.0012155061428615265,0.7150551235879931,0.02678621884916539,3675,70.39
31035,NE,5.049919484702094,6088,4,8.506617793153081e-4,10.228748397173689,6093.1788289124715,0.0016998775377797136,0.001678721187147456,0.9875541913096335,0.02678621884916539,2332,61.69
31037,NE,17.043478260869566,10563,4,8.506617793153081e-4,26.029018635777163,10571.985540374908,0.0016998775377797136,0.002462074748056656,1.4483836001930366,0.02678621884916539,4107,159.34
31039,NE,3.1561996779388086,9000,4,8.506617793153081e-4,10.812155691776582,9007.655956013838,0.0016998775377797136,0.0012003295579420964,0.7061270775481278,0.02678621884916539,3491,66.03
31041,NE,3.1561996779388086,10566,4,8.506617793153081e-4,12.144292038184354,10574.988092360245,0.0016998775377797136,0.0011483977033466194,0.6755767270426982,0.02678621884916539,4026,72.86
31043,NE,20.054318305268875,21308,3,0.0012836746938390434,47.40685868159121,21335.352540376323,0.0025640579713467324,0.0022219861889732346,0.866589684712226,0.03430668308799435,7489,222.65
31045,NE,0.6312399355877617,8279,4,8.506617793153081e-4,7.673868806539198,8286.042628870951,0.0016998775377797136,9.261198801706903e-4,0.5448156467673178,0.02678621884916539,3190,46.55
31047,NE,31.246376811594203,24037,4,8.506617793153081e-4,51.693734000996265,24057.4473571894,0.0016998775377797136,0.0021487622204251836,1.2640688359420165,0.02678621884916539,9032,305.82
31049,NE,0.6312399355877617,1858,4,8.506617793153081e-4,2.2117695215556044,1859.580529585968,0.0016998775377797136,0.0011893916323419725,0.6996925401435038,0.02678621884916539,770,14.43
31051,NE,3.78743961352657,5579,4,8.506617793153081e-4,8.533281680326674,5583.7458420668,0.0016998775377797136,0.0015282360482883504,0.8990271442050162,0.02678621884916539,2102,50.62
31053,NE,30.615136876006442,37175,4,8.506617793153081e-4,62.23848852205302,37206.62335164605,0.0016998775377797136,0.0016727798148686217,0.9840590146590881,0.02678621884916539,13966,368.13
31055,NE,922.4986420423683,582638,3,0.0012836746938390434,1670.4162983113608,583385.917656269,0.0025640579713467324,0.0028633126850613664,1.116711368096508,0.03430668308799435,214243,8207.79
31057,NE,0,1825,4,8.506617793153081e-4,1.5524577472504373,1826.5524577472504,0.0016998775377797136,8.499387688898552e-4,0.49999999999999906,0.02678621884916539,694,9.29
31059,NE,0.6312399355877617,5557,4,8.506617793153081e-4,5.358367443242929,5561.7271275076555,0.0016998775377797136,9.634358752951159e-4,0.5667678134940842,0.02678621884916539,2275,34.54
31061,NE,1.5780998389694043,2901,4,8.506617793153081e-4,4.045869660763113,2903.467769821794,0.0016998775377797136,0.001393461192445555,0.819742105814056,0.02678621884916539,1153,25.32
31063,NE,0,2491,4,8.506617793153081e-4,2.1189984922744323,2493.1189984922744,0.0016998775377797136,8.499387688898552e-4,0.49999999999999906,0.02678621884916539,1044,13.98
31065,NE,1.893719806763285,4630,4,8.506617793153081e-4,5.832283844993162,4633.93856403823,0.0016998775377797136,0.0012586018921905253,0.7404073906608836,0.02678621884916539,1809,35.88
31067,NE,6.628019323671498,21654,4,8.506617793153081e-4,25.04824949296518,21672.420230169293,0.0016998775377797136,0.0011557661408805894,0.6799114143188147,0.02678621884916539,8359,152.24
31069,NE,0,1778,4,8.506617793153081e-4,1.5124766436226178,1779.5124766436227,0.0016998775377797136,8.499387688898552e-4,0.49999999999999906,0.02678621884916539,652,8.73
31071,NE,0,1833,4,8.506617793153081e-4,1.5592630414849598,1834.5592630414849,0.0016998775377797136,8.499387688898553e-4,0.4999999999999991,0.02678621884916539,727,9.74
31073,NE,0,1873,4,8.506617793153081e-4,1.5932895126575721,1874.5932895126575,0.0016998775377797136,8.499387688898553e-4,0.4999999999999991,0.02678621884916539,795,10.65
31075,NE,0,649,4,8.506617793153081e-4,0.552079494775635,649.5520794947756,0.0016998775377797136,8.499387688898553e-4,0.4999999999999991,0.02678621884916539,280,3.75
31077,NE,0,2212,4,8.506617793153081e-4,1.8816638558454615,2213.8816638558455,0.0016998775377797136,8.499387688898552e-4,0.49999999999999906,0.02678621884916539,860,11.52
31079,NE,50.13579576317218,62575,3,0.0012836746938390434,130.46173973015033,62655.32594396698,0.0025640579713467324,0.0020822130882667982,0.8120772274010433,0.03430668308799435,23038,641.83
31081,NE,0.6312399355877617,9400,4,8.506617793153081e-4,8.627460661151657,9407.996220725563,0.0016998775377797136,9.170348774317737e-4,0.5394711425092151,0.02678621884916539,3553,51.34
31083,NE,0,3094,4,8.506617793153081e-4,2.6319475452015633,3096.6319475452015,0.0016998775377797136,8.499387688898553e-4,0.4999999999999991,0.02678621884916539,1201,16.09
31085,NE,0,919,4,8.506617793153081e-4,0.7817581751907682,919.7817581751908,0.0016998775377797136,8.499387688898552e-4,0.49999999999999906,0.02678621884916539,364,4.88
31087,NE,0.9468599033816425,2620,4,8.506617793153081e-4,3.1755937651877497,2622.228733861806,0.0016998775377797136,0.0012110285133330044,0.7124210341144829,0.02678621884916539,1012,19.31
31089,NE,3.78743961352657,10149,4,8.506617793153081e-4,12.42080601179763,10157.633366398271,0.0016998775377797136,0.0012228051125458019,0.7193489444792374,0.02678621884916539,3790,73.03
31091,NE,0,659,4,8.506617793153081e-4,0.560586112568788,659.5605861125688,0.0016998775377797136,8.499387688898552e-4,0.49999999999999906,0.02678621884916539,276,3.7
31093,NE,5.514937533948941,6476,3,0.0012836746938390434,13.828014851250586,6484.313077317302,0.0025640579713467324,0.002132533498362718,0.831702528645496,0.03430668308799435,2472,70.53
31095,NE,1.2624798711755234,7185,4,8.506617793153081e-4,7.374484755556012,7191.11200488438,0.0016998775377797136,0.0010254999158053832,0.6032787027381011,0.02678621884916539,2715,43.87
31097,NE,0,5294,4,8.506617793153081e-4,4.5034034596952415,5298.503403459696,0.0016998775377797136,8.499387688898552e-4,0.49999999999999906,0.02678621884916539,2613,35
31099,NE,0,6655,4,8.506617793153081e-4,5.661154141343375,6660.661154141343,0.0016998775377797136,8.499387688898552e-4,0.49999999999999906,0.02678621884916539,2452,32.84
31101,NE,12.624798711755234,8303,4,8.506617793153081e-4,19.68784346541024,8310.063044753655,0.0016998775377797136,0.002369156931708196,1.3937221235375923,0.02678621884916539,3317,123.83
31103,NE,0,987,4,8.506617793153081e-4,0.8396031761842091,987.8396031761843,0.0016998775377797136,8.499387688898552e-4,0.49999999999999906,0.02678621884916539,395,5.29
31105,NE,0,3395,4,8.506617793153081e-4,2.887996740775471,3397.8879967407756,0.0016998775377797136,8.499387688898552e-4,0.49999999999999906,0.02678621884916539,1409,18.87
31107,NE,1.2624798711755234,8415,4,8.506617793153081e-4,8.42079874411384,8422.158318872938,0.0016998775377797136,9.99838571692953e-4,0.5881827069724606,0.02678621884916539,3180,50.1
31109,NE,331.8989679521999,322063,3,0.0012836746938390434,745.3230908740836,322476.4241229219,0.0025640579713467324,0.0023112483118765317,0.9014025180805814,0.03430668308799435,125168,3870.71
31111,NE,14.518518518518519,34532,4,8.506617793153081e-4,43.893571081834736,34561.375052563315,0.0016998775377797136,0.0012700180769740317,0.7471232772643489,0.02678621884916539,13166,263.49
31113,NE,0,839,4,8.506617793153081e-4,0.7137052328455434,839.7137052328455,0.0016998775377797136,8.499387688898552e-4,0.49999999999999906,0.02678621884916539,307,4.11
31115,NE,0,629,4,8.506617793153081e-4,0.5350662591893288,629.5350662591893,0.0016998775377797136,8.499387688898553e-4,0.4999999999999991,0.02678621884916539,258,3.46
31117,NE,0.31561996779388085,456,4,8.506617793153081e-4,0.7035217391616613,456.3879017713678,0.0016998775377797136,0.0015414995367561204,0.9068297583186741,0.02678621884916539,178,4.32
31119,NE,14.202898550724639,35538,4,8.506617793153081e-4,44.43371686403206,35568.23081831331,0.0016998775377797136,0.001249252938415877,0.7349076099020536,0.02678621884916539,13275,261.32
31121,NE,4.010863661053775,7675,3,0.0012836746938390434,13.863066936268432,7684.852203275214,0.0025640579713467324,0.001803947111742776,0.7035516091686804,0.03430668308799435,3010,72.65
31123,NE,3.1561996779388086,4562,4,8.506617793153081e-4,7.0369187151752435,4565.880719037236,0.0016998775377797136,0.0015411963536049297,0.9066514024404108,0.02678621884916539,1822,44.25
31125,NE,0,3366,4,8.506617793153081e-4,2.863327549175327,3368.863327549175,0.0016998775377797136,8.499387688898552e-4,0.49999999999999906,0.02678621884916539,1301,17.42
31127,NE,3.78743961352657,7019,4,8.506617793153081e-4,9.758234642540717,7024.970795029014,0.0016998775377797136,0.0013890783217840289,0.8171637608661895,0.02678621884916539,2795,61.18
31129,NE,2.524959742351047,4092,4,8.506617793153081e-4,6.005867743309288,4095.480908000958,0.0016998775377797136,0.0014664621513864674,0.8626869399673811,0.02678621884916539,1660,38.36
31131,NE,20.199677938808374,15995,4,8.506617793153081e-4,33.806013098956726,16008.606335160148,0.0016998775377797136,0.002111739922338376,1.2422894446247077,0.02678621884916539,6052,201.39
31133,NE,0,2553,4,8.506617793153081e-4,2.1717395225919818,2555.171739522592,0.0016998775377797136,8.499387688898553e-4,0.4999999999999991,0.02678621884916539,941,12.6
31135,NE,0,2860,4,8.506617793153081e-4,2.4328926888417812,2862.432892688842,0.0016998775377797136,8.499387688898552e-4,0.49999999999999906,0.02678621884916539,1111,14.88
31137,NE,0.9468599033816425,8966,4,8.506617793153081e-4,8.573893416722695,8973.627033513341,0.0016998775377797136,9.554546210470102e-4,0.5620726198282332,0.02678621884916539,3416,51.43
31139,NE,2.8405797101449277,7301,4,8.506617793153081e-4,9.051261360925992,7307.210681650781,0.0016998775377797136,0.0012386752969439784,0.728685019605511,0.02678621884916539,2797,54.59
31141,NE,9.468599033816426,34219,4,8.506617793153081e-4,38.57739446020695,34248.10879542639,0.0016998775377797136,0.001126409481196191,0.6626415469125176,0.02678621884916539,12806,227.3
31143,NE,2.209339774557166,5182,4,8.506617793153081e-4,6.617469114969093,5186.4081293404115,0.0016998775377797136,0.0012759252550012254,0.7505983382001558,0.02678621884916539,1999,40.19
31145,NE,6.943639291465379,10690,4,8.506617793153081e-4,16.037213712346023,10699.09357442088,0.0016998775377797136,0.0014989319983785714,0.8817882259544378,0.02678621884916539,4122,97.36
31147,NE,0,7850,4,8.506617793153081e-4,6.677694967625168,7856.677694967625,0.0016998775377797136,8.499387688898552e-4,0.49999999999999906,0.02678621884916539,3072,41.14
31149,NE,0,1312,4,8.506617793153081e-4,1.1160682544616842,1313.1160682544617,0.0016998775377797136,8.499387688898552e-4,0.49999999999999906,0.02678621884916539,501,6.71
31151,NE,25.24959742351047,14275,4,8.506617793153081e-4,37.392794323236494,14287.143196899726,0.0016998775377797136,0.002617233816999233,1.5396602160045716,0.02678621884916539,5453,224.89
31153,NE,169.96034763715372,191272,3,0.0012836746938390434,415.49137367713524,191517.53102603997,0.0025640579713467324,0.0021694691418126227,0.8461076801134656,0.03430668308799435,70197,2037.62
31155,NE,17.046170559478544,22374,3,0.0012836746938390434,45.7671081594333,22402.720937599956,0.0025640579713467324,0.0020429263162680994,0.7967551198521005,0.03430668308799435,8635,236.03
31157,NE,28.405797101449277,36048,4,8.506617793153081e-4,59.07045292220751,36078.66465582076,0.0016998775377797136,0.001637268271587135,0.9631683666610741,0.02678621884916539,13085,337.59
31159,NE,2.5067897881586094,17644,3,0.0012836746938390434,25.15594608625469,17666.649156298095,0.0025640579713467324,0.0014239228879058081,0.5553395842910347,0.03430668308799435,6994,133.25
31161,NE,0,5102,4,8.506617793153081e-4,4.340076398066702,5106.340076398067,0.0016998775377797136,8.499387688898552e-4,0.49999999999999906,0.02678621884916539,1958,26.22
31163,NE,0,2970,4,8.506617793153081e-4,2.526465484566465,2972.5264654845664,0.0016998775377797136,8.499387688898553e-4,0.4999999999999991,0.02678621884916539,1174,15.72
31165,NE,0,1162,4,8.506617793153081e-4,0.9884689875643881,1162.9884689875644,0.0016998775377797136,8.499387688898553e-4,0.4999999999999991,0.02678621884916539,426,5.71
31167,NE,0,5828,4,8.506617793153081e-4,4.957656849849616,5832.95765684985,0.0016998775377797136,8.499387688898552e-4,0.49999999999999906,0.02678621884916539,2250,30.13
31169,NE,0.6312399355877617,5006,4,8.506617793153081e-4,4.889652802840194,5010.258412867252,0.0016998775377797136,9.759282655526667e-4,0.5741168077480278,0.02678621884916539,1920,29.53
31171,NE,0,592,4,8.506617793153081e-4,0.5035917733546624,592.5035917733546,0.0016998775377797136,8.499387688898553e-4,0.4999999999999991,0.02678621884916539,243,3.25
31173,NE,2.209339774557166,6716,4,8.506617793153081e-4,7.922384284438775,6721.713044509882,0.0016998775377797136,0.001178625780657145,0.6933592299811203,0.02678621884916539,2105,39.1
31175,NE,0,4053,4,8.506617793153081e-4,3.4477321915649437,4056.447732191565,0.0016998775377797136,8.499387688898552e-4,0.49999999999999906,0.02678621884916539,1564,20.95
31177,NE,0,20884,3,0.0012836746938390434,26.80826230613458,20910.808262306135,0.0025640579713467324,0.0012820289856733662,0.5,0.03430668308799435,7834,134.38
31179,NE,2.8405797101449277,9701,4,8.506617793153081e-4,11.092849631282732,9709.252269921139,0.0016998775377797136,0.0011425029778706977,0.6721089916647597,0.02678621884916539,3889,70.01
31181,NE,1.2624798711755234,3410,4,8.506617793153081e-4,4.163236538640724,3412.900756667465,0.0016998775377797136,0.0012198527983878227,0.7176121639804284,0.02678621884916539,1330,25.57
31183,NE,0,771,4,8.506617793153081e-4,0.6558602318521025,771.6558602318521,0.0016998775377797136,8.499387688898552e-4,0.49999999999999906,0.02678621884916539,321,4.3
31185,NE,5.681159420289855,14212,4,8.506617793153081e-4,17.770764627919014,14224.08960520763,0.0016998775377797136,0.0012493428487270566,0.7349605021305707,0.02678621884916539,5300,104.34
32001,NV,18.24390243902439,25409,4,8.506617793153081e-4,39.85836758964705,25430.614465150622,0.0016998775377797136,0.0015673379675614132,0.9220299302316706,0.02678621884916539,10178,251.37
32003,NV,4677.752952290978,2265926,1,0.00247692321944086,10290.277675225727,2271538.5247229347,0.004941606459101834,0.004530091637552508,0.9167244852549182,0.065875644401241,874463,52808.66
32005,NV,37.91869918699187,49476,4,8.506617793153081e-4,80.00604138039606,49518.0873421934,0.0016998775377797136,0.0016156932885455868,0.9504762858716966,0.02678621884916539,21066,536.33
32007,NV,40.78048780487805,53600,4,8.506617793153081e-4,86.37595917617855,53645.5954713713,0.0016998775377797136,0.0016101221063390798,0.9471988837749645,0.02678621884916539,20751,526.49
32009,NV,0,980,4,8.506617793153081e-4,0.8336485437290019,980.833648543729,0.0016998775377797136,8.499387688898551e-4,0.499999999999999,0.02678621884916539,490,6.56
32011,NV,0,1622,4,8.506617793153081e-4,1.3797734060494298,1623.3797734060495,0.0016998775377797136,8.499387688898552e-4,0.49999999999999906,0.02678621884916539,613,8.21
32013,NV,16.097560975609756,17266,4,8.506617793153081e-4,30.785087257267868,17280.687526281657,0.0016998775377797136,0.0017814735212616855,1.0480010951780374,0.02678621884916539,6710,188.36
32015,NV,1.7886178861788617,5728,4,8.506617793153081e-4,6.661208558096947,5732.872590671918,0.0016998775377797136,0.0011619320772862708,0.6835386970310358,0.02678621884916539,2353,43.08
32017,NV,12.878048780487806,4507,4,8.506617793153081e-4,16.7119814198619,4510.833932639374,0.0016998775377797136,0.003704854062335964,2.17948292156095,0.02678621884916539,1975,115.3
32019,NV,115.91928251121077,59435,3,0.0012836746938390434,192.2144879395343,59511.29520542832,0.0025640579713467324,0.003229882449642962,1.2596760626073191,0.03430668308799435,24325,1051.21
32021,NV,0,4568,4,8.506617793153081e-4,3.8858230079123275,4571.885823007912,0.0016998775377797136,8.499387688898553e-4,0.4999999999999991,0.02678621884916539,1709,22.89
32023,NV,89.78861788617887,51698,4,8.506617793153081e-4,133.76613055322167,51741.97751266704,0.0016998775377797136,0.0025852535404251634,1.5208469333631405,0.02678621884916539,22182,903.64
32027,NV,0,6587,4,8.506617793153081e-4,5.603309140349935,6592.60330914035,0.0016998775377797136,8.499387688898553e-4,0.4999999999999991,0.02678621884916539,3703,49.59
32029,NV,0,4095,3,0.0012836746938390434,5.256647871270882,4100.256647871271,0.0025640579713467324,0.0012820289856733662,0.5,0.03430668308799435,1813,31.1
32031,NV,950.9596412556053,486674,3,0.0012836746938390434,1575.690739205028,487298.73109794944,0.0025640579713467324,0.003233521120924705,1.2610951690871277,0.03430668308799435,194645,8421.12
32033,NV,2.5040650406504064,8997,4,8.506617793153081e-4,10.157469069150233,9004.6534040285,0.0016998775377797136,0.0011280244350777551,0.6635915882217719,0.02678621884916539,4275,75.99
32510,NV,73.34529147982063,58249,3,0.0012836746938390434,148.11805872125106,58323.77276724143,0.0025640579713467324,0.002539582946946192,0.9904545744776256,0.03430668308799435,24347,827.29
33001,NH,90.8054298642534,63914,4,8.506617793153081e-4,145.174626827412,63968.36919696316,0.0016998775377797136,0.002269475189845922,1.3350815805297278,0.02678621884916539,25904,926.37
33003,NH,56.950226244343895,50679,4,8.506617793153081e-4,100.06091455826439,50722.11068831392,0.0016998775377797136,0.0019727277355064375,1.160511679025482,0.02678621884916539,21513,668.75
33005,NH,71.90950226244344,76610,4,8.506617793153081e-4,137.0787011757892,76675.16919891334,0.0016998775377797136,0.0017877847888431125,1.051713872975943,0.02678621884916539,30789,867.37
33007,NH,35.42986425339367,31430,4,8.506617793153081e-4,62.1661639772738,31456.73629972388,0.0016998775377797136,0.0019762432880813348,1.1625798001087742,0.02678621884916539,14107,439.31
33009,NH,104.71493212669684,90836,4,8.506617793153081e-4,181.98564551258215,90913.27071338588,0.0016998775377797136,0.002001750064479717,1.177584867139484,0.02678621884916539,37737,1190.34
33011,NH,858.1930116472546,422733,3,0.0012836746938390434,1400.844665997915,423275.6516543507,0.0025640579713467324,0.0033095328316731353,1.290740251841831,0.03430668308799435,169079,7486.99
33013,NH,172.42533936651586,153918,4,8.506617793153081e-4,303.35749911516945,154048.93215974866,0.0016998775377797136,0.0019692281852404397,1.15845297174321,0.02678621884916539,62162,1928.92
33015,NH,489.13454545454545,315169,2,0.001316614162945478,904.0905145759089,315583.95596912137,0.002629765938810684,0.0028648177370093255,1.089381261932742,0.03776920561073565,126714,5213.66
33017,NH,166.57454545454547,130965,2,0.001316614162945478,339.0049193047,131137.43037385016,0.002629765938810684,0.002585111804755176,0.9830197306168992,0.03776920561073565,52568,1951.74
33019,NH,43.30316742081448,43356,4,8.506617793153081e-4,80.18445952480897,43392.88129210399,0.0016998775377797136,0.0018478712898790562,1.0870614199024264,0.02678621884916539,17912,521.57
34001,NJ,399.5847033595426,274339,3,0.0012836746938390434,751.7467351926518,274691.1620318331,0.0025640579713467324,0.0027366979324421597,1.0673307557881582,0.03430668308799435,104331,3820.24
34003,NJ,976.351695380226,953243,2,0.001316614162945478,2231.4049299088624,954498.0532345286,0.002629765938810684,0.0023377783981300445,0.888968239959526,0.03776920561073565,365224,12262.62
34005,NJ,424.02084933611326,461853,2,0.001316614162945478,1032.1030503349712,462461.08220099885,0.002629765938810684,0.00223176195805032,0.8486542186562953,0.03776920561073565,179880,5765.69
34007,NJ,845.2823439043126,522581,2,0.001316614162945478,1533.3198897905236,523269.03754588624,0.002629765938810684,0.002930270625186885,1.114270506717455,0.03776920561073565,193091,8126.26
34009,NJ,108.16940671908506,95456,3,0.0012836746938390434,230.70385829418478,95578.5344515751,0.0025640579713467324,0.0024137622492116256,0.9413836489601027,0.03430668308799435,38091,1230.18
34011,NJ,128.4203002144389,153588,3,0.0012836746938390434,325.5773290917899,153785.15702887735,0.0025640579713467324,0.0021170920222857003,0.825680248240928,0.03430668308799435,60146,1703.72
34013,NJ,1643.0196483971047,853374,1,0.00247692321944086,3756.7615238642293,855487.7418754671,0.004941606459101834,0.00439136803483398,0.8886519133359189,0.065875644401241,312081,18269.38
34015,NJ,363.31504444200596,302621,2,0.001316614162945478,761.7501390467295,303019.43509460473,0.002629765938810684,0.0025138656166027963,0.9559275141192588,0.03776920561073565,115491,4169.76
34017,NJ,2041.9855222337126,712029,1,0.00247692321944086,3805.6266852489684,713792.6411630153,0.004941606459101834,0.005331557746306105,1.0789118458605762,0.065875644401241,283490,20148.77
34019,NJ,213.8499945133326,129099,2,0.001316614162945478,383.8235663354309,129268.9735718221,0.002629765938810684,0.0029691855340846945,1.129068366984597,0.03776920561073565,51302,2187.72
34021,NJ,506.76626161543965,383732,3,0.0012836746938390434,999.3533192316834,384224.58705761627,0.0025640579713467324,0.0026009613983444158,1.0143925868330896,0.03430668308799435,147249,5124.33
34023,NJ,844.3625589816745,860147,2,0.001316614162945478,1976.8442813967386,861279.4817224151,0.002629765938810684,0.00229524135120853,0.872793018319553,0.03776920561073565,332695,10967.19
34025,NJ,971.7527707670362,643064,2,0.001316614162945478,1818.4199408474071,643910.6671700804,0.002629765938810684,0.002824025184796474,1.0738694053029085,0.03776920561073565,247385,10033.74
34027,NJ,482.4271919236256,508816,2,0.001316614162945478,1152.341543856892,509485.9143519333,0.002629765938810684,0.0022617731155976546,0.8600663208150552,0.03776920561073565,198018,6432.42
34029,NJ,714.212992428399,638691,2,0.001316614162945478,1555.1226087742093,639531.9096163458,0.002629765938810684,0.0024316575692167183,0.9246669193367222,0.03776920561073565,230610,8053.81
34031,NJ,388.1492373532317,519986,2,0.001316614162945478,1072.7701694865991,520670.62093213334,0.002629765938810684,0.002060362398719687,0.7834774830384674,0.03776920561073565,192724,5702.96
34033,NJ,71.2833315044442,64840,2,0.001316614162945478,156.65259382982902,64925.36926232539,0.002629765938810684,0.0024128102097792873,0.9174999851395461,0.03776920561073565,24803,859.5
34035,NJ,388.1492373532317,344978,2,0.001316614162945478,842.3521580578368,345432.2029207046,0.002629765938810684,0.00243854554073293,0.9272861530162514,0.03776920561073565,132202,4630.09
34037,NJ,191.77515637002085,144808,2,0.001316614162945478,382.43142007782967,144998.65626370782,0.002629765938810684,0.002637482511440002,1.0029343191785378,0.03776920561073565,58400,2212.19
34039,NJ,682.9403050587074,572079,2,0.001316614162945478,1436.1476187823937,572832.2073137236,0.002629765938810684,0.002507099985730825,0.9533548019352114,0.03776920561073565,213975,7704.69
34041,NJ,157.06790564689064,109739,3,0.0012836746938390434,297.93708287409345,109879.8691772272,0.0025640579713467324,0.0027114801383094607,1.0574956450322754,0.03430668308799435,43636,1583.08
35001,NM,1475.6155899626267,674692,3,0.0012836746938390434,2341.7006364982785,675558.0850465357,0.0025640579713467324,0.003466320200041675,1.3518883889435007,0.03430668308799435,259925,12055.01
35003,NM,7.953191489361702,3635,4,8.506617793153081e-4,11.045347057172847,3638.092155567811,0.0016998775377797136,0.0030360272870682565,1.7860270634752595,0.02678621884916539,1668,79.8
35005,NM,70.44255319148937,64701,4,8.506617793153081e-4,125.48122097496912,64756.03866778348,0.0016998775377797136,0.001937753197330719,1.1399369391407486,0.02678621884916539,24209,739.21
35006,NM,3.124468085106383,27211,4,8.506617793153081e-4,26.271825762055233,27234.14735767695,0.0016998775377797136,9.646648898905054e-4,0.567490815338673,0.02678621884916539,10667,162.15
35007,NM,4.828723404255319,12370,4,8.506617793153081e-4,15.35140961438568,12380.52268621013,0.0016998775377797136,0.0012399645801291273,0.7294434761157564,0.02678621884916539,5239,102.36
35009,NM,28.972340425531915,48327,4,8.506617793153081e-4,70.08227223450281,48368.10993180897,0.0016998775377797136,0.0014489355141912143,0.8523764106464599,0.02678621884916539,18412,420.38
35011,NM,0,1695,4,8.506617793153081e-4,1.4418717159394472,1696.4418717159394,0.0016998775377797136,8.499387688898552e-4,0.49999999999999906,0.02678621884916539,807,10.81
35013,NM,450.7520021356113,219870,3,0.0012836746938390434,732.9935570700018,220152.2415549344,0.0025640579713467324,0.0033294848687111757,1.2985216816148717,0.03430668308799435,81998,3652.84
35015,NM,33.51702127659574,61264,4,8.506617793153081e-4,85.63196452456879,61316.11494324797,0.0016998775377797136,0.0013965653988976096,0.8215682411579639,0.02678621884916539,23045,507.14
35017,NM,10.793617021276596,28006,4,8.506617793153081e-4,34.617250812781116,28029.823633791504,0.0016998775377797136,0.0012350149349868939,0.7265317103960338,0.02678621884916539,11150,216.99
35019,NM,1.704255319148936,4413,4,8.506617793153081e-4,5.45822575126739,4416.753970432119,0.0016998775377797136,0.0012358002704717958,0.726993705726549,0.02678621884916539,2125,41.38
35021,NM,3.6925531914893615,671,4,8.506617793153081e-4,4.263347245409933,671.5707940539206,0.0016998775377797136,0.006348321402832815,3.7345757336876413,0.02678621884916539,294,29.41
35023,NM,2.5563829787234043,4160,4,8.506617793153081e-4,6.095135980675086,4163.538753001952,0.0016998775377797136,0.0014639316077652536,0.8611982776579074,0.02678621884916539,1654,38.15
35025,NM,42.6063829787234,73103,4,8.506617793153081e-4,104.79231103201036,73165.18592805328,0.0016998775377797136,0.001432270139175994,0.842572542635481,0.02678621884916539,26632,601.07
35027,NM,1.1361702127659574,20222,4,8.506617793153081e-4,18.338252714080117,20239.202082501313,0.0016998775377797136,9.060758739068698e-4,0.5330242054320785,0.02678621884916539,8110,115.79
35028,NM,7.669148936170212,19253,4,8.506617793153081e-4,24.04694017332784,19269.37779123716,0.0016998775377797136,0.0012479354774113827,0.7341325770098517,0.02678621884916539,7810,153.58
35029,NM,22.15531914893617,25393,4,8.506617793153081e-4,43.75617371108979,25414.600854562155,0.0016998775377797136,0.0017216943111359212,1.0128343206327106,0.02678621884916539,9512,258.06
35031,NM,34.08510638297872,72073,4,8.506617793153081e-4,95.39485280357093,72134.3097464206,0.0016998775377797136,0.0013224615739572466,0.7779746155623499,0.02678621884916539,24753,515.83
35033,NM,4.26063829787234,4208,4,8.506617793153081e-4,7.840223065231157,4211.579584767359,0.0016998775377797136,0.0018615872993562911,1.0951302420219011,0.02678621884916539,1600,46.94
35035,NM,53.96808510638298,67850,4,8.506617793153081e-4,111.68548683292664,67907.71740172655,0.0016998775377797136,0.0016446656007036845,0.9675200502101206,0.02678621884916539,27971,724.9
35037,NM,4.54468085106383,8641,4,8.506617793153081e-4,11.895249286127406,8648.350568435064,0.0016998775377797136,0.001375435603818252,0.8091380545064265,0.02678621884916539,3306,71.65
35039,NM,14.486170212765957,40285,4,8.506617793153081e-4,48.75507999248314,40319.26890977972,0.0016998775377797136,0.001209225298741894,0.7113602432333552,0.02678621884916539,15247,290.53
35041,NM,6.817021276595744,19142,4,8.506617793153081e-4,23.10038905624937,19158.283367779655,0.0016998775377797136,0.0012057650788848617,0.709324673152494,0.02678621884916539,7136,135.58
35043,NM,377.12786972770954,149460,3,0.0012836746938390434,568.985889468893,149651.8580197412,0.0025640579713467324,0.0038020636495795174,1.482830611502337,0.03430668308799435,56669,2882.81
35045,NM,135.49973304858514,121798,3,0.0012836746938390434,291.848743408793,121954.34901036021,0.0025640579713467324,0.0023930982845392417,0.9333245625808934,0.03430668308799435,44568,1427.03
35047,NM,22.43936170212766,27215,4,8.506617793153081e-4,45.59012202619377,27238.150760324064,0.0016998775377797136,0.001673759809443516,0.9846355235858278,0.02678621884916539,11273,297.32
35049,NM,495.3964228510411,154481,3,0.0012836746938390434,693.6997732299903,154679.30335037896,0.0025640579713467324,0.004484761427058048,1.7490873752368772,0.03430668308799435,62130,3728.13
35051,NM,0,11506,4,8.506617793153081e-4,9.787714432801934,11515.787714432801,0.0016998775377797136,8.499387688898552e-4,0.49999999999999906,0.02678621884916539,4827,64.65
35053,NM,5.1127659574468085,16453,4,8.506617793153081e-4,19.108704212521573,16466.995938255073,0.0016998775377797136,0.0011604244201050328,0.6826517759748242,0.02678621884916539,6625,121.14
35055,NM,39.19787234042553,34475,4,8.506617793153081e-4,68.52443718232078,34504.3265648419,0.0016998775377797136,0.0019859665150556392,1.1682997574340557,0.02678621884916539,14019,438.72
35057,NM,25.063534436732514,15203,3,0.0012836746938390434,44.579240807167494,15222.515706370436,0.0025640579713467324,0.0029285068031502594,1.1421375163417642,0.03430668308799435,6183,242.27
35059,NM,1.1361702127659574,4074,4,8.506617793153081e-4,4.6017663016965225,4077.4655960889304,0.0016998775377797136,0.0011285849489718557,0.6639213260303158,0.02678621884916539,1773,31.53
35061,NM,52.4767752269087,76613,3,0.0012836746938390434,150.82294454599935,76711.34616931909,0.0025640579713467324,0.0019661099964677895,0.7667962341097616,0.03430668308799435,29565,777.74
36001,NY,709.1829089844894,315041,3,0.0012836746938390434,1113.5930682062353,315445.41015922173,0.0025640579713467324,0.0035302243505275503,1.3768114410741477,0.03430668308799435,124271,5869.8
36003,NY,38.47585048299034,47222,4,8.506617793153081e-4,78.64580102581782,47262.169950542826,0.0016998775377797136,0.001664032800612333,0.9789133414785873,0.02678621884916539,19132,501.67
36005,NY,2483.5119047619046,1443229,1,0.00247692321944086,6058.279325832317,1446803.7674210705,0.004941606459101834,0.004187353850087913,0.8473669210091224,0.065875644401241,501810,28011.46
36007,NY,363.30377524143984,198365,3,0.0012836746938390434,617.9399058848217,198619.63613064337,0.0025640579713467324,0.003111172278446667,1.2133782906681205,0.03430668308799435,78526,3268.8
36009,NY,60.146157076858465,77000,4,8.506617793153081e-4,125.6471140841372,77065.50095700727,0.0016998775377797136,0.0016303937887101037,0.9591242618804378,0.02678621884916539,29971,769.99
36011,NY,121.17681646367073,76171,4,8.506617793153081e-4,185.97257485589705,76235.79575839223,0.0016998775377797136,0.0024394390195031806,1.4350675065036989,0.02678621884916539,31421,1207.82
36013,NY,171.15119697606048,127440,4,8.506617793153081e-4,279.55953413200336,127548.40833715594,0.0016998775377797136,0.002191791632499465,1.2893820782891587,0.02678621884916539,50263,1735.97
36015,NY,117.18071407667544,83584,3,0.0012836746938390434,224.47537968651804,83691.29466560984,0.0025640579713467324,0.0026821831420270614,1.0460696177701028,0.03430668308799435,32766,1175.88
36017,NY,50.41663166736666,47096,4,8.506617793153081e-4,90.4793988260004,47136.06276715863,0.0016998775377797136,0.0019195366247059696,1.1292205362117806,0.02678621884916539,18757,567.35
36019,NY,125.59932801343973,79839,4,8.506617793153081e-4,193.51531381219462,79906.91598579875,0.0016998775377797136,0.0024217592610705514,1.4246668993777751,0.02678621884916539,33712,1286.5
36021,NY,257.832423351533,61469,4,8.506617793153081e-4,310.1217522642657,61521.28932891273,0.0016998775377797136,0.005040885125249154,2.9654401644916613,0.02678621884916539,25651,2037.53
36023,NY,71.64468710625788,46755,4,8.506617793153081e-4,111.4173785981451,46794.77269149189,0.0016998775377797136,0.002380979160486503,1.4006768767569027,0.02678621884916539,18588,697.4
36025,NY,88.4502309953801,44637,4,8.506617793153081e-4,126.4212208386775,44674.9709898433,0.0016998775377797136,0.0028297997298625875,1.6647079962940836,0.02678621884916539,18998,847.14
36027,NY,650.3747439274217,296467,3,0.0012836746938390434,1030.9419293858014,296847.5671854584,0.0025640579713467324,0.0034729674194759713,1.3544808496088128,0.03430668308799435,119842,5568.79
36029,NY,2256.309523809524,951232,1,0.00247692321944086,4612.438151684692,953588.1286278751,0.004941606459101834,0.004836929082078195,0.9788171361094861,0.065875644401241,366062,23603.75
36031,NY,41.57160856782865,37314,4,8.506617793153081e-4,73.31320220120006,37345.74159363337,0.0016998775377797136,0.0019630940255233368,1.1548443825473582,0.02678621884916539,16248,502.61
36033,NY,123.83032339353214,47459,4,8.506617793153081e-4,164.20188077805733,47499.371557384526,0.0016998775377797136,0.0034569274370226813,2.033633223683825,0.02678621884916539,20204,1100.58
36035,NY,113.21629567408652,53280,4,8.506617793153081e-4,158.53955527600613,53325.32325960192,0.0016998775377797136,0.0029730631824619836,1.7489866866205168,0.02678621884916539,21337,999.61
36037,NY,48.64762704745905,58204,4,8.506617793153081e-4,98.15954525072725,58253.511918203265,0.0016998775377797136,0.00168504081588348,0.9912718877880976,0.02678621884916539,23166,615.11
36039,NY,81.81646367072659,48067,4,8.506617793153081e-4,122.7052234170755,48107.88875974635,0.0016998775377797136,0.002550625824173509,1.5004762210723697,0.02678621884916539,20967,842.71
36041,NY,0,5090,4,8.506617793153081e-4,4.329868456714919,5094.329868456715,0.0016998775377797136,8.499387688898552e-4,0.49999999999999906,0.02678621884916539,2239,29.99
36043,NY,107.16154521510096,60293,3,0.0012836746938390434,184.5581435307384,60370.39659831564,0.0025640579713467324,0.0030570967548668986,1.1922884696952483,0.03430668308799435,23852,975.63
36045,NY,243.9449809774656,117445,3,0.0012836746938390434,394.70615539539205,117595.76117441793,0.0025640579713467324,0.0033564658407199237,1.309044443701478,0.03430668308799435,47948,2153.3
36047,NY,8629.761904761905,2679620,1,0.00247692321944086,15266.974902040021,2686257.212997278,0.004941606459101834,0.0056833630183184885,1.1501043365868258,0.065875644401241,970123,73500.27
36049,NY,13.709785804283914,26690,4,8.506617793153081e-4,36.41394869420949,26712.704162889924,0.0016998775377797136,0.001363169691550615,0.8019222921970675,0.02678621884916539,10422,223.87
36051,NY,54.687750694230175,61980,2,0.001316614162945478,136.29149651359091,62061.60374581936,0.002629765938810684,0.0021960679113577027,0.8350811298251425,0.03776920561073565,25378,800.43
36053,NY,47.04653204565408,68020,3,0.0012836746938390434,134.3620847205858,68107.31555267493,0.0025640579713467324,0.001972799597668311,0.7694052239513633,0.03430668308799435,27319,721.11
36055,NY,1993.095238095238,756406,1,0.00247692321944086,3866.654822819621,758279.5595847244,0.004941606459101834,0.005099247070483101,1.0319006810206248,0.065875644401241,288515,19612.42
36057,NY,42.898362032759344,49624,4,8.506617793153081e-4,85.11160216950219,49666.21324013674,0.0016998775377797136,0.0017136720643063034,1.0081150119464533,0.02678621884916539,18808,507.88
36059,NY,1120.8901573588398,1389160,2,0.001316614162945478,2949.87788795618,1390988.9877305974,0.002629765938810684,0.0021207054218084893,0.806423640412493,0.03776920561073565,530552,16159.54
36061,NY,10131.785714285714,1645867,1,0.00247692321944086,14208.471902697183,1649943.6861884114,0.004941606459101834,0.008611488999070408,1.7426496970856713,0.065875644401241,668813,76778.51
36063,NY,340.23295279234804,212230,2,0.001316614162945478,619.6579765942669,212509.42502380192,0.002629765938810684,0.0029159082074823868,1.1088090253390044,0.03776920561073565,83065,3478.67
36065,NY,324.5339479075212,231055,3,0.0012836746938390434,621.1334042925014,231351.59945638498,0.0025640579713467324,0.002684802723439131,1.0470912722885821,0.03430668308799435,90345,3245.39
36067,NY,805.0184372256365,472637,3,0.0012836746938390434,1411.7305934976403,473243.712156272,0.0025640579713467324,0.0029830942434824494,1.1634269883202464,0.03430668308799435,178923,7141.41
36069,NY,333.9709966059858,112288,2,0.001316614162945478,481.81096773480766,112435.83997112882,0.002629765938810684,0.004285208060512792,1.629501697193167,0.03776920561073565,44130,2715.98
36071,NY,464.36669593210416,401237,3,0.0012836746938390434,979.4244790640005,401752.0577831319,0.0025640579713467324,0.002437882918306543,0.9507908735098068,0.03430668308799435,148449,4842.18
36073,NY,66.37673557543968,40148,2,0.001316614162945478,119.23616098937474,40200.85942541393,0.002629765938810684,0.002966010246885338,1.1278609259905163,0.03776920561073565,16389,698.15
36075,NY,179.47380743342111,118037,3,0.0012836746938390434,330.99491727010025,118188.52110983669,0.0025640579713467324,0.0028005673830413295,1.0922402747276319,0.03430668308799435,46854,1755.67
36077,NY,105.25577488450232,59678,4,8.506617793153081e-4,156.02156855048128,59728.76579366598,0.0016998775377797136,0.0026121679642512685,1.5366800879451226,0.02678621884916539,24465,1007.02
36079,NY,170.74267201481024,97942,2,0.001316614162945478,299.69449636201625,98070.95182434721,0.002629765938810684,0.003055894643490283,1.1620405445179338,0.03776920561073565,39583,1737.27
36081,NY,5215.833333333333,2360826,1,0.00247692321944086,11063.41806979302,2366673.58473646,0.004941606459101834,0.004674670026802612,0.945981851345617,0.065875644401241,914492,56988.55
36083,NY,301.4462979221539,160943,3,0.0012836746938390434,508.04475417269106,161149.59845625053,0.0025640579713467324,0.0031526281110195683,1.2295463465530376,0.03430668308799435,64678,2728.23
36085,NY,815.1785714285714,492925,1,0.00247692321944086,2036.1159493714572,494145.9373779429,0.004941606459101834,0.00412047493535124,0.8338330802854261,0.065875644401241,186825,10262.16
36087,NY,254.65288491206417,337326,2,0.001316614162945478,698.7810740418105,337770.12818912975,0.002629765938810684,0.0020688066105435396,0.7866884957370619,0.03776920561073565,117271,3484.43
36089,NY,121.61906761864763,108670,4,8.506617793153081e-4,214.06048317684218,108762.44141555819,0.0016998775377797136,0.0019681470955489363,1.1578169908166571,0.02678621884916539,44472,1379.23
36091,NY,428.64618086040383,236328,3,0.0012836746938390434,732.0144539059972,236631.3682730456,0.0025640579713467324,0.003093480206146364,1.206478262471406,0.03430668308799435,94176,3897.97
36093,NY,239.588820602868,159447,3,0.0012836746938390434,444.2668995114219,159651.67807890856,0.0025640579713467324,0.0027827261501870404,1.0852820729031551,0.03430668308799435,60736,2261.35
36095,NY,28.3150424348844,29970,3,0.0012836746938390434,66.78677300924053,30008.471730574358,0.0025640579713467324,0.002225597278291061,0.8679980340390275,0.03430668308799435,12358,368
36097,NY,30.515329693406134,17855,4,8.506617793153081e-4,45.70389576308096,17870.188566069675,0.0016998775377797136,0.0025575497199766236,1.5045493943741113,0.02678621884916539,7284,293.55
36099,NY,40.244855102897944,33651,4,8.506617793153081e-4,68.87047463863738,33679.62561953574,0.0016998775377797136,0.002044870552203802,1.2029516872578359,0.02678621884916539,14012,451.5
36101,NY,105.69802603947922,93584,4,8.506617793153081e-4,185.30635799492302,93663.60833195545,0.0016998775377797136,0.0019784242919424406,1.1638628359820258,0.02678621884916539,36617,1141.55
36103,NY,2028.8738043813637,1524486,2,0.001316614162945478,4036.033663193464,1526493.159858812,0.002629765938810684,0.00264399066391281,1.0054091221169892,0.03776920561073565,594783,22585.99
36105,NY,141.52036959260815,78725,4,8.506617793153081e-4,208.48871816920578,78791.9683485766,0.0016998775377797136,0.0026460656147952698,1.55662131888125,0.02678621884916539,32418,1351.7
36107,NY,45.304067895815045,48344,3,0.0012836746938390434,107.36203729476975,48406.05796939896,0.0025640579713467324,0.00221794630256075,0.8650141016101159,0.03430668308799435,19127,567.61
36109,NY,277.48741586186713,102555,3,0.0012836746938390434,409.13467408853023,102686.64725822666,0.0025640579713467324,0.003984302584733116,1.5539050322799146,0.03430668308799435,42659,2274.12
36111,NY,342.82982148083113,182153,3,0.0012836746938390434,576.6550179876944,182386.82519650686,0.0025640579713467324,0.0031617142157411636,1.2330899890225653,0.03430668308799435,74933,3169.91
36113,NY,135.0409716125256,65684,3,0.0012836746938390434,219.3578602026493,65768.31688859013,0.0025640579713467324,0.0033353120557157636,1.3007943240705833,0.03430668308799435,26689,1191.02
36115,NY,164.22724612232952,61310,3,0.0012836746938390434,242.92934160160127,61388.702095479275,0.0025640579713467324,0.003957232085209549,1.5433473538552926,0.03430668308799435,25878,1370.17
36117,NY,136.0931811169392,91324,2,0.001316614162945478,256.33165293377203,91444.23847181683,0.002629765938810684,0.0028031471114801135,1.0659302678275016,0.03776920561073565,35899,1445.27
36119,NY,1266.5850046282012,997904,2,0.001316614162945478,2580.4395442881455,999217.8545396599,0.002629765938810684,0.0025824594031868607,0.9820111231476296,0.03776920561073565,376383,13959.96
36121,NY,36.70684586308274,40338,4,8.506617793153081e-4,71.02084071710364,40372.31399485402,0.0016998775377797136,0.0017591471404427344,1.034866983853693,0.02678621884916539,17655,489.4
36123,NY,18.57454850902982,24713,4,8.506617793153081e-4,39.59695306124903,24734.02240455222,0.0016998775377797136,0.0016009103741234315,0.9417798273953619,0.02678621884916539,9380,236.63
37001,NC,174.66036327444638,171779,3,0.0012836746938390434,395.1687185074234,171999.50835523297,0.0025640579713467324,0.0022974991166327986,0.8960402386791871,0.03430668308799435,63002,1936.69
37003,NC,44.8668823090321,36505,3,0.0012836746938390434,91.72742700762637,36551.8605446986,0.0025640579713467324,0.002509514581219596,0.978727707900267,0.03430668308799435,15166,509.23
37005,NC,10.757712875359934,10989,4,8.506617793153081e-4,20.105635168255855,10998.347922292896,0.0016998775377797136,0.0018280595695198106,1.0754066271782856,0.02678621884916539,4521,130.23
37007,NC,1.2857142857142856,22200,2,0.001316614162945478,30.514548703103898,22229.22883441739,0.002629765938810684,0.0013727218757970765,0.5219939370033411,0.03776920561073565,9074,178.9
37009,NC,19.97860962566845,26759,4,8.506617793153081e-4,42.74146817836678,26781.762858552698,0.0016998775377797136,0.0015959169082373301,0.9388422829104671,0.02678621884916539,10898,274.06
37011,NC,1.921020156314274,17679,4,8.506617793153081e-4,16.959869752829604,17694.038849596516,0.0016998775377797136,9.585075457894311e-4,0.5638685872874,0.02678621884916539,8439,127.46
37013,NC,60.3200329082682,44711,4,8.506617793153081e-4,98.35397172323493,44749.033938814966,0.0016998775377797136,0.002197901564930175,1.2929764151133811,0.02678621884916539,16973,587.84
37015,NC,0,17818,4,8.506617793153081e-4,15.15709158384016,17833.157091583842,0.0016998775377797136,8.499387688898551e-4,0.499999999999999,0.02678621884916539,7604,101.84
37017,NC,24.204853969559853,29807,4,8.506617793153081e-4,49.56052962561124,29832.35567565605,0.0016998775377797136,0.0016613012450121018,0.9773064283101252,0.02678621884916539,11170,292.41
37019,NC,117.37496889773576,139721,3,0.0012836746938390434,296.7312807956207,139900.3563118979,0.0025640579713467324,0.0021210187637698322,0.8272117040535552,0.03430668308799435,56902,1614.82
37021,NC,698.2408559343121,269449,3,0.0012836746938390434,1044.1257185145485,269794.8848625802,0.0025640579713467324,0.0038700723293785683,1.5093544579048155,0.03430668308799435,105417,5458.59
37023,NC,80.92062702164718,87799,3,0.0012836746938390434,193.62598146602136,87911.70535444438,0.0025640579713467324,0.002202505123582301,0.8589919370760049,0.03430668308799435,35781,1054.44
37025,NC,279.4285714285714,226396,2,0.001316614162945478,577.5047514627759,226694.0761800342,0.002629765938810684,0.002547507024418836,0.9687200624291872,0.03776920561073565,81888,2996.1
37027,NC,10.816123413784524,80716,3,0.0012836746938390434,114.42921000169675,80819.61308658791,0.0025640579713467324,0.0014158594137180592,0.5521947746658787,0.03430668308799435,31937,605.01
37029,NC,7.285714285714286,10547,2,0.001316614162945478,21.172043862300242,10560.886329576586,0.002629765938810684,0.002004760131070276,0.7623340547094211,0.03776920561073565,4006,115.34
37031,NC,49.94652406417112,68353,4,8.506617793153081e-4,108.09180866571037,68411.14528460155,0.0016998775377797136,0.0015800321455814075,0.92949763172067,0.02678621884916539,27585,686.8
37033,NC,2.6894282188399834,22747,4,8.506617793153081e-4,22.039431712925296,22766.350003494084,0.0016998775377797136,9.680704948111039e-4,0.5694942566718919,0.02678621884916539,9695,147.89
37035,NC,252.37621298830555,161011,3,0.0012836746938390434,459.06195911802376,161217.68574612972,0.0025640579713467324,0.002847466498439327,1.110531247834361,0.03430668308799435,61402,2339.33
37037,NC,139.0072157253048,76754,3,0.0012836746938390434,237.53438317622675,76852.52716745093,0.0025640579713467324,0.0030907816818915076,1.205425819708796,0.03430668308799435,29554,1222.18
37039,NC,33.041546688605514,28868,4,8.506617793153081e-4,57.59845093387983,28892.556904245273,0.0016998775377797136,0.00199353941310112,1.1727547242638263,0.02678621884916539,11842,372
37041,NC,7.299876593994241,13835,4,8.506617793153081e-4,19.06878231082153,13846.768905716828,0.0016998775377797136,0.0013771286601705847,0.8101340417553339,0.02678621884916539,5263,114.21
37043,NC,0,11186,4,8.506617793153081e-4,9.515502663421037,11195.51550266342,0.0016998775377797136,8.499387688898553e-4,0.4999999999999991,0.02678621884916539,4417,59.16
37045,NC,41.49403537638832,99527,4,8.506617793153081e-4,126.15785028630299,99611.66381490992,0.0016998775377797136,0.0012664967680965451,0.7450517698767721,0.02678621884916539,37014,738.69
37047,NC,26.894282188399835,50827,4,8.506617793153081e-4,70.13086844565899,50870.23658625726,0.0016998775377797136,0.0013786228087762627,0.8110130160181679,0.02678621884916539,20258,440.08
37049,NC,106.80872069107363,101098,4,8.506617793153081e-4,192.80892525629264,101184.00020456522,0.0016998775377797136,0.0019055277995185793,1.120979457148116,0.02678621884916539,39530,1186.96
37051,NC,282.42100024881813,335207,3,0.0012836746938390434,712.7177433465224,335637.2967430977,0.0025640579713467324,0.002123475997043464,0.828170041696889,0.03430668308799435,124318,3532.09
37053,NC,15.857142857142856,28616,2,0.001316614162945478,53.53337374399066,28653.67623088685,0.002629765938810684,0.0018682898945540911,0.7104396125075025,0.03776920561073565,11163,299.53
37055,NC,72.61456190867956,37160,4,8.506617793153081e-4,104.22515362803641,37191.610591719356,0.0016998775377797136,0.0028023834399697103,1.6485796051108654,0.02678621884916539,14950,660.18
37057,NC,175.4615576013934,169498,3,0.0012836746938390434,393.0418508577236,169715.58029325632,0.0025640579713467324,0.002315885496066864,0.9032110513673294,0.03430668308799435,64688,2004.43
37059,NC,16.82508086588704,43030,3,0.0012836746938390434,72.06160294178108,43085.236522075895,0.0025640579713467324,0.0016725358558692918,0.6523003280580344,0.03430668308799435,16371,366.35
37061,NC,58.399012751953926,49312,4,8.506617793153081e-4,100.3468464135504,49353.947833661594,0.0016998775377797136,0.0020332080982001883,1.1960909259709689,0.02678621884916539,18319,586.92
37063,NC,568.4473749688977,325101,3,0.0012836746938390434,985.7713016106645,325518.3239266418,0.0025640579713467324,0.0030283127835003727,1.181062525629948,0.03430668308799435,123093,4987.52
37065,NC,82.92361283901468,49067,3,0.0012836746938390434,145.90967904161502,49129.986066202604,0.0025640579713467324,0.002969870149057276,1.1582695017996791,0.03430668308799435,17191,683.11
37067,NC,547.2157253048022,383739,3,0.0012836746938390434,1039.8117686439027,384231.5960433391,0.0025640579713467324,0.0027062109918899483,1.0554406421897522,0.03430668308799435,138805,5025.94
37069,NC,25.285714285714285,69680,2,0.001316614162945478,117.02738915975519,69771.74167487404,0.002629765938810684,0.0016772892054936145,0.6378093125094514,0.03776920561073565,27206,655.38
37071,NC,266.1428571428571,228972,2,0.001316614162945478,567.6106352608092,229273.46777811795,0.002629765938810684,0.0024756926336113212,0.941411780065475,0.03776920561073565,85017,3022.9
37073,NC,0,10509,2,0.001316614162945478,13.83629823839403,10522.836298238393,0.002629765938810684,0.0013148829694053434,0.5000000000000004,0.03776920561073565,4161,78.58
37075,NC,0.3842040312628548,8047,4,8.506617793153081e-4,7.22947936941314,8053.845275338151,0.0016998775377797136,8.976431905826004e-4,0.5280634461203908,0.02678621884916539,3146,44.5
37077,NC,32.273138626079806,61161,4,8.506617793153081e-4,84.30046371078336,61213.0273250847,0.0016998775377797136,0.0013771654073419365,0.8101556592957362,0.02678621884916539,25127,545.28
37079,NC,2.6894282188399834,20407,4,8.506617793153081e-4,20.048883149327473,20424.359454930487,0.0016998775377797136,9.816162506133149e-4,0.5774629223558351,0.02678621884916539,9694,149.95
37081,NC,843.2570291117194,539557,3,0.0012836746938390434,1535.8726958954321,540249.6156667838,0.0025640579713467324,0.002842894564579812,1.1087481626192035,0.03430668308799435,196520,7475.12
37083,NC,18.057589469354177,48772,4,8.506617793153081e-4,59.546065770120386,48813.488476300765,0.0016998775377797136,0.0012198690900575638,0.7176217480059708,0.02678621884916539,18433,354.33
37085,NC,70.30933772110242,134718,4,8.506617793153081e-4,184.90879130690212,134832.5994535858,0.0016998775377797136,0.0013713952861270343,0.8067612258223468,0.02678621884916539,49485,1069.37
37087,NC,90.67215137803373,62152,4,8.506617793153081e-4,143.54248228603876,62204.87033090801,0.0016998775377797136,0.0023075762640841994,1.357495591769645,0.02678621884916539,24463,889.53
37089,NC,215.12067678526998,116469,3,0.0012836746938390434,364.6289847020095,116618.50830791674,0.0025640579713467324,0.0031266819477681175,1.21942716690055,0.03430668308799435,45244,1892.76
37091,NC,46.104483751542574,21633,4,8.506617793153081e-4,64.50685002347063,21651.402366271926,0.0016998775377797136,0.0029793381939988315,1.7526781357969345,0.02678621884916539,8958,420.56
37093,NC,1.6023886538940035,52612,3,0.0012836746938390434,69.13908164615376,52679.53669299226,0.0025640579713467324,0.0013124466536045113,0.5118630968063365,0.03430668308799435,18609,326.78
37095,NC,1.1526120937885644,4636,4,8.506617793153081e-4,5.096280102694333,4639.943668008906,0.0016998775377797136,0.0010983495635586565,0.6461345238982688,0.02678621884916539,1902,32.92
37097,NC,136.7142857142857,187839,2,0.001316614162945478,384.02577346780134,188086.31148775353,0.002629765938810684,0.002041752908173786,0.7764010013367091,0.03776920561073565,71607,2099.81
37099,NC,77.22501028383381,42388,4,8.506617793153081e-4,113.28286178545109,42424.05785150162,0.0016998775377797136,0.002670250502249902,1.5708487481619624,0.02678621884916539,17158,721.96
37101,NC,177.85714285714286,219042,2,0.001316614162945478,466.25094233704624,219330.3937994799,0.002629765938810684,0.002125792664938679,0.8083581255524482,0.03776920561073565,80463,2456.62
37103,NC,12.294529000411353,9263,4,8.506617793153081e-4,20.17420906220905,9270.879680061798,0.0016998775377797136,0.002176083581970786,1.2801413828981272,0.02678621884916539,3673,125.95
37105,NC,51.8675442204854,63560,4,8.506617793153081e-4,105.93560691376638,63614.06806269328,0.0016998775377797136,0.001665285842266276,0.9796504779052382,0.02678621884916539,23530,617.45
37107,NC,66.08309337721103,55071,4,8.506617793153081e-4,112.92988822588435,55117.84679484867,0.0016998775377797136,0.0020488806220281958,1.2053107217972483,0.02678621884916539,19938,643.71
37109,NC,133.7142857142857,87933,2,0.001316614162945478,249.4881189045704,88048.77383319028,0.002629765938810684,0.002833521786200332,1.0774806017457952,0.03776920561073565,34457,1402.25
37111,NC,48.79391197038256,44629,4,8.506617793153081e-4,86.75809651944544,44666.96418454906,0.0016998775377797136,0.0019423325068833827,1.1426308447021134,0.02678621884916539,17869,546.91
37113,NC,101.81406828465651,37088,4,8.506617793153081e-4,133.36341235590265,37119.549344071245,0.0016998775377797136,0.003592807960024534,2.113568701376725,0.02678621884916539,14658,829.86
37115,NC,21.231649664095546,21414,3,0.0012836746938390434,48.72025955796482,21441.48860989387,0.0025640579713467324,0.002272242400906976,0.8861899482379937,0.03430668308799435,8691,264.23
37117,NC,33.42575071986837,21992,4,8.506617793153081e-4,52.13350457057062,22010.707753850704,0.0016998775377797136,0.0023685519408820476,1.3933662209430213,0.02678621884916539,8022,299.41
37119,NC,1963.945,1115403,1,0.00247692321944086,4726.712589733993,1118165.767589734,0.004941606459101834,0.004227202018465182,0.8554307295513573,0.065875644401241,410061,23107.78
37121,NC,24.589058000822707,14989,4,8.506617793153081e-4,37.33962741097986,15001.750569410156,0.0016998775377797136,0.002489018014145531,1.4642337220342057,0.02678621884916539,5980,234.54
37123,NC,25.741670094611273,25839,4,8.506617793153081e-4,47.721919810339514,25860.98024971573,0.0016998775377797136,0.0018453252486770716,1.085563640712221,0.02678621884916539,9994,290.61
37125,NC,157.43468524508586,100759,3,0.0012836746938390434,286.77646372161405,100888.34177847653,0.0025640579713467324,0.002842513403097629,1.1085995070558574,0.03430668308799435,37942,1443.02
37127,NC,130.19407812888778,95015,3,0.0012836746938390434,252.1624291640045,95136.96835103512,0.0025640579713467324,0.0026505199139158914,1.033720744045325,0.03430668308799435,35416,1255.98
37129,NC,459.084349340632,228134,3,0.0012836746938390434,751.9341919449083,228426.84984260428,0.0025640579713467324,0.0032917942547604304,1.2838220865308538,0.03430668308799435,88207,3884.96
37131,NC,9.989304812834225,17528,4,8.506617793153081e-4,24.899704480672945,17542.91039966784,0.0016998775377797136,0.0014193599530180807,0.834977768382051,0.02678621884916539,6904,154.41
37133,NC,99.74869370490173,203686,3,0.0012836746938390434,361.2152573942011,203947.4665636893,0.0025640579713467324,0.0017711191194493205,0.6907484695125934,0.03430668308799435,88192,2089.91
37135,NC,222.331425727793,145919,3,0.0012836746938390434,409.64395337809236,146106.3125276503,0.0025640579713467324,0.002803738909642033,1.0934771916133441,0.03430668308799435,55549,2083.84
37137,NC,5.378856437679967,12317,4,8.506617793153081e-4,15.856457573506617,12327.477601135826,0.0016998775377797136,0.0012862694288769698,0.7566835847228289,0.02678621884916539,5418,109.82
37139,NC,24.204853969559853,40454,4,8.506617793153081e-4,58.61752558998133,40488.41267162042,0.0016998775377797136,0.001447760525101251,0.8516851908004127,0.02678621884916539,15434,352.1
37141,NC,68.90271211744215,61592,3,0.0012836746938390434,147.9668038603765,61671.064091742934,0.0025640579713467324,0.00239929059177994,0.93573960440518,0.03430668308799435,24056,772.25
37143,NC,0,13053,4,8.506617793153081e-4,11.103688205402717,13064.103688205403,0.0016998775377797136,8.499387688898552e-4,0.49999999999999906,0.02678621884916539,5139,68.83
37145,NC,56.08360288629012,39131,3,0.0012836746938390434,106.31507733090572,39181.23147444461,0.0025640579713467324,0.0027134184743592906,1.0582516092388148,0.03430668308799435,14931,542.07
37147,NC,373.75715352077634,171196,3,0.0012836746938390434,593.5171264072452,171415.75997288647,0.0025640579713467324,0.0034624419977551902,1.3503758637471817,0.03430668308799435,62164,2879.87
37149,NC,11.14191690662279,19538,4,8.506617793153081e-4,27.76214675088528,19554.620229844262,0.0016998775377797136,0.0014197231357382584,0.8351914206670573,0.02678621884916539,7700,172.26
37151,NC,115.77258024384176,144403,3,0.0012836746938390434,301.13905705828114,144588.36647681444,0.0025640579713467324,0.00208273365552249,0.8122802521616022,0.03430668308799435,55370,1542.98
37153,NC,9.60510078157137,43149,4,8.506617793153081e-4,46.3103058972476,43185.70520511568,0.0016998775377797136,0.0010723526610782726,0.6308411266372286,0.02678621884916539,16107,272.17
37155,NC,45.336075689016866,117573,4,8.506617793153081e-4,145.3509330684556,117673.01485737944,0.0016998775377797136,0.0012352104111942911,0.7266467046841827,0.02678621884916539,41955,816.62
37157,NC,59.68897735755163,91209,3,0.0012836746938390434,176.77166250791694,91326.08268515037,0.0025640579713467324,0.0019356098204424577,0.7549009585870666,0.03430668308799435,34916,904.26
37159,NC,144,147067,2,0.001316614162945478,337.6304951019026,147260.6304951019,0.002629765938810684,0.00229274106709147,0.8718422553333267,0.03776920561073565,56453,1858.93
37161,NC,72.61456190867956,64680,4,8.506617793153081e-4,127.6353657947937,64735.02080388612,0.0016998775377797136,0.001971658681959234,1.1598827786938735,0.02678621884916539,24864,772.5
37163,NC,43.030851501439734,59317,4,8.506617793153081e-4,93.48955626508587,59367.458704763645,0.0016998775377797136,0.0015747609600406268,0.9263967109639515,0.02678621884916539,22266,552.52
37165,NC,21.515425750719867,34222,4,8.506617793153081e-4,50.626773162448345,34251.11134741173,0.0016998775377797136,0.0014781059992166963,0.8695367556578911,0.02678621884916539,13550,315.6
37167,NC,33.42575071986837,62723,4,8.506617793153081e-4,86.78180950386243,62776.356058784,0.0016998775377797136,0.0013823964140670995,0.8132329437523539,0.02678621884916539,24660,537.18
37169,NC,61.29136601144563,44696,3,0.0012836746938390434,118.66649012727552,44753.37512411583,0.0025640579713467324,0.0026515651567769875,1.0341283958506964,0.03430668308799435,17778,630.72
37171,NC,87.21431509666805,71429,4,8.506617793153081e-4,147.9762353313812,71489.76192023471,0.0016998775377797136,0.002069894084924872,1.2176724728232209,0.02678621884916539,27506,897.16
37173,NC,11.526120937885644,14130,4,8.506617793153081e-4,23.545971879610946,14142.019850941726,0.0016998775377797136,0.0016649652685958437,0.9794618915728068,0.02678621884916539,5203,136.51
37175,NC,32.273138626079806,33131,4,8.506617793153081e-4,60.45641403657528,33159.1832754105,0.0016998775377797136,0.0018232178257963096,1.0725583374539418,0.02678621884916539,13391,384.72
37177,NC,0,3389,4,8.506617793153081e-4,2.8828927700995792,3391.8828927700997,0.0016998775377797136,8.499387688898552e-4,0.49999999999999906,0.02678621884916539,1558,20.87
37179,NC,152.14285714285714,240109,2,0.001316614162945478,468.273767193533,240425.13091005068,0.002629765938810684,0.0019476905988198316,0.74063268143958,0.03776920561073565,87379,2444.26
37181,NC,8.068284656519952,42492,4,8.506617793153081e-4,44.21460498318602,42528.14632032667,0.0016998775377797136,0.0010396551180518606,0.6116058921572674,0.02678621884916539,14841,243.13
37183,NC,1709.425,1132103,1,0.00247692321944086,4513.557207498656,1134907.1322074987,0.004941606459101834,0.003977027793207513,0.8048046371402795,0.065875644401241,420694,22303.94
37185,NC,3.842040312628548,18803,4,8.506617793153081e-4,19.837033749094285,18818.994993436467,0.0016998775377797136,0.0010540963402143888,0.6201013407066908,0.02678621884916539,7724,128.3
37187,NC,31.88893459481695,11051,4,8.506617793153081e-4,41.28959791803042,11060.400663323213,0.0016998775377797136,0.0037331014648455353,2.1961002377391883,0.02678621884916539,4073,239.6
37189,NC,79.9144385026738,54540,4,8.506617793153081e-4,126.30953194653071,54586.395093443854,0.0016998775377797136,0.002313937964401339,1.36123803801989,0.02678621884916539,23836,869.12
37191,NC,118.17616322468277,117480,3,0.0012836746938390434,268.9822662568936,117630.80610303221,0.0025640579713467324,0.002286665161686416,0.8918149227668903,0.03430668308799435,44422,1359.1
37193,NC,26.125874125874127,66125,4,8.506617793153081e-4,82.37588428309888,66181.25001015722,0.0016998775377797136,0.0012447012449969769,0.732229950295559,0.02678621884916539,26122,512.35
37195,NC,161.74989716166186,78667,4,8.506617793153081e-4,228.66890735505922,78733.9190101934,0.0016998775377797136,0.002904325228945536,1.708549683372489,0.02678621884916539,28448,1301.94
37197,NC,18.82806668325454,37280,3,0.0012836746938390434,66.68345926957409,37327.855392586316,0.0025640579713467324,0.0017864262108885603,0.6967183389969405,0.03430668308799435,14565,348.13
37199,NC,6.147264500205677,18538,4,8.506617793153081e-4,21.91683256515286,18553.76956806495,0.0016998775377797136,0.001181260362469763,0.6949090956355951,0.02678621884916539,7353,136.87
38001,ND,0,2190,4,8.506617793153081e-4,1.8629492967005248,2191.8629492967007,0.0016998775377797136,8.499387688898552e-4,0.49999999999999906,0.02678621884916539,854,11.44
38003,ND,3.7226277372262775,10826,4,8.506617793153081e-4,12.931892160093803,10835.209264422867,0.0016998775377797136,0.0011935064514679325,0.7021131963581476,0.02678621884916539,4351,81.83
38005,ND,0,5960,4,8.506617793153081e-4,5.069944204719236,5965.069944204719,0.0016998775377797136,8.499387688898552e-4,0.49999999999999906,0.02678621884916539,1995,26.72
38007,ND,0,839,4,8.506617793153081e-4,0.7137052328455434,839.7137052328455,0.0016998775377797136,8.499387688898552e-4,0.49999999999999906,0.02678621884916539,379,5.08
38009,ND,0,6411,4,8.506617793153081e-4,5.45359266719044,6416.453592667191,0.0016998775377797136,8.499387688898552e-4,0.49999999999999906,0.02678621884916539,2601,34.84
38011,ND,0.7445255474452555,2975,4,8.506617793153081e-4,3.275244340908297,2977.530718793463,0.0016998775377797136,0.001099986750845503,0.6470976446234151,0.02678621884916539,1119,19.4
38013,ND,0,2184,4,8.506617793153081e-4,1.8578453260246328,2185.8578453260247,0.0016998775377797136,8.499387688898552e-4,0.49999999999999906,0.02678621884916539,820,10.98
38015,ND,70.6821862348178,98443,3,0.0012836746938390434,197.05097412041476,98569.3687878856,0.0025640579713467324,0.00199910962749954,0.7796663140379537,0.03430668308799435,37846,1012.3
38017,ND,512.2894736842105,186328,3,0.0012836746938390434,751.4740120378518,186567.18453835364,0.0025640579713467324,0.004027900264975951,1.5709084232835646,0.03430668308799435,73803,3977.44
38019,ND,0.24817518248175183,3691,4,8.506617793153081e-4,3.387967809934554,3694.1397926274526,0.0016998775377797136,9.171195461243944e-4,0.539520951210571,0.02678621884916539,1466,21.19
38021,ND,2.978102189781022,5003,4,8.506617793153081e-4,7.233963071695508,5007.2558608819145,0.0016998775377797136,0.001444696111538708,0.8498824647248946,0.02678621884916539,1894,43.12
38023,ND,0,2195,4,8.506617793153081e-4,1.8672026055971012,2196.867202605597,0.0016998775377797136,8.499387688898552e-4,0.49999999999999906,0.02678621884916539,895,11.99
38025,ND,4.963503649635037,4049,4,8.506617793153081e-4,8.40783319408272,4052.4443295444476,0.0016998775377797136,0.0020747560016519413,1.220532629875134,0.02678621884916539,1727,56.46
38027,ND,0,2345,4,8.506617793153081e-4,1.9948018724943974,2346.9948018724945,0.0016998775377797136,8.499387688898552e-4,0.49999999999999906,0.02678621884916539,942,12.62
38029,ND,1.2408759124087592,3297,4,8.506617793153081e-4,4.045507798811331,3299.8046318864026,0.0016998775377797136,0.0012259840354544357,0.7212190338462549,0.02678621884916539,1347,26.02
38031,ND,0,3388,4,8.506617793153081e-4,2.8820421083202636,3390.88204210832,0.0016998775377797136,8.499387688898552e-4,0.49999999999999906,0.02678621884916539,1358,18.19
38033,ND,0,1734,4,8.506617793153081e-4,1.4750475253327442,1735.4750475253327,0.0016998775377797136,8.499387688898552e-4,0.49999999999999906,0.02678621884916539,668,8.95
38035,ND,88.82186234817813,72927,3,0.0012836746938390434,182.43640674577804,73020.6145443976,0.0025640579713467324,0.002498423327221576,0.9744020436126555,0.03430668308799435,29969,1001.82
38037,ND,0,2320,4,8.506617793153081e-4,1.9735353280115149,2321.9735353280116,0.0016998775377797136,8.499387688898552e-4,0.49999999999999906,0.02678621884916539,915,12.25
38039,ND,0,2309,4,8.506617793153081e-4,1.9641780484390463,2310.964178048439,0.0016998775377797136,8.499387688898552e-4,0.49999999999999906,0.02678621884916539,926,12.4
38041,ND,3.7226277372262775,2477,4,8.506617793153081e-4,5.829716964590295,2479.107089227364,0.0016998775377797136,0.0023515389835003773,1.3833578779868037,0.02678621884916539,976,36.17
38043,ND,0,2391,4,8.506617793153081e-4,2.0339323143429016,2393.033932314343,0.0016998775377797136,8.499387688898551e-4,0.499999999999999,0.02678621884916539,1027,13.75
38045,ND,0,4135,4,8.506617793153081e-4,3.517486457468799,4138.517486457469,0.0016998775377797136,8.499387688898552e-4,0.49999999999999906,0.02678621884916539,1643,22
38047,ND,0,1849,4,8.506617793153081e-4,1.5728736299540047,1850.572873629954,0.0016998775377797136,8.499387688898552e-4,0.49999999999999906,0.02678621884916539,724,9.7
38049,ND,1.2510121457489878,5326,3,0.0012836746938390434,8.087863565135732,5332.836851419387,0.0025640579713467324,0.001516615600753484,0.5914903710062783,0.03430668308799435,2101,42.63
38051,ND,0,2529,4,8.506617793153081e-4,2.1513236398884144,2531.1513236398882,0.0016998775377797136,8.499387688898553e-4,0.4999999999999991,0.02678621884916539,1001,13.41
38053,ND,0,14081,4,8.506617793153081e-4,11.978168514538853,14092.978168514539,0.0016998775377797136,8.499387688898552e-4,0.49999999999999906,0.02678621884916539,5137,68.8
38055,ND,1.489051094890511,9781,4,8.506617793153081e-4,9.80937395837354,9789.320322863483,0.0016998775377797136,0.0010020485217409037,0.589482771241112,0.02678621884916539,3942,62.24
38057,ND,3.2262773722627736,8366,4,8.506617793153081e-4,10.34291381801464,8373.116636445751,0.0016998775377797136,0.0012352525668870935,0.7266715039369909,0.02678621884916539,3314,64.51
38059,ND,18.139676113360323,33192,3,0.0012836746938390434,60.74740655126585,33234.60773043791,0.0025640579713467324,0.0018278358223446202,0.7128683683327867,0.03430668308799435,12959,316.93
38061,ND,1.2408759124087592,9648,4,8.506617793153081e-4,9.448060759242852,9656.207184846835,0.0016998775377797136,9.784442875324154e-4,0.5755969273000721,0.02678621884916539,3668,56.55
38063,ND,0.49635036496350365,3025,4,8.506617793153081e-4,3.0696022473923104,3027.573251882429,0.0016998775377797136,0.0010138820738635305,0.5964441857310542,0.02678621884916539,1227,19.6
38065,ND,3.7530364372469633,1832,3,0.0012836746938390434,6.104728476360091,1834.3516920391132,0.0025640579713467324,0.0033280032955806393,1.2979438580449318,0.03430668308799435,722,32.15
38067,ND,0,6853,4,8.506617793153081e-4,5.829585173647806,6858.8295851736475,0.0016998775377797136,8.499387688898552e-4,0.49999999999999906,0.02678621884916539,2823,37.81
38069,ND,2.978102189781022,3999,4,8.506617793153081e-4,6.379898645262939,4002.401796455482,0.0016998775377797136,0.0015940175348994104,0.9377249239856587,0.02678621884916539,1593,40.01
38071,ND,0,11613,4,8.506617793153081e-4,9.878735243188673,11622.878735243188,0.0016998775377797136,8.499387688898553e-4,0.4999999999999991,0.02678621884916539,4362,58.42
38073,ND,0,5663,4,8.506617793153081e-4,4.81729765626259,5667.817297656263,0.0016998775377797136,8.499387688898552e-4,0.49999999999999906,0.02678621884916539,2284,30.59
38075,ND,1.8765182186234817,2282,3,0.0012836746938390434,4.8058638699641785,2284.9293456513406,0.0025640579713467324,0.0021032877358377233,0.8202964828962129,0.03430668308799435,908,25.55
38077,ND,22.335766423357665,16548,4,8.506617793153081e-4,36.41251754746738,16562.07675112411,0.0016998775377797136,0.002198547808625266,1.2933565858496419,0.02678621884916539,6684,231.56
38079,ND,2.72992700729927,12292,4,8.506617793153081e-4,13.186261598643037,12302.456334591343,0.0016998775377797136,0.001071839739968567,0.6305393866010754,0.02678621884916539,4031,68.08
38081,ND,2.978102189781022,3828,4,8.506617793153081e-4,6.2344354810000215,3831.256333291219,0.0016998775377797136,0.0016272561631615926,0.9572784668282781,0.02678621884916539,1691,43.36
38083,ND,0,1338,4,8.506617793153081e-4,1.1381854607238822,1339.138185460724,0.0016998775377797136,8.499387688898552e-4,0.49999999999999906,0.02678621884916539,588,7.88
38085,ND,2.2335766423357666,3896,4,8.506617793153081e-4,5.547754934548207,3899.3141782922125,0.0016998775377797136,0.0014227514585598137,0.8369729153654993,0.02678621884916539,1246,27.93
38087,ND,0,837,4,8.506617793153081e-4,0.7120039092869129,837.7120039092869,0.0016998775377797136,8.499387688898553e-4,0.4999999999999991,0.02678621884916539,368,4.93
38089,ND,7.445255474452555,32989,4,8.506617793153081e-4,35.50773691228525,33017.06248143783,0.0016998775377797136,0.0010754359789653509,0.6326549737047682,0.02678621884916539,12436,210.75
38091,ND,0.49635036496350365,1774,4,8.506617793153081e-4,2.0054243614688603,1775.5090739965053,0.0016998775377797136,0.0011294926006516189,0.664455277247148,0.02678621884916539,737,13.12
38093,ND,7.445255474452555,21609,4,8.506617793153081e-4,25.827205863677047,21627.381950389223,0.0016998775377797136,0.0011941901207886256,0.7025153837542973,0.02678621884916539,8781,165.24
38095,ND,0,2152,4,8.506617793153081e-4,1.830624149086543,2153.8306241490864,0.0016998775377797136,8.499387688898552e-4,0.49999999999999906,0.02678621884916539,868,11.63
38097,ND,2.4817518248175183,8004,4,8.506617793153081e-4,9.290448706457244,8010.80869688164,0.0016998775377797136,0.0011597391796503303,0.6822486643156176,0.02678621884916539,3176,58.04
38099,ND,5.211678832116788,10553,4,8.506617793153081e-4,14.188712589231233,10561.977033757115,0.0016998775377797136,0.0013433765803393357,0.7902784468191634,0.02678621884916539,4090,86.58
38101,ND,116.34412955465586,69532,3,0.0012836746938390434,205.60059836667222,69621.25646881202,0.0025640579713467324,0.002953129673245331,1.1517406026877952,0.03430668308799435,27765,1097.06
38103,ND,0.7445255474452555,3990,4,8.506617793153081e-4,4.138666046913335,3993.394140499468,0.0016998775377797136,0.0010363780536813473,0.6096780683595638,0.02678621884916539,1485,24.25
38105,ND,7.693430656934306,39076,4,8.506617793153081e-4,40.93389034545928,39109.240459688524,0.0016998775377797136,0.0010466552115132868,0.615723890840025,0.02678621884916539,14872,245.28
39001,OH,31.29310344827586,27509,4,8.506617793153081e-4,54.69395833546067,27532.400854887186,0.0016998775377797136,0.0019865306561433465,1.1686316290396093,0.02678621884916539,10339,323.64
39003,OH,98.96871088861077,102087,3,0.0012836746938390434,230.01520935855717,102218.04649846995,0.0025640579713467324,0.0022502407083469372,0.8776091389092239,0.03430668308799435,38754,1166.8
39005,OH,69.26206896551724,52522,4,8.506617793153081e-4,113.94052693871586,52566.6784579732,0.0016998775377797136,0.002167542829053024,1.2751170486576044,0.02678621884916539,20029,684.1
39007,OH,157.08526578665715,97666,2,0.001316614162945478,285.6737046248902,97794.58843883824,0.002629765938810684,0.0029211606611909157,1.1108063337804182,0.03776920561073565,38931,1633.32
39009,OH,75.93793103448276,61276,4,8.506617793153081e-4,128.06308222380758,61328.12515118933,0.0016998775377797136,0.0020881623546798425,1.2284192880195859,0.02678621884916539,25797,848.84
39011,OH,32.12758620689655,46263,4,8.506617793153081e-4,71.48175210336065,46302.35416589646,0.0016998775377797136,0.001543803838725976,0.9081853277162587,0.02678621884916539,17645,429.25
39013,OH,59.75469336670839,66554,3,0.0012836746938390434,145.1883789404721,66639.43368557376,0.0025640579713467324,0.0021787156779500476,0.8497138919233211,0.03430668308799435,28213,822.43
39015,OH,16.111309311452015,43715,2,0.001316614162945478,73.66709744461359,43772.55578813316,0.002629765938810684,0.001682951706114106,0.6399625462010599,0.03776920561073565,16783,405.66
39017,OH,380.62968248305384,388327,2,0.001316614162945478,891.9065105371825,388838.2768280541,0.002629765938810684,0.0022937724079350017,0.8722344350434335,0.03776920561073565,145589,4796.23
39019,OH,24.742177722152693,26761,3,0.0012836746938390434,59.094596203979336,26795.352418481827,0.0025640579713467324,0.0022054047015712857,0.8601227921586072,0.03430668308799435,10805,318.83
39021,OH,15.020689655172413,38715,4,8.506617793153081e-4,47.95406044136456,38747.933370786195,0.0016998775377797136,0.0012375901440338307,0.7280466483781548,0.02678621884916539,14929,291.14
39023,OH,140.5168961201502,135877,3,0.0012836746938390434,314.9387624949179,136051.42186637476,0.0025640579713467324,0.002314850945139261,0.9028075694885404,0.03430668308799435,50879,1575.84
39025,OH,213.0720656439529,208851,2,0.001316614162945478,488.0482501892789,209125.97618454532,0.002629765938810684,0.0023337524065331597,0.8874373084277618,0.03776920561073565,79729,2672.34
39027,OH,35.88275862068966,42077,4,8.506617793153081e-4,71.67605430893988,42112.79329568825,0.0016998775377797136,0.001702001902502119,1.001249716332613,0.02678621884916539,15987,428.77
39029,OH,75.93793103448276,101723,4,8.506617793153081e-4,162.46979921177385,101809.53186817729,0.0016998775377797136,0.0015958211007407372,0.9387859214994457,0.02678621884916539,41328,1039.26
39031,OH,24.617241379310347,36629,4,8.506617793153081e-4,55.77613169385077,36660.15889031454,0.0016998775377797136,0.0015214372600165296,0.8950275688704888,0.02678621884916539,13624,326.63
39033,OH,43.39310344827586,41861,4,8.506617793153081e-4,79.00265619219397,41896.60955274392,0.0016998775377797136,0.0018856575039261113,1.1092902059221592,0.02678621884916539,15962,474.29
39035,OH,2248.676448644616,1256620,1,0.00247692321944086,5361.2277046583895,1259732.5512560138,0.004941606459101834,0.004255845972474862,0.86122721582495,0.065875644401241,472360,26798.82
39037,OH,31.71034482758621,51751,4,8.506617793153081e-4,75.73294256893271,51795.02259774134,0.0016998775377797136,0.0014621664162037696,0.860159854876117,0.02678621884916539,19684,453.53
39039,OH,24.617241379310347,38300,4,8.506617793153081e-4,57.19758752708664,38332.58034614778,0.0016998775377797136,0.001492140289294005,0.8777928151477056,0.02678621884916539,14650,344.46
39041,OH,190.1134498751338,216074,2,0.001316614162945478,474.599538519415,216358.48608864428,0.002629765938810684,0.002193579494381222,0.834134879461277,0.03776920561073565,79986,2519.93
39043,OH,156.8560700876095,75299,3,0.0012836746938390434,253.51549085899563,75395.6594207714,0.0025640579713467324,0.0033624679829930963,1.3113853198986025,0.03430668308799435,29411,1323.18
39045,OH,140.97395647520514,159371,2,0.001316614162945478,350.8040722379889,159580.83011576277,0.002629765938810684,0.002198284543221823,0.8359240306443396,0.03776920561073565,60306,1903.99
39047,OH,32.5448275862069,28901,4,8.506617793153081e-4,57.12980367019862,28925.584976083992,0.0016998775377797136,0.001975061307055128,1.1618844670627535,0.02678621884916539,10788,335.75
39049,OH,3184.874409350908,1318149,1,0.00247692321944086,6449.828274133658,1321413.9538647828,0.004941606459101834,0.004881005119757993,0.9877365104151059,0.065875644401241,493554,32114.46
39051,OH,16.806007509386735,42602,3,0.0012836746938390434,71.49311681631767,42656.68710930693,0.0025640579713467324,0.0016760119376621526,0.6536560235343871,0.03430668308799435,16146,362.07
39053,OH,2.920689655172414,29276,4,8.506617793153081e-4,27.824663906407373,29300.903974251236,0.0016998775377797136,9.496179343428743e-4,0.5586390273638259,0.02678621884916539,10963,164.05
39055,OH,101.0984659293614,95455,2,0.001316614162945478,226.775870853322,95580.67740492396,0.002629765938810684,0.0023726120907533906,0.902214168849722,0.03776920561073565,36849,1255.66
39057,OH,267.9624530663329,167567,3,0.0012836746938390434,483.06397048885987,167782.10151742253,0.0025640579713467324,0.0028791150314606017,1.1228743903744074,0.03430668308799435,65390,2518.96
39059,OH,60.08275862068965,38409,4,8.506617793153081e-4,92.75582690241131,38441.67306828172,0.0016998775377797136,0.00241289776169873,1.4194538771600713,0.02678621884916539,14846,564.47
39061,OH,1372.0228798806268,827671,1,0.00247692321944086,3422.1003978384624,829721.0775179579,0.004941606459101834,0.0041243985365243385,0.8346270733331468,0.065875644401241,306188,16834.71
39063,OH,151.87586206896552,75072,4,8.506617793153081e-4,215.73674316572433,75135.86088109676,0.0016998775377797136,0.002871288631498212,1.689114990747234,0.02678621884916539,28897,1307.44
39065,OH,20.444827586206898,30622,4,8.506617793153081e-4,46.49379259240026,30648.048965006194,0.0016998775377797136,0.0015170229154060236,0.8924307085011991,0.02678621884916539,11668,278.92
39067,OH,9.179310344827586,14528,4,8.506617793153081e-4,21.53772467472038,14540.358414329892,0.0016998775377797136,0.0014812375363109623,0.8713789690083635,0.02678621884916539,5621,131.2
39069,OH,31.71034482758621,27601,4,8.506617793153081e-4,55.18946059846803,27624.479115770882,0.0016998775377797136,0.001997846198915665,1.1752883101950635,0.02678621884916539,10502,330.62
39071,OH,32.96206896551724,43285,4,8.506617793153081e-4,69.78296408318036,43321.820895117664,0.0016998775377797136,0.0016108040391959804,0.9476000496482375,0.02678621884916539,16100,408.66
39073,OH,5.236175526221905,28104,2,0.001316614162945478,42.23829996164162,28141.00212443542,0.002629765938810684,0.0015009522324354336,0.5707550661768178,0.03776920561073565,11059,238.4
39075,OH,19.610344827586207,44273,4,8.506617793153081e-4,57.27169378321284,44310.661348955626,0.0016998775377797136,0.0012925037009081494,0.7603510677577083,0.02678621884916539,15405,313.75
39077,OH,50.90344827586207,58518,4,8.506617793153081e-4,100.68247427783527,58567.779026001976,0.0016998775377797136,0.0017190761874910075,1.0112941369508124,0.02678621884916539,22031,596.79
39079,OH,9.596551724137932,32563,4,8.506617793153081e-4,37.29665124398231,32590.700099519843,0.0016998775377797136,0.0011443955217314218,0.6732223329606251,0.02678621884916539,12126,218.67
39081,OH,73.75969962453067,65280,3,0.0012836746938390434,157.55798363834342,65363.798284013814,0.0025640579713467324,0.002410477783952126,0.9401026852314339,0.03430668308799435,25576,824.87
39083,OH,55.07586206896552,62657,4,8.506617793153081e-4,108.37577717552477,62710.29991510656,0.0016998775377797136,0.0017281973985491601,1.0166599417546491,0.02678621884916539,23534,640.89
39085,OH,283.96182661434176,232236,2,0.001316614162945478,589.7270333601477,232541.7652067458,0.002629765938810684,0.00253600480256026,0.9643462047832182,0.03776920561073565,90880,3310.08
39087,OH,63.956195244055074,57994,3,0.0012836746938390434,138.40162543855655,58068.4454301945,0.0025640579713467324,0.002383422259942063,0.9295508473586527,0.03430668308799435,21873,697.53
39089,OH,155.07135212272564,178844,2,0.001316614162945478,390.53989548054676,179079.46854335783,0.002629765938810684,0.0021808189328303214,0.8292825230737456,0.03776920561073565,67576,2116.57
39091,OH,34.63103448275862,46098,4,8.506617793153081e-4,73.84484118563569,46137.21380670288,0.0016998775377797136,0.0016005483446620136,0.9415668535467335,0.02678621884916539,17636,444.8
39093,OH,400.7688191223689,313101,2,0.001316614162945478,813.0020301547611,313513.2332110324,0.002629765938810684,0.0025931984491624704,0.9860947740220746,0.03776920561073565,120346,4482.17
39095,OH,734.3291614518148,430014,3,0.0012836746938390434,1286.3272512483172,430565.9980897965,0.0025640579713467324,0.0029875263187411462,1.1651555277324692,0.03430668308799435,159321,6368.48
39097,OH,77.33428469496968,43961,2,0.001316614162945478,135.21395991221584,44018.87967521725,0.002629765938810684,0.0030717265162098543,1.1680608037683564,0.03776920561073565,19644,866.63
39099,OH,289.9036295369212,227979,3,0.0012836746938390434,582.5545025636525,228271.65087302672,0.0025640579713467324,0.002552022996879675,0.9953062783285136,0.03430668308799435,88221,3012.36
39101,OH,49.23448275862069,65366,4,8.506617793153081e-4,104.83884062534511,65421.60435786672,0.0016998775377797136,0.0016025110000644398,0.9427214398971066,0.02678621884916539,27979,706.52
39103,OH,127.68212629325723,182347,2,0.001316614162945478,367.76276906387636,182587.08064277063,0.002629765938810684,0.002014177387410009,0.7659150792412057,0.03776920561073565,70552,2040.93
39105,OH,1.2517241379310344,22242,4,8.506617793153081e-4,20.172143433462118,22260.92041929553,0.0016998775377797136,9.06168435694021e-4,0.5330786574647067,0.02678621884916539,8586,122.6
39107,OH,53.824137931034485,42321,4,8.506617793153081e-4,89.82499509343764,42357.000857162406,0.0016998775377797136,0.0021206646664231085,1.2475396722948666,0.02678621884916539,15852,529.72
39109,OH,100.369211514393,108818,3,0.0012836746938390434,240.05612434857,108957.68691283418,0.0025640579713467324,0.002203205034451715,0.859264907062345,0.03430668308799435,41364,1219.35
39111,OH,17.94137931034483,13401,4,8.506617793153081e-4,29.341097814949272,13412.399718504605,0.0016998775377797136,0.0021876098558610965,1.2869220324650164,0.02678621884916539,5413,186.6
39113,OH,788.9486858573217,536121,3,0.0012836746938390434,1477.1536463930033,536809.2049605356,0.0025640579713467324,0.002751729353265465,1.0731931118625064,0.03430668308799435,199503,7345.24
39115,OH,8.344827586206897,13851,4,8.506617793153081e-4,20.12734389150323,13862.782516305297,0.0016998775377797136,0.001451897832764065,0.8541190765191555,0.02678621884916539,5470,125.15
39117,OH,91.43168034249018,35049,2,0.001316614162945478,137.57769013956624,35095.14600979708,0.002629765938810684,0.00392013442830984,1.4906780753585724,0.03776920561073565,13717,772.29
39119,OH,79.27586206896552,86393,4,8.506617793153081e-4,152.76708516935292,86466.49122310038,0.0016998775377797136,0.0017667778928970772,1.0393559851404033,0.02678621884916539,32535,905.79
39121,OH,25.03448275862069,14216,4,8.506617793153081e-4,37.12749061336711,14228.093007854746,0.0016998775377797136,0.0026094495300860447,1.5350808938238951,0.02678621884916539,7028,288.98
39123,OH,43.415519399249064,40367,3,0.0012836746938390434,95.23361576544973,40418.8180963662,0.0025640579713467324,0.002356170225917902,0.9189223692475094,0.03430668308799435,16687,526.06
39125,OH,14.186206896551724,18827,4,8.506617793153081e-4,30.201616215721028,18843.01540931917,0.0016998775377797136,0.0016028016514163781,0.9428924235976842,0.02678621884916539,7189,181.57
39127,OH,50.75062433107385,35451,2,0.001316614162945478,97.425913021654,35497.67528869058,0.002629765938810684,0.0027445716438984245,1.0436562446084694,0.03776920561073565,13681,539.28
39129,OH,41.88940420977524,58809,2,0.001316614162945478,119.31816651843587,58886.428762308664,0.002629765938810684,0.0020262421924083064,0.7705028658651947,0.03776920561073565,24701,718.83
39131,OH,23.36551724137931,27151,4,8.506617793153081e-4,46.46183521156924,27174.09631797019,0.0016998775377797136,0.0017097840041453041,1.0058277529677402,0.02678621884916539,10279,276.94
39133,OH,204.93992490613266,161217,3,0.0012836746938390434,411.8901080227817,161423.95018311666,0.0025640579713467324,0.0025516046878764917,0.9951431349800177,0.03430668308799435,64395,2198.45
39135,OH,17.52413793103448,40929,4,8.506617793153081e-4,52.340873896630725,40963.81673596559,0.0016998775377797136,0.001277734304740121,0.751662561768436,0.02678621884916539,15670,315.5
39137,OH,13.351724137931035,34400,4,8.506617793153081e-4,42.61448934637763,34429.26276520845,0.0016998775377797136,0.0012377403965048168,0.7281350385519448,0.02678621884916539,12883,251.27
39139,OH,168.99374217772217,125008,3,0.0012836746938390434,329.4633483051533,125168.46960612743,0.0025640579713467324,0.0026321592757496248,1.0265599706262192,0.03430668308799435,50146,1766.04
39141,OH,71.76551724137931,76957,4,8.506617793153081e-4,137.2298957921475,77022.46437855077,0.0016998775377797136,0.0017816866403766133,1.0481264683947493,0.02678621884916539,31958,897.23
39143,OH,48.4,58885,4,8.506617793153081e-4,98.49121887498191,58935.09121887498,0.0016998775377797136,0.001671181240887575,0.983118609279572,0.02678621884916539,22864,602.1
39145,OH,80.9448275862069,73716,4,8.506617793153081e-4,143.65221131021414,73778.707383724,0.0016998775377797136,0.0019470686923678013,1.1454170368713472,0.02678621884916539,28552,876.02
39147,OH,47.148275862068964,55062,4,8.506617793153081e-4,93.98741475472846,55108.83913889266,0.0016998775377797136,0.001705487109206725,1.0032999856179865,0.02678621884916539,21611,580.79
39149,OH,90.12413793103448,48145,4,8.506617793153081e-4,131.07924929617,48185.95511136513,0.0016998775377797136,0.002720279155891499,1.6002794880415783,0.02678621884916539,18221,781.05
39151,OH,533.1239048811015,374199,3,0.0012836746938390434,1013.4736916409777,374679.3497867599,0.0025640579713467324,0.002704909390436844,1.0549330087947004,0.03430668308799435,142100,5142.78
39153,OH,878.1138923654569,539361,3,0.0012836746938390434,1570.4779589091772,540053.3640665438,0.0025640579713467324,0.0029080051406098965,1.1341417288948856,0.03430668308799435,206456,8032.92
39155,OH,161.52440550688362,201749,3,0.0012836746938390434,420.5044913142168,202007.98008580733,0.0025640579713467324,0.0020816231672412065,0.8118471541998192,0.03430668308799435,78062,2174.17
39157,OH,144.78275862068966,92840,4,8.506617793153081e-4,223.75819821232287,92918.97543959164,0.0016998775377797136,0.002408100144816946,1.4166315462714296,0.02678621884916539,35479,1346.29
39159,OH,54.77845165893685,63411,2,0.001316614162945478,138.26627234547257,63494.48782068653,0.002629765938810684,0.002177610641351222,0.8280625318069371,0.03776920561073565,22892,715.95
39161,OH,5.424137931034482,28833,4,8.506617793153081e-4,29.95126901403276,28857.527131083,0.0016998775377797136,0.0010379014417271975,0.6105742435321825,0.02678621884916539,10835,177.21
39163,OH,0,12790,4,8.506617793153081e-4,10.87996415744279,12800.879964157442,0.0016998775377797136,8.499387688898552e-4,0.49999999999999906,0.02678621884916539,5012,67.13
39165,OH,138.15447734570103,243189,2,0.001316614162945478,458.3405590182489,243509.18608167255,0.002629765938810684,0.0018822310829149677,0.7157409163821665,0.03776920561073565,93262,2521.15
39167,OH,54.65862068965517,59639,4,8.506617793153081e-4,105.39123854624083,59689.732617856585,0.0016998775377797136,0.0017656510412095954,1.0386930834534067,0.02678621884916539,23574,655.89
39169,OH,120.1655172413793,116680,4,8.506617793153081e-4,219.42073365188946,116779.25521641051,0.0016998775377797136,0.0018789358884441247,1.1053360296167494,0.02678621884916539,43839,1297.98
39171,OH,12.934482758620689,36973,4,8.506617793153081e-4,44.38600072524558,37004.45151796663,0.0016998775377797136,0.0011994773305502183,0.7056257312023251,0.02678621884916539,14367,271.55
39173,OH,163.85857321652065,131564,3,0.0012836746938390434,332.7439506367606,131732.88537742023,0.0025640579713467324,0.0025258989027943574,0.9851177044439707,0.03430668308799435,51673,1746.35
39175,OH,40.0551724137931,21818,4,8.506617793153081e-4,58.6149111148945,21836.5597387011,0.0016998775377797136,0.002684255753483496,1.5790877247484092,0.02678621884916539,8277,350.1
40001,OK,23.926805143422353,19726,4,8.506617793153081e-4,40.70695940219612,19742.780154258773,0.0016998775377797136,0.0020618656077885313,1.212949498986631,0.02678621884916539,7205,234.09
40003,OK,4.8664688427299705,5683,4,8.506617793153081e-4,9.700779734578866,5687.834310891849,0.0016998775377797136,0.0017055313506588047,1.003326011876406,0.02678621884916539,2943,79.09
40005,OK,4.460929772502473,14117,4,8.506617793153081e-4,16.46972211109668,14129.008792338595,0.0016998775377797136,0.0011656671995297595,0.6857359860477301,0.02678621884916539,6191,113.72
40007,OK,6.894164193867458,5071,4,8.506617793153081e-4,11.207870076775386,5075.313705882908,0.0016998775377797136,0.0022083108013173838,1.2990999364588096,0.02678621884916539,1911,66.5
40009,OK,12.166172106824925,22295,4,8.506617793153081e-4,31.13167647665972,22313.965504369833,0.0016998775377797136,0.0013951655733519476,0.8207447550452581,0.02678621884916539,10011,220.09
40011,OK,13.382789317507418,8661,4,8.506617793153081e-4,20.7503709881573,8668.367581670649,0.0016998775377797136,0.0023938037690088465,1.4082213075981351,0.02678621884916539,3565,134.48
40013,OK,54.34223541048467,46528,4,8.506617793153081e-4,93.92182667846733,46567.57959126798,0.0016998775377797136,0.002016893029503274,1.1864931353452841,0.02678621884916539,17288,549.44
40015,OK,8.921859545004946,26910,4,8.506617793153081e-4,31.813168026379888,26932.891308481376,0.0016998775377797136,0.001181201366834376,0.6948743898205727,0.02678621884916539,11953,222.48
40017,OK,160.8286252354049,156681,2,0.001316614162945478,367.1170488998654,156887.28842366446,0.002629765938810684,0.0023400050608847825,0.8898149551450398,0.03776920561073565,57535,1933.61
40019,OK,57.99208704253215,48202,4,8.506617793153081e-4,98.99568612908863,48243.00359908656,0.0016998775377797136,0.0020520216144038557,1.2071584974786438,0.02678621884916539,17388,562.24
40021,OK,91.65182987141444,47412,4,8.506617793153081e-4,131.98340615231183,47452.3315762809,0.0016998775377797136,0.002781389275680689,1.63622920702487,0.02678621884916539,18044,790.84
40023,OK,10.138476755687439,14285,4,8.506617793153081e-4,22.290180273206616,14297.151703517518,0.0016998775377797136,0.0015590644021579892,0.9171627764399741,0.02678621884916539,5149,126.5
40025,OK,0.4055390702274975,2272,4,8.506617793153081e-4,2.3382426328318777,2273.9327035626043,0.0016998775377797136,0.0010282813687355471,0.6049149693916372,0.02678621884916539,880,14.26
40027,OK,358.9924670433145,295060,2,0.001316614162945478,747.4726419620072,295448.4801749187,0.002629765938810684,0.0025299593401850295,0.9620473452969003,0.03776920561073565,116340,4227.3
40029,OK,0,5287,4,8.506617793153081e-4,4.497448827240034,5291.49744882724,0.0016998775377797136,8.499387688898553e-4,0.4999999999999991,0.02678621884916539,1992,26.68
40031,OK,142.10666666666665,121777,3,0.0012836746938390434,298.42871985830385,121933.32205319163,0.0025640579713467324,0.0024474746921774072,0.9545317303773395,0.03430668308799435,48607,1591.72
40033,OK,0,5537,3,0.0012836746938390434,7.107706779786783,5544.107706779787,0.0025640579713467324,0.0012820289856733662,0.5,0.03430668308799435,2065,35.42
40035,OK,4.460929772502473,14144,4,8.506617793153081e-4,16.49268997913819,14156.031760206635,0.0016998775377797136,0.001165064493956564,0.6853814278164455,0.02678621884916539,5661,103.93
40037,OK,36.760828625235405,72076,2,0.001316614162945478,131.6571110336937,72170.89628240846,0.002629765938810684,0.00182424104196396,0.6936895086522323,0.03776920561073565,27195,712.51
40039,OK,22.304648862512362,28391,4,8.506617793153081e-4,46.455787439053275,28415.15113857654,0.0016998775377797136,0.0016348949619340465,0.9617722015842719,0.02678621884916539,10435,268.83
40041,OK,28.387734915924828,40791,4,8.506617793153081e-4,63.08707955597556,40825.69934464005,0.0016998775377797136,0.0015452786007022358,0.9090528972578775,0.02678621884916539,16062,391.11
40043,OK,0,4504,4,8.506617793153081e-4,3.8313806540361477,4507.831380654036,0.0016998775377797136,8.499387688898552e-4,0.49999999999999906,0.02678621884916539,1616,21.64
40045,OK,1.2166172106824926,3755,4,8.506617793153081e-4,4.4108521920114745,3758.194234981329,0.0016998775377797136,0.0011736626465325276,0.6904395289942481,0.02678621884916539,1423,26.32
40047,OK,11.03111111111111,62456,3,0.0012836746938390434,91.20429778952241,62536.17318667841,0.0025640579713467324,0.0014584246707464177,0.568795513613291,0.03430668308799435,23247,453.63
40049,OK,19.465875370919882,25806,4,8.506617793153081e-4,41.41805324793072,25827.95217787701,0.0016998775377797136,0.0016036135177378656,0.9433700264269727,0.02678621884916539,9565,241.7
40051,OK,24.698681732580038,55314,2,0.001316614162945478,97.52587754174621,55386.827195809165,0.002629765938810684,0.0017608135811239517,0.6695704568750641,0.03776920561073565,21142,534.66
40053,OK,0,4152,4,8.506617793153081e-4,3.5319477077171593,4155.531947707717,0.0016998775377797136,8.499387688898552e-4,0.49999999999999906,0.02678621884916539,1613,21.6
40055,OK,0,5531,4,8.506617793153081e-4,4.705010301392969,5535.705010301393,0.0016998775377797136,8.499387688898553e-4,0.4999999999999991,0.02678621884916539,2518,33.72
40057,OK,9.327398615232443,2499,4,8.506617793153081e-4,11.453202401741398,2501.125803786509,0.0016998775377797136,0.00457921883993286,2.693852197090611,0.02678621884916539,936,67.54
40059,OK,6.083086053412463,3272,4,8.506617793153081e-4,8.86645139533215,3274.7833653419198,0.0016998775377797136,0.0027074924983339793,1.592757382905569,0.02678621884916539,1274,54.35
40061,OK,2.8387734915924825,11651,4,8.506617793153081e-4,12.749833882395137,11660.911060390803,0.0016998775377797136,0.0010933823108987713,0.6432124000690586,0.02678621884916539,4408,75.95
40063,OK,10.949554896142432,13409,4,8.506617793153081e-4,22.3560786949814,13420.40652379884,0.0016998775377797136,0.0016658272352135268,0.9799689672876898,0.02678621884916539,5903,154.95
40065,OK,6.894164193867458,24776,4,8.506617793153081e-4,27.97016043818353,24797.075996244315,0.0016998775377797136,0.0011279620404607302,0.6635548828617455,0.02678621884916539,9327,165.78
40067,OK,3.24431256181998,5420,4,8.506617793153081e-4,7.8548994057089505,5424.610586843889,0.0016998775377797136,0.0014480116646085441,0.8518329305650201,0.02678621884916539,2005,45.75
40069,OK,12.97725024727992,10410,4,8.506617793153081e-4,21.832639369952275,10418.855389122673,0.0016998775377797136,0.0020954930800503903,1.2327317900720118,0.02678621884916539,4015,132.58
40071,OK,36.49851632047478,43859,4,8.506617793153081e-4,73.80769129946488,43896.30917497899,0.0016998775377797136,0.0016814099564784243,0.9891359342712354,0.02678621884916539,16401,434.55
40073,OK,20.682492581602375,15290,4,8.506617793153081e-4,33.68911118733344,15303.00661860573,0.0016998775377797136,0.0022014700788519216,1.2950756921744848,0.02678621884916539,5560,192.88
40075,OK,4.8664688427299705,8446,4,8.506617793153081e-4,12.051158230827063,8453.184689388097,0.0016998775377797136,0.0014256352692678968,0.8386693968143041,0.02678621884916539,3127,70.25
40077,OK,2.0276953511374876,9537,4,8.506617793153081e-4,10.140456740467581,9545.11276138933,0.0016998775377797136,0.0010623716025112307,0.624969492742896,0.02678621884916539,3766,63.04
40079,OK,15.00494559841741,48525,4,8.506617793153081e-4,56.28330843969273,48566.27836284127,0.0016998775377797136,0.0011588968794190304,0.6817531578967257,0.02678621884916539,18586,339.41
40081,OK,29.006591337099813,33734,2,0.001316614162945478,73.42125350990257,33778.4146621728,0.002629765938810684,0.0021736145477580485,0.82654296934923,0.03776920561073565,12894,402.52
40083,OK,19.529190207156308,49919,2,0.001316614162945478,85.25325260723163,49984.72406240008,0.002629765938810684,0.0017055861406937633,0.648569561086154,0.03776920561073565,19139,468.83
40085,OK,1.62215628090999,10158,4,8.506617793153081e-4,10.26317863519489,10166.641022354284,0.0016998775377797136,0.0010094955268537898,0.5938636780696198,0.02678621884916539,3912,62.23
40087,OK,21.53954802259887,42393,2,0.001316614162945478,77.35477223234652,42448.81522420975,0.002629765938810684,0.0018223069789761511,0.6929540580331238,0.03776920561073565,15844,414.67
40089,OK,12.166172106824925,31003,4,8.506617793153081e-4,38.53923925093742,31029.37306714411,0.0016998775377797136,0.0012420244252935048,0.7306552370329975,0.02678621884916539,11249,220.16
40091,OK,11.760633036597428,19159,4,8.506617793153081e-4,28.058462066499416,19175.297829029903,0.0016998775377797136,0.0014632608221615778,0.8608036694648066,0.02678621884916539,7614,175.56
40093,OK,0.4055390702274975,7678,4,8.506617793153081e-4,6.936920211810433,7684.531381141583,0.0016998775377797136,9.027121977579734e-4,0.5310454298590511,0.02678621884916539,2824,40.17
40095,OK,8.921859545004946,15494,4,8.506617793153081e-4,22.102013153716328,15507.180153608711,0.0016998775377797136,0.0014252760937050776,0.8384581018504984,0.02678621884916539,6024,135.29
40097,OK,66.9139465875371,39324,4,8.506617793153081e-4,100.36537039733227,39357.4514238098,0.0016998775377797136,0.0025500983109037123,1.500165896794254,0.02678621884916539,15022,603.64
40099,OK,8.516320474777448,13837,4,8.506617793153081e-4,20.286927515163367,13848.770607040386,0.0016998775377797136,0.0014648901401291155,0.8617621608451126,0.02678621884916539,5402,124.7
40101,OK,53.93669634025717,66606,4,8.506617793153081e-4,110.59587481333259,66662.65917847307,0.0016998775377797136,0.001659037850818987,0.9759749240441937,0.02678621884916539,24479,639.95
40103,OK,8.921859545004946,10981,4,8.506617793153081e-4,18.262976543666344,10990.341116998661,0.0016998775377797136,0.0016617297269708184,0.9775584946791392,0.02678621884916539,4115,107.75
40105,OK,12.97725024727992,9460,4,8.506617793153081e-4,21.024510679602734,9468.047260432322,0.0016998775377797136,0.002220575172608795,1.3063147922462628,0.02678621884916539,3604,126.11
40107,OK,3.649851632047478,11349,4,8.506617793153081e-4,13.304012165496909,11358.65416053345,0.0016998775377797136,0.0011712665935127034,0.6890299845026173,0.02678621884916539,4846,89.44
40109,OK,1741.7644645055395,795822,1,0.00247692321944086,3712.954454847403,797793.1899903419,0.004941606459101834,0.004654031272054795,0.9418053239514124,0.065875644401241,288898,17923.82
40111,OK,22.975517890772128,36900,2,0.001316614162945478,71.55858050346026,36948.58306261269,0.002629765938810684,0.001936707028310066,0.7364560471818815,0.03776920561073565,13922,387.25
40113,OK,5.743879472693032,46004,2,0.001316614162945478,66.31339742483681,46064.56951795214,0.002629765938810684,0.0014395748862690088,0.5474155950624483,0.03776920561073565,18258,377.49
40115,OK,27.171117705242334,30472,4,8.506617793153081e-4,53.0924834445384,30497.921365739297,0.0016998775377797136,0.0017408558048215492,1.024106599523257,0.02678621884916539,11138,305.54
40117,OK,11.774952919020716,15682,2,0.001316614162945478,32.4220962223317,15702.647143303311,0.002629765938810684,0.002064753536549964,0.7851472657995381,0.03776920561073565,5990,177.63
40119,OK,79.89119683481701,82058,4,8.506617793153081e-4,149.69480112187256,82127.80360428705,0.0016998775377797136,0.001822705521788221,1.0722569604448908,0.02678621884916539,34569,992.88
40121,OK,16.2215628090999,43758,4,8.506617793153081e-4,53.44482094837915,43795.22325813928,0.0016998775377797136,0.001220334478793792,0.7178955258081271,0.02678621884916539,17169,330.15
40123,OK,54.74777448071217,38116,4,8.506617793153081e-4,87.17159886109445,38148.423824380385,0.0016998775377797136,0.002285064233909022,1.3442522670742783,0.02678621884916539,13842,498.41
40125,OK,64.8862512363996,72734,4,8.506617793153081e-4,126.75828509311921,72795.87203385672,0.0016998775377797136,0.001741283970527409,1.0243584798477767,0.02678621884916539,26384,723.94
40127,OK,6.894164193867458,10845,4,8.506617793153081e-4,16.119591190541975,10854.225426996674,0.0016998775377797136,0.001485098250350436,0.873650140874377,0.02678621884916539,4145,97
40129,OK,2.0276953511374876,3423,4,8.506617793153081e-4,4.9395106217337865,3425.9118152705964,0.0016998775377797136,0.0014418090389006811,0.8481840643555375,0.02678621884916539,1322,30.04
40131,OK,47.099811676082865,95870,2,0.001316614162945478,173.32361147766585,95996.22379980158,0.002629765938810684,0.0018055253073196835,0.6865726263593768,0.03776920561073565,36646,950.28
40133,OK,15.816023738872403,23592,4,8.506617793153081e-4,35.88483643647915,23612.068812697606,0.0016998775377797136,0.0015197667227355254,0.8940448290884301,0.02678621884916539,8705,208.47
40135,OK,13.626666666666665,39538,3,0.0012836746938390434,64.38059671167477,39588.75393004501,0.0025640579713467324,0.0016262344812730907,0.6342424779182881,0.03430668308799435,14781,321.62
40137,OK,34.06528189910979,43140,4,8.506617793153081e-4,70.76283105877218,43176.69754915966,0.0016998775377797136,0.0016389125402238973,0.964135653186261,0.02678621884916539,16113,416.13
40139,OK,3.649851632047478,21144,4,8.506617793153081e-4,21.636244293890353,21161.986392661842,0.0016998775377797136,0.0010224108404772894,0.6014614686965662,0.02678621884916539,8251,132.93
40141,OK,3.24431256181998,7013,4,8.506617793153081e-4,9.210003620158236,7018.965691058338,0.0016998775377797136,0.0013121596579238341,0.7719142283847722,0.02678621884916539,2638,54.55
40143,OK,1240.2872384078785,668923,1,0.00247692321944086,2897.1581491259167,670579.870910718,0.004941606459101834,0.004320377444660352,0.8742860202278443,0.065875644401241,243283,14011.68
40145,OK,33.888888888888886,82269,2,0.001316614162945478,142.20541946025043,82377.31653057136,0.002629765938810684,0.0017262691411837386,0.6564345197825654,0.03776920561073565,31007,768.76
40147,OK,67.72502472799209,52579,4,8.506617793153081e-4,112.45197042261168,52623.726945694616,0.0016998775377797136,0.002136906238865544,1.2570942267150924,0.02678621884916539,19321,650.59
40149,OK,11.35509396636993,10930,4,8.506617793153081e-4,20.652827214286248,10939.297733247917,0.0016998775377797136,0.0018879481771042672,1.1106377578058952,0.02678621884916539,4083,121.47
40151,OK,1.62215628090999,8661,4,8.506617793153081e-4,8.989737951559874,8668.367581670649,0.0016998775377797136,0.00103707392041943,0.6100874312240157,0.02678621884916539,3641,59.5
40153,OK,20.682492581602375,20411,4,8.506617793153081e-4,38.04535015920713,20428.362857577606,0.0016998775377797136,0.0018623788124604787,1.095595871507906,0.02678621884916539,8132,238.65
41001,OR,27.72,16685,4,8.506617793153081e-4,41.91329178787591,16699.193291787877,0.0016998775377797136,0.0025098991942615286,1.4765176540539624,0.02678621884916539,6826,269.97
41003,OR,99.80557467309016,95615,3,0.0012836746938390434,222.5441305245103,95737.73855585142,0.0025640579713467324,0.0023245183548458548,0.9065779248450209,0.03430668308799435,40690,1265.53
41005,OR,713.5919696147586,420925,2,0.001316614162945478,1267.787786152584,421479.19581653783,0.002629765938810684,0.0030079486692017625,1.143808513453525,0.03776920561073565,163742,7073.78
41007,OR,66.44,41190,4,8.506617793153081e-4,101.47875868999753,41225.038758689996,0.0016998775377797136,0.00246158067392008,1.4480929474103534,0.02678621884916539,16531,641.22
41009,OR,31.496473141616928,52865,2,0.001316614162945478,101.09928086572963,52934.60280772411,0.002629765938810684,0.0019098902325375986,0.7262586393530328,0.03776920561073565,21212,581.85
41011,OR,59.84,64908,4,8.506617793153081e-4,115.05475477179803,64963.2147547718,0.0016998775377797136,0.0017710754494849998,1.0418841417236921,0.02678621884916539,26220,731.75
41013,OR,59.60220233998624,24987,3,0.0012836746938390434,91.67738191494242,25019.075179574957,0.0025640579713467324,0.0036642993898425907,1.429101615794581,0.03430668308799435,10055,492.97
41015,OR,96.8,23404,4,8.506617793153081e-4,116.70888828309546,23423.908888283095,0.0016998775377797136,0.004982468504284294,2.931074970725315,0.02678621884916539,9990,784.34
41017,OR,176.276324845148,199352,3,0.0012836746938390434,432.179442411349,199607.9031175662,0.0025640579713467324,0.0021651419390784415,0.8444200416971203,0.03430668308799435,79575,2305.23
41019,OR,131.56,111322,4,8.506617793153081e-4,226.25737059693873,111416.69737059694,0.0016998775377797136,0.0020307312632356703,1.194633859265003,0.02678621884916539,44260,1416.31
41021,OR,2.2,1983,4,8.506617793153081e-4,3.8868623083822564,1984.6868623083822,0.0016998775377797136,0.001958425977517411,1.1520982741353234,0.02678621884916539,825,25.46
41023,OR,0,7237,4,8.506617793153081e-4,6.156239296904885,7243.1562392969045,0.0016998775377797136,8.499387688898553e-4,0.4999999999999991,0.02678621884916539,3039,40.7
41025,OR,11.44,7496,4,8.506617793153081e-4,17.816560697747548,7502.376560697748,0.0016998775377797136,0.0023747889156993398,1.397035293966622,0.02678621884916539,2962,110.84
41027,OR,49.72,23965,4,8.506617793153081e-4,70.10610954129136,23985.38610954129,0.0016998775377797136,0.002922867667050122,1.7194577856872035,0.02678621884916539,9396,432.76
41029,OR,213.6682725395733,222604,3,0.0012836746938390434,499.41939408691974,222889.75112154734,0.0025640579713467324,0.002240656609709138,0.8738712754346452,0.03430668308799435,86104,2581.37
41031,OR,14.6194081211287,24659,3,0.0012836746938390434,46.27354239650567,24690.654134275377,0.0025640579713467324,0.0018741318939893574,0.7309241502854937,0.03430668308799435,9923,248.83
41033,OR,45.2639366827254,87994,3,0.0012836746938390434,158.2196076923982,88106.95567100967,0.0025640579713467324,0.0017957675019800747,0.7003615058815831,0.03430668308799435,34560,830.38
41035,OR,117.04,69506,4,8.506617793153081e-4,176.1660976330898,69565.1260976331,0.0016998775377797136,0.0025323909768501626,1.4897490675462612,0.02678621884916539,27108,1081.74
41037,OR,43.56,8201,4,8.506617793153081e-4,50.536277252164844,8207.976277252164,0.0016998775377797136,0.006156971651127041,3.6220089472850723,0.02678621884916539,3668,355.87
41039,OR,585.3386097728837,382218,3,0.0012836746938390434,1075.9821839026552,382708.6435741298,0.0025640579713467324,0.00281149172345317,1.0965008415845126,0.03430668308799435,154283,5803.71
41041,OR,106.92,50334,4,8.506617793153081e-4,149.73721000005673,50376.81721000006,0.0016998775377797136,0.0029723435955841433,1.7485633697274774,0.02678621884916539,20056,939.37
41043,OR,94.46386785960084,128598,3,0.0012836746938390434,259.5418661379141,128763.07799827831,0.0025640579713467324,0.0020156544109747395,0.7861188918111893,0.03430668308799435,49531,1335.81
41045,OR,13.2,31538,4,8.506617793153081e-4,40.02817119604619,31564.828171196044,0.0016998775377797136,0.0012681257435949937,0.7460100597901598,0.02678621884916539,13297,265.71
41047,OR,240.9390915347557,345815,3,0.0012836746938390434,684.8530557847045,346258.91396424995,0.0025640579713467324,0.001977864043827658,0.7713803923040066,0.03430668308799435,130898,3464.02
41049,OR,20.68,12140,4,8.506617793153081e-4,31.007034000887842,12150.327034000888,0.0016998775377797136,0.0025519505700644317,1.5012555395005978,0.02678621884916539,4473,179.87
41051,OR,3701.3334854014597,808098,1,0.00247692321944086,5702.93018518518,810099.5966997837,0.004941606459101834,0.007039788944986525,1.4245952208557797,0.065875644401241,328905,30866.46
41053,OR,119.48554714384034,87600,3,0.0012836746938390434,231.93545032414053,87712.4499031803,0.0025640579713467324,0.0026442705748175774,1.0312834594097398,0.03430668308799435,33230,1175.67
41055,OR,0.88,1900,4,8.506617793153081e-4,2.4962573806990855,1901.6162573806992,0.0016998775377797136,0.001312703007775843,0.7722338689705985,0.02678621884916539,769,15.91
41057,OR,95.48,27345,4,8.506617793153081e-4,118.7413463553771,27368.26134635538,0.0016998775377797136,0.004338651434691515,2.5523317640625,0.02678621884916539,11204,765.99
41059,OR,114.84,79904,4,8.506617793153081e-4,182.8112788144104,79971.97127881441,0.0016998775377797136,0.002285941885527079,1.3447685699246608,0.02678621884916539,31847,1147.17
41061,OR,32.56,26286,4,8.506617793153081e-4,54.920495531082196,26308.360495531084,0.0016998775377797136,0.002087568153112824,1.2280697325052548,0.02678621884916539,10158,334.15
41063,OR,0,7439,4,8.506617793153081e-4,6.328072976326577,7445.328072976326,0.0016998775377797136,8.499387688898552e-4,0.49999999999999906,0.02678621884916539,2896,38.79
41065,OR,40.04,26639,4,8.506617793153081e-4,62.70077913918049,26661.66077913918,0.0016998775377797136,0.002351720684565881,1.3834647686665529,0.02678621884916539,10414,385.92
41067,OR,1354.3483450895278,599541,2,0.001316614162945478,2143.7125169560227,600330.3641718664,0.002629765938810684,0.003570888039143572,1.3578729522820239,0.03776920561073565,231597,11877.63
41069,OR,0,1407,4,8.506617793153081e-4,1.1968811234966386,1408.1968811234967,0.0016998775377797136,8.499387688898552e-4,0.49999999999999906,0.02678621884916539,577,7.73
41071,OR,163.38795442213782,107674,2,0.001316614162945478,305.15306780312926,107815.76511338098,0.002629765938810684,0.0028303195500419148,1.0762629130872123,0.03776920561073565,42438,1725.09
42001,PA,74.23777809267395,104604,3,0.0012836746938390434,208.51528576701324,104738.27750767434,0.0025640579713467324,0.0019908221781834725,0.7764341525936028,0.03430668308799435,41385,1102.37
42003,PA,2450.8392066874285,1245310,1,0.00247692321944086,5535.376461089325,1248394.537254402,0.004941606459101834,0.00443399606126385,0.897278263245138,0.065875644401241,489180,28914.83
42005,PA,54.99062792877226,65538,2,0.001316614162945478,141.278886939893,65624.28825901113,0.002629765938810684,0.0021528444831627326,0.8186449034838287,0.03776920561073565,26527,820.2
42007,PA,161.89240862230554,167629,2,0.001316614162945478,382.59512414269307,167849.7027155204,0.002629765938810684,0.0022793911335734288,0.8667657831952478,0.03776920561073565,65587,2147.13
42009,PA,21.033216783216783,47613,4,8.506617793153081e-4,61.53577608175655,47653.50255929854,0.0016998775377797136,0.0012913169604937924,0.759652934869908,0.02678621884916539,19142,389.51
42011,PA,567.5165084313447,428483,3,0.0012836746938390434,1117.5492922715796,429033.03278384026,0.0025640579713467324,0.002604809436280946,1.0158933477283314,0.03430668308799435,164246,5724.29
42013,PA,105.9900807708658,122640,3,0.0012836746938390434,263.41994522328605,122797.42986445242,0.0025640579713467324,0.00214515845742095,0.8366263483092148,0.03430668308799435,47687,1368.71
42015,PA,44.0506993006993,60159,4,8.506617793153081e-4,95.22566128252892,60210.17496198183,0.0016998775377797136,0.0015815543027844832,0.9303930828159671,0.02678621884916539,23402,583.22
42017,PA,951.5578256794752,645163,2,0.001316614162945478,1800.9885688878685,646012.4307432084,0.002629765938810684,0.002787854355706301,1.0601150142537448,0.03776920561073565,253214,10138.61
42019,PA,238.8792877225867,194562,2,0.001316614162945478,495.0423724935848,194818.163084771,0.002629765938810684,0.002541048353269698,0.9662640753567944,0.03776920561073565,77656,2834.06
42021,PA,137.74238344905768,133263,3,0.0012836746938390434,308.80872417413013,133434.06634072508,0.0025640579713467324,0.00231431697049226,0.902599315754433,0.03430668308799435,53259,1649.17
42023,PA,0,4536,4,8.506617793153081e-4,3.8586018309742376,4539.858601830974,0.0016998775377797136,8.499387688898552e-4,0.49999999999999906,0.02678621884916539,1895,25.38
42025,PA,84.07651976760663,65018,3,0.0012836746938390434,167.53848101163356,65101.46196124403,0.0025640579713467324,0.002573497982447337,1.0036816683577736,0.03430668308799435,26383,908.45
42027,PA,139.97846110245146,158665,3,0.0012836746938390434,343.6527064004233,158868.67424529797,0.0025640579713467324,0.0021631244046879457,0.8436331896005446,0.03430668308799435,71907,2081.15
42029,PA,560.0245548266167,536474,2,0.001316614162945478,1266.3538212786293,537180.329266452,0.002629765938810684,0.0023574091460271864,0.8964330670026582,0.03776920561073565,205298,6950.89
42031,PA,16.66783216783217,37489,4,8.506617793153081e-4,48.55829161258376,37520.89045944475,0.0016998775377797136,0.0012941668232812602,0.7613294455150161,0.02678621884916539,14927,304.41
42033,PA,42.06643356643357,79707,4,8.506617793153081e-4,109.87013201031883,79774.80369844388,0.0016998775377797136,0.0013772535552157303,0.8102075147216917,0.02678621884916539,34653,752.05
42035,PA,42.86013986013986,37860,4,8.506617793153081e-4,75.06619482501742,37892.206054964874,0.0016998775377797136,0.001981045778019086,1.1654049977074343,0.02678621884916539,14984,467.75
42037,PA,41.27272727272727,64924,4,8.506617793153081e-4,96.50109263299433,64979.228365360264,0.0016998775377797136,0.0014851067804375164,0.8736551589341436,0.02678621884916539,25622,599.6
42039,PA,67.46503496503497,83876,4,8.506617793153081e-4,138.81514236688577,83947.35010740186,0.0016998775377797136,0.0016535976679345602,0.9727745859236415,0.02678621884916539,32593,849.27
42041,PA,372.97775258608476,261269,3,0.0012836746938390434,708.3621561707178,261604.38440358464,0.0025640579713467324,0.0027077610254341417,1.0560451657853631,0.03430668308799435,103142,3736.77
42043,PA,530.8448349156865,286108,3,0.0012836746938390434,898.1144342205876,286475.2695993049,0.0025640579713467324,0.0031350504896174355,1.222690954982893,0.03430668308799435,107450,4507.15
42045,PA,632.6121836925961,575312,2,0.001316614162945478,1390.0761110050848,576069.4639273125,0.002629765938810684,0.0024130355765229075,0.9175856835434589,0.03776920561073565,214442,7431.81
42047,PA,70.243006993007,30886,4,8.506617793153081e-4,96.51654670893961,30912.273539715934,0.0016998775377797136,0.003122272665740216,1.836763294030202,0.02678621884916539,12699,624.79
42049,PA,313.0508714751311,270495,3,0.0012836746938390434,660.2784577851231,270842.22758631,0.0025640579713467324,0.002437871168278995,0.9507862909193666,0.03430668308799435,105560,3443.19
42051,PA,161.01255857544518,128417,2,0.001316614162945478,330.08819953841464,128586.07564096297,0.002629765938810684,0.002567060219335757,0.9761553990225891,0.03776920561073565,51572,1901.39
42053,PA,0,6959,4,8.506617793153081e-4,5.919755322255229,6964.919755322255,0.0016998775377797136,8.499387688898553e-4,0.4999999999999991,0.02678621884916539,4245,56.85
42055,PA,189.17216947711492,156084,3,0.0012836746938390434,389.5332503902882,156284.36108091316,0.0025640579713467324,0.002492464682301865,0.9720781316784097,0.03430668308799435,59559,1986.22
42057,PA,12.302447552447553,14545,4,8.506617793153081e-4,24.67532313258871,14557.37287558014,0.0016998775377797136,0.001695039575030831,0.9971539345386011,0.02678621884916539,5984,159.83
42059,PA,40.08216783216783,35781,4,8.506617793153081e-4,70.51969695784888,35811.43752912568,0.0016998775377797136,0.0019691948110291506,1.1584333384399,0.02678621884916539,15118,469.11
42061,PA,29.763986013986017,44123,4,8.506617793153081e-4,67.29773570271536,44160.53374968873,0.0016998775377797136,0.0015239339289731685,0.8964963034711588,0.02678621884916539,19688,472.78
42063,PA,46.828671328671334,83394,4,8.506617793153081e-4,117.76875975289214,83464.94008842422,0.0016998775377797136,0.001410996756579779,0.8300578866538499,0.02678621884916539,34023,756.47
42065,PA,21.43006993006993,44326,4,8.506617793153081e-4,59.13650396000028,44363.70643402993,0.0016998775377797136,0.0013329928609084525,0.7841699365293893,0.02678621884916539,17439,366.31
42067,PA,21.43006993006993,23535,4,8.506617793153081e-4,41.45039490625571,23555.020324976187,0.0016998775377797136,0.001759726560808969,1.035207843917643,0.02678621884916539,9213,255.47
42069,PA,359.561286665722,215672,3,0.0012836746938390434,636.4139752353761,215948.85268856966,0.0025640579713467324,0.0029470588396835785,1.1493729364222138,0.03430668308799435,82991,3272.43
42071,PA,756.6886779084597,553202,3,0.0012836746938390434,1466.8200858896062,553912.1314079812,0.0025640579713467324,0.0026481096959568616,1.0327807426935758,0.03430668308799435,206568,7318.97
42073,PA,62.46935332708529,85907,2,0.001316614162945478,175.57572622324247,86020.10637289616,0.002629765938810684,0.0020411010126181865,0.7761531102426849,0.03776920561073565,33292,975.94
42075,PA,135.05909026498512,143258,3,0.0012836746938390434,318.9557595549788,143441.89666929,0.0025640579713467324,0.002223588553700888,0.8672146178243317,0.03430668308799435,54231,1613.44
42077,PA,408.75499504038544,374110,3,0.0012836746938390434,888.99053475251,374590.2355397121,0.0025640579713467324,0.0023732346719386494,0.9255776189382114,0.03430668308799435,140884,4473.56
42079,PA,349.2753294601105,325396,3,0.0012836746938390434,766.9779401365599,325813.70261067647,0.0025640579713467324,0.0023540383169612803,0.918090910294379,0.03430668308799435,128999,4063.04
42081,PA,189.17216947711492,114022,3,0.0012836746938390434,335.53932541803033,114168.36715594091,0.0025640579713467324,0.0029389868119925203,1.1462247908727516,0.03430668308799435,44369,1744.73
42083,PA,37.70104895104895,40459,4,8.506617793153081e-4,72.117973880367,40493.41692492932,0.0016998775377797136,0.0017809802026355643,1.0477108868452856,0.02678621884916539,16708,468.9
42085,PA,95.6416083916084,110600,4,8.506617793153081e-4,189.72480118388148,110694.08319279227,0.0016998775377797136,0.001713956118625094,1.008282114759731,0.02678621884916539,44016,1188.79
42087,PA,53.57517482517483,46146,4,8.506617793153081e-4,92.82981329345904,46185.25463846829,0.0016998775377797136,0.002009944819404328,1.182405658486203,0.02678621884916539,17552,555.91
42089,PA,160.32867132867133,168128,4,8.506617793153081e-4,303.34873496139545,168271.02006363272,0.0016998775377797136,0.0018027390268786762,1.0605111173086708,0.02678621884916539,67526,1918.22
42091,PA,1023.2656044985943,856399,2,0.001316614162945478,2150.8126570309387,857526.5470525323,0.002629765938810684,0.002508158685493359,0.9537573852019993,0.03776920561073565,326350,11755.99
42093,PA,15.874125874125875,18165,4,8.506617793153081e-4,31.326397095388447,18180.452271221264,0.0016998775377797136,0.0017230812868707643,1.0136502474886269,0.02678621884916539,6980,189.52
42095,PA,399.81068442681027,314299,3,0.0012836746938390434,803.2683570257277,314702.45767259895,0.0025640579713467324,0.0025524692846898857,0.9954803336015215,0.03430668308799435,124217,4242.21
42097,PA,81.75174825174825,91340,4,8.506617793153081e-4,159.4511951744085,91417.69944692266,0.0016998775377797136,0.0017442048546297783,1.0260767707466518,0.02678621884916539,37215,1022.84
42099,PA,40.696613291767044,45941,3,0.0012836746938390434,99.66991240142653,45999.97329910966,0.0025640579713467324,0.0021667384838102866,0.8450427049713857,0.03430668308799435,18328,531.34
42101,PA,4230.976561219472,1593208,1,0.00247692321944086,8177.230449818406,1597154.2538885989,0.004941606459101834,0.005119875196718955,1.0360750575936235,0.065875644401241,582575,39761.97
42103,PA,59.13111888111889,58996,4,8.506617793153081e-4,109.3167612136048,59046.185642332486,0.0016998775377797136,0.0018513771893036797,1.0891238622529518,0.02678621884916539,24656,719.3
42105,PA,14.286713286713287,16390,4,8.506617793153081e-4,28.229059849691186,16403.942346562977,0.0016998775377797136,0.0017208704623133389,1.0123496687655777,0.02678621884916539,6544,177.45
42107,PA,120.24650349650351,143201,4,8.506617793153081e-4,242.06212095623493,143322.81561745974,0.0016998775377797136,0.001688929427693623,0.9935594712896845,0.02678621884916539,59304,1578.3
42109,PA,26.192307692307693,39797,4,8.506617793153081e-4,60.046094523719006,39830.85378683141,0.0016998775377797136,0.0015075271759193627,0.886844576985476,0.02678621884916539,15445,366.9
42111,PA,44.0506993006993,73802,4,8.506617793153081e-4,106.83123993772767,73864.78054063703,0.0016998775377797136,0.0014463082291154173,0.8508308374993327,0.02678621884916539,31773,724.12
42113,PA,11.50874125874126,5880,4,8.506617793153081e-4,16.510632521115273,5885.001891262374,0.0016998775377797136,0.002805544131706919,1.6504389694868056,0.02678621884916539,2697,119.23
42115,PA,15.874125874125875,38540,4,8.506617793153081e-4,48.65863084893785,38572.784504974814,0.0016998775377797136,0.0012614757133403796,0.7420979954756327,0.02678621884916539,15885,315.76
42117,PA,30.954545454545457,41186,4,8.506617793153081e-4,65.98990149742573,41221.03535604288,0.0016998775377797136,0.0016008792823237958,0.9417615367838651,0.02678621884916539,16390,413.46
42119,PA,44.447552447552454,42908,4,8.506617793153081e-4,80.9477480744137,42944.50019562686,0.0016998775377797136,0.0018849386465244458,1.1088673181636655,0.02678621884916539,19174,569.51
42121,PA,48.41608391608392,50475,4,8.506617793153081e-4,91.3532372270241,50517.93715331094,0.0016998775377797136,0.0018083326908180538,1.0638017449068704,0.02678621884916539,20270,577.6
42123,PA,32.54195804195805,38492,4,8.506617793153081e-4,65.28563125136289,38524.74367320941,0.0016998775377797136,0.0016946415479141355,0.9969197840731415,0.02678621884916539,15615,416.98
42125,PA,214.24348641049673,209631,2,0.001316614162945478,490.24663000292026,209907.00314359242,0.002629765938810684,0.0023355420384309623,0.8881178373947664,0.03776920561073565,82961,2782.8
42127,PA,26.58916083916084,51227,4,8.506617793153081e-4,70.16601180814612,51270.57685096899,0.0016998775377797136,0.0013685434437787102,0.8050835506457873,0.02678621884916539,22845,492.66
42129,PA,300.9087160262418,354414,2,0.001316614162945478,767.5352079724005,354880.62649194617,0.002629765938810684,0.0021627982782819488,0.8224299533136693,0.03776920561073565,142150,4415.54
42131,PA,19.230267819186622,26219,3,0.0012836746938390434,52.8869346169525,26252.656666797768,0.0025640579713467324,0.0020145364824673004,0.785682892110741,0.03430668308799435,10651,287.09
42133,PA,594.796655802749,457051,3,0.0012836746938390434,1181.5014582965778,457637.70480249386,0.0025640579713467324,0.0025817397602902656,1.0068960176178257,0.03430668308799435,175995,6079.44
44001,RI,52.468468468468465,50658,2,0.001316614162945478,119.1655087349605,50724.697040266496,0.002629765938810684,0.002349260137332393,0.8933343088301043,0.03776920561073565,19944,672.92
44003,RI,263.1751751751752,170168,2,0.001316614162945478,487.2207740552813,170392.0455988801,0.002629765938810684,0.0028594103224879857,1.0873250277859932,0.03776920561073565,66989,2751.06
44005,RI,91.1951951951952,85442,2,0.001316614162945478,203.68934250558272,85554.49414731038,0.002629765938810684,0.00238081405933935,0.9053330656552944,0.03776920561073565,35076,1199.38
44007,RI,1468.5551411827385,657984,1,0.00247692321944086,3098.330988803313,659613.7758476206,0.004941606459101834,0.004697189631647517,0.9505389938520639,0.065875644401241,255260,15983.71
44009,RI,204.87687687687688,129998,2,0.001316614162945478,376.03408483146313,130169.15720795459,0.002629765938810684,0.0028888109356867207,1.0985049631425334,0.03776920561073565,52982,2198.21
45001,SC,10.648725212464589,24368,4,8.506617793153081e-4,31.377651450820018,24388.728926238357,0.0016998775377797136,0.0012865636231276778,0.7568566526316457,0.02678621884916539,9434,191.26
45003,SC,121.0353151542244,169865,3,0.0012836746938390434,339.0867170231935,170083.05140186896,0.0025640579713467324,0.0019936537722503927,0.7775384934854872,0.03430668308799435,63997,1707.11
45005,SC,17.240793201133144,8073,4,8.506617793153081e-4,24.108185745545626,8079.867392544413,0.0016998775377797136,0.002983735323155319,1.755264868699018,0.02678621884916539,3544,166.63
45007,SC,235.93115780062584,204592,3,0.0012836746938390434,498.5607307625434,204854.62957296192,0.0025640579713467324,0.002433729380692243,0.9491709656681294,0.03430668308799435,75571,2460.81
45009,SC,6.0849858356940505,13311,4,8.506617793153081e-4,17.408144780160114,13322.323158944466,0.0016998775377797136,0.0013066898747665096,0.7686964770845999,0.02678621884916539,5105,105.11
45011,SC,1.0141643059490084,20653,4,8.506617793153081e-4,18.582882034148067,20670.568717728198,0.0016998775377797136,8.990019717362872e-4,0.5288627867337514,0.02678621884916539,7509,106.37
45013,SC,209.6191327670988,189071,3,0.0012836746938390434,452.32479080594055,189313.70565803885,0.0025640579713467324,0.002389287078997777,0.9318381665695492,0.03430668308799435,76668,2450.94
45015,SC,285.92400536432723,231419,3,0.0012836746938390434,582.9907193378648,231716.06671397353,0.0025640579713467324,0.002515970202694226,0.9812454440617624,0.03430668308799435,87828,2956.58
45017,SC,0,14145,3,0.0012836746938390434,18.157578544353267,14163.157578544353,0.0025640579713467324,0.0012820289856733662,0.5,0.03430668308799435,5464,93.73
45019,SC,587.1966919982119,409840,3,0.0012836746938390434,1113.2979285212054,410366.101236523,0.0025640579713467324,0.0027129383376614073,1.0580643526700286,0.03430668308799435,158533,5754.54
45021,SC,69.97733711048159,56200,4,8.506617793153081e-4,117.78452910800189,56247.80719199752,0.0016998775377797136,0.002094028816198177,1.2318703963423636,0.02678621884916539,21103,696.34
45023,SC,26.5083135391924,32171,2,0.001316614162945478,68.86510777531137,32213.35679423612,0.002629765938810684,0.00213778117614968,0.8129169005499002,0.03776920561073565,11876,364.63
45025,SC,66.93484419263456,43536,4,8.506617793153081e-4,103.96925541690581,43573.034411224275,0.0016998775377797136,0.0023860916922995765,1.4036844650680884,0.02678621884916539,16445,618.32
45027,SC,20.790368271954673,31163,4,8.506617793153081e-4,47.29954130075762,31189.509173028804,0.0016998775377797136,0.0015165208608559958,0.8921353610194719,0.02678621884916539,12307,294.1
45029,SC,40.05949008498583,38561,4,8.506617793153081e-4,72.86185895716343,38593.80236887218,0.0016998775377797136,0.0018879160508924134,1.1106188586727874,0.02678621884916539,14365,427.35
45031,SC,65.34152883325882,63025,3,0.0012836746938390434,146.24512641246451,63105.90359757921,0.0025640579713467324,0.002317455548137886,0.9038233823241827,0.03430668308799435,22915,710.53
45033,SC,33.46742209631728,28255,4,8.506617793153081e-4,57.50287067087131,28279.035448574556,0.0016998775377797136,0.0020334099009649857,1.1962096420315746,0.02678621884916539,9696,310.68
45035,SC,228.4760840411265,162139,3,0.0012836746938390434,436.60981522549514,162347.13373118438,0.0025640579713467324,0.0026893595543758535,1.0488684672614124,0.03430668308799435,59553,2142.91
45037,SC,18.856951274027715,26181,3,0.0012836746938390434,52.46483843342771,26214.6078871594,0.0025640579713467324,0.0020013588858266446,0.7805435400415153,0.03430668308799435,11840,317.05
45039,SC,25.434957532409477,20942,3,0.0012836746938390434,52.317672970786724,20968.882715438376,0.0025640579713467324,0.0024950148122230543,0.9730726996443788,0.03430668308799435,8177,272.97
45041,SC,115.33437639696021,137015,3,0.0012836746938390434,291.21706457331675,137190.88268817635,0.0025640579713467324,0.0021227144170741234,0.8278730203432959,0.03430668308799435,48248,1370.32
45043,SC,62.87818696883852,63594,4,8.506617793153081e-4,116.97517216261622,63648.09698519378,0.0016998775377797136,0.0018378424132590755,1.0811616557152488,0.02678621884916539,24601,712.45
45045,SC,608.2463120250335,528251,3,0.0012836746938390434,1286.348752720202,528929.1024406952,0.0025640579713467324,0.002431987097674268,0.9484914634737778,0.03430668308799435,196095,6380.85
45047,SC,96.8526912181303,69309,4,8.506617793153081e-4,155.811208480695,69367.95851726257,0.0016998775377797136,0.0022461553116331166,1.3213630168717454,0.02678621884916539,24755,876.19
45049,SC,1.0141643059490084,18890,4,8.506617793153081e-4,17.08316531721518,18906.069001011267,0.0016998775377797136,9.035810308478943e-4,0.5315565449662345,0.02678621884916539,7993,113.81
45051,SC,305.6580241394725,356578,3,0.0012836746938390434,763.3881791192109,357035.73015497974,0.0025640579713467324,0.0021381282450018218,0.8338845177821008,0.03430668308799435,141568,4049.95
45053,SC,33.76709879302637,29444,3,0.0012836746938390434,71.56361647842317,29481.796517685398,0.0025640579713467324,0.002427383162877945,0.9466958976762132,0.03430668308799435,11930,387.46
45055,SC,81.12874385337506,65779,3,0.0012836746938390434,165.56758153941348,65863.43883768604,0.0025640579713467324,0.0025138010474587955,0.9803994588072671,0.03430668308799435,24251,815.66
45057,SC,203.59857482185274,97611,2,0.001316614162945478,332.1145998811238,97739.51602505927,0.002629765938810684,0.003397956255440977,1.2921135699923576,0.03776920561073565,37133,1812.17
45059,SC,49.115780062583816,67456,3,0.0012836746938390434,135.70734021019032,67542.5915601476,0.0025640579713467324,0.0020092113298516403,0.7836060464718482,0.03430668308799435,25334,681.05
45061,SC,15.71954674220963,16557,4,8.506617793153081e-4,29.803953822333185,16571.084407080125,0.0016998775377797136,0.0017985518080880219,1.0580478699878528,0.02678621884916539,6797,192.63
45063,SC,330.2159141707644,295934,3,0.0012836746938390434,710.0989010173279,296313.88298684655,0.0025640579713467324,0.002396441549952114,0.9346284587681999,0.03430668308799435,110296,3536.53
45065,SC,0,9612,4,8.506617793153081e-4,8.176561022778742,9620.17656102278,0.0016998775377797136,8.499387688898552e-4,0.49999999999999906,0.02678621884916539,4657,62.37
45067,SC,4.563739376770538,29212,4,8.506617793153081e-4,29.41327127412932,29236.84953189736,0.0016998775377797136,0.0010060342254742422,0.5918274717532115,0.02678621884916539,10342,163.95
45069,SC,38.53824362606232,26585,4,8.506617793153081e-4,61.153087029159785,26607.6148434031,0.0016998775377797136,0.002298330285862569,1.3520563892293804,0.02678621884916539,11281,408.56
45071,SC,117.64305949008498,37918,4,8.506617793153081e-4,149.89845283816283,37950.25539334808,0.0016998775377797136,0.003949866773872542,2.3236184290261526,0.02678621884916539,14604,908.97
45073,SC,39.04532577903682,78775,4,8.506617793153081e-4,106.0562074446002,78842.01088166557,0.0016998775377797136,0.0013451738008532098,0.7913357115184907,0.02678621884916539,31229,661.96
45075,SC,64.90651558073654,84159,4,8.506617793153081e-4,136.49736026613357,84230.5908446854,0.0016998775377797136,0.0016205200378782098,0.9533157547306871,0.02678621884916539,30363,775.34
45077,SC,185.49977648636568,131106,3,0.0012836746938390434,353.7972308968273,131274.29745441047,0.0025640579713467324,0.002695099023627954,1.0511068991986925,0.03430668308799435,53156,1916.8
45079,SC,636.7510058113545,416161,3,0.0012836746938390434,1170.9663500741046,416695.2153442628,0.0025640579713467324,0.0028101266992151147,1.0959684728731536,0.03430668308799435,155290,5838.76
45081,SC,15.348681269557442,18952,3,0.0012836746938390434,39.67688406719499,18976.32820279764,0.0025640579713467324,0.002090862027847174,0.8154503725003458,0.03430668308799435,7531,210.68
45083,SC,326.70764416629413,330119,3,0.0012836746938390434,750.4730504217453,330542.76540625544,0.0025640579713467324,0.0022704264892906435,0.8854817303908836,0.03430668308799435,122455,3719.93
45085,SC,84.63701385784533,105199,3,0.0012836746938390434,219.67830797501887,105334.04129411717,0.0025640579713467324,0.0020855395395077067,0.813374565947239,0.03430668308799435,38210,1066.22
45087,SC,26.75055878408583,27158,3,0.0012836746938390434,61.61259611936657,27192.862037335282,0.0025640579713467324,0.0022657635682030693,0.8836631595396462,0.03430668308799435,9973,302.34
45089,SC,6.592067988668555,30879,4,8.506617793153081e-4,32.85965307214595,30905.26758508348,0.0016998775377797136,0.0010632379409653053,0.6254791403115122,0.02678621884916539,12069,202.21
45091,SC,269.86935866983373,282987,2,0.001316614162945478,642.4540507992858,283359.58469212946,0.002629765938810684,0.002267274817957236,0.8621584090417623,0.03776920561073565,103415,3367.51
46003,SD,0,2590,4,8.506617793153081e-4,2.203214008426648,2592.2032140084266,0.0016998775377797136,8.499387688898552e-4,0.49999999999999906,0.02678621884916539,1007,13.49
46005,SD,2.9006849315068495,19089,4,8.506617793153081e-4,19.138967636856766,19105.23828270535,0.0016998775377797136,0.0010017654505875464,0.5893162468021063,0.02678621884916539,7021,110.83
46007,SD,0,3391,4,8.506617793153081e-4,2.88459409365821,3393.884594093658,0.0016998775377797136,8.499387688898553e-4,0.4999999999999991,0.02678621884916539,1091,14.61
46009,SD,0,7018,4,8.506617793153081e-4,5.969944367234832,7023.969944367235,0.0016998775377797136,8.499387688898551e-4,0.499999999999999,0.02678621884916539,3594,48.13
46011,SD,12.393835616438356,34631,4,8.506617793153081e-4,41.85310369590679,34660.45926807947,0.0016998775377797136,0.001207517285682691,0.7103554572877547,0.02678621884916539,14239,270.94
46013,SD,13.448630136986301,38278,4,8.506617793153081e-4,46.01026172561767,38310.56163158863,0.0016998775377797136,0.0012009811332987694,0.7065103847818501,0.02678621884916539,14576,275.85
46015,SD,2.1095890410958904,5247,4,8.506617793153081e-4,6.573011397163311,5251.463422356067,0.0016998775377797136,0.001251653276147991,0.7363196749942537,0.02678621884916539,1998,39.41
46017,SD,1.3184931506849316,1859,4,8.506617793153081e-4,2.8998733984320895,1860.5813802477471,0.0016998775377797136,0.0015585845527734748,0.9168804917613136,0.02678621884916539,612,15.03
46019,SD,0,10369,4,8.506617793153081e-4,8.82051198972043,10377.820511989721,0.0016998775377797136,8.499387688898552e-4,0.49999999999999906,0.02678621884916539,3952,52.93
46021,SD,0,1534,4,8.506617793153081e-4,1.3049151694696826,1535.3049151694697,0.0016998775377797136,8.499387688898552e-4,0.49999999999999906,0.02678621884916539,590,7.9
46023,SD,0,9302,4,8.506617793153081e-4,7.912855871190996,9309.912855871191,0.0016998775377797136,8.499387688898553e-4,0.4999999999999991,0.02678621884916539,3218,43.1
46025,SD,0.5273972602739726,3837,4,8.506617793153081e-4,3.79138650750681,3840.263989247233,0.0016998775377797136,9.872723641194251e-4,0.5807902876397473,0.02678621884916539,1371,21.33
46027,SD,13.976027397260275,14953,4,8.506617793153081e-4,26.695972983362076,14965.719945586101,0.0016998775377797136,0.001783808134885995,1.0493744962451277,0.02678621884916539,6086,171.07
46029,SD,3.4280821917808217,28402,4,8.506617793153081e-4,27.588578047894202,28426.160495856115,0.0016998775377797136,9.70534801979887e-4,0.5709439535553521,0.02678621884916539,11048,168.96
46031,SD,0,3906,4,8.506617793153081e-4,3.3226849100055933,3909.3226849100056,0.0016998775377797136,8.499387688898552e-4,0.49999999999999906,0.02678621884916539,1260,16.88
46033,SD,0,8515,3,0.0012836746938390434,10.930490018039453,8525.93049001804,0.0025640579713467324,0.0012820289856733662,0.5,0.03430668308799435,3675,63.04
46035,SD,27.160958904109588,19966,4,8.506617793153081e-4,44.145271989919024,19982.98431308581,0.0016998775377797136,0.0022091431038661524,1.2995895614643003,0.02678621884916539,7637,265.85
46037,SD,0,5485,4,8.506617793153081e-4,4.665879859544465,5489.6658798595445,0.0016998775377797136,8.499387688898553e-4,0.4999999999999991,0.02678621884916539,2203,29.51
46039,SD,0,4298,4,8.506617793153081e-4,3.656144327497194,4301.656144327497,0.0016998775377797136,8.499387688898553e-4,0.4999999999999991,0.02678621884916539,1654,22.15
46041,SD,1.5821917808219177,5275,4,8.506617793153081e-4,6.069432666710167,5279.487240885888,0.0016998775377797136,0.0011496254067453202,0.6762989575395517,0.02678621884916539,1598,28.95
46043,SD,0,2823,4,8.506617793153081e-4,2.4014182030071147,2825.4014182030073,0.0016998775377797136,8.499387688898552e-4,0.49999999999999906,0.02678621884916539,1047,14.02
46045,SD,2.1095890410958904,4014,4,8.506617793153081e-4,5.524145423267537,4017.4145563821717,0.0016998775377797136,0.0013750498848797501,0.8089111446673768,0.02678621884916539,1582,34.28
46047,SD,1.0547945205479452,7079,4,8.506617793153081e-4,7.076629256321011,7085.021834735773,0.0016998775377797136,9.988154477698834e-4,0.5875808260131968,0.02678621884916539,2959,46.57
46049,SD,0.5273972602739726,2140,4,8.506617793153081e-4,2.347813468008732,2141.820416207735,0.0016998775377797136,0.0010961766216449297,0.6448562306886502,0.02678621884916539,817,14.11
46051,SD,0,7533,4,8.506617793153081e-4,6.408035183582216,7539.408035183582,0.0016998775377797136,8.499387688898553e-4,0.4999999999999991,0.02678621884916539,2995,40.11
46053,SD,0.7910958904109588,3983,4,8.506617793153081e-4,4.179281757423831,3986.388185867013,0.0016998775377797136,0.0010483880551925891,0.6167432840850029,0.02678621884916539,1515,25.03
46055,SD,0,1755,4,8.506617793153081e-4,1.4929114226983657,1756.4929114226984,0.0016998775377797136,8.499387688898552e-4,0.49999999999999906,0.02678621884916539,583,7.81
46057,SD,1.3184931506849316,6196,4,8.506617793153081e-4,6.58919353532258,6201.270700384638,0.0016998775377797136,0.0010625553783539688,0.6250776039677659,0.02678621884916539,2168,36.3
46059,SD,2.1095890410958904,3075,4,8.506617793153081e-4,4.725374012490462,3077.6157849713945,0.0016998775377797136,0.001535400889079591,0.903242060063366,0.02678621884916539,1252,30.29
46061,SD,0,3443,4,8.506617793153081e-4,2.928828506182606,3445.9288285061825,0.0016998775377797136,8.499387688898553e-4,0.4999999999999991,0.02678621884916539,1251,16.75
46063,SD,0,1176,4,8.506617793153081e-4,1.0003782524748024,1177.0003782524748,0.0016998775377797136,8.499387688898553e-4,0.4999999999999991,0.02678621884916539,503,6.74
46065,SD,8.702054794520548,17812,4,8.506617793153081e-4,23.854042407684815,17827.151987613164,0.0016998775377797136,0.0013380736544042096,0.7871588538971623,0.02678621884916539,6555,138.21
46067,SD,1.845890410958904,7401,4,8.506617793153081e-4,8.141638239671499,7407.295747828713,0.0016998775377797136,0.0010991377308052054,0.6465981850909323,0.02678621884916539,2709,46.92
46069,SD,0,1319,4,8.506617793153081e-4,1.1220228869168913,1320.122022886917,0.0016998775377797136,8.499387688898551e-4,0.499999999999999,0.02678621884916539,523,7
46071,SD,2.3732876712328768,2838,4,8.506617793153081e-4,4.787465800929722,2840.4141781296967,0.0016998775377797136,0.0016854815884921697,0.9915311844720608,0.02678621884916539,877,23.29
46073,SD,0,1836,4,8.506617793153081e-4,1.5618150268229056,1837.5618150268228,0.0016998775377797136,8.499387688898552e-4,0.49999999999999906,0.02678621884916539,711,9.52
46075,SD,0,1006,4,8.506617793153081e-4,0.8557657499911999,1006.8557657499912,0.0016998775377797136,8.499387688898552e-4,0.49999999999999906,0.02678621884916539,320,4.29
46077,SD,2.636986301369863,5172,4,8.506617793153081e-4,7.036609023988637,5176.399622722619,0.0016998775377797136,0.0013593635609392167,0.7996832305430323,0.02678621884916539,1989,42.61
46079,SD,2.3732876712328768,11207,4,8.506617793153081e-4,11.906654232019534,11216.533366560787,0.0016998775377797136,0.001061527108501827,0.6244726957733292,0.02678621884916539,4746,79.39
46081,SD,13.712328767123287,26047,4,8.506617793153081e-4,35.869516132949116,26069.157187365825,0.0016998775377797136,0.0013759369309542903,0.8094329740667456,0.02678621884916539,10663,231.19
46083,SD,49.804932735426014,65801,3,0.0012836746938390434,134.27201126472892,65885.4670785293,0.0025640579713467324,0.0020379609831814543,0.7948186062700627,0.03430668308799435,23397,637.98
46085,SD,0,3719,4,8.506617793153081e-4,3.163611157273631,3722.1636111572734,0.0016998775377797136,8.499387688898553e-4,0.4999999999999991,0.02678621884916539,1400,18.75
46087,SD,7.701793721973095,5714,3,0.0012836746938390434,15.036710922569387,5721.3349172005965,0.0025640579713467324,0.0026281822581934655,1.025008906804495,0.03430668308799435,2106,74.06
46089,SD,0,2251,4,8.506617793153081e-4,1.9148396652387585,2252.9148396652386,0.0016998775377797136,8.499387688898553e-4,0.4999999999999991,0.02678621884916539,913,12.23
46091,SD,7.11986301369863,4363,4,8.506617793153081e-4,10.831300356851319,4366.711437343152,0.0016998775377797136,0.002480425032033129,1.4591786625246683,0.02678621884916539,1701,66.49
46093,SD,17.457399103139014,29970,3,0.0012836746938390434,55.92912967749514,30008.471730574358,0.0025640579713467324,0.0018637780084119154,0.726886064683239,0.03430668308799435,12360,308.22
46095,SD,0,1989,4,8.506617793153081e-4,1.6919662790581478,1990.691966279058,0.0016998775377797136,8.499387688898552e-4,0.49999999999999906,0.02678621884916539,681,9.12
46097,SD,0,2312,4,8.506617793153081e-4,1.9667300337769924,2313.966730033777,0.0016998775377797136,8.499387688898553e-4,0.4999999999999991,0.02678621884916539,915,12.25
46099,SD,156.60313901345293,197742,3,0.0012836746938390434,410.43954032257307,197995.83640130912,0.0025640579713467324,0.0020729705623237,0.8084725795941751,0.03430668308799435,75113,2083.34
46101,SD,3.4280821917808217,6346,4,8.506617793153081e-4,8.826381843315767,6351.398299651535,0.0016998775377797136,0.0013896753796404204,0.8175149966717825,0.02678621884916539,2352,51.5
46102,SD,17.14041095890411,13695,4,8.506617793153081e-4,28.790224026627254,13706.649813067723,0.0016998775377797136,0.002100456670249142,1.235651759357114,0.02678621884916539,4177,138.25
46103,SD,95.50224215246638,110386,3,0.0012836746938390434,237.201956906583,110527.69971475411,0.0025640579713467324,0.0021460860718059385,0.8369881242110683,0.03430668308799435,43614,1252.34
46105,SD,0.5273972602739726,2970,4,8.506617793153081e-4,3.053862744840438,2972.5264654845664,0.0016998775377797136,0.0010273626762621986,0.6043745231224615,0.02678621884916539,1181,19.12
46107,SD,3.1643835616438354,2587,4,8.506617793153081e-4,5.365045584732537,2589.2006620230886,0.0016998775377797136,0.002072085668532359,1.21896173252504,0.02678621884916539,954,31.15
46109,SD,0,10242,4,8.506617793153081e-4,8.712477943747386,10250.712477943747,0.0016998775377797136,8.499387688898553e-4,0.4999999999999991,0.02678621884916539,3759,50.34
46111,SD,0,2373,4,8.506617793153081e-4,2.0186204023152263,2375.0186204023153,0.0016998775377797136,8.499387688898553e-4,0.4999999999999991,0.02678621884916539,850,11.38
46115,SD,1.3184931506849316,6355,4,8.506617793153081e-4,6.724448758233715,6360.405955607549,0.0016998775377797136,0.001057235781044009,0.6219482036481947,0.02678621884916539,2427,40.43
46117,SD,0,2979,4,8.506617793153081e-4,2.5341214405803028,2981.5341214405803,0.0016998775377797136,8.499387688898552e-4,0.49999999999999906,0.02678621884916539,1305,17.48
46119,SD,0,1318,4,8.506617793153081e-4,1.121172225137576,1319.1211722251376,0.0016998775377797136,8.499387688898552e-4,0.49999999999999906,0.02678621884916539,636,8.52
46121,SD,9.229452054794521,9353,4,8.506617793153081e-4,17.1856916767306,9360.956239621935,0.0016998775377797136,0.0018358906116865562,1.0800134544306617,0.02678621884916539,2675,77.39
46123,SD,2.1095890410958904,5607,4,8.506617793153081e-4,6.879249637716823,5611.769660596621,0.0016998775377797136,0.0012258610124396033,0.7211466621535311,0.02678621884916539,2198,42.46
46125,SD,13.349775784753364,8687,3,0.0012836746938390434,24.501057850133133,8698.15128206538,0.0025640579713467324,0.0028168121081834467,1.098575827715767,0.03430668308799435,3270,123.24
46127,SD,2.0538116591928253,16700,3,0.0012836746938390434,23.491179046304847,16721.437367387112,0.0025640579713467324,0.0014048540523269365,0.5479026090775391,0.03430668308799435,6420,120.67
46129,SD,0,5317,4,8.506617793153081e-4,4.522968680619493,5321.52296868062,0.0016998775377797136,8.499387688898551e-4,0.499999999999999,0.02678621884916539,2092,28.02
46135,SD,5.273972602739726,23311,4,8.506617793153081e-4,25.103749340358874,23330.82977673762,0.0016998775377797136,0.0010759904204259796,0.6329811392362882,0.02678621884916539,9557,162.04
46137,SD,1.845890410958904,2455,4,8.506617793153081e-4,3.9342650791779854,2457.088374668219,0.0016998775377797136,0.0016011898960326283,0.9419442638932769,0.02678621884916539,903,22.78
47001,TN,94.40165763468282,77337,3,0.0012836746938390434,193.67720743211294,77436.27554979743,0.0025640579713467324,0.0025011172871758757,0.9754527062670904,0.03430668308799435,29677,993.13
47003,TN,46.496230294722416,50533,4,8.506617793153081e-4,89.48272198886288,50575.98649169414,0.0016998775377797136,0.0017692728940355562,1.0408237386008894,0.02678621884916539,18985,529.3
47005,TN,45.19259766963674,15933,4,8.506617793153081e-4,58.746191799467546,15946.553594129831,0.0016998775377797136,0.003683942831452491,2.1671813113456717,0.02678621884916539,6210,360.49
47007,TN,2.1727210418094587,14816,4,8.506617793153081e-4,14.776125964145063,14828.603404922336,0.0016998775377797136,9.96461066538481e-4,0.5861957961042321,0.02678621884916539,7307,114.73
47009,TN,103.73414089894804,135951,3,0.0012836746938390434,278.2509992010598,136125.51685830211,0.0025640579713467324,0.002044076714071919,0.7972037827983658,0.03430668308799435,52949,1448.12
47011,TN,90.45329933057062,108859,3,0.0012836746938390434,230.19284282719502,108998.73954349663,0.0025640579713467324,0.0021118853648333714,0.8236496165194486,0.03430668308799435,41214,1164.57
47013,TN,36.97099139305069,39397,3,0.0012836746938390434,87.54392330622747,39447.57293191318,0.0025640579713467324,0.002219247390893452,0.8655215348847304,0.03430668308799435,15359,456.06
47015,TN,3.404777275661717,14481,2,0.001316614162945478,22.470666969275186,14500.065889693613,0.002629765938810684,0.0015496941283037156,0.5892897559562154,0.03776920561073565,5642,125.57
47017,TN,34.76353666895134,28381,4,8.506617793153081e-4,58.9061686276991,28405.142631958748,0.0016998775377797136,0.002073785349045335,1.2199616166197473,0.02678621884916539,10862,354.95
47019,TN,103.37519923493784,56315,3,0.0012836746938390434,175.66533961848359,56387.29014038354,0.0025640579713467324,0.003115335728692436,1.215002064503305,0.03430668308799435,22484,937.19
47021,TN,34.42608134280181,41184,2,0.001316614162945478,88.64951902954837,41238.22343768675,0.002629765938810684,0.0021496929702488937,0.8174465029466066,0.03776920561073565,16156,498.81
47023,TN,26.561683136754862,17392,3,0.0012836746938390434,48.887353412003506,17414.325670275248,0.0025640579713467324,0.002807306716185399,1.094868660364533,0.03430668308799435,6589,247.49
47025,TN,4.779986291980809,32092,4,8.506617793153081e-4,32.07942411376768,32119.299437821788,0.0016998775377797136,9.987585244774313e-4,0.587547339311251,0.02678621884916539,12663,199.29
47027,TN,4.779986291980809,7592,4,8.506617793153081e-4,11.238210520542628,7598.458224228561,0.0016998775377797136,0.0014790119507018275,0.8700697066881838,0.02678621884916539,2940,68.52
47029,TN,49.10349554489377,36186,4,8.506617793153081e-4,79.88554269119751,36216.782047146306,0.0016998775377797136,0.002205760373387234,1.2975995766543729,0.02678621884916539,13855,481.57
47031,TN,36.50171350239891,58080,4,8.506617793153081e-4,85.90814964503201,58129.406436142635,0.0016998775377797136,0.001477877633920198,0.8694024134529834,0.02678621884916539,21496,500.6
47033,TN,0.7178833280204017,13955,3,0.0012836746938390434,18.631563680544254,13972.913680352523,0.0025640579713467324,0.0013334057668117074,0.5200372931160196,0.03430668308799435,5138,91.67
47035,TN,78.6525017135024,61552,4,8.506617793153081e-4,131.01243555391824,61604.35993384042,0.0016998775377797136,0.0021266747304024935,1.251075258739073,0.02678621884916539,24813,831.52
47037,TN,2340.3139427516157,709786,1,0.00247692321944086,4098.399366985666,711544.085424234,0.004941606459101834,0.005759867098806864,1.1655859580234063,0.065875644401241,270643,20780.98
47039,TN,8.256339958875943,11483,4,8.506617793153081e-4,18.024489170753625,11492.768149211877,0.0016998775377797136,0.001568333141044846,0.9226153685713834,0.02678621884916539,4402,108.79
47041,TN,83.43248800548321,20209,4,8.506617793153081e-4,100.62351190366627,20226.191023898184,0.0016998775377797136,0.004974911578001756,2.92662939972706,0.02678621884916539,7978,625.42
47043,TN,13.997417688831504,54563,2,0.001316614162945478,85.83583626162563,54634.83841857279,0.002629765938810684,0.0015710824584857972,0.5974229247171411,0.03776920561073565,20727,467.69
47045,TN,45.62714187799863,36818,4,8.506617793153081e-4,76.94680726882964,36849.31966539083,0.0016998775377797136,0.0020881472973597035,1.2284104301343535,0.02678621884916539,13305,437.79
47047,TN,18.537120723047128,42228,2,0.001316614162945478,74.13510359590877,42283.59798287286,0.002629765938810684,0.0017532827652447527,0.6667067739259249,0.03776920561073565,17009,428.3
47049,TN,28.245373543522962,18642,4,8.506617793153081e-4,44.10341043351894,18657.858036889997,0.0016998775377797136,0.0023637981565900242,1.390569675788226,0.02678621884916539,7311,272.32
47051,TN,13.905414667580535,42980,4,8.506617793153081e-4,50.46685794255248,43016.56144327497,0.0016998775377797136,0.0011731960028721045,0.6901650129482083,0.02678621884916539,16865,311.78
47053,TN,22.972266496652853,50455,3,0.0012836746938390434,87.74007317430178,50519.76780667765,0.0025640579713467324,0.0017367473562042855,0.677343248714492,0.03430668308799435,18219,423.36
47055,TN,14.77450308430432,30317,4,8.506617793153081e-4,40.564016247806514,30342.7895131635,0.0016998775377797136,0.0013368585057154608,0.7864440090558475,0.02678621884916539,11616,244.7
47057,TN,19.741791520561044,23648,3,0.0012836746938390434,50.09813068046674,23678.356339159905,0.0025640579713467324,0.0021157773775713094,0.8251675278855063,0.03430668308799435,9489,268.62
47059,TN,56.490747087045925,70399,4,8.506617793153081e-4,116.3764856890643,70458.88573860202,0.0016998775377797136,0.0016516935297673262,0.9716544239561382,0.02678621884916539,27767,722.69
47061,TN,4.345442083618917,13550,4,8.506617793153081e-4,15.871909193341342,13561.526467109723,0.0016998775377797136,0.0011703630289580532,0.6884984376502303,0.02678621884916539,5202,95.94
47063,TN,67.48103283391775,64531,3,0.0012836746938390434,150.31784450204506,64613.83681166813,0.0025640579713467324,0.0023264033203937566,0.9073130741938135,0.03430668308799435,24309,756.66
47065,TN,417.09021357985335,367193,3,0.0012836746938390434,888.4465754346932,367664.3563618548,0.0025640579713467324,0.0024164609923739387,0.9424361770981057,0.03430668308799435,139218,4501.18
47067,TN,29.114461960246746,6726,4,8.506617793153081e-4,34.83601308792151,6731.7215511276745,0.0016998775377797136,0.005174904045471979,3.0442805028361946,0.02678621884916539,2627,214.22
47069,TN,17.81631254283756,25519,4,8.506617793153081e-4,39.52435048918491,25540.708037946348,0.0016998775377797136,0.0015475041032716392,0.9103621107276374,0.02678621884916539,11711,285.57
47071,TN,1.3036326250856751,26824,4,8.506617793153081e-4,24.1217841934395,26846.818151568354,0.0016998775377797136,8.984969487726924e-4,0.5285656930006026,0.02678621884916539,10144,143.62
47073,TN,48.81606630538732,57107,3,0.0012836746938390434,122.12287704645357,57180.306810741065,0.0025640579713467324,0.002135750643148234,0.8329572369326983,0.03430668308799435,22568,644.9
47075,TN,10.429061000685401,17806,4,8.506617793153081e-4,25.575944643173777,17821.14688364249,0.0016998775377797136,0.001435145830409444,0.8442642475786535,0.02678621884916539,6418,145.14
47077,TN,12.167237834132969,27845,4,8.506617793153081e-4,35.85391507916772,27868.686677245034,0.0016998775377797136,0.0012865304883004293,0.7568371601526217,0.02678621884916539,10351,209.84
47079,TN,15.643591501028101,32305,4,8.506617793153081e-4,43.12422028180913,32332.48062878078,0.0016998775377797136,0.0013337739462966562,0.7846294316229145,0.02678621884916539,12428,261.2
47081,TN,11.727566171723693,24996,2,0.001316614162945478,44.63765378870887,25028.910087616987,0.002629765938810684,0.0017834437709212626,0.6781758576308232,0.03776920561073565,10497,268.87
47083,TN,5.6490747087045925,8253,4,8.506617793153081e-4,12.66958637339383,8260.020511664688,0.0016998775377797136,0.001533844420301622,0.9023264242346805,0.02678621884916539,3126,75.56
47085,TN,6.518163125428376,19032,4,8.506617793153081e-4,22.70795810935732,19048.18979498393,0.0016998775377797136,0.0011921320794135062,0.7013046839660011,0.02678621884916539,7185,134.97
47087,TN,6.952707333790268,11730,4,8.506617793153081e-4,16.93097000515883,11739.978262671368,0.0016998775377797136,0.001442163658768673,0.8483926793057974,0.02678621884916539,4898,111.31
47089,TN,20.459674848581447,55017,3,0.0012836746938390434,91.0836054795241,55087.62393063094,0.0025640579713467324,0.001653431369525414,0.6448494488043788,0.03430668308799435,21932,485.19
47091,TN,4.345442083618917,17982,4,8.506617793153081e-4,19.642042199266786,17997.29660011565,0.0016998775377797136,0.0010913884810422343,0.6420394744834065,0.02678621884916539,8194,140.92
47093,TN,570.7172457762193,481406,3,0.0012836746938390434,1188.6859454384978,482023.9686996623,0.0025640579713467324,0.0024660307839985025,0.9617687320475276,0.03430668308799435,184709,6094.49
47095,TN,3.9108978752570254,6898,4,8.506617793153081e-4,9.77876282897402,6903.867864953717,0.0016998775377797136,0.001416418016719904,0.8332470929464432,0.02678621884916539,3841,85.73
47097,TN,26.507196710075394,25171,4,8.506617793153081e-4,47.91920435722102,25192.412007647144,0.0016998775377797136,0.0019021284799039951,1.1189797133200845,0.02678621884916539,10196,305.61
47099,TN,44.323509252912956,44377,4,8.506617793153081e-4,82.07332703358838,44414.74981778068,0.0016998775377797136,0.001847884483652585,1.0870691815047981,0.02678621884916539,16220,472.3
47101,TN,0,12637,4,8.506617793153081e-4,10.749812905207548,12647.749812905207,0.0016998775377797136,8.499387688898552e-4,0.49999999999999906,0.02678621884916539,4925,65.96
47103,TN,24.334475668265938,35365,4,8.506617793153081e-4,54.418129493751806,35395.08365382549,0.0016998775377797136,0.0015374488170723764,0.9044468103746505,0.02678621884916539,13476,326.48
47105,TN,73.22409945808097,55507,3,0.0012836746938390434,144.47703068900475,55578.25293123093,0.0025640579713467324,0.002599524509483442,1.013832190431358,0.03430668308799435,21800,758.23
47107,TN,85.605209047292675,53532,4,8.506617793153081e-4,131.14283541759974,53577.53762637031,0.0016998775377797136,0.0024477204669639875,1.4399392971337601,0.02678621884916539,20545,792.43
47109,TN,14.77450308430432,25895,4,8.506617793153081e-4,36.80238985967422,25917.02788677537,0.0016998775377797136,0.0014200081128304572,0.835359066327327,0.02678621884916539,9866,220.76
47111,TN,38.96578437701743,25365,2,0.001316614162945478,72.36170262012948,25398.395918243114,0.002629765938810684,0.002849065856484017,1.0833914206724085,0.03776920561073565,9342,382.26
47113,TN,31.227924768887473,98644,3,0.0012836746938390434,157.85473126794605,98770.62680649906,0.0025640579713467324,0.0015981950947542157,0.6233069269938495,0.03430668308799435,36322,776.69
47115,TN,22.613324832642654,28852,3,0.0012836746938390434,59.649907099286736,28889.036582266643,0.0025640579713467324,0.002064793920331094,0.8052836337575443,0.03430668308799435,11320,312.73
47117,TN,19.989033584647018,34567,4,8.506617793153081e-4,49.39385931023927,34596.40482572559,0.0016998775377797136,0.0014277165375724363,0.839893760486559,0.02678621884916539,12906,290.35
47119,TN,35.182698515171076,102002,2,0.001316614162945478,169.47997636393572,102136.29727784876,0.002629765938810684,0.0016593510914429087,0.6309881297623593,0.03776920561073565,37826,901.47
47121,TN,16.078135709389993,12839,4,8.506617793153081e-4,26.999782294019234,12849.92164658463,0.0016998775377797136,0.002101163185006306,1.2360673862134384,0.02678621884916539,5146,170.38
47123,TN,42.58533241946539,46489,4,8.506617793153081e-4,82.13174787805474,46528.546415458586,0.0016998775377797136,0.0017651904949854051,1.0384221543929568,0.02678621884916539,18190,505.96
47125,TN,133.8852406758049,222305,3,0.0012836746938390434,419.2525434896935,222590.3673028139,0.0025640579713467324,0.0018835161133425808,0.7345840594833715,0.03430668308799435,80873,2038.09
47127,TN,4.345442083618917,6558,4,8.506617793153081e-4,9.924082032368709,6563.57863994875,0.0016998775377797136,0.0015119925541786758,0.8894714593108615,0.02678621884916539,2615,62.3
47129,TN,3.2304749760918074,21124,3,0.0012836746938390434,30.34681920874776,21151.116344232654,0.0025640579713467324,0.0014347620577020998,0.5595669340301666,0.03430668308799435,9565,183.62
47131,TN,9.125428375599727,30670,4,8.506617793153081e-4,35.21522514720023,30696.0897967716,0.0016998775377797136,0.0011472218572576602,0.6748850030432769,0.02678621884916539,11607,209.83
47133,TN,14.339958875942427,22576,4,8.506617793153081e-4,33.54449920576482,22595.20454032982,0.0016998775377797136,0.0014845848881735848,0.8733481413682704,0.02678621884916539,8815,206.22
47135,TN,8.256339958875943,8432,4,8.506617793153081e-4,15.42912008206262,8439.172780123186,0.0016998775377797136,0.0018282739889391626,1.0755327653350566,0.02678621884916539,3340,96.22
47137,TN,3.9108978752570254,5042,4,8.506617793153081e-4,8.19993456656481,5046.289036691308,0.0016998775377797136,0.0016249434994594063,0.9559179784102672,0.02678621884916539,2082,53.31
47139,TN,7.896716608224418,17620,3,0.0012836746938390434,30.51506471366836,17642.618348105443,0.0025640579713467324,0.001729622219988975,0.6745643972630296,0.03430668308799435,7088,164.03
47141,TN,102.55243317340644,80157,4,8.506617793153081e-4,170.7389294179836,80225.18649624458,0.0016998775377797136,0.002128245964575926,1.2519995807202227,0.02678621884916539,31746,1064.64
47143,TN,20.858122001370802,33031,4,8.506617793153081e-4,48.95633123393475,33059.098209232565,0.0016998775377797136,0.0014808731600628624,0.87116461459753,0.02678621884916539,12829,299.37
47145,TN,20.100733184571247,53777,3,0.0012836746938390434,89.13290719515348,53846.03217401058,0.0025640579713467324,0.0016553291597625744,0.6455895998689678,0.03430668308799435,21299,471.73
47147,TN,77.55326016785023,73297,2,0.001316614162945478,174.05712846926494,73393.50386830141,0.002629765938810684,0.0023715604146873283,0.9018142564276539,0.03776920561073565,27529,937.66
47149,TN,379.0652033570045,343727,2,0.001316614162945478,831.6210397437649,344179.55583638675,0.002629765938810684,0.002416241829712553,0.918804899726286,0.03776920561073565,127175,4413.29
47151,TN,23.030843043180262,21917,4,8.506617793153081e-4,41.67479726043387,21935.643954217252,0.0016998775377797136,0.0018998665982824568,1.1176490988662382,0.02678621884916539,8197,245.4
47153,TN,2.512591648071406,16065,3,0.0012836746938390434,23.134825604595637,16085.622233956525,0.0025640579713467324,0.00143823007081183,0.5609194826653711,0.03430668308799435,6549,126.02
47155,TN,122.97601096641536,98455,4,8.506617793153081e-4,206.727916448904,98538.7519054825,0.0016998775377797136,0.0020979352026621527,1.2341684362759215,0.02678621884916539,38079,1258.84
47157,TN,1338.4007386888272,926440,1,0.00247692321944086,3633.121486107618,928734.7207474188,0.004941606459101834,0.003911904449080774,0.7916260595530681,0.065875644401241,324209,16907.14
47159,TN,8.322788896061976,20034,2,0.001316614162945478,34.69983703651168,20060.37704814045,0.002629765938810684,0.0017297699317036653,0.6577657373134723,0.03776920561073565,7743,192.36
47161,TN,1.4357666560408033,13724,3,0.0012836746938390434,19.052918154287834,13741.617151498247,0.0025640579713467324,0.0013865120781807326,0.5407491147528495,0.03430668308799435,5336,98.99
47163,TN,199.57156518967167,158722,3,0.0012836746938390434,403.3189799451923,158925.74741475552,0.0025640579713467324,0.0025377824959516033,0.9897523863778601,0.03430668308799435,62294,2115.2
47165,TN,132.78631375080698,196845,2,0.001316614162945478,391.9552286558096,197104.168914905,0.002629765938810684,0.001988568942065487,0.7561771611373217,0.03776920561073565,73309,2093.72
47167,TN,22.32020658489348,61116,2,0.001316614162945478,102.78639776746932,61196.466191182575,0.002629765938810684,0.0016796132875770396,0.6386930725616773,0.03776920561073565,22768,549.23
47169,TN,21.941897998708846,11596,2,0.001316614162945478,37.20935583222461,11611.267457833515,0.002629765938810684,0.003204590365982949,1.218583874210581,0.03776920561073565,6049,278.4
47171,TN,8.61459993624482,17845,3,0.0012836746938390434,31.521774847802547,17867.907174911557,0.0025640579713467324,0.0017641559551004648,0.6880327881876511,0.03430668308799435,7226,170.56
47173,TN,31.945808096907875,19860,3,0.0012836746938390434,57.43958751655128,19885.493779419645,0.0025640579713467324,0.0028885170342613257,1.1265412352374296,0.03430668308799435,7748,299.44
47175,TN,24.76901987662783,6182,4,8.506617793153081e-4,30.027810996355065,6187.258791119727,0.0016998775377797136,0.004853168747273434,2.8550108107272103,0.02678621884916539,2495,190.8
47177,TN,20.858122001370802,41163,4,8.506617793153081e-4,55.873912823326826,41198.015790821955,0.0016998775377797136,0.0013562282491229674,0.7978387966079004,0.02678621884916539,15568,332.71
47179,TN,227.21007331845712,133282,3,0.0012836746938390434,398.3008038627125,133453.09073054427,0.0025640579713467324,0.002984575341660115,1.1640046266553452,0.03430668308799435,52903,2112.58
47181,TN,23.899931459904046,16325,4,8.506617793153081e-4,37.78698500722645,16338.887053547322,0.0016998775377797136,0.0023127025043619817,1.3605112444645315,0.02678621884916539,7537,274.67
47183,TN,14.77450308430432,32946,4,8.506617793153081e-4,42.80040606562646,32974.025902981324,0.0016998775377797136,0.0012980036526797504,0.7635865665800439,0.02678621884916539,13020,266.31
47185,TN,47.79986291980809,27420,4,8.506617793153081e-4,71.12500890863384,27443.325145988827,0.0016998775377797136,0.002591705215394776,1.524642309692449,0.02678621884916539,10248,418.52
47187,TN,186.12782440284053,248897,2,0.001316614162945478,513.8291397174812,249224.70131531465,0.002629765938810684,0.00206171032407977,0.7839900478033348,0.03776920561073565,89544,2651.46
47189,TN,204.28663653970304,149096,2,0.001316614162945478,400.58854177822207,149292.3019052385,0.002629765938810684,0.00268324981707691,1.020337885390064,0.03776920561073565,56025,2159.06
48001,TX,38.0140589569161,58077,4,8.506617793153081e-4,87.41794311421125,58126.4038841573,0.0016998775377797136,0.0015039282885696897,0.884727431914912,0.02678621884916539,29923,709.13
48003,TX,36.2702947845805,18362,4,8.506617793153081e-4,51.890146376368186,18377.61985159179,0.0016998775377797136,0.002823550970985706,1.6610319909713454,0.02678621884916539,6382,283.95
48005,TX,29.643990929705215,86608,4,8.506617793153081e-4,103.31810631264541,86681.67411538294,0.0016998775377797136,0.001191925598657884,0.701183215947845,0.02678621884916539,31419,590.11
48007,TX,8.839619547392587,24048,3,0.0012836746938390434,39.7094285848339,24078.869809037442,0.0025640579713467324,0.0016491400509973228,0.6431758054717995,0.03430668308799435,9751,215.16
48009,TX,0,8649,3,0.0012836746938390434,11.102502427013887,8660.102502427015,0.0025640579713467324,0.0012820289856733662,0.5,0.03430668308799435,3366,57.74
48011,TX,0,1912,3,0.0012836746938390434,2.4543860146202507,1914.4543860146202,0.0025640579713467324,0.0012820289856733662,0.5,0.03430668308799435,708,12.14
48013,TX,5.301213960546282,49403,2,0.001316614162945478,70.34590345254173,49468.044689491995,0.002629765938810684,0.0014220473821857894,0.5407505516741588,0.03776920561073565,17818,363.91
48015,TX,112.38573596358117,30406,2,0.001316614162945478,152.41870620210136,30446.03297023852,0.002629765938810684,0.005006192640962226,1.9036647205288104,0.03776920561073565,11592,833.46
48017,TX,4.882539682539683,6902,4,8.506617793153081e-4,10.75380728337394,6907.8712676008345,0.0016998775377797136,0.0015567469147566835,0.9157994503474766,0.02678621884916539,2456,60.25
48019,TX,25.445827010622153,21182,2,0.001316614162945478,53.33434821013327,21209.88852119951,0.002629765938810684,0.0025145982335939682,0.9562061005061154,0.03776920561073565,8692,313.91
48021,TX,215.9361153262519,98435,2,0.001316614162945478,345.53703045579005,98564.60091512954,0.002629765938810684,0.003505690960523643,1.3330809821459233,0.03776920561073565,37567,1891.48
48023,TX,4.882539682539683,3475,4,8.506617793153081e-4,7.838589365660379,3477.956049683121,0.0016998775377797136,0.002253791955299308,1.325855483826845,0.02678621884916539,1221,43.36
48025,TX,14.298866213151928,30977,4,8.506617793153081e-4,40.64981615100223,31003.35094993785,0.0016998775377797136,0.0013111426637927252,0.7713159534452508,0.02678621884916539,16024,331.07
48027,TX,389.3115775664152,372821,3,0.0012836746938390434,867.8924605981813,373299.58088303177,0.0025640579713467324,0.0023249221404031614,0.9067354039511172,0.03430668308799435,134018,4168.91
48029,TX,3882.9447603574326,2014059,1,0.00247692321944086,8871.614262781271,2019047.6695024238,0.004941606459101834,0.0043939597844995905,0.889176388460974,0.065875644401241,744057,43583.19
48031,TX,17.08888888888889,11608,4,8.506617793153081e-4,26.963370823180984,11617.874481934292,0.0016998775377797136,0.002320852309526052,1.365305592870779,0.02678621884916539,4796,175.4
48033,TX,0,686,4,8.506617793153081e-4,0.5835539806103014,686.5835539806103,0.0016998775377797136,8.499387688898553e-4,0.4999999999999991,0.02678621884916539,223,2.99
48035,TX,10.681206953099377,18404,3,0.0012836746938390434,34.30595601851313,18427.624749065413,0.0025640579713467324,0.0018616591386935537,0.7260596911214708,0.03430668308799435,7113,177.18
48037,TX,65.92882912430305,92747,3,0.0012836746938390434,184.9858059537928,92866.0569768295,0.0025640579713467324,0.001991963608403742,0.7768793181214595,0.03430668308799435,35534,947.06
48039,TX,434.3461305007587,374600,2,0.001316614162945478,927.5497959401348,375093.2036654394,0.002629765938810684,0.0024728515123069346,0.9403314096559048,0.03776920561073565,140148,4977.44
48041,TX,153.95670711708757,234548,3,0.0012836746938390434,455.0400392076475,234849.08333209055,0.0025640579713467324,0.0019375849066619259,0.7556712556090294,0.03430668308799435,95106,2465.58
48043,TX,0,9454,4,8.506617793153081e-4,8.042156461646922,9462.042156461646,0.0016998775377797136,8.499387688898552e-4,0.49999999999999906,0.02678621884916539,3936,52.72
48045,TX,0,1290,4,8.506617793153081e-4,1.0973536953167475,1291.0973536953168,0.0016998775377797136,8.499387688898553e-4,0.4999999999999991,0.02678621884916539,573,7.67
48047,TX,0,7059,4,8.506617793153081e-4,6.00482150018676,7065.004821500187,0.0016998775377797136,8.499387688898552e-4,0.49999999999999906,0.02678621884916539,2758,36.94
48049,TX,24.063945578231294,38159,4,8.506617793153081e-4,56.52434841512414,38191.46040283689,0.0016998775377797136,0.0014800258439691787,0.8706661574587937,0.02678621884916539,14873,346.87
48051,TX,23.204001311905543,17958,3,0.0012836746938390434,46.25623146386708,17981.052230151963,0.0025640579713467324,0.0025724985875020816,1.0032918975505518,0.03430668308799435,6946,239.08
48053,TX,17.43764172335601,49684,4,8.506617793153081e-4,59.70192156685778,49726.264279843504,0.0016998775377797136,0.0012006114360587085,0.706292900150255,0.02678621884916539,19310,365.32
48055,TX,17.31729893778452,46141,2,0.001316614162945478,78.06719303025183,46201.74989409247,0.002629765938810684,0.0016897020829125303,0.6425294578409136,0.03776920561073565,17810,432.21
48057,TX,8.718820861678005,20127,4,8.506617793153081e-4,25.84009049395721,20144.12126963228,0.0016998775377797136,0.0012827608684480931,0.7546195769629174,0.02678621884916539,7964,160.98
48059,TX,7.3663496228271566,13869,3,0.0012836746938390434,25.16963395168085,13886.803284328853,0.0025640579713467324,0.001812485813785854,0.7068817608807313,0.03430668308799435,5369,130.2
48061,TX,279.92128566743196,421854,3,0.0012836746938390434,821.4445899622078,422395.5233042948,0.0025640579713467324,0.001944728446779577,0.7584572847072323,0.03430668308799435,144635,3763.42
48063,TX,12.555102040816326,12543,4,8.506617793153081e-4,23.224952738768238,12553.669850697952,0.0016998775377797136,0.0018500528542637266,1.0883447855191755,0.02678621884916539,4404,128.39
48065,TX,5.893079698261725,5801,3,0.0012836746938390434,13.339676597222017,5808.446596898961,0.0025640579713467324,0.0022965996802559677,0.8956894523916376,0.03430668308799435,2199,67.57
48067,TX,14.647619047619047,28637,4,8.506617793153081e-4,39.00802042187153,28661.36040137425,0.0016998775377797136,0.0013609968220490041,0.8006440415858799,0.02678621884916539,10633,228.04
48069,TX,0,7381,4,8.506617793153081e-4,6.2787345931262895,7387.2787345931265,0.0016998775377797136,8.499387688898552e-4,0.49999999999999906,0.02678621884916539,2695,36.09
48071,TX,6.008042488619119,47037,2,0.001316614162945478,67.93762287108558,47098.929580382464,0.002629765938810684,0.0014424451569570872,0.5485070498743456,0.03776920561073565,17433,361.15
48073,TX,26.505215419501134,50824,4,8.506617793153081e-4,69.73924969142234,50867.23403427192,0.0016998775377797136,0.0013710053439201229,0.8065318315287903,0.02678621884916539,19411,419.35
48075,TX,0,6781,4,8.506617793153081e-4,5.768337525537104,6786.768337525537,0.0016998775377797136,8.499387688898552e-4,0.49999999999999906,0.02678621884916539,3759,50.34
48077,TX,13.996064283371597,10290,3,0.0012836746938390434,27.205076882975355,10303.209012599604,0.0025640579713467324,0.0026404469568371146,1.0297922224629967,0.03430668308799435,4127,145.8
48079,TX,0,2529,3,0.0012836746938390434,3.246413300718941,2532.246413300719,0.0025640579713467324,0.0012820289856733664,0.5000000000000001,0.03430668308799435,956,16.4
48081,TX,0,3305,4,8.506617793153081e-4,2.811437180637093,3307.8114371806373,0.0016998775377797136,8.499387688898551e-4,0.499999999999999,0.02678621884916539,1213,16.25
48083,TX,2.7900226757369615,7808,4,8.506617793153081e-4,9.431989848630888,7814.641967172894,0.0016998775377797136,0.001206963785193489,0.7100298453087147,0.02678621884916539,3092,58.81
48085,TX,1505.8625507717302,1079153,1,0.00247692321944086,4178.841673800993,1081825.9791230292,0.004941606459101834,0.0038627669832707536,0.7816824377335856,0.065875644401241,398551,20522.92
48087,TX,0,2865,4,8.506617793153081e-4,2.437145997738358,2867.4371459977383,0.0016998775377797136,8.499387688898553e-4,0.4999999999999991,0.02678621884916539,906,12.13
48089,TX,5.2312925170068025,20582,4,8.506617793153081e-4,22.739613258874474,20599.50832074187,0.0016998775377797136,0.0011038910688939945,0.6493944677543279,0.02678621884916539,7927,137.89
48091,TX,141.71911987860395,165201,2,0.001316614162945478,359.22509621135987,165418.50597633276,0.002629765938810684,0.0021716137145063805,0.8257821285374531,0.03776920561073565,63605,1983.78
48093,TX,4.5337868480725625,13651,4,8.506617793153081e-4,16.14617079750583,13662.612383949434,0.0016998775377797136,0.0011817777115944556,0.6952134405740948,0.02678621884916539,5277,98.27
48095,TX,2.092517006802721,3235,4,8.506617793153081e-4,4.844407862887742,3237.751890856085,0.0016998775377797136,0.001496225784492352,0.88019622075049,0.02678621884916539,1450,34.19
48097,TX,35.92154195011338,41860,4,8.506617793153081e-4,71.53024403225217,41895.608702082136,0.0016998775377797136,0.0017073446656641427,1.004392744605698,0.02678621884916539,15834,426
48099,TX,55.61593965234503,82927,3,0.0012836746938390434,162.06723098833538,83033.451291336,0.0025640579713467324,0.0019518305992087077,0.761227172326193,0.03430668308799435,32587,851.02
48101,TX,1.3950113378684807,1647,4,8.506617793153081e-4,2.7960512884007933,1648.4010399505323,0.0016998775377797136,0.0016962202890169866,0.9978485222132508,0.02678621884916539,580,15.5
48103,TX,6.277551020408163,4636,4,8.506617793153081e-4,10.221219029313932,4639.943668008906,0.0016998775377797136,0.0022028756727773087,1.2959025716961843,0.02678621884916539,1845,64.04
48105,TX,0,2949,4,8.506617793153081e-4,2.5086015872008436,2951.5086015872007,0.0016998775377797136,8.499387688898553e-4,0.4999999999999991,0.02678621884916539,1292,17.3
48107,TX,0,5157,3,0.0012836746938390434,6.619910396127946,5163.619910396128,0.0025640579713467324,0.0012820289856733662,0.5,0.03430668308799435,1909,32.75
48109,TX,0,2181,4,8.506617793153081e-4,1.855293340686687,2182.855293340687,0.0016998775377797136,8.499387688898552e-4,0.49999999999999906,0.02678621884916539,1154,15.46
48111,TX,0,7165,4,8.506617793153081e-4,6.094991648794182,7171.094991648794,0.0016998775377797136,8.499387688898552e-4,0.49999999999999906,0.02678621884916539,2821,37.78
48113,TX,5460.29463850528,2604053,1,0.00247692321944086,11910.33397885991,2610503.0393403545,0.004941606459101834,0.004562467003244524,0.9232760724685023,0.065875644401241,954188,58035.06
48115,TX,9.416326530612245,12342,4,8.506617793153081e-4,19.915194210921776,12352.49886768031,0.0016998775377797136,0.0016122401162916823,0.9484448617383942,0.02678621884916539,5310,134.9
48117,TX,6.6263038548752835,18585,4,8.506617793153081e-4,22.435853023450285,18600.809549168574,0.0016998775377797136,0.0012061761593840485,0.7095665026314127,0.02678621884916539,6479,123.14
48119,TX,4.185034013605442,5278,4,8.506617793153081e-4,8.674826884831639,5282.489792871226,0.0016998775377797136,0.001642185262059267,0.9660609223675013,0.02678621884916539,1972,51.03
48121,TX,1160.6124430955992,914870,2,0.001316614162945478,2365.143242349529,916074.530799254,0.002629765938810684,0.002581824035961349,0.9817695171491129,0.03776920561073565,341754,12672.46
48123,TX,18.48390022675737,19826,4,8.506617793153081e-4,35.34912066346267,19842.865220436706,0.0016998775377797136,0.0017814524399961983,1.0479886935402614,0.02678621884916539,8182,229.68
48125,TX,1.0462585034013605,1570,4,8.506617793153081e-4,2.381797496926394,1571.335538993525,0.0016998775377797136,0.0015157790540726824,0.8916989726521768,0.02678621884916539,625,14.93
48127,TX,24.76145124716553,8672,4,8.506617793153081e-4,32.138390197387885,8679.376938950223,0.0016998775377797136,0.0037028453106076353,2.1783012177713035,0.02678621884916539,2986,174.23
48129,TX,0.6975056689342404,3298,4,8.506617793153081e-4,3.5029882171161266,3300.8054825481818,0.0016998775377797136,0.0010612525444582885,0.6243111758770801,0.02678621884916539,1250,20.9
48131,TX,0,9960,4,8.506617793153081e-4,8.472591321980468,9968.47259132198,0.0016998775377797136,8.499387688898552e-4,0.49999999999999906,0.02678621884916539,3953,52.94
48133,TX,11.508843537414966,17812,4,8.506617793153081e-4,26.660831150579234,17827.151987613164,0.0016998775377797136,0.0014955182504251927,0.8797799942568547,0.02678621884916539,7168,168.92
48135,TX,257.4539193178091,162300,3,0.0012836746938390434,465.79432212788583,162508.34040281008,0.0025640579713467324,0.0028662794843225866,1.1178684399312224,0.03430668308799435,58295,2235.63
48137,TX,0,1380,4,8.506617793153081e-4,1.1739132554551253,1381.173913255455,0.0016998775377797136,8.499387688898553e-4,0.4999999999999991,0.02678621884916539,677,9.07
48139,TX,119.10060698027313,195509,2,0.001316614162945478,376.5105253635806,195766.40991838332,0.002629765938810684,0.0019232641877661803,0.7313442460342989,0.03776920561073565,70750,1954.28
48141,TX,714.5359134142342,863832,3,0.0012836746938390434,1823.4151915426028,864940.8792781284,0.0025640579713467324,0.002108138527415201,0.8221883245127775,0.03430668308799435,313037,8829.7
48143,TX,44.29160997732426,42788,4,8.506617793153081e-4,80.68972619066767,42824.39811621334,0.0016998775377797136,0.001884199889317732,1.1084327237941918,0.02678621884916539,16475,489.15
48145,TX,29.833715972449983,17013,3,0.0012836746938390434,51.672873538733626,17034.839157566283,0.0025640579713467324,0.0030333643341611673,1.18303266465069,0.03430668308799435,6271,254.51
48147,TX,25.807709750566893,36052,4,8.506617793153081e-4,56.47576821844238,36082.668058467876,0.0016998775377797136,0.0015651771683548954,0.9207587803055763,0.02678621884916539,15259,376.34
48149,TX,19.18140589569161,24564,4,8.506617793153081e-4,40.077061842792844,24584.8956559471,0.0016998775377797136,0.001630149763645557,0.9589807073836442,0.02678621884916539,9542,245.11
48151,TX,11.508843537414966,3680,4,8.506617793153081e-4,14.639278885295301,3683.1304353478804,0.0016998775377797136,0.003974683802886439,2.3382177330714966,0.02678621884916539,1495,93.63
48153,TX,1.3950113378684807,5386,4,8.506617793153081e-4,5.976675681260731,5390.581664343392,0.0016998775377797136,0.001108725561249563,0.6522384916608283,0.02678621884916539,1923,33.6
48155,TX,0,1075,4,8.506617793153081e-4,0.9144614127639562,1075.914461412764,0.0016998775377797136,8.499387688898552e-4,0.49999999999999906,0.02678621884916539,382,5.12
48157,TX,550.6194233687405,832607,2,0.001316614162945478,1646.8415917362863,833703.2221683676,0.002629765938810684,0.0019753331256811483,0.7511440834063339,0.03776920561073565,296477,8411.09
48159,TX,12.555102040816326,10445,4,8.506617793153081e-4,21.44026432576472,10453.885162284949,0.0016998775377797136,0.0020509374259357594,1.206520693611012,0.02678621884916539,3909,126.33
48161,TX,4.5337868480725625,19599,4,8.506617793153081e-4,21.205907060873287,19615.6721202128,0.0016998775377797136,0.001081069612650277,0.6359691146118152,0.02678621884916539,7936,135.19
48163,TX,5.580045351473923,18151,4,8.506617793153081e-4,21.02040730782608,18166.440361956353,0.0016998775377797136,0.0011571010549676218,0.680696714469775,0.02678621884916539,8491,154.82
48165,TX,0,21523,4,8.506617793153081e-4,18.308793476203377,21541.308793476204,0.0016998775377797136,8.499387688898552e-4,0.49999999999999906,0.02678621884916539,7112,95.25
48167,TX,566.8764795144158,350801,2,0.001316614162945478,1028.7460444898525,351262.86956497544,0.002629765938810684,0.002928707055670051,1.113675940678798,0.03776920561073565,130832,5503.14
48169,TX,0,5735,3,0.0012836746938390434,7.361874369166913,5742.361874369167,0.0025640579713467324,0.0012820289856733662,0.5,0.03430668308799435,3013,51.68
48171,TX,12.903854875283447,26953,4,8.506617793153081e-4,35.83174181316895,26975.927886937887,0.0016998775377797136,0.0013282857947777642,0.7814008746257675,0.02678621884916539,10412,217.93
48173,TX,0,1068,4,8.506617793153081e-4,0.9085067803087491,1068.9085067803087,0.0016998775377797136,8.499387688898553e-4,0.4999999999999991,0.02678621884916539,455,6.09
48175,TX,2.209904886848147,7092,3,0.0012836746938390434,11.313725815554642,7101.103820928706,0.0025640579713467324,0.0015932348126231164,0.6213723833187337,0.03430668308799435,2766,58.96
48177,TX,10.811337868480726,19736,4,8.506617793153081e-4,27.599998745047643,19752.788660876566,0.0016998775377797136,0.0013972709989913314,0.8219833299382083,0.02678621884916539,7283,160.36
48179,TX,7.3238095238095235,21272,4,8.506617793153081e-4,25.419086893404756,21290.095277369594,0.0016998775377797136,0.001193939555565263,0.7023679818281034,0.02678621884916539,8569,161.22
48181,TX,174.95080354214497,137008,3,0.0012836746938390434,350.8245059956446,137183.8737024535,0.0025640579713467324,0.0025573305121604113,0.997376245287158,0.03430668308799435,50659,1733.38
48183,TX,153.22007215480485,124245,3,0.0012836746938390434,312.7102344908368,124404.49016233603,0.0025640579713467324,0.002513657136352391,0.9803433324996669,0.03430668308799435,44455,1495.13
48185,TX,27.551473922902495,29442,4,8.506617793153081e-4,52.5966580295038,29467.045184106602,0.0016998775377797136,0.0017849315294725385,1.0500353641968336,0.02678621884916539,12590,354.11
48187,TX,177.76737481031864,173828,2,0.001316614162945478,406.6317815268052,174056.8644067165,0.002629765938810684,0.0023362007750331168,0.8883683298786915,0.03776920561073565,64952,2179.33
48189,TX,29.992743764172335,32525,4,8.506617793153081e-4,57.66051813640273,32552.667774372232,0.0016998775377797136,0.001771299315191524,1.0420158369202863,0.02678621884916539,12449,347.47
48191,TX,0,2847,4,8.506617793153081e-4,2.421834085710682,2849.4218340857105,0.0016998775377797136,8.499387688898553e-4,0.4999999999999991,0.02678621884916539,1072,14.36
48193,TX,5.580045351473923,8244,4,8.506617793153081e-4,12.592901060149323,8251.012855708675,0.0016998775377797136,0.0015262248744936327,0.8978440155677941,0.02678621884916539,3249,78.14
48195,TX,0,5270,4,8.506617793153081e-4,4.482987576991674,5274.482987576992,0.0016998775377797136,8.499387688898552e-4,0.49999999999999906,0.02678621884916539,1918,25.69
48197,TX,2.7900226757369615,3541,4,8.506617793153081e-4,5.802216036292467,3544.0121933605556,0.0016998775377797136,0.0016371885083133995,0.9631214437081185,0.02678621884916539,1534,39.57
48199,TX,71.82190882256478,56576,3,0.0012836746938390434,144.44708830120248,56648.62517947864,0.0025640579713467324,0.0025498780922494383,0.9944697509745279,0.03430668308799435,20869,711.99
48201,TX,7515.941023558083,4726177,1,0.00247692321944086,19222.31857404543,4737883.377550487,0.004941606459101834,0.004057153172052849,0.8210190766162834,0.065875644401241,1728046,93461.65
48203,TX,94.65759265332896,69098,3,0.0012836746938390434,183.35694664821918,69186.69935399489,0.0025640579713467324,0.002650176238500269,1.0335867083021935,0.03430668308799435,25424,901.51
48205,TX,0,5369,4,8.506617793153081e-4,4.567203093143889,5373.567203093144,0.0016998775377797136,8.499387688898553e-4,0.4999999999999991,0.02678621884916539,2520,33.75
48207,TX,0,5408,4,8.506617793153081e-4,4.600378902537186,5412.600378902537,0.0016998775377797136,8.499387688898553e-4,0.4999999999999991,0.02678621884916539,2371,31.76
48209,TX,433.28588770864945,245351,2,0.001316614162945478,756.3184892014855,245674.03260149283,0.002629765938810684,0.0030785446927079495,1.1706534970561777,0.03776920561073565,94148,4162.72
48211,TX,0,3371,4,8.506617793153081e-4,2.8675808580719035,3373.867580858072,0.0016998775377797136,8.499387688898552e-4,0.49999999999999906,0.02678621884916539,1370,18.35
48213,TX,78.12063492063493,82627,4,8.506617793153081e-4,148.40826576012088,82697.28763083949,0.0016998775377797136,0.0017945965340799936,1.0557210706037077,0.02678621884916539,31573,892.85
48215,TX,595.2010495244342,873167,3,0.0012836746938390434,1716.06343091979,874287.8623813953,0.0025640579713467324,0.001962812827168339,0.7655103157193445,0.03430668308799435,290927,7640.36
48217,TX,14.298866213151928,36138,4,8.506617793153081e-4,45.04008159404853,36168.7412153809,0.0016998775377797136,0.001245276448130715,0.7325683294557951,0.02678621884916539,13853,271.83
48219,TX,21.362413906198753,21495,3,0.0012836746938390434,48.955001450268995,21522.59258754407,0.0025640579713467324,0.0022745866350042366,0.887104215436106,0.03430668308799435,7834,238.42
48221,TX,18.13514739229025,62459,4,8.506617793153081e-4,71.26663146654508,62512.131484074256,0.0016998775377797136,0.0011400448164961571,0.6706629102148269,0.02678621884916539,24004,431.22
48223,TX,37.31655328798186,37008,4,8.506617793153081e-4,68.79784441688278,37039.481291128905,0.0016998775377797136,0.0018574192191336148,1.092678253493292,0.02678621884916539,13713,401.36
48225,TX,23.715192743764174,22107,4,8.506617793153081e-4,42.520772699087686,22125.805579955322,0.0016998775377797136,0.0019217728613510462,1.1305360642985847,0.02678621884916539,9727,294.56
48227,TX,13.252607709750567,34488,4,8.506617793153081e-4,42.590231154776916,34517.337623445026,0.0016998775377797136,0.001233879380252334,0.7258636889007659,0.02678621884916539,15730,305.84
48229,TX,0,3329,3,0.0012836746938390434,4.273353055790175,3333.2733530557903,0.0025640579713467324,0.0012820289856733662,0.5,0.03430668308799435,1801,30.89
48231,TX,100.01623672230652,101596,2,0.001316614162945478,233.77896922091531,101729.76273249861,0.002629765938810684,0.002298039068818473,0.8738568839543814,0.03776920561073565,37958,1252.8
48233,TX,16.042630385487527,20595,4,8.506617793153081e-4,33.562009730486295,20612.519379344998,0.0016998775377797136,0.0016282342353607427,0.957853844864291,0.02678621884916539,7864,201.77
48235,TX,0,1561,3,0.0012836746938390434,2.0038161970827466,1563.0038161970826,0.0025640579713467324,0.0012820289856733664,0.5000000000000001,0.03430668308799435,550,9.43
48237,TX,0,8588,4,8.506617793153081e-4,7.305483360759866,8595.30548336076,0.0016998775377797136,8.499387688898552e-4,0.49999999999999906,0.02678621884916539,3824,51.22
48239,TX,4.185034013605442,15010,4,8.506617793153081e-4,16.953467321128215,15022.768433307523,0.0016998775377797136,0.0011285181820109846,0.663882048518032,0.02678621884916539,5733,101.95
48241,TX,1.743764172335601,33032,4,8.506617793153081e-4,29.84282406667886,33060.099059894346,0.0016998775377797136,9.02684048605335e-4,0.5310288703410784,0.02678621884916539,12305,175.03
48243,TX,0,1992,4,8.506617793153081e-4,1.6945182643960937,1993.694518264396,0.0016998775377797136,8.499387688898552e-4,0.49999999999999906,0.02678621884916539,915,12.25
48245,TX,180.47556575926532,254942,3,0.0012836746938390434,507.73815955597877,255269.2625937967,0.0025640579713467324,0.0019890297578205847,0.7757350964946698,0.03430668308799435,99431,2646.15
48247,TX,4.882539682539683,4830,4,8.506617793153081e-4,8.991236076632621,4834.108696394093,0.0016998775377797136,0.0018599573657372358,1.0941713884675537,0.02678621884916539,1671,48.97
48249,TX,42.54784580498866,39060,4,8.506617793153081e-4,75.7746949050446,39093.22684910006,0.0016998775377797136,0.001938307502666257,1.140263024592917,0.02678621884916539,14119,431.24
48251,TX,135.7110773899848,182690,2,0.001316614162945478,376.24331881849423,182930.5322414285,0.002629765938810684,0.002056755174811031,0.7821057929365386,0.03776920561073565,67993,2008.48
48253,TX,4.419809773696294,19758,3,0.0012836746938390434,29.78265437456811,19783.362844600873,0.0025640579713467324,0.0015054394244553913,0.587131586445638,0.03430668308799435,11022,222.01
48255,TX,31.387755102040817,14805,4,8.506617793153081e-4,43.98180274480396,14817.594047642762,0.0016998775377797136,0.0029682148534633896,1.746134522925874,0.02678621884916539,7177,335.69
48257,TX,74.92382397572078,149773,2,0.001316614162945478,272.11707700255386,149970.19325302684,0.002629765938810684,0.0018144744038799973,0.6899756275269868,0.03776920561073565,52799,1375.93
48259,TX,13.429742033383913,45376,2,0.001316614162945478,73.17242629119792,45435.74268425781,0.002629765938810684,0.0016104595626330563,0.612396540264488,0.03776920561073565,16979,392.72
48261,TX,0,116,4,8.506617793153081e-4,0.09867676640057574,116.09867676640057,0.0016998775377797136,8.499387688898552e-4,0.49999999999999906,0.02678621884916539,46,0.62
48263,TX,0,635,4,8.506617793153081e-4,0.5401702298652207,635.5401702298652,0.0016998775377797136,8.499387688898553e-4,0.4999999999999991,0.02678621884916539,234,3.13
48265,TX,69.0530612244898,52810,4,8.506617793153081e-4,113.97650979013122,52854.92344856564,0.0016998775377797136,0.0021564028921741683,1.2685636725282827,0.02678621884916539,20656,701.89
48267,TX,2.7900226757369615,4316,4,8.506617793153081e-4,6.461478915261831,4319.671456239525,0.0016998775377797136,0.0014958264721564843,0.879961314219288,0.02678621884916539,1701,40.09
48269,TX,0,216,4,8.506617793153081e-4,0.18374294433210656,216.1837429443321,0.0016998775377797136,8.499387688898553e-4,0.4999999999999991,0.02678621884916539,84,1.13
48271,TX,19.18140589569161,3157,4,8.506617793153081e-4,21.86694513299004,3159.6855392372986,0.0016998775377797136,0.006920608035655472,4.07123918155586,0.02678621884916539,1672,182.34
48273,TX,11.857596371882087,30860,4,8.506617793153081e-4,38.109018881552494,30886.25142250967,0.0016998775377797136,0.001233850568663665,0.7258467396864675,0.02678621884916539,11783,229.09
48275,TX,1.3950113378684807,3333,4,8.506617793153081e-4,4.230267048326403,3335.835255710458,0.0016998775377797136,0.0012681282869364755,0.7460115559811649,0.02678621884916539,1228,24.54
48277,TX,61.38049886621315,50149,4,8.506617793153081e-4,104.04033643709653,50191.659837570885,0.0016998775377797136,0.0020728610445199364,1.2194178689056585,0.02678621884916539,18193,594.25
48279,TX,9.067573696145125,13024,4,8.506617793153081e-4,20.146592709947697,13035.079019013803,0.0016998775377797136,0.0015455673633094655,0.9092227698521156,0.02678621884916539,4677,113.91
48281,TX,15.10101672679567,21829,3,0.0012836746938390434,43.12235161860815,21857.02133489181,0.0025640579713467324,0.0019729290170829032,0.7694556984008643,0.03430668308799435,8678,229.08
48283,TX,0,6965,4,8.506617793153081e-4,5.924859292931121,6970.924859292931,0.0016998775377797136,8.499387688898553e-4,0.4999999999999991,0.02678621884916539,3486,46.69
48285,TX,2.4412698412698415,20379,4,8.506617793153081e-4,19.77690624193651,20396.335636400665,0.0016998775377797136,9.696303588298145e-4,0.5704118898448957,0.02678621884916539,7567,115.62
48287,TX,0,17543,4,8.506617793153081e-4,14.92315959452845,17557.923159594528,0.0016998775377797136,8.499387688898552e-4,0.49999999999999906,0.02678621884916539,6940,92.95
48289,TX,0,15928,4,8.506617793153081e-4,13.549340820934228,15941.549340820935,0.0016998775377797136,8.499387688898552e-4,0.49999999999999906,0.02678621884916539,6106,81.78
48291,TX,100.72306525037935,93523,2,0.001316614162945478,223.8567716115293,93646.13370636114,0.002629765938810684,0.002390453964853044,0.9089987552025754,0.03776920561073565,33086,1135.91
48293,TX,35.92154195011338,22222,4,8.506617793153081e-4,54.82494801005815,22240.903406059944,0.0016998775377797136,0.002465050407759969,1.4501341143548976,0.02678621884916539,8674,336.93
48295,TX,1.743764172335601,3038,4,8.506617793153081e-4,4.328074657895507,3040.58431048556,0.0016998775377797136,0.0014234351742755471,0.8373751300548155,0.02678621884916539,990,22.21
48297,TX,0,11374,4,8.506617793153081e-4,9.675427077932314,11383.675427077933,0.0016998775377797136,8.499387688898552e-4,0.49999999999999906,0.02678621884916539,5178,69.35
48299,TX,28.597732426303857,21637,4,8.506617793153081e-4,47.00350134534918,21655.405768919045,0.0016998775377797136,0.0021705204625078432,1.276868723933406,0.02678621884916539,8730,298.59
48301,TX,0,96,4,8.506617793153081e-4,0.08166353081426958,96.08166353081427,0.0016998775377797136,8.499387688898553e-4,0.4999999999999991,0.02678621884916539,39,0.52
48303,TX,379.36700557559857,311509,3,0.0012836746938390434,779.2432257787051,311908.8762202031,0.0025640579713467324,0.0024983041047814576,0.9743555460523622,0.03430668308799435,116792,3904
48305,TX,6.261397179403083,5619,3,0.0012836746938390434,13.474365284084667,5626.212968104682,0.0025640579713467324,0.0023949262782037586,0.9340374925087438,0.03430668308799435,2102,67.36
48307,TX,20.57641723356009,7638,4,8.506617793153081e-4,27.073771903970414,7644.4973546704105,0.0016998775377797136,0.003541602625767105,2.083445746564162,0.02678621884916539,2961,165.25
48309,TX,222.83207609052147,261090,3,0.0012836746938390434,557.9867019049573,261425.15462581444,0.0025640579713467324,0.002134403258567907,0.8324317478074976,0.03430668308799435,95775,2735.14
48311,TX,0,670,4,8.506617793153081e-4,0.5699433921412564,670.5699433921412,0.0016998775377797136,8.499387688898553e-4,0.4999999999999991,0.02678621884916539,221,2.96
48313,TX,3.1387755102040815,13556,4,8.506617793153081e-4,14.6703465906024,13567.531571080399,0.0016998775377797136,0.0010812833943849214,0.6360948776329113,0.02678621884916539,6236,106.25
48315,TX,0,9668,4,8.506617793153081e-4,8.224198082420399,9676.22419808242,0.0016998775377797136,8.499387688898553e-4,0.4999999999999991,0.02678621884916539,3946,52.85
48317,TX,0,5228,3,0.0012836746938390434,6.711051299390519,5234.71105129939,0.0025640579713467324,0.0012820289856733664,0.5000000000000001,0.03430668308799435,1905,32.68
48319,TX,0,3959,4,8.506617793153081e-4,3.3677699843093047,3962.3677699843092,0.0016998775377797136,8.499387688898552e-4,0.49999999999999906,0.02678621884916539,1496,20.04
48321,TX,57.195464852607714,36251,4,8.506617793153081e-4,88.03280501456695,36281.83734016196,0.0016998775377797136,0.0024263601699443032,1.4273735113374586,0.02678621884916539,13513,516.66
48323,TX,58.93079698261725,57806,3,0.0012836746938390434,133.134896334677,57880.20409935206,0.0025640579713467324,0.002300180146326875,0.897085858444433,0.03430668308799435,19707,606.5
48325,TX,13.429742033383913,51432,2,0.001316614162945478,81.14584166199575,51499.71609962861,0.002629765938810684,0.0015756560969193562,0.5991621055187707,0.03776920561073565,20799,470.68
48327,TX,0,1964,4,8.506617793153081e-4,1.670699734575265,1965.6706997345752,0.0016998775377797136,8.499387688898552e-4,0.49999999999999906,0.02678621884916539,763,10.22
48329,TX,132.96261069203018,169393,3,0.0012836746938390434,350.40811810550724,169610.44550741347,0.0025640579713467324,0.0020659583615691363,0.8057377737384085,0.03430668308799435,61343,1695.65
48331,TX,24.412698412698415,25080,4,8.506617793153081e-4,45.747295837926345,25101.33459742523,0.0016998775377797136,0.0018225045230311728,1.072138717364092,0.02678621884916539,9500,272.83
48333,TX,3.1387755102040815,4501,4,8.506617793153081e-4,6.967604178902283,4504.828828668698,0.0016998775377797136,0.0015466967656041668,0.9098871720043886,0.02678621884916539,1852,45.14
48335,TX,0,8947,4,8.506617793153081e-4,7.6108709395340615,8954.610870939534,0.0016998775377797136,8.499387688898552e-4,0.49999999999999906,0.02678621884916539,4062,54.4
48337,TX,14.647619047619047,20197,4,8.506617793153081e-4,31.828435004450327,20214.18081595683,0.0016998775377797136,0.0015745597258794352,0.9262783294001511,0.02678621884916539,7605,188.69
48339,TX,666.8927162367222,629989,2,0.001316614162945478,1496.345156136581,630818.4524398999,0.002629765938810684,0.0023720694129174074,0.9020078091018927,0.03776920561073565,231026,7870.62
48341,TX,1.743764172335601,21284,4,8.506617793153081e-4,19.84924948328262,21302.105485310945,0.0016998775377797136,9.31797539776988e-4,0.5481556871408811,0.02678621884916539,7618,111.86
48343,TX,10.113832199546485,11993,4,8.506617793153081e-4,20.315818918874974,12003.201986719328,0.0016998775377797136,0.0016925332874805367,0.995679541534051,0.02678621884916539,4385,116.95
48345,TX,0,1223,4,8.506617793153081e-4,1.0403593561026219,1224.0403593561027,0.0016998775377797136,8.499387688898552e-4,0.49999999999999906,0.02678621884916539,512,6.86
48347,TX,28.248979591836736,64768,4,8.506617793153081e-4,83.34464171453061,64823.095662122694,0.0016998775377797136,0.001285724491606321,0.7563630102940613,0.02678621884916539,23531,476.74
48349,TX,47.43038548752835,52834,4,8.506617793153081e-4,92.37424993587334,52878.943864448345,0.0016998775377797136,0.0017469004330470097,1.0276625193416666,0.02678621884916539,19709,542.53
48351,TX,11.160090702947846,12333,4,8.506617793153081e-4,21.651302427243543,12343.491211724297,0.0016998775377797136,0.0017540663379480798,1.0318780611920695,0.02678621884916539,4759,131.54
48353,TX,11.857596371882087,14657,4,8.506617793153081e-4,24.325746071306558,14669.468149699425,0.0016998775377797136,0.001658256851786749,0.9755154797519549,0.02678621884916539,5499,143.69
48355,TX,430.9314529353886,353245,3,0.0012836746938390434,884.3831201605615,353698.45166722516,0.0025640579713467324,0.0025003873101277453,0.9751680102671215,0.03430668308799435,132198,4422.65
48357,TX,1.743764172335601,9924,4,8.506617793153081e-4,10.185731670260719,9932.441967497925,0.0016998775377797136,0.0010255012517155033,0.6032794886241962,0.02678621884916539,3537,57.16
48359,TX,0.7366349622827156,2171,3,0.0012836746938390434,3.523492722607279,2173.7868577603244,0.0025640579713467324,0.0016209007382800955,0.6321622819739688,0.03430668308799435,771,16.72
48361,TX,90.60610036077402,84761,3,0.0012836746938390434,199.4116510852652,84869.80555072449,0.0025640579713467324,0.0023496183335318475,0.9163670867775842,0.03430668308799435,31354,985.69
48363,TX,16.391383219954648,28569,4,8.506617793153081e-4,40.693939593213685,28593.30255637326,0.0016998775377797136,0.00142319830012582,0.8372357822815419,0.02678621884916539,10623,238.24
48365,TX,12.903854875283447,22540,4,8.506617793153081e-4,32.07777138105049,22559.173916505766,0.0016998775377797136,0.00142193909669628,0.8364950210198898,0.02678621884916539,8558,191.76
48367,TX,75.98406676783004,151188,2,0.001316614162945478,275.040328835231,151387.0562620674,0.002629765938810684,0.0018168021469359068,0.6908607797078543,0.03776920561073565,56492,1474.06
48369,TX,2.7900226757369615,9809,4,8.506617793153081e-4,11.13416406904082,9817.344141393303,0.0016998775377797136,0.0011341319921846632,0.6671845276960386,0.02678621884916539,3716,66.41
48371,TX,0,15114,4,8.506617793153081e-4,12.856902132571566,15126.856902132571,0.0016998775377797136,8.499387688898552e-4,0.49999999999999906,0.02678621884916539,6699,89.72
48373,TX,36.61904761904762,50536,4,8.506617793153081e-4,79.60809129852603,50578.98904367948,0.0016998775377797136,0.0015739359920732565,0.9259114007289284,0.02678621884916539,22031,546.41
48375,TX,96.13086257789439,117905,3,0.0012836746938390434,247.4825273549868,118056.35166477709,0.0025640579713467324,0.0020963084481698826,0.8175745133675072,0.03430668308799435,44634,1251.91
48377,TX,0,6168,4,8.506617793153081e-4,5.24688185481682,6173.246881854817,0.0016998775377797136,8.499387688898552e-4,0.49999999999999906,0.02678621884916539,1931,25.86
48379,TX,10.113832199546485,12257,4,8.506617793153081e-4,20.54039362861422,12267.426561429067,0.0016998775377797136,0.0016743848863295262,0.9850032423609265,0.02678621884916539,4767,125.77
48381,TX,131.8576582486061,141489,3,0.0012836746938390434,313.4835070051985,141670.62584875658,0.0025640579713467324,0.0022127629148745646,0.8629925452552637,0.03430668308799435,52808,1563.46
48383,TX,1.0462585034013605,3308,4,8.506617793153081e-4,3.8602476693764,3310.813989165975,0.0016998775377797136,0.0011659512379760218,0.6859030795235539,0.02678621884916539,1242,22.82
48385,TX,0,2830,4,8.506617793153081e-4,2.407372835462322,2832.4073728354624,0.0016998775377797136,8.499387688898552e-4,0.49999999999999906,0.02678621884916539,931,12.47
48387,TX,0.6975056689342404,11627,4,8.506617793153081e-4,10.588150177033327,11636.8906445081,0.0016998775377797136,9.098779476827245e-4,0.5352608805403458,0.02678621884916539,4508,64.63
48389,TX,0,14022,4,8.506617793153081e-4,11.92797946955925,14033.92797946956,0.0016998775377797136,8.499387688898552e-4,0.49999999999999906,0.02678621884916539,6777,90.77
48391,TX,4.5337868480725625,6718,4,8.506617793153081e-4,10.248532681512803,6723.71474583344,0.0016998775377797136,0.0015242366859575098,0.8966744086449803,0.02678621884916539,2550,61.25
48393,TX,0,764,4,8.506617793153081e-4,0.6499055993968954,764.6499055993969,0.0016998775377797136,8.499387688898552e-4,0.49999999999999906,0.02678621884916539,327,4.38
48395,TX,27.623811085601837,16912,3,0.0012836746938390434,49.333317507807735,16933.709506422205,0.0025640579713467324,0.0029133201729424846,1.136214627554738,0.03430668308799435,6250,243.62
48397,TX,91.18088012139604,110631,2,0.001316614162945478,236.83922158221725,110776.65834146082,0.002629765938810684,0.002137988499817154,0.8129957378579719,0.03776920561073565,40082,1230.77
48399,TX,5.2312925170068025,9858,4,8.506617793153081e-4,13.617116337497109,9866.38582382049,0.0016998775377797136,0.0013801524266992683,0.8119128560884141,0.02678621884916539,3809,82.84
48401,TX,12.891111839947524,52755,3,0.0012836746938390434,80.61137031342626,52822.72025847348,0.0025640579713467324,0.0015260738167019166,0.5951791393781825,0.03430668308799435,22249,454.29
48403,TX,13.950113378684808,9980,4,8.506617793153081e-4,22.439717936251583,9988.489604557566,0.0016998775377797136,0.0022465576703421452,1.321599715516257,0.02678621884916539,4079,144.4
48405,TX,9.067573696145125,7920,4,8.506617793153081e-4,15.804814988322365,7926.737241292177,0.0016998775377797136,0.0019938613463798814,1.17294411042348,0.02678621884916539,3113,97.81
48407,TX,21.20485584218513,27666,2,0.001316614162945478,57.63030327423472,27702.425447432048,0.002629765938810684,0.0020803342069665933,0.7910720023651335,0.03776920561073565,10847,324.09
48409,TX,34.621843227287634,68942,3,0.0012836746938390434,123.12094396993896,69030.49910074266,0.0025640579713467324,0.0017835731390302867,0.6956056216207515,0.03430668308799435,25634,611.73
48411,TX,0,5779,4,8.506617793153081e-4,4.915974422663165,5783.915974422664,0.0016998775377797136,8.499387688898551e-4,0.499999999999999,0.02678621884916539,2499,33.47
48413,TX,1.0462585034013605,2474,4,8.506617793153081e-4,3.1507957454274327,2476.1045372420263,0.0016998775377797136,0.0012724809062128297,0.7485721047145986,0.02678621884916539,929,18.63
48415,TX,23.715192743764174,16883,4,8.506617793153081e-4,38.076915563944524,16897.36172282018,0.0016998775377797136,0.002253423711260261,1.3256388540809585,0.02678621884916539,6973,247.6
48417,TX,3.836281179138322,3134,4,8.506617793153081e-4,6.502255195512498,3136.665974016374,0.0016998775377797136,0.002072982985557312,1.2194896040952035,0.02678621884916539,1132,36.98
48419,TX,11.857596371882087,24157,4,8.506617793153081e-4,32.407032974801986,24177.54943660292,0.0016998775377797136,0.0013403770741852055,0.7885139043227386,0.02678621884916539,8864,187.22
48421,TX,0,2414,4,8.506617793153081e-4,2.053497535267154,2416.053497535267,0.0016998775377797136,8.499387688898553e-4,0.4999999999999991,0.02678621884916539,920,12.32
48423,TX,209.5726467694326,234667,3,0.0012836746938390434,510.8087361485594,234968.23608937912,0.0025640579713467324,0.0021739480393181904,0.8478544805195481,0.03430668308799435,84835,2467.6
48425,TX,7.672562358276644,9337,4,8.506617793153081e-4,15.615191391743675,9344.942629033467,0.0016998775377797136,0.001670977769647231,0.9829989116920564,0.02678621884916539,3590,94.53
48427,TX,14.298866213151928,65716,4,8.506617793153081e-4,70.20095570263672,65771.90208948948,0.0016998775377797136,0.0010673396005352112,0.6278920550531607,0.02678621884916539,21306,358.34
48429,TX,5.580045351473923,9260,4,8.506617793153081e-4,13.457173427933675,9267.87712807646,0.0016998775377797136,0.0014520232888247948,0.854192879518455,0.02678621884916539,3893,89.07
48431,TX,1.3950113378684807,1392,4,8.506617793153081e-4,2.5791325346753897,1393.184121196807,0.0016998775377797136,0.001851250308867862,1.0890492213255922,0.02678621884916539,451,13.16
48433,TX,0,1331,4,8.506617793153081e-4,1.132230828268675,1332.1322308282686,0.0016998775377797136,8.499387688898553e-4,0.4999999999999991,0.02678621884916539,484,6.48
48435,TX,0,3345,4,8.506617793153081e-4,2.8454636518097054,3347.8454636518095,0.0016998775377797136,8.499387688898552e-4,0.49999999999999906,0.02678621884916539,1030,13.79
48437,TX,2.092517006802721,6989,4,8.506617793153081e-4,8.03779218243741,6994.945275175634,0.0016998775377797136,0.00114908578498287,0.6759815101055706,0.02678621884916539,2896,52.44
48439,TX,3513.1649878147846,2113854,1,0.00247692321944086,8749.019042922724,2119089.854055108,0.004941606459101834,0.004128668270569334,0.8354911109857468,0.065875644401241,763846,42040.95
48441,TX,159.11315185306657,143029,3,0.0012836746938390434,342.7158596381711,143212.60270778512,0.0025640579713467324,0.002393056568753644,0.9333082931415656,0.03430668308799435,52322,1675.28
48443,TX,0,862,4,8.506617793153081e-4,0.7332704537697956,862.7332704537698,0.0016998775377797136,8.499387688898552e-4,0.49999999999999906,0.02678621884916539,439,5.88
48445,TX,0,11816,4,8.506617793153081e-4,10.05141958438968,11826.05141958439,0.0016998775377797136,8.499387688898552e-4,0.49999999999999906,0.02678621884916539,4567,61.17
48447,TX,0,1439,4,8.506617793153081e-4,1.2241023004347285,1440.2241023004347,0.0016998775377797136,8.499387688898553e-4,0.4999999999999991,0.02678621884916539,662,8.87
48449,TX,23.017687074829933,31301,4,8.506617793153081e-4,49.6442514291784,31327.62656435435,0.0016998775377797136,0.0015846796222240894,0.9322316384590331,0.02678621884916539,10921,272.71
48451,TX,116.75664152181042,119276,3,0.0012836746938390434,269.8682243041561,119429.11158278235,0.0025640579713467324,0.0022596519452218883,0.8812795851238264,0.03430668308799435,45125,1364.3
48453,TX,5140.91600324939,1289054,1,0.00247692321944086,8333.803786962508,1292246.8877837132,0.004941606459101834,0.006449080176355092,1.305057420037299,0.065875644401241,521187,44807.23
48455,TX,5.580045351473923,13735,4,8.506617793153081e-4,17.26388489036968,13746.683839538895,0.0016998775377797136,0.0012558581467273175,0.738793306468212,0.02678621884916539,5361,106.09
48457,TX,17.78639455782313,19962,4,8.506617793153081e-4,34.76730499651531,19978.98091043869,0.0016998775377797136,0.0017401941146232317,1.023717341954043,0.02678621884916539,8836,242.3
48459,TX,23.5723187930469,41261,3,0.0012836746938390434,76.53802033553967,41313.9657015425,0.0025640579713467324,0.0018525943718029965,0.7225243705507757,0.03430668308799435,15446,382.87
48461,TX,0,3284,4,8.506617793153081e-4,2.793573283271472,3286.7935732832716,0.0016998775377797136,8.499387688898552e-4,0.49999999999999906,0.02678621884916539,1229,16.46
48463,TX,0,24833,4,8.506617793153081e-4,21.124483965737046,24854.124483965737,0.0016998775377797136,8.499387688898552e-4,0.49999999999999906,0.02678621884916539,8904,119.25
48465,TX,60.68299319727891,47693,4,8.506617793153081e-4,101.2536054381639,47733.57061224089,0.0016998775377797136,0.0021212242063491944,1.2478688371397746,0.02678621884916539,17924,599.12
48467,TX,28.248979591836736,60053,4,8.506617793153081e-4,79.33377142505893,60104.08479183322,0.0016998775377797136,0.0013199397628268783,0.7764910903822583,0.02678621884916539,22606,470.19
48469,TX,79.92489340767465,91209,3,0.0012836746938390434,197.00757855803994,91326.08268515037,0.0025640579713467324,0.0021571885354727187,0.8413181603455276,0.03430668308799435,33233,959.2
48471,TX,52.31292517006803,77182,4,8.506617793153081e-4,117.96870262118213,77247.65577745112,0.0016998775377797136,0.0015271492893072056,0.8983878281619533,0.02678621884916539,39604,953.05
48473,TX,117.68694992412746,57463,2,0.001316614162945478,193.34354956946345,57538.656599645336,0.002629765938810684,0.0033602374646101003,1.2777705479483747,0.03776920561073565,21753,1049.81
48475,TX,0,11347,4,8.506617793153081e-4,9.6524592098908,11356.65245920989,0.0016998775377797136,8.499387688898552e-4,0.49999999999999906,0.02678621884916539,4149,55.57
48477,TX,25.458956916099773,35807,4,8.506617793153081e-4,55.91860324804301,35837.45964633195,0.0016998775377797136,0.0015603394827614803,0.9179128778885506,0.02678621884916539,13615,334.76
48479,TX,116.75664152181042,267282,3,0.0012836746938390434,459.8597810404976,267625.1031395187,0.0025640579713467324,0.001718298379508752,0.6701480226698002,0.03430668308799435,89344,2054.07
48481,TX,26.853968253968254,41614,4,8.506617793153081e-4,62.253407538395486,41649.399439284425,0.0016998775377797136,0.0014947012052153868,0.8792993448032046,0.02678621884916539,15145,356.71
48483,TX,0,4980,4,8.506617793153081e-4,4.236295660990234,4984.23629566099,0.0016998775377797136,8.499387688898552e-4,0.49999999999999906,0.02678621884916539,1864,24.96
48485,TX,261.8737290915054,129584,3,0.0012836746938390434,428.21743061794405,129750.34370152644,0.0025640579713467324,0.00330031827586524,1.287146512577404,0.03430668308799435,52010,2296.64
48487,TX,2.7900226757369615,12795,4,8.506617793153081e-4,13.674240142076329,12805.884217466339,0.0016998775377797136,0.0010678091344466173,0.6281682713693192,0.02678621884916539,4754,79.99
48489,TX,8.021315192743764,20308,4,8.506617793153081e-4,25.29655460707904,20325.275239414335,0.0016998775377797136,0.0012445860786192214,0.7321622004870016,0.02678621884916539,8625,169.15
48491,TX,867.6320182094081,617396,2,0.001316614162945478,1680.5043359552947,618208.8723177459,0.002629765938810684,0.0027183439306764784,1.0336828424760318,0.03776920561073565,228698,8928.69
48493,TX,38.16874051593323,50381,2,0.001316614162945478,104.50107865928936,50447.33233814336,0.002629765938810684,0.0020714886955533985,0.7877083906905542,0.03776920561073565,19373,576.37
48495,TX,12.555102040816326,7582,4,8.506617793153081e-4,19.00481965158499,7588.449717610769,0.0016998775377797136,0.0025044403480041348,1.4733063366878163,0.02678621884916539,2786,109.95
48497,TX,69.97602427921092,70062,2,0.001316614162945478,162.220645763497,70154.2446214843,0.002629765938810684,0.002312342562289067,0.879295958687041,0.03776920561073565,26570,882.4
48499,TX,41.85034013605442,45341,4,8.506617793153081e-4,80.4201958719898,45379.569855735936,0.0016998775377797136,0.0017721674341041548,1.0425265318929164,0.02678621884916539,18402,513.88
48501,TX,0,7630,4,8.506617793153081e-4,6.4905493761758,7636.490549376176,0.0016998775377797136,8.499387688898551e-4,0.499999999999999,0.02678621884916539,2583,34.59
48503,TX,2.7900226757369615,17903,4,8.506617793153081e-4,18.01942051081892,17918.229397835083,0.0016998775377797136,0.001005647383496277,0.5915999012551211,0.02678621884916539,6749,106.95
48505,TX,5.9287981859410435,13896,4,8.506617793153081e-4,17.749594271306563,13907.820796085365,0.0016998775377797136,0.0012762311602621844,0.7507782954348154,0.02678621884916539,4576,92.03
48507,TX,0,9700,4,8.506617793153081e-4,8.251419259358489,9708.251419259359,0.0016998775377797136,8.499387688898552e-4,0.49999999999999906,0.02678621884916539,3491,46.76
49001,UT,8.491620111731844,7102,4,8.506617793153081e-4,14.533020068429163,7108.041399956697,0.0016998775377797136,0.0020445885512875178,1.2027857924154035,0.02678621884916539,2644,85.18
49003,UT,30.994413407821227,58291,4,8.506617793153081e-4,80.58033918588984,58340.58592577807,0.0016998775377797136,0.0013812055176889307,0.8125323660038389,0.02678621884916539,20424,444.52
49005,UT,80.82885906040268,134428,3,0.0012836746938390434,253.39068080379758,134600.5618217434,0.0025640579713467324,0.0018825380620578122,0.7342026128485066,0.03430668308799435,47214,1189.23
49007,UT,3.82122905027933,20338,4,8.506617793153081e-4,21.121988317994067,20355.300759267713,0.0016998775377797136,0.0010376652532818648,0.6104352991434936,0.02678621884916539,7457,121.93
49009,UT,0,638,4,8.506617793153081e-4,0.5427222152031665,638.5427222152032,0.0016998775377797136,8.499387688898552e-4,0.49999999999999906,0.02678621884916539,284,3.8
49011,UT,241.86241610738256,363032,3,0.0012836746938390434,707.8774075611582,363498.0149914538,0.0025640579713467324,0.0019474037776459415,0.7595006818910172,0.03430668308799435,125810,3278.1
49013,UT,12.312849162011172,19779,4,8.506617793153081e-4,29.138088495088653,19795.825239333077,0.0016998775377797136,0.0014719309825585386,0.8659041312358853,0.02678621884916539,6739,156.31
49015,UT,17.83240223463687,9898,4,8.506617793153081e-4,26.25225252629979,9906.419850291662,0.0016998775377797136,0.0026500242189439285,1.5589500773127718,0.02678621884916539,3524,147.16
49017,UT,2.547486033519553,5121,4,8.506617793153081e-4,6.903725005393246,5125.356238971874,0.0016998775377797136,0.0013469746654679571,0.7923951199609951,0.02678621884916539,2048,43.47
49019,UT,28.446927374301676,9680,4,8.506617793153081e-4,36.68133339807386,9688.234406023772,0.0016998775377797136,0.003786173193256639,2.2273211505588395,0.02678621884916539,3989,237.99
49021,UT,7.217877094972067,58068,4,8.506617793153081e-4,56.61410529625338,58117.39622820128,0.0016998775377797136,9.74133546416203e-4,0.5730610145531793,0.02678621884916539,20862,320.23
49023,UT,3.74496644295302,11943,3,0.0012836746938390434,19.075893311472715,11958.330926868519,0.0025640579713467324,0.0015951969742376117,0.6221376396570936,0.03430668308799435,4083,87.15
49025,UT,1.6983240223463687,7814,4,8.506617793153081e-4,8.345395165916187,7820.6470711435695,0.0016998775377797136,0.0010670977848762438,0.627749800300337,0.02678621884916539,2957,49.72
49027,UT,7.64245810055866,13027,4,8.506617793153081e-4,18.72402909969918,13038.08157099914,0.0016998775377797136,0.0014361030798693117,0.8448273760620841,0.02678621884916539,4530,102.51
49029,UT,1.2483221476510067,12367,3,0.0012836746938390434,17.123527086358457,12382.875204938708,0.0025640579713467324,0.0013828393489364263,0.539316725436637,0.03430668308799435,4115,76.14
49031,UT,0,1764,4,8.506617793153081e-4,1.5005673787122036,1765.5005673787123,0.0016998775377797136,8.499387688898552e-4,0.49999999999999906,0.02678621884916539,770,10.31
49033,UT,2.122905027932961,2543,4,8.506617793153081e-4,4.28613793273179,2545.163232904799,0.0016998775377797136,0.001684032629938636,0.9906787945078835,0.02678621884916539,851,22.58
49035,UT,2636.568853974122,1180643,1,0.00247692321944086,5560.930914544437,1183567.3620605704,0.004941606459101834,0.004698449021830876,0.9507938482589823,0.065875644401241,440098,27565.17
49037,UT,10.189944134078212,14524,4,8.506617793153081e-4,22.544955816853747,14536.355011682776,0.0016998775377797136,0.0015509359670106096,0.9123809995373883,0.02678621884916539,5242,128.11
49039,UT,19.53072625698324,28816,4,8.506617793153081e-4,44.04339608973316,28840.51266983275,0.0016998775377797136,0.0015271363790908842,0.8983802333699554,0.02678621884916539,11605,279.27
49041,UT,14.011173184357542,21667,4,8.506617793153081e-4,32.442461956782324,21685.431288772426,0.0016998775377797136,0.0014960487308167728,0.8800920640264647,0.02678621884916539,7868,185.48
49043,UT,44.58100558659218,42524,4,8.506617793153081e-4,80.75454709019634,42560.1735415036,0.0016998775377797136,0.0018974205312261368,1.1162101322336684,0.02678621884916539,16891,505.02
49045,UT,38.400000000000006,74032,2,0.001316614162945478,135.87157971117963,74129.47157971119,0.002629765938810684,0.0018328955652284309,0.6969804947954269,0.03776920561073565,25655,675.35
49047,UT,51.798882681564244,35951,4,8.506617793153081e-4,82.38102430972889,35981.58214162816,0.0016998775377797136,0.002289533127961592,1.3468812176623348,0.02678621884916539,12327,444.73
49049,UT,511.5,666021,3,0.0012836746938390434,1366.4543032653735,666875.9543032653,0.0025640579713467324,0.0020490381973556227,0.7991387949311445,0.03430668308799435,227890,6247.79
49051,UT,25.47486033519553,35009,4,8.506617793153081e-4,55.255678567245155,35038.78081823205,0.0016998775377797136,0.0015769863356231123,0.9277058497301429,0.02678621884916539,12441,309.16
49053,UT,103.29865771812081,183297,3,0.0012836746938390434,338.59237807473596,183532.29372035663,0.0025640579713467324,0.0018448653978609365,0.7195100182902452,0.03430668308799435,67791,1673.35
49055,UT,0,2532,4,8.506617793153081e-4,2.1538756252263602,2534.153875625226,0.0016998775377797136,8.499387688898553e-4,0.4999999999999991,0.02678621884916539,1010,13.53
49057,UT,242.1744966442953,262960,3,0.0012836746938390434,579.7295941362102,263297.5550974919,0.0025640579713467324,0.0022018039397348455,0.8587184706195943,0.03430668308799435,96578,2845.17
50001,VT,54.40837696335078,37434,4,8.506617793153081e-4,86.25205001024003,37465.84367304689,0.0016998775377797136,0.002302151548032273,1.3543043524413039,0.02678621884916539,15554,564.25
50003,VT,45.340314136125656,37326,4,8.506617793153081e-4,77.09211571084884,37357.75180157473,0.0016998775377797136,0.002063617642740461,1.2139801820287859,0.02678621884916539,14433,469.33
50005,VT,49.496509598603836,30418,4,8.506617793153081e-4,75.37193960181688,30443.875430003212,0.0016998775377797136,0.0024757669165712034,1.4564383972064916,0.02678621884916539,12298,479.78
50007,VT,504.5206349206349,168309,3,0.0012836746938390434,720.5746389659905,168525.05400404535,0.0025640579713467324,0.004275771595057275,1.6675799232462327,0.03430668308799435,67780,3877.64
50009,VT,10.201570680628272,5976,4,8.506617793153081e-4,15.285125473816553,5981.083554793188,0.0016998775377797136,0.0025555779874646936,1.503389468162894,0.02678621884916539,2488,100.19
50011,VT,67.21269841269842,50101,3,0.0012836746938390434,131.52608424872832,50165.31338583603,0.0025640579713467324,0.0026218531365910726,1.0225405064511799,0.03430668308799435,19582,686.94
50013,VT,29.77777777777778,7335,3,0.0012836746938390434,39.19353165708716,7344.41575387931,0.0025640579713467324,0.005336507759161809,2.0812742218768516,0.03430668308799435,3105,221.7
50015,VT,40.80628272251309,25977,4,8.506617793153081e-4,62.90392376378685,25999.097641041273,0.0016998775377797136,0.002419465653472869,1.4233176212405523,0.02678621884916539,10328,393.76
50017,VT,53.274869109947645,29439,4,8.506617793153081e-4,78.317501231211,29464.04263212126,0.0016998775377797136,0.0026580704558793445,1.5636834988426105,0.02678621884916539,12065,505.34
50019,VT,25.69284467713787,27459,4,8.506617793153081e-4,49.051166475356915,27482.35832179822,0.0016998775377797136,0.0017848237731639986,1.0499719735665412,0.02678621884916539,11147,313.51
50021,VT,62.34293193717277,60585,4,8.506617793153081e-4,113.8802758369907,60636.53734389982,0.0016998775377797136,0.0018780801283410904,1.1048326050558532,0.02678621884916539,24858,735.65
50023,VT,145.84467713787086,59768,4,8.506617793153081e-4,196.68703036398819,59818.842353226115,0.0016998775377797136,0.003288044746880338,1.934283307946407,0.02678621884916539,24108,1249.09
50025,VT,70.65532286212914,45857,4,8.506617793153081e-4,109.66412007619122,45896.00879721406,0.0016998775377797136,0.0023894042848198157,1.4056331892829903,0.02678621884916539,18610,700.7
50027,VT,122.04101221640488,57832,4,8.506617793153081e-4,171.23648423776777,57881.19547202136,0.0016998775377797136,0.002958413053519949,1.7403683428772552,0.02678621884916539,23240,1083.4
51001,VA,12.931899641577061,33367,4,8.506617793153081e-4,41.315931231990945,33395.384031590416,0.0016998775377797136,0.0012371749099488742,0.7278023754374706,0.02678621884916539,12861,250.73
51003,VA,152.4508506616257,112513,3,0.0012836746938390434,296.88094148953803,112657.43009082791,0.0025640579713467324,0.002635253984137428,1.0277669278878672,0.03430668308799435,42849,1510.82
51005,VA,8.89068100358423,15159,4,8.506617793153081e-4,21.785862916224985,15171.895181912641,0.0016998775377797136,0.0014359355014657144,0.8447287934289985,0.02678621884916539,5883,133.12
51007,VA,0,13309,2,0.001316614162945478,17.522817894641367,13326.522817894642,0.002629765938810684,0.0013148829694053432,0.5000000000000004,0.03776920561073565,5197,98.14
51009,VA,24.141776937618147,31426,3,0.0012836746938390434,64.48253786620393,31466.340760928586,0.0025640579713467324,0.002049254419384894,0.7992231229891242,0.03430668308799435,11841,324.66
51011,VA,9.388468809073723,16253,3,0.0012836746938390434,30.252033608039696,16273.863564798967,0.0025640579713467324,0.001858933712181051,0.7249967562959094,0.03430668308799435,6180,153.71
51013,VA,717.1673515128876,235845,2,0.001316614162945478,1027.6842187727639,236155.51686725987,0.002629765938810684,0.004351726491108877,1.654796127246576,0.03776920561073565,97182,6073.91
51015,VA,143.95652173913044,77433,3,0.0012836746938390434,243.3553043071691,77532.39878256804,0.0025640579713467324,0.003138756289349889,1.2241362420137891,0.03430668308799435,32094,1347.82
51017,VA,7.678315412186381,4177,4,8.506617793153081e-4,11.231529664386422,4180.5532142522,0.0016998775377797136,0.002686613251589831,1.5804745882453022,0.02678621884916539,1714,72.56
51019,VA,62.14272211720227,79761,3,0.0012836746938390434,164.52989937249822,79863.3871772553,0.0025640579713467324,0.002060141764427386,0.8034692614010315,0.03430668308799435,31628,871.81
51021,VA,2.828853046594982,6241,4,8.506617793153081e-4,8.13783321130182,6246.308980164707,0.0016998775377797136,0.001302822712924335,0.7664215121202261,0.02678621884916539,2997,61.53
51023,VA,6.258979206049149,33734,3,0.0012836746938390434,49.56246132801544,33777.30348212197,0.0025640579713467324,0.0014673303141042153,0.5722687749269266,0.03430668308799435,13593,266.87
51025,VA,3.6370967741935485,15965,4,8.506617793153081e-4,17.217912080962442,15978.580815306768,0.0016998775377797136,0.0010775620363273094,0.6339056857794366,0.02678621884916539,7365,125.06
51027,VA,1.6164874551971327,20246,4,8.506617793153081e-4,18.838985839214857,20263.222498384017,0.0016998775377797136,9.297132201315589e-4,0.5469295284329123,0.02678621884916539,8750,128.19
51029,VA,25.863799283154123,16869,4,8.506617793153081e-4,40.213612838424055,16883.34981355527,0.0016998775377797136,0.002381850360414699,1.4011893842221956,0.02678621884916539,7892,296.21
51031,VA,50.071833648393195,55518,3,0.0012836746938390434,121.3388853009492,55589.267051652554,0.0025640579713467324,0.0021827754121709012,0.8512972158053165,0.03430668308799435,21650,632.29
51033,VA,31.92562724014337,31181,4,8.506617793153081e-4,58.45011218097399,31207.52448494083,0.0016998775377797136,0.0018729493333948693,1.1018142729512224,0.02678621884916539,11917,351.71
51035,VA,6.061827956989248,29126,4,8.506617793153081e-4,30.838202941326912,29150.776374984336,0.0016998775377797136,0.0010578861620917457,0.6223308082966367,0.02678621884916539,11684,194.77
51036,VA,1.0461959905366705,6760,2,0.001316614162945478,9.946507732048103,6768.900311741511,0.002629765938810684,0.0014694421950334578,0.5587729969983622,0.03776920561073565,2816,59.43
51037,VA,6.465949820788531,11563,4,8.506617793153081e-4,16.30215197501144,11572.836202154223,0.0016998775377797136,0.0014086565894691294,0.828681218594746,0.02678621884916539,4391,97.47
51041,VA,623.0097123645872,366019,2,0.001316614162945478,1104.9155116717282,366500.90579930716,0.002629765938810684,0.0030147688428272825,1.146401966172973,0.03776920561073565,133081,5762.23
51043,VA,55.97148549371187,14882,2,0.001316614162945478,75.56533746666648,14901.593851972955,0.002629765938810684,0.0050709567189459875,1.9282920369861265,0.03776920561073565,5959,433.99
51045,VA,0,4898,3,0.0012836746938390434,6.287438650423634,4904.287438650424,0.0025640579713467324,0.0012820289856733662,0.5,0.03430668308799435,1801,30.89
51047,VA,82.12638525712863,52822,2,0.001316614162945478,151.67257857223467,52891.54619331511,0.002629765938810684,0.0028676147605494725,1.0904448636392163,0.03776920561073565,19997,823.58
51049,VA,16.56899641577061,9697,4,8.506617793153081e-4,24.817863689791153,9705.24886727402,0.0016998775377797136,0.0025571589177354,1.5043194941415723,0.02678621884916539,3778,152.23
51051,VA,17.78136200716846,14089,4,8.506617793153081e-4,29.766335815941837,14100.984973808774,0.0016998775377797136,0.002110940184053096,1.241818976448321,0.02678621884916539,5746,191.13
51053,VA,14.646743867513386,28057,2,0.001316614162945478,51.586987437274665,28093.940243569763,0.002629765938810684,0.001836231834695458,0.6982491512251835,0.03776920561073565,11026,290.78
51057,VA,13.336021505376344,10602,4,8.506617793153081e-4,22.35473768967724,10611.0187161843,0.0016998775377797136,0.002106747550598606,1.2393525438016693,0.02678621884916539,4003,132.89
51059,VA,1676.5290748350144,1145354,2,0.001316614162945478,3184.5183728212696,1146861.9892979863,0.002629765938810684,0.0027767232697027194,1.0558822854624457,0.03776920561073565,436714,17416.08
51061,VA,65.91034740381023,73290,2,0.001316614162945478,162.40499940608433,73386.49465200228,0.002629765938810684,0.0022130093578689993,0.8415233178013691,0.03776920561073565,27909,887.05
51063,VA,17.882797731569,15532,3,0.0012836746938390434,37.82083307627702,15551.938035344709,0.0025640579713467324,0.0024319048205003165,0.9484593748178772,0.03430668308799435,6202,201.8
51065,VA,16.094517958412098,27442,3,0.0012836746938390434,51.32111890674312,27477.226600948332,0.0025640579713467324,0.001867769249498123,0.7284426757781555,0.03430668308799435,10044,251
51067,VA,48.73062381852552,54838,3,0.0012836746938390434,119.12477667927098,54908.39415286075,0.0025640579713467324,0.002169518495617205,0.8461269284320035,0.03430668308799435,21866,634.72
51069,VA,76.44896030245746,92007,3,0.0012836746938390434,194.55601785850632,92125.10705755604,0.0025640579713467324,0.0021118674818684942,0.8236426420418521,0.03430668308799435,35165,993.64
51071,VA,10.7296786389414,16711,3,0.0012836746938390434,32.181166447685655,16732.451487808743,0.0025640579713467324,0.001923278634402905,0.7500917123931999,0.03430668308799435,6565,168.94
51073,VA,19.87772382019674,38875,2,0.001316614162945478,71.0610994047022,38926.18337558451,0.002629765938810684,0.0018255347234805849,0.6941814465458419,0.03776920561073565,15245,399.7
51075,VA,49.694309550491845,24906,2,0.001316614162945478,82.48590189281192,24938.79159234232,0.002629765938810684,0.0033075340313658166,1.257729436126796,0.03776920561073565,10086,479.12
51077,VA,6.465949820788531,15356,4,8.506617793153081e-4,19.5287121039544,15369.062762283165,0.0016998775377797136,0.0012706508136513912,0.7474955021236679,0.02678621884916539,6781,135.77
51079,VA,4.0236294896030245,20631,3,0.0012836746938390434,30.507122098196326,20657.483492608593,0.0025640579713467324,0.0014768072843486483,0.5759648576014752,0.03430668308799435,7675,151.65
51081,VA,18.185483870967744,11373,4,8.506617793153081e-4,27.860060287120742,11382.674576416153,0.0016998775377797136,0.0024475847130729896,1.4398594361508477,0.02678621884916539,6167,237.85
51083,VA,2.424731182795699,34013,4,8.506617793153081e-4,31.358290282647275,34041.93355909985,0.0016998775377797136,9.21166543851173e-4,0.5419017096104171,0.02678621884916539,12827,186.19
51085,VA,160.59108454737893,110513,2,0.001316614162945478,306.09406553697255,110658.5029809896,0.002629765938810684,0.002766114282149267,1.0518480908609862,0.03776920561073565,42148,1674.43
51087,VA,659.6265720333707,333120,2,0.001316614162945478,1098.2170819937683,333558.59050996037,0.002629765938810684,0.0032924263180113614,1.2519845471496092,0.03776920561073565,121125,5727.57
51089,VA,50.91935483870968,50760,4,8.506617793153081e-4,94.09894675675471,50803.179591918044,0.0016998775377797136,0.0018522255400668724,1.0896229280646577,0.02678621884916539,19541,570.34
51091,VA,0,2247,4,8.506617793153081e-4,1.9114370181214972,2248.9114370181214,0.0016998775377797136,8.499387688898552e-4,0.49999999999999906,0.02678621884916539,932,12.48
51093,VA,51.786701531565186,38898,2,0.001316614162945478,103.00035924181839,38949.21365771025,0.002629765938810684,0.0026444785290659855,1.005594638685584,0.03776920561073565,15172,576.24
51095,VA,60.15626945585855,78818,2,0.001316614162945478,163.92916455089522,78921.77289509504,0.002629765938810684,0.002077109503974199,0.7898457704238024,0.03776920561073565,30232,901.88
51097,VA,5.7540779479516875,6681,2,0.001316614162945478,14.550377170590426,6689.7962992226385,0.002629765938810684,0.0021750104965499767,0.8270737955993257,0.03776920561073565,2751,85.94
51099,VA,35.966845878136205,26985,4,8.506617793153081e-4,58.92195399295979,27007.955108114824,0.0016998775377797136,0.0021816518043328674,1.283417043784472,0.02678621884916539,10355,355.98
51101,VA,10.98505790063504,17845,2,0.001316614162945478,34.4800376383971,17868.494979737763,0.002629765938810684,0.00192965538941563,0.7337745770212233,0.03776920561073565,6695,185.55
51103,VA,0.8082437275985663,10866,4,8.506617793153081e-4,10.051534621638705,10875.243290894041,0.0016998775377797136,9.242583685511629e-4,0.5437205610460494,0.02678621884916539,4431,64.53
51105,VA,7.678315412186381,22287,4,8.506617793153081e-4,26.63701448778665,22305.9586990756,0.0016998775377797136,0.0011941658660423566,0.702501115228636,0.02678621884916539,9595,180.55
51107,VA,688.3969617731292,420773,2,0.001316614162945478,1242.3926529581868,421326.99569118506,0.002629765938810684,0.0029487610945034444,1.12130172917101,0.03776920561073565,152088,6441.03
51109,VA,19.801971326164875,38106,4,8.506617793153081e-4,52.21728908875401,38138.41531776259,0.0016998775377797136,0.0013691520387957576,0.8054415735053883,0.02678621884916539,15125,326.32
51111,VA,0,11988,4,8.506617793153081e-4,10.197733410431914,11998.197733410432,0.0016998775377797136,8.499387688898552e-4,0.49999999999999906,0.02678621884916539,5075,67.97
51113,VA,2.828853046594982,13828,4,8.506617793153081e-4,14.591804130967063,13839.762951084373,0.0016998775377797136,0.001054339166251671,0.620244189842517,0.02678621884916539,5412,89.91
51115,VA,21.447017806001746,8537,2,0.001316614162945478,32.686952915067295,8548.239935109066,0.002629765938810684,0.0038238225837363845,1.454054342747216,0.03776920561073565,3362,184.64
51117,VA,25.863799283154123,30367,4,8.506617793153081e-4,51.695845535622084,30392.832046252468,0.0016998775377797136,0.0017009222917084604,1.0006146054086411,0.02678621884916539,12057,323.16
51119,VA,19.801971326164875,10738,4,8.506617793153081e-4,28.93637751245265,10747.134406186287,0.0016998775377797136,0.0026924737719662495,1.5839222015269467,0.02678621884916539,4440,188.38
51121,VA,92.09640831758034,99373,3,0.0012836746938390434,219.65901366844759,99500.56260535086,0.0025640579713467324,0.0022076157954973707,0.8609851337869143,0.03430668308799435,43973,1298.85
51125,VA,38.00094517958412,14773,3,0.0012836746938390434,56.96467143166831,14791.963726252085,0.0025640579713467324,0.003851055376141173,1.5019377171563966,0.03430668308799435,5971,307.66
51127,VA,74.2799153281036,23296,2,0.001316614162945478,104.95175886808146,23326.671843539978,0.002629765938810684,0.00449921701527029,1.7108811658367846,0.03776920561073565,9750,630.03
51131,VA,11.315412186379929,12132,4,8.506617793153081e-4,21.635640893033248,12142.320228706652,0.0016998775377797136,0.0017818374483224927,1.0482151853420163,0.02678621884916539,4498,126.29
51133,VA,4.041218637992832,12007,4,8.506617793153081e-4,14.255114622231737,12017.21389598424,0.0016998775377797136,0.0011862245896276616,0.6978294396295411,0.02678621884916539,4939,92.32
51135,VA,4.849462365591398,15638,4,8.506617793153081e-4,18.152111270524188,15651.302648904933,0.0016998775377797136,0.0011597827783231978,0.6822743124413787,0.02678621884916539,6878,125.7
51137,VA,42.028673835125446,36593,4,8.506617793153081e-4,73.15694032561052,36624.12826649049,0.0016998775377797136,0.0019975066653680875,1.1750885701902507,0.02678621884916539,14168,445.95
51139,VA,21.41845878136201,23753,4,8.506617793153081e-4,41.624228025438526,23773.205769244076,0.0016998775377797136,0.001750888308016444,1.0300084971434813,0.02678621884916539,9503,262.19
51141,VA,26.267921146953405,17660,4,8.506617793153081e-4,41.290608169661745,17675.02268702271,0.0016998775377797136,0.0023360993024341623,1.3742750583582901,0.02678621884916539,7289,268.32
51143,VA,36.37096774193549,60541,4,8.506617793153081e-4,87.87088252346356,60592.499914781525,0.0016998775377797136,0.0014501940445937516,0.853116775981354,0.02678621884916539,24559,561.22
51145,VA,38.70925164985681,30503,2,0.001316614162945478,78.86993346218273,30543.160681812325,0.002629765938810684,0.002582245311276765,0.981929712134225,0.03776920561073565,13109,486.17
51147,VA,44.45340501792115,21922,4,8.506617793153081e-4,63.10161254407133,21940.648207526152,0.0016998775377797136,0.002876014051509472,1.6918948498289843,0.02678621884916539,9621,436.02
51149,VA,47.078819574150174,42634,2,0.001316614162945478,103.21134779716769,42690.13252822302,0.002629765938810684,0.00241768628216212,0.9193541700732205,0.03776920561073565,19572,679.6
51153,VA,431.55584609637657,481114,2,0.001316614162945478,1064.9973524877273,481747.44150639133,0.002629765938810684,0.0022106964370325524,0.8406438019470065,0.03776920561073565,176296,5597.48
51155,VA,55.43667296786389,33841,3,0.0012836746938390434,98.87750828207095,33884.440835314206,0.0025640579713467324,0.0029180799754860132,1.1380709828309132,0.03430668308799435,14081,549.77
51157,VA,13.07744988170838,7422,2,0.001316614162945478,22.84936019908972,7431.771910317381,0.002629765938810684,0.0030745507901511894,1.169134767766313,0.03776920561073565,2995,132.25
51159,VA,2.020609318996416,8968,4,8.506617793153081e-4,9.649344155896099,8975.6287348369,0.0016998775377797136,0.0010750605267845273,0.6324341035700208,0.02678621884916539,4230,71.66
51161,VA,98.80245746691871,96653,3,0.0012836746938390434,222.87346765054377,96777.07101018363,0.0025640579713467324,0.002302957356780216,0.898168989358155,0.03430668308799435,36848,1135.4
51163,VA,31.92562724014337,22673,4,8.506617793153081e-4,51.212681762559356,22692.287054522418,0.0016998775377797136,0.0022568320962762112,1.3276439308821981,0.02678621884916539,9166,325.97
51165,VA,76.00189035916824,83905,3,0.0012836746938390434,183.70861554573318,84012.70672518657,0.0025640579713467324,0.00218667654818766,0.8528186853119945,0.03430668308799435,32068,938.23
51167,VA,4.041218637992832,25763,4,8.506617793153081e-4,25.956818058493113,25784.9155994205,0.0016998775377797136,0.0010066667838570112,0.5921995917258039,0.02678621884916539,10483,166.29
51169,VA,15.647448015122873,21536,3,0.0012836746938390434,43.29266622164051,21563.64521820652,0.0025640579713467324,0.002007669194310795,0.7830046031511125,0.03430668308799435,8916,239.5
51171,VA,61.83064516129033,44337,4,8.506617793153081e-4,99.54643647079314,44374.7157913095,0.0016998775377797136,0.0022433143445684594,1.3196917393817398,0.02678621884916539,17077,603.66
51173,VA,36.37096774193549,29799,4,8.506617793153081e-4,61.71983810375235,29824.348870361817,0.0016998775377797136,0.00206944461292454,1.2174080584813978,0.02678621884916539,11879,387.37
51175,VA,3.6370967741935485,18003,4,8.506617793153081e-4,18.95156078720704,18018.314464013012,0.0016998775377797136,0.0010517943187781493,0.618747112896112,0.02678621884916539,7678,127.25
51177,VA,233.82480388494585,141097,2,0.001316614162945478,419.59511243406394,141282.7703085491,0.002629765938810684,0.0029698958444664214,1.1293384710160028,0.03776920561073565,52325,2231.88
51179,VA,220.22425600796913,157606,2,0.001316614162945478,427.73054777315417,157813.5062917652,0.002629765938810684,0.002710354505287824,1.0306447677672737,0.03776920561073565,58754,2287.1
51181,VA,18.30842983439173,6546,2,0.001316614162945478,26.92698614503283,6554.618556310641,0.002629765938810684,0.004108093539494854,1.5621517789346477,0.03776920561073565,2700,159.3
51183,VA,0,10866,2,0.001316614162945478,14.306329494565565,10880.306329494566,0.002629765938810684,0.0013148829694053432,0.5000000000000004,0.03776920561073565,5457,103.05
51185,VA,8.486559139784946,40392,4,8.506617793153081e-4,42.846489729888866,40426.3599305901,0.0016998775377797136,0.0010598651425321004,0.6234949983023117,0.02678621884916539,15962,266.58
51187,VA,58.06387747478521,40800,2,0.001316614162945478,111.78173532296071,40853.717857848176,0.002629765938810684,0.0027361459662474013,1.0404522797511127,0.03776920561073565,15950,626.79
51191,VA,56.33081285444234,53985,3,0.0012836746938390434,125.6299912013431,54054.299178346904,0.0025640579713467324,0.0023241442976966397,0.9064320400197186,0.03430668308799435,22202,690.41
51193,VA,16.973118279569892,18480,4,8.506617793153081e-4,32.69334796131679,18495.72022968175,0.0016998775377797136,0.0017676169165259555,1.0398495640072516,0.02678621884916539,7215,200.96
51195,VA,54.556451612903224,36105,4,8.506617793153081e-4,85.26959515508243,36135.713143542176,0.0016998775377797136,0.002359704229894823,1.388161310124104,0.02678621884916539,15405,572.81
51197,VA,38.3915770609319,28275,4,8.506617793153081e-4,62.44403887107224,28299.05246181014,0.0016998775377797136,0.0022065770207444616,1.2980799920602346,0.02678621884916539,11122,386.72
51199,VA,47.601917569418504,70238,2,0.001316614162945478,140.078263146383,70330.47634557697,0.002629765938810684,0.0019917149779861035,0.7573734789822625,0.03776920561073565,26594,760.73
51510,VA,570.1768148424854,157594,2,0.001316614162945478,777.6673072377151,157801.49049239524,0.002629765938810684,0.004928136640605384,1.873982991366198,0.03776920561073565,61959,4385.39
51520,VA,38.89508506616257,17036,3,0.0012836746938390434,60.76376715040452,17057.86868208424,0.0025640579713467324,0.003562213327050892,1.3892873588891181,0.03430668308799435,6482,308.94
51530,VA,7.678315412186381,6639,4,8.506617793153081e-4,13.32585896506071,6644.647543552875,0.0016998775377797136,0.0020055027565744157,1.179792492107339,0.02678621884916539,2445,77.27
51540,VA,54.09546313799622,46289,3,0.0012836746938390434,113.5154810411117,46348.42001790312,0.0025640579713467324,0.002449176929812576,0.9551956146007818,0.03430668308799435,18804,616.2
51550,VA,257.06802288620474,249377,1,0.00247692321944086,874.7557045807081,249994.68768169452,0.004941606459101834,0.0034990971715946617,0.7080889991046845,0.065875644401241,91946,4288.9
51570,VA,38.18615365458847,18158,2,0.001316614162945478,62.09323362535247,18181.907079970762,0.002629765938810684,0.003415111151555413,1.2986369247370746,0.03776920561073565,6305,309.25
51580,VA,6.465949820788531,5722,4,8.506617793153081e-4,11.333436522030723,5726.867486701242,0.0016998775377797136,0.0019789940221855815,1.1641979955629242,0.02678621884916539,2113,65.89
51590,VA,28.288530465949822,42507,4,8.506617793153081e-4,64.44761071930563,42543.159080253354,0.0016998775377797136,0.0015148760015148792,0.8911677269961028,0.02678621884916539,14799,353.27
51595,VA,0,5680,4,8.506617793153081e-4,4.83175890651095,5684.831758906511,0.0016998775377797136,8.499387688898552e-4,0.49999999999999906,0.02678621884916539,1633,21.87
51600,VA,9.93886191009837,24242,2,0.001316614162945478,41.85622244822265,24273.917360538126,0.002629765938810684,0.0017243291153436944,0.6556968017174658,0.03776920561073565,9139,226.33
51610,VA,10.98505790063504,14576,2,0.001316614162945478,30.176025939728326,14595.190968039093,0.002629765938810684,0.0020675321073775964,0.786203850641035,0.03776920561073565,5281,156.82
51620,VA,0,8194,4,8.506617793153081e-4,6.970322619709634,8200.970322619709,0.0016998775377797136,8.499387688898553e-4,0.4999999999999991,0.02678621884916539,2654,35.55
51630,VA,54.9252895031752,28258,2,0.001316614162945478,92.13017251968853,28295.204883016515,0.002629765938810684,0.003256034826416378,1.238146246539692,0.03776920561073565,10256,479.61
51640,VA,0,6687,4,8.506617793153081e-4,5.688375318281465,6692.688375318281,0.0016998775377797136,8.499387688898552e-4,0.49999999999999906,0.02678621884916539,2134,28.58
51650,VA,274.10334952060765,137217,2,0.001316614162945478,454.76519511749734,137397.6618455969,0.002629765938810684,0.00330984668158726,1.2586088490765621,0.03776920561073565,51098,2429.03
51660,VA,24.141776937618147,51784,3,0.0012836746938390434,90.61558728337917,51850.473810345764,0.0025640579713467324,0.0017476327721676205,0.6815886347724435,0.03430668308799435,20644,482.72
51670,VA,32.95517370190512,23046,2,0.001316614162945478,63.29786370114661,23076.34268999924,0.002629765938810684,0.0027429764131808657,1.0430496390189696,0.03776920561073565,7673,302.28
51678,VA,0,7346,4,8.506617793153081e-4,6.248961430850254,7352.248961430851,0.0016998775377797136,8.499387688898552e-4,0.49999999999999906,0.02678621884916539,4024,53.89
51680,VA,135.9092627599244,79166,3,0.0012836746938390434,237.5326535723861,79267.62339081246,0.0025640579713467324,0.0029965910848781347,1.1686908480092675,0.03430668308799435,29305,1174.95
51683,VA,37.663055659320136,42620,2,0.001316614162945478,93.77715128405642,42676.11409562473,0.002629765938810684,0.002197415422452221,0.8355935370605666,0.03776920561073565,15827,499.5
51685,VA,7.323371933756693,17123,2,0.001316614162945478,29.867756245872116,17145.544384312114,0.002629765938810684,0.0017420127104975805,0.6624212006051795,0.03776920561073565,6659,166.6
51690,VA,27.07616487455197,13539,4,8.506617793153081e-4,38.593274704701926,13550.51710983015,0.0016998775377797136,0.002848103462908042,1.6754756737524032,0.02678621884916539,4607,206.76
51700,VA,318.5666791184162,185118,2,0.001316614162945478,562.2956597345571,185361.72898061614,0.002629765938810684,0.0030335046119113304,1.1535264668015426,0.03776920561073565,68169,2969.97
51710,VA,530.4213672020919,236973,2,0.001316614162945478,842.4233752377706,237285.0020080357,0.002629765938810684,0.0035502596797468127,1.3500287715158494,0.03776920561073565,96225,4906.47
51720,VA,5.253584229390681,3668,4,8.506617793153081e-4,8.373811635919232,3671.1202274065286,0.0016998775377797136,0.0022809962946473508,1.341859189237045,0.02678621884916539,1369,49.21
51730,VA,35.04756568297846,33261,2,0.001316614162945478,78.83946935670801,33304.79190367373,0.002629765938810684,0.002367210988278582,0.9001603349342782,0.03776920561073565,11394,387.38
51735,VA,0,12479,2,0.001316614162945478,16.430028139396622,12495.430028139397,0.002629765938810684,0.0013148829694053432,0.5000000000000004,0.03776920561073565,4833,91.27
51740,VA,231.20931390860417,97384,2,0.001316614162945478,359.4264675528866,97512.21715364428,0.002629765938810684,0.0036859634417558103,1.4016317526048698,0.03776920561073565,35510,1879.85
51750,VA,50.965973534971646,16379,3,0.0012836746938390434,71.99128134536133,16400.02530781039,0.0025640579713467324,0.004389705503141878,1.7120149201760255,0.03430668308799435,6468,379.89
51760,VA,794.481881754609,227171,1,0.00247692321944086,1357.1670064382088,227733.6851246836,0.004941606459101834,0.005959447789619543,1.2059737736992329,0.065875644401241,88326,7017
51770,VA,186.4281663516068,99213,3,0.0012836746938390434,313.7853837514598,99340.35721739985,0.0025640579713467324,0.003158689907514235,1.23191048830116,0.03430668308799435,36110,1526.11
51775,VA,37.55387523629489,25372,3,0.0012836746938390434,70.1232695683791,25404.569394332084,0.0025640579713467324,0.002760262080412354,1.0765209333245178,0.03430668308799435,9740,359.72
51790,VA,63.48393194706994,25581,3,0.0012836746938390434,96.32161429016651,25613.837682343095,0.0025640579713467324,0.0037605303619365807,1.4666323476147536,0.03430668308799435,9283,467.08
51800,VA,91.54214917195867,94856,2,0.001316614162945478,216.43090221231495,94980.88875304036,0.002629765938810684,0.0022786784273524387,0.8664947681172624,0.03776920561073565,34999,1145.41
51810,VA,605.2231404958678,457900,1,0.00247692321944086,1739.4062826778377,459034.18314218195,0.004941606459101834,0.003789273972520411,0.7668101464334603,0.065875644401241,173843,8781.52
51820,VA,35.31852551984877,22341,3,0.0012836746938390434,63.99710185490684,22369.678576335056,0.0025640579713467324,0.002860886071139598,1.115764972208082,0.03430668308799435,8123,310.93
51830,VA,37.663055659320136,15486,2,0.001316614162945478,58.05214258669381,15506.389086927373,0.002629765938810684,0.003743756348512791,1.4236081976960697,0.03776920561073565,6368,342.4
51840,VA,14.753308128544424,28103,3,0.0012836746938390434,50.828418049503064,28139.07510992096,0.0025640579713467324,0.0018063286675539152,0.7044804320883464,0.03430668308799435,10638,257.1
53001,WA,8.67111534795043,20557,4,8.506617793153081e-4,26.15816954533522,20574.487054197383,0.0016998775377797136,0.0012713886609386315,0.7479295612078323,0.02678621884916539,6813,136.49
53003,WA,26.384444444444444,22370,3,0.0012836746938390434,55.10024734562384,22398.71580290118,0.0025640579713467324,0.0024599735016275805,0.9594063508382834,0.03430668308799435,8705,286.52
53005,WA,242.99222222222224,207560,3,0.0012836746938390434,509.4317416754541,207826.43951945324,0.0025640579713467324,0.002451236439662768,0.955998837411345,0.03430668308799435,76562,2511.02
53007,WA,60.85444444444445,79076,3,0.0012836746938390434,162.36230453446063,79177.50786009002,0.0025640579713467324,0.0020506114542195703,0.7997523757789758,0.03430668308799435,30441,835.21
53009,WA,115.97616777883698,77333,4,8.506617793153081e-4,181.76039515862772,77398.78422737979,0.0016998775377797136,0.002348362406115548,1.3814891684390687,0.02678621884916539,31621,1170.13
53011,WA,730.0816023738872,504091,2,0.001316614162945478,1393.7749523872362,504754.69335001335,0.002629765938810684,0.0027612917140737653,1.0500142515810984,0.03776920561073565,191342,7588.28
53013,WA,9.755004766444232,3980,4,8.506617793153081e-4,13.140638648119157,3983.385633881675,0.0016998775377797136,0.003298861786403052,1.9406467307708788,0.02678621884916539,1589,82.6
53015,WA,128.94333333333333,110621,3,0.0012836746938390434,270.94471164050213,110763.00137830716,0.0025640579713467324,0.0024461662131662534,0.9540214146880002,0.03430668308799435,42534,1392.11
53017,WA,26.384444444444444,43189,3,0.0012836746938390434,81.82507079665889,43244.44062635222,0.0025640579713467324,0.00189215236944923,0.7379522579418927,0.03430668308799435,16646,421.42
53019,WA,3.6129647283126785,7260,4,8.506617793153081e-4,9.788769246141815,7266.175804517829,0.0016998775377797136,0.0013471693376941876,0.7925096412849751,0.02678621884916539,3019,64.09
53021,WA,41.70444444444445,96692,3,0.0012836746938390434,165.82551794112925,96816.12107349669,0.0025640579713467324,0.001712788284662272,0.6679990483064843,0.03430668308799435,34788,797.23
53023,WA,0,2310,4,8.506617793153081e-4,1.9650287102183617,2311.9650287102186,0.0016998775377797136,8.499387688898551e-4,0.499999999999999,0.02678621884916539,957,12.82
53025,WA,102.60819828408007,99145,4,8.506617793153081e-4,186.9470603942963,99229.33886211022,0.0016998775377797136,0.001883989781027154,1.108309121778218,0.02678621884916539,36061,1070.56
53027,WA,76.23355576739752,75672,4,8.506617793153081e-4,140.60483393174553,75736.37127816434,0.0016998775377797136,0.0018565034415939004,1.0921395220144876,0.02678621884916539,31330,916.54
53029,WA,179.9256434699714,86510,4,8.506617793153081e-4,253.5163939985387,86583.59075052857,0.0016998775377797136,0.0029279958454135955,1.7224745785146278,0.02678621884916539,35694,1646.87
53031,WA,64.31077216396568,33006,4,8.506617793153081e-4,92.38771485204674,33034.07694268808,0.0016998775377797136,0.002796739712519689,1.64525952626719,0.02678621884916539,14168,624.39
53033,WA,8700.688448393712,2254371,1,0.00247692321944086,14284.592323527822,2259954.903875134,0.004941606459101834,0.006320742196684589,1.279086517511437,0.065875644401241,915838,77169.1
53035,WA,487.68666666666667,275411,3,0.0012836746938390434,841.2247977715715,275764.5381311049,0.0025640579713467324,0.0030505184004900356,1.1897228668694246,0.03430668308799435,113437,4629.98
53037,WA,66.11725452812202,44424,4,8.506617793153081e-4,103.90705341242526,44461.7897988843,0.0016998775377797136,0.0023369966409906564,1.3748029425949782,0.02678621884916539,18484,680.69
53039,WA,10.477597712106768,22798,4,8.506617793153081e-4,29.87098495693716,22817.39338724483,0.0016998775377797136,0.001309132224263415,0.7701332567599731,0.02678621884916539,9373,193.36
53041,WA,81.29170638703528,82663,4,8.506617793153081e-4,151.6099610505766,82733.31825466354,0.0016998775377797136,0.0018325139647354905,1.0780270484243348,0.02678621884916539,32640,942.52
53043,WA,13.006673021925643,11036,4,8.506617793153081e-4,22.394576418449383,11045.387903396524,0.0016998775377797136,0.0020275047480734394,1.1927357724378513,0.02678621884916539,4336,138.53
53045,WA,43.355576739752145,66053,4,8.506617793153081e-4,99.54433924886618,66109.18876250912,0.0016998775377797136,0.0015057564782177198,0.8858029150643734,0.02678621884916539,27761,658.69
53047,WA,16.258341277407055,42336,4,8.506617793153081e-4,52.27195836649994,42372.01361708909,0.0016998775377797136,0.0012336434807860557,0.7257249145120024,0.02678621884916539,16629,323.26
53049,WA,52.02669208770257,23396,4,8.506617793153081e-4,71.92877507656351,23415.90208298886,0.0016998775377797136,0.003071791760216583,1.8070665044664267,0.02678621884916539,9796,474.17
53051,WA,7.5872259294566256,13570,4,8.506617793153081e-4,19.13070627476536,13581.543480345308,0.0016998775377797136,0.0014085811603409132,0.828636845322825,0.02678621884916539,5652,125.45
53053,WA,1346.5949554896142,918993,2,0.001316614162945478,2556.554154937368,920202.9591994478,0.002629765938810684,0.0027782503081293093,1.0564629601164344,0.03776920561073565,353707,14113.53
53055,WA,29.265014299332698,18001,4,8.506617793153081e-4,44.57777698878756,18016.312762689457,0.0016998775377797136,0.0024743007948388345,1.4555759105274313,0.02678621884916539,7710,300.61
53057,WA,206.39444444444445,129480,3,0.0012836746938390434,372.6046438027238,129646.21019935828,0.0025640579713467324,0.0028740110739046355,1.1208838123090894,0.03430668308799435,50467,1940.65
53059,WA,10.816023738872405,12118,2,0.001316614162945478,26.77075416544571,12133.954730426572,0.002629765938810684,0.0022062678459081886,0.8389597771222091,0.03776920561073565,4975,157.64
53061,WA,1143.253709198813,828337,2,0.001316614162945478,2233.8539350905817,829427.6002258918,0.002629765938810684,0.002693247649924115,1.024139681093497,0.03776920561073565,323599,12517.11
53063,WA,777.0644444444445,538711,3,0.0012836746938390434,1468.5941224371693,539402.5296779927,0.0025640579713467324,0.0027226311365537654,1.0618446099811638,0.03430668308799435,209446,7629.78
53065,WA,16.171111111111113,46774,3,0.0012836746938390434,76.21371124073853,46834.04260012963,0.0025640579713467324,0.0016273143852102057,0.6346636477784017,0.03430668308799435,18327,399.04
53067,WA,554.0733333333334,294272,3,0.0012836746938390434,931.8228528387364,294649.7495195054,0.0025640579713467324,0.003162476310800498,1.23338721126475,0.03430668308799435,113003,4781.54
53069,WA,3.6129647283126785,4476,4,8.506617793153081e-4,7.420526852527997,4479.807562124215,0.0016998775377797136,0.0016564387531435311,0.9744459329153088,0.02678621884916539,1836,47.92
53071,WA,115.75111111111111,62150,3,0.0012836746938390434,195.53149333320766,62229.780382222096,0.0025640579713467324,0.0031420887577014076,1.225435927273935,0.03430668308799435,24843,1044.42
53073,WA,377.0422222222222,226523,3,0.0012836746938390434,667.8240648947238,226813.7818426725,0.0025640579713467324,0.002944371631517323,1.1483249070109116,0.03430668308799435,90503,3565.39
53075,WA,48.413727359389895,47141,4,8.506617793153081e-4,88.51477429809283,47181.101046938704,0.0016998775377797136,0.001876064193797275,1.1036466757762367,0.02678621884916539,20370,602.19
53077,WA,211.07555555555555,256143,3,0.0012836746938390434,539.8798426595696,256471.80428710402,0.0025640579713467324,0.002105026102811708,0.8209744578068471,0.03430668308799435,90291,2543.04
54001,WV,5.414634146341463,15527,4,8.506617793153081e-4,18.62285959377025,15540.208225447428,0.0016998775377797136,0.0011983661559486001,0.7049720519948984,0.02678621884916539,6014,113.57
54003,WV,256.9763271162123,123283,3,0.0012836746938390434,415.2315943967711,123441.25526728056,0.0025640579713467324,0.003363799189320401,1.3119044993953928,0.03430668308799435,47225,2125.46
54005,WV,4.469153515064562,21705,3,0.0012836746938390434,32.331312744841,21732.862159229775,0.0025640579713467324,0.0014876693418455307,0.5802011336990774,0.03430668308799435,8579,170.76
54007,WV,1.5470383275261324,12505,4,8.506617793153081e-4,12.184563877864061,12515.637525550337,0.0016998775377797136,9.735472006911036e-4,0.572716080455241,0.02678621884916539,5188,79.59
54009,WV,37.98780487804878,22349,3,0.0012836746938390434,66.67665061065756,22377.68884573261,0.0025640579713467324,0.002979603973864919,1.162065759496041,0.03430668308799435,9124,363.74
54011,WV,133.6276901004304,93965,3,0.0012836746938390434,254.24818270701613,94085.62049260658,0.0025640579713467324,0.002702306488237439,1.0539178592822898,0.03430668308799435,36332,1313.64
54013,WV,0,6279,4,8.506617793153081e-4,5.341305312320819,6284.34130531232,0.0016998775377797136,8.499387688898552e-4,0.49999999999999906,0.02678621884916539,2569,34.41
54015,WV,0,8049,3,0.0012836746938390434,10.33229761071046,8059.33229761071,0.0025640579713467324,0.0012820289856733664,0.5000000000000001,0.03430668308799435,3176,54.48
54017,WV,2.3205574912891986,7847,4,8.506617793153081e-4,8.99570047357642,7853.675142982287,0.0016998775377797136,0.0011454128557398505,0.6738208078423847,0.02678621884916539,3905,70.48
54019,WV,29.49641319942611,40545,3,0.0012836746938390434,81.54300366113013,40597.0465904617,0.0025640579713467324,0.002008594479389757,0.7833654706078167,0.03430668308799435,16120,433.22
54021,WV,1.1602787456445993,7444,4,8.506617793153081e-4,7.492605030867753,7450.332326285223,0.0016998775377797136,0.0010056739354341805,0.5916155211673286,0.02678621884916539,3843,60.9
54023,WV,0,11034,4,8.506617793153081e-4,9.38620207296511,11043.386202072965,0.0016998775377797136,8.499387688898553e-4,0.4999999999999991,0.02678621884916539,4509,60.39
54025,WV,39.062717770034844,32995,4,8.506617793153081e-4,67.13030317854344,33023.067585408506,0.0016998775377797136,0.002032830626801172,1.1958688679752445,0.02678621884916539,12768,408.99
54027,WV,11.172883787661405,23275,3,0.0012836746938390434,41.05041228676514,23304.877528499102,0.0025640579713467324,0.001761451534622542,0.686978045858053,0.03430668308799435,9731,229.34
54029,WV,59.43974175035868,28907,3,0.0012836746938390434,96.5469261251639,28944.107184374807,0.0025640579713467324,0.0033356332434148744,1.3009195894517485,0.03430668308799435,11360,507
54031,WV,29.00696864111498,14249,4,8.506617793153081e-4,41.12804833457881,14261.121079693465,0.0016998775377797136,0.002883928136136604,1.6965505291066039,0.02678621884916539,5839,265.35
54033,WV,51.825783972125436,65862,4,8.506617793153081e-4,107.85207008139025,65918.02628610926,0.0016998775377797136,0.00163615442023812,0.9625131127829213,0.02678621884916539,25384,654.45
54035,WV,10.442508710801393,27868,4,8.506617793153081e-4,34.1487511767604,27891.70624246596,0.0016998775377797136,0.0012243335305449296,0.7202480786610584,0.02678621884916539,10761,207.61
54037,WV,44.28260869565217,58043,2,0.001316614162945478,120.70284455549655,58119.42023585984,0.002629765938810684,0.0020768074434614294,0.7897309082954618,0.03776920561073565,22486,670.7
54039,WV,262.78622668579624,179895,3,0.0012836746938390434,493.71288573397095,180125.9266590482,0.0025640579713467324,0.0027409318296998776,1.068982004435822,0.03430668308799435,69154,2536.1
54041,WV,18.177700348432055,16920,4,8.506617793153081e-4,32.570897654447066,16934.393197306013,0.0016998775377797136,0.001923357824219445,1.131468462564444,0.02678621884916539,6651,201.58
54043,WV,14.310104529616725,20410,4,8.506617793153081e-4,31.672111445442162,20427.362006915824,0.0016998775377797136,0.0015504748696733015,0.9121097462693968,0.02678621884916539,7816,190.96
54045,WV,16.24390243902439,32350,4,8.506617793153081e-4,43.7628109998746,32377.51890856085,0.0016998775377797136,0.0013516418945956788,0.7951407466452666,0.02678621884916539,12560,267.51
54047,WV,3.0940766550522647,18911,4,8.506617793153081e-4,19.18094156368406,18927.086864908633,0.0016998775377797136,0.0010134122435527086,0.5961677950497374,0.02678621884916539,7416,118.43
54049,WV,92.04878048780488,56194,4,8.506617793153081e-4,139.8508685146493,56241.802088026845,0.0016998775377797136,0.0024866000612100187,1.4628112943111646,0.02678621884916539,22265,872.41
54051,WV,29.049497847919653,30509,3,0.0012836746938390434,68.21312908225502,30548.163631234336,0.0025640579713467324,0.002232969873596909,0.8708733962142343,0.03430668308799435,12597,376.36
54053,WV,6.188153310104529,25488,4,8.506617793153081e-4,27.8698207412931,25509.68166743119,0.0016998775377797136,0.0010925193463654686,0.6427047373026984,0.02678621884916539,9648,166.1
54055,WV,74.25783972125436,59530,4,8.506617793153081e-4,124.89773544389465,59580.63989572264,0.0016998775377797136,0.00209628053110019,1.2331950299421195,0.02678621884916539,22401,739.96
54057,WV,28.233449477351915,26957,4,8.506617793153081e-4,51.16473906235467,26979.931289585,0.0016998775377797136,0.0018963999023268703,1.1156097190411984,0.02678621884916539,10740,320.94
54059,WV,0,23466,4,8.506617793153081e-4,19.96162931341302,23485.961629313413,0.0016998775377797136,8.499387688898552e-4,0.49999999999999906,0.02678621884916539,8782,117.62
54061,WV,203.79340028694403,105988,3,0.0012836746938390434,339.8475137375566,106124.0541134506,0.0025640579713467324,0.0032023608273977814,1.2489424432614487,0.03430668308799435,45971,1969.72
54063,WV,0,12438,4,8.506617793153081e-4,10.580531211123802,12448.580531211124,0.0016998775377797136,8.499387688898552e-4,0.49999999999999906,0.02678621884916539,5002,66.99
54065,WV,7.597560975609756,17237,3,0.0012836746938390434,29.724261673313347,17259.126700697703,0.0025640579713467324,0.0017222343974166283,0.6716830963506066,0.03430668308799435,7277,167.69
54067,WV,39.44947735191637,24624,4,8.506617793153081e-4,60.39617300577652,24644.94669565386,0.0016998775377797136,0.0024506513952585415,1.4416634968066273,0.02678621884916539,9647,372.54
54069,WV,50.0545193687231,42224,3,0.0012836746938390434,104.25639964138287,42278.20188027266,0.0025640579713467324,0.002465961062786583,0.9617415403019824,0.03430668308799435,16332,538.86
54071,WV,4.254355400696864,6156,4,8.506617793153081e-4,9.4910293141619,6161.236673913465,0.0016998775377797136,0.0015404422547743864,0.9062077829361915,0.02678621884916539,2563,62.21
54073,WV,1.9337979094076654,7622,4,8.506617793153081e-4,8.417541991348944,7628.483744081941,0.0016998775377797136,0.0011034357906155522,0.6491266377087371,0.02678621884916539,3391,58.96
54075,WV,6.961672473867596,7940,4,8.506617793153081e-4,13.715927001631142,7946.754254527764,0.0016998775377797136,0.001725978501702921,1.015354614284332,0.02678621884916539,3461,94.13
54077,WV,38.881635581061694,34206,3,0.0012836746938390434,82.79101215852,34249.90937657746,0.0025640579713467324,0.002417262225375067,0.9427486634030496,0.03430668308799435,14883,481.35
54079,WV,73.29411764705883,57347,3,0.0012836746938390434,146.90901031464645,57420.61489266759,0.0025640579713467324,0.0025584715626827295,0.9978212627302382,0.03430668308799435,22008,753.38
54081,WV,33.07173601147776,74303,3,0.0012836746938390434,128.4526167878002,74398.38088077633,0.0025640579713467324,0.0017265512403239792,0.6733666943642208,0.03430668308799435,29418,679.58
54083,WV,6.961672473867596,28005,4,8.506617793153081e-4,30.784455603592797,28028.822783129726,0.0016998775377797136,0.0010983142546436755,0.6461137524519754,0.02678621884916539,12114,209.66
54085,WV,2.3205574912891986,8507,4,8.506617793153081e-4,9.557137247924524,8514.236579756634,0.0016998775377797136,0.0011224890403735645,0.6603352391135763,0.02678621884916539,3417,60.44
54087,WV,5.414634146341463,14027,4,8.506617793153081e-4,17.34686692479729,14038.932232778456,0.0016998775377797136,0.001235625803812585,0.7268910708864895,0.02678621884916539,5491,106.91
54089,WV,2.7073170731707314,11985,4,8.506617793153081e-4,12.902498498264698,11995.195181425093,0.0016998775377797136,0.001075638895667541,0.6327743450698697,0.02678621884916539,4638,78.61
54091,WV,17.40418118466899,16602,4,8.506617793153081e-4,31.526868044861736,16616.12268686019,0.0016998775377797136,0.0018973661087488697,1.1161781167054567,0.02678621884916539,6618,197.87
54093,WV,1.5470383275261324,6747,4,8.506617793153081e-4,7.286453352566516,6752.73941502504,0.0016998775377797136,0.0010790366553096876,0.6347731712009477,0.02678621884916539,2908,49.45
54095,WV,5.414634146341463,8336,4,8.506617793153081e-4,12.505750738713871,8343.091116592372,0.0016998775377797136,0.0014989349347801063,0.8817899533738958,0.02678621884916539,3372,79.65
54097,WV,3.8675958188153308,23875,4,8.506617793153081e-4,24.17714579996831,23895.309549981153,0.0016998775377797136,0.001011794626447406,0.5952161870254232,0.02678621884916539,9589,152.88
54099,WV,56.31133428981349,38933,3,0.0012836746938390434,106.28864114504896,38982.97730685524,0.0025640579713467324,0.0027265398511867353,1.0633690351995675,0.03430668308799435,15068,549.69
54101,WV,2.7073170731707314,8362,4,8.506617793153081e-4,9.820550871805338,8369.113233798635,0.0016998775377797136,0.0011734278886495499,0.6903014261734506,0.02678621884916539,3386,62.61
54103,WV,4.254355400696864,14431,4,8.506617793153081e-4,16.530255537996073,14443.2759001373,0.0016998775377797136,0.001144494895222415,0.6732807921665295,0.02678621884916539,5562,100.31
54105,WV,0,5202,3,0.0012836746938390434,6.677675757350704,5208.677675757351,0.0025640579713467324,0.0012820289856733664,0.5000000000000001,0.03430668308799435,2035,34.91
54107,WV,69.71879483500717,84272,3,0.0012836746938390434,177.89662863421103,84380.1778337992,0.0025640579713467324,0.002108275109168507,0.8222415923229565,0.03430668308799435,32274,910.4
54109,WV,0,21237,4,8.506617793153081e-4,18.065504207319197,21255.06550420732,0.0016998775377797136,8.499387688898552e-4,0.49999999999999906,0.02678621884916539,8463,113.35
55001,WI,9.847319347319347,20730,4,8.506617793153081e-4,27.481538032525684,20747.634218685205,0.0016998775377797136,0.0013245624895283706,0.7792105372828452,0.02678621884916539,9633,201.06
55003,WI,6.371794871794871,16041,4,8.506617793153081e-4,20.01726047379173,16054.645465601996,0.0016998775377797136,0.0012468204618208396,0.7334766382344036,0.02678621884916539,6346,124.68
55005,WI,15.63986013986014,46683,4,8.506617793153081e-4,55.35130398363667,46722.71144384378,0.0016998775377797136,0.0011846766224208462,0.696918805085339,0.02678621884916539,18549,346.27
55007,WI,12.453962703962704,16214,4,8.506617793153081e-4,26.24659279378111,16227.792630089818,0.0016998775377797136,0.0016173852718030352,0.951471641842844,0.02678621884916539,6853,174.66
55009,WI,390.414623272403,268393,3,0.0012836746938390434,734.9439253759454,268737.52930210356,0.0025640579713467324,0.0027348019730796583,1.0665913187771043,0.03430668308799435,102288,3742.84
55011,WI,4.054778554778554,13329,4,8.506617793153081e-4,15.393249411272295,13340.338470856494,0.0016998775377797136,0.001153887470314237,0.6788062343722603,0.02678621884916539,5463,99.33
55013,WI,7.2406759906759905,16561,4,8.506617793153081e-4,21.328485717916806,16575.08780972724,0.0016998775377797136,0.0012867796516528853,0.7569837373894628,0.02678621884916539,7053,143.01
55015,WI,11.278644672313865,52361,3,0.0012836746938390434,78.49313531642001,52428.2144906441,0.0025640579713467324,0.0014971544630883289,0.5839003953182741,0.03430668308799435,20349,407.62
55017,WI,46.41596076683014,66254,3,0.0012836746938390434,131.4645439324421,66339.04858316561,0.0025640579713467324,0.0019817068037632805,0.7728790947430955,0.03430668308799435,27288,723.54
55019,WI,6.951048951048951,34703,4,8.506617793153081e-4,36.47156467862809,34732.52051572758,0.0016998775377797136,0.0010500696216997278,0.6177325121145321,0.02678621884916539,12483,206.55
55021,WI,21.68970129291128,58272,3,0.0012836746938390434,96.49199305230002,58346.80229175939,0.0025640579713467324,0.0016537666035200708,0.6449801923360785,0.03430668308799435,23611,522.44
55023,WI,2.027389277389277,16123,4,8.506617793153081e-4,15.74260914528999,16136.715219867901,0.0016998775377797136,9.75577057089495e-4,0.5739101996510525,0.02678621884916539,6744,103.67
55025,WI,1015.5118145341061,559891,3,0.0012836746938390434,1734.2297225423417,560609.7179080083,0.0025640579713467324,0.0030934706751318134,1.2064745453110854,0.03430668308799435,223089,9233.68
55027,WI,29.831585081585082,89032,4,8.506617793153081e-4,105.5677046175856,89107.736119536,0.0016998775377797136,0.001184719859518919,0.6969442405047218,0.02678621884916539,37975,708.94
55029,WI,30.12121212121212,30038,4,8.506617793153081e-4,55.67339064828535,30063.552178527072,0.0016998775377797136,0.0018518567040141762,1.0894059500503603,0.02678621884916539,12302,358.99
55031,WI,55.09184128399465,44092,3,0.0012836746938390434,111.69162588474575,44148.59978460075,0.0025640579713467324,0.0025299018865758984,0.9866788952697142,0.03430668308799435,17904,606.04
55033,WI,28.962703962703962,45221,4,8.506617793153081e-4,67.43048028512152,45259.46777632242,0.0016998775377797136,0.0014898646316030678,0.876454096539829,0.02678621884916539,18379,431.48
55035,WI,131.87338386090056,105697,3,0.0012836746938390434,267.5539479756059,105832.68056411471,0.0025640579713467324,0.0025280843927365,0.9859700603448767,0.03430668308799435,41515,1404.26
55037,WI,0.2896270396270396,4574,4,8.506617793153081e-4,4.1805540182152585,4577.890926978588,0.0016998775377797136,9.132052477655748e-4,0.5372182568859362,0.02678621884916539,1961,28.22
55039,WI,78.0829246544806,104027,3,0.0012836746938390434,211.61975203047479,104160.536827376,0.0025640579713467324,0.0020316691760257502,0.792364758804048,0.03430668308799435,40534,1101.85
55041,WI,6.661421911421911,9239,4,8.506617793153081e-4,14.520686090516042,9246.859264179095,0.0016998775377797136,0.0015703370923754554,0.9237942483942362,0.02678621884916539,3748,92.74
55043,WI,21.142773892773892,51842,4,8.506617793153081e-4,65.24278185603809,51886.100007963265,0.0016998775377797136,0.0012574231219155978,0.7397139464281495,0.02678621884916539,21453,425.07
55045,WI,25.593847525635308,37066,3,0.0012836746938390434,73.17453372747329,37113.580686201836,0.0025640579713467324,0.0019716376694065055,0.7689520640482761,0.03430668308799435,14550,383.83
55047,WI,9.847319347319347,19093,4,8.506617793153081e-4,26.08900469978652,19109.241685352466,0.0016998775377797136,0.0013652558866207732,0.8031495541755291,0.02678621884916539,7561,162.66
55049,WI,8.675880517164511,23766,3,0.0012836746938390434,39.18369329094321,23796.50781277378,0.0025640579713467324,0.0016466152764612677,0.64219112627801,0.03430668308799435,9365,206.32
55051,WI,2.6066433566433567,6136,4,8.506617793153081e-4,7.826304034522087,6141.219660677879,0.0016998775377797136,0.0012743892039286224,0.749694713651643,0.02678621884916539,2656,53.34
55053,WI,6.371794871794871,20958,4,8.506617793153081e-4,24.1999644426851,20975.82816957089,0.0016998775377797136,0.0011537072218102636,0.6787001982020261,0.02678621884916539,8949,162.69
55055,WI,105.42424242424242,85932,4,8.506617793153081e-4,178.52331044436548,86005.09906802012,0.0016998775377797136,0.0020757293739429813,1.221105243060147,0.02678621884916539,34332,1122.96
55057,WI,11.585081585081586,26695,4,8.506617793153081e-4,34.29349778390373,26717.70841619882,0.0016998775377797136,0.0012835493691933453,0.7550834343454216,0.02678621884916539,11712,236.88
55059,WI,217.33080695497102,168693,3,0.0012836746938390434,433.87774208276073,168909.5469351278,0.0025640579713467324,0.0025686987500439977,1.0018099351688323,0.03430668308799435,64811,2227.47
55061,WI,9.977262594739187,20570,3,0.0012836746938390434,36.38245104700831,20596.40518845227,0.0025640579713467324,0.0017664466548466796,0.6889261766257494,0.03430668308799435,8305,196.29
55063,WI,124.93267944716897,120216,3,0.0012836746938390434,279.2509164417234,120370.31823699456,0.0025640579713467324,0.0023199316952200143,0.9047890964811164,0.03430668308799435,47011,1459.24
55065,WI,2.8962703962703964,16716,4,8.506617793153081e-4,17.115932699305088,16730.219662303036,0.0016998775377797136,0.001023054869857516,0.6018403368008344,0.02678621884916539,6430,103.66
55067,WI,4.923659673659674,19512,4,8.506617793153081e-4,21.521772311659966,19528.598112638,0.0016998775377797136,0.0011020643769473692,0.6483198656691617,0.02678621884916539,7911,137.38
55069,WI,22.88053613053613,28402,4,8.506617793153081e-4,47.041031986649514,28426.160495856115,0.0016998775377797136,0.0016548500102047557,0.9735113109184498,0.02678621884916539,11804,307.81
55071,WI,48.36771561771562,81242,4,8.506617793153081e-4,117.47717989284988,81311.10946427514,0.0016998775377797136,0.0014447863356785787,0.8499355415718235,0.02678621884916539,32283,734.97
55073,WI,133.17476593847525,137820,3,0.0012836746938390434,310.09081224337217,137996.9160463049,0.0025640579713467324,0.002247085088041541,0.8763784255865688,0.03430668308799435,53758,1616.27
55075,WI,23.45979020979021,41827,4,8.506617793153081e-4,59.040420453211595,41862.58063024342,0.0016998775377797136,0.001410338769477535,0.829670807533372,0.02678621884916539,17160,381.36
55077,WI,7.81993006993007,15619,4,8.506617793153081e-4,21.106416401055867,15632.286486331126,0.0016998775377797136,0.0013501810128359226,0.7942813425250943,0.02678621884916539,6479,137.85
55078,WI,0,4279,4,8.506617793153081e-4,3.6399817536902033,4282.63998175369,0.0016998775377797136,8.499387688898552e-4,0.49999999999999906,0.02678621884916539,1404,18.8
55079,WI,1569.2028985507247,933063,1,0.00247692321944086,3880.3283084518716,935374.1254099011,0.004941606459101834,0.00414842382640361,0.8394889112957834,0.065875644401241,341311,18875.14
55081,WI,28.962703962703962,46208,4,8.506617793153081e-4,68.27008346130572,46247.307379498605,0.0016998775377797136,0.0014761958550600892,0.8684130605009435,0.02678621884916539,17710,411.96
55083,WI,52.05528310298707,39048,3,0.0012836746938390434,102.18021254801403,39098.124929445024,0.0025640579713467324,0.00261342999779157,1.0192554251879513,0.03430668308799435,16087,562.52
55085,WI,18.825757575757574,37799,4,8.506617793153081e-4,50.979922172096906,37831.15416459634,0.0016998775377797136,0.0013475645482633894,0.7927421348384331,0.02678621884916539,15770,334.87
55087,WI,143.58582255907265,190611,3,0.0012836746938390434,388.26833962642655,190855.68251706735,0.0025640579713467324,0.0020343556686697314,0.7934125091568102,0.03430668308799435,73271,1994.39
55089,WI,85.08776978417266,91745,2,0.001316614162945478,205.88053616360554,91865.79276637944,0.002629765938810684,0.0022411011755722053,0.8522055679927724,0.03776920561073565,35596,1145.73
55091,WI,0.5792540792540792,7363,4,8.506617793153081e-4,6.842676760352693,7369.263422681099,0.0016998775377797136,9.285428363562526e-4,0.5462410177906487,0.02678621884916539,2941,43.03
55093,WI,29.88201438848921,42187,2,0.001316614162945478,85.4260160806701,42242.54400169218,0.002629765938810684,0.0020222744178771063,0.7689940720700349,0.03776920561073565,16555,480.83
55095,WI,13.902097902097902,45128,4,8.506617793153081e-4,52.290762679039126,45166.38866477694,0.0016998775377797136,0.001157736188897877,0.6810703495794458,0.02678621884916539,18280,333.49
55097,WI,43.44405594405594,70281,4,8.506617793153081e-4,103.2294164561151,70340.78536051206,0.0016998775377797136,0.001467561329135601,0.863333561694361,0.02678621884916539,28883,667.93
55099,WI,5.213286713286713,14066,4,8.506617793153081e-4,17.17869530113584,14077.965408587848,0.0016998775377797136,0.0012202541207166542,0.7178482529456109,0.02678621884916539,5957,114.54
55101,WI,266.3495318769505,197068,3,0.0012836746938390434,519.3207364424231,197320.97120456546,0.0025640579713467324,0.0026318577963212837,1.0264423916043288,0.03430668308799435,74843,2635.51
55103,WI,6.371794871794871,17256,4,8.506617793153081e-4,21.05081453565983,17270.679019663865,0.0016998775377797136,0.001218875905903411,0.717037479944255,0.02678621884916539,6801,130.62
55105,WI,280.66473473027196,163817,3,0.0012836746938390434,490.95247205090254,164027.28773732064,0.0025640579713467324,0.0029931146141801233,1.1673350008572683,0.03430668308799435,62298,2494.87
55107,WI,4.344405594405594,14179,4,8.506617793153081e-4,16.405938963317347,14191.061533368911,0.0016998775377797136,0.001156075528581168,0.6800934201949455,0.02678621884916539,5770,105.11
55109,WI,75.97122302158273,93752,2,0.001316614162945478,199.40643402604718,93875.43521100447,0.002629765938810684,0.002124159888876573,0.8077372428959315,0.03776920561073565,35725,1089.88
55111,WI,78.1993006993007,65664,4,8.506617793153081e-4,134.05715577626108,65719.85785507696,0.0016998775377797136,0.0020398272326133,1.1999848149517933,0.02678621884916539,25404,816.56
55113,WI,20.853146853146853,18057,4,8.506617793153081e-4,36.21354660224337,18072.360399749097,0.0016998775377797136,0.0020038083460722778,1.1787957082423373,0.02678621884916539,7715,243.6
55115,WI,17.087995337995338,40848,4,8.506617793153081e-4,51.835827699467046,40882.74783236147,0.0016998775377797136,0.0012679144736556936,0.7458857744021806,0.02678621884916539,16208,323.83
55117,WI,141.41685242978153,117741,3,0.0012836746938390434,292.5579945570843,117892.14114212731,0.0025640579713467324,0.00248157334087592,0.9678304346498496,0.03430668308799435,46838,1555.16
55119,WI,6.951048951048951,19979,4,8.506617793153081e-4,23.94642063998949,19995.99537168894,0.0016998775377797136,0.0011975608212979338,0.7044982916017125,0.02678621884916539,7858,148.29
55121,WI,9.268065268065268,30679,4,8.506617793153081e-4,35.3655179956796,30705.097452727616,0.0016998775377797136,0.0011517800277340592,0.677566472958076,0.02678621884916539,11677,211.93
55123,WI,28.63040570664289,30811,3,0.0012836746938390434,68.18170669851764,30850.551300991876,0.0025640579713467324,0.0022100644501716095,0.8619401257182991,0.03430668308799435,11484,339.59
55125,WI,11.585081585081586,23146,4,8.506617793153081e-4,31.274499129113707,23165.689417544032,0.0016998775377797136,0.001350035328775005,0.7941956398449425,0.02678621884916539,9941,211.48
55127,WI,42.285547785547784,105127,4,8.506617793153081e-4,131.7130686596282,105216.42752087409,0.0016998775377797136,0.0012518298878138338,0.7364235716938204,0.02678621884916539,42117,830.8
55129,WI,6.661421911421911,16685,4,8.506617793153081e-4,20.854713699297825,16699.193291787877,0.0016998775377797136,0.0012488455780407966,0.7346679688890824,0.02678621884916539,6831,134.43
55131,WI,150.9294964028777,136842,2,0.001316614162945478,331.0976116886628,137022.16811528578,0.002629765938810684,0.0024163798912456894,0.9188573992780897,0.03776920561073565,53856,1869.05
55133,WI,384.41438848920865,407290,2,0.001316614162945478,920.6581709152724,407826.24378242606,0.002629765938810684,0.0022574765232774977,0.8584324901167611,0.03776920561073565,158085,5125.48
55135,WI,32.438228438228435,51822,4,8.506617793153081e-4,76.52122316590633,51866.08299472768,0.0016998775377797136,0.0014753615223591285,0.8679222412022483,0.02678621884916539,21057,489.54
55137,WI,11.005827505827506,24672,4,8.506617793153081e-4,31.993354925094785,24692.987527419267,0.0016998775377797136,0.0012956453685310106,0.7621992406719552,0.02678621884916539,10860,221.72
55139,WI,239.45430227374052,171197,3,0.0012836746938390434,459.2155588349032,171416.76125656115,0.0025640579713467324,0.002678941986003287,1.0448055449371192,0.03430668308799435,69165,2479.14
55141,WI,29.831585081585082,74138,4,8.506617793153081e-4,92.8979480764634,74201.06636299488,0.0016998775377797136,0.001251975916653307,0.7365094771994982,0.02678621884916539,28819,568.55
56001,WY,34.56267409470752,37525,4,8.506617793153081e-4,66.48375736351446,37556.921083268804,0.0016998775377797136,0.001770213197618381,1.0413768982032294,0.02678621884916539,16745,467.09
56003,WY,4.713091922005571,11690,4,8.506617793153081e-4,14.657328122201523,11699.944236200196,0.0016998775377797136,0.001252769058236281,0.7369760646832118,0.02678621884916539,4469,88.22
56005,WY,30.89693593314763,46857,4,8.506617793153081e-4,70.75639492652502,46896.85945899338,0.0016998775377797136,0.0015087661677728,0.8875734482281984,0.02678621884916539,17782,422.76
56007,WY,2.8802228412256268,14609,4,8.506617793153081e-4,15.307540775242963,14621.427317934018,0.0016998775377797136,0.0010469252038388473,0.6158827212966667,0.02678621884916539,6084,100.37
56009,WY,18.328690807799443,13729,4,8.506617793153081e-4,30.00742637601931,13740.678735568219,0.0016998775377797136,0.0021838387283114376,1.2847035623306415,0.02678621884916539,5386,185.34
56011,WY,0,7258,4,8.506617793153081e-4,6.174103194270506,7264.17410319427,0.0016998775377797136,8.499387688898552e-4,0.49999999999999906,0.02678621884916539,2793,37.41
56013,WY,8.37883008356546,39402,4,8.506617793153081e-4,41.89660551214723,39435.51777542858,0.0016998775377797136,0.0010624078971330788,0.6249908440585299,0.02678621884916539,14908,249.58
56015,WY,21.47075208913649,12592,4,8.506617793153081e-4,32.18228521427485,12602.711533125139,0.0016998775377797136,0.0025536000827827005,1.5022259110018432,0.02678621884916539,5325,214.27
56017,WY,3.4038997214484676,4616,4,8.506617793153081e-4,7.33055449476793,4619.92665477332,0.0016998775377797136,0.0015867252972931903,0.933435063425618,0.02678621884916539,1814,45.36
56019,WY,5.236768802228412,8536,4,8.506617793153081e-4,12.498017750463882,8543.261248948236,0.0016998775377797136,0.0014629094658673253,0.8605969744021073,0.02678621884916539,3653,84.21
56021,WY,160.0666666666667,100316,3,0.0012836746938390434,288.8397772538242,100444.77311058716,0.0025640579713467324,0.0028756078420906868,1.1215065627320109,0.03430668308799435,39504,1519.92
56023,WY,6.022284122562674,19794,4,8.506617793153081e-4,22.860283382329882,19810.837999259766,0.0016998775377797136,0.0011539281368705382,0.6788301575993148,0.02678621884916539,7460,135.65
56025,WY,84.20740740740742,79506,3,0.0012836746938390434,186.2672476157744,79608.05984020837,0.0025640579713467324,0.0023398038840496235,0.9125393849112846,0.03430668308799435,30376,950.96
56027,WY,0,2460,4,8.506617793153081e-4,2.092627977115658,2462.0926279771156,0.0016998775377797136,8.499387688898552e-4,0.49999999999999906,0.02678621884916539,838,11.22
56029,WY,4.18941504178273,29878,4,8.506617793153081e-4,29.605487684165507,29903.416072642383,0.0016998775377797136,9.900369781247354e-4,0.5824166483297775,0.02678621884916539,11622,181.31
56031,WY,0,8618,4,8.506617793153081e-4,7.331003214139325,8625.33100321414,0.0016998775377797136,8.499387688898551e-4,0.499999999999999,0.02678621884916539,3498,46.85
56033,WY,6.807799442896935,31176,4,8.506617793153081e-4,33.32803107483098,31202.520231631934,0.0016998775377797136,0.001068119845045218,0.6283510554768182,0.02678621884916539,12248,206.15
56035,WY,3.6657381615598883,8801,4,8.506617793153081e-4,11.152412481313915,8808.486674319754,0.0016998775377797136,0.0012660985812497892,0.7448175254456845,0.02678621884916539,3610,72.02
56037,WY,11.782729805013927,42079,4,8.506617793153081e-4,47.577726816822775,42114.794997011806,0.0016998775377797136,0.0011297152656257398,0.6645862660796799,0.02678621884916539,16300,290.17
56039,WY,41.8941504178273,23346,4,8.506617793153081e-4,61.753700317722476,23365.859549899895,0.0016998775377797136,0.0026429030006724936,1.5547608236088042,0.02678621884916539,9979,415.59
56041,WY,39.79944289693593,20546,4,8.506617793153081e-4,57.27713981474825,20563.477696917813,0.0016998775377797136,0.0027853819601405907,1.6385780141425383,0.02678621884916539,7533,330.63
56043,WY,2.8802228412256268,7725,4,8.506617793153081e-4,9.451585086436381,7731.57136224521,0.0016998775377797136,0.001222466254737082,0.7191496019965062,0.02678621884916539,3054,58.83
56045,WY,0,6870,4,8.506617793153081e-4,5.844046423896167,6875.8440464238965,0.0016998775377797136,8.499387688898552e-4,0.49999999999999906,0.02678621884916539,2947,39.47
